# x energy force
0.0000000000000000e+00 4.5157205525130095e+01 -5.0846223783034645e+02
1.5707963267948967e-03 4.4364683412382959e+01 -5.0060825619637200e+02
3.1415926535897933e-03 4.3584498305137174e+01 -4.9275427456239754e+02
4.7123889803846897e-03 4.2816650203392754e+01 -4.8490029292842303e+02
6.2831853071795866e-03 4.2061139107149700e+01 -4.7704631129444857e+02
7.8539816339744835e-03 4.1317965016408010e+01 -4.6919232966047406e+02
9.4247779607693795e-03 4.0587127931167679e+01 -4.6133834802649960e+02
1.0995574287564277e-02 3.9868627851428705e+01 -4.5348436639252515e+02
1.2566370614359173e-02 3.9162464777191104e+01 -4.4563038475854950e+02
1.4137166941154069e-02 3.8468638708454861e+01 -4.3777640312457504e+02
1.5707963267948967e-02 3.7787149645219969e+01 -4.2992242149060166e+02
1.7278759594743863e-02 3.7117997587486443e+01 -4.2206843985662601e+02
1.8849555921538759e-02 3.6461182535254288e+01 -4.1421445822265269e+02
2.0420352248333655e-02 3.5816704488523484e+01 -4.0636047658867818e+02
2.1991148575128554e-02 3.5184563447294046e+01 -3.9850649495470253e+02
2.3561944901923450e-02 3.4564759411565966e+01 -3.9065251332072921e+02
2.5132741228718346e-02 3.3957292381339251e+01 -3.8279853168675476e+02
2.6703537555513242e-02 3.3362162356613901e+01 -3.7494455005278024e+02
2.8274333882308138e-02 3.2779369337389909e+01 -3.6709056841880579e+02
2.9845130209103038e-02 3.2208913323667275e+01 -3.5923658678483127e+02
3.1415926535897934e-02 3.1650794315446010e+01 -3.5138260515085682e+02
3.2986722862692830e-02 3.1105012312726103e+01 -3.4352862351688231e+02
3.4557519189487726e-02 3.0571567315507558e+01 -3.3567464188290785e+02
3.6128315516282622e-02 3.0050459323790378e+01 -3.2782066024893339e+02
3.7699111843077518e-02 2.9541688337574556e+01 -3.1996667861495888e+02
3.9269908169872414e-02 2.9045254356860095e+01 -3.1211269698098329e+02
4.0840704496667310e-02 2.8561157381647000e+01 -3.0425871534700877e+02
4.2411500823462213e-02 2.8089397411935263e+01 -2.9640473371303534e+02
4.3982297150257109e-02 2.7629974447724891e+01 -2.8855075207906094e+02
4.5553093477052005e-02 2.7182888489015877e+01 -2.8069677044508529e+02
4.7123889803846901e-02 2.6748139535808225e+01 -2.7284278881111197e+02
4.8694686130641797e-02 2.6325727588101934e+01 -2.6498880717713752e+02
5.0265482457436693e-02 2.5915652645897008e+01 -2.5713482554316187e+02
5.1836278784231589e-02 2.5517914709193441e+01 -2.4928084390918855e+02
5.3407075111026485e-02 2.5132513777991239e+01 -2.4142686227521406e+02
5.4977871437821381e-02 2.4759449852290395e+01 -2.3357288064123958e+02
5.6548667764616277e-02 2.4398722932090912e+01 -2.2571889900726509e+02
5.8119464091411173e-02 2.4050333017392795e+01 -2.1786491737329058e+02
5.9690260418206076e-02 2.3714280108196036e+01 -2.1001093573931607e+02
6.1261056745000972e-02 2.3390564204500638e+01 -2.0215695410534161e+02
6.2831853071795868e-02 2.3079185306306606e+01 -1.9430297247136713e+02
6.4402649398590764e-02 2.2780143413613935e+01 -1.8644899083739153e+02
6.5973445725385660e-02 2.2493438526422622e+01 -1.7859500920341819e+02
6.7544242052180556e-02 2.2219070644732675e+01 -1.7074102756944370e+02
6.9115038378975452e-02 2.1957039768544085e+01 -1.6288704593546808e+02
7.0685834705770348e-02 2.1707345897856861e+01 -1.5503306430149473e+02
7.2256631032565244e-02 2.1469989032670995e+01 -1.4717908266752025e+02
7.3827427359360140e-02 2.1244969172986494e+01 -1.3932510103354466e+02
7.5398223686155036e-02 2.1032286318803354e+01 -1.3147111939957131e+02
7.6969020012949932e-02 2.0831940470121573e+01 -1.2361713776559681e+02
7.8539816339744828e-02 2.0643931626941157e+01 -1.1576315613162119e+02
8.0110612666539724e-02 2.0468259789262103e+01 -1.0790917449764785e+02
8.1681408993334620e-02 2.0304924957084406e+01 -1.0005519286367337e+02
8.3252205320129516e-02 2.0153927130408075e+01 -9.2201211229698856e+01
8.4823001646924426e-02 2.0015266309233105e+01 -8.4347229595724315e+01
8.6393797973719322e-02 1.9888942493559494e+01 -7.6493247961749859e+01
8.7964594300514218e-02 1.9774955683387248e+01 -6.8639266327775374e+01
8.9535390627309114e-02 1.9673305878716363e+01 -6.0785284693800897e+01
9.1106186954104010e-02 1.9583993079546840e+01 -5.2931303059826419e+01
9.2676983280898906e-02 1.9507017285878678e+01 -4.5077321425850805e+01
9.4247779607693802e-02 1.9442378497711882e+01 -3.7223339791876327e+01
9.5818575934488698e-02 1.9390076715046444e+01 -2.9369358157902980e+01
9.7389372261283594e-02 1.9350111937882364e+01 -2.1515376523928499e+01
9.8960168588078490e-02 1.9322484166219649e+01 -1.3661394889952886e+01
1.0053096491487339e-01 1.9306488590706230e+01 -8.4622378303464405e+00
1.0210176124166828e-01 1.9293196138605857e+01 -8.4622378303464405e+00
1.0367255756846318e-01 1.9279903686505484e+01 -8.4622378303453072e+00
1.0524335389525807e-01 1.9266611234405111e+01 -8.4622378303464405e+00
1.0681415022205297e-01 1.9253318782304738e+01 -8.4622378303464405e+00
1.0838494654884787e-01 1.9240026330204365e+01 -8.4622378303464405e+00
1.0995574287564276e-01 1.9226733878103992e+01 -8.4622378303464405e+00
1.1152653920243766e-01 1.9213441426003619e+01 -8.4622378303464405e+00
1.1309733552923255e-01 1.9200148973903246e+01 -8.4622378303464405e+00
1.1466813185602745e-01 1.9186856521802873e+01 -8.4622378303464405e+00
1.1623892818282235e-01 1.9173564069702500e+01 -8.4622378303464032e+00
1.1780972450961726e-01 1.9160271617602127e+01 -8.4622378303464032e+00
1.1938052083641215e-01 1.9146979165501754e+01 -8.4622378303464405e+00
1.2095131716320705e-01 1.9133686713401381e+01 -8.4622378303453072e+00
1.2252211349000194e-01 1.9120394261301012e+01 -8.4622378303453072e+00
1.2409290981679684e-01 1.9107101809200639e+01 -8.4622378303464405e+00
1.2566370614359174e-01 1.9093809357100266e+01 -8.4622378303464760e+00
1.2723450247038662e-01 1.9080516904999893e+01 -8.4622378303453072e+00
1.2880529879718153e-01 1.9067224452899520e+01 -8.4622378303453072e+00
1.3037609512397641e-01 1.9053932000799147e+01 -8.4622378303464387e+00
1.3194689145077132e-01 1.9040639548698774e+01 -8.4622378303464387e+00
1.3351768777756620e-01 1.9027347096598401e+01 -8.4622378303464387e+00
1.3508848410436111e-01 1.9014054644498028e+01 -8.4622378303463641e+00
1.3665928043115602e-01 1.9000762192397655e+01 -8.4622378303464387e+00
1.3823007675795090e-01 1.8987469740297282e+01 -8.4622378303464387e+00
1.3980087308474581e-01 1.8974177288196909e+01 -8.4622378303464387e+00
1.4137166941154070e-01 1.8960884836096536e+01 -8.4622378303464387e+00
1.4294246573833561e-01 1.8947592383996163e+01 -8.4622378303464387e+00
1.4451326206513049e-01 1.8934299931895790e+01 -8.4622378303464387e+00
1.4608405839192540e-01 1.8921007479795417e+01 -8.4622378303453072e+00
1.4765485471872028e-01 1.8907715027695044e+01 -8.4622378303464405e+00
1.4922565104551519e-01 1.8894422575594671e+01 -8.4622378303464405e+00
1.5079644737231007e-01 1.8881130123494298e+01 -8.4622378303453072e+00
1.5236724369910498e-01 1.8867837671393925e+01 -8.4622378303464387e+00
1.5393804002589986e-01 1.8854545219293552e+01 -8.4622378303464387e+00
1.5550883635269477e-01 1.8841252767193179e+01 -8.4622378303453072e+00
1.5707963267948966e-01 1.8827960315092810e+01 -8.4622378303453072e+00
1.5865042900628457e-01 1.8814667862992437e+01 -8.4622378303464387e+00
1.6022122533307945e-01 1.8801375410892064e+01 -8.4622378303464387e+00
1.6179202165987436e-01 1.8788082958791691e+01 -8.4622378303464387e+00
1.6336281798666924e-01 1.8774790506691318e+01 -8.4622378303464387e+00
1.6493361431346415e-01 1.8761498054590945e+01 -8.4622378303464387e+00
1.6650441064025903e-01 1.8748205602490572e+01 -8.4622378303464387e+00
1.6807520696705394e-01 1.8734913150390199e+01 -8.4622378303463641e+00
1.6964600329384885e-01 1.8721620698289826e+01 -8.4622378303464387e+00
1.7121679962064373e-01 1.8708328246189453e+01 -8.4622378303453072e+00
1.7278759594743864e-01 1.8695035794089080e+01 -8.4622378303464387e+00
1.7435839227423353e-01 1.8681743341988707e+01 -8.4622378303464387e+00
1.7592918860102844e-01 1.8668450889888334e+01 -8.4622378303453072e+00
1.7749998492782332e-01 1.8655158437787961e+01 -8.4622378303464387e+00
1.7907078125461823e-01 1.8641865985687588e+01 -8.4622378303464387e+00
1.8064157758141311e-01 1.8628573533587215e+01 -8.4622378303453072e+00
1.8221237390820802e-01 1.8615281081486842e+01 -8.4622378303464387e+00
1.8378317023500290e-01 1.8601988629386469e+01 -8.4622378303464387e+00
1.8535396656179781e-01 1.8588696177286096e+01 -8.4622378303453072e+00
1.8692476288859269e-01 1.8575403725185723e+01 -8.4622378303464387e+00
1.8849555921538760e-01 1.8562111273085350e+01 -8.4622378303464387e+00
1.9006635554218249e-01 1.8548818820984977e+01 -8.4622378303464387e+00
1.9163715186897740e-01 1.8535526368884604e+01 -8.4622378303464387e+00
1.9320794819577228e-01 1.8522233916784231e+01 -8.4622378303464387e+00
1.9477874452256719e-01 1.8508941464683858e+01 -8.4622378303464387e+00
1.9634954084936207e-01 1.8495649012583485e+01 -8.4622378303464387e+00
1.9792033717615698e-01 1.8482356560483112e+01 -8.4622378303464387e+00
1.9949113350295186e-01 1.8469064108382739e+01 -8.4622378303453072e+00
2.0106192982974677e-01 1.8455771656282366e+01 -8.4622378303463659e+00
2.0263272615654168e-01 1.8442479204181993e+01 -8.4622378303464405e+00
2.0420352248333656e-01 1.8429186752081620e+01 -8.4622378303453072e+00
2.0577431881013147e-01 1.8415894299981247e+01 -8.4622378303464387e+00
2.0734511513692636e-01 1.8402601847880874e+01 -8.4622378303464387e+00
2.0891591146372127e-01 1.8389309395780501e+01 -8.4622378303453072e+00
2.1048670779051615e-01 1.8376016943680128e+01 -8.4622378303464405e+00
2.1205750411731106e-01 1.8362724491579755e+01 -8.4622378303464405e+00
2.1362830044410594e-01 1.8349432039479382e+01 -8.4622378303453072e+00
2.1519909677090085e-01 1.8336139587379009e+01 -8.4622378303464387e+00
2.1676989309769573e-01 1.8322847135278636e+01 -8.4622378303464387e+00
2.1834068942449064e-01 1.8309554683178263e+01 -8.4622378303464387e+00
2.1991148575128552e-01 1.8296262231077890e+01 -8.4622378303464387e+00
2.2148228207808043e-01 1.8282969778977517e+01 -8.4622378303464387e+00
2.2305307840487532e-01 1.8269677326877144e+01 -8.4622378303464387e+00
2.2462387473167023e-01 1.8256384874776771e+01 -8.4622378303464387e+00
2.2619467105846511e-01 1.8243092422676398e+01 -8.4622378303464387e+00
2.2776546738526002e-01 1.8229799970576025e+01 -8.4622378303453072e+00
2.2933626371205490e-01 1.8216507518475652e+01 -8.4622378303464405e+00
2.3090706003884981e-01 1.8203215066375279e+01 -8.4622378303464405e+00
2.3247785636564469e-01 1.8189922614274906e+01 -8.4622378303453072e+00
2.3404865269243960e-01 1.8176630162174533e+01 -8.4622378303463641e+00
2.3561944901923451e-01 1.8163337710074160e+01 -8.4622378303453072e+00
2.3719024534602939e-01 1.8150045257973790e+01 -8.4622378303453072e+00
2.3876104167282430e-01 1.8136752805873417e+01 -8.4622378303464387e+00
2.4033183799961919e-01 1.8123460353773044e+01 -8.4622378303464387e+00
2.4190263432641410e-01 1.8110167901672671e+01 -8.4622378303464387e+00
2.4347343065320898e-01 1.8096875449572298e+01 -8.4622378303464387e+00
2.4504422698000389e-01 1.8083582997471925e+01 -8.4622378303464387e+00
2.4661502330679877e-01 1.8070290545371552e+01 -8.4622378303464387e+00
2.4818581963359368e-01 1.8056998093271179e+01 -8.4622378303464387e+00
2.4975661596038856e-01 1.8043705641170806e+01 -8.4622378303464387e+00
2.5132741228718347e-01 1.8030413189070433e+01 -8.4622378303463641e+00
2.5289820861397838e-01 1.8017120736970060e+01 -8.4622378303465133e+00
2.5446900494077324e-01 1.8003828284869687e+01 -8.4622378303465133e+00
2.5603980126756815e-01 1.7990535832769314e+01 -8.4622378303452326e+00
2.5761059759436306e-01 1.7977243380668941e+01 -8.4622378303463659e+00
2.5918139392115797e-01 1.7963950928568568e+01 -8.4622378303465151e+00
2.6075219024795282e-01 1.7950658476468195e+01 -8.4622378303453836e+00
2.6232298657474773e-01 1.7937366024367822e+01 -8.4622378303463641e+00
2.6389378290154264e-01 1.7924073572267449e+01 -8.4622378303452326e+00
2.6546457922833755e-01 1.7910781120167076e+01 -8.4622378303453836e+00
2.6703537555513240e-01 1.7897488668066703e+01 -8.4622378303465133e+00
2.6860617188192731e-01 1.7884196215966330e+01 -8.4622378303463641e+00
2.7017696820872222e-01 1.7870903763865957e+01 -8.4622378303463641e+00
2.7174776453551713e-01 1.7857611311765584e+01 -8.4622378303463641e+00
2.7331856086231204e-01 1.7844318859665211e+01 -8.4622378303465133e+00
2.7488935718910690e-01 1.7831026407564838e+01 -8.4622378303465133e+00
2.7646015351590181e-01 1.7817733955464465e+01 -8.4622378303463641e+00
2.7803094984269672e-01 1.7804441503364092e+01 -8.4622378303463641e+00
2.7960174616949163e-01 1.7791149051263719e+01 -8.4622378303465133e+00
2.8117254249628648e-01 1.7777856599163346e+01 -8.4622378303453836e+00
2.8274333882308139e-01 1.7764564147062973e+01 -8.4622378303463659e+00
2.8431413514987630e-01 1.7751271694962600e+01 -8.4622378303463659e+00
2.8588493147667121e-01 1.7737979242862227e+01 -8.4622378303442538e+00
2.8745572780346607e-01 1.7724686790761858e+01 -8.4622378303465151e+00
2.8902652413026098e-01 1.7711394338661485e+01 -8.4622378303474957e+00
2.9059732045705589e-01 1.7698101886561112e+01 -8.4622378303452326e+00
2.9216811678385080e-01 1.7684809434460739e+01 -8.4622378303453836e+00
2.9373891311064565e-01 1.7671516982360366e+01 -8.4622378303465133e+00
2.9530970943744056e-01 1.7658224530259993e+01 -8.4622378303463641e+00
2.9688050576423547e-01 1.7644932078159620e+01 -8.4622378303463641e+00
2.9845130209103038e-01 1.7631639626059247e+01 -8.4622378303465133e+00
3.0002209841782523e-01 1.7618347173958874e+01 -8.4622378303465133e+00
3.0159289474462014e-01 1.7605054721858501e+01 -8.4622378303463641e+00
3.0316369107141505e-01 1.7591762269758128e+01 -8.4622378303463641e+00
3.0473448739820996e-01 1.7578469817657755e+01 -8.4622378303463641e+00
3.0630528372500487e-01 1.7565177365557382e+01 -8.4622378303465133e+00
3.0787608005179973e-01 1.7551884913457009e+01 -8.4622378303465133e+00
3.0944687637859464e-01 1.7538592461356636e+01 -8.4622378303452326e+00
3.1101767270538955e-01 1.7525300009256263e+01 -8.4622378303463659e+00
3.1258846903218446e-01 1.7512007557155890e+01 -8.4622378303465151e+00
3.1415926535897931e-01 1.7498715105055521e+01 -8.4622378303442538e+00
3.1573006168577422e-01 1.7485422652955148e+01 -8.4622378303463659e+00
3.1730085801256913e-01 1.7472130200854775e+01 -8.4622378303474957e+00
3.1887165433936404e-01 1.7458837748754402e+01 -8.4622378303453836e+00
3.2044245066615890e-01 1.7445545296654032e+01 -8.4622378303453836e+00
3.2201324699295381e-01 1.7432252844553659e+01 -8.4622378303463641e+00
3.2358404331974872e-01 1.7418960392453286e+01 -8.4622378303463641e+00
3.2515483964654363e-01 1.7405667940352913e+01 -8.4622378303465133e+00
3.2672563597333848e-01 1.7392375488252540e+01 -8.4622378303465133e+00
3.2829643230013339e-01 1.7379083036152167e+01 -8.4622378303463641e+00
3.2986722862692830e-01 1.7365790584051794e+01 -8.4622378303463641e+00
3.3143802495372321e-01 1.7352498131951421e+01 -8.4622378303465133e+00
3.3300882128051806e-01 1.7339205679851048e+01 -8.4622378303465133e+00
3.3457961760731297e-01 1.7325913227750675e+01 -8.4622378303463641e+00
3.3615041393410788e-01 1.7312620775650302e+01 -8.4622378303463641e+00
3.3772121026090279e-01 1.7299328323549929e+01 -8.4622378303452326e+00
3.3929200658769770e-01 1.7286035871449556e+01 -8.4622378303465151e+00
3.4086280291449256e-01 1.7272743419349183e+01 -8.4622378303465151e+00
3.4243359924128747e-01 1.7259450967248810e+01 -8.4622378303441028e+00
3.4400439556808238e-01 1.7246158515148437e+01 -8.4622378303463659e+00
3.4557519189487729e-01 1.7232866063048064e+01 -8.4622378303465151e+00
3.4714598822167214e-01 1.7219573610947691e+01 -8.4622378303453836e+00
3.4871678454846705e-01 1.7206281158847318e+01 -8.4622378303463641e+00
3.5028758087526196e-01 1.7192988706746945e+01 -8.4622378303463641e+00
3.5185837720205687e-01 1.7179696254646572e+01 -8.4622378303465133e+00
3.5342917352885173e-01 1.7166403802546199e+01 -8.4622378303465133e+00
3.5499996985564664e-01 1.7153111350445826e+01 -8.4622378303463641e+00
3.5657076618244155e-01 1.7139818898345453e+01 -8.4622378303463641e+00
3.5814156250923646e-01 1.7126526446245080e+01 -8.4622378303465133e+00
3.5971235883603131e-01 1.7113233994144707e+01 -8.4622378303465133e+00
3.6128315516282622e-01 1.7099941542044334e+01 -8.4622378303463641e+00
3.6285395148962113e-01 1.7086649089943961e+01 -8.4622378303452326e+00
3.6442474781641604e-01 1.7073356637843588e+01 -8.4622378303453836e+00
3.6599554414321089e-01 1.7060064185743215e+01 -8.4622378303465133e+00
3.6756634047000580e-01 1.7046771733642842e+01 -8.4622378303463641e+00
3.6913713679680071e-01 1.7033479281542469e+01 -8.4622378303463641e+00
3.7070793312359562e-01 1.7020186829442096e+01 -8.4622378303452326e+00
3.7227872945039053e-01 1.7006894377341723e+01 -8.4622378303453836e+00
3.7384952577718539e-01 1.6993601925241350e+01 -8.4622378303465133e+00
3.7542032210398030e-01 1.6980309473140977e+01 -8.4622378303463641e+00
3.7699111843077521e-01 1.6967017021040604e+01 -8.4622378303463641e+00
3.7856191475757012e-01 1.6953724568940231e+01 -8.4622378303465133e+00
3.8013271108436497e-01 1.6940432116839858e+01 -8.4622378303465133e+00
3.8170350741115988e-01 1.6927139664739485e+01 -8.4622378303463641e+00
3.8327430373795479e-01 1.6913847212639112e+01 -8.4622378303463641e+00
3.8484510006474970e-01 1.6900554760538739e+01 -8.4622378303465133e+00
3.8641589639154456e-01 1.6887262308438366e+01 -8.4622378303465133e+00
3.8798669271833947e-01 1.6873969856337993e+01 -8.4622378303463641e+00
3.8955748904513438e-01 1.6860677404237620e+01 -8.4622378303463641e+00
3.9112828537192929e-01 1.6847384952137247e+01 -8.4622378303453836e+00
3.9269908169872414e-01 1.6834092500036878e+01 -8.4622378303453836e+00
3.9426987802551905e-01 1.6820800047936505e+01 -8.4622378303463641e+00
3.9584067435231396e-01 1.6807507595836132e+01 -8.4622378303463641e+00
3.9741147067910887e-01 1.6794215143735759e+01 -8.4622378303465133e+00
3.9898226700590372e-01 1.6780922691635386e+01 -8.4622378303453836e+00
4.0055306333269863e-01 1.6767630239535013e+01 -8.4622378303452326e+00
4.0212385965949354e-01 1.6754337787434640e+01 -8.4622378303463641e+00
4.0369465598628845e-01 1.6741045335334267e+01 -8.4622378303463641e+00
4.0526545231308336e-01 1.6727752883233894e+01 -8.4622378303465133e+00
4.0683624863987822e-01 1.6714460431133521e+01 -8.4622378303465133e+00
4.0840704496667313e-01 1.6701167979033148e+01 -8.4622378303463641e+00
4.0997784129346804e-01 1.6687875526932775e+01 -8.4622378303463641e+00
4.1154863762026295e-01 1.6674583074832402e+01 -8.4622378303465133e+00
4.1311943394705780e-01 1.6661290622732029e+01 -8.4622378303465133e+00
4.1469023027385271e-01 1.6647998170631656e+01 -8.4622378303463641e+00
4.1626102660064762e-01 1.6634705718531283e+01 -8.4622378303463641e+00
4.1783182292744253e-01 1.6621413266430910e+01 -8.4622378303465133e+00
4.1940261925423739e-01 1.6608120814330537e+01 -8.4622378303453836e+00
4.2097341558103230e-01 1.6594828362230164e+01 -8.4622378303452326e+00
4.2254421190782721e-01 1.6581535910129791e+01 -8.4622378303463641e+00
4.2411500823462212e-01 1.6568243458029418e+01 -8.4622378303453836e+00
4.2568580456141697e-01 1.6554951005929045e+01 -8.4622378303465151e+00
4.2725660088821188e-01 1.6541658553828672e+01 -8.4622378303463659e+00
4.2882739721500679e-01 1.6528366101728299e+01 -8.4622378303452326e+00
4.3039819354180170e-01 1.6515073649627926e+01 -8.4622378303465133e+00
4.3196898986859655e-01 1.6501781197527553e+01 -8.4622378303465133e+00
4.3353978619539146e-01 1.6488488745427180e+01 -8.4622378303463641e+00
4.3511058252218637e-01 1.6475196293326807e+01 -8.4622378303463641e+00
4.3668137884898128e-01 1.6461903841226434e+01 -8.4622378303463641e+00
4.3825217517577619e-01 1.6448611389126061e+01 -8.4622378303465133e+00
4.3982297150257105e-01 1.6435318937025688e+01 -8.4622378303465133e+00
4.4139376782936596e-01 1.6422026484925315e+01 -8.4622378303463641e+00
4.4296456415616087e-01 1.6408734032824942e+01 -8.4622378303463641e+00
4.4453536048295578e-01 1.6395441580724569e+01 -8.4622378303465133e+00
4.4610615680975063e-01 1.6382149128624196e+01 -8.4622378303465133e+00
4.4767695313654554e-01 1.6368856676523823e+01 -8.4622378303452326e+00
4.4924774946334045e-01 1.6355564224423453e+01 -8.4622378303441028e+00
4.5081854579013536e-01 1.6342271772323080e+01 -8.4622378303465151e+00
4.5238934211693022e-01 1.6328979320222707e+01 -8.4622378303465151e+00
4.5396013844372513e-01 1.6315686868122334e+01 -8.4622378303463659e+00
4.5553093477052004e-01 1.6302394416021961e+01 -8.4622378303463659e+00
4.5710173109731495e-01 1.6289101963921588e+01 -8.4622378303453836e+00
4.5867252742410980e-01 1.6275809511821215e+01 -8.4622378303465133e+00
4.6024332375090471e-01 1.6262517059720842e+01 -8.4622378303463641e+00
4.6181412007769962e-01 1.6249224607620469e+01 -8.4622378303463641e+00
4.6338491640449453e-01 1.6235932155520096e+01 -8.4622378303465133e+00
4.6495571273128938e-01 1.6222639703419723e+01 -8.4622378303465133e+00
4.6652650905808429e-01 1.6209347251319350e+01 -8.4622378303463641e+00
4.6809730538487920e-01 1.6196054799218977e+01 -8.4622378303463641e+00
4.6966810171167411e-01 1.6182762347118604e+01 -8.4622378303463641e+00
4.7123889803846902e-01 1.6169469895018231e+01 -8.4622378303453836e+00
4.7280969436526388e-01 1.6156177442917862e+01 -8.4622378303453836e+00
4.7438049069205879e-01 1.6142884990817489e+01 -8.4622378303474957e+00
4.7595128701885370e-01 1.6129592538717116e+01 -8.4622378303463659e+00
4.7752208334564861e-01 1.6116300086616743e+01 -8.4622378303442538e+00
4.7909287967244346e-01 1.6103007634516374e+01 -8.4622378303465151e+00
4.8066367599923837e-01 1.6089715182416001e+01 -8.4622378303463659e+00
4.8223447232603328e-01 1.6076422730315628e+01 -8.4622378303452326e+00
4.8380526865282819e-01 1.6063130278215255e+01 -8.4622378303465133e+00
4.8537606497962305e-01 1.6049837826114882e+01 -8.4622378303465133e+00
4.8694686130641796e-01 1.6036545374014509e+01 -8.4622378303463641e+00
4.8851765763321287e-01 1.6023252921914136e+01 -8.4622378303463641e+00
4.9008845396000777e-01 1.6009960469813763e+01 -8.4622378303465133e+00
4.9165925028680263e-01 1.5996668017713390e+01 -8.4622378303453836e+00
4.9323004661359754e-01 1.5983375565613017e+01 -8.4622378303463659e+00
4.9480084294039245e-01 1.5970083113512644e+01 -8.4622378303463659e+00
4.9637163926718736e-01 1.5956790661412271e+01 -8.4622378303453836e+00
4.9794243559398221e-01 1.5943498209311899e+01 -8.4622378303465133e+00
4.9951323192077712e-01 1.5930205757211526e+01 -8.4622378303457975e+00
5.0108402824757203e-01 1.5916913305111155e+01 -8.4622378303457975e+00
5.0265482457436694e-01 1.5903620853010782e+01 -8.4622378303469290e+00
5.0422562090116185e-01 1.5890328400910409e+01 -8.4622378303463659e+00
5.0579641722795676e-01 1.5877035948810038e+01 -8.4622378303452344e+00
5.0736721355475167e-01 1.5863743496709667e+01 -8.4622378303460994e+00
5.0893800988154647e-01 1.5850451044609295e+01 -8.4622378303466625e+00
5.1050880620834138e-01 1.5837158592508922e+01 -8.4622378303463641e+00
5.1207960253513629e-01 1.5823866140408549e+01 -8.4622378303463641e+00
5.1365039886193120e-01 1.5810573688308176e+01 -8.4622378303457975e+00
5.1522119518872611e-01 1.5797281236207805e+01 -8.4622378303457975e+00
5.1679199151552102e-01 1.5783988784107432e+01 -8.4622378303469290e+00
5.1836278784231593e-01 1.5770696332007059e+01 -8.4622378303463659e+00
5.1993358416911084e-01 1.5757403879906686e+01 -8.4622378303455328e+00
5.2150438049590564e-01 1.5744111427806315e+01 -8.4622378303460994e+00
5.2307517682270055e-01 1.5730818975705942e+01 -8.4622378303463641e+00
5.2464597314949546e-01 1.5717526523605569e+01 -8.4622378303463641e+00
5.2621676947629037e-01 1.5704234071505196e+01 -8.4622378303463641e+00
5.2778756580308528e-01 1.5690941619404823e+01 -8.4622378303457975e+00
5.2935836212988019e-01 1.5677649167304452e+01 -8.4622378303457975e+00
5.3092915845667510e-01 1.5664356715204079e+01 -8.4622378303469290e+00
5.3249995478347001e-01 1.5651064263103706e+01 -8.4622378303466643e+00
5.3407075111026481e-01 1.5637771811003335e+01 -8.4622378303455328e+00
5.3564154743705972e-01 1.5624479358902963e+01 -8.4622378303452344e+00
5.3721234376385463e-01 1.5611186906802592e+01 -8.4622378303463659e+00
5.3878314009064954e-01 1.5597894454702219e+01 -8.4622378303469290e+00
5.4035393641744445e-01 1.5584602002601846e+01 -8.4622378303463641e+00
5.4192473274423936e-01 1.5571309550501473e+01 -8.4622378303457975e+00
5.4349552907103427e-01 1.5558017098401102e+01 -8.4622378303457975e+00
5.4506632539782918e-01 1.5544724646300729e+01 -8.4622378303469290e+00
5.4663712172462409e-01 1.5531432194200356e+01 -8.4622378303466643e+00
5.4820791805141889e-01 1.5518139742099985e+01 -8.4622378303455328e+00
5.4977871437821380e-01 1.5504847289999613e+01 -8.4622378303452344e+00
5.5134951070500871e-01 1.5491554837899240e+01 -8.4622378303463659e+00
5.5292030703180362e-01 1.5478262385798867e+01 -8.4622378303469290e+00
5.5449110335859852e-01 1.5464969933698494e+01 -8.4622378303457975e+00
5.5606189968539343e-01 1.5451677481598123e+01 -8.4622378303457975e+00
5.5763269601218834e-01 1.5438385029497750e+01 -8.4622378303463641e+00
5.5920349233898325e-01 1.5425092577397377e+01 -8.4622378303460994e+00
5.6077428866577805e-01 1.5411800125297006e+01 -8.4622378303466643e+00
5.6234508499257296e-01 1.5398507673196633e+01 -8.4622378303463659e+00
5.6391588131936787e-01 1.5385215221096260e+01 -8.4622378303452344e+00
5.6548667764616278e-01 1.5371922768995887e+01 -8.4622378303463659e+00
5.6705747397295769e-01 1.5358630316895514e+01 -8.4622378303469290e+00
5.6862827029975260e-01 1.5345337864795141e+01 -8.4622378303457975e+00
5.7019906662654751e-01 1.5332045412694770e+01 -8.4622378303457975e+00
5.7176986295334242e-01 1.5318752960594397e+01 -8.4622378303463641e+00
5.7334065928013733e-01 1.5305460508494024e+01 -8.4622378303460994e+00
5.7491145560693213e-01 1.5292168056393653e+01 -8.4622378303466643e+00
5.7648225193372704e-01 1.5278875604293280e+01 -8.4622378303463659e+00
5.7805304826052195e-01 1.5265583152192907e+01 -8.4622378303452344e+00
5.7962384458731686e-01 1.5252290700092534e+01 -8.4622378303463659e+00
5.8119464091411177e-01 1.5238998247992161e+01 -8.4622378303469290e+00
5.8276543724090668e-01 1.5225705795891788e+01 -8.4622378303457975e+00
5.8433623356770159e-01 1.5212413343791416e+01 -8.4622378303457975e+00
5.8590702989449650e-01 1.5199120891691043e+01 -8.4622378303460994e+00
5.8747782622129130e-01 1.5185828439590672e+01 -8.4622378303460994e+00
5.8904862254808621e-01 1.5172535987490299e+01 -8.4622378303469290e+00
5.9061941887488112e-01 1.5159243535389926e+01 -8.4622378303463659e+00
5.9219021520167603e-01 1.5145951083289553e+01 -8.4622378303452344e+00
5.9376101152847094e-01 1.5132658631189182e+01 -8.4622378303463659e+00
5.9533180785526585e-01 1.5119366179088809e+01 -8.4622378303469290e+00
5.9690260418206076e-01 1.5106073726988436e+01 -8.4622378303457975e+00
5.9847340050885567e-01 1.5092781274888063e+01 -8.4622378303460994e+00
6.0004419683565047e-01 1.5079488822787692e+01 -8.4622378303460994e+00
6.0161499316244538e-01 1.5066196370687319e+01 -8.4622378303457975e+00
6.0318578948924029e-01 1.5052903918586946e+01 -8.4622378303469290e+00
6.0475658581603520e-01 1.5039611466486573e+01 -8.4622378303463659e+00
6.0632738214283011e-01 1.5026319014386200e+01 -8.4622378303452344e+00
6.0789817846962502e-01 1.5013026562285829e+01 -8.4622378303463659e+00
6.0946897479641993e-01 1.4999734110185456e+01 -8.4622378303469290e+00
6.1103977112321484e-01 1.4986441658085083e+01 -8.4622378303457975e+00
6.1261056745000975e-01 1.4973149205984710e+01 -8.4622378303460994e+00
6.1418136377680455e-01 1.4959856753884338e+01 -8.4622378303460994e+00
6.1575216010359946e-01 1.4946564301783965e+01 -8.4622378303457975e+00
6.1732295643039437e-01 1.4933271849683592e+01 -8.4622378303469290e+00
6.1889375275718927e-01 1.4919979397583219e+01 -8.4622378303463659e+00
6.2046454908398418e-01 1.4906686945482846e+01 -8.4622378303452344e+00
6.2203534541077909e-01 1.4893394493382473e+01 -8.4622378303463659e+00
6.2360614173757400e-01 1.4880102041282100e+01 -8.4622378303469290e+00
6.2517693806436891e-01 1.4866809589181727e+01 -8.4622378303460994e+00
6.2674773439116371e-01 1.4853517137081356e+01 -8.4622378303460994e+00
6.2831853071795862e-01 1.4840224684980983e+01 -8.4622378303457975e+00
6.2988932704475353e-01 1.4826932232880612e+01 -8.4622378303457975e+00
6.3146012337154844e-01 1.4813639780780239e+01 -8.4622378303469290e+00
6.3303091969834335e-01 1.4800347328679866e+01 -8.4622378303463659e+00
6.3460171602513826e-01 1.4787054876579493e+01 -8.4622378303452344e+00
6.3617251235193317e-01 1.4773762424479120e+01 -8.4622378303463659e+00
6.3774330867872808e-01 1.4760469972378747e+01 -8.4622378303469290e+00
6.3931410500552299e-01 1.4747177520278374e+01 -8.4622378303460994e+00
6.4088490133231779e-01 1.4733885068178003e+01 -8.4622378303455328e+00
6.4245569765911270e-01 1.4720592616077631e+01 -8.4622378303457975e+00
6.4402649398590761e-01 1.4707300163977258e+01 -8.4622378303463641e+00
6.4559729031270252e-01 1.4694007711876885e+01 -8.4622378303469290e+00
6.4716808663949743e-01 1.4680715259776512e+01 -8.4622378303463659e+00
6.4873888296629234e-01 1.4667422807676139e+01 -8.4622378303452344e+00
6.5030967929308725e-01 1.4654130355575768e+01 -8.4622378303457975e+00
6.5188047561988216e-01 1.4640837903475395e+01 -8.4622378303466625e+00
6.5345127194667696e-01 1.4627545451375022e+01 -8.4622378303466625e+00
6.5502206827347187e-01 1.4614252999274649e+01 -8.4622378303457975e+00
6.5659286460026678e-01 1.4600960547174278e+01 -8.4622378303457975e+00
6.5816366092706169e-01 1.4587668095073905e+01 -8.4622378303463641e+00
6.5973445725385660e-01 1.4574375642973532e+01 -8.4622378303463641e+00
6.6130525358065151e-01 1.4561083190873159e+01 -8.4622378303463641e+00
6.6287604990744642e-01 1.4547790738772786e+01 -8.4622378303457975e+00
6.6444684623424133e-01 1.4534498286672415e+01 -8.4622378303455328e+00
6.6601764256103613e-01 1.4521205834572044e+01 -8.4622378303466643e+00
6.6758843888783104e-01 1.4507913382471671e+01 -8.4622378303469290e+00
6.6915923521462595e-01 1.4494620930371298e+01 -8.4622378303457975e+00
6.7073003154142086e-01 1.4481328478270926e+01 -8.4622378303457975e+00
6.7230082786821577e-01 1.4468036026170553e+01 -8.4622378303463641e+00
6.7387162419501068e-01 1.4454743574070180e+01 -8.4622378303463641e+00
6.7544242052180559e-01 1.4441451121969807e+01 -8.4622378303463641e+00
6.7701321684860050e-01 1.4428158669869434e+01 -8.4622378303457975e+00
6.7858401317539541e-01 1.4414866217769063e+01 -8.4622378303455328e+00
6.8015480950219021e-01 1.4401573765668692e+01 -8.4622378303466643e+00
6.8172560582898512e-01 1.4388281313568319e+01 -8.4622378303469290e+00
6.8329640215578002e-01 1.4374988861467946e+01 -8.4622378303457975e+00
6.8486719848257493e-01 1.4361696409367575e+01 -8.4622378303457975e+00
6.8643799480936984e-01 1.4348403957267202e+01 -8.4622378303463641e+00
6.8800879113616475e-01 1.4335111505166829e+01 -8.4622378303463641e+00
6.8957958746295966e-01 1.4321819053066456e+01 -8.4622378303463641e+00
6.9115038378975457e-01 1.4308526600966083e+01 -8.4622378303460994e+00
6.9272118011654937e-01 1.4295234148865712e+01 -8.4622378303455328e+00
6.9429197644334428e-01 1.4281941696765339e+01 -8.4622378303463659e+00
6.9586277277013919e-01 1.4268649244664966e+01 -8.4622378303469290e+00
6.9743356909693410e-01 1.4255356792564593e+01 -8.4622378303457975e+00
6.9900436542372901e-01 1.4242064340464221e+01 -8.4622378303457975e+00
7.0057516175052392e-01 1.4228771888363848e+01 -8.4622378303463641e+00
7.0214595807731883e-01 1.4215479436263475e+01 -8.4622378303463641e+00
7.0371675440411374e-01 1.4202186984163102e+01 -8.4622378303463641e+00
7.0528755073090865e-01 1.4188894532062729e+01 -8.4622378303460994e+00
7.0685834705770345e-01 1.4175602079962358e+01 -8.4622378303455328e+00
7.0842914338449836e-01 1.4162309627861985e+01 -8.4622378303463659e+00
7.0999993971129327e-01 1.4149017175761612e+01 -8.4622378303469290e+00
7.1157073603808818e-01 1.4135724723661239e+01 -8.4622378303457975e+00
7.1314153236488309e-01 1.4122432271560868e+01 -8.4622378303457975e+00
7.1471232869167800e-01 1.4109139819460495e+01 -8.4622378303463641e+00
7.1628312501847291e-01 1.4095847367360122e+01 -8.4622378303463641e+00
7.1785392134526782e-01 1.4082554915259749e+01 -8.4622378303460994e+00
7.1942471767206262e-01 1.4069262463159378e+01 -8.4622378303460994e+00
7.2099551399885753e-01 1.4055970011059005e+01 -8.4622378303463641e+00
7.2256631032565244e-01 1.4042677558958632e+01 -8.4622378303463641e+00
7.2413710665244735e-01 1.4029385106858259e+01 -8.4622378303457975e+00
7.2570790297924226e-01 1.4016092654757887e+01 -8.4622378303457975e+00
7.2727869930603717e-01 1.4002800202657514e+01 -8.4622378303463641e+00
7.2884949563283208e-01 1.3989507750557141e+01 -8.4622378303463641e+00
7.3042029195962699e-01 1.3976215298456768e+01 -8.4622378303460994e+00
7.3199108828642179e-01 1.3962922846356397e+01 -8.4622378303460994e+00
7.3356188461321670e-01 1.3949630394256024e+01 -8.4622378303463641e+00
7.3513268094001161e-01 1.3936337942155651e+01 -8.4622378303463641e+00
7.3670347726680652e-01 1.3923045490055278e+01 -8.4622378303457975e+00
7.3827427359360143e-01 1.3909753037954907e+01 -8.4622378303457975e+00
7.3984506992039634e-01 1.3896460585854534e+01 -8.4622378303463641e+00
7.4141586624719125e-01 1.3883168133754161e+01 -8.4622378303463641e+00
7.4298666257398616e-01 1.3869875681653788e+01 -8.4622378303463641e+00
7.4455745890078107e-01 1.3856583229553415e+01 -8.4622378303460994e+00
7.4612825522757587e-01 1.3843290777453044e+01 -8.4622378303460994e+00
7.4769905155437077e-01 1.3829998325352671e+01 -8.4622378303463641e+00
7.4926984788116568e-01 1.3816705873252298e+01 -8.4622378303463641e+00
7.5084064420796059e-01 1.3803413421151925e+01 -8.4622378303457975e+00
7.5241144053475550e-01 1.3790120969051554e+01 -8.4622378303457975e+00
7.5398223686155041e-01 1.3776828516951181e+01 -8.4622378303463641e+00
7.5555303318834532e-01 1.3763536064850808e+01 -8.4622378303463641e+00
7.5712382951514023e-01 1.3750243612750435e+01 -8.4622378303460994e+00
7.5869462584193503e-01 1.3736951160650063e+01 -8.4622378303460994e+00
7.6026542216872994e-01 1.3723658708549690e+01 -8.4622378303463641e+00
7.6183621849552485e-01 1.3710366256449317e+01 -8.4622378303463641e+00
7.6340701482231976e-01 1.3697073804348944e+01 -8.4622378303463641e+00
7.6497781114911467e-01 1.3683781352248571e+01 -8.4622378303457975e+00
7.6654860747590958e-01 1.3670488900148200e+01 -8.4622378303457975e+00
7.6811940380270449e-01 1.3657196448047827e+01 -8.4622378303463641e+00
7.6969020012949940e-01 1.3643903995947454e+01 -8.4622378303463641e+00
7.7126099645629431e-01 1.3630611543847081e+01 -8.4622378303460994e+00
7.7283179278308911e-01 1.3617319091746710e+01 -8.4622378303460994e+00
7.7440258910988402e-01 1.3604026639646337e+01 -8.4622378303463641e+00
7.7597338543667893e-01 1.3590734187545964e+01 -8.4622378303463641e+00
7.7754418176347384e-01 1.3577441735445591e+01 -8.4622378303463641e+00
7.7911497809026875e-01 1.3564149283345218e+01 -8.4622378303463641e+00
7.8068577441706366e-01 1.3550856831244845e+01 -8.4622378303457975e+00
7.8225657074385857e-01 1.3537564379144474e+01 -8.4622378303457975e+00
7.8382736707065348e-01 1.3524271927044101e+01 -8.4622378303460994e+00
7.8539816339744828e-01 1.3510979474943730e+01 -8.4622378303460994e+00
7.8696895972424319e-01 1.3497687022843357e+01 -8.4622378303463641e+00
7.8853975605103810e-01 1.3484394570742984e+01 -8.4622378303463641e+00
7.9011055237783301e-01 1.3471102118642611e+01 -8.4622378303463641e+00
7.9168134870462792e-01 1.3457809666542238e+01 -8.4622378303463641e+00
7.9325214503142283e-01 1.3444517214441865e+01 -8.4622378303463641e+00
7.9482294135821774e-01 1.3431224762341492e+01 -8.4622378303457975e+00
7.9639373768501265e-01 1.3417932310241120e+01 -8.4622378303455328e+00
7.9796453401180745e-01 1.3404639858140749e+01 -8.4622378303460994e+00
7.9953533033860236e-01 1.3391347406040376e+01 -8.4622378303463641e+00
8.0110612666539727e-01 1.3378054953940003e+01 -8.4622378303463641e+00
8.0267692299219218e-01 1.3364762501839630e+01 -8.4622378303463641e+00
8.0424771931898709e-01 1.3351470049739257e+01 -8.4622378303463641e+00
8.0581851564578200e-01 1.3338177597638884e+01 -8.4622378303463641e+00
8.0738931197257691e-01 1.3324885145538511e+01 -8.4622378303457975e+00
8.0896010829937182e-01 1.3311592693438140e+01 -8.4622378303457975e+00
8.1053090462616673e-01 1.3298300241337767e+01 -8.4622378303460994e+00
8.1210170095296152e-01 1.3285007789237396e+01 -8.4622378303460994e+00
8.1367249727975643e-01 1.3271715337137023e+01 -8.4622378303463641e+00
8.1524329360655134e-01 1.3258422885036650e+01 -8.4622378303463641e+00
8.1681408993334625e-01 1.3245130432936277e+01 -8.4622378303463641e+00
8.1838488626014116e-01 1.3231837980835904e+01 -8.4622378303463641e+00
8.1995568258693607e-01 1.3218545528735531e+01 -8.4622378303463641e+00
8.2152647891373098e-01 1.3205253076635158e+01 -8.4622378303457975e+00
8.2309727524052589e-01 1.3191960624534786e+01 -8.4622378303455328e+00
8.2466807156732069e-01 1.3178668172434415e+01 -8.4622378303460994e+00
8.2623886789411560e-01 1.3165375720334042e+01 -8.4622378303463641e+00
8.2780966422091051e-01 1.3152083268233669e+01 -8.4622378303463641e+00
8.2938046054770542e-01 1.3138790816133296e+01 -8.4622378303463641e+00
8.3095125687450033e-01 1.3125498364032923e+01 -8.4622378303463641e+00
8.3252205320129524e-01 1.3112205911932550e+01 -8.4622378303463641e+00
8.3409284952809015e-01 1.3098913459832177e+01 -8.4622378303463641e+00
8.3566364585488506e-01 1.3085621007731804e+01 -8.4622378303455328e+00
8.3723444218167986e-01 1.3072328555631433e+01 -8.4622378303455328e+00
8.3880523850847477e-01 1.3059036103531060e+01 -8.4622378303463641e+00
8.4037603483526968e-01 1.3045743651430687e+01 -8.4622378303463641e+00
8.4194683116206459e-01 1.3032451199330314e+01 -8.4622378303463641e+00
8.4351762748885950e-01 1.3019158747229941e+01 -8.4622378303463641e+00
8.4508842381565441e-01 1.3005866295129568e+01 -8.4622378303463641e+00
8.4665922014244932e-01 1.2992573843029195e+01 -8.4622378303463641e+00
8.4823001646924423e-01 1.2979281390928822e+01 -8.4622378303463641e+00
8.4980081279603914e-01 1.2965988938828449e+01 -8.4622378303455328e+00
8.5137160912283394e-01 1.2952696486728078e+01 -8.4622378303455328e+00
8.5294240544962885e-01 1.2939404034627705e+01 -8.4622378303463641e+00
8.5451320177642376e-01 1.2926111582527332e+01 -8.4622378303463641e+00
8.5608399810321867e-01 1.2912819130426959e+01 -8.4622378303463641e+00
8.5765479443001358e-01 1.2899526678326586e+01 -8.4622378303463641e+00
8.5922559075680849e-01 1.2886234226226213e+01 -8.4622378303463641e+00
8.6079638708360340e-01 1.2872941774125840e+01 -8.4622378303463641e+00
8.6236718341039831e-01 1.2859649322025467e+01 -8.4622378303455328e+00
8.6393797973719311e-01 1.2846356869925096e+01 -8.4622378303455328e+00
8.6550877606398802e-01 1.2833064417824723e+01 -8.4622378303463641e+00
8.6707957239078293e-01 1.2819771965724350e+01 -8.4622378303463641e+00
8.6865036871757784e-01 1.2806479513623977e+01 -8.4622378303463641e+00
8.7022116504437275e-01 1.2793187061523604e+01 -8.4622378303463641e+00
8.7179196137116766e-01 1.2779894609423231e+01 -8.4622378303463641e+00
8.7336275769796257e-01 1.2766602157322858e+01 -8.4622378303463641e+00
8.7493355402475748e-01 1.2753309705222485e+01 -8.4622378303463641e+00
8.7650435035155239e-01 1.2740017253122112e+01 -8.4622378303455328e+00
8.7807514667834718e-01 1.2726724801021740e+01 -8.4622378303455328e+00
8.7964594300514209e-01 1.2713432348921367e+01 -8.4622378303463641e+00
8.8121673933193700e-01 1.2700139896820994e+01 -8.4622378303463641e+00
8.8278753565873191e-01 1.2686847444720621e+01 -8.4622378303463641e+00
8.8435833198552682e-01 1.2673554992620248e+01 -8.4622378303463641e+00
8.8592912831232173e-01 1.2660262540519875e+01 -8.4622378303463641e+00
8.8749992463911664e-01 1.2646970088419502e+01 -8.4622378303463641e+00
8.8907072096591155e-01 1.2633677636319129e+01 -8.4622378303460994e+00
8.9064151729270635e-01 1.2620385184218758e+01 -8.4622378303455328e+00
8.9221231361950126e-01 1.2607092732118387e+01 -8.4622378303457975e+00
8.9378310994629617e-01 1.2593800280018014e+01 -8.4622378303463641e+00
8.9535390627309108e-01 1.2580507827917641e+01 -8.4622378303463641e+00
8.9692470259988599e-01 1.2567215375817268e+01 -8.4622378303463641e+00
8.9849549892668090e-01 1.2553922923716895e+01 -8.4622378303463641e+00
9.0006629525347581e-01 1.2540630471616522e+01 -8.4622378303463641e+00
9.0163709158027072e-01 1.2527338019516149e+01 -8.4622378303460994e+00
9.0320788790706552e-01 1.2514045567415778e+01 -8.4622378303455328e+00
9.0477868423386043e-01 1.2500753115315407e+01 -8.4622378303457975e+00
9.0634948056065534e-01 1.2487460663215034e+01 -8.4622378303463641e+00
9.0792027688745025e-01 1.2474168211114661e+01 -8.4622378303463641e+00
9.0949107321424516e-01 1.2460875759014288e+01 -8.4622378303463641e+00
9.1106186954104007e-01 1.2447583306913915e+01 -8.4622378303463641e+00
9.1263266586783498e-01 1.2434290854813542e+01 -8.4622378303463641e+00
9.1420346219462989e-01 1.2420998402713169e+01 -8.4622378303463641e+00
9.1577425852142480e-01 1.2407705950612796e+01 -8.4622378303460994e+00
9.1734505484821960e-01 1.2394413498512424e+01 -8.4622378303455328e+00
9.1891585117501451e-01 1.2381121046412053e+01 -8.4622378303457975e+00
9.2048664750180942e-01 1.2367828594311680e+01 -8.4622378303463641e+00
9.2205744382860433e-01 1.2354536142211307e+01 -8.4622378303463641e+00
9.2362824015539924e-01 1.2341243690110934e+01 -8.4622378303463641e+00
9.2519903648219415e-01 1.2327951238010561e+01 -8.4622378303463641e+00
9.2676983280898906e-01 1.2314658785910188e+01 -8.4622378303463641e+00
9.2834062913578397e-01 1.2301366333809815e+01 -8.4622378303460994e+00
9.2991142546257877e-01 1.2288073881709444e+01 -8.4622378303460994e+00
9.3148222178937368e-01 1.2274781429609071e+01 -8.4622378303457975e+00
9.3305301811616859e-01 1.2261488977508700e+01 -8.4622378303457975e+00
9.3462381444296350e-01 1.2248196525408327e+01 -8.4622378303463641e+00
9.3619461076975841e-01 1.2234904073307954e+01 -8.4622378303463641e+00
9.3776540709655332e-01 1.2221611621207581e+01 -8.4622378303463641e+00
9.3933620342334823e-01 1.2208319169107208e+01 -8.4622378303463641e+00
9.4090699975014314e-01 1.2195026717006835e+01 -8.4622378303463641e+00
9.4247779607693805e-01 1.2181734264906462e+01 -8.4622378303460994e+00
9.4404859240373284e-01 1.2168441812806090e+01 -8.4622378303455328e+00
9.4561938873052775e-01 1.2155149360705719e+01 -8.4622378303457975e+00
9.4719018505732266e-01 1.2141856908605346e+01 -8.4622378303463641e+00
9.4876098138411757e-01 1.2128564456504973e+01 -8.4622378303463641e+00
9.5033177771091248e-01 1.2115272004404600e+01 -8.4622378303463641e+00
9.5190257403770739e-01 1.2101979552304227e+01 -8.4622378303463641e+00
9.5347337036450230e-01 1.2088687100203854e+01 -8.4622378303463641e+00
9.5504416669129721e-01 1.2075394648103481e+01 -8.4622378303460994e+00
9.5661496301809201e-01 1.2062102196003110e+01 -8.4622378303460994e+00
9.5818575934488692e-01 1.2048809743902737e+01 -8.4622378303457975e+00
9.5975655567168183e-01 1.2035517291802366e+01 -8.4622378303457975e+00
9.6132735199847674e-01 1.2022224839701993e+01 -8.4622378303463641e+00
9.6289814832527165e-01 1.2008932387601620e+01 -8.4622378303463641e+00
9.6446894465206656e-01 1.1995639935501247e+01 -8.4622378303463641e+00
9.6603974097886147e-01 1.1982347483400874e+01 -8.4622378303463641e+00
9.6761053730565638e-01 1.1969055031300501e+01 -8.4622378303460994e+00
9.6918133363245118e-01 1.1955762579200130e+01 -8.4622378303460994e+00
9.7075212995924609e-01 1.1942470127099757e+01 -8.4622378303463641e+00
9.7232292628604100e-01 1.1929177674999384e+01 -8.4622378303457975e+00
9.7389372261283591e-01 1.1915885222899012e+01 -8.4622378303457975e+00
9.7546451893963082e-01 1.1902592770798639e+01 -8.4622378303463641e+00
9.7703531526642573e-01 1.1889300318698266e+01 -8.4622378303463641e+00
9.7860611159322064e-01 1.1876007866597893e+01 -8.4622378303463641e+00
9.8017690792001555e-01 1.1862715414497520e+01 -8.4622378303463641e+00
9.8174770424681046e-01 1.1849422962397147e+01 -8.4622378303460994e+00
9.8331850057360526e-01 1.1836130510296776e+01 -8.4622378303460994e+00
9.8488929690040017e-01 1.1822838058196403e+01 -8.4622378303463641e+00
9.8646009322719508e-01 1.1809545606096030e+01 -8.4622378303457975e+00
9.8803088955398999e-01 1.1796253153995659e+01 -8.4622378303457975e+00
9.8960168588078490e-01 1.1782960701895286e+01 -8.4622378303463641e+00
9.9117248220757981e-01 1.1769668249794913e+01 -8.4622378303463641e+00
9.9274327853437472e-01 1.1756375797694540e+01 -8.4622378303463641e+00
9.9431407486116963e-01 1.1743083345594167e+01 -8.4622378303460994e+00
9.9588487118796443e-01 1.1729790893493796e+01 -8.4622378303460994e+00
9.9745566751475934e-01 1.1716498441393423e+01 -8.4622378303463641e+00
9.9902646384155425e-01 1.1703205989293050e+01 -8.4622378303460639e+00
1.0005972601683493e+00 1.1689913537192677e+01 -8.4622378303457992e+00
1.0021680564951441e+00 1.1676621085092306e+01 -8.4622378303463979e+00
1.0037388528219389e+00 1.1663328632991934e+01 -8.4622378303463659e+00
1.0053096491487339e+00 1.1650036180891560e+01 -8.4622378303463659e+00
1.0068804454755287e+00 1.1636743728791188e+01 -8.4622378303463659e+00
1.0084512418023237e+00 1.1623451276690815e+01 -8.4622378303457992e+00
1.0100220381291185e+00 1.1610158824590444e+01 -8.4622378303463659e+00
1.0115928344559135e+00 1.1596866372490069e+01 -8.4622378303463659e+00
1.0131636307827083e+00 1.1583573920389698e+01 -8.4622378303457992e+00
1.0147344271095033e+00 1.1570281468289325e+01 -8.4622378303457992e+00
1.0163052234362981e+00 1.1556989016188954e+01 -8.4622378303463979e+00
1.0178760197630929e+00 1.1543696564088583e+01 -8.4622378303463659e+00
1.0194468160898880e+00 1.1530404111988208e+01 -8.4622378303463659e+00
1.0210176124166828e+00 1.1517111659887837e+01 -8.4622378303463659e+00
1.0225884087434778e+00 1.1503819207787464e+01 -8.4622378303457992e+00
1.0241592050702726e+00 1.1490526755687092e+01 -8.4622378303463659e+00
1.0257300013970676e+00 1.1477234303586718e+01 -8.4622378303463659e+00
1.0273007977238624e+00 1.1463941851486346e+01 -8.4622378303458330e+00
1.0288715940506572e+00 1.1450649399385975e+01 -8.4622378303457992e+00
1.0304423903774522e+00 1.1437356947285602e+01 -8.4622378303463659e+00
1.0320131867042470e+00 1.1424064495185231e+01 -8.4622378303463659e+00
1.0335839830310420e+00 1.1410772043084856e+01 -8.4622378303463659e+00
1.0351547793578368e+00 1.1397479590984485e+01 -8.4622378303463659e+00
1.0367255756846319e+00 1.1384187138884112e+01 -8.4622378303457992e+00
1.0382963720114267e+00 1.1370894686783741e+01 -8.4622378303463659e+00
1.0398671683382217e+00 1.1357602234683368e+01 -8.4622378303457975e+00
1.0414379646650165e+00 1.1344309782582997e+01 -8.4622378303458330e+00
1.0430087609918113e+00 1.1331017330482625e+01 -8.4622378303463659e+00
1.0445795573186063e+00 1.1317724878382251e+01 -8.4622378303463659e+00
1.0461503536454011e+00 1.1304432426281879e+01 -8.4622378303463659e+00
1.0477211499721961e+00 1.1291139974181505e+01 -8.4622378303463659e+00
1.0492919462989909e+00 1.1277847522081133e+01 -8.4622378303463659e+00
1.0508627426257859e+00 1.1264555069980760e+01 -8.4622378303457992e+00
1.0524335389525807e+00 1.1251262617880389e+01 -8.4622378303463659e+00
1.0540043352793758e+00 1.1237970165780016e+01 -8.4622378303457975e+00
1.0555751316061706e+00 1.1224677713679645e+01 -8.4622378303458330e+00
1.0571459279329654e+00 1.1211385261579274e+01 -8.4622378303463659e+00
1.0587167242597604e+00 1.1198092809478899e+01 -8.4622378303463659e+00
1.0602875205865552e+00 1.1184800357378528e+01 -8.4622378303463659e+00
1.0618583169133502e+00 1.1171507905278153e+01 -8.4622378303463659e+00
1.0634291132401450e+00 1.1158215453177782e+01 -8.4622378303463659e+00
1.0649999095669400e+00 1.1144923001077409e+01 -8.4622378303457992e+00
1.0665707058937348e+00 1.1131630548977038e+01 -8.4622378303458330e+00
1.0681415022205296e+00 1.1118338096876666e+01 -8.4622378303457992e+00
1.0697122985473246e+00 1.1105045644776293e+01 -8.4622378303463659e+00
1.0712830948741194e+00 1.1091753192675922e+01 -8.4622378303463659e+00
1.0728538912009145e+00 1.1078460740575547e+01 -8.4622378303463659e+00
1.0744246875277093e+00 1.1065168288475176e+01 -8.4622378303463659e+00
1.0759954838545043e+00 1.1051875836374801e+01 -8.4622378303463659e+00
1.0775662801812991e+00 1.1038583384274430e+01 -8.4622378303463659e+00
1.0791370765080941e+00 1.1025290932174057e+01 -8.4622378303457992e+00
1.0807078728348889e+00 1.1011998480073686e+01 -8.4622378303458330e+00
1.0822786691616837e+00 1.0998706027973315e+01 -8.4622378303457992e+00
1.0838494654884787e+00 1.0985413575872942e+01 -8.4622378303463659e+00
1.0854202618152735e+00 1.0972121123772570e+01 -8.4622378303463659e+00
1.0869910581420685e+00 1.0958828671672196e+01 -8.4622378303463659e+00
1.0885618544688633e+00 1.0945536219571824e+01 -8.4622378303463659e+00
1.0901326507956584e+00 1.0932243767471451e+01 -8.4622378303457992e+00
1.0917034471224532e+00 1.0918951315371080e+01 -8.4622378303463659e+00
1.0932742434492482e+00 1.0905658863270705e+01 -8.4622378303463659e+00
1.0948450397760430e+00 1.0892366411170334e+01 -8.4622378303458330e+00
1.0964158361028378e+00 1.0879073959069963e+01 -8.4622378303457992e+00
1.0979866324296328e+00 1.0865781506969590e+01 -8.4622378303463659e+00
1.0995574287564276e+00 1.0852489054869219e+01 -8.4622378303463659e+00
1.1011282250832226e+00 1.0839196602768844e+01 -8.4622378303463659e+00
1.1026990214100174e+00 1.0825904150668473e+01 -8.4622378303463659e+00
1.1042698177368124e+00 1.0812611698568100e+01 -8.4622378303457992e+00
1.1058406140636072e+00 1.0799319246467729e+01 -8.4622378303463659e+00
1.1074114103904023e+00 1.0786026794367354e+01 -8.4622378303463659e+00
1.1089822067171970e+00 1.0772734342266983e+01 -8.4622378303458330e+00
1.1105530030439918e+00 1.0759441890166611e+01 -8.4622378303457992e+00
1.1121237993707869e+00 1.0746149438066238e+01 -8.4622378303463659e+00
1.1136945956975817e+00 1.0732856985965867e+01 -8.4622378303463659e+00
1.1152653920243767e+00 1.0719564533865492e+01 -8.4622378303463659e+00
1.1168361883511715e+00 1.0706272081765121e+01 -8.4622378303463659e+00
1.1184069846779665e+00 1.0692979629664748e+01 -8.4622378303457992e+00
1.1199777810047613e+00 1.0679687177564377e+01 -8.4622378303458330e+00
1.1215485773315561e+00 1.0666394725464006e+01 -8.4622378303463659e+00
1.1231193736583511e+00 1.0653102273363631e+01 -8.4622378303463659e+00
1.1246901699851459e+00 1.0639809821263260e+01 -8.4622378303457992e+00
1.1262609663119409e+00 1.0626517369162887e+01 -8.4622378303463659e+00
1.1278317626387357e+00 1.0613224917062515e+01 -8.4622378303463659e+00
1.1294025589655308e+00 1.0599932464962141e+01 -8.4622378303463659e+00
1.1309733552923256e+00 1.0586640012861769e+01 -8.4622378303463659e+00
1.1325441516191206e+00 1.0573347560761396e+01 -8.4622378303457992e+00
1.1341149479459154e+00 1.0560055108661025e+01 -8.4622378303458330e+00
1.1356857442727102e+00 1.0546762656560654e+01 -8.4622378303457992e+00
1.1372565405995052e+00 1.0533470204460281e+01 -8.4622378303463659e+00
1.1388273369263000e+00 1.0520177752359910e+01 -8.4622378303463659e+00
1.1403981332530950e+00 1.0506885300259535e+01 -8.4622378303463659e+00
1.1419689295798898e+00 1.0493592848159164e+01 -8.4622378303463659e+00
1.1435397259066848e+00 1.0480300396058789e+01 -8.4622378303463659e+00
1.1451105222334796e+00 1.0467007943958418e+01 -8.4622378303463659e+00
1.1466813185602747e+00 1.0453715491858045e+01 -8.4622378303457992e+00
1.1482521148870695e+00 1.0440423039757674e+01 -8.4622378303458330e+00
1.1498229112138643e+00 1.0427130587657302e+01 -8.4622378303457992e+00
1.1513937075406593e+00 1.0413838135556929e+01 -8.4622378303463659e+00
1.1529645038674541e+00 1.0400545683456558e+01 -8.4622378303463659e+00
1.1545353001942491e+00 1.0387253231356183e+01 -8.4622378303463659e+00
1.1561060965210439e+00 1.0373960779255812e+01 -8.4622378303463659e+00
1.1576768928478389e+00 1.0360668327155437e+01 -8.4622378303463659e+00
1.1592476891746337e+00 1.0347375875055066e+01 -8.4622378303458330e+00
1.1608184855014285e+00 1.0334083422954695e+01 -8.4622378303457975e+00
1.1623892818282235e+00 1.0320790970854322e+01 -8.4622378303463659e+00
1.1639600781550183e+00 1.0307498518753951e+01 -8.4622378303457992e+00
1.1655308744818134e+00 1.0294206066653578e+01 -8.4622378303463659e+00
1.1671016708086082e+00 1.0280913614553207e+01 -8.4622378303463659e+00
1.1686724671354032e+00 1.0267621162452832e+01 -8.4622378303463659e+00
1.1702432634621980e+00 1.0254328710352461e+01 -8.4622378303463659e+00
1.1718140597889930e+00 1.0241036258252086e+01 -8.4622378303463659e+00
1.1733848561157878e+00 1.0227743806151715e+01 -8.4622378303458330e+00
1.1749556524425826e+00 1.0214451354051343e+01 -8.4622378303457975e+00
1.1765264487693776e+00 1.0201158901950970e+01 -8.4622378303463659e+00
1.1780972450961724e+00 1.0187866449850599e+01 -8.4622378303457992e+00
1.1796680414229674e+00 1.0174573997750226e+01 -8.4622378303463659e+00
1.1812388377497622e+00 1.0161281545649855e+01 -8.4622378303463659e+00
1.1828096340765573e+00 1.0147989093549480e+01 -8.4622378303463659e+00
1.1843804304033521e+00 1.0134696641449109e+01 -8.4622378303463659e+00
1.1859512267301471e+00 1.0121404189348736e+01 -8.4622378303457992e+00
1.1875220230569419e+00 1.0108111737248365e+01 -8.4622378303458330e+00
1.1890928193837367e+00 1.0094819285147993e+01 -8.4622378303463659e+00
1.1906636157105317e+00 1.0081526833047619e+01 -8.4622378303463659e+00
1.1922344120373265e+00 1.0068234380947247e+01 -8.4622378303457992e+00
1.1938052083641215e+00 1.0054941928846874e+01 -8.4622378303463659e+00
1.1953760046909163e+00 1.0041649476746503e+01 -8.4622378303463659e+00
1.1969468010177113e+00 1.0028357024646128e+01 -8.4622378303463659e+00
1.1985175973445061e+00 1.0015064572545757e+01 -8.4622378303463979e+00
1.2000883936713009e+00 1.0001772120445386e+01 -8.4622378303457992e+00
1.2016591899980960e+00 9.9884796683450130e+00 -8.4622378303457992e+00
1.2032299863248908e+00 9.9751872162446418e+00 -8.4622378303463659e+00
1.2048007826516858e+00 9.9618947641442670e+00 -8.4622378303463659e+00
1.2063715789784806e+00 9.9486023120438958e+00 -8.4622378303457992e+00
1.2079423753052756e+00 9.9353098599435228e+00 -8.4622378303463659e+00
1.2095131716320704e+00 9.9220174078431516e+00 -8.4622378303463659e+00
1.2110839679588654e+00 9.9087249557427768e+00 -8.4622378303463659e+00
1.2126547642856602e+00 9.8954325036424056e+00 -8.4622378303463979e+00
1.2142255606124550e+00 9.8821400515420343e+00 -8.4622378303457992e+00
1.2157963569392500e+00 9.8688475994416613e+00 -8.4622378303457992e+00
1.2173671532660448e+00 9.8555551473412901e+00 -8.4622378303463659e+00
1.2189379495928399e+00 9.8422626952409153e+00 -8.4622378303463659e+00
1.2205087459196347e+00 9.8289702431405441e+00 -8.4622378303457992e+00
1.2220795422464297e+00 9.8156777910401711e+00 -8.4622378303463659e+00
1.2236503385732245e+00 9.8023853389397999e+00 -8.4622378303463659e+00
1.2252211349000195e+00 9.7890928868394251e+00 -8.4622378303463659e+00
1.2267919312268143e+00 9.7758004347390539e+00 -8.4622378303458330e+00
1.2283627275536091e+00 9.7625079826386827e+00 -8.4622378303457975e+00
1.2299335238804041e+00 9.7492155305383097e+00 -8.4622378303463659e+00
1.2315043202071989e+00 9.7359230784379385e+00 -8.4622378303457992e+00
1.2330751165339939e+00 9.7226306263375655e+00 -8.4622378303463659e+00
1.2346459128607887e+00 9.7093381742371943e+00 -8.4622378303463659e+00
1.2362167091875838e+00 9.6960457221368195e+00 -8.4622378303463659e+00
1.2377875055143785e+00 9.6827532700364483e+00 -8.4622378303463979e+00
1.2393583018411733e+00 9.6694608179360770e+00 -8.4622378303463659e+00
1.2409290981679684e+00 9.6561683658357040e+00 -8.4622378303457975e+00
1.2424998944947632e+00 9.6428759137353328e+00 -8.4622378303457975e+00
1.2440706908215582e+00 9.6295834616349598e+00 -8.4622378303463659e+00
1.2456414871483530e+00 9.6162910095345886e+00 -8.4622378303463659e+00
1.2472122834751480e+00 9.6029985574342138e+00 -8.4622378303463659e+00
1.2487830798019428e+00 9.5897061053338426e+00 -8.4622378303457992e+00
1.2503538761287378e+00 9.5764136532334696e+00 -8.4622378303463659e+00
1.2519246724555326e+00 9.5631212011330984e+00 -8.4622378303463979e+00
1.2534954687823274e+00 9.5498287490327272e+00 -8.4622378303457992e+00
1.2550662651091224e+00 9.5365362969323542e+00 -8.4622378303457992e+00
1.2566370614359172e+00 9.5232438448319829e+00 -8.4622378303463659e+00
1.2582078577627123e+00 9.5099513927316082e+00 -8.4622378303463659e+00
1.2597786540895071e+00 9.4966589406312369e+00 -8.4622378303463659e+00
1.2613494504163021e+00 9.4833664885308622e+00 -8.4622378303463659e+00
1.2629202467430969e+00 9.4700740364304909e+00 -8.4622378303457992e+00
1.2644910430698919e+00 9.4567815843301180e+00 -8.4622378303463659e+00
1.2660618393966867e+00 9.4434891322297467e+00 -8.4622378303463979e+00
1.2676326357234815e+00 9.4301966801293755e+00 -8.4622378303457992e+00
1.2692034320502765e+00 9.4169042280290025e+00 -8.4622378303457992e+00
1.2707742283770713e+00 9.4036117759286313e+00 -8.4622378303463659e+00
1.2723450247038663e+00 9.3903193238282565e+00 -8.4622378303463659e+00
1.2739158210306611e+00 9.3770268717278853e+00 -8.4622378303457992e+00
1.2754866173574562e+00 9.3637344196275123e+00 -8.4622378303463659e+00
1.2770574136842510e+00 9.3504419675271411e+00 -8.4622378303463659e+00
1.2786282100110460e+00 9.3371495154267663e+00 -8.4622378303463659e+00
1.2801990063378408e+00 9.3238570633263951e+00 -8.4622378303463979e+00
1.2817698026646356e+00 9.3105646112260239e+00 -8.4622378303457992e+00
1.2833405989914306e+00 9.2972721591256509e+00 -8.4622378303457992e+00
1.2849113953182254e+00 9.2839797070252796e+00 -8.4622378303463659e+00
1.2864821916450204e+00 9.2706872549249049e+00 -8.4622378303463659e+00
1.2880529879718152e+00 9.2573948028245336e+00 -8.4622378303457992e+00
1.2896237842986102e+00 9.2441023507241606e+00 -8.4622378303463659e+00
1.2911945806254050e+00 9.2308098986237894e+00 -8.4622378303463979e+00
1.2927653769521998e+00 9.2175174465234182e+00 -8.4622378303463659e+00
1.2943361732789949e+00 9.2042249944230434e+00 -8.4622378303463659e+00
1.2959069696057897e+00 9.1909325423226722e+00 -8.4622378303457992e+00
1.2974777659325847e+00 9.1776400902222992e+00 -8.4622378303457992e+00
1.2990485622593795e+00 9.1643476381219280e+00 -8.4622378303463659e+00
1.3006193585861745e+00 9.1510551860215532e+00 -8.4622378303463659e+00
1.3021901549129693e+00 9.1377627339211820e+00 -8.4622378303457992e+00
1.3037609512397643e+00 9.1244702818208090e+00 -8.4622378303463659e+00
1.3053317475665591e+00 9.1111778297204378e+00 -8.4622378303463979e+00
1.3069025438933539e+00 9.0978853776200665e+00 -8.4622378303463659e+00
1.3084733402201489e+00 9.0845929255196918e+00 -8.4622378303463659e+00
1.3100441365469437e+00 9.0713004734193206e+00 -8.4622378303457992e+00
1.3116149328737388e+00 9.0580080213189476e+00 -8.4622378303457992e+00
1.3131857292005336e+00 9.0447155692185763e+00 -8.4622378303463659e+00
1.3147565255273286e+00 9.0314231171182016e+00 -8.4622378303463659e+00
1.3163273218541234e+00 9.0181306650178303e+00 -8.4622378303457992e+00
1.3178981181809184e+00 9.0048382129174573e+00 -8.4622378303463659e+00
1.3194689145077132e+00 8.9915457608170861e+00 -8.4622378303463979e+00
1.3210397108345080e+00 8.9782533087167149e+00 -8.4622378303463659e+00
1.3226105071613030e+00 8.9649608566163401e+00 -8.4622378303463659e+00
1.3241813034880978e+00 8.9516684045159689e+00 -8.4622378303457992e+00
1.3257520998148928e+00 8.9383759524155959e+00 -8.4622378303457992e+00
1.3273228961416876e+00 8.9250835003152247e+00 -8.4622378303463659e+00
1.3288936924684827e+00 8.9117910482148499e+00 -8.4622378303463659e+00
1.3304644887952775e+00 8.8984985961144787e+00 -8.4622378303458330e+00
1.3320352851220723e+00 8.8852061440141075e+00 -8.4622378303463659e+00
1.3336060814488673e+00 8.8719136919137327e+00 -8.4622378303463659e+00
1.3351768777756621e+00 8.8586212398133615e+00 -8.4622378303457992e+00
1.3367476741024571e+00 8.8453287877129885e+00 -8.4622378303463659e+00
1.3383184704292519e+00 8.8320363356126173e+00 -8.4622378303463659e+00
1.3398892667560469e+00 8.8187438835122443e+00 -8.4622378303457992e+00
1.3414600630828417e+00 8.8054514314118730e+00 -8.4622378303463659e+00
1.3430308594096367e+00 8.7921589793114983e+00 -8.4622378303463659e+00
1.3446016557364315e+00 8.7788665272111270e+00 -8.4622378303458330e+00
1.3461724520632263e+00 8.7655740751107558e+00 -8.4622378303463659e+00
1.3477432483900214e+00 8.7522816230103810e+00 -8.4622378303463659e+00
1.3493140447168162e+00 8.7389891709100098e+00 -8.4622378303457992e+00
1.3508848410436112e+00 8.7256967188096368e+00 -8.4622378303457992e+00
1.3524556373704060e+00 8.7124042667092656e+00 -8.4622378303463659e+00
1.3540264336972010e+00 8.6991118146088908e+00 -8.4622378303463659e+00
1.3555972300239958e+00 8.6858193625085196e+00 -8.4622378303463659e+00
1.3571680263507908e+00 8.6725269104081448e+00 -8.4622378303463659e+00
1.3587388226775856e+00 8.6592344583077736e+00 -8.4622378303458330e+00
1.3603096190043804e+00 8.6459420062074024e+00 -8.4622378303463659e+00
1.3618804153311754e+00 8.6326495541070276e+00 -8.4622378303463659e+00
1.3634512116579702e+00 8.6193571020066564e+00 -8.4622378303457992e+00
1.3650220079847653e+00 8.6060646499062834e+00 -8.4622378303457992e+00
1.3665928043115600e+00 8.5927721978059122e+00 -8.4622378303463659e+00
1.3681636006383551e+00 8.5794797457055374e+00 -8.4622378303463659e+00
1.3697343969651499e+00 8.5661872936051662e+00 -8.4622378303463979e+00
1.3713051932919447e+00 8.5528948415047950e+00 -8.4622378303463659e+00
1.3728759896187397e+00 8.5396023894044220e+00 -8.4622378303457992e+00
1.3744467859455345e+00 8.5263099373040507e+00 -8.4622378303463659e+00
1.3760175822723295e+00 8.5130174852036760e+00 -8.4622378303463659e+00
1.3775883785991243e+00 8.4997250331033047e+00 -8.4622378303457992e+00
1.3791591749259193e+00 8.4864325810029317e+00 -8.4622378303457992e+00
1.3807299712527141e+00 8.4731401289025605e+00 -8.4622378303463659e+00
1.3823007675795091e+00 8.4598476768021857e+00 -8.4622378303463659e+00
1.3838715639063039e+00 8.4465552247018145e+00 -8.4622378303463979e+00
1.3854423602330987e+00 8.4332627726014433e+00 -8.4622378303463659e+00
1.3870131565598938e+00 8.4199703205010703e+00 -8.4622378303457992e+00
1.3885839528866886e+00 8.4066778684006991e+00 -8.4622378303463659e+00
1.3901547492134836e+00 8.3933854163003243e+00 -8.4622378303463659e+00
1.3917255455402784e+00 8.3800929641999531e+00 -8.4622378303457992e+00
1.3932963418670734e+00 8.3668005120995801e+00 -8.4622378303457992e+00
1.3948671381938682e+00 8.3535080599992089e+00 -8.4622378303463659e+00
1.3964379345206632e+00 8.3402156078988341e+00 -8.4622378303463659e+00
1.3980087308474580e+00 8.3269231557984629e+00 -8.4622378303463979e+00
1.3995795271742528e+00 8.3136307036980917e+00 -8.4622378303463659e+00
1.4011503235010478e+00 8.3003382515977187e+00 -8.4622378303457992e+00
1.4027211198278426e+00 8.2870457994973474e+00 -8.4622378303463659e+00
1.4042919161546377e+00 8.2737533473969727e+00 -8.4622378303463659e+00
1.4058627124814325e+00 8.2604608952966014e+00 -8.4622378303457992e+00
1.4074335088082275e+00 8.2471684431962284e+00 -8.4622378303457992e+00
1.4090043051350223e+00 8.2338759910958572e+00 -8.4622378303463659e+00
1.4105751014618173e+00 8.2205835389954824e+00 -8.4622378303463659e+00
1.4121458977886121e+00 8.2072910868951112e+00 -8.4622378303463979e+00
1.4137166941154069e+00 8.1939986347947400e+00 -8.4622378303463659e+00
1.4152874904422019e+00 8.1807061826943670e+00 -8.4622378303457992e+00
1.4168582867689967e+00 8.1674137305939958e+00 -8.4622378303463659e+00
1.4184290830957917e+00 8.1541212784936210e+00 -8.4622378303463659e+00
1.4199998794225865e+00 8.1408288263932498e+00 -8.4622378303457992e+00
1.4215706757493816e+00 8.1275363742928768e+00 -8.4622378303457992e+00
1.4231414720761764e+00 8.1142439221925056e+00 -8.4622378303463979e+00
1.4247122684029712e+00 8.1009514700921343e+00 -8.4622378303463659e+00
1.4262830647297662e+00 8.0876590179917613e+00 -8.4622378303457992e+00
1.4278538610565610e+00 8.0743665658913901e+00 -8.4622378303463659e+00
1.4294246573833560e+00 8.0610741137910153e+00 -8.4622378303463659e+00
1.4309954537101508e+00 8.0477816616906441e+00 -8.4622378303457992e+00
1.4325662500369458e+00 8.0344892095902711e+00 -8.4622378303463659e+00
1.4341370463637406e+00 8.0211967574898999e+00 -8.4622378303463659e+00
1.4357078426905356e+00 8.0079043053895269e+00 -8.4622378303457992e+00
1.4372786390173304e+00 7.9946118532891557e+00 -8.4622378303463979e+00
1.4388494353441252e+00 7.9813194011887836e+00 -8.4622378303463659e+00
1.4404202316709203e+00 7.9680269490884097e+00 -8.4622378303460817e+00
1.4419910279977151e+00 7.9547344969880376e+00 -8.4622378303466483e+00
1.4435618243245101e+00 7.9414420448876637e+00 -8.4622378303463659e+00
1.4451326206513049e+00 7.9281495927872925e+00 -8.4622378303457992e+00
1.4467034169780999e+00 7.9148571406869195e+00 -8.4622378303460817e+00
1.4482742133048947e+00 7.9015646885865474e+00 -8.4622378303463659e+00
1.4498450096316897e+00 7.8882722364861735e+00 -8.4622378303460817e+00
1.4514158059584845e+00 7.8749797843858023e+00 -8.4622378303461154e+00
1.4529866022852793e+00 7.8616873322854302e+00 -8.4622378303463659e+00
1.4545573986120743e+00 7.8483948801850563e+00 -8.4622378303460817e+00
1.4561281949388691e+00 7.8351024280846850e+00 -8.4622378303460817e+00
1.4576989912656642e+00 7.8218099759843112e+00 -8.4622378303463659e+00
1.4592697875924590e+00 7.8085175238839390e+00 -8.4622378303460817e+00
1.4608405839192540e+00 7.7952250717835652e+00 -8.4622378303460817e+00
1.4624113802460488e+00 7.7819326196831931e+00 -8.4622378303463979e+00
1.4639821765728436e+00 7.7686401675828209e+00 -8.4622378303460817e+00
1.4655529728996386e+00 7.7553477154824471e+00 -8.4622378303460817e+00
1.4671237692264334e+00 7.7420552633820749e+00 -8.4622378303463659e+00
1.4686945655532284e+00 7.7287628112817011e+00 -8.4622378303460817e+00
1.4702653618800232e+00 7.7154703591813298e+00 -8.4622378303460817e+00
1.4718361582068182e+00 7.7021779070809560e+00 -8.4622378303463659e+00
1.4734069545336130e+00 7.6888854549805838e+00 -8.4622378303460817e+00
1.4749777508604081e+00 7.6755930028802100e+00 -8.4622378303460817e+00
1.4765485471872029e+00 7.6623005507798378e+00 -8.4622378303463979e+00
1.4781193435139977e+00 7.6490080986794657e+00 -8.4622378303460817e+00
1.4796901398407927e+00 7.6357156465790919e+00 -8.4622378303460817e+00
1.4812609361675875e+00 7.6224231944787197e+00 -8.4622378303463659e+00
1.4828317324943825e+00 7.6091307423783459e+00 -8.4622378303460817e+00
1.4844025288211773e+00 7.5958382902779746e+00 -8.4622378303460817e+00
1.4859733251479723e+00 7.5825458381776007e+00 -8.4622378303463659e+00
1.4875441214747671e+00 7.5692533860772286e+00 -8.4622378303460817e+00
1.4891149178015621e+00 7.5559609339768548e+00 -8.4622378303460817e+00
1.4906857141283569e+00 7.5426684818764826e+00 -8.4622378303463979e+00
1.4922565104551517e+00 7.5293760297761105e+00 -8.4622378303460817e+00
1.4938273067819468e+00 7.5160835776757366e+00 -8.4622378303460817e+00
1.4953981031087415e+00 7.5027911255753645e+00 -8.4622378303463659e+00
1.4969688994355366e+00 7.4894986734749907e+00 -8.4622378303460817e+00
1.4985396957623314e+00 7.4762062213746194e+00 -8.4622378303460817e+00
1.5001104920891264e+00 7.4629137692742455e+00 -8.4622378303463659e+00
1.5016812884159212e+00 7.4496213171738734e+00 -8.4622378303461154e+00
1.5032520847427160e+00 7.4363288650735022e+00 -8.4622378303460817e+00
1.5048228810695110e+00 7.4230364129731283e+00 -8.4622378303463659e+00
1.5063936773963058e+00 7.4097439608727562e+00 -8.4622378303460817e+00
1.5079644737231008e+00 7.3964515087723823e+00 -8.4622378303460817e+00
1.5095352700498956e+00 7.3831590566720102e+00 -8.4622378303463659e+00
1.5111060663766906e+00 7.3698666045716363e+00 -8.4622378303460817e+00
1.5126768627034854e+00 7.3565741524712651e+00 -8.4622378303460817e+00
1.5142476590302805e+00 7.3432817003708912e+00 -8.4622378303463659e+00
1.5158184553570753e+00 7.3299892482705191e+00 -8.4622378303461154e+00
1.5173892516838701e+00 7.3166967961701479e+00 -8.4622378303460817e+00
1.5189600480106651e+00 7.3034043440697740e+00 -8.4622378303460817e+00
1.5205308443374599e+00 7.2901118919694028e+00 -8.4622378303460817e+00
1.5221016406642549e+00 7.2768194398690289e+00 -8.4622378303463659e+00
1.5236724369910497e+00 7.2635269877686568e+00 -8.4622378303463659e+00
1.5252432333178447e+00 7.2502345356682829e+00 -8.4622378303460817e+00
1.5268140296446395e+00 7.2369420835679117e+00 -8.4622378303460817e+00
1.5283848259714345e+00 7.2236496314675378e+00 -8.4622378303460817e+00
1.5299556222982293e+00 7.2103571793671666e+00 -8.4622378303461154e+00
1.5315264186250241e+00 7.1970647272667945e+00 -8.4622378303463659e+00
1.5330972149518192e+00 7.1837722751664206e+00 -8.4622378303460817e+00
1.5346680112786140e+00 7.1704798230660494e+00 -8.4622378303460817e+00
1.5362388076054090e+00 7.1571873709656755e+00 -8.4622378303460817e+00
1.5378096039322038e+00 7.1438949188653043e+00 -8.4622378303460817e+00
1.5393804002589988e+00 7.1306024667649304e+00 -8.4622378303463659e+00
1.5409511965857936e+00 7.1173100146645583e+00 -8.4622378303460817e+00
1.5425219929125886e+00 7.1040175625641844e+00 -8.4622378303460817e+00
1.5440927892393834e+00 7.0907251104638123e+00 -8.4622378303463979e+00
1.5456635855661782e+00 7.0774326583634402e+00 -8.4622378303460817e+00
1.5472343818929732e+00 7.0641402062630663e+00 -8.4622378303460817e+00
1.5488051782197680e+00 7.0508477541626942e+00 -8.4622378303463659e+00
1.5503759745465631e+00 7.0375553020623203e+00 -8.4622378303460817e+00
1.5519467708733579e+00 7.0242628499619491e+00 -8.4622378303460817e+00
1.5535175672001529e+00 7.0109703978615752e+00 -8.4622378303463659e+00
1.5550883635269477e+00 6.9976779457612031e+00 -8.4622378303461154e+00
1.5566591598537425e+00 6.9843854936608318e+00 -8.4622378303460817e+00
1.5582299561805375e+00 6.9710930415604579e+00 -8.4622378303463659e+00
1.5598007525073323e+00 6.9578005894600858e+00 -8.4622378303460817e+00
1.5613715488341273e+00 6.9445081373597120e+00 -8.4622378303460817e+00
1.5629423451609221e+00 6.9312156852593398e+00 -8.4622378303463659e+00
1.5645131414877171e+00 6.9179232331589660e+00 -8.4622378303460817e+00
1.5660839378145119e+00 6.9046307810585947e+00 -8.4622378303460817e+00
1.5676547341413070e+00 6.8913383289582208e+00 -8.4622378303463659e+00
1.5692255304681018e+00 6.8780458768578487e+00 -8.4622378303461154e+00
1.5707963267948966e+00 6.8647534247574775e+00 -8.4622378303460817e+00
1.5723671231216916e+00 6.8514609726571036e+00 -8.4622378303463659e+00
1.5739379194484864e+00 6.8381685205567315e+00 -8.4622378303460817e+00
1.5755087157752814e+00 6.8248760684563576e+00 -8.4622378303460817e+00
1.5770795121020762e+00 6.8115836163559855e+00 -8.4622378303463659e+00
1.5786503084288712e+00 6.7982911642556116e+00 -8.4622378303460817e+00
1.5802211047556660e+00 6.7849987121552404e+00 -8.4622378303460817e+00
1.5817919010824610e+00 6.7717062600548665e+00 -8.4622378303463659e+00
1.5833626974092558e+00 6.7584138079544944e+00 -8.4622378303461154e+00
1.5849334937360506e+00 6.7451213558541232e+00 -8.4622378303460817e+00
1.5865042900628457e+00 6.7318289037537493e+00 -8.4622378303463659e+00
1.5880750863896405e+00 6.7185364516533772e+00 -8.4622378303460817e+00
1.5896458827164355e+00 6.7052439995530033e+00 -8.4622378303460817e+00
1.5912166790432303e+00 6.6919515474526312e+00 -8.4622378303463659e+00
1.5927874753700253e+00 6.6786590953522573e+00 -8.4622378303460817e+00
1.5943582716968201e+00 6.6653666432518861e+00 -8.4622378303461154e+00
1.5959290680236149e+00 6.6520741911515140e+00 -8.4622378303463659e+00
1.5974998643504099e+00 6.6387817390511401e+00 -8.4622378303460817e+00
1.5990706606772047e+00 6.6254892869507689e+00 -8.4622378303460817e+00
1.6006414570039997e+00 6.6121968348503950e+00 -8.4622378303463659e+00
1.6022122533307945e+00 6.5989043827500229e+00 -8.4622378303460817e+00
1.6037830496575896e+00 6.5856119306496490e+00 -8.4622378303460817e+00
1.6053538459843844e+00 6.5723194785492769e+00 -8.4622378303463659e+00
1.6069246423111794e+00 6.5590270264489030e+00 -8.4622378303460817e+00
1.6084954386379742e+00 6.5457345743485318e+00 -8.4622378303461154e+00
1.6100662349647690e+00 6.5324421222481606e+00 -8.4622378303460817e+00
1.6116370312915640e+00 6.5191496701477867e+00 -8.4622378303460817e+00
1.6132078276183588e+00 6.5058572180474146e+00 -8.4622378303463659e+00
1.6147786239451538e+00 6.4925647659470407e+00 -8.4622378303460817e+00
1.6163494202719486e+00 6.4792723138466695e+00 -8.4622378303460817e+00
1.6179202165987436e+00 6.4659798617462956e+00 -8.4622378303463659e+00
1.6194910129255384e+00 6.4526874096459235e+00 -8.4622378303460817e+00
1.6210618092523335e+00 6.4393949575455496e+00 -8.4622378303460817e+00
1.6226326055791283e+00 6.4261025054451775e+00 -8.4622378303463979e+00
1.6242034019059230e+00 6.4128100533448054e+00 -8.4622378303460817e+00
1.6257741982327181e+00 6.3995176012444315e+00 -8.4622378303460817e+00
1.6273449945595129e+00 6.3862251491440594e+00 -8.4622378303463659e+00
1.6289157908863079e+00 6.3729326970436855e+00 -8.4622378303460817e+00
1.6304865872131027e+00 6.3596402449433143e+00 -8.4622378303460817e+00
1.6320573835398977e+00 6.3463477928429404e+00 -8.4622378303463659e+00
1.6336281798666925e+00 6.3330553407425683e+00 -8.4622378303461154e+00
1.6351989761934873e+00 6.3197628886421970e+00 -8.4622378303460817e+00
1.6367697725202823e+00 6.3064704365418232e+00 -8.4622378303460817e+00
1.6383405688470771e+00 6.2931779844414519e+00 -8.4622378303460817e+00
1.6399113651738721e+00 6.2798855323410780e+00 -8.4622378303463659e+00
1.6414821615006669e+00 6.2665930802407059e+00 -8.4622378303460817e+00
1.6430529578274620e+00 6.2533006281403321e+00 -8.4622378303460817e+00
1.6446237541542568e+00 6.2400081760399599e+00 -8.4622378303463659e+00
1.6461945504810518e+00 6.2267157239395861e+00 -8.4622378303460817e+00
1.6477653468078466e+00 6.2134232718392148e+00 -8.4622378303461154e+00
1.6493361431346414e+00 6.2001308197388427e+00 -8.4622378303463659e+00
1.6509069394614364e+00 6.1868383676384688e+00 -8.4622378303460817e+00
1.6524777357882312e+00 6.1735459155380976e+00 -8.4622378303460817e+00
1.6540485321150262e+00 6.1602534634377237e+00 -8.4622378303463659e+00
1.6556193284418210e+00 6.1469610113373516e+00 -8.4622378303460817e+00
1.6571901247686160e+00 6.1336685592369777e+00 -8.4622378303460817e+00
1.6587609210954108e+00 6.1203761071366056e+00 -8.4622378303463659e+00
1.6603317174222059e+00 6.1070836550362317e+00 -8.4622378303460817e+00
1.6619025137490007e+00 6.0937912029358605e+00 -8.4622378303461154e+00
1.6634733100757955e+00 6.0804987508354884e+00 -8.4622378303463659e+00
1.6650441064025905e+00 6.0672062987351145e+00 -8.4622378303460817e+00
1.6666149027293853e+00 6.0539138466347433e+00 -8.4622378303460817e+00
1.6681856990561803e+00 6.0406213945343694e+00 -8.4622378303463659e+00
1.6697564953829751e+00 6.0273289424339973e+00 -8.4622378303460817e+00
1.6713272917097701e+00 6.0140364903336234e+00 -8.4622378303460817e+00
1.6728980880365649e+00 6.0007440382332513e+00 -8.4622378303463979e+00
1.6744688843633597e+00 5.9874515861328792e+00 -8.4622378303460817e+00
1.6760396806901547e+00 5.9741591340325053e+00 -8.4622378303460817e+00
1.6776104770169495e+00 5.9608666819321332e+00 -8.4622378303463659e+00
1.6791812733437446e+00 5.9475742298317593e+00 -8.4622378303460817e+00
1.6807520696705394e+00 5.9342817777313881e+00 -8.4622378303460817e+00
1.6823228659973344e+00 5.9209893256310142e+00 -8.4622378303463659e+00
1.6838936623241292e+00 5.9076968735306421e+00 -8.4622378303460817e+00
1.6854644586509242e+00 5.8944044214302682e+00 -8.4622378303460817e+00
1.6870352549777190e+00 5.8811119693298961e+00 -8.4622378303463979e+00
1.6886060513045138e+00 5.8678195172295240e+00 -8.4622378303460817e+00
1.6901768476313088e+00 5.8545270651291501e+00 -8.4622378303460817e+00
1.6917476439581036e+00 5.8412346130287780e+00 -8.4622378303463659e+00
1.6933184402848986e+00 5.8279421609284041e+00 -8.4622378303460817e+00
1.6948892366116934e+00 5.8146497088280329e+00 -8.4622378303460817e+00
1.6964600329384885e+00 5.8013572567276590e+00 -8.4622378303460817e+00
1.6980308292652833e+00 5.7880648046272878e+00 -8.4622378303460817e+00
1.6996016255920783e+00 5.7747723525269139e+00 -8.4622378303463659e+00
1.7011724219188731e+00 5.7614799004265418e+00 -8.4622378303461154e+00
1.7027432182456679e+00 5.7481874483261706e+00 -8.4622378303460817e+00
1.7043140145724629e+00 5.7348949962257967e+00 -8.4622378303463659e+00
1.7058848108992577e+00 5.7216025441254246e+00 -8.4622378303460817e+00
1.7074556072260527e+00 5.7083100920250507e+00 -8.4622378303460817e+00
1.7090264035528475e+00 5.6950176399246786e+00 -8.4622378303463659e+00
1.7105971998796425e+00 5.6817251878243047e+00 -8.4622378303460817e+00
1.7121679962064373e+00 5.6684327357239335e+00 -8.4622378303460817e+00
1.7137387925332324e+00 5.6551402836235596e+00 -8.4622378303463659e+00
1.7153095888600272e+00 5.6418478315231875e+00 -8.4622378303461154e+00
1.7168803851868220e+00 5.6276841406677756e+00 -9.5715334661688640e+00
1.7184511815136170e+00 5.6134399313398005e+00 -8.5647571336926287e+00
1.7200219778404118e+00 5.6016269139118977e+00 -6.4760437981595507e+00
1.7215927741672068e+00 5.5915308229427190e+00 -6.3786984710408534e+00
1.7231635704940016e+00 5.5805715845840362e+00 -7.5750371874135123e+00
1.7247343668207966e+00 5.5671013881670444e+00 -9.5757495660490886e+00
1.7263051631475914e+00 5.5502456692436093e+00 -1.1885618322211121e+01
1.7278759594743862e+00 5.5297629740422929e+00 -1.4193759190863446e+01
1.7294467558011812e+00 5.5057273828547988e+00 -1.6409305990139121e+01
1.7310175521279760e+00 5.4782832171900173e+00 -1.8533691006525821e+01
1.7325883484547711e+00 5.4475642525858010e+00 -2.0578909500878691e+01
1.7341591447815659e+00 5.4136897484644555e+00 -2.2551448704715774e+01
1.7357299411083609e+00 5.3767717321791251e+00 -2.4454029542939981e+01
1.7373007374351557e+00 5.3369195813734427e+00 -2.6287304805607302e+01
1.7388715337619507e+00 5.2942426653115708e+00 -2.8050632371707103e+01
1.7404423300887455e+00 5.2488510108086670e+00 -2.9743817142349400e+01
1.7420131264155403e+00 5.2008459612803390e+00 -3.1378110264091390e+01
1.7435839227423353e+00 5.1502691382700450e+00 -3.3018300839681444e+01
1.7451547190691301e+00 5.0969488340377795e+00 -3.4871219046152987e+01
1.7467255153959251e+00 5.0402091971666900e+00 -3.7371930372025261e+01
1.7482963117227199e+00 4.9785393466336982e+00 -4.1148562044491115e+01
1.7498671080495150e+00 4.9095556790592241e+00 -4.6684171452187030e+01
1.7514379043763098e+00 4.8308147766035505e+00 -5.3571859342517207e+01
1.7530087007031048e+00 4.7416647438400128e+00 -5.9937487786445807e+01
1.7545794970298996e+00 4.6449881167048650e+00 -6.3155016933648128e+01
1.7561502933566944e+00 4.5469291110726608e+00 -6.1697586754689652e+01
1.7577210896834894e+00 4.4541994283382644e+00 -5.6369512273479451e+01
1.7592918860102842e+00 4.3708989100771216e+00 -4.9692001673547473e+01
1.7608626823370792e+00 4.2973713111783756e+00 -4.3926244873753710e+01
1.7624334786638740e+00 4.2315473131777654e+00 -3.9883472373196632e+01
1.7640042749906690e+00 4.1709617810624708e+00 -3.7256422954812969e+01
1.7655750713174638e+00 4.1138538861810066e+00 -3.5455607124850935e+01
1.7671458676442586e+00 4.0592422898537350e+00 -3.4078036920149280e+01
1.7687166639710536e+00 4.0066126173311138e+00 -3.2932143362108455e+01
1.7702874602978484e+00 3.9556507588659411e+00 -3.1954510108949489e+01
1.7718582566246435e+00 3.9061026595739694e+00 -3.1132089276047907e+01
1.7734290529514383e+00 3.8577270892795368e+00 -3.0461599821942954e+01
1.7749998492782333e+00 3.8103021680180542e+00 -2.9921685334123413e+01
1.7765706456050281e+00 3.7636995195598870e+00 -2.9414649572210081e+01
1.7781414419318231e+00 3.7180937293988361e+00 -2.8652445929729225e+01
1.7797122382586179e+00 3.6744101478585129e+00 -2.6967217543076611e+01
1.7812830345854127e+00 3.6348428548587215e+00 -2.3411424582383773e+01
1.7828538309122077e+00 3.6020838075318280e+00 -1.8298689922064437e+01
1.7844246272390025e+00 3.5772868872930252e+00 -1.3273729513625137e+01
1.7859954235657975e+00 3.5593863090790445e+00 -9.5179945420380747e+00
1.7875662198925923e+00 3.5461702692824777e+00 -7.3091899517457799e+00
1.7891370162193874e+00 3.5355066515682223e+00 -6.2681498119816252e+00
1.7907078125461822e+00 3.5263740155436043e+00 -5.3598835222357710e+00
1.7922786088729772e+00 3.5198371445065830e+00 -2.9631191809329418e+00
1.7938494051997720e+00 3.5173832983404782e+00 -1.6121479444853815e-01
1.7954202015265668e+00 3.5172566805370060e+00 0.0000000000000000e+00
1.7969909978533618e+00 3.5172566805370060e+00 0.0000000000000000e+00
1.7985617941801566e+00 3.5164221392324766e+00 -1.0625709906419927e+00
1.8001325905069516e+00 3.5109716776060513e+00 -5.8771722891838065e+00
1.8017033868337464e+00 3.4958165663994127e+00 -1.3418914603968572e+01
1.8032741831605414e+00 3.4685671354923753e+00 -2.1276138398397251e+01
1.8048449794873362e+00 3.4300714594585462e+00 -2.7738078629190504e+01
1.8064157758141310e+00 3.3825030050455092e+00 -3.2827958611423668e+01
1.8079865721409261e+00 3.3277141628818891e+00 -3.6931361841545218e+01
1.8095573684677209e+00 3.2670179205882923e+00 -4.0349494063494078e+01
1.8111281647945159e+00 3.2011595810026474e+00 -4.3503948247539292e+01
1.8126989611213107e+00 3.1301134802612345e+00 -4.6954756715671614e+01
1.8142697574481057e+00 3.0534816529983972e+00 -5.0615916140679325e+01
1.8158405537749005e+00 2.9718576651647748e+00 -5.3310972968077138e+01
1.8174113501016955e+00 2.8877504446467999e+00 -5.3777666193160492e+01
1.8189821464284903e+00 2.8051662658996896e+00 -5.1371775957143974e+01
1.8205529427552851e+00 2.7285615706251405e+00 -4.6164351378805122e+01
1.8221237390820801e+00 2.6617827821811249e+00 -3.8861042817612422e+01
1.8236945354088749e+00 2.6072414933359682e+00 -3.0583082960868072e+01
1.8252653317356700e+00 2.5652043657061467e+00 -2.2940250284495679e+01
1.8268361280624648e+00 2.5338772349845486e+00 -1.6946691373333525e+01
1.8284069243892598e+00 2.5105406662339949e+00 -1.2766350798299980e+01
1.8299777207160546e+00 2.4925007287268688e+00 -1.0202811020325706e+01
1.8315485170428496e+00 2.4776499641745868e+00 -8.7057696771895046e+00
1.8331193133696444e+00 2.4652867981256859e+00 -7.0355022343993525e+00
1.8346901096964392e+00 2.4567513219959141e+00 -3.8322035071697744e+00
1.8362609060232342e+00 2.4535341995836988e+00 -2.6396396831590030e-01
1.8378317023500290e+00 2.4533268827677803e+00 0.0000000000000000e+00
1.8394024986768240e+00 2.4540053481704955e+00 8.6384898047172598e-01
1.8409732950036188e+00 2.4551022068422959e+00 5.3271485545035901e-01
1.8425440913304139e+00 2.4555206001113810e+00 0.0000000000000000e+00
1.8441148876572087e+00 2.4542398523168281e+00 -1.6306987388572496e+00
1.8456856839840037e+00 2.4483285649684885e+00 -5.8957860733405685e+00
1.8472564803107985e+00 2.4359542442646047e+00 -9.8596883860805384e+00
1.8488272766375933e+00 2.4189700332455137e+00 -1.1765280719553930e+01
1.8503980729643883e+00 2.4006248487651751e+00 -1.1592533616273219e+01
1.8519688692911831e+00 2.3839379468898585e+00 -9.6538897304963420e+00
1.8535396656179781e+00 2.3709638629954068e+00 -6.8652269406296362e+00
1.8551104619447729e+00 2.3616619055445010e+00 -4.9783931293081931e+00
1.8566812582715679e+00 2.3544307684480632e+00 -4.2285765752770139e+00
1.8582520545983627e+00 2.3478672522539434e+00 -4.1283517955861484e+00
1.8598228509251575e+00 2.3411882044154151e+00 -4.3756760336063758e+00
1.8613936472519526e+00 2.3339123868463263e+00 -4.8881826156356665e+00
1.8629644435787474e+00 2.3256588405096132e+00 -5.6205589645718925e+00
1.8645352399055424e+00 2.3162390940101250e+00 -6.3730347799561642e+00
1.8661060362323372e+00 2.3059292455624507e+00 -6.7538719638498241e+00
1.8676768325591322e+00 2.2953066104398454e+00 -6.7712871435427333e+00
1.8692476288859270e+00 2.2847091248846638e+00 -6.7218505400750219e+00
1.8708184252127220e+00 2.2741913780934242e+00 -6.6697605960412991e+00
1.8723892215395168e+00 2.2637711708939503e+00 -6.5976592746635001e+00
1.8739600178663116e+00 2.2535637951078669e+00 -6.3987752241511036e+00
1.8755308141931066e+00 2.2440153494242900e+00 -5.7586834109336742e+00
1.8771016105199014e+00 2.2358281923982699e+00 -4.6655286735519104e+00
1.8786724068466965e+00 2.2292068804751310e+00 -3.7649875050140245e+00
1.8802432031734913e+00 2.2235188691542285e+00 -3.4772134396610301e+00
1.8818139995002863e+00 2.2177348647086914e+00 -3.8872097473199387e+00
1.8833847958270811e+00 2.2107305102582235e+00 -5.0310113243581558e+00
1.8849555921538761e+00 2.2014886566875829e+00 -6.7360821084323561e+00
1.8865263884806709e+00 2.1896557559697176e+00 -8.3300350144794670e+00
1.8880971848074657e+00 2.1757813894289959e+00 -9.3353571233190440e+00
1.8896679811342607e+00 2.1604771605769892e+00 -1.0150592252730895e+01
1.8912387774610555e+00 2.1437259035709229e+00 -1.1177770591416039e+01
1.8928095737878505e+00 2.1250590825200315e+00 -1.2589564145071476e+01
1.8943803701146453e+00 2.1037734233002121e+00 -1.4512178909360912e+01
1.8959511664414403e+00 2.0790415396908384e+00 -1.6977433317878710e+01
1.8975219627682351e+00 2.0501844901622128e+00 -1.9764503286350713e+01
1.8990927590950299e+00 2.0170289234166487e+00 -2.2450475422210420e+01
1.9006635554218250e+00 1.9800888803598899e+00 -2.4583048181870854e+01
1.9022343517486198e+00 1.9405059753408520e+00 -2.5815471783867316e+01
1.9038051480754148e+00 1.8997022546726576e+00 -2.6137438943201222e+01
1.9053759444022096e+00 1.8587781410055348e+00 -2.5968760911019384e+01
1.9069467407290046e+00 1.8181756364946295e+00 -2.5727953447549083e+01
1.9085175370557994e+00 1.7780436213547874e+00 -2.5369715238411324e+01
1.9100883333825944e+00 1.7390923315890208e+00 -2.4224607209796794e+01
1.9116591297093892e+00 1.7034704915295085e+00 -2.1130528210208332e+01
1.9132299260361840e+00 1.6748716531389714e+00 -1.5282643762115793e+01
1.9148007223629790e+00 1.6568357374322651e+00 -7.6813973411707348e+00
1.9163715186897738e+00 1.6492940762661528e+00 -1.9209438885175081e+00
1.9179423150165689e+00 1.6477853704641214e+00 0.0000000000000000e+00
1.9195131113433637e+00 1.6485281895158497e+00 9.4578659124307074e-01
1.9210839076701587e+00 1.6520538443574804e+00 3.5432165742076873e+00
1.9226547039969535e+00 1.6597139057578443e+00 6.2098765158356555e+00
1.9242255003237485e+00 1.6710487897604220e+00 8.2221460312311851e+00
1.9257962966505433e+00 1.6852501622294733e+00 9.8596029858791816e+00
1.9273670929773381e+00 1.7023115655811381e+00 1.1863650450138664e+01
1.9289378893041331e+00 1.7232088358903972e+00 1.4743580484627859e+01
1.9305086856309279e+00 1.7490787367917229e+00 1.8195000361321874e+01
1.9320794819577229e+00 1.7796886705213699e+00 2.0778777724984273e+01
1.9336502782845177e+00 1.8121399802372256e+00 2.0539513083694064e+01
1.9352210746113128e+00 1.8413809936321006e+00 1.6691301498788487e+01
1.9367918709381076e+00 1.8623115421726457e+00 9.9583005960340696e+00
1.9383626672649024e+00 1.8709945350234367e+00 1.0972292682463574e+00
1.9399334635916974e+00 1.8718562968755434e+00 0.0000000000000000e+00
1.9415042599184922e+00 1.8676134677419374e+00 -5.4021378344619002e+00
1.9430750562452872e+00 1.8568395267825319e+00 -8.3156698476937763e+00
1.9446458525720820e+00 1.8407188987763254e+00 -1.2209751215774865e+01
1.9462166488988770e+00 1.8175683650337509e+00 -1.7266423826994476e+01
1.9477874452256718e+00 1.7865510258893824e+00 -2.2226078944079681e+01
1.9493582415524668e+00 1.7473103191052664e+00 -2.7736740696810188e+01
1.9509290378792616e+00 1.6982813013058080e+00 -3.4688943604988133e+01
1.9524998342060564e+00 1.6385780361542897e+00 -4.1327614535738469e+01
1.9540706305328515e+00 1.5703749023518143e+00 -4.5511312496429724e+01
1.9556414268596463e+00 1.4981967320503291e+00 -4.6388788198056126e+01
1.9572122231864413e+00 1.4270134789915052e+00 -4.4244544519321558e+01
1.9587830195132361e+00 1.3605346500566686e+00 -4.0398929368201856e+01
1.9603538158400311e+00 1.2999751332677640e+00 -3.6707842217478351e+01
1.9619246121668259e+00 1.2442959974231156e+00 -3.4185035356613490e+01
1.9634954084936209e+00 1.1917978159132876e+00 -3.2657725368378543e+01
1.9650662048204157e+00 1.1412849288881812e+00 -3.1657279910730729e+01
1.9666370011472105e+00 1.0920827907717277e+00 -3.0988828024663199e+01
1.9682077974740055e+00 1.0435970683169051e+00 -3.0745111159865598e+01
1.9697785938008003e+00 9.9512472097861893e-01 -3.0971798297382463e+01
1.9713493901275954e+00 9.4624433446672485e-01 -3.1264642771495442e+01
1.9729201864543902e+00 8.9720731345564697e-01 -3.1171231535821850e+01
1.9744909827811852e+00 8.4889018839339347e-01 -3.0348042781348806e+01
1.9760617791079800e+00 8.0271667519288370e-01 -2.8441900144894916e+01
1.9776325754347750e+00 7.6040546554320010e-01 -2.5430405166658048e+01
1.9792033717615698e+00 7.2344089454662353e-01 -2.1634348380356691e+01
1.9807741680883646e+00 6.9263003582753746e-01 -1.7595255348034286e+01
1.9823449644151596e+00 6.6791871164194627e-01 -1.3868179807828364e+01
1.9839157607419544e+00 6.4858307620281663e-01 -1.0750715855855624e+01
1.9854865570687494e+00 6.3366488220909456e-01 -8.2437186729804193e+00
1.9870573533955442e+00 6.2234959497117281e-01 -6.1633524983795898e+00
1.9886281497223393e+00 6.1432939524586416e-01 -4.0482829485566878e+00
1.9901989460491341e+00 6.1114988125315473e-01 0.0000000000000000e+00
1.9917697423759289e+00 6.1162694760631564e-01 6.0741974630717066e-01
1.9933405387027239e+00 6.1529367054746076e-01 4.0611969019460812e+00
1.9949113350295187e+00 6.2317058988337604e-01 5.9680082872308553e+00
1.9964821313563137e+00 6.3290472272299692e-01 6.4258745778786945e+00
1.9980529276831085e+00 6.4133704480710363e-01 4.3104913535502511e+00
1.9996237240099035e+00 6.4472249679952287e-01 0.0000000000000000e+00
2.0011945203366985e+00 6.4398789047356619e-01 -9.3532982402052156e-01
2.0027653166634933e+00 6.3801820530173980e-01 -6.6655094063684528e+00
2.0043361129902881e+00 6.2503813744436665e-01 -9.8612262829859301e+00
2.0059069093170829e+00 6.0810424794186990e-01 -1.1699671477769883e+01
2.0074777056438777e+00 5.8860185075521620e-01 -1.3131551837410932e+01
2.0090485019706730e+00 5.6685664503983479e-01 -1.4555303987807598e+01
2.0106192982974678e+00 5.4257576180735612e-01 -1.6360076724883168e+01
2.0121900946242626e+00 5.1453278425061910e-01 -1.9345351252477265e+01
2.0137608909510574e+00 4.8064859827673845e-01 -2.3797334270630767e+01
2.0153316872778526e+00 4.3993529711357415e-01 -2.8040450767010704e+01
2.0169024836046474e+00 3.9428887014611413e-01 -3.0078385123828532e+01
2.0184732799314422e+00 3.4777085724974532e-01 -2.9150188438332222e+01
2.0200440762582370e+00 3.0487859503868936e-01 -2.5461935971937304e+01
2.0216148725850318e+00 2.6898104697713321e-01 -2.0244241779069910e+01
2.0231856689118271e+00 2.4068068712987678e-01 -1.5788895508684188e+01
2.0247564652386218e+00 2.1834966620674071e-01 -1.2643843404962730e+01
2.0263272615654166e+00 2.0052514996657095e-01 -1.0051035537796952e+01
2.0278980578922114e+00 1.8697583816587401e-01 -7.2004840507982353e+00
2.0294688542190067e+00 1.7849835174466780e-01 -3.5933869006345232e+00
2.0310396505458015e+00 1.7500602744724592e-01 -8.5317849788272848e-01
2.0326104468725963e+00 1.7433594262195867e-01 0.0000000000000000e+00
2.0341812431993911e+00 1.7647522567137200e-01 2.7238197758948601e+00
2.0357520395261859e+00 1.8481219316443157e-01 7.8911369194408145e+00
2.0373228358529811e+00 2.0015969262616645e-01 1.1649906308037366e+01
2.0388936321797759e+00 2.1921031640546457e-01 1.2606101239638523e+01
2.0404644285065707e+00 2.3748085239576874e-01 1.0656667686725228e+01
2.0420352248333655e+00 2.5109156461325316e-01 6.6730293405870098e+00
2.0436060211601603e+00 2.5821162205243303e-01 2.3925093517631413e+00
2.0451768174869556e+00 2.6021855767172070e-01 1.6280044245091804e-01
2.0467476138137504e+00 2.6034642084022191e-01 0.0000000000000000e+00
2.0483184101405452e+00 2.5946265924653145e-01 -1.1252402092049698e+00
2.0498892064673400e+00 2.5668236096246849e-01 -2.4147455122235360e+00
2.0514600027941352e+00 2.5220565583193177e-01 -3.2851724900933386e+00
2.0530307991209300e+00 2.4639254462031379e-01 -4.1163105824824440e+00
2.0546015954477248e+00 2.3915817656626212e-01 -5.0947729051054891e+00
2.0561723917745196e+00 2.3021848567373118e-01 -6.2875950569743946e+00
2.0577431881013144e+00 2.1946795730871740e-01 -7.4004027841590396e+00
2.0593139844281096e+00 2.0736167306604522e-01 -8.0137970534119685e+00
2.0608847807549044e+00 1.9480318499749033e-01 -7.9761665775578434e+00
2.0624555770816992e+00 1.8276328594762681e-01 -7.3535090073486629e+00
2.0640263734084940e+00 1.7201652757507918e-01 -6.3296887302935279e+00
2.0655971697352893e+00 1.6305929218652285e-01 -5.0750175779151050e+00
2.0671679660620841e+00 1.5592041338037280e-01 -4.0144852231474628e+00
2.0687387623888789e+00 1.5010597377340054e-01 -3.3886892149244567e+00
2.0703095587156737e+00 1.4494805900775301e-01 -3.1785718330717887e+00
2.0718803550424685e+00 1.3981113799294617e-01 -3.3619591411617584e+00
2.0734511513692637e+00 1.3409286251592939e-01 -3.9187753238637235e+00
2.0750219476960585e+00 1.2733922971737502e-01 -4.6802170258766411e+00
2.0765927440228533e+00 1.1955696219407136e-01 -5.2284737325023549e+00
2.0781635403496481e+00 1.1131007014045406e-01 -5.2717953513260127e+00
2.0797343366764434e+00 1.0345128590404661e-01 -4.7343195120070796e+00
2.0813051330032382e+00 9.7055502007257877e-02 -3.4090454649651942e+00
2.0828759293300330e+00 9.3676999672069897e-02 -8.9259731017649868e-01
2.0844467256568278e+00 9.2975955384003814e-02 0.0000000000000000e+00
2.0860175219836226e+00 9.4199930184651157e-02 1.5584131179436387e+00
2.0875883183104178e+00 9.8164518045884303e-02 3.4894569255542995e+00
2.0891591146372126e+00 1.0547666446126296e-01 5.8206570473998420e+00
2.0907299109640074e+00 1.1597967107443247e-01 7.5521863111033349e+00
2.0923007072908022e+00 1.2842525583288089e-01 8.2940243607074109e+00
2.0938715036175974e+00 1.4128368460638213e-01 8.0778356368712050e+00
2.0954422999443922e+00 1.5348703164122923e-01 7.4599483860236848e+00
2.0970130962711870e+00 1.6504788949434535e-01 7.2597930036267080e+00
2.0985838925979818e+00 1.7649140961786783e-01 7.3105493486156510e+00
2.1001546889247766e+00 1.8751155816768433e-01 6.7207395738674505e+00
2.1017254852515719e+00 1.9676320414656695e-01 5.0588219403333650e+00
2.1032962815783667e+00 2.0313834622652394e-01 3.0582610591735615e+00
2.1048670779051615e+00 2.0554029884558864e-01 0.0000000000000000e+00
2.1064378742319563e+00 2.0454064211598127e-01 -1.2728024792967887e+00
2.1080086705587515e+00 1.9756708555551766e-01 -7.6062055009308427e+00
2.1095794668855463e+00 1.8196492146968113e-01 -1.2259086796604219e+01
2.1111502632123411e+00 1.6043557557405930e-01 -1.5152927769984858e+01
2.1127210595391359e+00 1.3628885487359910e-01 -1.5591631901518117e+01
2.1142918558659307e+00 1.1325343939171792e-01 -1.3737970019419411e+01
2.1158626521927260e+00 9.4061861238251832e-02 -1.0697506211443654e+01
2.1174334485195208e+00 7.9260221918153059e-02 -8.1485262978141559e+00
2.1190042448463156e+00 6.7721557395911125e-02 -6.5429576653378483e+00
2.1205750411731104e+00 5.8415811548673140e-02 -5.3054859406213168e+00
2.1221458374999056e+00 5.1168187917391951e-02 -3.9224750720809194e+00
2.1237166338267004e+00 4.6148314260704641e-02 -2.4690265771880644e+00
2.1252874301534952e+00 4.2996593720848617e-02 -1.5438686481109303e+00
2.1268582264802900e+00 4.1784042120095469e-02 0.0000000000000000e+00
2.1284290228070848e+00 4.2125903427263321e-02 4.3527133510099414e-01
2.1299998191338800e+00 4.7028050882384195e-02 5.8063366588803671e+00
2.1315706154606748e+00 5.9484361728209770e-02 1.0053530891539245e+01
2.1331414117874696e+00 7.6317930194596317e-02 1.1379634158872294e+01
2.1347122081142644e+00 9.2963457306629124e-02 9.8141092031304815e+00
2.1362830044410592e+00 1.0572256876700704e-01 6.4312960639073147e+00
2.1378538007678545e+00 1.1323462376058288e-01 3.1333494161365874e+00
2.1394245970946493e+00 1.1626612213753269e-01 7.2647419719662309e-01
2.1409953934214441e+00 1.1683669363776653e-01 0.0000000000000000e+00
2.1425661897482389e+00 1.1577190392066428e-01 -1.3557323746420276e+00
2.1441369860750341e+00 1.1262514301256572e-01 -2.6508480513748989e+00
2.1457077824018289e+00 1.0762019603392479e-01 -3.7216483611339037e+00
2.1472785787286237e+00 1.0066436095816216e-01 -5.1347959239835408e+00
2.1488493750554185e+00 9.0893906807086755e-02 -7.3053326711882560e+00
2.1504201713822133e+00 7.7071478698703677e-02 -1.0293929400665032e+01
2.1519909677090086e+00 5.8870554745562464e-02 -1.2880206727186698e+01
2.1535617640358033e+00 3.8244899489040404e-02 -1.3381193181493499e+01
2.1551325603625981e+00 1.9183465788719056e-02 -1.0888577985104659e+01
2.1567033566893929e+00 6.0379501496279986e-03 -5.8488123625216417e+00
2.1582741530161882e+00 7.2215183102299649e-04 -9.1947226856144137e-01
2.1598449493429830e+00 0.0000000000000000e+00 0.0000000000000000e+00
2.1614157456697778e+00 3.5078729282272620e-03 4.4663625301251590e+00
2.1629865419965726e+00 1.5168474956625318e-02 1.0380377087851221e+01
2.1645573383233674e+00 3.5093466658770854e-02 1.4988910275842034e+01
2.1661281346501626e+00 6.0708089138361163e-02 1.7624639988627408e+01
2.1676989309769574e+00 8.9284439851737313e-02 1.8759899783866242e+01
2.1692697273037522e+00 1.1937584555022288e-01 1.9553667908116982e+01
2.1708405236305470e+00 1.5135810589609147e-01 2.1167410694260727e+01
2.1724113199573423e+00 1.8623524787053294e-01 2.3239545674930969e+01
2.1739821162841371e+00 2.2341894828065750e-01 2.4104212106827642e+01
2.1755529126109319e+00 2.6023340989114507e-01 2.2769416233782632e+01
2.1771237089377267e+00 2.9314476346708657e-01 1.9134620609869707e+01
2.1786945052645215e+00 3.1923509568403624e-01 1.4084622104030538e+01
2.1802653015913167e+00 3.3781563528006209e-01 9.5728556721418379e+00
2.1818360979181115e+00 3.5057704484251434e-01 6.6754756293348541e+00
2.1834068942449063e+00 3.5959142388073234e-01 4.8019882333567638e+00
2.1849776905717011e+00 3.6595483681182367e-01 3.3001607499883305e+00
2.1865484868984963e+00 3.7001726142022884e-01 1.8722789089372336e+00
2.1881192832252911e+00 3.7188175343698476e-01 5.0166605763955452e-01
2.1896900795520859e+00 3.7227576103729371e-01 0.0000000000000000e+00
2.1912608758788807e+00 3.7209381529317231e-01 -2.3166051641165583e-01
2.1928316722056755e+00 3.7140325176404831e-01 -6.4759227702093469e-01
2.1944024685324708e+00 3.6967561231845641e-01 -1.5521065841505230e+00
2.1959732648592656e+00 3.6628178267927941e-01 -2.7690515205441417e+00
2.1975440611860604e+00 3.6079885449176913e-01 -4.2120294687374615e+00
2.1991148575128552e+00 3.5307735382710320e-01 -5.6192905222146283e+00
2.2006856538396504e+00 3.4319975389786167e-01 -6.9572603147661720e+00
2.2022564501664452e+00 3.3129162452351540e-01 -8.2046409084748504e+00
2.2038272464932400e+00 3.1754274202259519e-01 -9.3009799876151309e+00
2.2053980428200348e+00 3.0228690686086312e-01 -1.0123352628264527e+01
2.2069688391468296e+00 2.8621365507035396e-01 -1.0341747163898278e+01
2.2085396354736249e+00 2.7028593973077353e-01 -9.9380498637359338e+00
2.2101104318004197e+00 2.5520300712450367e-01 -9.2661363811434079e+00
2.2116812281272145e+00 2.4108153464272339e-01 -8.7138808125497729e+00
2.2132520244540093e+00 2.2770755301834086e-01 -8.3144014621765248e+00
2.2148228207808045e+00 2.1508341028277897e-01 -7.7591562871184605e+00
2.2163936171075993e+00 2.0384503517512242e-01 -6.5499873185180322e+00
2.2179644134343941e+00 1.9534707024446346e-01 -4.2699576809702240e+00
2.2195352097611889e+00 1.9100350679902417e-01 -1.2604390628295303e+00
2.2211060060879837e+00 1.9001356027400351e-01 0.0000000000000000e+00
2.2226768024147789e+00 1.9114287540916974e-01 1.4378886885612534e+00
2.2242475987415737e+00 1.9505352304734136e-01 3.5413025298843395e+00
2.2258183950683685e+00 2.0320916477880371e-01 6.8427830353065353e+00
2.2273891913951633e+00 2.1646866977880846e-01 1.0039743074314192e+01
2.2289599877219581e+00 2.3366602377914183e-01 1.1856608103721063e+01
2.2305307840487534e+00 2.5290330452984927e-01 1.2637058481246774e+01
2.2321015803755482e+00 2.7303052235311959e-01 1.2989711176840995e+01
2.2336723767023430e+00 2.9398130198890460e-01 1.3685649948474291e+01
2.2352431730291378e+00 3.1645274520186223e-01 1.4925880177535701e+01
2.2368139693559330e+00 3.4094019482383692e-01 1.6252509030865728e+01
2.2383847656827278e+00 3.6729033045866533e-01 1.7297525668535059e+01
2.2399555620095226e+00 3.9490911768557208e-01 1.7867806406391185e+01
2.2415263583363174e+00 4.2306727355381168e-01 1.7984271151870189e+01
2.2430971546631122e+00 4.5103084424336998e-01 1.7620052862074779e+01
2.2446679509899075e+00 4.7810885153218768e-01 1.6856736810667261e+01
2.2462387473167023e+00 5.0415498073973386e-01 1.6306224883664079e+01
2.2478095436434971e+00 5.2984903464468713e-01 1.6408460612681456e+01
2.2493803399702919e+00 5.5623255396828686e-01 1.7184079519412151e+01
2.2509511362970871e+00 5.8435690004642671e-01 1.8624950077084886e+01
2.2525219326238819e+00 6.1522569995100052e-01 2.0678426659938019e+01
2.2540927289506767e+00 6.4943389947105512e-01 2.2876805723188632e+01
2.2556635252774715e+00 6.8671650952439156e-01 2.4592887727663015e+01
2.2572343216042663e+00 7.2619529854728126e-01 2.5673067634539777e+01
2.2588051179310615e+00 7.6682173371795714e-01 2.6054116186372831e+01
2.2603759142578563e+00 8.0749370599197190e-01 2.5731047275278033e+01
2.2619467105846511e+00 8.4729174376443883e-01 2.4941388219493739e+01
2.2635175069114459e+00 8.8590222926750406e-01 2.4219008764435713e+01
2.2650883032382412e+00 9.2390599846662558e-01 2.4168893028863309e+01
2.2666590995650360e+00 9.6204469795337078e-01 2.4390807342434282e+01
2.2682298958918308e+00 9.9979825316212101e-01 2.3678512103691691e+01
2.2698006922186256e+00 1.0350391155889400e+00 2.1191547528708661e+01
2.2713714885454204e+00 1.0644770731384985e+00 1.6290024139626642e+01
2.2729422848722156e+00 1.0844694544751483e+00 9.1650663716156622e+00
2.2745130811990104e+00 1.0945978789660622e+00 3.7308442160807105e+00
2.2760838775258052e+00 1.0981420992799633e+00 7.8179724283207441e-01
2.2776546738526000e+00 1.0987561213986328e+00 0.0000000000000000e+00
2.2792254701793953e+00 1.0962238132608979e+00 -3.2242348604180826e+00
2.2807962665061901e+00 1.0893827388394439e+00 -5.4860916214539062e+00
2.2823670628329848e+00 1.0799051704689528e+00 -6.5811232157872057e+00
2.2839378591597796e+00 1.0693922244078182e+00 -6.8043754409179407e+00
2.2855086554865744e+00 1.0587925014237796e+00 -6.6916110255992436e+00
2.2870794518133697e+00 1.0483244073344700e+00 -6.6367803269152681e+00
2.2886502481401645e+00 1.0379794243640124e+00 -6.5348610806841156e+00
2.2902210444669593e+00 1.0282546629613694e+00 -5.8470897002758049e+00
2.2917918407937541e+00 1.0203839810871351e+00 -4.1741737060300910e+00
2.2933626371205493e+00 1.0157866499351178e+00 -1.6793301169599972e+00
2.2949334334473441e+00 1.0144677071455195e+00 0.0000000000000000e+00
2.2965042297741389e+00 1.0151144684029145e+00 8.2348200891817191e-01
2.2980750261009337e+00 1.0174364186467613e+00 2.1329168624551444e+00
2.2996458224277285e+00 1.0219037799396617e+00 3.5551041962853902e+00
2.3012166187545238e+00 1.0289751852405702e+00 5.4484886696789738e+00
2.3027874150813186e+00 1.0386958759288392e+00 6.9282791167646431e+00
2.3043582114081134e+00 1.0501687735103489e+00 7.6794677767108181e+00
2.3059290077349082e+00 1.0624714415220158e+00 7.9847756414927176e+00
2.3074998040617030e+00 1.0751212256821505e+00 8.1214297835562377e+00
2.3090706003884982e+00 1.0881668479798254e+00 8.4887724115186316e+00
2.3106413967152930e+00 1.1021430075499645e+00 9.3062266367123527e+00
2.3122121930420878e+00 1.1176951581840688e+00 1.0495386556308409e+01
2.3137829893688826e+00 1.1353972749498249e+00 1.2043648535373064e+01
2.3153537856956778e+00 1.1559946298186514e+00 1.4181718200554405e+01
2.3169245820224726e+00 1.1806126671838031e+00 1.7162940486526569e+01
2.3184953783492674e+00 1.2104343996891600e+00 2.0807268631810285e+01
2.3200661746760622e+00 1.2459847548749150e+00 2.4456849420076502e+01
2.3216369710028570e+00 1.2865815330269916e+00 2.7232573911991270e+01
2.3232077673296523e+00 1.3303994823814400e+00 2.8558171975282569e+01
2.3247785636564471e+00 1.3752138003282777e+00 2.8501189804969446e+01
2.3263493599832419e+00 1.4193550725384128e+00 2.7701223527897220e+01
2.3279201563100367e+00 1.4623021387791904e+00 2.6980679540224688e+01
2.3294909526368319e+00 1.5043889108833579e+00 2.6605863013046431e+01
2.3310617489636267e+00 1.5458352534939572e+00 2.6165259383413925e+01
2.3326325452904215e+00 1.5861294444223453e+00 2.5138897929721828e+01
2.3342033416172163e+00 1.6241620654841644e+00 2.3285739196116765e+01
2.3357741379440111e+00 1.6587430711152209e+00 2.0744164670056449e+01
2.3373449342708064e+00 1.6891092113932908e+00 1.7919205952948843e+01
2.3389157305976012e+00 1.7151157080680037e+00 1.5193294033321255e+01
2.3404865269243960e+00 1.7373613158682952e+00 1.3130693514680587e+01
2.3420573232511908e+00 1.7570858612531164e+00 1.1983377671198781e+01
2.3436281195779860e+00 1.7756699025985347e+00 1.1678558670776036e+01
2.3451989159047808e+00 1.7944000162707656e+00 1.2169362734094426e+01
2.3467697122315756e+00 1.8145453904981190e+00 1.3480524375662080e+01
2.3483405085583704e+00 1.8372284795648224e+00 1.5400481620816347e+01
2.3499113048851652e+00 1.8629282466677111e+00 1.7321478145067299e+01
2.3514821012119604e+00 1.8913523889562718e+00 1.8869263841899389e+01
2.3530528975387552e+00 1.9217648574098842e+00 1.9853093646253164e+01
2.3546236938655500e+00 1.9531558523390167e+00 2.0115162446101792e+01
2.3561944901923448e+00 1.9844383642469881e+00 1.9714968773778551e+01
2.3577652865191401e+00 2.0147921816912371e+00 1.8932711929902954e+01
2.3593360828459349e+00 2.0439755565645017e+00 1.8224715007570303e+01
2.3609068791727297e+00 2.0721421110699554e+00 1.7638056027714210e+01
2.3624776754995245e+00 2.0991278273868539e+00 1.6721225129968200e+01
2.3640484718263193e+00 2.1241308561353507e+00 1.5113619810769766e+01
2.3656192681531145e+00 2.1460172713776093e+00 1.2753029568162161e+01
2.3671900644799093e+00 2.1636641272261925e+00 9.7156451384963294e+00
2.3687608608067041e+00 2.1762384253325600e+00 6.2944484578202395e+00
2.3703316571334989e+00 2.1831571757083759e+00 2.5147781208204845e+00
2.3719024534602942e+00 2.1851322778258209e+00 0.0000000000000000e+00
2.3734732497870890e+00 2.1840882648144362e+00 -1.3292786513129673e+00
2.3750440461138838e+00 2.1808933804352235e+00 -2.7385744811576380e+00
2.3766148424406786e+00 2.1762688889915895e+00 -3.1495108991667977e+00
2.3781856387674734e+00 2.1715882139028158e+00 -2.8101097199170200e+00
2.3797564350942686e+00 2.1680718869730145e+00 -1.6670167793221848e+00
2.3813272314210634e+00 2.1661309045010104e+00 -8.0431885967156891e-01
2.3828980277478582e+00 2.1651908598447114e+00 -3.9258317054566061e-01
2.3844688240746530e+00 2.1645988514851817e+00 -3.6118528362108188e-01
2.3860396204014482e+00 2.1637767694897230e+00 -6.8552202201153867e-01
2.3876104167282430e+00 2.1618639120171115e+00 -1.7500037555594774e+00
2.3891812130550378e+00 2.1576652753575383e+00 -3.5958664733844374e+00
2.3907520093818326e+00 2.1501994479583821e+00 -5.9099202053890352e+00
2.3923228057086274e+00 2.1391933359167736e+00 -8.1034968797737399e+00
2.3938936020354227e+00 2.1250208889549085e+00 -9.9414230377306456e+00
2.3954643983622175e+00 2.1084922544964799e+00 -1.1103487975214371e+01
2.3970351946890123e+00 2.0907651958405742e+00 -1.1467304117325922e+01
2.3986059910158071e+00 2.0730100740500612e+00 -1.1139219067945550e+01
2.4001767873426019e+00 2.0561198889129439e+00 -1.0366032566531425e+01
2.4017475836693971e+00 2.0408284162658945e+00 -9.1036751049238394e+00
2.4033183799961919e+00 2.0281014754194922e+00 -7.1007692642218245e+00
2.4048891763229867e+00 2.0193681073436958e+00 -4.0189003286107186e+00
2.4064599726497815e+00 2.0149228787200384e+00 -1.6409405404187505e+00
2.4080307689765768e+00 2.0136340870333487e+00 0.0000000000000000e+00
2.4096015653033716e+00 2.0164661927518783e+00 3.6059489957026383e+00
2.4111723616301663e+00 2.0290214501829720e+00 1.2379901259896904e+01
2.4127431579569611e+00 2.0549500455813092e+00 2.0633411740706499e+01
2.4143139542837559e+00 2.0933310426130021e+00 2.8234791446410838e+01
2.4158847506105512e+00 2.1429326339654491e+00 3.4919916145304597e+01
2.4174555469373460e+00 2.2019139935437293e+00 4.0177483272010306e+01
2.4190263432641408e+00 2.2681714377112252e+00 4.4184114775132862e+01
2.4205971395909356e+00 2.3405295168576448e+00 4.7945052975171237e+01
2.4221679359177308e+00 2.4195157842542967e+00 5.2623386165249634e+01
2.4237387322445256e+00 2.5065628523977921e+00 5.8208383248311975e+01
2.4253095285713204e+00 2.6017827910594433e+00 6.3029408102966364e+01
2.4268803248981152e+00 2.7022913731969456e+00 6.4942093259771752e+01
2.4284511212249100e+00 2.8026976742628573e+00 6.2899179797939219e+01
2.4300219175517053e+00 2.8972371171150471e+00 5.7472177378672143e+01
2.4315927138785001e+00 2.9822504234733538e+00 5.0770126105415777e+01
2.4331635102052949e+00 3.0575148465340547e+00 4.5059513647151874e+01
2.4347343065320897e+00 3.1251638746986043e+00 4.1073904174860985e+01
2.4363051028588849e+00 3.1873928275292815e+00 3.8158459396599028e+01
2.4378758991856797e+00 3.2452117095004742e+00 3.5458827561503227e+01
2.4394466955124745e+00 3.2985239317651533e+00 3.2420402043601065e+01
2.4410174918392693e+00 3.3462582309444722e+00 2.8356795311730483e+01
2.4425882881660641e+00 3.3860163032607637e+00 2.2264754583815414e+01
2.4441590844928593e+00 3.4149814947753314e+00 1.4614872673351554e+01
2.4457298808196541e+00 3.4332462645130448e+00 8.6405544321884413e+00
2.4473006771464489e+00 3.4447762065304066e+00 6.0398236928212867e+00
2.4488714734732437e+00 3.4543542068359150e+00 6.1552650556381305e+00
2.4504422698000390e+00 3.4661937617370984e+00 8.9193244366085143e+00
2.4520130661268338e+00 3.4847132390763180e+00 1.4660406459514013e+01
2.4535838624536286e+00 3.5135586195922706e+00 2.2066672696332336e+01
2.4551546587804234e+00 3.5530865271042806e+00 2.8261822268596116e+01
2.4567254551072182e+00 3.6003173222525424e+00 3.1874293843460471e+01
2.4582962514340134e+00 3.6511106676178087e+00 3.2797802084972986e+01
2.4598670477608082e+00 3.7014990495918023e+00 3.1358678439540306e+01
2.4614378440876030e+00 3.7483577295271839e+00 2.8303645868279670e+01
2.4630086404143978e+00 3.7900669004279468e+00 2.4802119900692237e+01
2.4645794367411931e+00 3.8268181081912855e+00 2.1990971140357971e+01
2.4661502330679879e+00 3.8599474319520088e+00 2.0190593962131711e+01
2.4677210293947827e+00 3.8907834138671449e+00 1.9070997612960173e+01
2.4692918257215775e+00 3.9201005071425543e+00 1.8256684881982867e+01
2.4708626220483723e+00 3.9482049031967810e+00 1.7526943555159811e+01
2.4724334183751675e+00 3.9751529727714958e+00 1.6784404281633989e+01
2.4740042147019623e+00 4.0009035235725214e+00 1.6002215296945774e+01
2.4755750110287571e+00 4.0253951176809437e+00 1.5181450835501757e+01
2.4771458073555519e+00 4.0485736578194222e+00 1.4330383058042399e+01
2.4787166036823467e+00 4.0703989017251807e+00 1.3458380556261131e+01
2.4802874000091419e+00 4.0908453263194575e+00 1.2574815785611964e+01
2.4818581963359367e+00 4.1099020245320634e+00 1.1688925970762991e+01
2.4834289926627315e+00 4.1275724420627924e+00 1.0809748401343915e+01
2.4849997889895263e+00 4.1438740138372427e+00 9.9460574232259233e+00
2.4865705853163216e+00 4.1588377257477323e+00 9.1063323172293185e+00
2.4881413816431164e+00 4.1725077822289913e+00 8.2989241734741945e+00
2.4897121779699112e+00 4.1849420907070627e+00 7.5329290922430303e+00
2.4912829742967060e+00 4.1962155596806303e+00 6.8208974112489384e+00
2.4928537706235008e+00 4.2064300622217248e+00 6.1846111538706552e+00
2.4944245669502960e+00 4.2157321787306028e+00 5.6592114349642761e+00
2.4959953632770908e+00 4.2243242778462848e+00 5.2805889314072827e+00
2.4975661596038856e+00 4.2324241696505505e+00 5.0325136218600859e+00
2.4991369559306804e+00 4.2401907171968780e+00 4.8561618401908779e+00
2.5007077522574757e+00 4.2477007766058552e+00 4.7059427826274343e+00
2.5022785485842705e+00 4.2549786048807263e+00 4.5604759767311611e+00
2.5038493449110653e+00 4.2620260368053415e+00 4.4125930385182590e+00
2.5054201412378601e+00 4.2688379701402575e+00 4.2606298595974375e+00
2.5069909375646549e+00 4.2754078865611289e+00 4.1044475330614771e+00
2.5085617338914501e+00 4.2817292514436387e+00 3.9441642120483738e+00
2.5101325302182449e+00 4.2877956827862498e+00 3.7798560687853699e+00
2.5117033265450397e+00 4.2936008484948562e+00 3.6115104751534988e+00
2.5132741228718345e+00 4.2991383217156915e+00 3.4390194075269775e+00
2.5148449191986297e+00 4.3044014274943470e+00 3.2621749979796268e+00
2.5164157155254245e+00 4.3093830814175256e+00 3.0806637751972525e+00
2.5179865118522193e+00 4.3140756172911248e+00 2.8940584641576437e+00
2.5195573081790141e+00 4.3184705983454439e+00 2.7018052125637317e+00
2.5211281045058089e+00 4.3225586014040482e+00 2.5032019406502291e+00
2.5226989008326042e+00 4.3263289525906465e+00 2.2973582876643497e+00
2.5242696971593990e+00 4.3297693667144665e+00 2.0831130250485783e+00
2.5258404934861938e+00 4.3328653629255420e+00 1.8588317812427109e+00
2.5274112898129886e+00 4.3355993962286199e+00 1.6222475368590241e+00
2.5289820861397838e+00 4.3379515793563916e+00 1.3726450378786719e+00
2.5305528824665786e+00 4.3399098007018555e+00 1.1206398165102684e+00
2.5321236787933734e+00 4.3414978740491987e+00 9.0135796926760481e-01
2.5336944751201682e+00 4.3428104250370376e+00 7.6983385292966255e-01
2.5352652714469630e+00 4.3440175600796689e+00 7.6713821918433334e-01
2.5368360677737583e+00 4.3454001915053659e+00 9.9328278780646873e-01
2.5384068641005531e+00 4.3470623394376782e+00 1.1230296888138127e+00
2.5399776604273478e+00 4.3487252800498410e+00 9.9429205913776020e-01
2.5415484567541426e+00 4.3502871103640963e+00 9.9429205913790242e-01
2.5431192530809379e+00 4.3518489406783516e+00 9.9429205913790242e-01
2.5446900494077327e+00 4.3534107709926069e+00 9.9429205913804297e-01
2.5462608457345275e+00 4.3549726013068621e+00 9.9429205913776020e-01
2.5478316420613223e+00 4.3565344316211174e+00 9.9429205913776020e-01
2.5494024383881171e+00 4.3580962619353727e+00 9.9429205913790242e-01
2.5509732347149123e+00 4.3596580922496280e+00 9.9429205913790242e-01
2.5525440310417071e+00 4.3612199225638832e+00 9.9429205913776020e-01
2.5541148273685019e+00 4.3627817528781385e+00 9.9429205913776020e-01
2.5556856236952967e+00 4.3643435831923938e+00 9.9429205913790242e-01
2.5572564200220920e+00 4.3659054135066491e+00 9.9429205913790242e-01
2.5588272163488868e+00 4.3674672438209043e+00 9.9429205913804297e-01
2.5603980126756816e+00 4.3690290741351596e+00 9.9429205913776020e-01
2.5619688090024764e+00 4.3705909044494149e+00 9.9429205913776020e-01
2.5635396053292712e+00 4.3721527347636702e+00 9.9429205913790242e-01
2.5651104016560664e+00 4.3737145650779254e+00 9.9429205913790242e-01
2.5666811979828612e+00 4.3752763953921807e+00 9.9429205913776020e-01
2.5682519943096560e+00 4.3768382257064360e+00 9.9429205913776020e-01
2.5698227906364508e+00 4.3784000560206913e+00 9.9429205913804297e-01
2.5713935869632456e+00 4.3799618863349465e+00 9.9429205913790242e-01
2.5729643832900408e+00 4.3815237166492018e+00 9.9429205913790242e-01
2.5745351796168356e+00 4.3830855469634571e+00 9.9429205913776020e-01
2.5761059759436304e+00 4.3846473772777124e+00 9.9429205913776020e-01
2.5776767722704252e+00 4.3862092075919676e+00 9.9429205913790242e-01
2.5792475685972205e+00 4.3877710379062229e+00 9.9429205913790242e-01
2.5808183649240153e+00 4.3893328682204782e+00 9.9429205913804297e-01
2.5823891612508101e+00 4.3908946985347335e+00 9.9429205913776020e-01
2.5839599575776049e+00 4.3924565288489887e+00 9.9429205913776020e-01
2.5855307539043997e+00 4.3940183591632440e+00 9.9429205913790242e-01
2.5871015502311949e+00 4.3955801894774993e+00 9.9429205913790242e-01
2.5886723465579897e+00 4.3971420197917546e+00 9.9429205913776020e-01
2.5902431428847845e+00 4.3987038501060098e+00 9.9429205913776020e-01
2.5918139392115793e+00 4.4002656804202651e+00 9.9429205913790242e-01
2.5933847355383746e+00 4.4018275107345204e+00 9.9429205913790242e-01
2.5949555318651694e+00 4.4033893410487757e+00 9.9429205913804297e-01
2.5965263281919642e+00 4.4049511713630309e+00 9.9429205913776020e-01
2.5980971245187590e+00 4.4065130016772862e+00 9.9429205913776020e-01
2.5996679208455538e+00 4.4080748319915415e+00 9.9429205913790242e-01
2.6012387171723490e+00 4.4096366623057968e+00 9.9429205913790242e-01
2.6028095134991438e+00 4.4111984926200520e+00 9.9429205913776020e-01
2.6043803098259386e+00 4.4127603229343073e+00 9.9429205913776020e-01
2.6059511061527334e+00 4.4143221532485626e+00 9.9429205913790242e-01
2.6075219024795286e+00 4.4158839835628179e+00 9.9429205913790242e-01
2.6090926988063234e+00 4.4174458138770731e+00 9.9429205913804297e-01
2.6106634951331182e+00 4.4190076441913284e+00 9.9429205913776020e-01
2.6122342914599130e+00 4.4205694745055837e+00 9.9429205913776020e-01
2.6138050877867078e+00 4.4221313048198390e+00 9.9429205913790242e-01
2.6153758841135031e+00 4.4236931351340942e+00 9.9429205913790242e-01
2.6169466804402979e+00 4.4252549654483495e+00 9.9429205913804297e-01
2.6185174767670927e+00 4.4268167957626048e+00 9.9429205913776020e-01
2.6200882730938875e+00 4.4283786260768592e+00 9.9429205913761998e-01
2.6216590694206827e+00 4.4299404563911144e+00 9.9429205913790242e-01
2.6232298657474775e+00 4.4315022867053697e+00 9.9429205913804297e-01
2.6248006620742723e+00 4.4330641170196250e+00 9.9429205913776020e-01
2.6263714584010671e+00 4.4346259473338794e+00 9.9429205913776020e-01
2.6279422547278619e+00 4.4361877776481347e+00 9.9429205913790242e-01
2.6295130510546572e+00 4.4377496079623899e+00 9.9429205913790242e-01
2.6310838473814520e+00 4.4393114382766452e+00 9.9429205913804297e-01
2.6326546437082468e+00 4.4408732685909005e+00 9.9429205913776020e-01
2.6342254400350416e+00 4.4424350989051549e+00 9.9429205913761998e-01
2.6357962363618368e+00 4.4439969292194101e+00 9.9429205913790242e-01
2.6373670326886316e+00 4.4455587595336654e+00 9.9429205913804297e-01
2.6389378290154264e+00 4.4471205898479207e+00 9.9429205913804297e-01
2.6405086253422212e+00 4.4486824201621760e+00 9.9429205913776020e-01
2.6420794216690160e+00 4.4502442504764304e+00 9.9429205913761998e-01
2.6436502179958112e+00 4.4518060807906856e+00 9.9429205913790242e-01
2.6452210143226060e+00 4.4533679111049409e+00 9.9429205913804297e-01
2.6467918106494008e+00 4.4549297414191962e+00 9.9429205913776020e-01
2.6483626069761956e+00 4.4564915717334515e+00 9.9429205913790242e-01
2.6499334033029909e+00 4.4580534020477067e+00 9.9429205913790242e-01
2.6515041996297857e+00 4.4596152323619620e+00 9.9429205913776020e-01
2.6530749959565805e+00 4.4611770626762173e+00 9.9429205913804297e-01
2.6546457922833753e+00 4.4627388929904726e+00 9.9429205913776020e-01
2.6562165886101701e+00 4.4643007233047269e+00 9.9429205913761998e-01
2.6577873849369653e+00 4.4658625536189822e+00 9.9429205913790242e-01
2.6593581812637601e+00 4.4674243839332375e+00 9.9429205913804297e-01
2.6609289775905549e+00 4.4689862142474928e+00 9.9429205913776020e-01
2.6624997739173497e+00 4.4705480445617471e+00 9.9429205913776020e-01
2.6640705702441445e+00 4.4721098748760024e+00 9.9429205913790242e-01
2.6656413665709398e+00 4.4736717051902577e+00 9.9429205913790242e-01
2.6672121628977346e+00 4.4752335355045130e+00 9.9429205913804297e-01
2.6687829592245293e+00 4.4767953658187682e+00 9.9429205913776020e-01
2.6703537555513241e+00 4.4783571961330235e+00 9.9429205913790242e-01
2.6719245518781194e+00 4.4799190264472788e+00 9.9429205913790242e-01
2.6734953482049142e+00 4.4814808567615341e+00 9.9429205913776020e-01
2.6750661445317090e+00 4.4830426870757893e+00 9.9429205913804297e-01
2.6766369408585038e+00 4.4846045173900446e+00 9.9429205913776020e-01
2.6782077371852986e+00 4.4861663477042990e+00 9.9429205913761998e-01
2.6797785335120938e+00 4.4877281780185543e+00 9.9429205913790242e-01
2.6813493298388886e+00 4.4892900083328096e+00 9.9429205913804297e-01
2.6829201261656834e+00 4.4908518386470648e+00 9.9429205913776020e-01
2.6844909224924782e+00 4.4924136689613201e+00 9.9429205913790242e-01
2.6860617188192735e+00 4.4939754992755754e+00 9.9429205913790242e-01
2.6876325151460683e+00 4.4955373295898307e+00 9.9429205913776020e-01
2.6892033114728631e+00 4.4970991599040859e+00 9.9429205913804297e-01
2.6907741077996579e+00 4.4986609902183412e+00 9.9429205913776020e-01
2.6923449041264527e+00 4.5002228205325956e+00 9.9429205913761998e-01
2.6939157004532479e+00 4.5017846508468509e+00 9.9429205913790242e-01
2.6954864967800427e+00 4.5033464811611061e+00 9.9429205913804297e-01
2.6970572931068375e+00 4.5049083114753614e+00 9.9429205913776020e-01
2.6986280894336323e+00 4.5064701417896167e+00 9.9429205913790242e-01
2.7001988857604275e+00 4.5080319721038720e+00 9.9429205913790242e-01
2.7017696820872223e+00 4.5095938024181272e+00 9.9429205913776020e-01
2.7033404784140171e+00 4.5111556327323825e+00 9.9429205913804297e-01
2.7049112747408119e+00 4.5127174630466378e+00 9.9429205913776020e-01
2.7064820710676067e+00 4.5142792933608931e+00 9.9429205913790242e-01
2.7080528673944020e+00 4.5158411236751483e+00 9.9429205913790242e-01
2.7096236637211968e+00 4.5174029539894036e+00 9.9429205913776020e-01
2.7111944600479916e+00 4.5189647843036589e+00 9.9429205913804297e-01
2.7127652563747864e+00 4.5205266146179142e+00 9.9429205913790242e-01
2.7143360527015816e+00 4.5220884449321694e+00 9.9429205913761998e-01
2.7159068490283764e+00 4.5236502752464238e+00 9.9429205913776020e-01
2.7174776453551712e+00 4.5252121055606791e+00 9.9429205913804297e-01
2.7190484416819660e+00 4.5267739358749344e+00 9.9429205913776020e-01
2.7206192380087608e+00 4.5283357661891896e+00 9.9429205913790242e-01
2.7221900343355561e+00 4.5298975965034449e+00 9.9429205913790242e-01
2.7237608306623509e+00 4.5314594268177002e+00 9.9429205913776020e-01
2.7253316269891457e+00 4.5330212571319555e+00 9.9429205913804297e-01
2.7269024233159405e+00 4.5345830874462107e+00 9.9429205913790242e-01
2.7284732196427357e+00 4.5361449177604660e+00 9.9429205913761998e-01
2.7300440159695305e+00 4.5377067480747204e+00 9.9429205913776020e-01
2.7316148122963253e+00 4.5392685783889757e+00 9.9429205913804297e-01
2.7331856086231201e+00 4.5408304087032310e+00 9.9429205913776020e-01
2.7347564049499149e+00 4.5423922390174862e+00 9.9429205913790242e-01
2.7363272012767101e+00 4.5439540693317415e+00 9.9429205913790242e-01
2.7378979976035049e+00 4.5455158996459968e+00 9.9429205913776020e-01
2.7394687939302997e+00 4.5470777299602521e+00 9.9429205913804297e-01
2.7410395902570945e+00 4.5486395602745073e+00 9.9429205913776020e-01
2.7426103865838893e+00 4.5502013905887626e+00 9.9429205913790242e-01
2.7441811829106846e+00 4.5517632209030179e+00 9.9429205913790242e-01
2.7457519792374794e+00 4.5533250512172732e+00 9.9429205913776020e-01
2.7473227755642742e+00 4.5548868815315284e+00 9.9429205913804297e-01
2.7488935718910690e+00 4.5564487118457837e+00 9.9429205913790242e-01
2.7504643682178642e+00 4.5580105421600390e+00 9.9429205913761998e-01
2.7520351645446590e+00 4.5595723724742934e+00 9.9429205913776020e-01
2.7536059608714538e+00 4.5611342027885486e+00 9.9429205913804297e-01
2.7551767571982486e+00 4.5626960331028039e+00 9.9429205913776020e-01
2.7567475535250434e+00 4.5642578634170592e+00 9.9429205913790242e-01
2.7583183498518387e+00 4.5658196937313145e+00 9.9429205913790242e-01
2.7598891461786335e+00 4.5673815240455697e+00 9.9429205913776020e-01
2.7614599425054283e+00 4.5689433543598250e+00 9.9429205913804297e-01
2.7630307388322231e+00 4.5705051846740803e+00 9.9429205913790242e-01
2.7646015351590183e+00 4.5720670149883356e+00 9.9429205913761998e-01
2.7661723314858131e+00 4.5736288453025900e+00 9.9429205913776020e-01
2.7677431278126079e+00 4.5751906756168452e+00 9.9429205913804297e-01
2.7693139241394027e+00 4.5767525059311005e+00 9.9429205913804297e-01
2.7708847204661975e+00 4.5783143362453558e+00 9.9429205913790242e-01
2.7724555167929927e+00 4.5798761665596111e+00 9.9429205913761998e-01
2.7740263131197875e+00 4.5814379968738654e+00 9.9429205913776020e-01
2.7755971094465823e+00 4.5829998271881207e+00 9.9429205913804297e-01
2.7771679057733771e+00 4.5845616575023760e+00 9.9429205913790242e-01
2.7787387021001724e+00 4.5861234878166313e+00 9.9429205913790242e-01
2.7803094984269672e+00 4.5876853181308865e+00 9.9429205913776020e-01
2.7818802947537620e+00 4.5892471484451409e+00 9.9429205913776020e-01
2.7834510910805568e+00 4.5908089787593962e+00 9.9429205913804297e-01
2.7850218874073516e+00 4.5923708090736515e+00 9.9429205913790242e-01
2.7865926837341468e+00 4.5939326393879067e+00 9.9429205913761998e-01
2.7881634800609416e+00 4.5954944697021611e+00 9.9429205913776020e-01
2.7897342763877364e+00 4.5970563000164164e+00 9.9429205913804297e-01
2.7913050727145312e+00 4.5986181303306717e+00 9.9429205913790242e-01
2.7928758690413265e+00 4.6001799606449270e+00 9.9429205913790242e-01
2.7944466653681213e+00 4.6017417909591822e+00 9.9429205913776020e-01
2.7960174616949161e+00 4.6033036212734366e+00 9.9429205913776020e-01
2.7975882580217108e+00 4.6048654515876919e+00 9.9429205913804297e-01
2.7991590543485056e+00 4.6064272819019472e+00 9.9429205913790242e-01
2.8007298506753009e+00 4.6079891122162024e+00 9.9429205913790242e-01
2.8023006470020957e+00 4.6095509425304577e+00 9.9429205913776020e-01
2.8038714433288905e+00 4.6111127728447130e+00 9.9429205913776020e-01
2.8054422396556853e+00 4.6126746031589683e+00 9.9429205913790242e-01
2.8070130359824805e+00 4.6142364334732235e+00 9.9429205913790242e-01
2.8085838323092753e+00 4.6157982637874788e+00 9.9429205913776020e-01
2.8101546286360701e+00 4.6173600941017341e+00 9.9429205913776020e-01
2.8117254249628649e+00 4.6189219244159894e+00 9.9429205913804297e-01
2.8132962212896597e+00 4.6204837547302446e+00 9.9429205913790242e-01
2.8148670176164550e+00 4.6220455850444999e+00 9.9429205913790242e-01
2.8164378139432498e+00 4.6236074153587552e+00 9.9429205913776020e-01
2.8180086102700446e+00 4.6251692456730105e+00 9.9429205913776020e-01
2.8195794065968394e+00 4.6267310759872657e+00 9.9429205913790242e-01
2.8211502029236346e+00 4.6282929063015210e+00 9.9429205913790242e-01
2.8227209992504294e+00 4.6298547366157763e+00 9.9429205913776020e-01
2.8242917955772242e+00 4.6314165669300316e+00 9.9429205913776020e-01
2.8258625919040190e+00 4.6329783972442868e+00 9.9429205913804297e-01
2.8274333882308138e+00 4.6345402275585421e+00 9.9429205913790242e-01
2.8290041845576090e+00 4.6361020578727974e+00 9.9429205913790242e-01
2.8305749808844038e+00 4.6376638881870527e+00 9.9429205913776020e-01
2.8321457772111986e+00 4.6392257185013079e+00 9.9429205913776020e-01
2.8337165735379934e+00 4.6407875488155632e+00 9.9429205913804297e-01
2.8352873698647882e+00 4.6423493791298185e+00 9.9429205913790242e-01
2.8368581661915835e+00 4.6439112094440738e+00 9.9429205913761998e-01
2.8384289625183783e+00 4.6454730397583281e+00 9.9429205913776020e-01
2.8399997588451731e+00 4.6470348700725834e+00 9.9429205913804297e-01
2.8415705551719679e+00 4.6485967003868387e+00 9.9429205913790242e-01
2.8431413514987631e+00 4.6501585307010940e+00 9.9429205913790242e-01
2.8447121478255579e+00 4.6517203610153492e+00 9.9429205913776020e-01
2.8462829441523527e+00 4.6532821913296036e+00 9.9429205913776020e-01
2.8478537404791475e+00 4.6548440216438589e+00 9.9429205913804297e-01
2.8494245368059423e+00 4.6564058519581142e+00 9.9429205913790242e-01
2.8509953331327376e+00 4.6579676822723695e+00 9.9429205913790242e-01
2.8525661294595324e+00 4.6595295125866247e+00 9.9429205913776020e-01
2.8541369257863272e+00 4.6610913429008800e+00 9.9429205913776020e-01
2.8557077221131220e+00 4.6626531732151353e+00 9.9429205913790242e-01
2.8572785184399172e+00 4.6642150035293906e+00 9.9429205913790242e-01
2.8588493147667120e+00 4.6657768338436458e+00 9.9429205913776020e-01
2.8604201110935068e+00 4.6673386641579011e+00 9.9429205913776020e-01
2.8619909074203016e+00 4.6689004944721564e+00 9.9429205913804297e-01
2.8635617037470964e+00 4.6704623247864117e+00 9.9429205913790242e-01
2.8651325000738916e+00 4.6720241551006669e+00 9.9429205913790242e-01
2.8667032964006864e+00 4.6735859854149222e+00 9.9429205913776020e-01
2.8682740927274812e+00 4.6751478157291775e+00 9.9429205913776020e-01
2.8698448890542760e+00 4.6767096460434328e+00 9.9429205913790242e-01
2.8714156853810713e+00 4.6782714763576880e+00 9.9429205913790242e-01
2.8729864817078661e+00 4.6798333066719433e+00 9.9429205913804297e-01
2.8745572780346609e+00 4.6813951369861986e+00 9.9429205913776020e-01
2.8761280743614557e+00 4.6829569673004539e+00 9.9429205913776020e-01
2.8776988706882505e+00 4.6845187976147091e+00 9.9429205913790242e-01
2.8792696670150457e+00 4.6860806279289644e+00 9.9429205913790242e-01
2.8808404633418405e+00 4.6876424582432197e+00 9.9429205913776020e-01
2.8824112596686353e+00 4.6892042885574750e+00 9.9429205913776020e-01
2.8839820559954301e+00 4.6907661188717302e+00 9.9429205913790242e-01
2.8855528523222254e+00 4.6923279491859855e+00 9.9429205913790242e-01
2.8871236486490202e+00 4.6938897795002408e+00 9.9429205913804297e-01
2.8886944449758150e+00 4.6954516098144961e+00 9.9429205913776020e-01
2.8902652413026098e+00 4.6970134401287513e+00 9.9429205913776020e-01
2.8918360376294046e+00 4.6985752704430066e+00 9.9429205913790242e-01
2.8934068339561998e+00 4.7001371007572619e+00 9.9429205913790242e-01
2.8949776302829946e+00 4.7016989310715172e+00 9.9429205913776020e-01
2.8965484266097894e+00 4.7032607613857724e+00 9.9429205913776020e-01
2.8981192229365842e+00 4.7048225917000277e+00 9.9429205913790242e-01
2.8996900192633794e+00 4.7063844220142830e+00 9.9429205913790242e-01
2.9012608155901742e+00 4.7079462523285383e+00 9.9429205913804297e-01
2.9028316119169690e+00 4.7095080826427935e+00 9.9429205913776020e-01
2.9044024082437638e+00 4.7110699129570488e+00 9.9429205913776020e-01
2.9059732045705586e+00 4.7126317432713041e+00 9.9429205913790242e-01
2.9075440008973539e+00 4.7141935735855593e+00 9.9429205913790242e-01
2.9091147972241487e+00 4.7157554038998146e+00 9.9429205913804297e-01
2.9106855935509435e+00 4.7173172342140699e+00 9.9429205913776020e-01
2.9122563898777383e+00 4.7188790645283252e+00 9.9429205913776020e-01
2.9138271862045331e+00 4.7204408948425804e+00 9.9429205913790242e-01
2.9153979825313283e+00 4.7220027251568357e+00 9.9429205913790242e-01
2.9169687788581231e+00 4.7235645554710910e+00 9.9429205913776020e-01
2.9185395751849179e+00 4.7251263857853463e+00 9.9429205913776020e-01
2.9201103715117127e+00 4.7266882160996015e+00 9.9429205913790242e-01
2.9216811678385080e+00 4.7282500464138568e+00 9.9429205913790242e-01
2.9232519641653028e+00 4.7298118767281121e+00 9.9429205913804297e-01
2.9248227604920976e+00 4.7313737070423674e+00 9.9429205913776020e-01
2.9263935568188923e+00 4.7329355373566226e+00 9.9429205913776020e-01
2.9279643531456871e+00 4.7344973676708779e+00 9.9429205913790242e-01
2.9295351494724824e+00 4.7360591979851332e+00 9.9429205913790242e-01
2.9311059457992772e+00 4.7376210282993885e+00 9.9429205913804297e-01
2.9326767421260720e+00 4.7391828586136437e+00 9.9429205913776020e-01
2.9342475384528668e+00 4.7407446889278981e+00 9.9429205913761998e-01
2.9358183347796620e+00 4.7423065192421534e+00 9.9429205913790242e-01
2.9373891311064568e+00 4.7438683495564087e+00 9.9429205913804297e-01
2.9389599274332516e+00 4.7454301798706640e+00 9.9429205913776020e-01
2.9405307237600464e+00 4.7469920101849183e+00 9.9429205913776020e-01
2.9421015200868412e+00 4.7485538404991736e+00 9.9429205913790242e-01
2.9436723164136365e+00 4.7501156708134289e+00 9.9429205913790242e-01
2.9452431127404313e+00 4.7516775011276842e+00 9.9429205913804297e-01
2.9468139090672261e+00 4.7532393314419394e+00 9.9429205913776020e-01
2.9483847053940209e+00 4.7548011617561938e+00 9.9429205913761998e-01
2.9499555017208161e+00 4.7563629920704491e+00 9.9429205913790242e-01
2.9515262980476109e+00 4.7579248223847044e+00 9.9429205913804297e-01
2.9530970943744057e+00 4.7594866526989597e+00 9.9429205913776020e-01
2.9546678907012005e+00 4.7610484830132140e+00 9.9429205913776020e-01
2.9562386870279953e+00 4.7626103133274693e+00 9.9429205913790242e-01
2.9578094833547905e+00 4.7641721436417246e+00 9.9429205913790242e-01
2.9593802796815853e+00 4.7657339739559799e+00 9.9429205913804297e-01
2.9609510760083801e+00 4.7672958042702351e+00 9.9429205913776020e-01
2.9625218723351749e+00 4.7688576345844895e+00 9.9429205913761998e-01
2.9640926686619702e+00 4.7704194648987448e+00 9.9429205913790242e-01
2.9656634649887650e+00 4.7719812952130001e+00 9.9429205913804297e-01
2.9672342613155598e+00 4.7735431255272553e+00 9.9429205913776020e-01
2.9688050576423546e+00 4.7751049558415097e+00 9.9429205913776020e-01
2.9703758539691494e+00 4.7766667861557650e+00 9.9429205913790242e-01
2.9719466502959446e+00 4.7782286164700203e+00 9.9429205913790242e-01
2.9735174466227394e+00 4.7797904467842756e+00 9.9429205913804297e-01
2.9750882429495342e+00 4.7813522770985308e+00 9.9429205913776020e-01
2.9766590392763290e+00 4.7829141074127861e+00 9.9429205913790242e-01
2.9782298356031243e+00 4.7844759377270414e+00 9.9429205913790242e-01
2.9798006319299191e+00 4.7860377680412967e+00 9.9429205913776020e-01
2.9813714282567139e+00 4.7875995983555519e+00 9.9429205913804297e-01
2.9829422245835087e+00 4.7891614286698072e+00 9.9429205913776020e-01
2.9845130209103035e+00 4.7907232589840616e+00 9.9429205913761998e-01
2.9860838172370987e+00 4.7922850892983169e+00 9.9429205913790242e-01
2.9876546135638935e+00 4.7938469196125721e+00 9.9429205913804297e-01
2.9892254098906883e+00 4.7954087499268274e+00 9.9429205913776020e-01
2.9907962062174831e+00 4.7969705802410827e+00 9.9429205913790242e-01
2.9923670025442783e+00 4.7985324105553380e+00 9.9429205913790242e-01
2.9939377988710731e+00 4.8000942408695932e+00 9.9429205913776020e-01
2.9955085951978679e+00 4.8016560711838485e+00 9.9429205913804297e-01
2.9970793915246627e+00 4.8032179014981038e+00 9.9429205913776020e-01
2.9986501878514575e+00 4.8047797318123582e+00 9.9429205913761998e-01
3.0002209841782528e+00 4.8063415621266135e+00 9.9429205913790242e-01
3.0017917805050476e+00 4.8079033924408687e+00 9.9429205913804297e-01
3.0033625768318424e+00 4.8094652227551240e+00 9.9429205913804297e-01
3.0049333731586372e+00 4.8110270530693793e+00 9.9429205913776020e-01
3.0065041694854320e+00 4.8125888833836337e+00 9.9429205913761998e-01
3.0080749658122272e+00 4.8141507136978889e+00 9.9429205913790242e-01
3.0096457621390220e+00 4.8157125440121442e+00 9.9429205913804297e-01
3.0112165584658168e+00 4.8172743743263995e+00 9.9429205913776020e-01
3.0127873547926116e+00 4.8188362046406548e+00 9.9429205913790242e-01
3.0143581511194069e+00 4.8203980349549100e+00 9.9429205913790242e-01
3.0159289474462017e+00 4.8219598652691653e+00 9.9429205913776020e-01
3.0174997437729965e+00 4.8235216955834206e+00 9.9429205913804297e-01
3.0190705400997913e+00 4.8250835258976759e+00 9.9429205913776020e-01
3.0206413364265861e+00 4.8266453562119302e+00 9.9429205913761998e-01
3.0222121327533813e+00 4.8282071865261855e+00 9.9429205913790242e-01
3.0237829290801761e+00 4.8297690168404408e+00 9.9429205913804297e-01
3.0253537254069709e+00 4.8313308471546961e+00 9.9429205913776020e-01
3.0269245217337657e+00 4.8328926774689513e+00 9.9429205913790242e-01
3.0284953180605609e+00 4.8344545077832066e+00 9.9429205913790242e-01
3.0300661143873557e+00 4.8360163380974619e+00 9.9429205913776020e-01
3.0316369107141505e+00 4.8375781684117172e+00 9.9429205913804297e-01
3.0332077070409453e+00 4.8391399987259724e+00 9.9429205913776020e-01
3.0347785033677401e+00 4.8407018290402277e+00 9.9429205913790242e-01
3.0363492996945354e+00 4.8422636593544830e+00 9.9429205913790242e-01
3.0379200960213302e+00 4.8438254896687383e+00 9.9429205913776020e-01
3.0394908923481250e+00 4.8453873199829935e+00 9.9429205913776020e-01
3.0410616886749198e+00 4.8469491502972488e+00 9.9429205913790242e-01
3.0426324850017150e+00 4.8512141040245531e+00 6.1934491187478402e+00
3.0442032813285098e+00 4.8671112539011530e+00 1.4047430752721692e+01
3.0457740776553046e+00 4.8953454092791135e+00 2.1901412386695970e+01
3.0473448739820994e+00 4.9359165701584331e+00 2.9755394020669680e+01
3.0489156703088942e+00 4.9888247365391134e+00 3.7609375654643820e+01
3.0504864666356895e+00 5.0540699084211740e+00 4.5463357288620031e+01
3.0520572629624843e+00 5.1316520858045784e+00 5.3317338922593891e+01
3.0536280592892791e+00 5.2215712686893427e+00 6.1171320556568155e+01
3.0551988556160738e+00 5.3238274570754669e+00 6.9025302190542021e+01
3.0567696519428691e+00 5.4384206509629855e+00 7.6879283824517955e+01
3.0583404482696639e+00 5.5653508503518330e+00 8.4733265458492085e+01
3.0599112445964587e+00 5.7046180552420411e+00 9.2587247092466356e+01
3.0614820409232535e+00 5.8562222656336100e+00 1.0044122872644036e+02
3.0630528372500483e+00 6.0201634815265388e+00 1.0829521036041422e+02
3.0646236335768435e+00 6.1964417029208789e+00 1.1614919199439014e+02
3.0661944299036383e+00 6.3850569298165309e+00 1.2400317362836428e+02
3.0677652262304331e+00 6.5860091622135437e+00 1.3185715526233855e+02
3.0693360225572279e+00 6.7992984001119172e+00 1.3971113689631241e+02
3.0709068188840232e+00 7.0249246435117145e+00 1.4756511853028834e+02
3.0724776152108180e+00 7.2628878924128113e+00 1.5541910016426249e+02
3.0740484115376128e+00 7.5131881468152679e+00 1.6327308179823675e+02
3.0756192078644076e+00 7.7758254067190844e+00 1.7112706343221075e+02
3.0771900041912024e+00 8.0507996721242616e+00 1.7898104506618461e+02
3.0787608005179976e+00 8.3381109430308822e+00 1.8683502670016054e+02
3.0803315968447924e+00 8.6377592194387827e+00 1.9468900833413466e+02
3.0819023931715872e+00 8.9497445013480430e+00 2.0254298996810894e+02
3.0834731894983820e+00 9.2740667887586650e+00 2.1039697160208280e+02
3.0850439858251772e+00 9.6107260816707427e+00 2.1825095323605902e+02
3.0866147821519720e+00 9.9597223800840879e+00 2.2610493487003288e+02
3.0881855784787668e+00 1.0321055683998793e+01 2.3395891650400685e+02
3.0897563748055616e+00 1.0694725993414860e+01 2.4181289813798114e+02
3.0913271711323564e+00 1.1080733308332285e+01 2.4966687977195500e+02
3.0928979674591517e+00 1.1479077628751185e+01 2.5752086140593116e+02
3.0944687637859465e+00 1.1889758954671333e+01 2.6537484303990504e+02
3.0960395601127413e+00 1.2312777286092842e+01 2.7322882467387905e+02
3.0976103564395361e+00 1.2748132623015714e+01 2.8108280630785305e+02
3.0991811527663309e+00 1.3195824965439943e+01 2.8893678794182716e+02
3.1007519490931261e+00 1.3655854313365666e+01 2.9679076957580338e+02
3.1023227454199209e+00 1.4128220666792618e+01 3.0464475120977727e+02
3.1038935417467157e+00 1.4612924025720933e+01 3.1249873284375155e+02
3.1054643380735105e+00 1.5109964390150607e+01 3.2035271447772533e+02
3.1070351344003058e+00 1.5619341760081786e+01 3.2820669611170155e+02
3.1086059307271006e+00 1.6141056135514184e+01 3.3606067774567543e+02
3.1101767270538954e+00 1.6675107516447941e+01 3.4391465937964944e+02
3.1117475233806902e+00 1.7221495902883060e+01 3.5176864101362344e+02
3.1133183197074850e+00 1.7780221294819540e+01 3.5962262264759755e+02
3.1148891160342802e+00 1.8351283692257539e+01 3.6747660428157377e+02
3.1164599123610750e+00 1.8934683095196743e+01 3.7533058591554766e+02
3.1180307086878698e+00 1.9530419503637305e+01 3.8318456754952194e+02
3.1196015050146646e+00 2.0138492917579228e+01 3.9103854918349572e+02
3.1211723013414598e+00 2.0758903337022687e+01 3.9889253081747194e+02
3.1227430976682546e+00 2.1391650761967334e+01 4.0674651245144582e+02
3.1243138939950494e+00 2.2036735192413339e+01 4.1460049408541983e+02
3.1258846903218442e+00 2.2694156628360709e+01 4.2245447571939411e+02
3.1274554866486390e+00 2.3363915069809433e+01 4.3030845735336794e+02
3.1290262829754343e+00 2.4046010516759715e+01 4.3816243898734388e+02
3.1305970793022291e+00 2.4740442969211166e+01 4.4601642062131805e+02
3.1321678756290239e+00 2.5447212427163976e+01 4.5387040225529233e+02
3.1337386719558187e+00 2.6166318890618147e+01 4.6172438388926611e+02
3.1353094682826139e+00 2.6897762359573886e+01 4.6957836552324233e+02
3.1368802646094087e+00 2.7641542834030780e+01 4.7743234715721621e+02
3.1384510609362035e+00 2.8397660313989036e+01 4.8528632879119021e+02
3.1400218572629983e+00 2.9166114799448650e+01 4.9314031042516450e+02
3.1415926535897931e+00 2.9946906290409622e+01 5.0099429205913850e+02
