# x energy force
1.0000000000000000e-02 5.3472192961725192e+01 2.4866883564551389e+02
1.0996666666666667e-02 5.3225029662102223e+01 2.4731102981863572e+02
1.1993333333333333e-02 5.2979216695763348e+01 2.4595913674767417e+02
1.2990000000000002e-02 5.2734747099521037e+01 2.4461530387235234e+02
1.3986666666666668e-02 5.2491612863994959e+01 2.4327948313649964e+02
1.4983333333333335e-02 5.2249806027557959e+01 2.4195162677052463e+02
1.5980000000000001e-02 5.2009318676051322e+01 2.4063168728961688e+02
1.6976666666666668e-02 5.1770142942501785e+01 2.3931961749206329e+02
1.7973333333333334e-02 5.1532271006840212e+01 2.3801537045758030e+02
1.8970000000000001e-02 5.1295695095621952e+01 2.3671889954562405e+02
1.9966666666666667e-02 5.1060407481748832e+01 2.3543015839375130e+02
2.0963333333333334e-02 5.0826400484192845e+01 2.3414910091592131e+02
2.1960000000000000e-02 5.0593666467721476e+01 2.3287568130087939e+02
2.2956666666666667e-02 5.0362197842624624e+01 2.3160985401052267e+02
2.3953333333333333e-02 5.0131987064443258e+01 2.3035157377817569e+02
2.4950000000000000e-02 4.9903026633699596e+01 2.2910079560710440e+02
2.5946666666666666e-02 4.9675309095628890e+01 2.2785747476889674e+02
2.6943333333333333e-02 4.9448827039912850e+01 2.2662156680175210e+02
2.7940000000000000e-02 4.9223573100414683e+01 2.2539302750894893e+02
2.8936666666666666e-02 4.8999539954915647e+01 2.2417181295733693e+02
2.9933333333333333e-02 4.8776720324853208e+01 2.2295787947564989e+02
3.0929999999999999e-02 4.8555106975060767e+01 2.2175118365299252e+02
3.1926666666666666e-02 4.8334692713508915e+01 2.2055168233734548e+02
3.2923333333333332e-02 4.8115470391048227e+01 2.1935933263393269e+02
3.3920000000000006e-02 4.7897432901153621e+01 2.1817409190373053e+02
3.4916666666666672e-02 4.7680573179670247e+01 2.1699591776190641e+02
3.5913333333333339e-02 4.7464884204560839e+01 2.1582476807636863e+02
3.6910000000000005e-02 4.7250358995654615e+01 2.1466060096622172e+02
3.7906666666666672e-02 4.7036990614397659e+01 2.1350337480024649e+02
3.8903333333333338e-02 4.6824772163604791e+01 2.1235304819548105e+02
3.9900000000000005e-02 4.6613696787212916e+01 2.1120958001563818e+02
4.0896666666666671e-02 4.6403757670035887e+01 2.1007292936970180e+02
4.1893333333333338e-02 4.6194948037520753e+01 2.0894305561050362e+02
4.2890000000000005e-02 4.5987261155505479e+01 2.0781991833319449e+02
4.3886666666666671e-02 4.5780690329978157e+01 2.0670347737380416e+02
4.4883333333333338e-02 4.5575228906837651e+01 2.0559369280781564e+02
4.5880000000000004e-02 4.5370870271655605e+01 2.0449052494880365e+02
4.6876666666666671e-02 4.5167607849439904e+01 2.0339393434692229e+02
4.7873333333333337e-02 4.4965435104399575e+01 2.0230388178752355e+02
4.8870000000000004e-02 4.4764345539711037e+01 2.0122032828981565e+02
4.9866666666666670e-02 4.4564332697285785e+01 2.0014323510533788e+02
5.0863333333333337e-02 4.4365390157539480e+01 1.9907256371668512e+02
5.1860000000000003e-02 4.4167511539162312e+01 1.9800827583615597e+02
5.2856666666666670e-02 4.3970690498890839e+01 1.9695033340425925e+02
5.3853333333333336e-02 4.3774920731281149e+01 1.9589869858842803e+02
5.4850000000000003e-02 4.3580195968483380e+01 1.9485333378167832e+02
5.5846666666666669e-02 4.3386509980017564e+01 1.9381420160123400e+02
5.6843333333333336e-02 4.3193856572550821e+01 1.9278126488721034e+02
5.7840000000000009e-02 4.3002229589675899e+01 1.9175448670125485e+02
5.8836666666666676e-02 4.2811622911691011e+01 1.9073383032527576e+02
5.9833333333333343e-02 4.2622030455380958e+01 1.8971925926011514e+02
6.0830000000000009e-02 4.2433446173799638e+01 1.8871073722414059e+02
6.1826666666666676e-02 4.2245864056053811e+01 1.8770822815209641e+02
6.2823333333333342e-02 4.2059278127088099e+01 1.8671169619381220e+02
6.3820000000000002e-02 4.1873682447471325e+01 1.8572110571276801e+02
6.4816666666666675e-02 4.1689071113184134e+01 1.8473642128493546e+02
6.5813333333333335e-02 4.1505438255407874e+01 1.8375760769753356e+02
6.6810000000000008e-02 4.1322778040314681e+01 1.8278462994767395e+02
6.7806666666666668e-02 4.1141084668858909e+01 1.8181745324116687e+02
6.8803333333333341e-02 4.0960352376569716e+01 1.8085604299131921e+02
6.9800000000000001e-02 4.0780575433344936e+01 1.7990036481760831e+02
7.0796666666666674e-02 4.0601748143246148e+01 1.7895038454450298e+02
7.1793333333333334e-02 4.0423864844295039e+01 1.7800606820020178e+02
7.2789999999999994e-02 4.0246919908270890e+01 1.7706738201548760e+02
7.3786666666666667e-02 4.0070907740509291e+01 1.7613429242250362e+02
7.4783333333333341e-02 3.9895822779702101e+01 1.7520676605345827e+02
7.5780000000000000e-02 3.9721659497698589e+01 1.7428476973954199e+02
7.6776666666666674e-02 3.9548412399307701e+01 1.7336827050973000e+02
7.7773333333333333e-02 3.9376076022101572e+01 1.7245723558952099e+02
7.8770000000000007e-02 3.9204644936220198e+01 1.7155163239985237e+02
7.9766666666666666e-02 3.9034113744177240e+01 1.7065142855592222e+02
8.0763333333333340e-02 3.8864477080667001e+01 1.6975659186595743e+02
8.1759999999999999e-02 3.8695729612372602e+01 1.6886709033015811e+02
8.2756666666666673e-02 3.8527866037775219e+01 1.6798289213950292e+02
8.3753333333333332e-02 3.8360881086964518e+01 1.6710396567461305e+02
8.4750000000000006e-02 3.8194769521450191e+01 1.6623027950464260e+02
8.5746666666666665e-02 3.8029526133974620e+01 1.6536180238613849e+02
8.6743333333333339e-02 3.7865145748326675e+01 1.6449850326191395e+02
8.7739999999999999e-02 3.7701623219156609e+01 1.6364035125995773e+02
8.8736666666666672e-02 3.7538953431792052e+01 1.6278731569232184e+02
8.9733333333333332e-02 3.7377131302055126e+01 1.6193936605402413e+02
9.0730000000000005e-02 3.7216151776080586e+01 1.6109647202196751e+02
9.1726666666666665e-02 3.7056009830135146e+01 1.6025860345383916e+02
9.2723333333333338e-02 3.6896700470437779e+01 1.5942573038702625e+02
9.3719999999999998e-02 3.6738218732981188e+01 1.5859782303756535e+02
9.4716666666666671e-02 3.6580559683354259e+01 1.5777485179907899e+02
9.5713333333333331e-02 3.6423718416565599e+01 1.5695678724171461e+02
9.6710000000000004e-02 3.6267690056868126e+01 1.5614360011106686e+02
9.7706666666666664e-02 3.6112469757584755e+01 1.5533526132713789e+02
9.8703333333333337e-02 3.5958052700935035e+01 1.5453174198333136e+02
9.9699999999999997e-02 3.5804434097862881e+01 1.5373301334541216e+02
1.0069666666666667e-01 3.5651609187865283e+01 1.5293904685042907e+02
1.0169333333333333e-01 3.5499573238822130e+01 1.5214981410573560e+02
1.0269000000000000e-01 3.5348321546826924e+01 1.5136528688798023e+02
1.0368666666666666e-01 3.5197849436018615e+01 1.5058543714207713e+02
1.0468333333333334e-01 3.5048152258414348e+01 1.4981023698019527e+02
1.0568000000000001e-01 3.4899225393743286e+01 1.4903965868079192e+02
1.0667666666666667e-01 3.4751064249281363e+01 1.4827367468762409e+02
1.0767333333333334e-01 3.4603664259687037e+01 1.4751225760868329e+02
1.0867000000000000e-01 3.4457020886838073e+01 1.4675538021532790e+02
1.0966666666666668e-01 3.4311129619669209e+01 1.4600301544125304e+02
1.1066333333333334e-01 3.4165985974010873e+01 1.4525513638150434e+02
1.1166000000000001e-01 3.4021585492428798e+01 1.4451171629154669e+02
1.1265666666666667e-01 3.3877923744064667e+01 1.4377272858630616e+02
1.1365333333333334e-01 3.3734996324477599e+01 1.4303814683923898e+02
1.1465000000000000e-01 3.3592798855486699e+01 1.4230794478129778e+02
1.1564666666666668e-01 3.3451326985014475e+01 1.4158209630009148e+02
1.1664333333333333e-01 3.3310576386931189e+01 1.4086057543894972e+02
1.1764000000000001e-01 3.3170542760900155e+01 1.4014335639589382e+02
1.1863666666666667e-01 3.3031221832223999e+01 1.3943041352280977e+02
1.1963333333333334e-01 3.2892609351691746e+01 1.3872172132452437e+02
1.2063000000000000e-01 3.2754701095426874e+01 1.3801725445783612e+02
1.2162666666666667e-01 3.2617492864736278e+01 1.3731698773064554e+02
1.2262333333333333e-01 3.2480980485960131e+01 1.3662089610108526e+02
1.2362000000000001e-01 3.2345159810322599e+01 1.3592895467657161e+02
1.2461666666666667e-01 3.2210026713783506e+01 1.3524113871290939e+02
1.2561333333333335e-01 3.2075577096890861e+01 1.3455742361346418e+02
1.2661000000000000e-01 3.1941806884634239e+01 1.3387778492825177e+02
1.2760666666666667e-01 3.1808712026299059e+01 1.3320219835304565e+02
1.2860333333333335e-01 3.1676288495321739e+01 1.3253063972852806e+02
1.2960000000000002e-01 3.1544532289145703e+01 1.3186308503943323e+02
1.3059666666666667e-01 3.1413439429078245e+01 1.3119951041366758e+02
1.3159333333333334e-01 3.1283005960148238e+01 1.3053989212146192e+02
1.3259000000000001e-01 3.1153227950964723e+01 1.2988420657455322e+02
1.3358666666666669e-01 3.1024101493576296e+01 1.2923243032529666e+02
1.3458333333333333e-01 3.0895622703331384e+01 1.2858454006583739e+02
1.3558000000000001e-01 3.0767787718739307e+01 1.2794051262729198e+02
1.3657666666666668e-01 3.0640592701332206e+01 1.2730032497892917e+02
1.3757333333333335e-01 3.0514033835527758e+01 1.2666395422731892e+02
1.3857000000000003e-01 3.0388107328492744e+01 1.2603137761551696e+02
1.3956666666666670e-01 3.0262809410007410e+01 1.2540257252227457e+02
1.4056333333333335e-01 3.0138136332330649e+01 1.2477751646119961e+02
1.4156000000000002e-01 3.0014084370065962e+01 1.2415618707997740e+02
1.4255666666666669e-01 2.9890649820028258e+01 1.2353856215956327e+02
1.4355333333333337e-01 2.9767829001111405e+01 1.2292461961338790e+02
1.4455000000000001e-01 2.9645618254156606e+01 1.2231433748654980e+02
1.4554666666666669e-01 2.9524013941821543e+01 1.2170769395504570e+02
1.4654333333333336e-01 2.9403012448450312e+01 1.2110466732501762e+02
1.4754000000000003e-01 2.9282610179944097e+01 1.2050523603193368e+02
1.4853666666666668e-01 2.9162803563632675e+01 1.1990937863981843e+02
1.4953333333333335e-01 2.9043589048146639e+01 1.1931707384051960e+02
1.5053000000000002e-01 2.8924963103290406e+01 1.1872830045292395e+02
1.5152666666666670e-01 2.8806922219915968e+01 1.1814303742220029e+02
1.5252333333333334e-01 2.8689462909797413e+01 1.1756126381905101e+02
1.5352000000000002e-01 2.8572581705506167e+01 1.1698295883896827e+02
1.5451666666666669e-01 2.8456275160287014e+01 1.1640810180147467e+02
1.5551333333333336e-01 2.8340539847934835e+01 1.1583667214938608e+02
1.5651000000000001e-01 2.8225372362672090e+01 1.1526864944810407e+02
1.5750666666666668e-01 2.8110769319026996e+01 1.1470401338485601e+02
1.5850333333333336e-01 2.7996727351712501e+01 1.1414274376797317e+02
1.5950000000000003e-01 2.7883243115505920e+01 1.1358482052616601e+02
1.6049666666666668e-01 2.7770313285129312e+01 1.1303022370783479e+02
1.6149333333333335e-01 2.7657934555130549e+01 1.1247893348031421e+02
1.6249000000000002e-01 2.7546103639765146e+01 1.1193093012918456e+02
1.6348666666666670e-01 2.7434817272878732e+01 1.1138619405759619e+02
1.6448333333333334e-01 2.7324072207790259e+01 1.1084470578550008e+02
1.6548000000000002e-01 2.7213865217175897e+01 1.1030644594900534e+02
1.6647666666666669e-01 2.7104193092953636e+01 1.0977139529968031e+02
1.6747333333333336e-01 2.6995052646168546e+01 1.0923953470384421e+02
1.6847000000000001e-01 2.6886440706878755e+01 1.0871084514189360e+02
1.6946666666666668e-01 2.6778354124042071e+01 1.0818530770763839e+02
1.7046333333333336e-01 2.6670789765403310e+01 1.0766290360760091e+02
1.7146000000000003e-01 2.6563744517382290e+01 1.0714361416033000e+02
1.7245666666666670e-01 2.6457215284962487e+01 1.0662742079579326e+02
1.7345333333333335e-01 2.6351198991580343e+01 1.0611430505466537e+02
1.7445000000000002e-01 2.6245692579015248e+01 1.0560424858766594e+02
1.7544666666666670e-01 2.6140693007280191e+01 1.0509723315492457e+02
1.7644333333333337e-01 2.6036197254513038e+01 1.0459324062531746e+02
1.7744000000000001e-01 2.5932202316868473e+01 1.0409225297582040e+02
1.7843666666666669e-01 2.5828705208410575e+01 1.0359425229086597e+02
1.7943333333333336e-01 2.5725702961006039e+01 1.0309922076171249e+02
1.8043000000000003e-01 2.5623192624218035e+01 1.0260714068578402e+02
1.8142666666666668e-01 2.5521171265200707e+01 1.0211799446604869e+02
1.8242333333333335e-01 2.5419635968594278e+01 1.0163176461039328e+02
1.8342000000000003e-01 2.5318583836420814e+01 1.0114843373100655e+02
1.8441666666666670e-01 2.5218011987980564e+01 1.0066798454374437e+02
1.8541333333333335e-01 2.5117917559748967e+01 1.0019039986748821e+02
1.8641000000000002e-01 2.5018297705274250e+01 9.9715662623580570e+01
1.8740666666666669e-01 2.4919149595075627e+01 9.9243755835190100e+01
1.8840333333333337e-01 2.4820470416542122e+01 9.8774662626691452e+01
1.8940000000000001e-01 2.4722257373831987e+01 9.8308366223082331e+01
1.9039666666666669e-01 2.4624507687772709e+01 9.7844849949381455e+01
1.9139333333333336e-01 2.4527218595761649e+01 9.7384097230004329e+01
1.9239000000000003e-01 2.4430387351667239e+01 9.6926091588205907e+01
1.9338666666666668e-01 2.4334011225730780e+01 9.6470816645493542e+01
1.9438333333333335e-01 2.4238087504468812e+01 9.6018256121000178e+01
1.9538000000000003e-01 2.4142613490576093e+01 9.5568393830945993e+01
1.9637666666666670e-01 2.4047586502829134e+01 9.5121213688030295e+01
1.9737333333333335e-01 2.3953003875990333e+01 9.4676699700872533e+01
1.9837000000000002e-01 2.3858862960712639e+01 9.4234835973428687e+01
1.9936666666666669e-01 2.3765161123444837e+01 9.3795606704434263e+01
2.0036333333333337e-01 2.3671895746337345e+01 9.3358996186855066e+01
2.0136000000000004e-01 2.3579064227148606e+01 9.2924988807266772e+01
2.0235666666666668e-01 2.3486663979152056e+01 9.2493569045349702e+01
2.0335333333333336e-01 2.3394692431043580e+01 9.2064721473329641e+01
2.0435000000000003e-01 2.3303147026849594e+01 9.1638430755406304e+01
2.0534666666666671e-01 2.3212025225835621e+01 9.1214681647213069e+01
2.0634333333333335e-01 2.3121324502415451e+01 9.0793458995275628e+01
2.0734000000000002e-01 2.3031042346060797e+01 9.0374747736471193e+01
2.0833666666666670e-01 2.2941176261211552e+01 8.9958532897465702e+01
2.0933333333333337e-01 2.2851723767186527e+01 8.9544799594218489e+01
2.1033000000000002e-01 2.2762682398094743e+01 8.9133533031438660e+01
2.1132666666666669e-01 2.2674049702747237e+01 8.8724718502019769e+01
2.1232333333333336e-01 2.2585823244569429e+01 8.8318341386553371e+01
2.1332000000000004e-01 2.2498000601513983e+01 8.7914387152801638e+01
2.1431666666666668e-01 2.2410579365974186e+01 8.7512841355157576e+01
2.1531333333333336e-01 2.2323557144697848e+01 8.7113689634150802e+01
2.1631000000000003e-01 2.2236931558701723e+01 8.6716917715926982e+01
2.1730666666666670e-01 2.2150700243186442e+01 8.6322511411724435e+01
2.1830333333333335e-01 2.2064860847451943e+01 8.5930456617376947e+01
2.1930000000000002e-01 2.1979411034813396e+01 8.5540739312816001e+01
2.2029666666666670e-01 2.1894348482517660e+01 8.5153345561567946e+01
2.2129333333333337e-01 2.1809670881660207e+01 8.4768261510244969e+01
2.2229000000000002e-01 2.1725375937102562e+01 8.4385473388042556e+01
2.2328666666666669e-01 2.1641461367390228e+01 8.4004967506275563e+01
2.2428333333333336e-01 2.1557924904671093e+01 8.3626730257875266e+01
2.2528000000000004e-01 2.1474764294614335e+01 8.3250748116889483e+01
2.2627666666666668e-01 2.1391977296329809e+01 8.2877007638011989e+01
2.2727333333333335e-01 2.1309561682287907e+01 8.2505495456109614e+01
2.2827000000000003e-01 2.1227515238239892e+01 8.2136198285724674e+01
2.2926666666666670e-01 2.1145835763138738e+01 8.1769102920601938e+01
2.3026333333333335e-01 2.1064521069060408e+01 8.1404196233242999e+01
2.3126000000000002e-01 2.0983568981125593e+01 8.1041465174411655e+01
2.3225666666666669e-01 2.0902977337421969e+01 8.0680896772661725e+01
2.3325333333333337e-01 2.0822743988926867e+01 8.0322478133894720e+01
2.3425000000000004e-01 2.0742866799430431e+01 7.9966196440889561e+01
2.3524666666666669e-01 2.0663343645459225e+01 7.9612038952835420e+01
2.3624333333333336e-01 2.0584172416200289e+01 7.9259993004895307e+01
2.3724000000000003e-01 2.0505351013425660e+01 7.8910046007740775e+01
2.3823666666666671e-01 2.0426877351417335e+01 7.8562185447089519e+01
2.3923333333333335e-01 2.0348749356892700e+01 7.8216398883283119e+01
2.4023000000000003e-01 2.0270964968930368e+01 7.7872673950827746e+01
2.4122666666666670e-01 2.0193522138896491e+01 7.7530998357952441e+01
2.4222333333333337e-01 2.0116418830371494e+01 7.7191359886183903e+01
2.4322000000000002e-01 2.0039653019077257e+01 7.6853746389879660e+01
2.4421666666666669e-01 1.9963222692804717e+01 7.6518145795817190e+01
2.4521333333333337e-01 1.9887125851341924e+01 7.6184546102758844e+01
2.4621000000000004e-01 1.9811360506402508e+01 7.5852935381021794e+01
2.4720666666666669e-01 1.9735924681554561e+01 7.5523301772051866e+01
2.4820333333333336e-01 1.9660816412149973e+01 7.5195633487985987e+01
2.4920000000000003e-01 1.9586033745254184e+01 7.4869918811253939e+01
2.5019666666666668e-01 1.9511574739576329e+01 7.4546146094142031e+01
2.5119333333333332e-01 1.9437437465399821e+01 7.4224303758384153e+01
2.5219000000000003e-01 1.9363620004513344e+01 7.3904380294744783e+01
2.5318666666666667e-01 1.9290120450142265e+01 7.3586364262604505e+01
2.5418333333333337e-01 1.9216936906880431e+01 7.3270244289562783e+01
2.5518000000000002e-01 1.9144067490622408e+01 7.2956009071017363e+01
2.5617666666666666e-01 1.9071510328496085e+01 7.2643647369769198e+01
2.5717333333333336e-01 1.8999263558795700e+01 7.2333148015614825e+01
2.5817000000000001e-01 1.8927325330915288e+01 7.2024499904945159e+01
2.5916666666666666e-01 1.8855693805282478e+01 7.1717692000362206e+01
2.6016333333333336e-01 1.8784367153292710e+01 7.1412713330267550e+01
2.6116000000000000e-01 1.8713343557243867e+01 7.1109552988480772e+01
2.6215666666666670e-01 1.8642621210271241e+01 7.0808200133844423e+01
2.6315333333333335e-01 1.8572198316282943e+01 7.0508643989833999e+01
2.6415000000000005e-01 1.8502073089895653e+01 7.0210873844185045e+01
2.6514666666666670e-01 1.8432243756370802e+01 6.9914879048496118e+01
2.6614333333333334e-01 1.8362708551551073e+01 6.9620649017849971e+01
2.6714000000000004e-01 1.8293465721797340e+01 6.9328173230442772e+01
2.6813666666666669e-01 1.8224513523925946e+01 6.9037441227202834e+01
2.6913333333333339e-01 1.8155850225146363e+01 6.8748442611418909e+01
2.7013000000000004e-01 1.8087474102999238e+01 6.8461167048364132e+01
2.7112666666666668e-01 1.8019383445294782e+01 6.8175604264926392e+01
2.7212333333333338e-01 1.7951576550051549e+01 6.7891744049247819e+01
2.7312000000000003e-01 1.7884051725435580e+01 6.7609576250354806e+01
2.7411666666666668e-01 1.7816807289699888e+01 6.7329090777792516e+01
2.7511333333333338e-01 1.7749841571124321e+01 6.7050277601267780e+01
2.7611000000000002e-01 1.7683152907955794e+01 6.6773126750296839e+01
2.7710666666666672e-01 1.7616739648348833e+01 6.6497628313831555e+01
2.7810333333333337e-01 1.7550600150306551e+01 6.6223772439915521e+01
2.7910000000000001e-01 1.7484732781621883e+01 6.5951549335341440e+01
2.8009666666666672e-01 1.7419135919819237e+01 6.5680949265281001e+01
2.8109333333333336e-01 1.7353807952096485e+01 6.5411962552949419e+01
2.8209000000000001e-01 1.7288747275267269e+01 6.5144579579255918e+01
2.8308666666666671e-01 1.7223952295703679e+01 6.4878790782460413e+01
2.8408333333333335e-01 1.7159421429279266e+01 6.4614586657834238e+01
2.8508000000000006e-01 1.7095153101312384e+01 6.4351957757312888e+01
2.8607666666666670e-01 1.7031145746509889e+01 6.4090894689168110e+01
2.8707333333333335e-01 1.6967397808911155e+01 6.3831388117661930e+01
2.8807000000000005e-01 1.6903907741832430e+01 6.3573428762717207e+01
2.8906666666666669e-01 1.6840674007811550e+01 6.3317007399589478e+01
2.9006333333333334e-01 1.6777695078552924e+01 6.3062114858530201e+01
2.9106000000000004e-01 1.6714969434872895e+01 6.2808742024469495e+01
2.9205666666666669e-01 1.6652495566645424e+01 6.2556879836677474e+01
2.9305333333333339e-01 1.6590271972748070e+01 6.2306519288439915e+01
2.9405000000000003e-01 1.6528297161008336e+01 6.2057651426749878e+01
2.9504666666666668e-01 1.6466569648150269e+01 6.1810267351979981e+01
2.9604333333333338e-01 1.6405087959741444e+01 6.1564358217566436e+01
2.9704000000000003e-01 1.6343850630140231e+01 6.1319915229681648e+01
2.9803666666666673e-01 1.6282856202443387e+01 6.1076929646927319e+01
2.9903333333333337e-01 1.6222103228433951e+01 6.0835392780033416e+01
3.0003000000000002e-01 1.6161590268529455e+01 6.0595295991532154e+01
3.0102666666666672e-01 1.6101315891730440e+01 6.0356630695449013e+01
3.0202333333333337e-01 1.6041278675569302e+01 6.0119388357005818e+01
3.0302000000000001e-01 1.5981477206059393e+01 5.9883560492307964e+01
3.0401666666666671e-01 1.5921910077644483e+01 5.9649138668042298e+01
3.0501333333333336e-01 1.5862575893148490e+01 5.9416114501177887e+01
3.0601000000000006e-01 1.5803473263725499e+01 5.9184479658667797e+01
3.0700666666666671e-01 1.5744600808810121e+01 5.8954225857141616e+01
3.0800333333333335e-01 1.5685957156068108e+01 5.8725344862620183e+01
3.0900000000000005e-01 1.5627540941347275e+01 5.8497828490215447e+01
3.0999666666666670e-01 1.5569350808628741e+01 5.8271668603835288e+01
3.1099333333333334e-01 1.5511385409978406e+01 5.8046857115903471e+01
3.1199000000000005e-01 1.5453643405498759e+01 5.7823385987059851e+01
3.1298666666666669e-01 1.5396123463280981e+01 5.7601247225877600e+01
3.1398333333333339e-01 1.5338824259357279e+01 5.7380432888571072e+01
3.1498000000000004e-01 1.5281744477653580e+01 5.7160935078718595e+01
3.1597666666666668e-01 1.5224882809942439e+01 5.6942745946983635e+01
3.1697333333333338e-01 1.5168237955796263e+01 5.6725857690824945e+01
3.1797000000000003e-01 1.5111808622540817e+01 5.6510262554220397e+01
3.1896666666666668e-01 1.5055593525208982e+01 5.6295952827389790e+01
3.1996333333333338e-01 1.4999591386494814e+01 5.6082920846522121e+01
3.2096000000000002e-01 1.4943800936707872e+01 5.5871158993498689e+01
3.2195666666666672e-01 1.4888220913727793e+01 5.5660659695620275e+01
3.2295333333333337e-01 1.4832850062959182e+01 5.5451415425341622e+01
3.2395000000000002e-01 1.4777687137286724e+01 5.5243418699991786e+01
3.2494666666666672e-01 1.4722730897030605e+01 5.5036662081514308e+01
3.2594333333333336e-01 1.4667980109902176e+01 5.4831138176202870e+01
3.2694000000000001e-01 1.4613433550959879e+01 5.4626839634428670e+01
3.2793666666666671e-01 1.4559090002565444e+01 5.4423759150387724e+01
3.2893333333333336e-01 1.4504948254340356e+01 5.4221889461833399e+01
3.2993000000000006e-01 1.4451007103122549e+01 5.4021223349813084e+01
3.3092666666666670e-01 1.4397265352923414e+01 5.3821753638419644e+01
3.3192333333333335e-01 1.4343721814884995e+01 5.3623473194528067e+01
3.3292000000000005e-01 1.4290375307237495e+01 5.3426374927542270e+01
3.3391666666666669e-01 1.4237224655257014e+01 5.3230451789142165e+01
3.3491333333333340e-01 1.4184268691223529e+01 5.3035696773030018e+01
3.3591000000000004e-01 1.4131506254379154e+01 5.2842102914681888e+01
3.3690666666666669e-01 1.4078936190886610e+01 5.2649663291094164e+01
3.3790333333333339e-01 1.4026557353787975e+01 5.2458371020544462e+01
3.3890000000000003e-01 1.3974368602963676e+01 5.2268219262334945e+01
3.3989666666666668e-01 1.3922368805091695e+01 5.2079201216558197e+01
3.4089333333333338e-01 1.3870556833607058e+01 5.1891310123848953e+01
3.4189000000000003e-01 1.3818931568661549e+01 5.1704539265132794e+01
3.4288666666666673e-01 1.3767491897083655e+01 5.1518881961407772e+01
3.4388333333333337e-01 1.3716236712338766e+01 5.1334331573488626e+01
3.4488000000000002e-01 1.3665164914489596e+01 5.1150881501771643e+01
3.4587666666666672e-01 1.3614275410156853e+01 5.0968525186003703e+01
3.4687333333333337e-01 1.3563567112480149e+01 5.0787256105043241e+01
3.4787000000000001e-01 1.3513038941079115e+01 5.0607067776632036e+01
3.4886666666666671e-01 1.3462689822014775e+01 5.0427953757155748e+01
3.4986333333333336e-01 1.3412518687751152e+01 5.0249907641420528e+01
3.5086000000000006e-01 1.3362524477117070e+01 5.0072923062421893e+01
3.5185666666666671e-01 1.3312706135268225e+01 4.9896993691114098e+01
3.5285333333333335e-01 1.3263062613649454e+01 4.9722113236189209e+01
3.5385000000000005e-01 1.3213592869957235e+01 4.9548275443845100e+01
3.5484666666666670e-01 1.3164295868102432e+01 4.9375474097569729e+01
3.5584333333333334e-01 1.3115170578173217e+01 4.9203703017913064e+01
3.5684000000000005e-01 1.3066215976398258e+01 4.9032956062267758e+01
3.5783666666666669e-01 1.3017431045110111e+01 4.8863227124651360e+01
3.5883333333333339e-01 1.2968814772708809e+01 4.8694510135484101e+01
3.5983000000000004e-01 1.2920366153625709e+01 4.8526799061375080e+01
3.6082666666666668e-01 1.2872084188287515e+01 4.8360087904905065e+01
3.6182333333333339e-01 1.2823967883080536e+01 4.8194370704412947e+01
3.6282000000000003e-01 1.2776016250315170e+01 4.8029641533784279e+01
3.6381666666666673e-01 1.2728228308190554e+01 4.7865894502231576e+01
3.6481333333333338e-01 1.2680603080759488e+01 4.7703123754091465e+01
3.6581000000000002e-01 1.2633139597893507e+01 4.7541323468614408e+01
3.6680666666666673e-01 1.2585836895248201e+01 4.7380487859756450e+01
3.6780333333333337e-01 1.2538694014228732e+01 4.7220611175970141e+01
3.6880000000000002e-01 1.2491710001955543e+01 4.7061687699994302e+01
3.6979666666666672e-01 1.2444883911230294e+01 4.6903711748660939e+01
3.7079333333333336e-01 1.2398214800501991e+01 4.6746677672682438e+01
3.7179000000000006e-01 1.2351701733833300e+01 4.6590579856458547e+01
3.7278666666666671e-01 1.2305343780867096e+01 4.6435412717866882e+01
3.7378333333333336e-01 1.2259140016793175e+01 4.6281170708063151e+01
3.7478000000000006e-01 1.2213089522315196e+01 4.6127848311290890e+01
3.7577666666666670e-01 1.2167191383617807e+01 4.5975440044675494e+01
3.7677333333333335e-01 1.2121444692333956e+01 4.5823940458037214e+01
3.7777000000000005e-01 1.2075848545512409e+01 4.5673344133690520e+01
3.7876666666666670e-01 1.2030402045585475e+01 4.5523645686245956e+01
3.7976333333333340e-01 1.1985104300336886e+01 4.5374839762425829e+01
3.8076000000000004e-01 1.1939954422869912e+01 4.5226921040868163e+01
3.8175666666666669e-01 1.1894951531575630e+01 4.5079884231940419e+01
3.8275333333333339e-01 1.1850094750101400e+01 4.4933724077548760e+01
3.8375000000000004e-01 1.1805383207319535e+01 4.4788435350945100e+01
3.8474666666666668e-01 1.1760816037296136e+01 4.4644012856544386e+01
3.8574333333333338e-01 1.1716392379260137e+01 4.4500451429737950e+01
3.8674000000000003e-01 1.1672111377572524e+01 4.4357745936712696e+01
3.8773666666666673e-01 1.1627972181695718e+01 4.4215891274264770e+01
3.8873333333333338e-01 1.1583973946163187e+01 4.4074882369612425e+01
3.8973000000000002e-01 1.1540115830549189e+01 4.3934714180220638e+01
3.9072666666666672e-01 1.1496396999438725e+01 4.3795381693617159e+01
3.9172333333333337e-01 1.1452816622397677e+01 4.3656879927215613e+01
3.9272000000000007e-01 1.1409373873943089e+01 4.3519203928140506e+01
3.9371666666666671e-01 1.1366067933513667e+01 4.3382348773042878e+01
3.9471333333333336e-01 1.1322897985440418e+01 4.3246309567926716e+01
3.9571000000000006e-01 1.1279863218917493e+01 4.3111081447973810e+01
3.9670666666666671e-01 1.1236962827973196e+01 4.2976659577374384e+01
3.9770333333333335e-01 1.1194196011441147e+01 4.2843039149148758e+01
3.9870000000000005e-01 1.1151561972931638e+01 4.2710215384978234e+01
3.9969666666666670e-01 1.1109059920803167e+01 4.2578183535033581e+01
4.0069333333333340e-01 1.1066689068134103e+01 4.2446938877800036e+01
4.0169000000000005e-01 1.1024448632694574e+01 4.2316476719918803e+01
4.0268666666666669e-01 1.0982337836918470e+01 4.2186792396011704e+01
4.0368333333333339e-01 1.0940355907875645e+01 4.2057881268517484e+01
4.0468000000000004e-01 1.0898502077244286e+01 4.1929738727521688e+01
4.0567666666666669e-01 1.0856775581283424e+01 4.1802360190597177e+01
4.0667333333333339e-01 1.0815175660805627e+01 4.1675741102639030e+01
4.0767000000000003e-01 1.0773701561149856e+01 4.1549876935698833e+01
4.0866666666666673e-01 1.0732352532154467e+01 4.1424763188824535e+01
4.0966333333333338e-01 1.0691127828130401e+01 4.1300395387898519e+01
4.1066000000000003e-01 1.0650026707834501e+01 4.1176769085481929e+01
4.1165666666666673e-01 1.0609048434443009e+01 4.1053879860650689e+01
4.1265333333333337e-01 1.0568192275525231e+01 4.0931723318838131e+01
4.1365000000000002e-01 1.0527457503017326e+01 4.0810295091677276e+01
4.1464666666666672e-01 1.0486843393196276e+01 4.0689590836848886e+01
4.1564333333333336e-01 1.0446349226654014e+01 4.0569606237924880e+01
4.1664000000000007e-01 1.0405974288271684e+01 4.0450337004207242e+01
4.1763666666666671e-01 1.0365717867194082e+01 4.0331778870582951e+01
4.1863333333333336e-01 1.0325579256804220e+01 4.0213927597368453e+01
4.1963000000000006e-01 1.0285557754698068e+01 4.0096778970156201e+01
4.2062666666666670e-01 1.0245652662659440e+01 3.9980328799668058e+01
4.2162333333333335e-01 1.0205863286635008e+01 3.9864572921601280e+01
4.2262000000000005e-01 1.0166188936709496e+01 3.9749507196482462e+01
4.2361666666666670e-01 1.0126628927081008e+01 3.9635127509515748e+01
4.2461333333333340e-01 1.0087182576036495e+01 3.9521429770439461e+01
4.2561000000000004e-01 1.0047849205927392e+01 3.9408409913382677e+01
4.2660666666666669e-01 1.0008628143145362e+01 3.9296063896712639e+01
4.2760333333333339e-01 9.9695187180982252e+00 3.9184387702890739e+01
4.2860000000000004e-01 9.9305202651860149e+00 3.9073377338336769e+01
4.2959666666666674e-01 9.8916321227771586e+00 3.8963028833278386e+01
4.3059333333333338e-01 9.8528536331848411e+00 3.8853338241609521e+01
4.3159000000000003e-01 9.8141841426434624e+00 3.8744301640756561e+01
4.3258666666666673e-01 9.7756230012852718e+00 3.8635915131528762e+01
4.3358333333333338e-01 9.7371695631171331e+00 3.8528174837982938e+01
4.3458000000000002e-01 9.6988231859974068e+00 3.8421076907289724e+01
4.3557666666666672e-01 9.6605832316129963e+00 3.8314617509584636e+01
4.3657333333333337e-01 9.6224490654565304e+00 3.8208792837840676e+01
4.3757000000000007e-01 9.5844200568036531e+00 3.8103599107729217e+01
4.3856666666666672e-01 9.5464955786904895e+00 3.7999032557483751e+01
4.3956333333333336e-01 9.5086750078912079e+00 3.7895089447765223e+01
4.4056000000000006e-01 9.4709577248957402e+00 3.7791766061530268e+01
4.4155666666666671e-01 9.4333431138876360e+00 3.7689058703897580e+01
4.4255333333333335e-01 9.3958305627220238e+00 3.7586963702013534e+01
4.4355000000000006e-01 9.3584194629037309e+00 3.7485477404924325e+01
4.4454666666666670e-01 9.3211092095655292e+00 3.7384596183442525e+01
4.4554333333333340e-01 9.2838992014464861e+00 3.7284316430018620e+01
4.4654000000000005e-01 9.2467888408704848e+00 3.7184634558612764e+01
4.4753666666666669e-01 9.2097775337248358e+00 3.7085547004564681e+01
4.4853333333333339e-01 9.1728646894390327e+00 3.6987050224469634e+01
4.4953000000000004e-01 9.1360497209636424e+00 3.6889140696046866e+01
4.5052666666666669e-01 9.0993320447493033e+00 3.6791814918013202e+01
4.5152333333333339e-01 9.0627110807258582e+00 3.6695069409966585e+01
4.5252000000000003e-01 9.0261862522816205e+00 3.6598900712251059e+01
4.5351666666666673e-01 8.9897569862427371e+00 3.6503305385841578e+01
4.5451333333333338e-01 8.9534227128527064e+00 3.6408280012216565e+01
4.5551000000000003e-01 8.9171828657519914e+00 3.6313821193232592e+01
4.5650666666666673e-01 8.8810368819577779e+00 3.6219925551006995e+01
4.5750333333333337e-01 8.8449842018438396e+00 3.6126589727799114e+01
4.5850000000000007e-01 8.8090242691205169e+00 3.6033810385889602e+01
4.5949666666666672e-01 8.7731565308148340e+00 3.5941584207453971e+01
4.6049333333333337e-01 8.7373804372507173e+00 3.5849907894452386e+01
4.6149000000000007e-01 8.7016954420293402e+00 3.5758778168507753e+01
4.6248666666666671e-01 8.6661010020095919e+00 3.5668191770787182e+01
4.6348333333333336e-01 8.6305965772886424e+00 3.5578145461889633e+01
4.6448000000000006e-01 8.5951816311826370e+00 3.5488636021730187e+01
4.6547666666666671e-01 8.5598556302075153e+00 3.5399660249418638e+01
4.6647333333333341e-01 8.5246180440599169e+00 3.5311214963149574e+01
4.6747000000000005e-01 8.4894683455982367e+00 3.5223297000090014e+01
4.6846666666666670e-01 8.4544060108237566e+00 3.5135903216259599e+01
4.6946333333333340e-01 8.4194305188619154e+00 3.5049030486428990e+01
4.7046000000000004e-01 8.3845413519436853e+00 3.4962675704000503e+01
4.7145666666666669e-01 8.3497379953870468e+00 3.4876835780895910e+01
4.7245333333333339e-01 8.3150199375785867e+00 3.4791507647448405e+01
4.7345000000000004e-01 8.2803866699552149e+00 3.4706688252295798e+01
4.7444666666666674e-01 8.2458376869859560e+00 3.4622374562267673e+01
4.7544333333333338e-01 8.2113724861538913e+00 3.4538563562276742e+01
4.7644000000000003e-01 8.1769905679381747e+00 3.4455252255215015e+01
4.7743666666666673e-01 8.1426914357961753e+00 3.4372437661837857e+01
4.7843333333333338e-01 8.1084745961457259e+00 3.4290116820669788e+01
4.7943000000000002e-01 8.0743395583474609e+00 3.4208286787889421e+01
4.8042666666666672e-01 8.0402858346872783e+00 3.4126944637225051e+01
4.8142333333333337e-01 8.0063129403589013e+00 3.4046087459855421e+01
4.8242000000000007e-01 7.9724203934465292e+00 3.3965712364299613e+01
4.8341666666666672e-01 7.9386077149076222e+00 3.3885816476318048e+01
4.8441333333333336e-01 7.9048744285557531e+00 3.3806396938805811e+01
4.8541000000000006e-01 7.8712200610435863e+00 3.3727450911692856e+01
4.8640666666666671e-01 7.8376441418459581e+00 3.3648975571843785e+01
4.8740333333333336e-01 7.8041462032430342e+00 3.3570968112953977e+01
4.8840000000000006e-01 7.7707257803035947e+00 3.3493425745449827e+01
4.8939666666666670e-01 7.7373824108684115e+00 3.3416345696390657e+01
4.9039333333333340e-01 7.7041156355337073e+00 3.3339725209367792e+01
4.9139000000000005e-01 7.6709249976347431e+00 3.3263561544407032e+01
4.9238666666666669e-01 7.6378100432294751e+00 3.3187851977870835e+01
4.9338333333333340e-01 7.6047703210823263e+00 3.3112593802359292e+01
4.9438000000000004e-01 7.5718053826480549e+00 3.3037784326615402e+01
4.9537666666666674e-01 7.5389147820557030e+00 3.2963420875427133e+01
4.9637333333333339e-01 7.5060980760926652e+00 3.2889500789533002e+01
4.9737000000000003e-01 7.4733548241888279e+00 3.2816021425526564e+01
4.9836666666666674e-01 7.4406845884008188e+00 3.2742980155760897e+01
4.9936333333333338e-01 7.4080869333963513e+00 3.2670374368255658e+01
5.0036000000000003e-01 7.3755614264386464e+00 3.2598201466604941e+01
5.0135666666666667e-01 7.3431076373709638e+00 3.2526458869882426e+01
5.0235333333333332e-01 7.3107251386012200e+00 3.2455144012548146e+01
5.0335000000000008e-01 7.2784135050866912e+00 3.2384254344359981e+01
5.0434666666666672e-01 7.2461723143188301e+00 3.2313787330279474e+01
5.0534333333333337e-01 7.2140011463081333e+00 3.2243740450383633e+01
5.0634000000000001e-01 7.1818995835691384e+00 3.2174111199774131e+01
5.0733666666666666e-01 7.1498672111054900e+00 3.2104897088485025e+01
5.0833333333333330e-01 7.1179036163950995e+00 3.2036095641397175e+01
5.0933000000000006e-01 7.0860083893753893e+00 3.1967704398148719e+01
5.1032666666666671e-01 7.0541811224286439e+00 3.1899720913046838e+01
5.1132333333333335e-01 7.0224214103674107e+00 3.1832142754980417e+01
5.1232000000000000e-01 6.9907288504200258e+00 3.1764967507331406e+01
5.1331666666666675e-01 6.9591030422162028e+00 3.1698192767892326e+01
5.1431333333333340e-01 6.9275435877727300e+00 3.1631816148776331e+01
5.1531000000000005e-01 6.8960500914792169e+00 3.1565835276334347e+01
5.1630666666666669e-01 6.8646221600839610e+00 3.1500247791069405e+01
5.1730333333333334e-01 6.8332594026798823e+00 3.1435051347551259e+01
5.1830000000000009e-01 6.8019614306905396e+00 3.1370243614335070e+01
5.1929666666666674e-01 6.7707278578562491e+00 3.1305822273875179e+01
5.2029333333333339e-01 6.7395583002202510e+00 3.1241785022443544e+01
5.2129000000000003e-01 6.7084523761149937e+00 3.1178129570047147e+01
5.2228666666666668e-01 6.6774097061484810e+00 3.1114853640347548e+01
5.2328333333333343e-01 6.6464299131907003e+00 3.1051954970577292e+01
5.2428000000000008e-01 6.6155126223601526e+00 3.0989431311459100e+01
5.2527666666666673e-01 6.5846574610104245e+00 3.0927280427127883e+01
5.2627333333333337e-01 6.5538640587168739e+00 3.0865500095048059e+01
5.2727000000000002e-01 6.5231320472633847e+00 3.0804088105935396e+01
5.2826666666666677e-01 6.4924610606291919e+00 3.0743042263677371e+01
5.2926333333333342e-01 6.4618507349758083e+00 3.0682360385254686e+01
5.3026000000000006e-01 6.4313007086339917e+00 3.0622040300665468e+01
5.3125666666666671e-01 6.4008106220908267e+00 3.0562079852844320e+01
5.3225333333333336e-01 6.3703801179768629e+00 3.0502476897586369e+01
5.3325000000000000e-01 6.3400088410533364e+00 3.0443229303471121e+01
5.3424666666666676e-01 6.3096964381994640e+00 3.0384334951785441e+01
5.3524333333333340e-01 6.2794425583998281e+00 3.0325791736449180e+01
5.3624000000000005e-01 6.2492468527318019e+00 3.0267597563938931e+01
5.3723666666666670e-01 6.2191089743530892e+00 3.0209750353212339e+01
5.3823333333333334e-01 6.1890285784893138e+00 3.0152248035635886e+01
5.3923000000000010e-01 6.1590053224216899e+00 3.0095088554907761e+01
5.4022666666666674e-01 6.1290388654747794e+00 3.0038269866987122e+01
5.4122333333333339e-01 6.0991288690042884e+00 2.9981789940020075e+01
5.4222000000000004e-01 6.0692749963849693e+00 2.9925646754266563e+01
5.4321666666666668e-01 6.0394769129985821e+00 2.9869838302029606e+01
5.4421333333333344e-01 6.0097342862219234e+00 2.9814362587581190e+01
5.4521000000000008e-01 5.9800467854149453e+00 2.9759217627092024e+01
5.4620666666666673e-01 5.9504140819089120e+00 2.9704401448560709e+01
5.4720333333333337e-01 5.9208358489946606e+00 2.9649912091744934e+01
5.4820000000000002e-01 5.8913117619109112e+00 2.9595747608088001e+01
5.4919666666666667e-01 5.8618414978326570e+00 2.9541906060650270e+01
5.5019333333333342e-01 5.8324247358596155e+00 2.9488385524042595e+01
5.5119000000000007e-01 5.8030611570047652e+00 2.9435184084353534e+01
5.5218666666666671e-01 5.7737504441829195e+00 2.9382299839083402e+01
5.5318333333333336e-01 5.7444922821994018e+00 2.9329730897074054e+01
5.5418000000000001e-01 5.7152863577387691e+00 2.9277475378444120e+01
5.5517666666666676e-01 5.6861323593536053e+00 2.9225531414521836e+01
5.5617333333333341e-01 5.6570299774533952e+00 2.9173897147773637e+01
5.5717000000000005e-01 5.6279789042934372e+00 2.9122570731742250e+01
5.5816666666666670e-01 5.5989788339638480e+00 2.9071550330979026e+01
5.5916333333333335e-01 5.5700294623786224e+00 2.9020834120979746e+01
5.6016000000000010e-01 5.5411304872647538e+00 2.8970420288116461e+01
5.6115666666666675e-01 5.5122816081514383e+00 2.8920307029574634e+01
5.6215333333333339e-01 5.4834825263593112e+00 2.8870492553289431e+01
5.6315000000000004e-01 5.4547329449897797e+00 2.8820975077879353e+01
5.6414666666666669e-01 5.4260325689143993e+00 2.8771752832584756e+01
5.6514333333333344e-01 5.3973811047643192e+00 2.8722824057202295e+01
5.6614000000000009e-01 5.3687782609198056e+00 2.8674187002024393e+01
5.6713666666666673e-01 5.3402237474997891e+00 2.8625839927775935e+01
5.6813333333333338e-01 5.3117172763515157e+00 2.8577781105549668e+01
5.6913000000000002e-01 5.2832585610402383e+00 2.8530008816747195e+01
5.7012666666666667e-01 5.2548473168389727e+00 2.8482521353017535e+01
5.7112333333333343e-01 5.2264832607183127e+00 2.8435317016193903e+01
5.7212000000000007e-01 5.1967503732957034e+00 3.1229340019143986e+01
5.7311666666666672e-01 5.1667069207198058e+00 2.9058524681655690e+01
5.7411333333333336e-01 5.1405468048185270e+00 2.3436691173754365e+01
5.7511000000000001e-01 5.1174331915645714e+00 2.2945141442879546e+01
5.7610666666666677e-01 5.0930055350720265e+00 2.6073567237808728e+01
5.7710333333333341e-01 5.0644152821547292e+00 3.1298177746735906e+01
5.7810000000000006e-01 5.0303303763280027e+00 3.7099626587833001e+01
5.7909666666666670e-01 4.9906465660115185e+00 4.2533437592403949e+01
5.8009333333333335e-01 4.9458777280945085e+00 4.7303695351431102e+01
5.8109000000000011e-01 4.8966855903299331e+00 5.1409624577474666e+01
5.8208666666666675e-01 4.8436729790883541e+00 5.4970197311983554e+01
5.8308333333333340e-01 4.7872271316207149e+00 5.8299061820404795e+01
5.8408000000000004e-01 4.7272802730422212e+00 6.1995637668212993e+01
5.8507666666666669e-01 4.6630881891372464e+00 6.6817908629397792e+01
5.8607333333333345e-01 4.5932572112706076e+00 7.3311143945785417e+01
5.8707000000000009e-01 4.5161958067324486e+00 8.1327126030456967e+01
5.8806666666666674e-01 4.4309117577005344e+00 8.9811433899809586e+01
5.8906333333333338e-01 4.3376795019660026e+00 9.7276704697916600e+01
5.9006000000000003e-01 4.2380083097776380e+00 1.0273237661653214e+02
5.9105666666666667e-01 4.1338752167437907e+00 1.0623035187948750e+02
5.9205333333333343e-01 4.0268868037778338e+00 1.0846211561070749e+02
5.9305000000000008e-01 3.9179954945685553e+00 1.1004887276912076e+02
5.9404666666666672e-01 3.8076109914098568e+00 1.1145849142894130e+02
5.9504333333333337e-01 3.6957955369027458e+00 1.1292034704687154e+02
5.9604000000000001e-01 3.5825136591118185e+00 1.1440114684797051e+02
5.9703666666666677e-01 3.4676856156670506e+00 1.1602302059970347e+02
5.9803333333333342e-01 3.3509956664470582e+00 1.1813741261767723e+02
5.9903000000000006e-01 3.2319114067542301e+00 1.2082765700004340e+02
6.0002666666666671e-01 3.1101476904179179e+00 1.2351424869155775e+02
6.0102333333333335e-01 2.9861802694866157e+00 1.2524980668898729e+02
6.0202000000000011e-01 2.8614723752818279e+00 1.2500014823698623e+02
6.0301666666666676e-01 2.7383643267282736e+00 1.2203941407784367e+02
6.0401333333333340e-01 2.6194989461843625e+00 1.1648643316746779e+02
6.0501000000000005e-01 2.5070267522543319e+00 1.0921027706002290e+02
6.0600666666666669e-01 2.4022771199561883e+00 1.0098965397304563e+02
6.0700333333333334e-01 2.3058445577894044e+00 9.2520504221173823e+01
6.0800000000000010e-01 2.2178126275453116e+00 8.4132198609765624e+01
6.0899666666666674e-01 2.1382550892606651e+00 7.5515035406250703e+01
6.0999333333333339e-01 2.0675354692475882e+00 6.6397245556448340e+01
6.1099000000000003e-01 2.0062037066359912e+00 5.6676525570504786e+01
6.1198666666666668e-01 1.9551059003614888e+00 4.5860878324819950e+01
6.1298333333333344e-01 1.9155549355869201e+00 3.3505606172635048e+01
6.1398000000000008e-01 1.8878513516576694e+00 2.2086869939574829e+01
6.1497666666666673e-01 1.8697791284302756e+00 1.4178460951516993e+01
6.1597333333333337e-01 1.8575673963836803e+00 1.0326686968072854e+01
6.1697000000000002e-01 1.8475078896109438e+00 9.8596142481211295e+00
6.1796666666666678e-01 1.8365237236068861e+00 1.2182190442293852e+01
6.1896333333333342e-01 1.8225726949150953e+00 1.5813184858959040e+01
6.1996000000000007e-01 1.8059095470742970e+00 1.7624570005520113e+01
6.2095666666666671e-01 1.7882961587899553e+00 1.7720021869413895e+01
6.2195333333333336e-01 1.7705159576314728e+00 1.7959311558979852e+01
6.2295000000000011e-01 1.7520339314188775e+00 1.9128366459602500e+01
6.2394666666666676e-01 1.7317409982884295e+00 2.1593238484441127e+01
6.2494333333333341e-01 1.7081116554917128e+00 2.5823502913653595e+01
6.2594000000000005e-01 1.6787534398240100e+00 3.3089304446286569e+01
6.2693666666666670e-01 1.6406522667104551e+00 4.3367899126066135e+01
6.2793333333333334e-01 1.5928105598069708e+00 5.2635526098318834e+01
6.2893000000000010e-01 1.5377160455064189e+00 5.7922027682042788e+01
6.2992666666666675e-01 1.4798827729561885e+00 5.8131362050863608e+01
6.3092333333333339e-01 1.4242464437188078e+00 5.3513445783347699e+01
6.3192000000000004e-01 1.3746146463646307e+00 4.6082134191591564e+01
6.3291666666666668e-01 1.3318406371590759e+00 3.9751997993469963e+01
6.3391333333333344e-01 1.2944087968948652e+00 3.5362062737380604e+01
6.3491000000000009e-01 1.2609790089860085e+00 3.1721123701798419e+01
6.3590666666666673e-01 1.2310787842285962e+00 2.8279327316421433e+01
6.3690333333333338e-01 1.2047590368155716e+00 2.4536219331789709e+01
6.3790000000000002e-01 1.1828443182787951e+00 1.9439804487829480e+01
6.3889666666666678e-01 1.1680202237941009e+00 1.0307542304196623e+01
6.3989333333333343e-01 1.1628836318791764e+00 -0.0000000000000000e+00
6.4089000000000007e-01 1.1643010490072312e+00 -2.8443153071335270e+00
6.4188666666666672e-01 1.1698908914838038e+00 -8.3727598966912833e+00
6.4288333333333336e-01 1.1787096857070192e+00 -9.3238171398617755e+00
6.4388000000000001e-01 1.1860581634015208e+00 -5.4222919460951164e+00
6.4487666666666676e-01 1.1887602722213251e+00 -0.0000000000000000e+00
6.4587333333333341e-01 1.1846806906183946e+00 8.1864513771180878e+00
6.4687000000000006e-01 1.1723582799602892e+00 1.6540794090652462e+01
6.4786666666666670e-01 1.1532882956401129e+00 2.1726732973247110e+01
6.4886333333333335e-01 1.1294794665127952e+00 2.6050181663511886e+01
6.4986000000000010e-01 1.1013331143848779e+00 3.0430792506216470e+01
6.5085666666666675e-01 1.0685059542813693e+00 3.5443107367046196e+01
6.5185333333333340e-01 1.0302152989816467e+00 4.1394328017014274e+01
6.5285000000000004e-01 9.8582294759640254e-01 4.7687313558728185e+01
6.5384666666666669e-01 9.3550088621829797e-01 5.3293411614727958e+01
6.5484333333333344e-01 8.8033854261018296e-01 5.7400254488502839e+01
6.5584000000000009e-01 8.2234092367218015e-01 5.8982927326889779e+01
6.5683666666666674e-01 7.6414943739389218e-01 5.7789285940580129e+01
6.5783333333333338e-01 7.0813592556200000e-01 5.4612410043152408e+01
6.5883000000000003e-01 6.5557965044976541e-01 5.0851687172036208e+01
6.5982666666666678e-01 6.0647738613948066e-01 4.7681284688057985e+01
6.6082333333333343e-01 5.6009633088251465e-01 4.5391066998163296e+01
6.6182000000000007e-01 5.1576271395773376e-01 4.3572712784007670e+01
6.6281666666666672e-01 4.7322030953699201e-01 4.1796660635542842e+01
6.6381333333333337e-01 4.3245697572316782e-01 4.0002671432333479e+01
6.6481000000000001e-01 3.9339461242680013e-01 3.8383341871416071e+01
6.6580666666666677e-01 3.5585918635518982e-01 3.6938583355888760e+01
6.6680333333333341e-01 3.1981228547644136e-01 3.5396334795447409e+01
6.6780000000000006e-01 2.8553755521738766e-01 3.3382388132420971e+01
6.6879666666666671e-01 2.5370365994195893e-01 3.0498338172788522e+01
6.6979333333333335e-01 2.2526349750826277e-01 2.6572221894830356e+01
6.7079000000000011e-01 2.0111177870997332e-01 2.1892765660261176e+01
6.7178666666666675e-01 1.8170508051865891e-01 1.7050441412611381e+01
6.7278333333333340e-01 1.6694561028786709e-01 1.2567224602356127e+01
6.7378000000000005e-01 1.5625801317394067e-01 8.8794585694030079e+00
6.7477666666666669e-01 1.4881278986625940e-01 6.0607888707603887e+00
6.7577333333333345e-01 1.4383163362958290e-01 3.9348423734056124e+00
6.7677000000000009e-01 1.4087175729047210e-01 2.0047088087566260e+00
6.7776666666666674e-01 1.3987274406744174e-01 -0.0000000000000000e+00
6.7876333333333339e-01 1.4002308463500812e-01 -3.0168675765832231e-01
6.7976000000000003e-01 1.4138765877123188e-01 -2.4365891009847265e+00
6.8075666666666679e-01 1.4523774227056582e-01 -5.2893309645676583e+00
6.8175333333333343e-01 1.5167229489750494e-01 -7.6228147751097994e+00
6.8275000000000008e-01 1.5955623583227257e-01 -8.1978024852938010e+00
6.8374666666666672e-01 1.6713562502616255e-01 -7.0116741579640172e+00
6.8474333333333337e-01 1.7293798523074683e-01 -4.6318580251484649e+00
6.8574000000000002e-01 1.7588927652813266e-01 -1.2904656485356050e+00
6.8673666666666677e-01 1.7653235857631963e-01 -0.0000000000000000e+00
6.8773333333333342e-01 1.7557834785360288e-01 1.9144027880604095e+00
6.8873000000000006e-01 1.7308361967662994e-01 3.0917407108820636e+00
6.8972666666666671e-01 1.6970819433749476e-01 3.6816880633023601e+00
6.9072333333333336e-01 1.6595952248868823e-01 3.8407303623965152e+00
6.9172000000000011e-01 1.6219632802663012e-01 3.7108304310304470e+00
6.9271666666666676e-01 1.5838620137089801e-01 3.9349086774622166e+00
6.9371333333333340e-01 1.5409137727401345e-01 4.6834674366875868e+00
6.9471000000000005e-01 1.4904732835129747e-01 5.4383698664216400e+00
6.9570666666666670e-01 1.4331508385420599e-01 6.0644619003173652e+00
6.9670333333333345e-01 1.3700699983370776e-01 6.5939006826210660e+00
6.9770000000000010e-01 1.3024544069157809e-01 6.9744454219872472e+00
6.9869666666666674e-01 1.2315752667978017e-01 7.2487933976744294e+00
6.9969333333333339e-01 1.1573495434891498e-01 7.6460005773062010e+00
7.0069000000000004e-01 1.0792406013010453e-01 8.0280346443873380e+00
7.0168666666666668e-01 9.9883600638909831e-02 8.1066666757361343e+00
7.0268333333333344e-01 9.1868439100678059e-02 7.9772695213830289e+00
7.0368000000000008e-01 8.3988902940335994e-02 7.8345087267953515e+00
7.0467666666666673e-01 7.6096108358403441e-02 8.0038750496582534e+00
7.0567333333333337e-01 6.7660440847827213e-02 8.9238858411305131e+00
7.0667000000000002e-01 5.7928627333672988e-02 1.0604836929747956e+01
7.0766666666666678e-01 4.6583405688982976e-02 1.2161494129828604e+01
7.0866333333333342e-01 3.4260246249572891e-02 1.2567253909121920e+01
7.0966000000000007e-01 2.2315649676929866e-02 1.1401836203205720e+01
7.1065666666666671e-01 1.2215457328053205e-02 8.8661083095906861e+00
7.1165333333333336e-01 5.0141468685502523e-03 5.5846819101479843e+00
7.1265000000000012e-01 1.1243865369943485e-03 2.2208572167193448e+00
7.1364666666666676e-01 8.8296786646158192e-06 1.7718418724981949e-02
7.1464333333333341e-01 0.0000000000000000e+00 -0.0000000000000000e+00
7.1564000000000005e-01 1.6043456242874866e-03 -3.2194226574331513e+00
7.1663666666666670e-01 7.1808026745463858e-03 -7.9707921591401263e+00
7.1763333333333346e-01 1.7122894363706783e-02 -1.1979893504725089e+01
7.1863000000000010e-01 3.1014558437410654e-02 -1.5896355472607681e+01
7.1962666666666675e-01 4.9095511390622897e-02 -2.0386493262936046e+01
7.2062333333333339e-01 7.1701375838801457e-02 -2.4976445429062014e+01
7.2162000000000004e-01 9.8421453185176755e-02 -2.8642438878046722e+01
7.2261666666666668e-01 1.2808250115074266e-01 -3.0878058711718907e+01
7.2361333333333344e-01 1.5924647395413549e-01 -3.1658341562642335e+01
7.2461000000000009e-01 1.9073952782190032e-01 -3.1538422051602797e+01
7.2560666666666673e-01 2.2209944345123023e-01 -3.1391174528993680e+01
7.2660333333333338e-01 2.5351163335290067e-01 -3.1643320256968373e+01
7.2760000000000002e-01 2.8514848576277629e-01 -3.1842002304656280e+01
7.2859666666666678e-01 3.1652961073541730e-01 -3.1130154831072449e+01
7.2959333333333343e-01 3.4654048582674579e-01 -2.9092336990992688e+01
7.3059000000000007e-01 3.7399848745638525e-01 -2.6007331831027461e+01
7.3158666666666672e-01 3.9830505906594699e-01 -2.2768397151371683e+01
7.3258333333333336e-01 4.1961006841400200e-01 -1.9984129968472065e+01
7.3358000000000012e-01 4.3846443066295548e-01 -1.7850710664875990e+01
7.3457666666666677e-01 4.5536639864290185e-01 -1.6066281937023749e+01
7.3557333333333341e-01 4.7036755565508703e-01 -1.4036374274719753e+01
7.3657000000000006e-01 4.8302433683808199e-01 -1.1361848834969658e+01
7.3756666666666670e-01 4.9252947647684103e-01 -7.7120099719050632e+00
7.3856333333333335e-01 4.9787963727047274e-01 -3.0240986440785034e+00
7.3956000000000011e-01 4.9938664642810532e-01 -0.0000000000000000e+00
7.4055666666666675e-01 4.9870409332461979e-01 1.3696717795696578e+00
7.4155333333333340e-01 4.9650748579263609e-01 3.0382363113676591e+00
7.4255000000000004e-01 4.9322655509942076e-01 3.5455710997669074e+00
7.4354666666666669e-01 4.9045996951884513e-01 2.0061056505521631e+00
7.4454333333333345e-01 4.8946026020298655e-01 -0.0000000000000000e+00
7.4554000000000009e-01 4.8946308580179759e-01 -5.6700979485249849e-03
7.4653666666666674e-01 4.9060327831676670e-01 -2.2823416377754415e+00
7.4753333333333338e-01 4.9403542790785665e-01 -4.6049150667530112e+00
7.4853000000000003e-01 4.9937317910604034e-01 -6.1062913510071608e+00
7.4952666666666679e-01 5.0619523586425075e-01 -7.5834546520893662e+00
7.5052333333333343e-01 5.1462861689152384e-01 -9.3397179778903361e+00
7.5152000000000008e-01 5.2507248727503464e-01 -1.1617881453904266e+01
7.5251666666666672e-01 5.3823326605315480e-01 -1.4791708067407560e+01
7.5351333333333337e-01 5.5494996343413705e-01 -1.8753504068343549e+01
7.5451000000000013e-01 5.7543348280013162e-01 -2.2350548171106720e+01
7.5550666666666677e-01 5.9884846620043686e-01 -2.4636040592048602e+01
7.5650333333333342e-01 6.2377038843994526e-01 -2.5374505707969394e+01
7.5750000000000006e-01 6.4875846654502023e-01 -2.4768794837332656e+01
7.5849666666666671e-01 6.7272314348263407e-01 -2.3320857880288045e+01
7.5949333333333335e-01 6.9518895022764893e-01 -2.1761028564558721e+01
7.6049000000000011e-01 7.1640064923418900e-01 -2.0804253722808859e+01
7.6148666666666676e-01 7.3714120834327523e-01 -2.0815597332214470e+01
7.6248333333333340e-01 7.5839728675567630e-01 -2.1838740619092984e+01
7.6348000000000005e-01 7.8114537605317125e-01 -2.3809599108322669e+01
7.6447666666666669e-01 8.0619047782470254e-01 -2.6448130199099054e+01
7.6547333333333345e-01 8.3395646271174739e-01 -2.9269565226403866e+01
7.6647000000000010e-01 8.6446042978565674e-01 -3.1942408834954051e+01
7.6746666666666674e-01 8.9761363515904768e-01 -3.4585762482888647e+01
7.6846333333333339e-01 9.3363532390511428e-01 -3.7698562760055907e+01
7.6946000000000003e-01 9.7317171489345899e-01 -4.1638676681440124e+01
7.7045666666666679e-01 1.0171417634039852e+00 -4.6595534376463931e+01
7.7145333333333344e-01 1.0667045576570995e+00 -5.2861577837145234e+01
7.7245000000000008e-01 1.1234115324666130e+00 -6.0931682650175297e+01
7.7344666666666673e-01 1.1886408692294901e+00 -6.9963307509446949e+01
7.7444333333333337e-01 1.2620846904231402e+00 -7.7415597895874100e+01
7.7544000000000013e-01 1.3414119946740182e+00 -8.1769628025605854e+01
7.7643666666666677e-01 1.4233514804675582e+00 -8.2657433767454677e+01
7.7743333333333342e-01 1.5047294998836511e+00 -8.0642939642768425e+01
7.7843000000000007e-01 1.5835002854804578e+00 -7.7425526437783731e+01
7.7942666666666671e-01 1.6595837821300878e+00 -7.5250386571510646e+01
7.8042333333333336e-01 1.7342140582082683e+00 -7.4509364755945214e+01
7.8142000000000011e-01 1.8082661629026962e+00 -7.4090176436873222e+01
7.8241666666666676e-01 1.8817133654378213e+00 -7.3295514269066786e+01
7.8341333333333341e-01 1.9539808014418065e+00 -7.1722751959669012e+01
7.8441000000000005e-01 2.0240759929929082e+00 -6.8936495300069453e+01
7.8540666666666670e-01 2.0902405431042661e+00 -6.3835177164196701e+01
7.8640333333333345e-01 2.1505190159237078e+00 -5.7124968961762050e+01
7.8740000000000010e-01 2.2049616434580122e+00 -5.2124450839519696e+01
7.8839666666666675e-01 2.2563193754361910e+00 -5.0934543096627422e+01
7.8939333333333339e-01 2.3086305217417480e+00 -5.4037656847635986e+01
7.9039000000000004e-01 2.3661473936698409e+00 -6.1380815248874008e+01
7.9138666666666679e-01 2.4326367108704776e+00 -7.2042563749046579e+01
7.9238333333333344e-01 2.5099297678789885e+00 -8.3060560682750975e+01
7.9338000000000009e-01 2.5971106309108944e+00 -9.1884314966562684e+01
7.9437666666666673e-01 2.6922820403937973e+00 -9.9095102055988576e+01
7.9537333333333338e-01 2.7941649129953388e+00 -1.0535213393373101e+02
7.9637000000000002e-01 2.9019256462560512e+00 -1.1089014016803777e+02
7.9736666666666678e-01 3.0149944641496678e+00 -1.1600380878234296e+02
7.9836333333333342e-01 3.1331728703481354e+00 -1.2114349462595841e+02
7.9936000000000007e-01 3.2565574802498429e+00 -1.2645104029386147e+02
8.0035666666666672e-01 3.3850538647178987e+00 -1.3140123623067058e+02
8.0135333333333336e-01 3.5178491179851208e+00 -1.3507753286743983e+02
8.0235000000000012e-01 3.6533523769713119e+00 -1.3683536141920689e+02
8.0334666666666676e-01 3.7896640925086373e+00 -1.3669985370586693e+02
8.0434333333333341e-01 3.9252194464406625e+00 -1.3531757893365418e+02
8.0534000000000006e-01 4.0593122516434539e+00 -1.3376497331275507e+02
8.0633666666666670e-01 4.1920948215400049e+00 -1.3268834420541285e+02
8.0733333333333346e-01 4.3238703616668390e+00 -1.3174417778821044e+02
8.0833000000000010e-01 4.4544161920276952e+00 -1.3022069919010215e+02
8.0932666666666675e-01 4.5829482285280871e+00 -1.2770311987423527e+02
8.1032333333333340e-01 4.7084205489953428e+00 -1.2408080079584781e+02
8.1132000000000004e-01 4.8298383129441493e+00 -1.1956688605795040e+02
8.1231666666666680e-01 4.9467107506079904e+00 -1.1495974470558888e+02
8.1331333333333344e-01 5.0592220198951452e+00 -1.1081537760977682e+02
8.1431000000000009e-01 5.1678702012926738e+00 -1.0720772887356267e+02
8.1530666666666674e-01 5.2732740747749229e+00 -1.0430506072292872e+02
8.1630333333333338e-01 5.3761955650024209e+00 -1.0222635779379333e+02
8.1730000000000003e-01 5.4774134448293728e+00 -1.0088644453454286e+02
8.1829666666666678e-01 5.5774952915214584e+00 -9.9946692640192879e+01
8.1929333333333343e-01 5.6766095256357323e+00 -9.8944747054005816e+01
8.2029000000000007e-01 5.7743292832077131e+00 -9.7148411953318529e+01
8.2128666666666672e-01 5.8694508639934027e+00 -9.3731014372483628e+01
8.2228333333333337e-01 5.9601288984646139e+00 -8.8231596606538588e+01
8.2328000000000012e-01 6.0443929658290205e+00 -8.0860177368843480e+01
8.2427666666666677e-01 6.1208724065578082e+00 -7.2610272254145229e+01
8.2527333333333341e-01 6.1893306638054444e+00 -6.4764157005327476e+01
8.2627000000000006e-01 6.2505961262096834e+00 -5.8176570227262154e+01
8.2726666666666671e-01 6.3059730955270794e+00 -5.2947782918015633e+01
8.2826333333333346e-01 6.3566672540867053e+00 -4.8779625562830695e+01
8.2926000000000011e-01 6.4035590955866821e+00 -4.5317715239800144e+01
8.3025666666666675e-01 6.4472194559862928e+00 -4.2295048103901273e+01
8.3125333333333340e-01 6.4880282932698528e+00 -3.9595595274482370e+01
8.3225000000000005e-01 6.5262965498394463e+00 -3.7196892825037835e+01
8.3324666666666669e-01 6.5623289890536896e+00 -3.5109005263746006e+01
8.3424333333333345e-01 6.5964448297565204e+00 -3.3350875745272212e+01
8.3524000000000009e-01 6.6289875609489419e+00 -3.1952263771294053e+01
8.3623666666666674e-01 6.6603365947833701e+00 -3.0955496431572772e+01
8.3723333333333338e-01 6.6909003889794727e+00 -3.0376532055590406e+01
8.3823000000000003e-01 6.7210332860546877e+00 -3.0090819934808124e+01
8.3922666666666679e-01 6.7508346220279174e+00 -2.9711192051601319e+01
8.4022333333333343e-01 6.7798583029352981e+00 -2.8530308096989970e+01
8.4122000000000008e-01 6.8067974243405578e+00 -2.5528129505539670e+01
8.4221666666666672e-01 6.8294032390195714e+00 -1.9834709315225055e+01
8.4321333333333337e-01 6.8453483399258017e+00 -1.2162148690589083e+01
8.4421000000000013e-01 6.8541001660883705e+00 -5.4000442777742066e+00
8.4520666666666677e-01 6.8574956270788725e+00 -1.4135898168785930e+00
8.4620333333333342e-01 6.8582000660042839e+00 -0.0000000000000000e+00
8.4720000000000006e-01 6.8575615551951543e+00 1.2812925935713473e+00
8.4819666666666671e-01 6.8540081508425290e+00 5.8492847026660817e+00
8.4919333333333347e-01 6.8462937805634008e+00 9.6310569945806481e+00
8.5019000000000011e-01 6.8376673285270444e+00 7.6795490984430677e+00
8.5118666666666676e-01 6.8324505477361974e+00 2.7889073380385265e+00
8.5218333333333340e-01 6.8297309086353017e+00 2.6685624296452186e+00
8.5318000000000005e-01 6.8258802272891881e+00 5.0585573284430572e+00
8.5417666666666670e-01 6.8209232813380254e+00 4.8884914029865865e+00
8.5517333333333345e-01 6.8161359208258983e+00 4.7182520996091659e+00
8.5617000000000010e-01 6.8115183188553647e+00 4.5478388111604628e+00
8.5716666666666674e-01 6.8070706491686375e+00 4.3772508612028860e+00
8.5816333333333339e-01 6.8027930862237156e+00 4.2064874898108773e+00
8.5916000000000003e-01 6.7986858052865040e+00 4.0355478356971668e+00
8.6015666666666679e-01 6.7947489825431564e+00 3.8644309134942283e+00
8.6115333333333344e-01 6.7909827952381310e+00 3.6931355848854794e+00
8.6215000000000008e-01 6.7873874218453576e+00 3.5216605210149585e+00
8.6314666666666673e-01 6.7839630422827559e+00 3.3500041531025269e+00
8.6414333333333337e-01 6.7807098381838156e+00 3.1781646073122993e+00
8.6514000000000013e-01 6.7776279932454466e+00 3.0061396168381207e+00
8.6613666666666678e-01 6.7747176936796256e+00 2.8339264015317376e+00
8.6713333333333342e-01 6.7719791288082298e+00 2.6615215009346458e+00
8.6813000000000007e-01 6.7694124918592982e+00 2.4889205370558853e+00
8.6912666666666671e-01 6.7670179810528284e+00 2.3161178705759968e+00
8.7012333333333336e-01 6.7647958011123865e+00 2.1431060901770373e+00
8.7112000000000012e-01 6.7627461654204524e+00 1.9698752314301133e+00
8.7211666666666676e-01 6.7608692991779593e+00 1.7964115428031335e+00
8.7311333333333341e-01 6.7591654441886462e+00 1.6226954591628437e+00
8.7411000000000005e-01 6.7576348663892336e+00 1.4486981182541778e+00
8.7510666666666670e-01 6.7562778682699900e+00 1.2743750307291188e+00
8.7610333333333346e-01 6.7550948105875763e+00 1.0996537634116705e+00
8.7710000000000010e-01 6.7540861532449590e+00 9.2440779367991643e-01
8.7809666666666675e-01 6.7532525402270354e+00 7.4839424897533691e-01
8.7909333333333339e-01 6.7525950022620700e+00 5.7107992821295028e-01
8.8009000000000004e-01 6.7521155548273564e+00 3.9102194746733593e-01
8.8108666666666680e-01 6.7518197915305453e+00 2.0248299596667688e-01
8.8208333333333344e-01 6.7517188875042216e+00 -0.0000000000000000e+00
8.8308000000000009e-01 6.7517428713567567e+00 -4.8128132177340875e-02
8.8407666666666673e-01 6.7518981913698779e+00 -2.6355082391931028e-01
8.8507333333333338e-01 6.7522532006407028e+00 -4.4884236168310060e-01
8.8607000000000014e-01 6.7527902604198795e+00 -6.2886956977558761e-01
8.8706666666666678e-01 6.7535058704089677e+00 -8.0713709729012251e-01
8.8806333333333343e-01 6.7543987882452052e+00 -9.8467126974270125e-01
8.8906000000000007e-01 6.7554684871688089e+00 -1.1618817542106323e+00
8.9005666666666672e-01 6.7567147421081089e+00 -1.3389642778299682e+00
8.9105333333333336e-01 6.7581374780348176e+00 -1.5160242038607052e+00
8.9205000000000012e-01 6.7597367032187163e+00 -1.6931233223575481e+00
8.9304666666666677e-01 6.7615124759882104e+00 -1.8703002953554613e+00
8.9404333333333341e-01 6.7634648866233453e+00 -2.0475805778251317e+00
8.9504000000000006e-01 6.7655940467928808e+00 -2.2249816352888772e+00
8.9603666666666670e-01 6.7679000830492546e+00 -2.4025158691398296e+00
8.9703333333333346e-01 6.7703831326423414e+00 -2.5801923444124060e+00
8.9803000000000011e-01 6.7730433407251649e+00 -2.7580178552338857e+00
8.9902666666666675e-01 6.7758808584303258e+00 -2.9359976066269420e+00
9.0002333333333340e-01 6.7788958415104785e+00 -3.1141356645828582e+00
9.0102000000000004e-01 6.7820884493552542e+00 -3.2924352613890289e+00
9.0201666666666680e-01 6.7854588442660129e+00 -3.4708990076908584e+00
9.0301333333333345e-01 6.7890071909112732e+00 -3.6495290429983891e+00
9.0401000000000009e-01 6.7927336559114577e+00 -3.8283271446624898e+00
9.0500666666666674e-01 6.7966384075176958e+00 -4.0072948076548478e+00
9.0600333333333338e-01 6.8007216153601631e+00 -4.1864333043199338e+00
9.0700000000000014e-01 6.8049834502487503e+00 -4.3657437296332304e+00
9.0799666666666679e-01 6.8094240840135098e+00 -4.5452270357714255e+00
9.0899333333333343e-01 6.8140436893756977e+00 -4.7248840589202228e+00
9.0999000000000008e-01 6.8188424398426157e+00 -4.9047155402457010e+00
9.1098666666666672e-01 6.8238205096212292e+00 -5.0847221425902367e+00
9.1198333333333337e-01 6.8289780735466525e+00 -5.2649044636106943e+00
9.1298000000000012e-01 6.8343153070225231e+00 -5.4452630464958522e+00
9.1397666666666677e-01 6.8398323859710244e+00 -5.6257983886234291e+00
9.1497333333333342e-01 6.8455294867906895e+00 -5.8065109484970403e+00
9.1597000000000006e-01 6.8514067863206067e+00 -5.9874011516723105e+00
9.1696666666666671e-01 6.8574644618099354e+00 -6.1684693954754986e+00
9.1796333333333346e-01 6.8637026908917278e+00 -6.3497160529355190e+00
9.1896000000000011e-01 6.8701216515604333e+00 -6.5311414762394122e+00
9.1995666666666676e-01 6.8767215221524998e+00 -6.7127459994803562e+00
9.2095333333333340e-01 6.8835024813294625e+00 -6.8945299409135137e+00
9.2195000000000005e-01 6.8904647080632451e+00 -7.0764936051379630e+00
9.2294666666666680e-01 6.8976083816233684e+00 -7.2586372847408533e+00
9.2394333333333345e-01 6.9049336815656668e+00 -7.4409612616771801e+00
9.2494000000000010e-01 6.9124407877223799e+00 -7.6234658086501348e+00
9.2593666666666674e-01 6.9201298801934579e+00 -7.8061511901692962e+00
9.2693333333333339e-01 6.9280011393388454e+00 -7.9890176634513068e+00
9.2793000000000003e-01 6.9360547457716173e+00 -8.1720654792348828e+00
9.2892666666666679e-01 6.9442908803518897e+00 -8.3552948825135509e+00
9.2992333333333344e-01 6.9527097241814122e+00 -8.5387061131849489e+00
9.3092000000000008e-01 6.9613114585987494e+00 -8.7222994065552388e+00
9.3191666666666673e-01 6.9700962651749414e+00 -8.9060749938302539e+00
9.3291333333333337e-01 6.9790643257096470e+00 -9.0900331025698584e+00
9.3391000000000013e-01 6.9882158222276622e+00 -9.2741739569911505e+00
9.3490666666666677e-01 6.9975509369757614e+00 -9.4584977783260129e+00
9.3590333333333342e-01 7.0070698524199049e+00 -9.6430047851729856e+00
9.3690000000000007e-01 7.0167727512427085e+00 -9.8276951936973678e+00
9.3789666666666671e-01 7.0266598163411471e+00 -1.0012569217885133e+01
9.3889333333333347e-01 7.0367312308244969e+00 -1.0197627069771082e+01
9.3989000000000011e-01 7.0469871780124418e+00 -1.0382868959550470e+01
9.4088666666666676e-01 7.0574278414333689e+00 -1.0568295095821981e+01
9.4188333333333341e-01 7.0680534048228560e+00 -1.0753905685757486e+01
9.4288000000000005e-01 7.0788640521222819e+00 -1.0939700935165124e+01
9.4387666666666681e-01 7.0898599674775271e+00 -1.1125681048603353e+01
9.4487333333333345e-01 7.1010413352378388e+00 -1.1311846229613892e+01
9.4587000000000010e-01 7.1124083399548184e+00 -1.1498196680712882e+01
9.4686666666666675e-01 7.1239611663814451e+00 -1.1684732603487829e+01
9.4786333333333339e-01 7.1356999994712211e+00 -1.1871454198739258e+01
9.4886000000000004e-01 7.1476250243773967e+00 -1.2058361666496724e+01
9.4985666666666679e-01 7.1597364264522474e+00 -1.2245455206111789e+01
9.5085333333333344e-01 7.1720343912464459e+00 -1.2432735016361086e+01
9.5185000000000008e-01 7.1845191045084897e+00 -1.2620201295433624e+01
9.5284666666666673e-01 7.1971907521841496e+00 -1.2807854241007888e+01
9.5384333333333338e-01 7.2100495204159909e+00 -1.2995694050312949e+01
9.5484000000000013e-01 7.2230955955429543e+00 -1.3183720920179285e+01
9.5583666666666678e-01 7.2363291640999678e+00 -1.3371935047072379e+01
9.5683333333333342e-01 7.2497504128175994e+00 -1.3560336627104869e+01
9.5783000000000007e-01 7.2633595286217236e+00 -1.3748925856088391e+01
9.5882666666666672e-01 7.2771566986332514e+00 -1.3937702929586683e+01
9.5982333333333347e-01 7.2911421101678986e+00 -1.4126668042946081e+01
9.6082000000000012e-01 7.3053159507359355e+00 -1.4315821391242315e+01
9.6181666666666676e-01 7.3196784080419812e+00 -1.4505163169385826e+01
9.6281333333333341e-01 7.3342296699848610e+00 -1.4694693572179009e+01
9.6381000000000006e-01 7.3489699246574594e+00 -1.4884412794239550e+01
9.6480666666666670e-01 7.3638993603465552e+00 -1.5074321030033333e+01
9.6580333333333346e-01 7.3790181655327327e+00 -1.5264418473999623e+01
9.6680000000000010e-01 7.3943265288902920e+00 -1.5454705320434989e+01
9.6779666666666675e-01 7.4098246392871703e+00 -1.5645181763602322e+01
9.6879333333333340e-01 7.4255126857848808e+00 -1.5835847997691152e+01
9.6979000000000004e-01 7.4413908576384591e+00 -1.6026704216848795e+01
9.7078666666666680e-01 7.4574593442964359e+00 -1.6217750615209070e+01
9.7178333333333344e-01 7.4737183354008145e+00 -1.6408987386889560e+01
9.7278000000000009e-01 7.4901680207870838e+00 -1.6600414726026031e+01
9.7377666666666673e-01 7.5068085904841908e+00 -1.6792032826697206e+01
9.7477333333333338e-01 7.5236402347145583e+00 -1.6983841883070632e+01
9.7577000000000014e-01 7.5406631438941440e+00 -1.7175842089339447e+01
9.7676666666666678e-01 7.5578775086324246e+00 -1.7368033639652651e+01
9.7776333333333343e-01 7.5752835197324417e+00 -1.7560416728275221e+01
9.7876000000000007e-01 7.5928813681908762e+00 -1.7752991549520004e+01
9.7975666666666672e-01 7.6106712451980911e+00 -1.7945758297734351e+01
9.8075333333333348e-01 7.6286533421382003e+00 -1.8138717167364874e+01
9.8175000000000012e-01 7.6468278505891352e+00 -1.8331868352906305e+01
9.8274666666666677e-01 7.6651949623226976e+00 -1.8525212048891120e+01
9.8374333333333341e-01 7.6837548693046562e+00 -1.8718748450023114e+01
9.8474000000000006e-01 7.7025077636948645e+00 -1.8912477751065278e+01
9.8573666666666671e-01 7.7214538378473119e+00 -1.9106400146823201e+01
9.8673333333333346e-01 7.7405932843102292e+00 -1.9300515832271156e+01
9.8773000000000011e-01 7.7599262958262045e+00 -1.9494825002462818e+01
9.8872666666666675e-01 7.7794530653322704e+00 -1.9689327852519064e+01
9.8972333333333340e-01 7.7991737859600150e+00 -1.9884024577737861e+01
9.9072000000000005e-01 7.8190886510357300e+00 -2.0078915373530165e+01
9.9171666666666680e-01 7.8391978540805054e+00 -2.0274000435380529e+01
9.9271333333333345e-01 7.8595015888103354e+00 -2.0469279958928130e+01
9.9371000000000009e-01 7.8800000491362479e+00 -2.0664754139894217e+01
9.9470666666666674e-01 7.9006934291644457e+00 -2.0860423174216514e+01
9.9570333333333338e-01 7.9215819231964524e+00 -2.1056287257903971e+01
9.9670000000000014e-01 7.9426657257292179e+00 -2.1252346587106654e+01
9.9769666666666679e-01 7.9639450314552693e+00 -2.1448601358147169e+01
9.9869333333333343e-01 7.9854200352628357e+00 -2.1645051767405750e+01
9.9969000000000008e-01 8.0070909322360038e+00 -2.1841698011526557e+01
1.0006866666666667e+00 8.0289579176548784e+00 -2.2038540287218492e+01
1.0016833333333335e+00 8.0510211869956940e+00 -2.2235578791338853e+01
1.0026800000000000e+00 8.0732809359309670e+00 -2.2432813720919658e+01
1.0036766666666668e+00 8.0957373603296752e+00 -2.2630245273141188e+01
1.0046733333333333e+00 8.1183906562574037e+00 -2.2827873645383022e+01
1.0056700000000001e+00 8.1412410199764942e+00 -2.3025699035061503e+01
1.0066666666666666e+00 8.1642886479461474e+00 -2.3223721639833684e+01
1.0076633333333334e+00 8.1875337368226884e+00 -2.3421941657567874e+01
1.0086600000000001e+00 8.2109764834596533e+00 -2.3620359286169414e+01
1.0096566666666666e+00 8.2346170849079456e+00 -2.3818974723789310e+01
1.0106533333333334e+00 8.2584557384160622e+00 -2.4017788168747575e+01
1.0116500000000002e+00 8.2824926414301761e+00 -2.4216799819437359e+01
1.0126466666666667e+00 8.3067279915943502e+00 -2.4416009874562349e+01
1.0136433333333335e+00 8.3311619867507325e+00 -2.4615418532889009e+01
1.0146400000000000e+00 8.3557948249396432e+00 -2.4815025993358724e+01
1.0156366666666667e+00 8.3806267043998179e+00 -2.5014832455148454e+01
1.0166333333333335e+00 8.4056578235685517e+00 -2.5214838117555185e+01
1.0176300000000000e+00 8.4308883810818518e+00 -2.5415043180042694e+01
1.0186266666666668e+00 8.4563185757746400e+00 -2.5615447842270139e+01
1.0196233333333333e+00 8.4819486066809109e+00 -2.5816052304099635e+01
1.0206200000000001e+00 8.5077786730339486e+00 -2.6016856765537682e+01
1.0216166666666668e+00 8.5338089742664334e+00 -2.6217861426734487e+01
1.0226133333333334e+00 8.5600397100106278e+00 -2.6419066488044066e+01
1.0236100000000001e+00 8.5864710800986312e+00 -2.6620472150083604e+01
1.0246066666666667e+00 8.6131032845624915e+00 -2.6822078613522482e+01
1.0256033333333334e+00 8.6399365236344021e+00 -2.7023886079270820e+01
1.0266000000000002e+00 8.6669709977468834e+00 -2.7225894748446169e+01
1.0275966666666667e+00 8.6942069075329567e+00 -2.7428104822277383e+01
1.0285933333333335e+00 8.7216444538263342e+00 -2.7630516502221170e+01
1.0295900000000000e+00 8.7492838376615918e+00 -2.7833129989940083e+01
1.0305866666666668e+00 8.7771252602744028e+00 -2.8035945487267849e+01
1.0315833333333335e+00 8.8051689231016521e+00 -2.8238963196168910e+01
1.0325800000000001e+00 8.8334150277816459e+00 -2.8442183318875070e+01
1.0335766666666668e+00 8.8618637761543368e+00 -2.8645606057756513e+01
1.0345733333333333e+00 8.8905153702614292e+00 -2.8849231615347414e+01
1.0355700000000001e+00 8.9193700123466506e+00 -2.9053060194454758e+01
1.0365666666666669e+00 8.9484279048559117e+00 -2.9257091998038735e+01
1.0375633333333334e+00 8.9776892504374786e+00 -2.9461327229193937e+01
1.0385600000000001e+00 9.0071542519421683e+00 -2.9665766091247747e+01
1.0395566666666667e+00 9.0368231124235248e+00 -2.9870408787737478e+01
1.0405533333333334e+00 9.0666960351380581e+00 -3.0075255522357349e+01
1.0415500000000002e+00 9.0967732235453873e+00 -3.0280306499034268e+01
1.0425466666666667e+00 9.1270548813084567e+00 -3.0485561921849310e+01
1.0435433333333335e+00 9.1575412122937188e+00 -3.0691021995060357e+01
1.0445400000000000e+00 9.1882324205713033e+00 -3.0896686923176475e+01
1.0455366666666668e+00 9.2191287104152888e+00 -3.1102556910903868e+01
1.0465333333333335e+00 9.2502302863038111e+00 -3.1308632163047861e+01
1.0475300000000001e+00 9.2815373529192602e+00 -3.1514912884683945e+01
1.0485266666666668e+00 9.3130501151485490e+00 -3.1721399281105839e+01
1.0495233333333334e+00 9.3447687780832389e+00 -3.1928091557744573e+01
1.0505200000000001e+00 9.3766935470197765e+00 -3.2134989920250263e+01
1.0515166666666667e+00 9.4088246274596532e+00 -3.2342094574494098e+01
1.0525133333333334e+00 9.4411622251096450e+00 -3.2549405726487095e+01
1.0535100000000002e+00 9.4737065458819565e+00 -3.2756923582492959e+01
1.0545066666666667e+00 9.5064577958944572e+00 -3.2964648348954647e+01
1.0555033333333335e+00 9.5394161814708820e+00 -3.3172580232493203e+01
1.0565000000000000e+00 9.5725819091409878e+00 -3.3380719439968757e+01
1.0574966666666668e+00 9.6059551856408181e+00 -3.3589066178414100e+01
1.0584933333333335e+00 9.6395362179128394e+00 -3.3797620655067881e+01
1.0594900000000000e+00 9.6733252131061533e+00 -3.4006383077341944e+01
1.0604866666666668e+00 9.7073223785767215e+00 -3.4215353652888822e+01
1.0614833333333333e+00 9.7415279218875455e+00 -3.4424532589576764e+01
1.0624800000000001e+00 9.7759420508089114e+00 -3.4633920095433240e+01
1.0634766666666668e+00 9.8105649733185114e+00 -3.4843516378672383e+01
1.0644733333333334e+00 9.8453968976016775e+00 -3.5053321647756846e+01
1.0654700000000001e+00 9.8804380320516270e+00 -3.5263336111332841e+01
1.0664666666666667e+00 9.9156885852695869e+00 -3.5473559978229417e+01
1.0674633333333334e+00 9.9511487660650761e+00 -3.5683993457527073e+01
1.0684600000000002e+00 9.9868187834560640e+00 -3.5894636758493995e+01
1.0694566666666667e+00 1.0022698846669169e+01 -3.6105490090554028e+01
1.0704533333333335e+00 1.0058789165139878e+01 -3.6316553663372048e+01
1.0714500000000000e+00 1.0095089948512715e+01 -3.6527827686812387e+01
1.0724466666666668e+00 1.0131601406641508e+01 -3.6739312370957741e+01
1.0734433333333335e+00 1.0168323749589552e+01 -3.6951007926114542e+01
1.0744400000000001e+00 1.0205257187629821e+01 -3.7162914562727920e+01
1.0754366666666668e+00 1.0242401931245162e+01 -3.7375032491463642e+01
1.0764333333333334e+00 1.0279758191128497e+01 -3.7587361923266172e+01
1.0774300000000001e+00 1.0317326178183089e+01 -3.7799903069220846e+01
1.0784266666666669e+00 1.0355106103522662e+01 -3.8012656140617267e+01
1.0794233333333334e+00 1.0393098178471639e+01 -3.8225621348981754e+01
1.0804200000000002e+00 1.0431302614565388e+01 -3.8438798906024488e+01
1.0814166666666667e+00 1.0469719623550358e+01 -3.8652189023691385e+01
1.0824133333333334e+00 1.0508349417384368e+01 -3.8865791914114176e+01
1.0834100000000002e+00 1.0547192208236718e+01 -3.9079607789589204e+01
1.0844066666666667e+00 1.0586248208488458e+01 -3.9293636862741707e+01
1.0854033333333335e+00 1.0625517630732638e+01 -3.9507879346307952e+01
1.0864000000000000e+00 1.0665000687774400e+01 -3.9722335453225000e+01
1.0873966666666668e+00 1.0704697592631288e+01 -3.9937005396710248e+01
1.0883933333333333e+00 1.0744608558533391e+01 -4.0151889390130428e+01
1.0893900000000001e+00 1.0784733798923611e+01 -4.0366987647092273e+01
1.0903866666666668e+00 1.0825073527457816e+01 -4.0582300381405531e+01
1.0913833333333334e+00 1.0865627958005073e+01 -4.0797827807079365e+01
1.0923800000000001e+00 1.0906397304647879e+01 -4.1013570138344960e+01
1.0933766666666667e+00 1.0947381781682326e+01 -4.1229527589654523e+01
1.0943733333333334e+00 1.0988581603618378e+01 -4.1445700375661779e+01
1.0953700000000002e+00 1.1029996985180006e+01 -4.1662088711209336e+01
1.0963666666666667e+00 1.1071628141305430e+01 -4.1878692811390799e+01
1.0973633333333335e+00 1.1113475287147358e+01 -4.2095512891467585e+01
1.0983600000000000e+00 1.1155538638073136e+01 -4.2312549166959869e+01
1.0993566666666668e+00 1.1197818409665039e+01 -4.2529801853573609e+01
1.1003533333333335e+00 1.1240314817720403e+01 -4.2747271167216567e+01
1.1013500000000001e+00 1.1283028078251890e+01 -4.2964957324073154e+01
1.1023466666666668e+00 1.1325958407487708e+01 -4.3182860540434994e+01
1.1033433333333333e+00 1.1369106021871744e+01 -4.3400981032892041e+01
1.1043400000000001e+00 1.1412471138063895e+01 -4.3619319018238748e+01
1.1053366666666669e+00 1.1456053972940184e+01 -4.3837874713436861e+01
1.1063333333333334e+00 1.1499854743593007e+01 -4.4056648335716581e+01
1.1073300000000001e+00 1.1543873667331381e+01 -4.4275640102483031e+01
1.1083266666666667e+00 1.1588110961681073e+01 -4.4494850231359301e+01
1.1093233333333334e+00 1.1632566844384925e+01 -4.4714278940243837e+01
1.1103200000000002e+00 1.1677241533402984e+01 -4.4933926447156011e+01
1.1113166666666667e+00 1.1722135246912716e+01 -4.5153792970375690e+01
1.1123133333333335e+00 1.1767248203309304e+01 -4.5373878728455288e+01
1.1133100000000000e+00 1.1812580621205772e+01 -4.5594183940052339e+01
1.1143066666666668e+00 1.1858132719433245e+01 -4.5814708824100812e+01
1.1153033333333335e+00 1.1903904717041151e+01 -4.6035453599783885e+01
1.1163000000000001e+00 1.1949896833297444e+01 -4.6256418486436843e+01
1.1172966666666668e+00 1.1996109287688840e+01 -4.6477603703648164e+01
1.1182933333333334e+00 1.2042542299920978e+01 -4.6699009471221842e+01
1.1192900000000001e+00 1.2089196089918698e+01 -4.6920636009144957e+01
1.1202866666666669e+00 1.2136070877826210e+01 -4.7142483537694616e+01
1.1212833333333334e+00 1.2183166884007351e+01 -4.7364552277317379e+01
1.1222800000000002e+00 1.2230484329045789e+01 -4.7586842448635508e+01
1.1232766666666667e+00 1.2278023433745190e+01 -4.7809354272583739e+01
1.1242733333333335e+00 1.2325784419129539e+01 -4.8032087970247780e+01
1.1252700000000000e+00 1.2373767506443247e+01 -4.8255043762961208e+01
1.1262666666666667e+00 1.2421972917151487e+01 -4.8478221872294704e+01
1.1272633333333335e+00 1.2470400872940305e+01 -4.8701622519972062e+01
1.1282600000000000e+00 1.2519051595716874e+01 -4.8925245928008003e+01
1.1292566666666668e+00 1.2567925307609775e+01 -4.9149092318605760e+01
1.1302533333333333e+00 1.2617022230969102e+01 -4.9373161914169799e+01
1.1312500000000001e+00 1.2666342588366788e+01 -4.9597454937367502e+01
1.1322466666666668e+00 1.2715886602596756e+01 -4.9821971611053058e+01
1.1332433333333334e+00 1.2765654496675150e+01 -5.0046712158312417e+01
1.1342400000000001e+00 1.2815646493840619e+01 -5.0271676802486539e+01
1.1352366666666667e+00 1.2865862817554452e+01 -5.0496865767091457e+01
1.1362333333333334e+00 1.2916303691500863e+01 -5.0722279275864594e+01
1.1372300000000002e+00 1.2966969339587152e+01 -5.0947917552800227e+01
1.1382266666666667e+00 1.3017859985943968e+01 -5.1173780822093129e+01
1.1392233333333335e+00 1.3068975854925538e+01 -5.1399869308138868e+01
1.1402200000000000e+00 1.3120317171109832e+01 -5.1626183235607591e+01
1.1412166666666668e+00 1.3171884159298884e+01 -5.1852722829368474e+01
1.1422133333333335e+00 1.3223677044518912e+01 -5.2079488314490419e+01
1.1432100000000001e+00 1.3275696052020594e+01 -5.2306479916323333e+01
1.1442066666666668e+00 1.3327941407279310e+01 -5.2533697860354032e+01
1.1452033333333334e+00 1.3380413335995266e+01 -5.2761142372346562e+01
1.1462000000000001e+00 1.3433112064093866e+01 -5.2988813678346446e+01
1.1471966666666669e+00 1.3486037817725828e+01 -5.3216712004512459e+01
1.1481933333333334e+00 1.3539190823267409e+01 -5.3444837577271493e+01
1.1491900000000002e+00 1.3592571307320700e+01 -5.3673190623302084e+01
1.1501866666666667e+00 1.3646179496713772e+01 -5.3901771369500040e+01
1.1511833333333334e+00 1.3700015618500982e+01 -5.4130580042951102e+01
1.1521800000000002e+00 1.3754079899963108e+01 -5.4359616871004164e+01
1.1531766666666667e+00 1.3808372568607624e+01 -5.4588882081217136e+01
1.1541733333333335e+00 1.3862893852168959e+01 -5.4818375901385231e+01
1.1551700000000000e+00 1.3917643978608636e+01 -5.5048098559520625e+01
1.1561666666666668e+00 1.3972623176115571e+01 -5.5278050283817656e+01
1.1571633333333335e+00 1.4027831673106242e+01 -5.5508231302802351e+01
1.1581600000000001e+00 1.4083269698224971e+01 -5.5738641845164715e+01
1.1591566666666668e+00 1.4138937480344147e+01 -5.5969282139795887e+01
1.1601533333333334e+00 1.4194835248564376e+01 -5.6200152415860714e+01
1.1611500000000001e+00 1.4250963232214819e+01 -5.6431252902743886e+01
1.1621466666666669e+00 1.4307321660853333e+01 -5.6662583830049478e+01
1.1631433333333334e+00 1.4363910764266713e+01 -5.6894145427584007e+01
1.1641400000000002e+00 1.4420730772470968e+01 -5.7125937925425980e+01
1.1651366666666667e+00 1.4477781915711489e+01 -5.7357961553896033e+01
1.1661333333333335e+00 1.4535064424463346e+01 -5.7590216543464834e+01
1.1671300000000000e+00 1.4592578529431409e+01 -5.7822703124902141e+01
1.1681266666666668e+00 1.4650324461550710e+01 -5.8055421529202455e+01
1.1691233333333335e+00 1.4708302451986567e+01 -5.8288371987555948e+01
1.1701200000000000e+00 1.4766512732134837e+01 -5.8521554731397188e+01
1.1711166666666668e+00 1.4824955533622198e+01 -5.8754969992392695e+01
1.1721133333333333e+00 1.4883631088306286e+01 -5.8988618002449769e+01
1.1731100000000001e+00 1.4942539628276046e+01 -5.9222498993714517e+01
1.1741066666666669e+00 1.5001681385851855e+01 -5.9456613198532089e+01
1.1751033333333334e+00 1.5061056593585777e+01 -5.9690960849486771e+01
1.1761000000000001e+00 1.5120665484261846e+01 -5.9925542179403401e+01
1.1770966666666667e+00 1.5180508290896208e+01 -6.0160357421341288e+01
1.1780933333333334e+00 1.5240585246737467e+01 -6.0395406808599326e+01
1.1790900000000002e+00 1.5300896585266797e+01 -6.0630690574659162e+01
1.1800866666666667e+00 1.5361442540198221e+01 -6.0866208953298418e+01
1.1810833333333335e+00 1.5422223345478921e+01 -6.1101962178530179e+01
1.1820800000000000e+00 1.5483239235289329e+01 -6.1337950484510742e+01
1.1830766666666668e+00 1.5544490444043463e+01 -6.1574174105714825e+01
1.1840733333333335e+00 1.5605977206389115e+01 -6.1810633276853530e+01
1.1850700000000001e+00 1.5667699757208084e+01 -6.2047328232797952e+01
1.1860666666666668e+00 1.5729658331616445e+01 -6.2284259208717486e+01
1.1870633333333334e+00 1.5791853164964715e+01 -6.2521426440003104e+01
1.1880600000000001e+00 1.5854284492838191e+01 -6.2758830162277398e+01
1.1890566666666669e+00 1.5916952551057063e+01 -6.2996470611367876e+01
1.1900533333333334e+00 1.5979857575676704e+01 -6.3234348023378260e+01
1.1910500000000002e+00 1.6042999802987961e+01 -6.3472462634652764e+01
1.1920466666666667e+00 1.6106379469517275e+01 -6.3710814681713813e+01
1.1930433333333335e+00 1.6169996812027012e+01 -6.3949404401356468e+01
1.1940400000000002e+00 1.6233852067515620e+01 -6.4188232030624818e+01
1.1950366666666667e+00 1.6297945473217936e+01 -6.4427297806812973e+01
1.1960333333333335e+00 1.6362277266605414e+01 -6.4666601967377417e+01
1.1970300000000000e+00 1.6426847685386260e+01 -6.4906144750054793e+01
1.1980266666666668e+00 1.6491656967505815e+01 -6.5145926392855131e+01
1.1990233333333336e+00 1.6556705351146679e+01 -6.5385947133953721e+01
1.2000200000000001e+00 1.6621993074728980e+01 -6.5626207211815270e+01
1.2010166666666668e+00 1.6687520376910665e+01 -6.5866706865131448e+01
1.2020133333333334e+00 1.6753287496587642e+01 -6.6107446332831771e+01
1.2030100000000001e+00 1.6819294672894120e+01 -6.6348425854068822e+01
1.2040066666666667e+00 1.6885542145202731e+01 -6.6589645668241928e+01
1.2050033333333334e+00 1.6952030153124880e+01 -6.6831106014987526e+01
1.2060000000000002e+00 1.7018758936510874e+01 -6.7072807134151105e+01
1.2069966666666667e+00 1.7085728735450235e+01 -6.7314749265923268e+01
1.2079933333333335e+00 1.7152939790271983e+01 -6.7556932650616190e+01
1.2089900000000000e+00 1.7220392341544709e+01 -6.7799357528787468e+01
1.2099866666666668e+00 1.7288086630076997e+01 -6.8042024141344697e+01
1.2109833333333335e+00 1.7356022896917551e+01 -6.8284932729319451e+01
1.2119800000000001e+00 1.7424201383355442e+01 -6.8528083534021647e+01
1.2129766666666668e+00 1.7492622330920415e+01 -6.8771476797020014e+01
1.2139733333333333e+00 1.7561285981383037e+01 -6.9015112760095874e+01
1.2149700000000001e+00 1.7630192576755036e+01 -6.9258991665309793e+01
1.2159666666666669e+00 1.7699342359289464e+01 -6.9503113754931292e+01
1.2169633333333334e+00 1.7768735571480928e+01 -6.9747479271437911e+01
1.2179600000000002e+00 1.7838372456065926e+01 -6.9992088457646148e+01
1.2189566666666667e+00 1.7908253256022984e+01 -7.0236941556537928e+01
1.2199533333333334e+00 1.7978378214572977e+01 -7.0482038811326959e+01
1.2209500000000002e+00 1.8048747575179284e+01 -7.0727380465527858e+01
1.2219466666666667e+00 1.8119361581548095e+01 -7.0972966762871152e+01
1.2229433333333335e+00 1.8190220477628685e+01 -7.1218797947329463e+01
1.2239400000000000e+00 1.8261324507613544e+01 -7.1464874263112577e+01
1.2249366666666668e+00 1.8332673915938734e+01 -7.1711195954647494e+01
1.2259333333333335e+00 1.8404268947284027e+01 -7.1957763266662766e+01
1.2269300000000001e+00 1.8476109846573234e+01 -7.2204576444135697e+01
1.2279266666666668e+00 1.8548196858974446e+01 -7.2451635732196038e+01
1.2289233333333334e+00 1.8620530229900162e+01 -7.2698941376284253e+01
1.2299200000000001e+00 1.8693110205007713e+01 -7.2946493622130291e+01
1.2309166666666669e+00 1.8765937030199357e+01 -7.3194292715601932e+01
1.2319133333333334e+00 1.8839010951622555e+01 -7.3442338902875150e+01
1.2329100000000002e+00 1.8912332215670308e+01 -7.3690632430396661e+01
1.2339066666666667e+00 1.8985901068981264e+01 -7.3939173544781923e+01
1.2349033333333335e+00 1.9059717758440080e+01 -7.4187962492963024e+01
1.2359000000000002e+00 1.9133782531177587e+01 -7.4436999522086410e+01
1.2368966666666668e+00 1.9208095634571045e+01 -7.4686284879523257e+01
1.2378933333333335e+00 1.9282657316244460e+01 -7.4935818812934272e+01
1.2388900000000000e+00 1.9357467824068724e+01 -7.5185601570221309e+01
1.2398866666666668e+00 1.9432527406161974e+01 -7.5435633399498101e+01
1.2408833333333333e+00 1.9507836310889722e+01 -7.5685914549177397e+01
1.2418800000000001e+00 1.9583394786865217e+01 -7.5936445267856442e+01
1.2428766666666669e+00 1.9659203082949567e+01 -7.6187225804407618e+01
1.2438733333333334e+00 1.9735261448252071e+01 -7.6438256407995283e+01
1.2448700000000001e+00 1.9811570132130502e+01 -7.6689537327972360e+01
1.2458666666666667e+00 1.9888129384191224e+01 -7.6941068813962772e+01
1.2468633333333334e+00 1.9964939454289588e+01 -7.7192851115851013e+01
1.2478600000000002e+00 2.0042000592530062e+01 -7.7444884483746463e+01
1.2488566666666667e+00 2.0119313049266516e+01 -7.7697169168020281e+01
1.2498533333333335e+00 2.0196877075102535e+01 -7.7949705419293878e+01
1.2508500000000000e+00 2.0274692920891539e+01 -7.8202493488428956e+01
1.2518466666666668e+00 2.0352760837737186e+01 -7.8455533626571011e+01
1.2528433333333335e+00 2.0431081076993490e+01 -7.8708826085062483e+01
1.2538400000000001e+00 2.0509653890265099e+01 -7.8962371115513676e+01
1.2548366666666668e+00 2.0588479529407635e+01 -7.9216168969826853e+01
1.2558333333333334e+00 2.0667558246527822e+01 -7.9470219900130274e+01
1.2568300000000001e+00 2.0746890293983839e+01 -7.9724524158752160e+01
1.2578266666666669e+00 2.0826475924385470e+01 -7.9979081998352953e+01
1.2588233333333334e+00 2.0906315390594418e+01 -8.0233893671795599e+01
1.2598200000000002e+00 2.0986408945724595e+01 -8.0488959432223240e+01
1.2608166666666667e+00 2.1066756843142254e+01 -8.0744279533001162e+01
1.2618133333333335e+00 2.1147359336466369e+01 -8.0999854227746141e+01
1.2628100000000002e+00 2.1228216679568789e+01 -8.1255683770404460e+01
1.2638066666666667e+00 2.1309329126574532e+01 -8.1511768415052643e+01
1.2648033333333335e+00 2.1390696931862063e+01 -8.1768108416101157e+01
1.2658000000000000e+00 2.1472320350063463e+01 -8.2024704028200787e+01
1.2667966666666668e+00 2.1554199636064805e+01 -8.2281555506251522e+01
1.2677933333333335e+00 2.1636335045006295e+01 -8.2538663105421449e+01
1.2687900000000001e+00 2.1718726832282567e+01 -8.2796027081101712e+01
1.2697866666666668e+00 2.1801375253542975e+01 -8.3053647688935669e+01
1.2707833333333334e+00 2.1884280564691746e+01 -8.3311525184877823e+01
1.2717800000000001e+00 2.1967443021888393e+01 -8.3569659825096778e+01
1.2727766666666669e+00 2.2050862881547783e+01 -8.3828051865974075e+01
1.2737733333333334e+00 2.2134540400340502e+01 -8.4086701564250518e+01
1.2747700000000002e+00 2.2218475835193150e+01 -8.4345609176834941e+01
1.2757666666666667e+00 2.2302669443288458e+01 -8.4604774960930300e+01
1.2767633333333335e+00 2.2387121482065709e+01 -8.4864199174004568e+01
1.2777600000000000e+00 2.2471832209220814e+01 -8.5123882073720452e+01
1.2787566666666668e+00 2.2556801882706729e+01 -8.5383823918066938e+01
1.2797533333333335e+00 2.2642030760733604e+01 -8.5644024965280835e+01
1.2807500000000001e+00 2.2727519101769087e+01 -8.5904485473839614e+01
1.2817466666666668e+00 2.2813267164538626e+01 -8.6165205702476044e+01
1.2827433333333333e+00 2.2899275208025578e+01 -8.6426185910162914e+01
1.2837400000000001e+00 2.2985543491471642e+01 -8.6687426356167705e+01
1.2847366666666669e+00 2.3072072274376982e+01 -8.6948927300019776e+01
1.2857333333333334e+00 2.3158861816500547e+01 -8.7210689001473170e+01
1.2867300000000002e+00 2.3245912377860360e+01 -8.7472711720542165e+01
1.2877266666666667e+00 2.3333224218733658e+01 -8.7734995717538737e+01
1.2887233333333334e+00 2.3420797599657323e+01 -8.7997541253013807e+01
1.2897200000000002e+00 2.3508632781427984e+01 -8.8260348587759552e+01
1.2907166666666667e+00 2.3596730025102328e+01 -8.8523417982852138e+01
1.2917133333333335e+00 2.3685089591997425e+01 -8.8786749699600819e+01
1.2927100000000000e+00 2.3773711743690850e+01 -8.9050343999602603e+01
1.2937066666666668e+00 2.3862596742021118e+01 -8.9314201144734994e+01
1.2947033333333335e+00 2.3951744849087799e+01 -8.9578321397083045e+01
1.2957000000000001e+00 2.4041156327251805e+01 -8.9842705019004654e+01
1.2966966666666668e+00 2.4130831439135740e+01 -9.0107352273154802e+01
1.2976933333333334e+00 2.4220770447624016e+01 -9.0372263422407769e+01
1.2986900000000001e+00 2.4310973615863286e+01 -9.0637438729961303e+01
1.2996866666666669e+00 2.4401441207262554e+01 -9.0902878459185445e+01
1.3006833333333334e+00 2.4492173485493467e+01 -9.1168582873772053e+01
1.3016800000000002e+00 2.4583170714490691e+01 -9.1434552237702036e+01
1.3026766666666667e+00 2.4674433158452018e+01 -9.1700786815152057e+01
1.3036733333333335e+00 2.4765961081838753e+01 -9.1967286870588424e+01
1.3046700000000002e+00 2.4857754749375864e+01 -9.2234052668751403e+01
1.3056666666666668e+00 2.4949814426052310e+01 -9.2501084474639015e+01
1.3066633333333335e+00 2.5042140377121349e+01 -9.2768382553518251e+01
1.3076600000000000e+00 2.5134732868100677e+01 -9.3035947170911342e+01
1.3086566666666668e+00 2.5227592164772851e+01 -9.3303778592629328e+01
1.3096533333333336e+00 2.5320718533185399e+01 -9.3571877084707054e+01
1.3106500000000001e+00 2.5414112239651143e+01 -9.3840242913463555e+01
1.3116466666666668e+00 2.5507773550748542e+01 -9.4108876345511774e+01
1.3126433333333334e+00 2.5601702733321794e+01 -9.4377777647660025e+01
1.3136400000000001e+00 2.5695900054481275e+01 -9.4646947087064575e+01
1.3146366666666667e+00 2.5790365781603658e+01 -9.4916384931123829e+01
1.3156333333333334e+00 2.5885100182332319e+01 -9.5186091447443260e+01
1.3166300000000002e+00 2.5980103524577441e+01 -9.5456066903955318e+01
1.3176266666666667e+00 2.6075376076516381e+01 -9.5726311568857170e+01
1.3186233333333335e+00 2.6170918106593994e+01 -9.5996825710616221e+01
1.3196200000000000e+00 2.6266729883522746e+01 -9.6267609597940790e+01
1.3206166666666668e+00 2.6362811676283123e+01 -9.6538663499789990e+01
1.3216133333333335e+00 2.6459163754123786e+01 -9.6809987685469068e+01
1.3226100000000001e+00 2.6555786386561898e+01 -9.7081582424484353e+01
1.3236066666666668e+00 2.6652679843383428e+01 -9.7353447986597075e+01
1.3246033333333334e+00 2.6749844394643290e+01 -9.7625584641912184e+01
1.3256000000000001e+00 2.6847280310665795e+01 -9.7897992660754099e+01
1.3265966666666669e+00 2.6944987862044741e+01 -9.8170672313702269e+01
1.3275933333333334e+00 2.7042967319643768e+01 -9.8443623871663007e+01
1.3285900000000002e+00 2.7141218954596692e+01 -9.8716847605759412e+01
1.3295866666666667e+00 2.7239743038307598e+01 -9.8990343787386337e+01
1.3305833333333335e+00 2.7338539842451290e+01 -9.9264112688234675e+01
1.3315800000000002e+00 2.7437609638973445e+01 -9.9538154580288563e+01
1.3325766666666667e+00 2.7536952700090914e+01 -9.9812469735733544e+01
1.3335733333333335e+00 2.7636569298292059e+01 -1.0008705842708036e+02
1.3345700000000000e+00 2.7736459706336888e+01 -1.0036192092711440e+02
1.3355666666666668e+00 2.7836624197257482e+01 -1.0063705750884459e+02
1.3365633333333335e+00 2.7937063044358112e+01 -1.0091246844557990e+02
1.3375600000000001e+00 2.8037776521215598e+01 -1.0118815401093744e+02
1.3385566666666668e+00 2.8138764901679636e+01 -1.0146411447874947e+02
1.3395533333333334e+00 2.8240028459872899e+01 -1.0174035012314218e+02
1.3405500000000001e+00 2.8341567470191510e+01 -1.0201686121853291e+02
1.3415466666666669e+00 2.8443382207305152e+01 -1.0229364803959182e+02
1.3425433333333334e+00 2.8545472946157407e+01 -1.0257071086127986e+02
1.3435400000000002e+00 2.8647839961966088e+01 -1.0284804995880077e+02
1.3445366666666667e+00 2.8750483530223359e+01 -1.0312566560765897e+02
1.3455333333333335e+00 2.8853403926696195e+01 -1.0340355808363239e+02
1.3465300000000002e+00 2.8956601427426506e+01 -1.0368172766278749e+02
1.3475266666666668e+00 2.9060076308731457e+01 -1.0396017462142262e+02
1.3485233333333335e+00 2.9163828847203824e+01 -1.0423889923615324e+02
1.3495200000000001e+00 2.9267859319712098e+01 -1.0451790178382555e+02
1.3505166666666668e+00 2.9372168003400954e+01 -1.0479718254161784e+02
1.3515133333333336e+00 2.9476755175691377e+01 -1.0507674178696760e+02
1.3525100000000001e+00 2.9581621114280971e+01 -1.0535657979753223e+02
1.3535066666666669e+00 2.9686766097144329e+01 -1.0563669685132801e+02
1.3545033333333334e+00 2.9792190402533166e+01 -1.0591709322663554e+02
1.3555000000000001e+00 2.9897894308976749e+01 -1.0619776920193725e+02
1.3564966666666667e+00 3.0003878095281969e+01 -1.0647872505605685e+02
1.3574933333333334e+00 3.0110142040533855e+01 -1.0675996106811186e+02
1.3584900000000002e+00 3.0216686424095681e+01 -1.0704147751747152e+02
1.3594866666666667e+00 3.0323511525609284e+01 -1.0732327468376573e+02
1.3604833333333335e+00 3.0430617624995413e+01 -1.0760535284690862e+02
1.3614800000000000e+00 3.0538005002453858e+01 -1.0788771228712332e+02
1.3624766666666668e+00 3.0645673938463926e+01 -1.0817035328489712e+02
1.3634733333333335e+00 3.0753624713784532e+01 -1.0845327612098301e+02
1.3644700000000001e+00 3.0861857609454571e+01 -1.0873648107644620e+02
1.3654666666666668e+00 3.0970372906793258e+01 -1.0901996843260757e+02
1.3664633333333334e+00 3.1079170887400238e+01 -1.0930373847105662e+02
1.3674600000000001e+00 3.1188251833156048e+01 -1.0958779147369043e+02
1.3684566666666669e+00 3.1297616026222236e+01 -1.0987212772265752e+02
1.3694533333333334e+00 3.1407263749041721e+01 -1.1015674750042182e+02
1.3704500000000002e+00 3.1517195284339142e+01 -1.1044165108970121e+02
1.3714466666666667e+00 3.1627410915120972e+01 -1.1072683877353417e+02
1.3724433333333335e+00 3.1737910924676012e+01 -1.1101231083522183e+02
1.3734400000000002e+00 3.1848695596575453e+01 -1.1129806755828722e+02
1.3744366666666668e+00 3.1959765214673247e+01 -1.1158410922661572e+02
1.3754333333333335e+00 3.2071120063106498e+01 -1.1187043612437608e+02
1.3764300000000000e+00 3.2182760426295552e+01 -1.1215704853595949e+02
1.3774266666666668e+00 3.2294686588944444e+01 -1.1244394674607454e+02
1.3784233333333336e+00 3.2406898836041059e+01 -1.1273113103974698e+02
1.3794200000000001e+00 3.2519397452857454e+01 -1.1301860170221828e+02
1.3804166666666668e+00 3.2632182724950241e+01 -1.1330635901907537e+02
1.3814133333333334e+00 3.2745254938160684e+01 -1.1359440327616400e+02
1.3824100000000001e+00 3.2858614378615179e+01 -1.1388273475958768e+02
1.3834066666666669e+00 3.2972261332725353e+01 -1.1417135375578617e+02
1.3844033333333334e+00 3.3086196087188434e+01 -1.1446026055143287e+02
1.3854000000000002e+00 3.3200418928987638e+01 -1.1474945543357644e+02
1.3863966666666667e+00 3.3314930145392267e+01 -1.1503893868945265e+02
1.3873933333333335e+00 3.3429730023958136e+01 -1.1532871060659045e+02
1.3883900000000002e+00 3.3544818852527762e+01 -1.1561877147289847e+02
1.3893866666666668e+00 3.3660196919230678e+01 -1.1590912157646126e+02
1.3903833333333335e+00 3.3775864512483814e+01 -1.1619976120573170e+02
1.3913800000000001e+00 3.3891821920991610e+01 -1.1649069064941058e+02
1.3923766666666668e+00 3.4008069433746485e+01 -1.1678191019647603e+02
1.3933733333333334e+00 3.4124607340028945e+01 -1.1707342013625234e+02
1.3943700000000001e+00 3.4241435929408063e+01 -1.1736522075827881e+02
1.3953666666666669e+00 3.4358555491741576e+01 -1.1765731235243551e+02
1.3963633333333334e+00 3.4475966317176272e+01 -1.1794969520885579e+02
1.3973600000000002e+00 3.4593668696148328e+01 -1.1824236961799593e+02
1.3983566666666667e+00 3.4711662919383450e+01 -1.1853533587057035e+02
1.3993533333333334e+00 3.4829949277897335e+01 -1.1882859425760776e+02
1.4003500000000002e+00 3.4948528062995834e+01 -1.1912214507046460e+02
1.4013466666666667e+00 3.5067399566275263e+01 -1.1941598860066007e+02
1.4023433333333335e+00 3.5186564079622755e+01 -1.1971012514011204e+02
1.4033400000000000e+00 3.5306021895216439e+01 -1.2000455498102819e+02
1.4043366666666668e+00 3.5425773305525894e+01 -1.2029927841585585e+02
1.4053333333333335e+00 3.5545818603312270e+01 -1.2059429573738463e+02
1.4063300000000001e+00 3.5666158081628652e+01 -1.2088960723866585e+02
1.4073266666666668e+00 3.5786792033820426e+01 -1.2118521321303277e+02
1.4083233333333334e+00 3.5907720753525382e+01 -1.2148111395412924e+02
1.4093200000000001e+00 3.6028944534674231e+01 -1.2177730975591025e+02
1.4103166666666669e+00 3.6150463671490712e+01 -1.2207380091258806e+02
1.4113133333333334e+00 3.6272278458491947e+01 -1.2237058771868183e+02
1.4123100000000002e+00 3.6394389190488823e+01 -1.2266767046900789e+02
1.4133066666666667e+00 3.6516796162586097e+01 -1.2296504945865711e+02
1.4143033333333335e+00 3.6639499670182907e+01 -1.2326272498307765e+02
1.4153000000000002e+00 3.6762500008972893e+01 -1.2356069733794740e+02
1.4162966666666668e+00 3.6885797474944546e+01 -1.2385896681924271e+02
1.4172933333333335e+00 3.7009392364381576e+01 -1.2415753372327349e+02
1.4182900000000001e+00 3.7133284973863042e+01 -1.2445639834658499e+02
1.4192866666666668e+00 3.7257475600263838e+01 -1.2475556098608998e+02
1.4202833333333336e+00 3.7381964540754844e+01 -1.2505502193897809e+02
1.4212800000000001e+00 3.7506752092803247e+01 -1.2535478150266893e+02
1.4222766666666669e+00 3.7631838554172937e+01 -1.2565483997495147e+02
1.4232733333333334e+00 3.7757224222924641e+01 -1.2595519765392156e+02
1.4242700000000001e+00 3.7882909397416419e+01 -1.2625585483791420e+02
1.4252666666666669e+00 3.8008894376303736e+01 -1.2655681182556992e+02
1.4262633333333334e+00 3.8135179458539866e+01 -1.2685806891586186e+02
1.4272600000000002e+00 3.8261764943376306e+01 -1.2715962640806927e+02
1.4282566666666667e+00 3.8388651130362838e+01 -1.2746148460173141e+02
1.4292533333333335e+00 3.8515838319348056e+01 -1.2776364379666940e+02
1.4302500000000000e+00 3.8643326810479415e+01 -1.2806610429305331e+02
1.4312466666666668e+00 3.8771116904203822e+01 -1.2836886639135312e+02
1.4322433333333335e+00 3.8899208901267691e+01 -1.2867193039230935e+02
1.4332400000000001e+00 3.9027603102717322e+01 -1.2897529659695127e+02
1.4342366666666668e+00 3.9156299809899288e+01 -1.2927896530663963e+02
1.4352333333333334e+00 3.9285299324460567e+01 -1.2958293682304887e+02
1.4362300000000001e+00 3.9414601948349038e+01 -1.2988721144809941e+02
1.4372266666666669e+00 3.9544207983813571e+01 -1.3019178948404712e+02
1.4382233333333334e+00 3.9674117733404444e+01 -1.3049667123345333e+02
1.4392200000000002e+00 3.9804331499973713e+01 -1.3080185699917268e+02
1.4402166666666667e+00 3.9934849586675327e+01 -1.3110734708436576e+02
1.4412133333333335e+00 4.0065672296965637e+01 -1.3141314179248187e+02
1.4422100000000002e+00 4.0196799934603511e+01 -1.3171924142730307e+02
1.4432066666666667e+00 4.0328232803650714e+01 -1.3202564629287656e+02
1.4442033333333335e+00 4.0459971208472297e+01 -1.3233235669355764e+02
1.4452000000000000e+00 4.0592015453736700e+01 -1.3263937293404675e+02
1.4461966666666668e+00 4.0724365844416297e+01 -1.3294669531930077e+02
1.4471933333333336e+00 4.0857022685787470e+01 -1.3325432415460287e+02
1.4481900000000001e+00 4.0989986283431030e+01 -1.3356225974555724e+02
1.4491866666666668e+00 4.1123256943232590e+01 -1.3387050239802016e+02
1.4501833333333334e+00 4.1256834971382652e+01 -1.3417905241819966e+02
1.4511800000000001e+00 4.1390720674377171e+01 -1.3448791011258885e+02
1.4521766666666669e+00 4.1524914359017650e+01 -1.3479707578800739e+02
1.4531733333333334e+00 4.1659416332411517e+01 -1.3510654975156348e+02
1.4541700000000002e+00 4.1794226901972529e+01 -1.3541633231063886e+02
1.4551666666666667e+00 4.1929346375420856e+01 -1.3572642377299928e+02
1.4561633333333335e+00 4.2064775060783674e+01 -1.3603682444667746e+02
1.4571600000000002e+00 4.2200513266395198e+01 -1.3634753463996597e+02
1.4581566666666668e+00 4.2336561300897102e+01 -1.3665855466154383e+02
1.4591533333333335e+00 4.2472919473238925e+01 -1.3696988482035471e+02
1.4601500000000001e+00 4.2609588092678166e+01 -1.3728152542565746e+02
1.4611466666666668e+00 4.2746567468780839e+01 -1.3759347678703895e+02
1.4621433333333336e+00 4.2883857911421543e+01 -1.3790573921434611e+02
1.4631400000000001e+00 4.3021459730783867e+01 -1.3821831301777979e+02
1.4641366666666669e+00 4.3159373237360811e+01 -1.3853119850782684e+02
1.4651333333333334e+00 4.3297598741954850e+01 -1.3884439599530407e+02
1.4661300000000002e+00 4.3436136555678537e+01 -1.3915790579133903e+02
1.4671266666666667e+00 4.3574986989954532e+01 -1.3947172820735096e+02
1.4681233333333334e+00 4.3714150356516129e+01 -1.3978586355503279e+02
1.4691200000000002e+00 4.3853626967407394e+01 -1.4010031214648123e+02
1.4701166666666667e+00 4.3993417134983567e+01 -1.4041507429403902e+02
1.4711133333333335e+00 4.4133521171911440e+01 -1.4073015031035990e+02
1.4721100000000000e+00 4.4273939391169463e+01 -1.4104554050846039e+02
1.4731066666666668e+00 4.4414672106048322e+01 -1.4136124520160138e+02
1.4741033333333335e+00 4.4555719630150996e+01 -1.4167726470340241e+02
1.4751000000000001e+00 4.4697082277393179e+01 -1.4199359932777358e+02
1.4760966666666668e+00 4.4838760362003697e+01 -1.4231024938896257e+02
1.4770933333333334e+00 4.4980754198524586e+01 -1.4262721520148637e+02
1.4780900000000001e+00 4.5123064101811650e+01 -1.4294449708022722e+02
1.4790866666666669e+00 4.5265690387034589e+01 -1.4326209534035266e+02
1.4800833333333334e+00 4.5408633369677354e+01 -1.4358001029734015e+02
1.4810800000000002e+00 4.5551893365538604e+01 -1.4389824226700983e+02
1.4820766666666667e+00 4.5695470690731760e+01 -1.4421679156544673e+02
1.4830733333333335e+00 4.5839365661685598e+01 -1.4453565850911579e+02
1.4840700000000002e+00 4.5983578595144337e+01 -1.4485484341474967e+02
1.4850666666666668e+00 4.6128109808168027e+01 -1.4517434659938317e+02
1.4860633333333335e+00 4.6272959618132980e+01 -1.4549416838042958e+02
1.4870600000000000e+00 4.6418128342731883e+01 -1.4581430907559962e+02
1.4880566666666668e+00 4.6563616299974321e+01 -1.4613476900284806e+02
1.4890533333333336e+00 4.6709423808186891e+01 -1.4645554848054726e+02
1.4900500000000001e+00 4.6855551186013642e+01 -1.4677664782735741e+02
1.4910466666666669e+00 4.7001998752416441e+01 -1.4709806736217823e+02
1.4920433333333334e+00 4.7148766826675065e+01 -1.4741980740433482e+02
1.4930400000000001e+00 4.7295855728387842e+01 -1.4774186827345733e+02
1.4940366666666669e+00 4.7443265777471680e+01 -1.4806425028940160e+02
1.4950333333333334e+00 4.7590997294162484e+01 -1.4838695377244866e+02
1.4960300000000002e+00 4.7739050599015606e+01 -1.4870997904315274e+02
1.4970266666666667e+00 4.7887426012905891e+01 -1.4903332642233593e+02
1.4980233333333335e+00 4.8036123857028294e+01 -1.4935699623128900e+02
1.4990200000000002e+00 4.8185144452897980e+01 -1.4968098879146916e+02
1.5000166666666668e+00 4.8334488122350692e+01 -1.5000530442471066e+02
1.5010133333333335e+00 4.8484155187543202e+01 -1.5032994345320770e+02
1.5020100000000001e+00 4.8634145970953391e+01 -1.5065490619939001e+02
1.5030066666666668e+00 4.8784460795380845e+01 -1.5098019298611192e+02
1.5040033333333334e+00 4.8935099983946927e+01 -1.5130580413649500e+02
1.5050000000000001e+00 4.9086063860095308e+01 -1.5163173997393633e+02
1.5059966666666669e+00 4.9237352747592084e+01 -1.5195800082223525e+02
1.5069933333333334e+00 4.9388966970526212e+01 -1.5228458700548586e+02
1.5079900000000002e+00 4.9540906853309913e+01 -1.5261149884807065e+02
1.5089866666666667e+00 4.9693172720678774e+01 -1.5293873667477203e+02
1.5099833333333335e+00 4.9845764897692362e+01 -1.5326630081066594e+02
1.5109800000000002e+00 4.9998683709734259e+01 -1.5359419158107090e+02
1.5119766666666667e+00 5.0151929482512479e+01 -1.5392240931171608e+02
1.5129733333333335e+00 5.0305502542059955e+01 -1.5425095432867414e+02
1.5139700000000000e+00 5.0459403214734593e+01 -1.5457982695827079e+02
1.5149666666666668e+00 5.0613631827219869e+01 -1.5490902752720703e+02
1.5159633333333336e+00 5.0768188706524924e+01 -1.5523855636250585e+02
1.5169600000000001e+00 5.0923074179984965e+01 -1.5556841379145737e+02
1.5179566666666668e+00 5.1078288575261702e+01 -1.5589860014176290e+02
1.5189533333333334e+00 5.1233832220343473e+01 -1.5622911574142745e+02
1.5199500000000001e+00 5.1389705443545800e+01 -1.5655996091873070e+02
1.5209466666666669e+00 5.1545908573511483e+01 -1.5689113600233949e+02
1.5219433333333334e+00 5.1702441939211020e+01 -1.5722264132119369e+02
1.5229400000000002e+00 5.1859305869943071e+01 -1.5755447720463096e+02
1.5239366666666667e+00 5.2016500695334543e+01 -1.5788664398230301e+02
1.5249333333333335e+00 5.2174026745341145e+01 -1.5821914198410070e+02
1.5259300000000002e+00 5.2331884350247506e+01 -1.5855197154033789e+02
1.5269266666666668e+00 5.2490073840667613e+01 -1.5888513298166146e+02
1.5279233333333335e+00 5.2648595547545241e+01 -1.5921862663896357e+02
1.5289200000000001e+00 5.2807449802154011e+01 -1.5955245284356360e+02
1.5299166666666668e+00 5.2966636936098048e+01 -1.5988661192705661e+02
1.5309133333333336e+00 5.3126157281312018e+01 -1.6022110422135356e+02
1.5319100000000001e+00 5.3286011170061585e+01 -1.6055593005876202e+02
1.5329066666666669e+00 5.3446198934943851e+01 -1.6089108977184233e+02
1.5339033333333334e+00 5.3606720908887418e+01 -1.6122658369355381e+02
1.5349000000000002e+00 5.3767577425153036e+01 -1.6156241215715198e+02
1.5358966666666669e+00 5.3928768817333641e+01 -1.6189857549620987e+02
1.5368933333333334e+00 5.4090295419354831e+01 -1.6223507404468097e+02
1.5378900000000002e+00 5.4252157565475294e+01 -1.6257190813682257e+02
1.5388866666666667e+00 5.4414355590286895e+01 -1.6290907810723738e+02
1.5398833333333335e+00 5.4576889828715274e+01 -1.6324658429082032e+02
1.5408800000000002e+00 5.4739760616019922e+01 -1.6358442702282733e+02
1.5418766666666668e+00 5.4902968287794664e+01 -1.6392260663891162e+02
1.5428733333333335e+00 5.5066513179968098e+01 -1.6426112347497414e+02
1.5438700000000001e+00 5.5230395628803620e+01 -1.6459997786726052e+02
1.5448666666666668e+00 5.5394615970900077e+01 -1.6493917015235937e+02
1.5458633333333334e+00 5.5559174543191830e+01 -1.6527870066725416e+02
1.5468600000000001e+00 5.5724071682949386e+01 -1.6561856974921724e+02
1.5478566666666669e+00 5.5889307727779439e+01 -1.6595877773581159e+02
1.5488533333333334e+00 5.6054883015625315e+01 -1.6629932496499239e+02
1.5498500000000002e+00 5.6220797884767478e+01 -1.6664021177510568e+02
1.5508466666666667e+00 5.6387052673823568e+01 -1.6698143850471124e+02
1.5518433333333335e+00 5.6553647721748966e+01 -1.6732300549270937e+02
1.5528400000000002e+00 5.6720583367836959e+01 -1.6766491307847846e+02
1.5538366666666668e+00 5.6887859951719214e+01 -1.6800716160167306e+02
1.5548333333333335e+00 5.7055477813366174e+01 -1.6834975140222619e+02
1.5558300000000000e+00 5.7223437293087116e+01 -1.6869268282043973e+02
1.5568266666666668e+00 5.7391738731530786e+01 -1.6903595619693291e+02
1.5578233333333336e+00 5.7560382469685543e+01 -1.6937957187278050e+02
1.5588200000000001e+00 5.7729368848879773e+01 -1.6972353018926290e+02
1.5598166666666669e+00 5.7898698210782300e+01 -1.7006783148802310e+02
1.5608133333333334e+00 5.8068370897402538e+01 -1.7041247611115696e+02
1.5618100000000001e+00 5.8238387251091062e+01 -1.7075746440090117e+02
1.5628066666666669e+00 5.8408747614539706e+01 -1.7110279670003183e+02
1.5638033333333334e+00 5.8579452330782068e+01 -1.7144847335158187e+02
1.5648000000000002e+00 5.8750501743193908e+01 -1.7179449469890264e+02
1.5657966666666667e+00 5.8921896195493218e+01 -1.7214086108571126e+02
1.5667933333333335e+00 5.9093636031740907e+01 -1.7248757285610506e+02
1.5677900000000002e+00 5.9265721596340853e+01 -1.7283463035445442e+02
1.5687866666666668e+00 5.9438153234040321e+01 -1.7318203392546289e+02
1.5697833333333335e+00 5.9610931289930498e+01 -1.7352978391433226e+02
1.5707800000000001e+00 5.9784056109446567e+01 -1.7387788066644802e+02
1.5717766666666668e+00 5.9957528038368253e+01 -1.7422632452753967e+02
1.5727733333333336e+00 6.0131347422820006e+01 -1.7457511584383855e+02
1.5737700000000001e+00 6.0305514609271441e+01 -1.7492425496175582e+02
1.5747666666666669e+00 6.0480029944537705e+01 -1.7527374222803635e+02
1.5757633333333334e+00 6.0654893775779655e+01 -1.7562357798997240e+02
1.5767600000000002e+00 6.0830106450504530e+01 -1.7597376259503343e+02
1.5777566666666669e+00 6.1005668316565938e+01 -1.7632429639103370e+02
1.5787533333333335e+00 6.1181579722164322e+01 -1.7667517972617662e+02
1.5797500000000002e+00 6.1357841015847505e+01 -1.7702641294906789e+02
1.5807466666666667e+00 6.1534452546510714e+01 -1.7737799640858302e+02
1.5817433333333335e+00 6.1711414663397200e+01 -1.7772993045389995e+02
1.5827400000000000e+00 6.1888727716098323e+01 -1.7808221543469566e+02
1.5837366666666668e+00 6.2066392054554228e+01 -1.7843485170086655e+02
1.5847333333333335e+00 6.2244408029053858e+01 -1.7878783960270158e+02
1.5857300000000001e+00 6.2422775990235493e+01 -1.7914117949092332e+02
1.5867266666666668e+00 6.2601496289087166e+01 -1.7949487171641977e+02
1.5877233333333334e+00 6.2780569276946693e+01 -1.7984891663049999e+02
1.5887200000000001e+00 6.2959995305502424e+01 -1.8020331458498853e+02
1.5897166666666669e+00 6.3139774726793327e+01 -1.8055806593184377e+02
1.5907133333333334e+00 6.3319907893209361e+01 -1.8091317102345877e+02
1.5917100000000002e+00 6.3500395157492022e+01 -1.8126863021261823e+02
1.5927066666666667e+00 6.3681236872734367e+01 -1.8162444385232828e+02
1.5937033333333335e+00 6.3862433392381682e+01 -1.8198061229609189e+02
1.5947000000000002e+00 6.4043985070231628e+01 -1.8233713589775343e+02
1.5956966666666668e+00 6.4225892260434648e+01 -1.8269401501137779e+02
1.5966933333333335e+00 6.4408155317494447e+01 -1.8305124999153853e+02
1.5976900000000001e+00 6.4590774596268076e+01 -1.8340884119306023e+02
1.5986866666666668e+00 6.4773750451966563e+01 -1.8376678897109937e+02
1.5996833333333336e+00 6.4957083240155043e+01 -1.8412509368132964e+02
1.6006800000000001e+00 6.5140773316753240e+01 -1.8448375567963660e+02
1.6016766666666669e+00 6.5324821038035893e+01 -1.8484277532230169e+02
1.6026733333333334e+00 6.5509226760632828e+01 -1.8520215296592093e+02
1.6036700000000002e+00 6.5693990841529640e+01 -1.8556188896744007e+02
1.6046666666666669e+00 6.5879113638067793e+01 -1.8592198368432960e+02
1.6056633333333334e+00 6.6064595507945114e+01 -1.8628243747423599e+02
1.6066600000000002e+00 6.6250436809216197e+01 -1.8664325069513004e+02
1.6076566666666667e+00 6.6436637900292482e+01 -1.8700442370550394e+02
1.6086533333333335e+00 6.6623199139943040e+01 -1.8736595686415717e+02
1.6096500000000002e+00 6.6810120887294573e+01 -1.8772785053017932e+02
1.6106466666666668e+00 6.6997403501831826e+01 -1.8809010506301206e+02
1.6116433333333335e+00 6.7185047343398153e+01 -1.8845272082256599e+02
1.6126400000000001e+00 6.7373052772195607e+01 -1.8881569816903010e+02
1.6136366666666668e+00 6.7561420148785530e+01 -1.8917903746289309e+02
1.6146333333333336e+00 6.7750149834088717e+01 -1.8954273906520532e+02
1.6156300000000001e+00 6.7939242189385880e+01 -1.8990680333719092e+02
1.6166266666666669e+00 6.8128697576318103e+01 -1.9027123064047106e+02
1.6176233333333334e+00 6.8318516356886860e+01 -1.9063602133703151e+02
1.6186200000000002e+00 6.8508698893454820e+01 -1.9100117578928513e+02
1.6196166666666667e+00 6.8699245548745836e+01 -1.9136669435995228e+02
1.6206133333333335e+00 6.8890156685845582e+01 -1.9173257741208721e+02
1.6216100000000002e+00 6.9081432668201700e+01 -1.9209882530918736e+02
1.6226066666666668e+00 6.9273073859624219e+01 -1.9246543841499141e+02
1.6236033333333335e+00 6.9465080624286088e+01 -1.9283241709374522e+02
1.6246000000000000e+00 6.9657453326723243e+01 -1.9319976170996492e+02
1.6255966666666668e+00 6.9850192331835274e+01 -1.9356747262851610e+02
1.6265933333333336e+00 7.0043298004885486e+01 -1.9393555021467830e+02
1.6275900000000001e+00 7.0236770711501435e+01 -1.9430399483411500e+02
1.6285866666666668e+00 7.0430610817675429e+01 -1.9467280685278317e+02
1.6295833333333334e+00 7.0624818689764524e+01 -1.9504198663708070e+02
1.6305800000000001e+00 7.0819394694491280e+01 -1.9541153455370559e+02
1.6315766666666669e+00 7.1014339198943787e+01 -1.9578145096969860e+02
1.6325733333333334e+00 7.1209652570576196e+01 -1.9615173625257628e+02
1.6335700000000002e+00 7.1405335177209210e+01 -1.9652239077016347e+02
1.6345666666666667e+00 7.1601387387030158e+01 -1.9689341489064770e+02
1.6355633333333335e+00 7.1797809568593649e+01 -1.9726480898253030e+02
1.6365600000000002e+00 7.1994602090821658e+01 -1.9763657341477742e+02
1.6375566666666668e+00 7.2191765323004077e+01 -1.9800870855669464e+02
1.6385533333333335e+00 7.2389299634799158e+01 -1.9838121477788906e+02
1.6395500000000001e+00 7.2587205396233585e+01 -1.9875409244843758e+02
1.6405466666666668e+00 7.2785482977703211e+01 -1.9912734193873024e+02
1.6415433333333336e+00 7.2984132749973099e+01 -1.9950096361953791e+02
1.6425400000000001e+00 7.3183155084178011e+01 -1.9987495786194762e+02
1.6435366666666669e+00 7.3382550351822914e+01 -2.0024932503748425e+02
1.6445333333333334e+00 7.3582318924783067e+01 -2.0062406551806424e+02
1.6455300000000002e+00 7.3782461175304746e+01 -2.0099917967591668e+02
1.6465266666666669e+00 7.3982977476005274e+01 -2.0137466788364526e+02
1.6475233333333335e+00 7.4183868199873501e+01 -2.0175053051419687e+02
1.6485200000000002e+00 7.4385133720270375e+01 -2.0212676794102168e+02
1.6495166666666667e+00 7.4586774410928996e+01 -2.0250338053786118e+02
1.6505133333333335e+00 7.4788790645955274e+01 -2.0288036867871227e+02
1.6515100000000003e+00 7.4991182799828024e+01 -2.0325773273813951e+02
1.6525066666666668e+00 7.5193951247399511e+01 -2.0363547309097888e+02
1.6535033333333335e+00 7.5397096363895898e+01 -2.0401359011243414e+02
1.6545000000000001e+00 7.5600618524917337e+01 -2.0439208417812901e+02
1.6554966666666668e+00 7.5804518106438707e+01 -2.0477095566403611e+02
1.6564933333333334e+00 7.6008795484809610e+01 -2.0515020494652040e+02
1.6574900000000001e+00 7.6213451036755131e+01 -2.0552983240230893e+02
1.6584866666666669e+00 7.6418485139375846e+01 -2.0590983840846275e+02
1.6594833333333334e+00 7.6623898170148365e+01 -2.0629022334247529e+02
1.6604800000000002e+00 7.6829690506925843e+01 -2.0667098758220362e+02
1.6614766666666667e+00 7.7035862527938050e+01 -2.0705213150588688e+02
1.6624733333333335e+00 7.7242414611792086e+01 -2.0743365549214892e+02
1.6634700000000002e+00 7.7449347137472486e+01 -2.0781555991997556e+02
1.6644666666666668e+00 7.7656660484341629e+01 -2.0819784516867142e+02
1.6654633333333335e+00 7.7864355032140352e+01 -2.0858051161801740e+02
1.6664600000000001e+00 7.8072431160987961e+01 -2.0896355964813597e+02
1.6674566666666668e+00 7.8280889251383002e+01 -2.0934698963952451e+02
1.6684533333333336e+00 7.8489729684203311e+01 -2.0973080197308838e+02
1.6694500000000001e+00 7.8698952840706497e+01 -2.1011499703002676e+02
1.6704466666666669e+00 7.8908559102530518e+01 -2.1049957519203963e+02
1.6714433333333334e+00 7.9118548851693674e+01 -2.1088453684110206e+02
1.6724400000000001e+00 7.9328922470595387e+01 -2.1126988235960843e+02
1.6734366666666669e+00 7.9539680342016254e+01 -2.1165561213039578e+02
1.6744333333333334e+00 7.9750822849118606e+01 -2.1204172653657434e+02
1.6754300000000002e+00 7.9962350375446917e+01 -2.1242822596167548e+02
1.6764266666666667e+00 8.0174263304928004e+01 -2.1281511078972804e+02
1.6774233333333335e+00 8.0386562021871711e+01 -2.1320238140495826e+02
1.6784200000000002e+00 8.0599246910970891e+01 -2.1359003819200765e+02
1.6794166666666668e+00 8.0812318357302019e+01 -2.1397808153607389e+02
1.6804133333333335e+00 8.1025776746325761e+01 -2.1436651182256466e+02
1.6814100000000001e+00 8.1239622463886903e+01 -2.1475532943729735e+02
1.6824066666666668e+00 8.1453855896215188e+01 -2.1514453476657997e+02
1.6834033333333336e+00 8.1668477429925375e+01 -2.1553412819697240e+02
1.6844000000000001e+00 8.1883487452017718e+01 -2.1592411011546844e+02
1.6853966666666669e+00 8.2098886349878484e+01 -2.1631448090944318e+02
1.6863933333333334e+00 8.2314674511280060e+01 -2.1670524096668203e+02
1.6873900000000002e+00 8.2530852324381726e+01 -2.1709639067542440e+02
1.6883866666666669e+00 8.2747420177729694e+01 -2.1748793042414201e+02
1.6893833333333335e+00 8.2964378460257549e+01 -2.1787986060170954e+02
1.6903800000000002e+00 8.3181727561286877e+01 -2.1827218159757695e+02
1.6913766666666668e+00 8.3399467870527346e+01 -2.1866489380141212e+02
1.6923733333333335e+00 8.3617599778077363e+01 -2.1905799760326789e+02
1.6933700000000000e+00 8.3836123674424144e+01 -2.1945149339367453e+02
1.6943666666666668e+00 8.4055039950444467e+01 -2.1984538156346625e+02
1.6953633333333336e+00 8.4274348997404758e+01 -2.2023966250395964e+02
1.6963600000000001e+00 8.4494051206961615e+01 -2.2063433660684515e+02
1.6973566666666668e+00 8.4714146971162293e+01 -2.2102940426404683e+02
1.6983533333333334e+00 8.4934636682444790e+01 -2.2142486586809781e+02
1.6993500000000001e+00 8.5155520733638639e+01 -2.2182072181183577e+02
1.7003466666666669e+00 8.5376799517964955e+01 -2.2221697248841713e+02
1.7013433333333334e+00 8.5598473429036915e+01 -2.2261361829149217e+02
1.7023400000000002e+00 8.5820542860860385e+01 -2.2301065961509511e+02
1.7033366666666667e+00 8.6043008207833907e+01 -2.2340809685355643e+02
1.7043333333333335e+00 8.6265869864749476e+01 -2.2380593040172289e+02
1.7053300000000002e+00 8.6489128226792687e+01 -2.2420416065483420e+02
1.7063266666666668e+00 8.6712783689543144e+01 -2.2460278800835752e+02
1.7073233333333335e+00 8.6936836648975046e+01 -2.2500181285828799e+02
1.7083200000000001e+00 8.7161287501457238e+01 -2.2540123560102305e+02
1.7093166666666668e+00 8.7386136643754071e+01 -2.2580105663338475e+02
1.7103133333333336e+00 8.7611384473025353e+01 -2.2620127635242383e+02
1.7113100000000001e+00 8.7837031386826894e+01 -2.2660189515575240e+02
1.7123066666666669e+00 8.8063077783111112e+01 -2.2700291344131278e+02
1.7133033333333334e+00 8.8289524060227052e+01 -2.2740433160746227e+02
1.7143000000000002e+00 8.8516370616921208e+01 -2.2780615005299794e+02
1.7152966666666669e+00 8.8743617852337493e+01 -2.2820836917696687e+02
1.7162933333333334e+00 8.8971266166017841e+01 -2.2861098937898444e+02
1.7172900000000002e+00 8.9199315957902755e+01 -2.2901401105892452e+02
1.7182866666666667e+00 8.9427767628331324e+01 -2.2941743461718380e+02
1.7192833333333335e+00 8.9656621578042078e+01 -2.2982126045451233e+02
1.7202800000000003e+00 8.9885878208172969e+01 -2.3022548897198971e+02
1.7212766666666668e+00 9.0115537920261957e+01 -2.3063012057119829e+02
1.7222733333333335e+00 9.0345601116247579e+01 -2.3103515565407943e+02
1.7232700000000001e+00 9.0576068198468931e+01 -2.3144059462293379e+02
1.7242666666666668e+00 9.0806939569666525e+01 -2.3184643788054947e+02
1.7252633333333336e+00 9.1038215632982329e+01 -2.3225268583004637e+02
1.7262600000000001e+00 9.1269896791960292e+01 -2.3265933887495888e+02
1.7272566666666669e+00 9.1501983450546930e+01 -2.3306639741925392e+02
1.7282533333333334e+00 9.1734476013091339e+01 -2.3347386186724913e+02
1.7292500000000002e+00 9.1967374884346029e+01 -2.3388173262371944e+02
1.7302466666666667e+00 9.2200680469466917e+01 -2.3429001009383103e+02
1.7312433333333335e+00 9.2434393174014161e+01 -2.3469869468320238e+02
1.7322400000000002e+00 9.2668513403952147e+01 -2.3510778679766321e+02
1.7332366666666668e+00 9.2903041565650042e+01 -2.3551728684364849e+02
1.7342333333333335e+00 9.3137978065882422e+01 -2.3592719522798436e+02
1.7352300000000001e+00 9.3373323311829296e+01 -2.3633751235776870e+02
1.7362266666666668e+00 9.3609077711076850e+01 -2.3674823864061611e+02
1.7372233333333336e+00 9.3845241671617586e+01 -2.3715937448456646e+02
1.7382200000000001e+00 9.4081815601850849e+01 -2.3757092029796567e+02
1.7392166666666669e+00 9.4318799910583351e+01 -2.3798287648962088e+02
1.7402133333333334e+00 9.4556195007029245e+01 -2.3839524346876263e+02
1.7412100000000001e+00 9.4794001300810976e+01 -2.3880802164502188e+02
1.7422066666666669e+00 9.5032219201959265e+01 -2.3922121142841502e+02
1.7432033333333334e+00 9.5270849120913709e+01 -2.3963481322938924e+02
1.7442000000000002e+00 9.5509891468523378e+01 -2.4004882745885592e+02
1.7451966666666667e+00 9.5749346656046754e+01 -2.4046325452792726e+02
1.7461933333333335e+00 9.5989215095152630e+01 -2.4087809484837283e+02
1.7471900000000002e+00 9.6229497197920196e+01 -2.4129334883231982e+02
1.7481866666666668e+00 9.6470193376839518e+01 -2.4170901689214705e+02
1.7491833333333335e+00 9.6711304044812110e+01 -2.4212509944077624e+02
1.7501800000000001e+00 9.6952829615151032e+01 -2.4254159689156515e+02
1.7511766666666668e+00 9.7194770501581729e+01 -2.4295850965828691e+02
1.7521733333333336e+00 9.7437127118242017e+01 -2.4337583815495830e+02
1.7531700000000001e+00 9.7679899879682637e+01 -2.4379358279617452e+02
1.7541666666666669e+00 9.7923089200867921e+01 -2.4421174399700368e+02
1.7551633333333334e+00 9.8166695497175766e+01 -2.4463032217265712e+02
1.7561600000000002e+00 9.8410719184398445e+01 -2.4504931773903888e+02
1.7571566666666669e+00 9.8655160678742732e+01 -2.4546873111232711e+02
1.7581533333333335e+00 9.8900020396830385e+01 -2.4588856270912646e+02
1.7591500000000002e+00 9.9145298755698803e+01 -2.4630881294650877e+02
1.7601466666666667e+00 9.9390996172800968e+01 -2.4672948224185222e+02
1.7611433333333335e+00 9.9637113066006393e+01 -2.4715057101313590e+02
1.7621400000000003e+00 9.9883649853601128e+01 -2.4757207967859821e+02
1.7631366666666668e+00 1.0013060695428830e+02 -2.4799400865691837e+02
1.7641333333333336e+00 1.0037798478718871e+02 -2.4841635836726377e+02
1.7651300000000001e+00 1.0062578377184087e+02 -2.4883912922912336e+02
1.7661266666666668e+00 1.0087400432820188e+02 -2.4926232166249321e+02
1.7671233333333336e+00 1.0112264687664744e+02 -2.4968593608774435e+02
1.7681200000000001e+00 1.0137171183797241e+02 -2.5010997292565085e+02
1.7691166666666669e+00 1.0162119963339144e+02 -2.5053443259744117e+02
1.7701133333333334e+00 1.0187111068453895e+02 -2.5095931552469986e+02
1.7711100000000002e+00 1.0212144541347003e+02 -2.5138462212958962e+02
1.7721066666666667e+00 1.0237220424266044e+02 -2.5181035283452260e+02
1.7731033333333335e+00 1.0262338759500743e+02 -2.5223650806238854e+02
1.7741000000000002e+00 1.0287499589382976e+02 -2.5266308823656820e+02
1.7750966666666668e+00 1.0312702956286833e+02 -2.5309009378068652e+02
1.7760933333333335e+00 1.0337948902628669e+02 -2.5351752511899448e+02
1.7770900000000001e+00 1.0363237470867122e+02 -2.5394538267612143e+02
1.7780866666666668e+00 1.0388568703503186e+02 -2.5437366687696047e+02
1.7790833333333336e+00 1.0413942643080215e+02 -2.5480237814698140e+02
1.7800800000000001e+00 1.0439359332183989e+02 -2.5523151691211143e+02
1.7810766666666669e+00 1.0464818813442776e+02 -2.5566108359861229e+02
1.7820733333333334e+00 1.0490321129527319e+02 -2.5609107863311641e+02
1.7830700000000002e+00 1.0515866323150937e+02 -2.5652150244277675e+02
1.7840666666666669e+00 1.0541454437069524e+02 -2.5695235545523803e+02
1.7850633333333334e+00 1.0567085514081610e+02 -2.5738363809840905e+02
1.7860600000000002e+00 1.0592759597028419e+02 -2.5781535080071149e+02
1.7870566666666667e+00 1.0618476728793873e+02 -2.5824749399106634e+02
1.7880533333333335e+00 1.0644236952304679e+02 -2.5868006809865119e+02
1.7890500000000003e+00 1.0670040310530328e+02 -2.5911307355310765e+02
1.7900466666666668e+00 1.0695886846483157e+02 -2.5954651078466031e+02
1.7910433333333335e+00 1.0721776603218417e+02 -2.5998038022387760e+02
1.7920400000000001e+00 1.0747709623834272e+02 -2.6041468230170483e+02
1.7930366666666668e+00 1.0773685951471879e+02 -2.6084941744953642e+02
1.7940333333333336e+00 1.0799705629315395e+02 -2.6128458609922501e+02
1.7950300000000001e+00 1.0825768700592039e+02 -2.6172018868301211e+02
1.7960266666666669e+00 1.0851875208572156e+02 -2.6215622563368299e+02
1.7970233333333334e+00 1.0878025196569216e+02 -2.6259269738430822e+02
1.7980200000000002e+00 1.0904218707939899e+02 -2.6302960436846990e+02
1.7990166666666669e+00 1.0930455786084103e+02 -2.6346694702019647e+02
1.8000133333333335e+00 1.0956736474445003e+02 -2.6390472577384537e+02
1.8010100000000002e+00 1.0983060816509109e+02 -2.6434294106434885e+02
1.8020066666666668e+00 1.1009428855806274e+02 -2.6478159332698652e+02
1.8030033333333335e+00 1.1035840635909781e+02 -2.6522068299752266e+02
1.8040000000000003e+00 1.1062296200436346e+02 -2.6566021051207457e+02
1.8049966666666668e+00 1.1088795593046171e+02 -2.6610017630724519e+02
1.8059933333333336e+00 1.1115338857443021e+02 -2.6654058082011250e+02
1.8069900000000001e+00 1.1141926037374212e+02 -2.6698142448813798e+02
1.8079866666666669e+00 1.1168557176630708e+02 -2.6742270774919695e+02
1.8089833333333334e+00 1.1195232319047116e+02 -2.6786443104167773e+02
1.8099800000000001e+00 1.1221951508501780e+02 -2.6830659480437401e+02
1.8109766666666669e+00 1.1248714788916777e+02 -2.6874919947644105e+02
1.8119733333333334e+00 1.1275522204257980e+02 -2.6919224549759622e+02
1.8129700000000002e+00 1.1302373798535123e+02 -2.6963573330790524e+02
1.8139666666666667e+00 1.1329269615801802e+02 -2.7007966334792314e+02
1.8149633333333335e+00 1.1356209700155567e+02 -2.7052403605868233e+02
1.8159600000000002e+00 1.1383194095737920e+02 -2.7096885188145620e+02
1.8169566666666668e+00 1.1410222846734376e+02 -2.7141411125819957e+02
1.8179533333333335e+00 1.1437295997374535e+02 -2.7185981463123142e+02
1.8189500000000001e+00 1.1464413591932075e+02 -2.7230596244321009e+02
1.8199466666666668e+00 1.1491575674724842e+02 -2.7275255513737739e+02
1.8209433333333336e+00 1.1518782290114864e+02 -2.7319959315730324e+02
1.8219400000000001e+00 1.1546033482508396e+02 -2.7364707694711620e+02
1.8229366666666669e+00 1.1573329296356000e+02 -2.7409500695125286e+02
1.8239333333333334e+00 1.1600669776152532e+02 -2.7454338361465966e+02
1.8249300000000002e+00 1.1628054966437243e+02 -2.7499220738283151e+02
1.8259266666666669e+00 1.1655484911793782e+02 -2.7544147870152023e+02
1.8269233333333335e+00 1.1682959656850252e+02 -2.7589119801701406e+02
1.8279200000000002e+00 1.1710479246279274e+02 -2.7634136577603078e+02
1.8289166666666667e+00 1.1738043724797993e+02 -2.7679198242574876e+02
1.8299133333333335e+00 1.1765653137168167e+02 -2.7724304841381513e+02
1.8309100000000003e+00 1.1793307528196175e+02 -2.7769456418832107e+02
1.8319066666666668e+00 1.1821006942733074e+02 -2.7814653019769304e+02
1.8329033333333336e+00 1.1848751425674656e+02 -2.7859894689088719e+02
1.8339000000000001e+00 1.1876541021961467e+02 -2.7905181471740639e+02
1.8348966666666668e+00 1.1904375776578887e+02 -2.7950513412708602e+02
1.8358933333333336e+00 1.1932255734557134e+02 -2.7995890557014258e+02
1.8368900000000001e+00 1.1960180940971327e+02 -2.8041312949735402e+02
1.8378866666666669e+00 1.1988151440941552e+02 -2.8086780635995166e+02
1.8388833333333334e+00 1.2016167279632863e+02 -2.8132293660958356e+02
1.8398800000000002e+00 1.2044228502255379e+02 -2.8177852069838787e+02
1.8408766666666669e+00 1.2072335154064280e+02 -2.8223455907884187e+02
1.8418733333333335e+00 1.2100487280359870e+02 -2.8269105220398967e+02
1.8428700000000002e+00 1.2128684926487649e+02 -2.8314800052731573e+02
1.8438666666666668e+00 1.2156928137838305e+02 -2.8360540450265682e+02
1.8448633333333335e+00 1.2185216959847813e+02 -2.8406326458439963e+02
1.8458600000000001e+00 1.2213551437997430e+02 -2.8452158122737228e+02
1.8468566666666668e+00 1.2241931617813789e+02 -2.8498035488680642e+02
1.8478533333333336e+00 1.2270357544868905e+02 -2.8543958601848811e+02
1.8488500000000001e+00 1.2298829264780238e+02 -2.8589927507856930e+02
1.8498466666666669e+00 1.2327346823210750e+02 -2.8635942252363532e+02
1.8508433333333334e+00 1.2355910265868916e+02 -2.8682002881084554e+02
1.8518400000000002e+00 1.2384519638508809e+02 -2.8728109439764870e+02
1.8528366666666669e+00 1.2413174986930107e+02 -2.8774261974208412e+02
1.8538333333333334e+00 1.2441876356978166e+02 -2.8820460530264165e+02
1.8548300000000002e+00 1.2470623794544071e+02 -2.8866705153818799e+02
1.8558266666666667e+00 1.2499417345564642e+02 -2.8912995890814977e+02
1.8568233333333335e+00 1.2528257056022535e+02 -2.8959332787226396e+02
1.8578200000000002e+00 1.2557142971946234e+02 -2.9005715889086611e+02
1.8588166666666668e+00 1.2586075139410123e+02 -2.9052145242469101e+02
1.8598133333333335e+00 1.2615053604534548e+02 -2.9098620893495820e+02
1.8608100000000001e+00 1.2644078413485822e+02 -2.9145142888333311e+02
1.8618066666666668e+00 1.2673149612476318e+02 -2.9191711273193300e+02
1.8628033333333336e+00 1.2702267247764470e+02 -2.9238326094331944e+02
1.8638000000000001e+00 1.2731431365654839e+02 -2.9284987398053528e+02
1.8647966666666669e+00 1.2760642012498180e+02 -2.9331695230716809e+02
1.8657933333333334e+00 1.2789899234691438e+02 -2.9378449638707855e+02
1.8667900000000002e+00 1.2819203078677853e+02 -2.9425250668475786e+02
1.8677866666666669e+00 1.2848553590946958e+02 -2.9472098366511369e+02
1.8687833333333335e+00 1.2877950818034640e+02 -2.9518992779348400e+02
1.8697800000000002e+00 1.2907394806523212e+02 -2.9565933953568788e+02
1.8707766666666668e+00 1.2936885603041409e+02 -2.9612921935800256e+02
1.8717733333333335e+00 1.2966423254264492e+02 -2.9659956772720085e+02
1.8727700000000003e+00 1.2996007806914241e+02 -2.9707038511048643e+02
1.8737666666666668e+00 1.3025639307759027e+02 -2.9754167197559184e+02
1.8747633333333336e+00 1.3055317803613880e+02 -2.9801342879062503e+02
1.8757600000000001e+00 1.3085043341340480e+02 -2.9848565602418739e+02
1.8767566666666669e+00 1.3114815967847267e+02 -2.9895835414538976e+02
1.8777533333333336e+00 1.3144635730089431e+02 -2.9943152362376060e+02
1.8787500000000001e+00 1.3174502675068990e+02 -2.9990516492937036e+02
1.8797466666666669e+00 1.3204397949121307e+02 -3.0000000000000000e+02
1.8807433333333334e+00 1.3234297949121301e+02 -3.0000000000000000e+02
1.8817400000000002e+00 1.3264197949121305e+02 -3.0000000000000000e+02
1.8827366666666667e+00 1.3294097949121300e+02 -3.0000000000000000e+02
1.8837333333333335e+00 1.3323997949121303e+02 -3.0000000000000000e+02
1.8847300000000002e+00 1.3353897949121307e+02 -3.0000000000000000e+02
1.8857266666666668e+00 1.3383797949121302e+02 -3.0000000000000000e+02
1.8867233333333335e+00 1.3413697949121305e+02 -3.0000000000000000e+02
1.8877200000000001e+00 1.3443597949121300e+02 -3.0000000000000000e+02
1.8887166666666668e+00 1.3473497949121304e+02 -3.0000000000000000e+02
1.8897133333333336e+00 1.3503397949121307e+02 -3.0000000000000000e+02
1.8907100000000001e+00 1.3533297949121302e+02 -3.0000000000000000e+02
1.8917066666666669e+00 1.3563197949121306e+02 -3.0000000000000000e+02
1.8927033333333334e+00 1.3593097949121301e+02 -3.0000000000000000e+02
1.8937000000000002e+00 1.3622997949121304e+02 -3.0000000000000000e+02
1.8946966666666669e+00 1.3652897949121308e+02 -3.0000000000000000e+02
1.8956933333333335e+00 1.3682797949121303e+02 -3.0000000000000000e+02
1.8966900000000002e+00 1.3712697949121306e+02 -3.0000000000000000e+02
1.8976866666666667e+00 1.3742597949121301e+02 -3.0000000000000000e+02
1.8986833333333335e+00 1.3772497949121305e+02 -3.0000000000000000e+02
1.8996800000000003e+00 1.3802397949121308e+02 -3.0000000000000000e+02
1.9006766666666668e+00 1.3832297949121303e+02 -3.0000000000000000e+02
1.9016733333333335e+00 1.3862197949121307e+02 -3.0000000000000000e+02
1.9026700000000001e+00 1.3892097949121302e+02 -3.0000000000000000e+02
1.9036666666666668e+00 1.3921997949121305e+02 -3.0000000000000000e+02
1.9046633333333336e+00 1.3951897949121309e+02 -3.0000000000000000e+02
1.9056600000000001e+00 1.3981797949121304e+02 -3.0000000000000000e+02
1.9066566666666669e+00 1.4011697949121307e+02 -3.0000000000000000e+02
1.9076533333333334e+00 1.4041597949121302e+02 -3.0000000000000000e+02
1.9086500000000002e+00 1.4071497949121306e+02 -3.0000000000000000e+02
1.9096466666666669e+00 1.4101397949121309e+02 -3.0000000000000000e+02
1.9106433333333335e+00 1.4131297949121304e+02 -3.0000000000000000e+02
1.9116400000000002e+00 1.4161197949121308e+02 -3.0000000000000000e+02
1.9126366666666668e+00 1.4191097949121303e+02 -3.0000000000000000e+02
1.9136333333333335e+00 1.4220997949121306e+02 -3.0000000000000000e+02
1.9146300000000003e+00 1.4250897949121310e+02 -3.0000000000000000e+02
1.9156266666666668e+00 1.4280797949121305e+02 -3.0000000000000000e+02
1.9166233333333336e+00 1.4310697949121308e+02 -3.0000000000000000e+02
1.9176200000000001e+00 1.4340597949121303e+02 -3.0000000000000000e+02
1.9186166666666669e+00 1.4370497949121307e+02 -3.0000000000000000e+02
1.9196133333333334e+00 1.4400397949121302e+02 -3.0000000000000000e+02
1.9206100000000002e+00 1.4430297949121305e+02 -3.0000000000000000e+02
1.9216066666666669e+00 1.4460197949121309e+02 -3.0000000000000000e+02
1.9226033333333334e+00 1.4490097949121304e+02 -3.0000000000000000e+02
1.9236000000000002e+00 1.4519997949121307e+02 -3.0000000000000000e+02
1.9245966666666667e+00 1.4549897949121302e+02 -3.0000000000000000e+02
1.9255933333333335e+00 1.4579797949121306e+02 -3.0000000000000000e+02
1.9265900000000002e+00 1.4609697949121309e+02 -3.0000000000000000e+02
1.9275866666666668e+00 1.4639597949121304e+02 -3.0000000000000000e+02
1.9285833333333335e+00 1.4669497949121308e+02 -3.0000000000000000e+02
1.9295800000000001e+00 1.4699397949121303e+02 -3.0000000000000000e+02
1.9305766666666668e+00 1.4729297949121306e+02 -3.0000000000000000e+02
1.9315733333333336e+00 1.4759197949121310e+02 -3.0000000000000000e+02
1.9325700000000001e+00 1.4789097949121305e+02 -3.0000000000000000e+02
1.9335666666666669e+00 1.4818997949121308e+02 -3.0000000000000000e+02
1.9345633333333334e+00 1.4848897949121303e+02 -3.0000000000000000e+02
1.9355600000000002e+00 1.4878797949121306e+02 -3.0000000000000000e+02
1.9365566666666669e+00 1.4908697949121310e+02 -3.0000000000000000e+02
1.9375533333333335e+00 1.4938597949121305e+02 -3.0000000000000000e+02
1.9385500000000002e+00 1.4968497949121308e+02 -3.0000000000000000e+02
1.9395466666666668e+00 1.4998397949121303e+02 -3.0000000000000000e+02
1.9405433333333335e+00 1.5028297949121307e+02 -3.0000000000000000e+02
1.9415400000000003e+00 1.5058197949121310e+02 -3.0000000000000000e+02
1.9425366666666668e+00 1.5088097949121305e+02 -3.0000000000000000e+02
1.9435333333333336e+00 1.5117997949121309e+02 -3.0000000000000000e+02
1.9445300000000001e+00 1.5147897949121304e+02 -3.0000000000000000e+02
1.9455266666666668e+00 1.5177797949121307e+02 -3.0000000000000000e+02
1.9465233333333336e+00 1.5207697949121311e+02 -3.0000000000000000e+02
1.9475200000000001e+00 1.5237597949121306e+02 -3.0000000000000000e+02
1.9485166666666669e+00 1.5267497949121309e+02 -3.0000000000000000e+02
1.9495133333333334e+00 1.5297397949121304e+02 -3.0000000000000000e+02
1.9505100000000002e+00 1.5327297949121308e+02 -3.0000000000000000e+02
1.9515066666666669e+00 1.5357197949121311e+02 -3.0000000000000000e+02
1.9525033333333335e+00 1.5387097949121306e+02 -3.0000000000000000e+02
1.9535000000000002e+00 1.5416997949121310e+02 -3.0000000000000000e+02
1.9544966666666668e+00 1.5446897949121305e+02 -3.0000000000000000e+02
1.9554933333333335e+00 1.5476797949121308e+02 -3.0000000000000000e+02
1.9564900000000003e+00 1.5506697949121312e+02 -3.0000000000000000e+02
1.9574866666666668e+00 1.5536597949121307e+02 -3.0000000000000000e+02
1.9584833333333336e+00 1.5566497949121310e+02 -3.0000000000000000e+02
1.9594800000000001e+00 1.5596397949121305e+02 -3.0000000000000000e+02
1.9604766666666669e+00 1.5626297949121309e+02 -3.0000000000000000e+02
1.9614733333333334e+00 1.5656197949121304e+02 -3.0000000000000000e+02
1.9624700000000002e+00 1.5686097949121307e+02 -3.0000000000000000e+02
1.9634666666666669e+00 1.5715997949121311e+02 -3.0000000000000000e+02
1.9644633333333335e+00 1.5745897949121306e+02 -3.0000000000000000e+02
1.9654600000000002e+00 1.5775797949121309e+02 -3.0000000000000000e+02
1.9664566666666667e+00 1.5805697949121304e+02 -3.0000000000000000e+02
1.9674533333333335e+00 1.5835597949121308e+02 -3.0000000000000000e+02
1.9684500000000003e+00 1.5865497949121311e+02 -3.0000000000000000e+02
1.9694466666666668e+00 1.5895397949121306e+02 -3.0000000000000000e+02
1.9704433333333335e+00 1.5925297949121310e+02 -3.0000000000000000e+02
1.9714400000000001e+00 1.5955197949121305e+02 -3.0000000000000000e+02
1.9724366666666668e+00 1.5985097949121308e+02 -3.0000000000000000e+02
1.9734333333333336e+00 1.6014997949121312e+02 -3.0000000000000000e+02
1.9744300000000001e+00 1.6044897949121307e+02 -3.0000000000000000e+02
1.9754266666666669e+00 1.6074797949121310e+02 -3.0000000000000000e+02
1.9764233333333334e+00 1.6104697949121305e+02 -3.0000000000000000e+02
1.9774200000000002e+00 1.6134597949121309e+02 -3.0000000000000000e+02
1.9784166666666669e+00 1.6164497949121312e+02 -3.0000000000000000e+02
1.9794133333333335e+00 1.6194397949121307e+02 -3.0000000000000000e+02
1.9804100000000002e+00 1.6224297949121311e+02 -3.0000000000000000e+02
1.9814066666666668e+00 1.6254197949121306e+02 -3.0000000000000000e+02
1.9824033333333335e+00 1.6284097949121309e+02 -3.0000000000000000e+02
1.9834000000000003e+00 1.6313997949121313e+02 -3.0000000000000000e+02
1.9843966666666668e+00 1.6343897949121308e+02 -3.0000000000000000e+02
1.9853933333333336e+00 1.6373797949121311e+02 -3.0000000000000000e+02
1.9863900000000001e+00 1.6403697949121306e+02 -3.0000000000000000e+02
1.9873866666666669e+00 1.6433597949121310e+02 -3.0000000000000000e+02
1.9883833333333336e+00 1.6463497949121313e+02 -3.0000000000000000e+02
1.9893800000000001e+00 1.6493397949121308e+02 -3.0000000000000000e+02
1.9903766666666669e+00 1.6523297949121311e+02 -3.0000000000000000e+02
1.9913733333333334e+00 1.6553197949121306e+02 -3.0000000000000000e+02
1.9923700000000002e+00 1.6583097949121310e+02 -3.0000000000000000e+02
1.9933666666666670e+00 1.6612997949121313e+02 -3.0000000000000000e+02
1.9943633333333335e+00 1.6642897949121308e+02 -3.0000000000000000e+02
1.9953600000000002e+00 1.6672797949121312e+02 -3.0000000000000000e+02
1.9963566666666668e+00 1.6702697949121307e+02 -3.0000000000000000e+02
1.9973533333333335e+00 1.6732597949121310e+02 -3.0000000000000000e+02
1.9983500000000001e+00 1.6762497949121305e+02 -3.0000000000000000e+02
1.9993466666666668e+00 1.6792397949121309e+02 -3.0000000000000000e+02
2.0003433333333334e+00 1.6822297949121304e+02 -3.0000000000000000e+02
2.0013399999999999e+00 1.6852197949121299e+02 -3.0000000000000000e+02
2.0023366666666669e+00 1.6882097949121308e+02 -3.0000000000000000e+02
2.0033333333333334e+00 1.6911997949121303e+02 -3.0000000000000000e+02
2.0043299999999999e+00 1.6941897949121298e+02 -3.0000000000000000e+02
2.0053266666666669e+00 1.6971797949121307e+02 -3.0000000000000000e+02
2.0063233333333335e+00 1.7001697949121302e+02 -3.0000000000000000e+02
2.0073200000000000e+00 1.7031597949121297e+02 -3.0000000000000000e+02
2.0083166666666665e+00 1.7061497949121292e+02 -3.0000000000000000e+02
2.0093133333333335e+00 1.7091397949121301e+02 -3.0000000000000000e+02
2.0103100000000000e+00 1.7121297949121296e+02 -3.0000000000000000e+02
2.0113066666666666e+00 1.7151197949121291e+02 -3.0000000000000000e+02
2.0123033333333331e+00 1.7181097949121286e+02 -3.0000000000000000e+02
2.0133000000000001e+00 1.7210997949121295e+02 -3.0000000000000000e+02
2.0142966666666666e+00 1.7240897949121290e+02 -3.0000000000000000e+02
2.0152933333333332e+00 1.7270797949121285e+02 -3.0000000000000000e+02
2.0162900000000001e+00 1.7300697949121295e+02 -3.0000000000000000e+02
2.0172866666666667e+00 1.7330597949121290e+02 -3.0000000000000000e+02
2.0182833333333332e+00 1.7360497949121284e+02 -3.0000000000000000e+02
2.0192799999999997e+00 1.7390397949121279e+02 -3.0000000000000000e+02
2.0202766666666667e+00 1.7420297949121289e+02 -3.0000000000000000e+02
2.0212733333333333e+00 1.7450197949121284e+02 -3.0000000000000000e+02
2.0222699999999998e+00 1.7480097949121279e+02 -3.0000000000000000e+02
2.0232666666666668e+00 1.7509997949121288e+02 -3.0000000000000000e+02
2.0242633333333333e+00 1.7539897949121283e+02 -3.0000000000000000e+02
2.0252599999999998e+00 1.7569797949121278e+02 -3.0000000000000000e+02
2.0262566666666668e+00 1.7599697949121287e+02 -3.0000000000000000e+02
2.0272533333333334e+00 1.7629597949121282e+02 -3.0000000000000000e+02
2.0282499999999999e+00 1.7659497949121277e+02 -3.0000000000000000e+02
2.0292466666666664e+00 1.7689397949121272e+02 -3.0000000000000000e+02
2.0302433333333334e+00 1.7719297949121281e+02 -3.0000000000000000e+02
2.0312399999999999e+00 1.7749197949121276e+02 -3.0000000000000000e+02
2.0322366666666665e+00 1.7779097949121271e+02 -3.0000000000000000e+02
2.0332333333333334e+00 1.7808997949121280e+02 -3.0000000000000000e+02
2.0342300000000000e+00 1.7838897949121275e+02 -3.0000000000000000e+02
2.0352266666666665e+00 1.7868797949121270e+02 -3.0000000000000000e+02
2.0362233333333335e+00 1.7898697949121279e+02 -3.0000000000000000e+02
2.0372200000000000e+00 1.7928597949121274e+02 -3.0000000000000000e+02
2.0382166666666666e+00 1.7958497949121269e+02 -3.0000000000000000e+02
2.0392133333333331e+00 1.7988397949121264e+02 -3.0000000000000000e+02
2.0402100000000001e+00 1.8018297949121273e+02 -3.0000000000000000e+02
2.0412066666666666e+00 1.8048197949121268e+02 -3.0000000000000000e+02
2.0422033333333331e+00 1.8078097949121263e+02 -3.0000000000000000e+02
2.0432000000000001e+00 1.8107997949121273e+02 -3.0000000000000000e+02
2.0441966666666667e+00 1.8137897949121268e+02 -3.0000000000000000e+02
2.0451933333333332e+00 1.8167797949121262e+02 -3.0000000000000000e+02
2.0461900000000002e+00 1.8197697949121272e+02 -3.0000000000000000e+02
2.0471866666666667e+00 1.8227597949121267e+02 -3.0000000000000000e+02
2.0481833333333332e+00 1.8257497949121262e+02 -3.0000000000000000e+02
2.0491799999999998e+00 1.8287397949121257e+02 -3.0000000000000000e+02
2.0501766666666668e+00 1.8317297949121266e+02 -3.0000000000000000e+02
2.0511733333333333e+00 1.8347197949121261e+02 -3.0000000000000000e+02
2.0521699999999998e+00 1.8377097949121256e+02 -3.0000000000000000e+02
2.0531666666666668e+00 1.8406997949121265e+02 -3.0000000000000000e+02
2.0541633333333333e+00 1.8436897949121260e+02 -3.0000000000000000e+02
2.0551599999999999e+00 1.8466797949121255e+02 -3.0000000000000000e+02
2.0561566666666664e+00 1.8496697949121250e+02 -3.0000000000000000e+02
2.0571533333333334e+00 1.8526597949121259e+02 -3.0000000000000000e+02
2.0581499999999999e+00 1.8556497949121254e+02 -3.0000000000000000e+02
2.0591466666666665e+00 1.8586397949121249e+02 -3.0000000000000000e+02
2.0601433333333334e+00 1.8616297949121258e+02 -3.0000000000000000e+02
2.0611400000000000e+00 1.8646197949121253e+02 -3.0000000000000000e+02
2.0621366666666665e+00 1.8676097949121248e+02 -3.0000000000000000e+02
2.0631333333333335e+00 1.8705997949121257e+02 -3.0000000000000000e+02
2.0641300000000000e+00 1.8735897949121252e+02 -3.0000000000000000e+02
2.0651266666666666e+00 1.8765797949121247e+02 -3.0000000000000000e+02
2.0661233333333331e+00 1.8795697949121242e+02 -3.0000000000000000e+02
2.0671200000000001e+00 1.8825597949121251e+02 -3.0000000000000000e+02
2.0681166666666666e+00 1.8855497949121246e+02 -3.0000000000000000e+02
2.0691133333333331e+00 1.8885397949121241e+02 -3.0000000000000000e+02
2.0701100000000001e+00 1.8915297949121251e+02 -3.0000000000000000e+02
2.0711066666666667e+00 1.8945197949121246e+02 -3.0000000000000000e+02
2.0721033333333332e+00 1.8975097949121241e+02 -3.0000000000000000e+02
2.0731000000000002e+00 1.9004997949121250e+02 -3.0000000000000000e+02
2.0740966666666667e+00 1.9034897949121245e+02 -3.0000000000000000e+02
2.0750933333333332e+00 1.9064797949121240e+02 -3.0000000000000000e+02
2.0760899999999998e+00 1.9094697949121235e+02 -3.0000000000000000e+02
2.0770866666666667e+00 1.9124597949121244e+02 -3.0000000000000000e+02
2.0780833333333333e+00 1.9154497949121239e+02 -3.0000000000000000e+02
2.0790799999999998e+00 1.9184397949121234e+02 -3.0000000000000000e+02
2.0800766666666668e+00 1.9214297949121243e+02 -3.0000000000000000e+02
2.0810733333333333e+00 1.9244197949121238e+02 -3.0000000000000000e+02
2.0820699999999999e+00 1.9274097949121233e+02 -3.0000000000000000e+02
2.0830666666666668e+00 1.9303997949121242e+02 -3.0000000000000000e+02
2.0840633333333334e+00 1.9333897949121237e+02 -3.0000000000000000e+02
2.0850599999999999e+00 1.9363797949121232e+02 -3.0000000000000000e+02
2.0860566666666664e+00 1.9393697949121227e+02 -3.0000000000000000e+02
2.0870533333333334e+00 1.9423597949121236e+02 -3.0000000000000000e+02
2.0880500000000000e+00 1.9453497949121231e+02 -3.0000000000000000e+02
2.0890466666666665e+00 1.9483397949121226e+02 -3.0000000000000000e+02
2.0900433333333335e+00 1.9513297949121235e+02 -3.0000000000000000e+02
2.0910400000000000e+00 1.9543197949121230e+02 -3.0000000000000000e+02
2.0920366666666665e+00 1.9573097949121225e+02 -3.0000000000000000e+02
2.0930333333333331e+00 1.9602997949121220e+02 -3.0000000000000000e+02
2.0940300000000001e+00 1.9632897949121229e+02 -3.0000000000000000e+02
2.0950266666666666e+00 1.9662797949121224e+02 -3.0000000000000000e+02
2.0960233333333331e+00 1.9692697949121219e+02 -3.0000000000000000e+02
2.0970200000000001e+00 1.9722597949121229e+02 -3.0000000000000000e+02
2.0980166666666666e+00 1.9752497949121224e+02 -3.0000000000000000e+02
2.0990133333333332e+00 1.9782397949121219e+02 -3.0000000000000000e+02
2.1000100000000002e+00 1.9812297949121228e+02 -3.0000000000000000e+02
2.1010066666666667e+00 1.9842197949121223e+02 -3.0000000000000000e+02
2.1020033333333332e+00 1.9872097949121218e+02 -3.0000000000000000e+02
2.1029999999999998e+00 1.9901997949121213e+02 -3.0000000000000000e+02
2.1039966666666667e+00 1.9931897949121222e+02 -3.0000000000000000e+02
2.1049933333333333e+00 1.9961797949121217e+02 -3.0000000000000000e+02
2.1059899999999998e+00 1.9991697949121212e+02 -3.0000000000000000e+02
2.1069866666666668e+00 2.0021597949121221e+02 -3.0000000000000000e+02
2.1079833333333333e+00 2.0051497949121216e+02 -3.0000000000000000e+02
2.1089799999999999e+00 2.0081397949121211e+02 -3.0000000000000000e+02
2.1099766666666668e+00 2.0111297949121220e+02 -3.0000000000000000e+02
2.1109733333333334e+00 2.0141197949121215e+02 -3.0000000000000000e+02
2.1119699999999999e+00 2.0171097949121210e+02 -3.0000000000000000e+02
2.1129666666666664e+00 2.0200997949121205e+02 -3.0000000000000000e+02
2.1139633333333334e+00 2.0230897949121214e+02 -3.0000000000000000e+02
2.1149600000000000e+00 2.0260797949121209e+02 -3.0000000000000000e+02
2.1159566666666665e+00 2.0290697949121204e+02 -3.0000000000000000e+02
2.1169533333333335e+00 2.0320597949121213e+02 -3.0000000000000000e+02
2.1179500000000000e+00 2.0350497949121208e+02 -3.0000000000000000e+02
2.1189466666666665e+00 2.0380397949121203e+02 -3.0000000000000000e+02
2.1199433333333335e+00 2.0410297949121212e+02 -3.0000000000000000e+02
2.1209400000000000e+00 2.0440197949121207e+02 -3.0000000000000000e+02
2.1219366666666666e+00 2.0470097949121202e+02 -3.0000000000000000e+02
2.1229333333333331e+00 2.0499997949121197e+02 -3.0000000000000000e+02
2.1239300000000001e+00 2.0529897949121207e+02 -3.0000000000000000e+02
2.1249266666666666e+00 2.0559797949121202e+02 -3.0000000000000000e+02
2.1259233333333332e+00 2.0589697949121197e+02 -3.0000000000000000e+02
2.1269200000000001e+00 2.0619597949121206e+02 -3.0000000000000000e+02
2.1279166666666667e+00 2.0649497949121201e+02 -3.0000000000000000e+02
2.1289133333333332e+00 2.0679397949121196e+02 -3.0000000000000000e+02
2.1299099999999997e+00 2.0709297949121191e+02 -3.0000000000000000e+02
2.1309066666666667e+00 2.0739197949121200e+02 -3.0000000000000000e+02
2.1319033333333333e+00 2.0769097949121195e+02 -3.0000000000000000e+02
2.1328999999999998e+00 2.0798997949121190e+02 -3.0000000000000000e+02
2.1338966666666668e+00 2.0828897949121199e+02 -3.0000000000000000e+02
2.1348933333333333e+00 2.0858797949121194e+02 -3.0000000000000000e+02
2.1358899999999998e+00 2.0888697949121189e+02 -3.0000000000000000e+02
2.1368866666666668e+00 2.0918597949121198e+02 -3.0000000000000000e+02
2.1378833333333334e+00 2.0948497949121193e+02 -3.0000000000000000e+02
2.1388799999999999e+00 2.0978397949121188e+02 -3.0000000000000000e+02
2.1398766666666664e+00 2.1008297949121183e+02 -3.0000000000000000e+02
2.1408733333333334e+00 2.1038197949121192e+02 -3.0000000000000000e+02
2.1418699999999999e+00 2.1068097949121187e+02 -3.0000000000000000e+02
2.1428666666666665e+00 2.1097997949121182e+02 -3.0000000000000000e+02
2.1438633333333335e+00 2.1127897949121191e+02 -3.0000000000000000e+02
2.1448600000000000e+00 2.1157797949121186e+02 -3.0000000000000000e+02
2.1458566666666665e+00 2.1187697949121181e+02 -3.0000000000000000e+02
2.1468533333333335e+00 2.1217597949121190e+02 -3.0000000000000000e+02
2.1478500000000000e+00 2.1247497949121185e+02 -3.0000000000000000e+02
2.1488466666666666e+00 2.1277397949121180e+02 -3.0000000000000000e+02
2.1498433333333331e+00 2.1307297949121175e+02 -3.0000000000000000e+02
2.1508400000000001e+00 2.1337197949121185e+02 -3.0000000000000000e+02
2.1518366666666666e+00 2.1367097949121180e+02 -3.0000000000000000e+02
2.1528333333333332e+00 2.1396997949121175e+02 -3.0000000000000000e+02
2.1538300000000001e+00 2.1426897949121184e+02 -3.0000000000000000e+02
2.1548266666666667e+00 2.1456797949121179e+02 -3.0000000000000000e+02
2.1558233333333332e+00 2.1486697949121174e+02 -3.0000000000000000e+02
2.1568200000000002e+00 2.1516597949121183e+02 -3.0000000000000000e+02
2.1578166666666667e+00 2.1546497949121178e+02 -3.0000000000000000e+02
2.1588133333333333e+00 2.1576397949121173e+02 -3.0000000000000000e+02
2.1598099999999998e+00 2.1606297949121168e+02 -3.0000000000000000e+02
2.1608066666666668e+00 2.1636197949121177e+02 -3.0000000000000000e+02
2.1618033333333333e+00 2.1666097949121172e+02 -3.0000000000000000e+02
2.1627999999999998e+00 2.1695997949121167e+02 -3.0000000000000000e+02
2.1637966666666668e+00 2.1725897949121176e+02 -3.0000000000000000e+02
2.1647933333333333e+00 2.1755797949121171e+02 -3.0000000000000000e+02
2.1657899999999999e+00 2.1785697949121166e+02 -3.0000000000000000e+02
2.1667866666666664e+00 2.1815597949121161e+02 -3.0000000000000000e+02
2.1677833333333334e+00 2.1845497949121170e+02 -3.0000000000000000e+02
2.1687799999999999e+00 2.1875397949121165e+02 -3.0000000000000000e+02
2.1697766666666665e+00 2.1905297949121160e+02 -3.0000000000000000e+02
2.1707733333333334e+00 2.1935197949121169e+02 -3.0000000000000000e+02
2.1717700000000000e+00 2.1965097949121164e+02 -3.0000000000000000e+02
2.1727666666666665e+00 2.1994997949121159e+02 -3.0000000000000000e+02
2.1737633333333335e+00 2.2024897949121168e+02 -3.0000000000000000e+02
2.1747600000000000e+00 2.2054797949121163e+02 -3.0000000000000000e+02
2.1757566666666666e+00 2.2084697949121158e+02 -3.0000000000000000e+02
2.1767533333333331e+00 2.2114597949121153e+02 -3.0000000000000000e+02
2.1777500000000001e+00 2.2144497949121163e+02 -3.0000000000000000e+02
2.1787466666666666e+00 2.2174397949121158e+02 -3.0000000000000000e+02
2.1797433333333331e+00 2.2204297949121153e+02 -3.0000000000000000e+02
2.1807400000000001e+00 2.2234197949121162e+02 -3.0000000000000000e+02
2.1817366666666667e+00 2.2264097949121157e+02 -3.0000000000000000e+02
2.1827333333333332e+00 2.2293997949121152e+02 -3.0000000000000000e+02
2.1837300000000002e+00 2.2323897949121161e+02 -3.0000000000000000e+02
2.1847266666666667e+00 2.2353797949121156e+02 -3.0000000000000000e+02
2.1857233333333332e+00 2.2383697949121151e+02 -3.0000000000000000e+02
2.1867199999999998e+00 2.2413597949121146e+02 -3.0000000000000000e+02
2.1877166666666668e+00 2.2443497949121155e+02 -3.0000000000000000e+02
2.1887133333333333e+00 2.2473397949121150e+02 -3.0000000000000000e+02
2.1897099999999998e+00 2.2503297949121145e+02 -3.0000000000000000e+02
2.1907066666666668e+00 2.2533197949121154e+02 -3.0000000000000000e+02
2.1917033333333333e+00 2.2563097949121149e+02 -3.0000000000000000e+02
2.1926999999999999e+00 2.2592997949121144e+02 -3.0000000000000000e+02
2.1936966666666669e+00 2.2622897949121153e+02 -3.0000000000000000e+02
2.1946933333333334e+00 2.2652797949121148e+02 -3.0000000000000000e+02
2.1956899999999999e+00 2.2682697949121143e+02 -3.0000000000000000e+02
2.1966866666666665e+00 2.2712597949121138e+02 -3.0000000000000000e+02
2.1976833333333334e+00 2.2742497949121147e+02 -3.0000000000000000e+02
2.1986800000000000e+00 2.2772397949121142e+02 -3.0000000000000000e+02
2.1996766666666665e+00 2.2802297949121137e+02 -3.0000000000000000e+02
2.2006733333333335e+00 2.2832197949121147e+02 -3.0000000000000000e+02
2.2016700000000000e+00 2.2862097949121141e+02 -3.0000000000000000e+02
2.2026666666666666e+00 2.2891997949121136e+02 -3.0000000000000000e+02
2.2036633333333331e+00 2.2921897949121131e+02 -3.0000000000000000e+02
2.2046600000000001e+00 2.2951797949121141e+02 -3.0000000000000000e+02
2.2056566666666666e+00 2.2981697949121136e+02 -3.0000000000000000e+02
2.2066533333333331e+00 2.3011597949121131e+02 -3.0000000000000000e+02
2.2076500000000001e+00 2.3041497949121140e+02 -3.0000000000000000e+02
2.2086466666666666e+00 2.3071397949121135e+02 -3.0000000000000000e+02
2.2096433333333332e+00 2.3101297949121130e+02 -3.0000000000000000e+02
2.2106400000000002e+00 2.3131197949121139e+02 -3.0000000000000000e+02
2.2116366666666667e+00 2.3161097949121134e+02 -3.0000000000000000e+02
2.2126333333333332e+00 2.3190997949121129e+02 -3.0000000000000000e+02
2.2136299999999998e+00 2.3220897949121124e+02 -3.0000000000000000e+02
2.2146266666666667e+00 2.3250797949121133e+02 -3.0000000000000000e+02
2.2156233333333333e+00 2.3280697949121128e+02 -3.0000000000000000e+02
2.2166199999999998e+00 2.3310597949121123e+02 -3.0000000000000000e+02
2.2176166666666668e+00 2.3340497949121132e+02 -3.0000000000000000e+02
2.2186133333333333e+00 2.3370397949121127e+02 -3.0000000000000000e+02
2.2196099999999999e+00 2.3400297949121122e+02 -3.0000000000000000e+02
2.2206066666666668e+00 2.3430197949121131e+02 -3.0000000000000000e+02
2.2216033333333334e+00 2.3460097949121126e+02 -3.0000000000000000e+02
2.2225999999999999e+00 2.3489997949121121e+02 -3.0000000000000000e+02
2.2235966666666664e+00 2.3519897949121116e+02 -3.0000000000000000e+02
2.2245933333333334e+00 2.3549797949121125e+02 -3.0000000000000000e+02
2.2255900000000000e+00 2.3579697949121120e+02 -3.0000000000000000e+02
2.2265866666666665e+00 2.3609597949121115e+02 -3.0000000000000000e+02
2.2275833333333335e+00 2.3639497949121125e+02 -3.0000000000000000e+02
2.2285800000000000e+00 2.3669397949121119e+02 -3.0000000000000000e+02
2.2295766666666665e+00 2.3699297949121114e+02 -3.0000000000000000e+02
2.2305733333333335e+00 2.3729197949121124e+02 -3.0000000000000000e+02
2.2315700000000001e+00 2.3759097949121119e+02 -3.0000000000000000e+02
2.2325666666666666e+00 2.3788997949121114e+02 -3.0000000000000000e+02
2.2335633333333331e+00 2.3818897949121109e+02 -3.0000000000000000e+02
2.2345600000000001e+00 2.3848797949121118e+02 -3.0000000000000000e+02
2.2355566666666666e+00 2.3878697949121113e+02 -3.0000000000000000e+02
2.2365533333333332e+00 2.3908597949121108e+02 -3.0000000000000000e+02
2.2375500000000001e+00 2.3938497949121117e+02 -3.0000000000000000e+02
2.2385466666666667e+00 2.3968397949121112e+02 -3.0000000000000000e+02
2.2395433333333332e+00 2.3998297949121107e+02 -3.0000000000000000e+02
2.2405399999999998e+00 2.4028197949121102e+02 -3.0000000000000000e+02
2.2415366666666667e+00 2.4058097949121111e+02 -3.0000000000000000e+02
2.2425333333333333e+00 2.4087997949121106e+02 -3.0000000000000000e+02
2.2435299999999998e+00 2.4117897949121101e+02 -3.0000000000000000e+02
2.2445266666666668e+00 2.4147797949121110e+02 -3.0000000000000000e+02
2.2455233333333333e+00 2.4177697949121105e+02 -3.0000000000000000e+02
2.2465199999999999e+00 2.4207597949121100e+02 -3.0000000000000000e+02
2.2475166666666668e+00 2.4237497949121109e+02 -3.0000000000000000e+02
2.2485133333333334e+00 2.4267397949121104e+02 -3.0000000000000000e+02
2.2495099999999999e+00 2.4297297949121099e+02 -3.0000000000000000e+02
2.2505066666666664e+00 2.4327197949121094e+02 -3.0000000000000000e+02
2.2515033333333334e+00 2.4357097949121103e+02 -3.0000000000000000e+02
2.2524999999999999e+00 2.4386997949121098e+02 -3.0000000000000000e+02
2.2534966666666665e+00 2.4416897949121093e+02 -3.0000000000000000e+02
2.2544933333333335e+00 2.4446797949121103e+02 -3.0000000000000000e+02
2.2554900000000000e+00 2.4476697949121098e+02 -3.0000000000000000e+02
2.2564866666666665e+00 2.4506597949121092e+02 -3.0000000000000000e+02
2.2574833333333335e+00 2.4536497949121102e+02 -3.0000000000000000e+02
2.2584800000000000e+00 2.4566397949121097e+02 -3.0000000000000000e+02
2.2594766666666666e+00 2.4596297949121092e+02 -3.0000000000000000e+02
2.2604733333333331e+00 2.4626197949121087e+02 -3.0000000000000000e+02
2.2614700000000001e+00 2.4656097949121096e+02 -3.0000000000000000e+02
2.2624666666666666e+00 2.4685997949121091e+02 -3.0000000000000000e+02
2.2634633333333332e+00 2.4715897949121086e+02 -3.0000000000000000e+02
2.2644600000000001e+00 2.4745797949121095e+02 -3.0000000000000000e+02
2.2654566666666667e+00 2.4775697949121090e+02 -3.0000000000000000e+02
2.2664533333333332e+00 2.4805597949121085e+02 -3.0000000000000000e+02
2.2674500000000002e+00 2.4835497949121094e+02 -3.0000000000000000e+02
2.2684466666666667e+00 2.4865397949121089e+02 -3.0000000000000000e+02
2.2694433333333333e+00 2.4895297949121084e+02 -3.0000000000000000e+02
2.2704399999999998e+00 2.4925197949121079e+02 -3.0000000000000000e+02
2.2714366666666668e+00 2.4955097949121088e+02 -3.0000000000000000e+02
2.2724333333333333e+00 2.4984997949121083e+02 -3.0000000000000000e+02
2.2734299999999998e+00 2.5014897949121078e+02 -3.0000000000000000e+02
2.2744266666666668e+00 2.5044797949121087e+02 -3.0000000000000000e+02
2.2754233333333334e+00 2.5074697949121082e+02 -3.0000000000000000e+02
2.2764199999999999e+00 2.5104597949121077e+02 -3.0000000000000000e+02
2.2774166666666669e+00 2.5134497949121086e+02 -3.0000000000000000e+02
2.2784133333333334e+00 2.5164397949121081e+02 -3.0000000000000000e+02
2.2794099999999999e+00 2.5194297949121076e+02 -3.0000000000000000e+02
2.2804066666666665e+00 2.5224197949121071e+02 -3.0000000000000000e+02
2.2814033333333334e+00 2.5254097949121081e+02 -3.0000000000000000e+02
2.2824000000000000e+00 2.5283997949121076e+02 -3.0000000000000000e+02
2.2833966666666665e+00 2.5313897949121070e+02 -3.0000000000000000e+02
2.2843933333333335e+00 2.5343797949121080e+02 -3.0000000000000000e+02
2.2853900000000000e+00 2.5373697949121075e+02 -3.0000000000000000e+02
2.2863866666666666e+00 2.5403597949121070e+02 -3.0000000000000000e+02
2.2873833333333331e+00 2.5433497949121065e+02 -3.0000000000000000e+02
2.2883800000000001e+00 2.5463397949121074e+02 -3.0000000000000000e+02
2.2893766666666666e+00 2.5493297949121069e+02 -3.0000000000000000e+02
2.2903733333333332e+00 2.5523197949121064e+02 -3.0000000000000000e+02
2.2913700000000001e+00 2.5553097949121073e+02 -3.0000000000000000e+02
2.2923666666666667e+00 2.5582997949121068e+02 -3.0000000000000000e+02
2.2933633333333332e+00 2.5612897949121066e+02 -3.0000000000000000e+02
2.2943600000000002e+00 2.5642797949121075e+02 -3.0000000000000000e+02
2.2953566666666667e+00 2.5672697949121073e+02 -3.0000000000000000e+02
2.2963533333333332e+00 2.5702597949121071e+02 -3.0000000000000000e+02
2.2973499999999998e+00 2.5732497949121068e+02 -3.0000000000000000e+02
2.2983466666666668e+00 2.5762397949121078e+02 -3.0000000000000000e+02
2.2993433333333333e+00 2.5792297949121075e+02 -3.0000000000000000e+02
2.3003399999999998e+00 2.5822197949121073e+02 -3.0000000000000000e+02
2.3013366666666668e+00 2.5852097949121082e+02 -3.0000000000000000e+02
2.3023333333333333e+00 2.5881997949121080e+02 -3.0000000000000000e+02
2.3033299999999999e+00 2.5911897949121078e+02 -3.0000000000000000e+02
2.3043266666666669e+00 2.5941797949121087e+02 -3.0000000000000000e+02
2.3053233333333334e+00 2.5971697949121085e+02 -3.0000000000000000e+02
2.3063199999999999e+00 2.6001597949121083e+02 -3.0000000000000000e+02
2.3073166666666665e+00 2.6031497949121081e+02 -3.0000000000000000e+02
2.3083133333333334e+00 2.6061397949121090e+02 -3.0000000000000000e+02
2.3093100000000000e+00 2.6091297949121088e+02 -3.0000000000000000e+02
2.3103066666666665e+00 2.6121197949121085e+02 -3.0000000000000000e+02
2.3113033333333335e+00 2.6151097949121095e+02 -3.0000000000000000e+02
2.3123000000000000e+00 2.6180997949121092e+02 -3.0000000000000000e+02
2.3132966666666666e+00 2.6210897949121090e+02 -3.0000000000000000e+02
2.3142933333333335e+00 2.6240797949121099e+02 -3.0000000000000000e+02
2.3152900000000001e+00 2.6270697949121097e+02 -3.0000000000000000e+02
2.3162866666666666e+00 2.6300597949121095e+02 -3.0000000000000000e+02
2.3172833333333331e+00 2.6330497949121093e+02 -3.0000000000000000e+02
2.3182800000000001e+00 2.6360397949121102e+02 -3.0000000000000000e+02
2.3192766666666667e+00 2.6390297949121100e+02 -3.0000000000000000e+02
2.3202733333333332e+00 2.6420197949121098e+02 -3.0000000000000000e+02
2.3212700000000002e+00 2.6450097949121107e+02 -3.0000000000000000e+02
2.3222666666666667e+00 2.6479997949121105e+02 -3.0000000000000000e+02
2.3232633333333332e+00 2.6509897949121103e+02 -3.0000000000000000e+02
2.3242599999999998e+00 2.6539797949121100e+02 -3.0000000000000000e+02
2.3252566666666667e+00 2.6569697949121110e+02 -3.0000000000000000e+02
2.3262533333333333e+00 2.6599597949121107e+02 -3.0000000000000000e+02
2.3272499999999998e+00 2.6629497949121105e+02 -3.0000000000000000e+02
2.3282466666666668e+00 2.6659397949121114e+02 -3.0000000000000000e+02
2.3292433333333333e+00 2.6689297949121112e+02 -3.0000000000000000e+02
2.3302399999999999e+00 2.6719197949121110e+02 -3.0000000000000000e+02
2.3312366666666668e+00 2.6749097949121119e+02 -3.0000000000000000e+02
2.3322333333333334e+00 2.6778997949121117e+02 -3.0000000000000000e+02
2.3332299999999999e+00 2.6808897949121115e+02 -3.0000000000000000e+02
2.3342266666666664e+00 2.6838797949121113e+02 -3.0000000000000000e+02
2.3352233333333334e+00 2.6868697949121122e+02 -3.0000000000000000e+02
2.3362200000000000e+00 2.6898597949121120e+02 -3.0000000000000000e+02
2.3372166666666665e+00 2.6928497949121117e+02 -3.0000000000000000e+02
2.3382133333333335e+00 2.6958397949121127e+02 -3.0000000000000000e+02
2.3392100000000000e+00 2.6988297949121124e+02 -3.0000000000000000e+02
2.3402066666666665e+00 2.7018197949121122e+02 -3.0000000000000000e+02
2.3412033333333335e+00 2.7048097949121131e+02 -3.0000000000000000e+02
2.3422000000000001e+00 2.7077997949121129e+02 -3.0000000000000000e+02
2.3431966666666666e+00 2.7107897949121127e+02 -3.0000000000000000e+02
2.3441933333333331e+00 2.7137797949121125e+02 -3.0000000000000000e+02
2.3451900000000001e+00 2.7167697949121134e+02 -3.0000000000000000e+02
2.3461866666666666e+00 2.7197597949121132e+02 -3.0000000000000000e+02
2.3471833333333332e+00 2.7227497949121130e+02 -3.0000000000000000e+02
2.3481800000000002e+00 2.7257397949121139e+02 -3.0000000000000000e+02
2.3491766666666667e+00 2.7287297949121137e+02 -3.0000000000000000e+02
2.3501733333333332e+00 2.7317197949121135e+02 -3.0000000000000000e+02
2.3511700000000002e+00 2.7347097949121144e+02 -3.0000000000000000e+02
2.3521666666666667e+00 2.7376997949121142e+02 -3.0000000000000000e+02
2.3531633333333333e+00 2.7406897949121139e+02 -3.0000000000000000e+02
2.3541599999999998e+00 2.7436797949121137e+02 -3.0000000000000000e+02
2.3551566666666668e+00 2.7466697949121146e+02 -3.0000000000000000e+02
2.3561533333333333e+00 2.7496597949121144e+02 -3.0000000000000000e+02
2.3571499999999999e+00 2.7526497949121142e+02 -3.0000000000000000e+02
2.3581466666666668e+00 2.7556397949121151e+02 -3.0000000000000000e+02
2.3591433333333334e+00 2.7586297949121149e+02 -3.0000000000000000e+02
2.3601399999999999e+00 2.7616197949121147e+02 -3.0000000000000000e+02
2.3611366666666664e+00 2.7646097949121145e+02 -3.0000000000000000e+02
2.3621333333333334e+00 2.7675997949121154e+02 -3.0000000000000000e+02
2.3631300000000000e+00 2.7705897949121152e+02 -3.0000000000000000e+02
2.3641266666666665e+00 2.7735797949121149e+02 -3.0000000000000000e+02
2.3651233333333335e+00 2.7765697949121159e+02 -3.0000000000000000e+02
2.3661200000000000e+00 2.7795597949121156e+02 -3.0000000000000000e+02
2.3671166666666665e+00 2.7825497949121154e+02 -3.0000000000000000e+02
2.3681133333333335e+00 2.7855397949121163e+02 -3.0000000000000000e+02
2.3691100000000000e+00 2.7885297949121161e+02 -3.0000000000000000e+02
2.3701066666666666e+00 2.7915197949121159e+02 -3.0000000000000000e+02
2.3711033333333331e+00 2.7945097949121157e+02 -3.0000000000000000e+02
2.3721000000000001e+00 2.7974997949121166e+02 -3.0000000000000000e+02
2.3730966666666666e+00 2.8004897949121164e+02 -3.0000000000000000e+02
2.3740933333333332e+00 2.8034797949121162e+02 -3.0000000000000000e+02
2.3750900000000001e+00 2.8064697949121171e+02 -3.0000000000000000e+02
2.3760866666666667e+00 2.8094597949121169e+02 -3.0000000000000000e+02
2.3770833333333332e+00 2.8124497949121167e+02 -3.0000000000000000e+02
2.3780800000000002e+00 2.8154397949121176e+02 -3.0000000000000000e+02
2.3790766666666667e+00 2.8184297949121174e+02 -3.0000000000000000e+02
2.3800733333333333e+00 2.8214197949121171e+02 -3.0000000000000000e+02
2.3810699999999998e+00 2.8244097949121169e+02 -3.0000000000000000e+02
2.3820666666666668e+00 2.8273997949121178e+02 -3.0000000000000000e+02
2.3830633333333333e+00 2.8303897949121176e+02 -3.0000000000000000e+02
2.3840599999999998e+00 2.8333797949121174e+02 -3.0000000000000000e+02
2.3850566666666668e+00 2.8363697949121183e+02 -3.0000000000000000e+02
2.3860533333333334e+00 2.8393597949121181e+02 -3.0000000000000000e+02
2.3870499999999999e+00 2.8423497949121179e+02 -3.0000000000000000e+02
2.3880466666666669e+00 2.8453397949121188e+02 -3.0000000000000000e+02
2.3890433333333334e+00 2.8483297949121186e+02 -3.0000000000000000e+02
2.3900399999999999e+00 2.8513197949121184e+02 -3.0000000000000000e+02
2.3910366666666665e+00 2.8543097949121182e+02 -3.0000000000000000e+02
2.3920333333333335e+00 2.8572997949121191e+02 -3.0000000000000000e+02
2.3930300000000000e+00 2.8602897949121189e+02 -3.0000000000000000e+02
2.3940266666666665e+00 2.8632797949121186e+02 -3.0000000000000000e+02
2.3950233333333335e+00 2.8662697949121196e+02 -3.0000000000000000e+02
2.3960200000000000e+00 2.8692597949121193e+02 -3.0000000000000000e+02
2.3970166666666666e+00 2.8722497949121191e+02 -3.0000000000000000e+02
2.3980133333333331e+00 2.8752397949121189e+02 -3.0000000000000000e+02
2.3990100000000001e+00 2.8782297949121198e+02 -3.0000000000000000e+02
2.4000066666666666e+00 2.8812197949121196e+02 -3.0000000000000000e+02
2.4010033333333332e+00 2.8842097949121194e+02 -3.0000000000000000e+02
2.4020000000000001e+00 2.8871997949121203e+02 -3.0000000000000000e+02
2.4029966666666667e+00 2.8901897949121201e+02 -3.0000000000000000e+02
2.4039933333333332e+00 2.8931797949121199e+02 -3.0000000000000000e+02
2.4049900000000002e+00 2.8961697949121208e+02 -3.0000000000000000e+02
2.4059866666666667e+00 2.8991597949121206e+02 -3.0000000000000000e+02
2.4069833333333333e+00 2.9021497949121203e+02 -3.0000000000000000e+02
2.4079799999999998e+00 2.9051397949121201e+02 -3.0000000000000000e+02
2.4089766666666668e+00 2.9081297949121210e+02 -3.0000000000000000e+02
2.4099733333333333e+00 2.9111197949121208e+02 -3.0000000000000000e+02
2.4109699999999998e+00 2.9141097949121206e+02 -3.0000000000000000e+02
2.4119666666666668e+00 2.9170997949121215e+02 -3.0000000000000000e+02
2.4129633333333333e+00 2.9200897949121213e+02 -3.0000000000000000e+02
2.4139599999999999e+00 2.9230797949121211e+02 -3.0000000000000000e+02
2.4149566666666669e+00 2.9260697949121220e+02 -3.0000000000000000e+02
2.4159533333333334e+00 2.9290597949121218e+02 -3.0000000000000000e+02
2.4169499999999999e+00 2.9320497949121216e+02 -3.0000000000000000e+02
2.4179466666666665e+00 2.9350397949121214e+02 -3.0000000000000000e+02
2.4189433333333334e+00 2.9380297949121223e+02 -3.0000000000000000e+02
2.4199400000000000e+00 2.9410197949121221e+02 -3.0000000000000000e+02
2.4209366666666665e+00 2.9440097949121218e+02 -3.0000000000000000e+02
2.4219333333333335e+00 2.9469997949121228e+02 -3.0000000000000000e+02
2.4229300000000000e+00 2.9499897949121225e+02 -3.0000000000000000e+02
2.4239266666666666e+00 2.9529797949121223e+02 -3.0000000000000000e+02
2.4249233333333335e+00 2.9559697949121232e+02 -3.0000000000000000e+02
2.4259200000000001e+00 2.9589597949121230e+02 -3.0000000000000000e+02
2.4269166666666666e+00 2.9619497949121228e+02 -3.0000000000000000e+02
2.4279133333333331e+00 2.9649397949121226e+02 -3.0000000000000000e+02
2.4289100000000001e+00 2.9679297949121235e+02 -3.0000000000000000e+02
2.4299066666666667e+00 2.9709197949121233e+02 -3.0000000000000000e+02
2.4309033333333332e+00 2.9739097949121231e+02 -3.0000000000000000e+02
2.4319000000000002e+00 2.9768997949121240e+02 -3.0000000000000000e+02
2.4328966666666667e+00 2.9798897949121238e+02 -3.0000000000000000e+02
2.4338933333333332e+00 2.9828797949121235e+02 -3.0000000000000000e+02
2.4348899999999998e+00 2.9858697949121233e+02 -3.0000000000000000e+02
2.4358866666666668e+00 2.9888597949121242e+02 -3.0000000000000000e+02
2.4368833333333333e+00 2.9918497949121240e+02 -3.0000000000000000e+02
2.4378799999999998e+00 2.9948397949121238e+02 -3.0000000000000000e+02
2.4388766666666668e+00 2.9978297949121247e+02 -3.0000000000000000e+02
2.4398733333333333e+00 3.0008197949121245e+02 -3.0000000000000000e+02
2.4408699999999999e+00 3.0038097949121243e+02 -3.0000000000000000e+02
2.4418666666666669e+00 3.0067997949121252e+02 -3.0000000000000000e+02
2.4428633333333334e+00 3.0097897949121250e+02 -3.0000000000000000e+02
2.4438599999999999e+00 3.0127797949121248e+02 -3.0000000000000000e+02
2.4448566666666665e+00 3.0157697949121246e+02 -3.0000000000000000e+02
2.4458533333333334e+00 3.0187597949121255e+02 -3.0000000000000000e+02
2.4468500000000000e+00 3.0217497949121253e+02 -3.0000000000000000e+02
2.4478466666666665e+00 3.0247397949121250e+02 -3.0000000000000000e+02
2.4488433333333335e+00 3.0277297949121260e+02 -3.0000000000000000e+02
2.4498400000000000e+00 3.0307197949121257e+02 -3.0000000000000000e+02
2.4508366666666666e+00 3.0337097949121255e+02 -3.0000000000000000e+02
2.4518333333333335e+00 3.0366997949121264e+02 -3.0000000000000000e+02
2.4528300000000001e+00 3.0396897949121262e+02 -3.0000000000000000e+02
2.4538266666666666e+00 3.0426797949121260e+02 -3.0000000000000000e+02
2.4548233333333331e+00 3.0456697949121258e+02 -3.0000000000000000e+02
2.4558200000000001e+00 3.0486597949121267e+02 -3.0000000000000000e+02
2.4568166666666666e+00 3.0516497949121265e+02 -3.0000000000000000e+02
2.4578133333333332e+00 3.0546397949121263e+02 -3.0000000000000000e+02
2.4588100000000002e+00 3.0576297949121272e+02 -3.0000000000000000e+02
2.4598066666666667e+00 3.0606197949121270e+02 -3.0000000000000000e+02
2.4608033333333332e+00 3.0636097949121267e+02 -3.0000000000000000e+02
2.4618000000000002e+00 3.0665997949121277e+02 -3.0000000000000000e+02
2.4627966666666667e+00 3.0695897949121274e+02 -3.0000000000000000e+02
2.4637933333333333e+00 3.0725797949121272e+02 -3.0000000000000000e+02
2.4647899999999998e+00 3.0755697949121270e+02 -3.0000000000000000e+02
2.4657866666666668e+00 3.0785597949121279e+02 -3.0000000000000000e+02
2.4667833333333333e+00 3.0815497949121277e+02 -3.0000000000000000e+02
2.4677799999999999e+00 3.0845397949121275e+02 -3.0000000000000000e+02
2.4687766666666668e+00 3.0875297949121284e+02 -3.0000000000000000e+02
2.4697733333333334e+00 3.0905197949121282e+02 -3.0000000000000000e+02
2.4707699999999999e+00 3.0935097949121280e+02 -3.0000000000000000e+02
2.4717666666666664e+00 3.0964997949121278e+02 -3.0000000000000000e+02
2.4727633333333334e+00 3.0994897949121287e+02 -3.0000000000000000e+02
2.4737600000000000e+00 3.1024797949121285e+02 -3.0000000000000000e+02
2.4747566666666665e+00 3.1054697949121282e+02 -3.0000000000000000e+02
2.4757533333333335e+00 3.1084597949121292e+02 -3.0000000000000000e+02
2.4767500000000000e+00 3.1114497949121289e+02 -3.0000000000000000e+02
2.4777466666666665e+00 3.1144397949121287e+02 -3.0000000000000000e+02
2.4787433333333335e+00 3.1174297949121296e+02 -3.0000000000000000e+02
2.4797400000000001e+00 3.1204197949121294e+02 -3.0000000000000000e+02
2.4807366666666666e+00 3.1234097949121292e+02 -3.0000000000000000e+02
2.4817333333333331e+00 3.1263997949121290e+02 -3.0000000000000000e+02
2.4827300000000001e+00 3.1293897949121299e+02 -3.0000000000000000e+02
2.4837266666666666e+00 3.1323797949121297e+02 -3.0000000000000000e+02
2.4847233333333332e+00 3.1353697949121295e+02 -3.0000000000000000e+02
2.4857200000000002e+00 3.1383597949121304e+02 -3.0000000000000000e+02
2.4867166666666667e+00 3.1413497949121302e+02 -3.0000000000000000e+02
2.4877133333333332e+00 3.1443397949121299e+02 -3.0000000000000000e+02
2.4887100000000002e+00 3.1473297949121309e+02 -3.0000000000000000e+02
2.4897066666666667e+00 3.1503197949121306e+02 -3.0000000000000000e+02
2.4907033333333333e+00 3.1533097949121304e+02 -3.0000000000000000e+02
2.4916999999999998e+00 3.1562997949121302e+02 -3.0000000000000000e+02
2.4926966666666668e+00 3.1592897949121311e+02 -3.0000000000000000e+02
2.4936933333333333e+00 3.1622797949121309e+02 -3.0000000000000000e+02
2.4946899999999999e+00 3.1652697949121307e+02 -3.0000000000000000e+02
2.4956866666666668e+00 3.1682597949121316e+02 -3.0000000000000000e+02
2.4966833333333334e+00 3.1712497949121314e+02 -3.0000000000000000e+02
2.4976799999999999e+00 3.1742397949121312e+02 -3.0000000000000000e+02
2.4986766666666669e+00 3.1772297949121321e+02 -3.0000000000000000e+02
2.4996733333333334e+00 3.1802197949121319e+02 -3.0000000000000000e+02
2.5006699999999999e+00 3.1832097949121317e+02 -3.0000000000000000e+02
2.5016666666666665e+00 3.1861997949121314e+02 -3.0000000000000000e+02
2.5026633333333335e+00 3.1891897949121324e+02 -3.0000000000000000e+02
2.5036600000000000e+00 3.1921797949121321e+02 -3.0000000000000000e+02
2.5046566666666665e+00 3.1951697949121319e+02 -3.0000000000000000e+02
2.5056533333333335e+00 3.1981597949121328e+02 -3.0000000000000000e+02
2.5066500000000000e+00 3.2011497949121326e+02 -3.0000000000000000e+02
2.5076466666666666e+00 3.2041397949121324e+02 -3.0000000000000000e+02
2.5086433333333331e+00 3.2071297949121322e+02 -3.0000000000000000e+02
2.5096400000000001e+00 3.2101197949121331e+02 -3.0000000000000000e+02
2.5106366666666666e+00 3.2131097949121329e+02 -3.0000000000000000e+02
2.5116333333333332e+00 3.2160997949121327e+02 -3.0000000000000000e+02
2.5126300000000001e+00 3.2190897949121336e+02 -3.0000000000000000e+02
2.5136266666666667e+00 3.2220797949121334e+02 -3.0000000000000000e+02
2.5146233333333332e+00 3.2250697949121331e+02 -3.0000000000000000e+02
2.5156200000000002e+00 3.2280597949121341e+02 -3.0000000000000000e+02
2.5166166666666667e+00 3.2310497949121338e+02 -3.0000000000000000e+02
2.5176133333333333e+00 3.2340397949121336e+02 -3.0000000000000000e+02
2.5186099999999998e+00 3.2370297949121334e+02 -3.0000000000000000e+02
2.5196066666666668e+00 3.2400197949121343e+02 -3.0000000000000000e+02
2.5206033333333333e+00 3.2430097949121341e+02 -3.0000000000000000e+02
2.5215999999999998e+00 3.2459997949121339e+02 -3.0000000000000000e+02
2.5225966666666668e+00 3.2489897949121348e+02 -3.0000000000000000e+02
2.5235933333333334e+00 3.2519797949121346e+02 -3.0000000000000000e+02
2.5245899999999999e+00 3.2549697949121344e+02 -3.0000000000000000e+02
2.5255866666666669e+00 3.2579597949121353e+02 -3.0000000000000000e+02
2.5265833333333334e+00 3.2609497949121351e+02 -3.0000000000000000e+02
2.5275799999999999e+00 3.2639397949121349e+02 -3.0000000000000000e+02
2.5285766666666665e+00 3.2669297949121346e+02 -3.0000000000000000e+02
2.5295733333333335e+00 3.2699197949121356e+02 -3.0000000000000000e+02
2.5305700000000000e+00 3.2729097949121353e+02 -3.0000000000000000e+02
2.5315666666666665e+00 3.2758997949121351e+02 -3.0000000000000000e+02
2.5325633333333335e+00 3.2788897949121360e+02 -3.0000000000000000e+02
2.5335600000000000e+00 3.2818797949121358e+02 -3.0000000000000000e+02
2.5345566666666666e+00 3.2848697949121356e+02 -3.0000000000000000e+02
2.5355533333333335e+00 3.2878597949121365e+02 -3.0000000000000000e+02
2.5365500000000001e+00 3.2908497949121363e+02 -3.0000000000000000e+02
2.5375466666666666e+00 3.2938397949121361e+02 -3.0000000000000000e+02
2.5385433333333332e+00 3.2968297949121359e+02 -3.0000000000000000e+02
2.5395400000000001e+00 3.2998197949121368e+02 -3.0000000000000000e+02
2.5405366666666667e+00 3.3028097949121366e+02 -3.0000000000000000e+02
2.5415333333333332e+00 3.3057997949121363e+02 -3.0000000000000000e+02
2.5425300000000002e+00 3.3087897949121373e+02 -3.0000000000000000e+02
2.5435266666666667e+00 3.3117797949121370e+02 -3.0000000000000000e+02
2.5445233333333332e+00 3.3147697949121368e+02 -3.0000000000000000e+02
2.5455199999999998e+00 3.3177597949121366e+02 -3.0000000000000000e+02
2.5465166666666668e+00 3.3207497949121375e+02 -3.0000000000000000e+02
2.5475133333333333e+00 3.3237397949121373e+02 -3.0000000000000000e+02
2.5485099999999998e+00 3.3267297949121371e+02 -3.0000000000000000e+02
2.5495066666666668e+00 3.3297197949121380e+02 -3.0000000000000000e+02
2.5505033333333333e+00 3.3327097949121378e+02 -3.0000000000000000e+02
2.5514999999999999e+00 3.3356997949121376e+02 -3.0000000000000000e+02
2.5524966666666669e+00 3.3386897949121385e+02 -3.0000000000000000e+02
2.5534933333333334e+00 3.3416797949121383e+02 -3.0000000000000000e+02
2.5544899999999999e+00 3.3446697949121381e+02 -3.0000000000000000e+02
2.5554866666666665e+00 3.3476597949121378e+02 -3.0000000000000000e+02
2.5564833333333334e+00 3.3506497949121388e+02 -3.0000000000000000e+02
2.5574800000000000e+00 3.3536397949121385e+02 -3.0000000000000000e+02
2.5584766666666665e+00 3.3566297949121383e+02 -3.0000000000000000e+02
2.5594733333333335e+00 3.3596197949121392e+02 -3.0000000000000000e+02
2.5604700000000000e+00 3.3626097949121390e+02 -3.0000000000000000e+02
2.5614666666666666e+00 3.3655997949121388e+02 -3.0000000000000000e+02
2.5624633333333335e+00 3.3685897949121397e+02 -3.0000000000000000e+02
2.5634600000000001e+00 3.3715797949121395e+02 -3.0000000000000000e+02
2.5644566666666666e+00 3.3745697949121393e+02 -3.0000000000000000e+02
2.5654533333333331e+00 3.3775597949121391e+02 -3.0000000000000000e+02
2.5664500000000001e+00 3.3805497949121400e+02 -3.0000000000000000e+02
2.5674466666666667e+00 3.3835397949121398e+02 -3.0000000000000000e+02
2.5684433333333332e+00 3.3865297949121396e+02 -3.0000000000000000e+02
2.5694400000000002e+00 3.3895197949121405e+02 -3.0000000000000000e+02
2.5704366666666667e+00 3.3925097949121403e+02 -3.0000000000000000e+02
2.5714333333333332e+00 3.3954997949121400e+02 -3.0000000000000000e+02
2.5724300000000002e+00 3.3984897949121410e+02 -3.0000000000000000e+02
2.5734266666666668e+00 3.4014797949121407e+02 -3.0000000000000000e+02
2.5744233333333333e+00 3.4044697949121405e+02 -3.0000000000000000e+02
2.5754199999999998e+00 3.4074597949121403e+02 -3.0000000000000000e+02
2.5764166666666668e+00 3.4104497949121412e+02 -3.0000000000000000e+02
2.5774133333333333e+00 3.4134397949121410e+02 -3.0000000000000000e+02
2.5784099999999999e+00 3.4164297949121408e+02 -3.0000000000000000e+02
2.5794066666666668e+00 3.4194197949121417e+02 -3.0000000000000000e+02
2.5804033333333334e+00 3.4224097949121415e+02 -3.0000000000000000e+02
2.5813999999999999e+00 3.4253997949121413e+02 -3.0000000000000000e+02
2.5823966666666665e+00 3.4283897949121410e+02 -3.0000000000000000e+02
2.5833933333333334e+00 3.4313797949121420e+02 -3.0000000000000000e+02
2.5843900000000000e+00 3.4343697949121417e+02 -3.0000000000000000e+02
2.5853866666666665e+00 3.4373597949121415e+02 -3.0000000000000000e+02
2.5863833333333335e+00 3.4403497949121424e+02 -3.0000000000000000e+02
2.5873800000000000e+00 3.4433397949121422e+02 -3.0000000000000000e+02
2.5883766666666665e+00 3.4463297949121420e+02 -3.0000000000000000e+02
2.5893733333333335e+00 3.4493197949121429e+02 -3.0000000000000000e+02
2.5903700000000001e+00 3.4523097949121427e+02 -3.0000000000000000e+02
2.5913666666666666e+00 3.4552997949121425e+02 -3.0000000000000000e+02
2.5923633333333331e+00 3.4582897949121423e+02 -3.0000000000000000e+02
2.5933600000000001e+00 3.4612797949121432e+02 -3.0000000000000000e+02
2.5943566666666666e+00 3.4642697949121430e+02 -3.0000000000000000e+02
2.5953533333333332e+00 3.4672597949121428e+02 -3.0000000000000000e+02
2.5963500000000002e+00 3.4702497949121437e+02 -3.0000000000000000e+02
2.5973466666666667e+00 3.4732397949121435e+02 -3.0000000000000000e+02
2.5983433333333332e+00 3.4762297949121432e+02 -3.0000000000000000e+02
2.5993400000000002e+00 3.4792197949121442e+02 -3.0000000000000000e+02
2.6003366666666667e+00 3.4822097949121439e+02 -3.0000000000000000e+02
2.6013333333333333e+00 3.4851997949121437e+02 -3.0000000000000000e+02
2.6023299999999998e+00 3.4881897949121435e+02 -3.0000000000000000e+02
2.6033266666666668e+00 3.4911797949121444e+02 -3.0000000000000000e+02
2.6043233333333333e+00 3.4941697949121442e+02 -3.0000000000000000e+02
2.6053199999999999e+00 3.4971597949121440e+02 -3.0000000000000000e+02
2.6063166666666668e+00 3.5001497949121449e+02 -3.0000000000000000e+02
2.6073133333333334e+00 3.5031397949121447e+02 -3.0000000000000000e+02
2.6083099999999999e+00 3.5061297949121445e+02 -3.0000000000000000e+02
2.6093066666666669e+00 3.5091197949121454e+02 -3.0000000000000000e+02
2.6103033333333334e+00 3.5121097949121452e+02 -3.0000000000000000e+02
2.6113000000000000e+00 3.5150997949121449e+02 -3.0000000000000000e+02
2.6122966666666665e+00 3.5180897949121447e+02 -3.0000000000000000e+02
2.6132933333333335e+00 3.5210797949121456e+02 -3.0000000000000000e+02
2.6142900000000000e+00 3.5240697949121454e+02 -3.0000000000000000e+02
2.6152866666666665e+00 3.5270597949121452e+02 -3.0000000000000000e+02
2.6162833333333335e+00 3.5300497949121461e+02 -3.0000000000000000e+02
2.6172800000000001e+00 3.5330397949121459e+02 -3.0000000000000000e+02
2.6182766666666666e+00 3.5360297949121457e+02 -3.0000000000000000e+02
2.6192733333333331e+00 3.5390197949121455e+02 -3.0000000000000000e+02
2.6202700000000001e+00 3.5420097949121464e+02 -3.0000000000000000e+02
2.6212666666666666e+00 3.5449997949121462e+02 -3.0000000000000000e+02
2.6222633333333332e+00 3.5479897949121460e+02 -3.0000000000000000e+02
2.6232600000000001e+00 3.5509797949121469e+02 -3.0000000000000000e+02
2.6242566666666667e+00 3.5539697949121467e+02 -3.0000000000000000e+02
2.6252533333333332e+00 3.5569597949121464e+02 -3.0000000000000000e+02
2.6262500000000002e+00 3.5599497949121474e+02 -3.0000000000000000e+02
2.6272466666666667e+00 3.5629397949121471e+02 -3.0000000000000000e+02
2.6282433333333333e+00 3.5659297949121469e+02 -3.0000000000000000e+02
2.6292399999999998e+00 3.5689197949121467e+02 -3.0000000000000000e+02
2.6302366666666668e+00 3.5719097949121476e+02 -3.0000000000000000e+02
2.6312333333333333e+00 3.5748997949121474e+02 -3.0000000000000000e+02
2.6322299999999998e+00 3.5778897949121472e+02 -3.0000000000000000e+02
2.6332266666666668e+00 3.5808797949121481e+02 -3.0000000000000000e+02
2.6342233333333334e+00 3.5838697949121479e+02 -3.0000000000000000e+02
2.6352199999999999e+00 3.5868597949121477e+02 -3.0000000000000000e+02
2.6362166666666669e+00 3.5898497949121486e+02 -3.0000000000000000e+02
2.6372133333333334e+00 3.5928397949121484e+02 -3.0000000000000000e+02
2.6382099999999999e+00 3.5958297949121481e+02 -3.0000000000000000e+02
2.6392066666666665e+00 3.5988197949121479e+02 -3.0000000000000000e+02
2.6402033333333335e+00 3.6018097949121488e+02 -3.0000000000000000e+02
2.6412000000000000e+00 3.6047997949121486e+02 -3.0000000000000000e+02
2.6421966666666665e+00 3.6077897949121484e+02 -3.0000000000000000e+02
2.6431933333333335e+00 3.6107797949121493e+02 -3.0000000000000000e+02
2.6441900000000000e+00 3.6137697949121491e+02 -3.0000000000000000e+02
2.6451866666666666e+00 3.6167597949121489e+02 -3.0000000000000000e+02
2.6461833333333336e+00 3.6197497949121498e+02 -3.0000000000000000e+02
2.6471800000000001e+00 3.6227397949121496e+02 -3.0000000000000000e+02
2.6481766666666666e+00 3.6257297949121494e+02 -3.0000000000000000e+02
2.6491733333333332e+00 3.6287197949121492e+02 -3.0000000000000000e+02
2.6501700000000001e+00 3.6317097949121501e+02 -3.0000000000000000e+02
2.6511666666666667e+00 3.6346997949121499e+02 -3.0000000000000000e+02
2.6521633333333332e+00 3.6376897949121496e+02 -3.0000000000000000e+02
2.6531600000000002e+00 3.6406797949121506e+02 -3.0000000000000000e+02
2.6541566666666667e+00 3.6436697949121503e+02 -3.0000000000000000e+02
2.6551533333333333e+00 3.6466597949121501e+02 -3.0000000000000000e+02
2.6561499999999998e+00 3.6496497949121499e+02 -3.0000000000000000e+02
2.6571466666666668e+00 3.6526397949121508e+02 -3.0000000000000000e+02
2.6581433333333333e+00 3.6556297949121506e+02 -3.0000000000000000e+02
2.6591399999999998e+00 3.6586197949121504e+02 -3.0000000000000000e+02
2.6601366666666668e+00 3.6616097949121513e+02 -3.0000000000000000e+02
2.6611333333333334e+00 3.6645997949121511e+02 -3.0000000000000000e+02
2.6621299999999999e+00 3.6675897949121509e+02 -3.0000000000000000e+02
2.6631266666666669e+00 3.6705797949121518e+02 -3.0000000000000000e+02
2.6641233333333334e+00 3.6735697949121516e+02 -3.0000000000000000e+02
2.6651199999999999e+00 3.6765597949121513e+02 -3.0000000000000000e+02
2.6661166666666665e+00 3.6795497949121511e+02 -3.0000000000000000e+02
2.6671133333333334e+00 3.6825397949121520e+02 -3.0000000000000000e+02
2.6681100000000000e+00 3.6855297949121518e+02 -3.0000000000000000e+02
2.6691066666666665e+00 3.6885197949121516e+02 -3.0000000000000000e+02
2.6701033333333335e+00 3.6915097949121525e+02 -3.0000000000000000e+02
2.6711000000000000e+00 3.6944997949121523e+02 -3.0000000000000000e+02
2.6720966666666666e+00 3.6974897949121521e+02 -3.0000000000000000e+02
2.6730933333333335e+00 3.7004797949121530e+02 -3.0000000000000000e+02
2.6740900000000001e+00 3.7034697949121528e+02 -3.0000000000000000e+02
2.6750866666666666e+00 3.7064597949121526e+02 -3.0000000000000000e+02
2.6760833333333331e+00 3.7094497949121524e+02 -3.0000000000000000e+02
2.6770800000000001e+00 3.7124397949121533e+02 -3.0000000000000000e+02
2.6780766666666667e+00 3.7154297949121531e+02 -3.0000000000000000e+02
2.6790733333333332e+00 3.7184197949121528e+02 -3.0000000000000000e+02
2.6800700000000002e+00 3.7214097949121538e+02 -3.0000000000000000e+02
2.6810666666666667e+00 3.7243997949121535e+02 -3.0000000000000000e+02
2.6820633333333332e+00 3.7273897949121533e+02 -3.0000000000000000e+02
2.6830600000000002e+00 3.7303797949121542e+02 -3.0000000000000000e+02
2.6840566666666668e+00 3.7333697949121540e+02 -3.0000000000000000e+02
2.6850533333333333e+00 3.7363597949121538e+02 -3.0000000000000000e+02
2.6860499999999998e+00 3.7393497949121536e+02 -3.0000000000000000e+02
2.6870466666666668e+00 3.7423397949121545e+02 -3.0000000000000000e+02
2.6880433333333333e+00 3.7453297949121543e+02 -3.0000000000000000e+02
2.6890399999999999e+00 3.7483197949121541e+02 -3.0000000000000000e+02
2.6900366666666669e+00 3.7513097949121550e+02 -3.0000000000000000e+02
2.6910333333333334e+00 3.7542997949121548e+02 -3.0000000000000000e+02
2.6920299999999999e+00 3.7572897949121545e+02 -3.0000000000000000e+02
2.6930266666666669e+00 3.7602797949121555e+02 -3.0000000000000000e+02
2.6940233333333334e+00 3.7632697949121552e+02 -3.0000000000000000e+02
2.6950200000000000e+00 3.7662597949121550e+02 -3.0000000000000000e+02
2.6960166666666665e+00 3.7692497949121548e+02 -3.0000000000000000e+02
2.6970133333333335e+00 3.7722397949121557e+02 -3.0000000000000000e+02
2.6980100000000000e+00 3.7752297949121555e+02 -3.0000000000000000e+02
2.6990066666666666e+00 3.7782197949121553e+02 -3.0000000000000000e+02
2.7000033333333335e+00 3.7812097949121562e+02 -3.0000000000000000e+02
2.7010000000000001e+00 3.7841997949121560e+02 -3.0000000000000000e+02
2.7019966666666666e+00 3.7871897949121558e+02 -3.0000000000000000e+02
2.7029933333333331e+00 3.7901797949121556e+02 -3.0000000000000000e+02
2.7039900000000001e+00 3.7931697949121565e+02 -3.0000000000000000e+02
2.7049866666666667e+00 3.7961597949121563e+02 -3.0000000000000000e+02
2.7059833333333332e+00 3.7991497949121560e+02 -3.0000000000000000e+02
2.7069800000000002e+00 3.8021397949121570e+02 -3.0000000000000000e+02
2.7079766666666667e+00 3.8051297949121567e+02 -3.0000000000000000e+02
2.7089733333333332e+00 3.8081197949121565e+02 -3.0000000000000000e+02
2.7099700000000002e+00 3.8111097949121574e+02 -3.0000000000000000e+02
2.7109666666666667e+00 3.8140997949121572e+02 -3.0000000000000000e+02
2.7119633333333333e+00 3.8170897949121570e+02 -3.0000000000000000e+02
2.7129599999999998e+00 3.8200797949121568e+02 -3.0000000000000000e+02
2.7139566666666668e+00 3.8230697949121577e+02 -3.0000000000000000e+02
2.7149533333333333e+00 3.8260597949121575e+02 -3.0000000000000000e+02
2.7159499999999999e+00 3.8290497949121573e+02 -3.0000000000000000e+02
2.7169466666666668e+00 3.8320397949121582e+02 -3.0000000000000000e+02
2.7179433333333334e+00 3.8350297949121580e+02 -3.0000000000000000e+02
2.7189399999999999e+00 3.8380197949121577e+02 -3.0000000000000000e+02
2.7199366666666669e+00 3.8410097949121587e+02 -3.0000000000000000e+02
2.7209333333333334e+00 3.8439997949121584e+02 -3.0000000000000000e+02
2.7219300000000000e+00 3.8469897949121582e+02 -3.0000000000000000e+02
2.7229266666666665e+00 3.8499797949121580e+02 -3.0000000000000000e+02
2.7239233333333335e+00 3.8529697949121589e+02 -3.0000000000000000e+02
2.7249200000000000e+00 3.8559597949121587e+02 -3.0000000000000000e+02
2.7259166666666665e+00 3.8589497949121585e+02 -3.0000000000000000e+02
2.7269133333333335e+00 3.8619397949121594e+02 -3.0000000000000000e+02
2.7279100000000001e+00 3.8649297949121592e+02 -3.0000000000000000e+02
2.7289066666666666e+00 3.8679197949121590e+02 -3.0000000000000000e+02
2.7299033333333336e+00 3.8709097949121599e+02 -3.0000000000000000e+02
2.7309000000000001e+00 3.8738997949121597e+02 -3.0000000000000000e+02
2.7318966666666666e+00 3.8768897949121595e+02 -3.0000000000000000e+02
2.7328933333333332e+00 3.8798797949121592e+02 -3.0000000000000000e+02
2.7338900000000002e+00 3.8828697949121602e+02 -3.0000000000000000e+02
2.7348866666666667e+00 3.8858597949121599e+02 -3.0000000000000000e+02
2.7358833333333332e+00 3.8888497949121597e+02 -3.0000000000000000e+02
2.7368800000000002e+00 3.8918397949121606e+02 -3.0000000000000000e+02
2.7378766666666667e+00 3.8948297949121604e+02 -3.0000000000000000e+02
2.7388733333333333e+00 3.8978197949121602e+02 -3.0000000000000000e+02
2.7398699999999998e+00 3.9008097949121600e+02 -3.0000000000000000e+02
2.7408666666666668e+00 3.9037997949121609e+02 -3.0000000000000000e+02
2.7418633333333333e+00 3.9067897949121607e+02 -3.0000000000000000e+02
2.7428599999999999e+00 3.9097797949121605e+02 -3.0000000000000000e+02
2.7438566666666668e+00 3.9127697949121614e+02 -3.0000000000000000e+02
2.7448533333333334e+00 3.9157597949121612e+02 -3.0000000000000000e+02
2.7458499999999999e+00 3.9187497949121610e+02 -3.0000000000000000e+02
2.7468466666666669e+00 3.9217397949121619e+02 -3.0000000000000000e+02
2.7478433333333334e+00 3.9247297949121617e+02 -3.0000000000000000e+02
2.7488400000000000e+00 3.9277197949121614e+02 -3.0000000000000000e+02
2.7498366666666665e+00 3.9307097949121612e+02 -3.0000000000000000e+02
2.7508333333333335e+00 3.9336997949121621e+02 -3.0000000000000000e+02
2.7518300000000000e+00 3.9366897949121619e+02 -3.0000000000000000e+02
2.7528266666666665e+00 3.9396797949121617e+02 -3.0000000000000000e+02
2.7538233333333335e+00 3.9426697949121626e+02 -3.0000000000000000e+02
2.7548200000000000e+00 3.9456597949121624e+02 -3.0000000000000000e+02
2.7558166666666666e+00 3.9486497949121622e+02 -3.0000000000000000e+02
2.7568133333333336e+00 3.9516397949121631e+02 -3.0000000000000000e+02
2.7578100000000001e+00 3.9546297949121629e+02 -3.0000000000000000e+02
2.7588066666666666e+00 3.9576197949121627e+02 -3.0000000000000000e+02
2.7598033333333332e+00 3.9606097949121624e+02 -3.0000000000000000e+02
2.7608000000000001e+00 3.9635997949121634e+02 -3.0000000000000000e+02
2.7617966666666667e+00 3.9665897949121631e+02 -3.0000000000000000e+02
2.7627933333333332e+00 3.9695797949121629e+02 -3.0000000000000000e+02
2.7637900000000002e+00 3.9725697949121638e+02 -3.0000000000000000e+02
2.7647866666666667e+00 3.9755597949121636e+02 -3.0000000000000000e+02
2.7657833333333333e+00 3.9785497949121634e+02 -3.0000000000000000e+02
2.7667800000000002e+00 3.9815397949121643e+02 -3.0000000000000000e+02
2.7677766666666668e+00 3.9845297949121641e+02 -3.0000000000000000e+02
2.7687733333333333e+00 3.9875197949121639e+02 -3.0000000000000000e+02
2.7697699999999998e+00 3.9905097949121637e+02 -3.0000000000000000e+02
2.7707666666666668e+00 3.9934997949121646e+02 -3.0000000000000000e+02
2.7717633333333334e+00 3.9964897949121644e+02 -3.0000000000000000e+02
2.7727599999999999e+00 3.9994797949121642e+02 -3.0000000000000000e+02
2.7737566666666669e+00 4.0024697949121651e+02 -3.0000000000000000e+02
2.7747533333333334e+00 4.0054597949121649e+02 -3.0000000000000000e+02
2.7757499999999999e+00 4.0084497949121646e+02 -3.0000000000000000e+02
2.7767466666666665e+00 4.0114397949121644e+02 -3.0000000000000000e+02
2.7777433333333335e+00 4.0144297949121653e+02 -3.0000000000000000e+02
2.7787400000000000e+00 4.0174197949121651e+02 -3.0000000000000000e+02
2.7797366666666665e+00 4.0204097949121649e+02 -3.0000000000000000e+02
2.7807333333333335e+00 4.0233997949121658e+02 -3.0000000000000000e+02
2.7817300000000000e+00 4.0263897949121656e+02 -3.0000000000000000e+02
2.7827266666666666e+00 4.0293797949121654e+02 -3.0000000000000000e+02
2.7837233333333335e+00 4.0323697949121663e+02 -3.0000000000000000e+02
2.7847200000000001e+00 4.0353597949121661e+02 -3.0000000000000000e+02
2.7857166666666666e+00 4.0383497949121659e+02 -3.0000000000000000e+02
2.7867133333333332e+00 4.0413397949121656e+02 -3.0000000000000000e+02
2.7877100000000001e+00 4.0443297949121666e+02 -3.0000000000000000e+02
2.7887066666666667e+00 4.0473197949121663e+02 -3.0000000000000000e+02
2.7897033333333332e+00 4.0503097949121661e+02 -3.0000000000000000e+02
2.7907000000000002e+00 4.0532997949121670e+02 -3.0000000000000000e+02
2.7916966666666667e+00 4.0562897949121668e+02 -3.0000000000000000e+02
2.7926933333333332e+00 4.0592797949121666e+02 -3.0000000000000000e+02
2.7936900000000002e+00 4.0622697949121675e+02 -3.0000000000000000e+02
2.7946866666666668e+00 4.0652597949121673e+02 -3.0000000000000000e+02
2.7956833333333333e+00 4.0682497949121671e+02 -3.0000000000000000e+02
2.7966799999999998e+00 4.0712397949121669e+02 -3.0000000000000000e+02
2.7976766666666668e+00 4.0742297949121678e+02 -3.0000000000000000e+02
2.7986733333333333e+00 4.0772197949121676e+02 -3.0000000000000000e+02
2.7996699999999999e+00 4.0802097949121674e+02 -3.0000000000000000e+02
2.8006666666666669e+00 4.0831997949121683e+02 -3.0000000000000000e+02
2.8016633333333334e+00 4.0861897949121681e+02 -3.0000000000000000e+02
2.8026599999999999e+00 4.0891797949121678e+02 -3.0000000000000000e+02
2.8036566666666669e+00 4.0921697949121688e+02 -3.0000000000000000e+02
2.8046533333333334e+00 4.0951597949121685e+02 -3.0000000000000000e+02
2.8056500000000000e+00 4.0981497949121683e+02 -3.0000000000000000e+02
2.8066466666666665e+00 4.1011397949121681e+02 -3.0000000000000000e+02
2.8076433333333335e+00 4.1041297949121690e+02 -3.0000000000000000e+02
2.8086400000000000e+00 4.1071197949121688e+02 -3.0000000000000000e+02
2.8096366666666666e+00 4.1101097949121686e+02 -3.0000000000000000e+02
2.8106333333333335e+00 4.1130997949121695e+02 -3.0000000000000000e+02
2.8116300000000001e+00 4.1160897949121693e+02 -3.0000000000000000e+02
2.8126266666666666e+00 4.1190797949121691e+02 -3.0000000000000000e+02
2.8136233333333331e+00 4.1220697949121688e+02 -3.0000000000000000e+02
2.8146200000000001e+00 4.1250597949121698e+02 -3.0000000000000000e+02
2.8156166666666667e+00 4.1280497949121695e+02 -3.0000000000000000e+02
2.8166133333333332e+00 4.1310397949121693e+02 -3.0000000000000000e+02
2.8176100000000002e+00 4.1340297949121702e+02 -3.0000000000000000e+02
2.8186066666666667e+00 4.1370197949121700e+02 -3.0000000000000000e+02
2.8196033333333332e+00 4.1400097949121698e+02 -3.0000000000000000e+02
2.8206000000000002e+00 4.1429997949121707e+02 -3.0000000000000000e+02
2.8215966666666668e+00 4.1459897949121705e+02 -3.0000000000000000e+02
2.8225933333333333e+00 4.1489797949121703e+02 -3.0000000000000000e+02
2.8235899999999998e+00 4.1519697949121701e+02 -3.0000000000000000e+02
2.8245866666666668e+00 4.1549597949121710e+02 -3.0000000000000000e+02
2.8255833333333333e+00 4.1579497949121708e+02 -3.0000000000000000e+02
2.8265799999999999e+00 4.1609397949121706e+02 -3.0000000000000000e+02
2.8275766666666668e+00 4.1639297949121715e+02 -3.0000000000000000e+02
2.8285733333333334e+00 4.1669197949121713e+02 -3.0000000000000000e+02
2.8295699999999999e+00 4.1699097949121710e+02 -3.0000000000000000e+02
2.8305666666666669e+00 4.1728997949121720e+02 -3.0000000000000000e+02
2.8315633333333334e+00 4.1758897949121717e+02 -3.0000000000000000e+02
2.8325600000000000e+00 4.1788797949121715e+02 -3.0000000000000000e+02
2.8335566666666665e+00 4.1818697949121713e+02 -3.0000000000000000e+02
2.8345533333333335e+00 4.1848597949121722e+02 -3.0000000000000000e+02
2.8355500000000000e+00 4.1878497949121720e+02 -3.0000000000000000e+02
2.8365466666666665e+00 4.1908397949121718e+02 -3.0000000000000000e+02
2.8375433333333335e+00 4.1938297949121727e+02 -3.0000000000000000e+02
2.8385400000000001e+00 4.1968197949121725e+02 -3.0000000000000000e+02
2.8395366666666666e+00 4.1998097949121723e+02 -3.0000000000000000e+02
2.8405333333333336e+00 4.2027997949121732e+02 -3.0000000000000000e+02
2.8415300000000001e+00 4.2057897949121730e+02 -3.0000000000000000e+02
2.8425266666666666e+00 4.2087797949121727e+02 -3.0000000000000000e+02
2.8435233333333332e+00 4.2117697949121725e+02 -3.0000000000000000e+02
2.8445200000000002e+00 4.2147597949121734e+02 -3.0000000000000000e+02
2.8455166666666667e+00 4.2177497949121732e+02 -3.0000000000000000e+02
2.8465133333333332e+00 4.2207397949121730e+02 -3.0000000000000000e+02
2.8475100000000002e+00 4.2237297949121739e+02 -3.0000000000000000e+02
2.8485066666666667e+00 4.2267197949121737e+02 -3.0000000000000000e+02
2.8495033333333333e+00 4.2297097949121735e+02 -3.0000000000000000e+02
2.8504999999999998e+00 4.2326997949121733e+02 -3.0000000000000000e+02
2.8514966666666668e+00 4.2356897949121742e+02 -3.0000000000000000e+02
2.8524933333333333e+00 4.2386797949121740e+02 -3.0000000000000000e+02
2.8534899999999999e+00 4.2416697949121738e+02 -3.0000000000000000e+02
2.8544866666666668e+00 4.2446597949121747e+02 -3.0000000000000000e+02
2.8554833333333334e+00 4.2476497949121745e+02 -3.0000000000000000e+02
2.8564799999999999e+00 4.2506397949121742e+02 -3.0000000000000000e+02
2.8574766666666669e+00 4.2536297949121752e+02 -3.0000000000000000e+02
2.8584733333333334e+00 4.2566197949121749e+02 -3.0000000000000000e+02
2.8594700000000000e+00 4.2596097949121747e+02 -3.0000000000000000e+02
2.8604666666666665e+00 4.2625997949121745e+02 -3.0000000000000000e+02
2.8614633333333335e+00 4.2655897949121754e+02 -3.0000000000000000e+02
2.8624600000000000e+00 4.2685797949121752e+02 -3.0000000000000000e+02
2.8634566666666665e+00 4.2715697949121750e+02 -3.0000000000000000e+02
2.8644533333333335e+00 4.2745597949121759e+02 -3.0000000000000000e+02
2.8654500000000001e+00 4.2775497949121757e+02 -3.0000000000000000e+02
2.8664466666666666e+00 4.2805397949121755e+02 -3.0000000000000000e+02
2.8674433333333336e+00 4.2835297949121764e+02 -3.0000000000000000e+02
2.8684400000000001e+00 4.2865197949121762e+02 -3.0000000000000000e+02
2.8694366666666666e+00 4.2895097949121759e+02 -3.0000000000000000e+02
2.8704333333333332e+00 4.2924997949121757e+02 -3.0000000000000000e+02
2.8714300000000001e+00 4.2954897949121766e+02 -3.0000000000000000e+02
2.8724266666666667e+00 4.2984797949121764e+02 -3.0000000000000000e+02
2.8734233333333332e+00 4.3014697949121762e+02 -3.0000000000000000e+02
2.8744200000000002e+00 4.3044597949121771e+02 -3.0000000000000000e+02
2.8754166666666667e+00 4.3074497949121769e+02 -3.0000000000000000e+02
2.8764133333333333e+00 4.3104397949121767e+02 -3.0000000000000000e+02
2.8774100000000002e+00 4.3134297949121776e+02 -3.0000000000000000e+02
2.8784066666666668e+00 4.3164197949121774e+02 -3.0000000000000000e+02
2.8794033333333333e+00 4.3194097949121772e+02 -3.0000000000000000e+02
2.8803999999999998e+00 4.3223997949121770e+02 -3.0000000000000000e+02
2.8813966666666668e+00 4.3253897949121779e+02 -3.0000000000000000e+02
2.8823933333333334e+00 4.3283797949121777e+02 -3.0000000000000000e+02
2.8833899999999999e+00 4.3313697949121774e+02 -3.0000000000000000e+02
2.8843866666666669e+00 4.3343597949121784e+02 -3.0000000000000000e+02
2.8853833333333334e+00 4.3373497949121781e+02 -3.0000000000000000e+02
2.8863799999999999e+00 4.3403397949121779e+02 -3.0000000000000000e+02
2.8873766666666665e+00 4.3433297949121777e+02 -3.0000000000000000e+02
2.8883733333333335e+00 4.3463197949121786e+02 -3.0000000000000000e+02
2.8893700000000000e+00 4.3493097949121784e+02 -3.0000000000000000e+02
2.8903666666666665e+00 4.3522997949121782e+02 -3.0000000000000000e+02
2.8913633333333335e+00 4.3552897949121791e+02 -3.0000000000000000e+02
2.8923600000000000e+00 4.3582797949121789e+02 -3.0000000000000000e+02
2.8933566666666666e+00 4.3612697949121787e+02 -3.0000000000000000e+02
2.8943533333333336e+00 4.3642597949121796e+02 -3.0000000000000000e+02
2.8953500000000001e+00 4.3672497949121794e+02 -3.0000000000000000e+02
2.8963466666666666e+00 4.3702397949121791e+02 -3.0000000000000000e+02
2.8973433333333332e+00 4.3732297949121789e+02 -3.0000000000000000e+02
2.8983400000000001e+00 4.3762197949121799e+02 -3.0000000000000000e+02
2.8993366666666667e+00 4.3792097949121796e+02 -3.0000000000000000e+02
2.9003333333333332e+00 4.3821997949121794e+02 -3.0000000000000000e+02
2.9013300000000002e+00 4.3851897949121803e+02 -3.0000000000000000e+02
2.9023266666666667e+00 4.3881797949121801e+02 -3.0000000000000000e+02
2.9033233333333333e+00 4.3911697949121799e+02 -3.0000000000000000e+02
2.9043200000000002e+00 4.3941597949121808e+02 -3.0000000000000000e+02
2.9053166666666668e+00 4.3971497949121806e+02 -3.0000000000000000e+02
2.9063133333333333e+00 4.4001397949121804e+02 -3.0000000000000000e+02
2.9073099999999998e+00 4.4031297949121802e+02 -3.0000000000000000e+02
2.9083066666666668e+00 4.4061197949121811e+02 -3.0000000000000000e+02
2.9093033333333334e+00 4.4091097949121809e+02 -3.0000000000000000e+02
2.9102999999999999e+00 4.4120997949121806e+02 -3.0000000000000000e+02
2.9112966666666669e+00 4.4150897949121816e+02 -3.0000000000000000e+02
2.9122933333333334e+00 4.4180797949121813e+02 -3.0000000000000000e+02
2.9132899999999999e+00 4.4210697949121811e+02 -3.0000000000000000e+02
2.9142866666666669e+00 4.4240597949121820e+02 -3.0000000000000000e+02
2.9152833333333334e+00 4.4270497949121818e+02 -3.0000000000000000e+02
2.9162800000000000e+00 4.4300397949121816e+02 -3.0000000000000000e+02
2.9172766666666665e+00 4.4330297949121814e+02 -3.0000000000000000e+02
2.9182733333333335e+00 4.4360197949121823e+02 -3.0000000000000000e+02
2.9192700000000000e+00 4.4390097949121821e+02 -3.0000000000000000e+02
2.9202666666666666e+00 4.4419997949121819e+02 -3.0000000000000000e+02
2.9212633333333335e+00 4.4449897949121828e+02 -3.0000000000000000e+02
2.9222600000000001e+00 4.4479797949121826e+02 -3.0000000000000000e+02
2.9232566666666666e+00 4.4509697949121824e+02 -3.0000000000000000e+02
2.9242533333333331e+00 4.4539597949121821e+02 -3.0000000000000000e+02
2.9252500000000001e+00 4.4569497949121831e+02 -3.0000000000000000e+02
2.9262466666666667e+00 4.4599397949121828e+02 -3.0000000000000000e+02
2.9272433333333332e+00 4.4629297949121826e+02 -3.0000000000000000e+02
2.9282400000000002e+00 4.4659197949121835e+02 -3.0000000000000000e+02
2.9292366666666667e+00 4.4689097949121833e+02 -3.0000000000000000e+02
2.9302333333333332e+00 4.4718997949121831e+02 -3.0000000000000000e+02
2.9312300000000002e+00 4.4748897949121840e+02 -3.0000000000000000e+02
2.9322266666666668e+00 4.4778797949121838e+02 -3.0000000000000000e+02
2.9332233333333333e+00 4.4808697949121836e+02 -3.0000000000000000e+02
2.9342199999999998e+00 4.4838597949121834e+02 -3.0000000000000000e+02
2.9352166666666668e+00 4.4868497949121843e+02 -3.0000000000000000e+02
2.9362133333333333e+00 4.4898397949121841e+02 -3.0000000000000000e+02
2.9372099999999999e+00 4.4928297949121838e+02 -3.0000000000000000e+02
2.9382066666666669e+00 4.4958197949121848e+02 -3.0000000000000000e+02
2.9392033333333334e+00 4.4988097949121845e+02 -3.0000000000000000e+02
2.9401999999999999e+00 4.5017997949121843e+02 -3.0000000000000000e+02
2.9411966666666669e+00 4.5047897949121852e+02 -3.0000000000000000e+02
2.9421933333333334e+00 4.5077797949121850e+02 -3.0000000000000000e+02
2.9431900000000000e+00 4.5107697949121848e+02 -3.0000000000000000e+02
2.9441866666666665e+00 4.5137597949121846e+02 -3.0000000000000000e+02
2.9451833333333335e+00 4.5167497949121855e+02 -3.0000000000000000e+02
2.9461800000000000e+00 4.5197397949121853e+02 -3.0000000000000000e+02
2.9471766666666666e+00 4.5227297949121851e+02 -3.0000000000000000e+02
2.9481733333333335e+00 4.5257197949121860e+02 -3.0000000000000000e+02
2.9491700000000001e+00 4.5287097949121858e+02 -3.0000000000000000e+02
2.9501666666666666e+00 4.5316997949121856e+02 -3.0000000000000000e+02
2.9511633333333336e+00 4.5346897949121865e+02 -3.0000000000000000e+02
2.9521600000000001e+00 4.5376797949121863e+02 -3.0000000000000000e+02
2.9531566666666667e+00 4.5406697949121860e+02 -3.0000000000000000e+02
2.9541533333333332e+00 4.5436597949121858e+02 -3.0000000000000000e+02
2.9551500000000002e+00 4.5466497949121867e+02 -3.0000000000000000e+02
2.9561466666666667e+00 4.5496397949121865e+02 -3.0000000000000000e+02
2.9571433333333332e+00 4.5526297949121863e+02 -3.0000000000000000e+02
2.9581400000000002e+00 4.5556197949121872e+02 -3.0000000000000000e+02
2.9591366666666667e+00 4.5586097949121870e+02 -3.0000000000000000e+02
2.9601333333333333e+00 4.5615997949121868e+02 -3.0000000000000000e+02
2.9611299999999998e+00 4.5645897949121866e+02 -3.0000000000000000e+02
2.9621266666666668e+00 4.5675797949121875e+02 -3.0000000000000000e+02
2.9631233333333333e+00 4.5705697949121873e+02 -3.0000000000000000e+02
2.9641199999999999e+00 4.5735597949121870e+02 -3.0000000000000000e+02
2.9651166666666668e+00 4.5765497949121880e+02 -3.0000000000000000e+02
2.9661133333333334e+00 4.5795397949121877e+02 -3.0000000000000000e+02
2.9671099999999999e+00 4.5825297949121875e+02 -3.0000000000000000e+02
2.9681066666666669e+00 4.5855197949121884e+02 -3.0000000000000000e+02
2.9691033333333334e+00 4.5885097949121882e+02 -3.0000000000000000e+02
2.9701000000000000e+00 4.5914997949121880e+02 -3.0000000000000000e+02
2.9710966666666665e+00 4.5944897949121878e+02 -3.0000000000000000e+02
2.9720933333333335e+00 4.5974797949121887e+02 -3.0000000000000000e+02
2.9730900000000000e+00 4.6004697949121885e+02 -3.0000000000000000e+02
2.9740866666666665e+00 4.6034597949121883e+02 -3.0000000000000000e+02
2.9750833333333335e+00 4.6064497949121892e+02 -3.0000000000000000e+02
2.9760800000000001e+00 4.6094397949121890e+02 -3.0000000000000000e+02
2.9770766666666666e+00 4.6124297949121888e+02 -3.0000000000000000e+02
2.9780733333333336e+00 4.6154197949121897e+02 -3.0000000000000000e+02
2.9790700000000001e+00 4.6184097949121895e+02 -3.0000000000000000e+02
2.9800666666666666e+00 4.6213997949121892e+02 -3.0000000000000000e+02
2.9810633333333332e+00 4.6243897949121890e+02 -3.0000000000000000e+02
2.9820600000000002e+00 4.6273797949121899e+02 -3.0000000000000000e+02
2.9830566666666667e+00 4.6303697949121897e+02 -3.0000000000000000e+02
2.9840533333333332e+00 4.6333597949121895e+02 -3.0000000000000000e+02
2.9850500000000002e+00 4.6363497949121904e+02 -3.0000000000000000e+02
2.9860466666666667e+00 4.6393397949121902e+02 -3.0000000000000000e+02
2.9870433333333333e+00 4.6423297949121900e+02 -3.0000000000000000e+02
2.9880400000000003e+00 4.6453197949121909e+02 -3.0000000000000000e+02
2.9890366666666668e+00 4.6483097949121907e+02 -3.0000000000000000e+02
2.9900333333333333e+00 4.6512997949121905e+02 -3.0000000000000000e+02
2.9910299999999999e+00 4.6542897949121902e+02 -3.0000000000000000e+02
2.9920266666666668e+00 4.6572797949121912e+02 -3.0000000000000000e+02
2.9930233333333334e+00 4.6602697949121909e+02 -3.0000000000000000e+02
2.9940199999999999e+00 4.6632597949121907e+02 -3.0000000000000000e+02
2.9950166666666669e+00 4.6662497949121916e+02 -3.0000000000000000e+02
2.9960133333333334e+00 4.6692397949121914e+02 -3.0000000000000000e+02
2.9970100000000000e+00 4.6722297949121912e+02 -3.0000000000000000e+02
2.9980066666666665e+00 4.6752197949121910e+02 -3.0000000000000000e+02
2.9990033333333335e+00 4.6782097949121919e+02 -3.0000000000000000e+02
3.0000000000000000e+00 4.6811997949121917e+02 -3.0000000000000000e+02
