# x energy force
0.0000000000000000e+00 4.6902257772862086e+01 -5.0948468494908713e+02
1.5707963267948967e-03 4.6108129603936490e+01 -5.0163070331511267e+02
3.1415926535897933e-03 4.5326338440512252e+01 -4.9377672168113708e+02
4.7123889803846897e-03 4.4556884282589373e+01 -4.8592274004716256e+02
6.2831853071795866e-03 4.3799767130167858e+01 -4.7806875841318924e+02
7.8539816339744835e-03 4.3054986983247709e+01 -4.7021477677921473e+02
9.4247779607693795e-03 4.2322543841828917e+01 -4.6236079514523914e+02
1.0995574287564277e-02 4.1602437705911484e+01 -4.5450681351126582e+02
1.2566370614359173e-02 4.0894668575495416e+01 -4.4665283187729131e+02
1.4137166941154069e-02 4.0199236450580713e+01 -4.3879885024331571e+02
1.5707963267948967e-02 3.9516141331167361e+01 -4.3094486860934234e+02
1.7278759594743863e-02 3.8845383217255375e+01 -4.2309088697536669e+02
1.8849555921538759e-02 3.8186962108844767e+01 -4.1523690534139223e+02
2.0420352248333655e-02 3.7540878005935497e+01 -4.0738292370741885e+02
2.1991148575128554e-02 3.6907130908527598e+01 -3.9952894207344434e+02
2.3561944901923450e-02 3.6285720816621065e+01 -3.9167496043946875e+02
2.5132741228718346e-02 3.5676647730215890e+01 -3.8382097880549429e+02
2.6703537555513242e-02 3.5079911649312081e+01 -3.7596699717152092e+02
2.8274333882308138e-02 3.4495512573909629e+01 -3.6811301553754532e+02
2.9845130209103038e-02 3.3923450504008535e+01 -3.6025903390357195e+02
3.1415926535897934e-02 3.3363725439608814e+01 -3.5240505226959749e+02
3.2986722862692830e-02 3.2816337380710443e+01 -3.4455107063562184e+02
3.4557519189487726e-02 3.2281286327313445e+01 -3.3669708900164738e+02
3.6128315516282622e-02 3.1758572279417798e+01 -3.2884310736767407e+02
3.7699111843077518e-02 3.1248195237023520e+01 -3.2098912573369955e+02
3.9269908169872414e-02 3.0750155200130600e+01 -3.1313514409972396e+02
4.0840704496667310e-02 3.0264452168739041e+01 -3.0528116246575053e+02
4.2411500823462213e-02 2.9791086142848844e+01 -2.9742718083177601e+02
4.3982297150257109e-02 2.9330057122460012e+01 -2.8957319919780161e+02
4.5553093477052005e-02 2.8881365107572538e+01 -2.8171921756382596e+02
4.7123889803846901e-02 2.8445010098186430e+01 -2.7386523592985151e+02
4.8694686130641797e-02 2.8020992094301683e+01 -2.6601125429587705e+02
5.0265482457436693e-02 2.7609311095918297e+01 -2.5815727266190368e+02
5.1836278784231589e-02 2.7209967103036270e+01 -2.5030329102792922e+02
5.3407075111026485e-02 2.6822960115655608e+01 -2.4244930939395360e+02
5.4977871437821381e-02 2.6448290133776304e+01 -2.3459532775998025e+02
5.6548667764616277e-02 2.6085957157398362e+01 -2.2674134612600577e+02
5.8119464091411173e-02 2.5735961186521784e+01 -2.1888736449203125e+02
5.9690260418206076e-02 2.5398302221146565e+01 -2.1103338285805560e+02
6.1261056745000972e-02 2.5072980261272711e+01 -2.0317940122408115e+02
6.2831853071795868e-02 2.4759995306900223e+01 -1.9532541959010666e+02
6.4402649398590764e-02 2.4459347358029092e+01 -1.8747143795613221e+02
6.5973445725385660e-02 2.4171036414659323e+01 -1.7961745632215886e+02
6.7544242052180556e-02 2.3895062476790915e+01 -1.7176347468818437e+02
6.9115038378975452e-02 2.3631425544423866e+01 -1.6390949305420989e+02
7.0685834705770348e-02 2.3380125617558182e+01 -1.5605551142023540e+02
7.2256631032565244e-02 2.3141162696193856e+01 -1.4820152978626092e+02
7.3827427359360140e-02 2.2914536780330895e+01 -1.4034754815228533e+02
7.5398223686155036e-02 2.2700247869969299e+01 -1.3249356651831084e+02
7.6969020012949932e-02 2.2498295965109062e+01 -1.2463958488433636e+02
7.8539816339744828e-02 2.2308681065750189e+01 -1.1678560325036187e+02
8.0110612666539724e-02 2.2131403171892675e+01 -1.0893162161638853e+02
8.1681408993334620e-02 2.1966462283536519e+01 -1.0107763998241404e+02
8.3252205320129516e-02 2.1813858400681728e+01 -9.3223658348439514e+01
8.4823001646924426e-02 2.1673591523328298e+01 -8.5369676714464973e+01
8.6393797973719322e-02 2.1545661651476227e+01 -7.7515695080490531e+01
8.7964594300514218e-02 2.1430068785125520e+01 -6.9661713446514923e+01
8.9535390627309114e-02 2.1326812924276179e+01 -6.1807731812540439e+01
9.1106186954104010e-02 2.1235894068928200e+01 -5.3953750178565969e+01
9.2676983280898906e-02 2.1157312219081582e+01 -4.6099768544591484e+01
9.4247779607693802e-02 2.1091067374736323e+01 -3.8245786910618136e+01
9.5818575934488698e-02 2.1037159535892425e+01 -3.0391805276643652e+01
9.7389372261283594e-02 2.0995588702549885e+01 -2.2537823642669174e+01
9.8960168588078490e-02 2.0966354874708710e+01 -1.4683842008694695e+01
1.0053096491487339e-01 2.0948753243016832e+01 -9.4846849490871161e+00
1.0210176124166828e-01 2.0933854734737999e+01 -9.4846849490859846e+00
1.0367255756846318e-01 2.0918956226459169e+01 -9.4846849490859846e+00
1.0524335389525807e-01 2.0904057718180340e+01 -9.4846849490859846e+00
1.0681415022205297e-01 2.0889159209901511e+01 -9.4846849490859846e+00
1.0838494654884787e-01 2.0874260701622678e+01 -9.4846849490871161e+00
1.0995574287564276e-01 2.0859362193343845e+01 -9.4846849490871161e+00
1.1152653920243766e-01 2.0844463685065012e+01 -9.4846849490871161e+00
1.1309733552923255e-01 2.0829565176786179e+01 -9.4846849490871161e+00
1.1466813185602745e-01 2.0814666668507346e+01 -9.4846849490871161e+00
1.1623892818282235e-01 2.0799768160228513e+01 -9.4846849490859420e+00
1.1780972450961726e-01 2.0784869651949681e+01 -9.4846849490859420e+00
1.1938052083641215e-01 2.0769971143670851e+01 -9.4846849490859846e+00
1.2095131716320705e-01 2.0755072635392022e+01 -9.4846849490859846e+00
1.2252211349000194e-01 2.0740174127113189e+01 -9.4846849490871161e+00
1.2409290981679684e-01 2.0725275618834356e+01 -9.4846849490871161e+00
1.2566370614359174e-01 2.0710377110555523e+01 -9.4846849490871588e+00
1.2723450247038662e-01 2.0695478602276690e+01 -9.4846849490859881e+00
1.2880529879718153e-01 2.0680580093997861e+01 -9.4846849490848530e+00
1.3037609512397641e-01 2.0665681585719032e+01 -9.4846849490871161e+00
1.3194689145077132e-01 2.0650783077440199e+01 -9.4846849490871161e+00
1.3351768777756620e-01 2.0635884569161366e+01 -9.4846849490859846e+00
1.3508848410436111e-01 2.0620986060882533e+01 -9.4846849490870326e+00
1.3665928043115602e-01 2.0606087552603700e+01 -9.4846849490871179e+00
1.3823007675795090e-01 2.0591189044324867e+01 -9.4846849490871179e+00
1.3980087308474581e-01 2.0576290536046034e+01 -9.4846849490871179e+00
1.4137166941154070e-01 2.0561392027767202e+01 -9.4846849490859881e+00
1.4294246573833561e-01 2.0546493519488372e+01 -9.4846849490848530e+00
1.4451326206513049e-01 2.0531595011209543e+01 -9.4846849490871161e+00
1.4608405839192540e-01 2.0516696502930710e+01 -9.4846849490871161e+00
1.4765485471872028e-01 2.0501797994651877e+01 -9.4846849490859846e+00
1.4922565104551519e-01 2.0486899486373044e+01 -9.4846849490871179e+00
1.5079644737231007e-01 2.0472000978094211e+01 -9.4846849490871179e+00
1.5236724369910498e-01 2.0457102469815378e+01 -9.4846849490871179e+00
1.5393804002589986e-01 2.0442203961536546e+01 -9.4846849490871179e+00
1.5550883635269477e-01 2.0427305453257713e+01 -9.4846849490859846e+00
1.5707963267948966e-01 2.0412406944978883e+01 -9.4846849490848530e+00
1.5865042900628457e-01 2.0397508436700051e+01 -9.4846849490871179e+00
1.6022122533307945e-01 2.0382609928421218e+01 -9.4846849490871179e+00
1.6179202165987436e-01 2.0367711420142385e+01 -9.4846849490859881e+00
1.6336281798666924e-01 2.0352812911863552e+01 -9.4846849490871179e+00
1.6493361431346415e-01 2.0337914403584719e+01 -9.4846849490871179e+00
1.6650441064025903e-01 2.0323015895305886e+01 -9.4846849490871179e+00
1.6807520696705394e-01 2.0308117387027053e+01 -9.4846849490870326e+00
1.6964600329384885e-01 2.0293218878748220e+01 -9.4846849490859846e+00
1.7121679962064373e-01 2.0278320370469391e+01 -9.4846849490848530e+00
1.7278759594743864e-01 2.0263421862190562e+01 -9.4846849490859881e+00
1.7435839227423353e-01 2.0248523353911729e+01 -9.4846849490871179e+00
1.7592918860102844e-01 2.0233624845632896e+01 -9.4846849490871179e+00
1.7749998492782332e-01 2.0218726337354063e+01 -9.4846849490871179e+00
1.7907078125461823e-01 2.0203827829075230e+01 -9.4846849490871179e+00
1.8064157758141311e-01 2.0188929320796397e+01 -9.4846849490871179e+00
1.8221237390820802e-01 2.0174030812517564e+01 -9.4846849490871179e+00
1.8378317023500290e-01 2.0159132304238732e+01 -9.4846849490859881e+00
1.8535396656179781e-01 2.0144233795959902e+01 -9.4846849490848530e+00
1.8692476288859269e-01 2.0129335287681073e+01 -9.4846849490859846e+00
1.8849555921538760e-01 2.0114436779402240e+01 -9.4846849490871179e+00
1.9006635554218249e-01 2.0099538271123407e+01 -9.4846849490871179e+00
1.9163715186897740e-01 2.0084639762844574e+01 -9.4846849490871179e+00
1.9320794819577228e-01 2.0069741254565741e+01 -9.4846849490871179e+00
1.9477874452256719e-01 2.0054842746286909e+01 -9.4846849490871179e+00
1.9634954084936207e-01 2.0039944238008076e+01 -9.4846849490871179e+00
1.9792033717615698e-01 2.0025045729729243e+01 -9.4846849490859846e+00
1.9949113350295186e-01 2.0010147221450413e+01 -9.4846849490848530e+00
2.0106192982974677e-01 1.9995248713171584e+01 -9.4846849490859029e+00
2.0263272615654168e-01 1.9980350204892751e+01 -9.4846849490871179e+00
2.0420352248333656e-01 1.9965451696613918e+01 -9.4846849490871179e+00
2.0577431881013147e-01 1.9950553188335086e+01 -9.4846849490871179e+00
2.0734511513692636e-01 1.9935654680056253e+01 -9.4846849490871179e+00
2.0891591146372127e-01 1.9920756171777420e+01 -9.4846849490871179e+00
2.1048670779051615e-01 1.9905857663498587e+01 -9.4846849490871179e+00
2.1205750411731106e-01 1.9890959155219754e+01 -9.4846849490859846e+00
2.1362830044410594e-01 1.9876060646940925e+01 -9.4846849490848530e+00
2.1519909677090085e-01 1.9861162138662095e+01 -9.4846849490859881e+00
2.1676989309769573e-01 1.9846263630383262e+01 -9.4846849490871179e+00
2.1834068942449064e-01 1.9831365122104430e+01 -9.4846849490871179e+00
2.1991148575128552e-01 1.9816466613825597e+01 -9.4846849490871179e+00
2.2148228207808043e-01 1.9801568105546764e+01 -9.4846849490871179e+00
2.2305307840487532e-01 1.9786669597267931e+01 -9.4846849490871179e+00
2.2462387473167023e-01 1.9771771088989098e+01 -9.4846849490859846e+00
2.2619467105846511e-01 1.9756872580710269e+01 -9.4846849490859846e+00
2.2776546738526002e-01 1.9741974072431436e+01 -9.4846849490859846e+00
2.2933626371205490e-01 1.9727075564152607e+01 -9.4846849490859846e+00
2.3090706003884981e-01 1.9712177055873774e+01 -9.4846849490871179e+00
2.3247785636564469e-01 1.9697278547594941e+01 -9.4846849490871179e+00
2.3404865269243960e-01 1.9682380039316108e+01 -9.4846849490870326e+00
2.3561944901923451e-01 1.9667481531037275e+01 -9.4846849490859846e+00
2.3719024534602939e-01 1.9652583022758442e+01 -9.4846849490871161e+00
2.3876104167282430e-01 1.9637684514479609e+01 -9.4846849490871161e+00
2.4033183799961919e-01 1.9622786006200776e+01 -9.4846849490859846e+00
2.4190263432641410e-01 1.9607887497921944e+01 -9.4846849490859846e+00
2.4347343065320898e-01 1.9592988989643114e+01 -9.4846849490859846e+00
2.4504422698000389e-01 1.9578090481364281e+01 -9.4846849490871179e+00
2.4661502330679877e-01 1.9563191973085448e+01 -9.4846849490871179e+00
2.4818581963359368e-01 1.9548293464806616e+01 -9.4846849490871179e+00
2.4975661596038856e-01 1.9533394956527783e+01 -9.4846849490859881e+00
2.5132741228718347e-01 1.9518496448248950e+01 -9.4846849490870326e+00
2.5289820861397838e-01 1.9503597939970117e+01 -9.4846849490871996e+00
2.5446900494077324e-01 1.9488699431691284e+01 -9.4846849490860698e+00
2.5603980126756815e-01 1.9473800923412451e+01 -9.4846849490859029e+00
2.5761059759436306e-01 1.9458902415133618e+01 -9.4846849490859029e+00
2.5918139392115797e-01 1.9444003906854785e+01 -9.4846849490871996e+00
2.6075219024795282e-01 1.9429105398575953e+01 -9.4846849490871996e+00
2.6232298657474773e-01 1.9414206890297120e+01 -9.4846849490870326e+00
2.6389378290154264e-01 1.9399308382018287e+01 -9.4846849490859029e+00
2.6546457922833755e-01 1.9384409873739454e+01 -9.4846849490871996e+00
2.6703537555513240e-01 1.9369511365460621e+01 -9.4846849490871996e+00
2.6860617188192731e-01 1.9354612857181788e+01 -9.4846849490859029e+00
2.7017696820872222e-01 1.9339714348902955e+01 -9.4846849490859029e+00
2.7174776453551713e-01 1.9324815840624122e+01 -9.4846849490859029e+00
2.7331856086231204e-01 1.9309917332345290e+01 -9.4846849490871996e+00
2.7488935718910690e-01 1.9295018824066457e+01 -9.4846849490871996e+00
2.7646015351590181e-01 1.9280120315787624e+01 -9.4846849490870326e+00
2.7803094984269672e-01 1.9265221807508791e+01 -9.4846849490859029e+00
2.7960174616949163e-01 1.9250323299229958e+01 -9.4846849490860698e+00
2.8117254249628648e-01 1.9235424790951129e+01 -9.4846849490860698e+00
2.8274333882308139e-01 1.9220526282672296e+01 -9.4846849490870326e+00
2.8431413514987630e-01 1.9205627774393463e+01 -9.4846849490870326e+00
2.8588493147667121e-01 1.9190729266114630e+01 -9.4846849490860698e+00
2.8745572780346607e-01 1.9175830757835797e+01 -9.4846849490871996e+00
2.8902652413026098e-01 1.9160932249556964e+01 -9.4846849490870326e+00
2.9059732045705589e-01 1.9146033741278131e+01 -9.4846849490870326e+00
2.9216811678385080e-01 1.9131135232999299e+01 -9.4846849490860698e+00
2.9373891311064565e-01 1.9116236724720469e+01 -9.4846849490860698e+00
2.9530970943744056e-01 1.9101338216441636e+01 -9.4846849490859029e+00
2.9688050576423547e-01 1.9086439708162803e+01 -9.4846849490870326e+00
2.9845130209103038e-01 1.9071541199883971e+01 -9.4846849490871996e+00
3.0002209841782523e-01 1.9056642691605138e+01 -9.4846849490860698e+00
3.0159289474462014e-01 1.9041744183326305e+01 -9.4846849490870326e+00
3.0316369107141505e-01 1.9026845675047472e+01 -9.4846849490870326e+00
3.0473448739820996e-01 1.9011947166768639e+01 -9.4846849490870326e+00
3.0630528372500487e-01 1.8997048658489806e+01 -9.4846849490860698e+00
3.0787608005179973e-01 1.8982150150210977e+01 -9.4846849490860698e+00
3.0944687637859464e-01 1.8967251641932144e+01 -9.4846849490859029e+00
3.1101767270538955e-01 1.8952353133653311e+01 -9.4846849490870326e+00
3.1258846903218446e-01 1.8937454625374478e+01 -9.4846849490871996e+00
3.1415926535897931e-01 1.8922556117095645e+01 -9.4846849490860698e+00
3.1573006168577422e-01 1.8907657608816812e+01 -9.4846849490870326e+00
3.1730085801256913e-01 1.8892759100537980e+01 -9.4846849490870326e+00
3.1887165433936404e-01 1.8877860592259147e+01 -9.4846849490871996e+00
3.2044245066615890e-01 1.8862962083980314e+01 -9.4846849490860698e+00
3.2201324699295381e-01 1.8848063575701481e+01 -9.4846849490859029e+00
3.2358404331974872e-01 1.8833165067422648e+01 -9.4846849490859029e+00
3.2515483964654363e-01 1.8818266559143815e+01 -9.4846849490860698e+00
3.2672563597333848e-01 1.8803368050864982e+01 -9.4846849490871996e+00
3.2829643230013339e-01 1.8788469542586149e+01 -9.4846849490870326e+00
3.2986722862692830e-01 1.8773571034307317e+01 -9.4846849490870326e+00
3.3143802495372321e-01 1.8758672526028484e+01 -9.4846849490871996e+00
3.3300882128051806e-01 1.8743774017749651e+01 -9.4846849490871996e+00
3.3457961760731297e-01 1.8728875509470818e+01 -9.4846849490859029e+00
3.3615041393410788e-01 1.8713977001191985e+01 -9.4846849490859029e+00
3.3772121026090279e-01 1.8699078492913152e+01 -9.4846849490859029e+00
3.3929200658769770e-01 1.8684179984634319e+01 -9.4846849490860698e+00
3.4086280291449256e-01 1.8669281476355486e+01 -9.4846849490871996e+00
3.4243359924128747e-01 1.8654382968076654e+01 -9.4846849490870326e+00
3.4400439556808238e-01 1.8639484459797821e+01 -9.4846849490870326e+00
3.4557519189487729e-01 1.8624585951518988e+01 -9.4846849490871996e+00
3.4714598822167214e-01 1.8609687443240155e+01 -9.4846849490871996e+00
3.4871678454846705e-01 1.8594788934961322e+01 -9.4846849490859029e+00
3.5028758087526196e-01 1.8579890426682489e+01 -9.4846849490859029e+00
3.5185837720205687e-01 1.8564991918403656e+01 -9.4846849490860698e+00
3.5342917352885173e-01 1.8550093410124827e+01 -9.4846849490860698e+00
3.5499996985564664e-01 1.8535194901845994e+01 -9.4846849490870326e+00
3.5657076618244155e-01 1.8520296393567161e+01 -9.4846849490870326e+00
3.5814156250923646e-01 1.8505397885288328e+01 -9.4846849490871996e+00
3.5971235883603131e-01 1.8490499377009495e+01 -9.4846849490871996e+00
3.6128315516282622e-01 1.8475600868730663e+01 -9.4846849490870326e+00
3.6285395148962113e-01 1.8460702360451830e+01 -9.4846849490859029e+00
3.6442474781641604e-01 1.8445803852173000e+01 -9.4846849490849401e+00
3.6599554414321089e-01 1.8430905343894171e+01 -9.4846849490860698e+00
3.6756634047000580e-01 1.8416006835615338e+01 -9.4846849490870326e+00
3.6913713679680071e-01 1.8401108327336505e+01 -9.4846849490870326e+00
3.7070793312359562e-01 1.8386209819057672e+01 -9.4846849490870326e+00
3.7227872945039053e-01 1.8371311310778839e+01 -9.4846849490871996e+00
3.7384952577718539e-01 1.8356412802500007e+01 -9.4846849490871996e+00
3.7542032210398030e-01 1.8341514294221174e+01 -9.4846849490870326e+00
3.7699111843077521e-01 1.8326615785942341e+01 -9.4846849490859029e+00
3.7856191475757012e-01 1.8311717277663512e+01 -9.4846849490849401e+00
3.8013271108436497e-01 1.8296818769384682e+01 -9.4846849490860698e+00
3.8170350741115988e-01 1.8281920261105849e+01 -9.4846849490870326e+00
3.8327430373795479e-01 1.8267021752827016e+01 -9.4846849490870326e+00
3.8484510006474970e-01 1.8252123244548184e+01 -9.4846849490871996e+00
3.8641589639154456e-01 1.8237224736269351e+01 -9.4846849490871996e+00
3.8798669271833947e-01 1.8222326227990518e+01 -9.4846849490859029e+00
3.8955748904513438e-01 1.8207427719711685e+01 -9.4846849490870326e+00
3.9112828537192929e-01 1.8192529211432852e+01 -9.4846849490871996e+00
3.9269908169872414e-01 1.8177630703154023e+01 -9.4846849490849401e+00
3.9426987802551905e-01 1.8162732194875193e+01 -9.4846849490859029e+00
3.9584067435231396e-01 1.8147833686596361e+01 -9.4846849490870326e+00
3.9741147067910887e-01 1.8132935178317528e+01 -9.4846849490871996e+00
3.9898226700590372e-01 1.8118036670038695e+01 -9.4846849490871996e+00
4.0055306333269863e-01 1.8103138161759862e+01 -9.4846849490870326e+00
4.0212385965949354e-01 1.8088239653481029e+01 -9.4846849490859029e+00
4.0369465598628845e-01 1.8073341145202196e+01 -9.4846849490870326e+00
4.0526545231308336e-01 1.8058442636923363e+01 -9.4846849490871996e+00
4.0683624863987822e-01 1.8043544128644534e+01 -9.4846849490849401e+00
4.0840704496667313e-01 1.8028645620365705e+01 -9.4846849490859029e+00
4.0997784129346804e-01 1.8013747112086872e+01 -9.4846849490870326e+00
4.1154863762026295e-01 1.7998848603808039e+01 -9.4846849490871996e+00
4.1311943394705780e-01 1.7983950095529206e+01 -9.4846849490871996e+00
4.1469023027385271e-01 1.7969051587250373e+01 -9.4846849490870326e+00
4.1626102660064762e-01 1.7954153078971540e+01 -9.4846849490859029e+00
4.1783182292744253e-01 1.7939254570692707e+01 -9.4846849490860698e+00
4.1940261925423739e-01 1.7924356062413874e+01 -9.4846849490871996e+00
4.2097341558103230e-01 1.7909457554135042e+01 -9.4846849490859029e+00
4.2254421190782721e-01 1.7894559045856209e+01 -9.4846849490859029e+00
4.2411500823462212e-01 1.7879660537577376e+01 -9.4846849490871996e+00
4.2568580456141697e-01 1.7864762029298543e+01 -9.4846849490871996e+00
4.2725660088821188e-01 1.7849863521019710e+01 -9.4846849490870326e+00
4.2882739721500679e-01 1.7834965012740877e+01 -9.4846849490870326e+00
4.3039819354180170e-01 1.7820066504462044e+01 -9.4846849490860698e+00
4.3196898986859655e-01 1.7805167996183215e+01 -9.4846849490860698e+00
4.3353978619539146e-01 1.7790269487904382e+01 -9.4846849490859029e+00
4.3511058252218637e-01 1.7775370979625549e+01 -9.4846849490859029e+00
4.3668137884898128e-01 1.7760472471346716e+01 -9.4846849490870326e+00
4.3825217517577619e-01 1.7745573963067883e+01 -9.4846849490871996e+00
4.3982297150257105e-01 1.7730675454789051e+01 -9.4846849490871996e+00
4.4139376782936596e-01 1.7715776946510218e+01 -9.4846849490870326e+00
4.4296456415616087e-01 1.7700878438231385e+01 -9.4846849490870326e+00
4.4453536048295578e-01 1.7685979929952552e+01 -9.4846849490860698e+00
4.4610615680975063e-01 1.7671081421673723e+01 -9.4846849490860698e+00
4.4767695313654554e-01 1.7656182913394890e+01 -9.4846849490859029e+00
4.4924774946334045e-01 1.7641284405116057e+01 -9.4846849490859029e+00
4.5081854579013536e-01 1.7626385896837224e+01 -9.4846849490871996e+00
4.5238934211693022e-01 1.7611487388558391e+01 -9.4846849490871996e+00
4.5396013844372513e-01 1.7596588880279558e+01 -9.4846849490870326e+00
4.5553093477052004e-01 1.7581690372000725e+01 -9.4846849490870326e+00
4.5710173109731495e-01 1.7566791863721892e+01 -9.4846849490860698e+00
4.5867252742410980e-01 1.7551893355443063e+01 -9.4846849490860698e+00
4.6024332375090471e-01 1.7536994847164230e+01 -9.4846849490870326e+00
4.6181412007769962e-01 1.7522096338885397e+01 -9.4846849490859029e+00
4.6338491640449453e-01 1.7507197830606565e+01 -9.4846849490860698e+00
4.6495571273128938e-01 1.7492299322327732e+01 -9.4846849490871996e+00
4.6652650905808429e-01 1.7477400814048899e+01 -9.4846849490870326e+00
4.6809730538487920e-01 1.7462502305770066e+01 -9.4846849490870326e+00
4.6966810171167411e-01 1.7447603797491233e+01 -9.4846849490870326e+00
4.7123889803846902e-01 1.7432705289212400e+01 -9.4846849490860698e+00
4.7280969436526388e-01 1.7417806780933571e+01 -9.4846849490860698e+00
4.7438049069205879e-01 1.7402908272654738e+01 -9.4846849490870326e+00
4.7595128701885370e-01 1.7388009764375905e+01 -9.4846849490859029e+00
4.7752208334564861e-01 1.7373111256097072e+01 -9.4846849490860698e+00
4.7909287967244346e-01 1.7358212747818239e+01 -9.4846849490871996e+00
4.8066367599923837e-01 1.7343314239539406e+01 -9.4846849490870326e+00
4.8223447232603328e-01 1.7328415731260574e+01 -9.4846849490870326e+00
4.8380526865282819e-01 1.7313517222981741e+01 -9.4846849490871996e+00
4.8537606497962305e-01 1.7298618714702908e+01 -9.4846849490860698e+00
4.8694686130641796e-01 1.7283720206424075e+01 -9.4846849490859029e+00
4.8851765763321287e-01 1.7268821698145242e+01 -9.4846849490870326e+00
4.9008845396000777e-01 1.7253923189866409e+01 -9.4846849490860698e+00
4.9165925028680263e-01 1.7239024681587580e+01 -9.4846849490860698e+00
4.9323004661359754e-01 1.7224126173308747e+01 -9.4846849490870326e+00
4.9480084294039245e-01 1.7209227665029914e+01 -9.4846849490870326e+00
4.9637163926718736e-01 1.7194329156751081e+01 -9.4846849490871996e+00
4.9794243559398221e-01 1.7179430648472248e+01 -9.4846849490871996e+00
4.9951323192077712e-01 1.7164532140193415e+01 -9.4846849490859029e+00
5.0108402824757203e-01 1.7149633631914583e+01 -9.4846849490859029e+00
5.0265482457436694e-01 1.7134735123635750e+01 -9.4846849490870326e+00
5.0422562090116185e-01 1.7119836615356917e+01 -9.4846849490859029e+00
5.0579641722795676e-01 1.7104938107078084e+01 -9.4846849490859029e+00
5.0736721355475167e-01 1.7090039598799251e+01 -9.4846849490873684e+00
5.0893800988154647e-01 1.7075141090520418e+01 -9.4846849490873684e+00
5.1050880620834138e-01 1.7060242582241585e+01 -9.4846849490870326e+00
5.1207960253513629e-01 1.7045344073962752e+01 -9.4846849490870326e+00
5.1365039886193120e-01 1.7030445565683920e+01 -9.4846849490859029e+00
5.1522119518872611e-01 1.7015547057405087e+01 -9.4846849490859029e+00
5.1679199151552102e-01 1.7000648549126254e+01 -9.4846849490870326e+00
5.1836278784231593e-01 1.6985750040847421e+01 -9.4846849490859029e+00
5.1993358416911084e-01 1.6970851532568588e+01 -9.4846849490862368e+00
5.2150438049590564e-01 1.6955953024289755e+01 -9.4846849490873684e+00
5.2307517682270055e-01 1.6941054516010922e+01 -9.4846849490870326e+00
5.2464597314949546e-01 1.6926156007732089e+01 -9.4846849490870326e+00
5.2621676947629037e-01 1.6911257499453257e+01 -9.4846849490859029e+00
5.2778756580308528e-01 1.6896358991174427e+01 -9.4846849490847713e+00
5.2935836212988019e-01 1.6881460482895594e+01 -9.4846849490870326e+00
5.3092915845667510e-01 1.6866561974616761e+01 -9.4846849490881624e+00
5.3249995478347001e-01 1.6851663466337929e+01 -9.4846849490862368e+00
5.3407075111026481e-01 1.6836764958059099e+01 -9.4846849490862368e+00
5.3564154743705972e-01 1.6821866449780266e+01 -9.4846849490870326e+00
5.3721234376385463e-01 1.6806967941501433e+01 -9.4846849490870326e+00
5.3878314009064954e-01 1.6792069433222601e+01 -9.4846849490870326e+00
5.4035393641744445e-01 1.6777170924943768e+01 -9.4846849490859029e+00
5.4192473274423936e-01 1.6762272416664938e+01 -9.4846849490847713e+00
5.4349552907103427e-01 1.6747373908386106e+01 -9.4846849490870326e+00
5.4506632539782918e-01 1.6732475400107273e+01 -9.4846849490881624e+00
5.4663712172462409e-01 1.6717576891828440e+01 -9.4846849490862368e+00
5.4820791805141889e-01 1.6702678383549610e+01 -9.4846849490862368e+00
5.4977871437821380e-01 1.6687779875270778e+01 -9.4846849490870326e+00
5.5134951070500871e-01 1.6672881366991945e+01 -9.4846849490870326e+00
5.5292030703180362e-01 1.6657982858713112e+01 -9.4846849490870326e+00
5.5449110335859852e-01 1.6643084350434279e+01 -9.4846849490859029e+00
5.5606189968539343e-01 1.6628185842155450e+01 -9.4846849490847713e+00
5.5763269601218834e-01 1.6613287333876617e+01 -9.4846849490870326e+00
5.5920349233898325e-01 1.6598388825597784e+01 -9.4846849490873684e+00
5.6077428866577805e-01 1.6583490317318951e+01 -9.4846849490862368e+00
5.6234508499257296e-01 1.6568591809040118e+01 -9.4846849490870326e+00
5.6391588131936787e-01 1.6553693300761285e+01 -9.4846849490870326e+00
5.6548667764616278e-01 1.6538794792482452e+01 -9.4846849490870326e+00
5.6705747397295769e-01 1.6523896284203619e+01 -9.4846849490870326e+00
5.6862827029975260e-01 1.6508997775924787e+01 -9.4846849490859029e+00
5.7019906662654751e-01 1.6494099267645957e+01 -9.4846849490847713e+00
5.7176986295334242e-01 1.6479200759367128e+01 -9.4846849490859029e+00
5.7334065928013733e-01 1.6464302251088295e+01 -9.4846849490873684e+00
5.7491145560693213e-01 1.6449403742809462e+01 -9.4846849490873684e+00
5.7648225193372704e-01 1.6434505234530629e+01 -9.4846849490870326e+00
5.7805304826052195e-01 1.6419606726251796e+01 -9.4846849490870326e+00
5.7962384458731686e-01 1.6404708217972964e+01 -9.4846849490870326e+00
5.8119464091411177e-01 1.6389809709694131e+01 -9.4846849490870326e+00
5.8276543724090668e-01 1.6374911201415298e+01 -9.4846849490859029e+00
5.8433623356770159e-01 1.6360012693136468e+01 -9.4846849490847713e+00
5.8590702989449650e-01 1.6345114184857639e+01 -9.4846849490862368e+00
5.8747782622129130e-01 1.6330215676578806e+01 -9.4846849490873684e+00
5.8904862254808621e-01 1.6315317168299973e+01 -9.4846849490870326e+00
5.9061941887488112e-01 1.6300418660021140e+01 -9.4846849490870326e+00
5.9219021520167603e-01 1.6285520151742308e+01 -9.4846849490870326e+00
5.9376101152847094e-01 1.6270621643463475e+01 -9.4846849490870326e+00
5.9533180785526585e-01 1.6255723135184642e+01 -9.4846849490870326e+00
5.9690260418206076e-01 1.6240824626905809e+01 -9.4846849490859029e+00
5.9847340050885567e-01 1.6225926118626980e+01 -9.4846849490851071e+00
6.0004419683565047e-01 1.6211027610348150e+01 -9.4846849490862368e+00
6.0161499316244538e-01 1.6196129102069317e+01 -9.4846849490870326e+00
6.0318578948924029e-01 1.6181230593790485e+01 -9.4846849490870326e+00
6.0475658581603520e-01 1.6166332085511652e+01 -9.4846849490870326e+00
6.0632738214283011e-01 1.6151433577232819e+01 -9.4846849490870326e+00
6.0789817846962502e-01 1.6136535068953986e+01 -9.4846849490870326e+00
6.0946897479641993e-01 1.6121636560675153e+01 -9.4846849490870326e+00
6.1103977112321484e-01 1.6106738052396320e+01 -9.4846849490859029e+00
6.1261056745000975e-01 1.6091839544117491e+01 -9.4846849490851071e+00
6.1418136377680455e-01 1.6076941035838662e+01 -9.4846849490862368e+00
6.1575216010359946e-01 1.6062042527559829e+01 -9.4846849490870326e+00
6.1732295643039437e-01 1.6047144019280996e+01 -9.4846849490870326e+00
6.1889375275718927e-01 1.6032245511002163e+01 -9.4846849490870326e+00
6.2046454908398418e-01 1.6017347002723330e+01 -9.4846849490870326e+00
6.2203534541077909e-01 1.6002448494444497e+01 -9.4846849490870326e+00
6.2360614173757400e-01 1.5987549986165664e+01 -9.4846849490870326e+00
6.2517693806436891e-01 1.5972651477886831e+01 -9.4846849490862368e+00
6.2674773439116371e-01 1.5957752969608000e+01 -9.4846849490862368e+00
6.2831853071795862e-01 1.5942854461329169e+01 -9.4846849490864660e+00
6.2988932704475353e-01 1.5927955953050338e+01 -9.4846849490864660e+00
6.3146012337154844e-01 1.5913057444771505e+01 -9.4846849490870326e+00
6.3303091969834335e-01 1.5898158936492672e+01 -9.4846849490864660e+00
6.3460171602513826e-01 1.5883260428213841e+01 -9.4846849490859029e+00
6.3617251235193317e-01 1.5868361919935008e+01 -9.4846849490870326e+00
6.3774330867872808e-01 1.5853463411656175e+01 -9.4846849490875993e+00
6.3931410500552299e-01 1.5838564903377343e+01 -9.4846849490868035e+00
6.4088490133231779e-01 1.5823666395098511e+01 -9.4846849490862368e+00
6.4245569765911270e-01 1.5808767886819680e+01 -9.4846849490859029e+00
6.4402649398590761e-01 1.5793869378540849e+01 -9.4846849490864660e+00
6.4559729031270252e-01 1.5778970870262016e+01 -9.4846849490870326e+00
6.4716808663949743e-01 1.5764072361983184e+01 -9.4846849490864660e+00
6.4873888296629234e-01 1.5749173853704352e+01 -9.4846849490859029e+00
6.5030967929308725e-01 1.5734275345425521e+01 -9.4846849490870326e+00
6.5188047561988216e-01 1.5719376837146688e+01 -9.4846849490873684e+00
6.5345127194667696e-01 1.5704478328867857e+01 -9.4846849490868035e+00
6.5502206827347187e-01 1.5689579820589024e+01 -9.4846849490864660e+00
6.5659286460026678e-01 1.5674681312310193e+01 -9.4846849490859029e+00
6.5816366092706169e-01 1.5659782804031362e+01 -9.4846849490864660e+00
6.5973445725385660e-01 1.5644884295752529e+01 -9.4846849490870326e+00
6.6130525358065151e-01 1.5629985787473696e+01 -9.4846849490864660e+00
6.6287604990744642e-01 1.5615087279194865e+01 -9.4846849490859029e+00
6.6444684623424133e-01 1.5600188770916034e+01 -9.4846849490862368e+00
6.6601764256103613e-01 1.5585290262637203e+01 -9.4846849490873684e+00
6.6758843888783104e-01 1.5570391754358370e+01 -9.4846849490875993e+00
6.6915923521462595e-01 1.5555493246079537e+01 -9.4846849490864660e+00
6.7073003154142086e-01 1.5540594737800706e+01 -9.4846849490859029e+00
6.7230082786821577e-01 1.5525696229521875e+01 -9.4846849490864660e+00
6.7387162419501068e-01 1.5510797721243042e+01 -9.4846849490870326e+00
6.7544242052180559e-01 1.5495899212964209e+01 -9.4846849490864660e+00
6.7701321684860050e-01 1.5481000704685378e+01 -9.4846849490859029e+00
6.7858401317539541e-01 1.5466102196406547e+01 -9.4846849490862368e+00
6.8015480950219021e-01 1.5451203688127716e+01 -9.4846849490868035e+00
6.8172560582898512e-01 1.5436305179848883e+01 -9.4846849490875993e+00
6.8329640215578002e-01 1.5421406671570050e+01 -9.4846849490870326e+00
6.8486719848257493e-01 1.5406508163291218e+01 -9.4846849490859029e+00
6.8643799480936984e-01 1.5391609655012386e+01 -9.4846849490864660e+00
6.8800879113616475e-01 1.5376711146733554e+01 -9.4846849490870326e+00
6.8957958746295966e-01 1.5361812638454721e+01 -9.4846849490864660e+00
6.9115038378975457e-01 1.5346914130175890e+01 -9.4846849490862368e+00
6.9272118011654937e-01 1.5332015621897058e+01 -9.4846849490862368e+00
6.9429197644334428e-01 1.5317117113618227e+01 -9.4846849490864660e+00
6.9586277277013919e-01 1.5302218605339394e+01 -9.4846849490875993e+00
6.9743356909693410e-01 1.5287320097060562e+01 -9.4846849490870326e+00
6.9900436542372901e-01 1.5272421588781729e+01 -9.4846849490859029e+00
7.0057516175052392e-01 1.5257523080502898e+01 -9.4846849490864660e+00
7.0214595807731883e-01 1.5242624572224065e+01 -9.4846849490870326e+00
7.0371675440411374e-01 1.5227726063945232e+01 -9.4846849490864660e+00
7.0528755073090865e-01 1.5212827555666401e+01 -9.4846849490862368e+00
7.0685834705770345e-01 1.5197929047387570e+01 -9.4846849490862368e+00
7.0842914338449836e-01 1.5183030539108739e+01 -9.4846849490864660e+00
7.0999993971129327e-01 1.5168132030829906e+01 -9.4846849490875993e+00
7.1157073603808818e-01 1.5153233522551073e+01 -9.4846849490870326e+00
7.1314153236488309e-01 1.5138335014272240e+01 -9.4846849490859029e+00
7.1471232869167800e-01 1.5123436505993409e+01 -9.4846849490864660e+00
7.1628312501847291e-01 1.5108537997714576e+01 -9.4846849490870326e+00
7.1785392134526782e-01 1.5093639489435743e+01 -9.4846849490862368e+00
7.1942471767206262e-01 1.5078740981156912e+01 -9.4846849490862368e+00
7.2099551399885753e-01 1.5063842472878079e+01 -9.4846849490870326e+00
7.2256631032565244e-01 1.5048943964599246e+01 -9.4846849490864660e+00
7.2413710665244735e-01 1.5034045456320415e+01 -9.4846849490864660e+00
7.2570790297924226e-01 1.5019146948041584e+01 -9.4846849490864660e+00
7.2727869930603717e-01 1.5004248439762753e+01 -9.4846849490864660e+00
7.2884949563283208e-01 1.4989349931483920e+01 -9.4846849490870326e+00
7.3042029195962699e-01 1.4974451423205087e+01 -9.4846849490868035e+00
7.3199108828642179e-01 1.4959552914926256e+01 -9.4846849490862368e+00
7.3356188461321670e-01 1.4944654406647425e+01 -9.4846849490864660e+00
7.3513268094001161e-01 1.4929755898368592e+01 -9.4846849490870326e+00
7.3670347726680652e-01 1.4914857390089759e+01 -9.4846849490864660e+00
7.3827427359360143e-01 1.4899958881810928e+01 -9.4846849490864660e+00
7.3984506992039634e-01 1.4885060373532097e+01 -9.4846849490864660e+00
7.4141586624719125e-01 1.4870161865253266e+01 -9.4846849490864660e+00
7.4298666257398616e-01 1.4855263356974433e+01 -9.4846849490870326e+00
7.4455745890078107e-01 1.4840364848695600e+01 -9.4846849490868035e+00
7.4612825522757587e-01 1.4825466340416769e+01 -9.4846849490862368e+00
7.4769905155437077e-01 1.4810567832137938e+01 -9.4846849490864660e+00
7.4926984788116568e-01 1.4795669323859107e+01 -9.4846849490864660e+00
7.5084064420796059e-01 1.4780770815580276e+01 -9.4846849490864660e+00
7.5241144053475550e-01 1.4765872307301443e+01 -9.4846849490870326e+00
7.5398223686155041e-01 1.4750973799022610e+01 -9.4846849490864660e+00
7.5555303318834532e-01 1.4736075290743779e+01 -9.4846849490864660e+00
7.5712382951514023e-01 1.4721176782464946e+01 -9.4846849490868035e+00
7.5869462584193503e-01 1.4706278274186115e+01 -9.4846849490868035e+00
7.6026542216872994e-01 1.4691379765907282e+01 -9.4846849490864660e+00
7.6183621849552485e-01 1.4676481257628451e+01 -9.4846849490864660e+00
7.6340701482231976e-01 1.4661582749349620e+01 -9.4846849490864660e+00
7.6497781114911467e-01 1.4646684241070789e+01 -9.4846849490864660e+00
7.6654860747590958e-01 1.4631785732791956e+01 -9.4846849490870326e+00
7.6811940380270449e-01 1.4616887224513123e+01 -9.4846849490864660e+00
7.6969020012949940e-01 1.4601988716234292e+01 -9.4846849490864660e+00
7.7126099645629431e-01 1.4587090207955459e+01 -9.4846849490868035e+00
7.7283179278308911e-01 1.4572191699676628e+01 -9.4846849490862368e+00
7.7440258910988402e-01 1.4557293191397797e+01 -9.4846849490864660e+00
7.7597338543667893e-01 1.4542394683118964e+01 -9.4846849490870326e+00
7.7754418176347384e-01 1.4527496174840131e+01 -9.4846849490864660e+00
7.7911497809026875e-01 1.4512597666561300e+01 -9.4846849490864660e+00
7.8068577441706366e-01 1.4497699158282467e+01 -9.4846849490870326e+00
7.8225657074385857e-01 1.4482800650003634e+01 -9.4846849490864660e+00
7.8382736707065348e-01 1.4467902141724803e+01 -9.4846849490862368e+00
7.8539816339744828e-01 1.4453003633445972e+01 -9.4846849490868035e+00
7.8696895972424319e-01 1.4438105125167139e+01 -9.4846849490864660e+00
7.8853975605103810e-01 1.4423206616888308e+01 -9.4846849490864660e+00
7.9011055237783301e-01 1.4408308108609475e+01 -9.4846849490870326e+00
7.9168134870462792e-01 1.4393409600330642e+01 -9.4846849490864660e+00
7.9325214503142283e-01 1.4378511092051811e+01 -9.4846849490864660e+00
7.9482294135821774e-01 1.4363612583772980e+01 -9.4846849490864660e+00
7.9639373768501265e-01 1.4348714075494147e+01 -9.4846849490868053e+00
7.9796453401180745e-01 1.4333815567215316e+01 -9.4846849490868053e+00
7.9953533033860236e-01 1.4318917058936483e+01 -9.4846849490864660e+00
8.0110612666539727e-01 1.4304018550657652e+01 -9.4846849490864660e+00
8.0267692299219218e-01 1.4289120042378821e+01 -9.4846849490864660e+00
8.0424771931898709e-01 1.4274221534099988e+01 -9.4846849490870326e+00
8.0581851564578200e-01 1.4259323025821155e+01 -9.4846849490864660e+00
8.0738931197257691e-01 1.4244424517542324e+01 -9.4846849490864660e+00
8.0896010829937182e-01 1.4229526009263493e+01 -9.4846849490864660e+00
8.1053090462616673e-01 1.4214627500984662e+01 -9.4846849490862368e+00
8.1210170095296152e-01 1.4199728992705831e+01 -9.4846849490868035e+00
8.1367249727975643e-01 1.4184830484426998e+01 -9.4846849490870326e+00
8.1524329360655134e-01 1.4169931976148165e+01 -9.4846849490864660e+00
8.1681408993334625e-01 1.4155033467869334e+01 -9.4846849490864660e+00
8.1838488626014116e-01 1.4140134959590501e+01 -9.4846849490870326e+00
8.1995568258693607e-01 1.4125236451311668e+01 -9.4846849490864660e+00
8.2152647891373098e-01 1.4110337943032837e+01 -9.4846849490864660e+00
8.2309727524052589e-01 1.4095439434754004e+01 -9.4846849490868035e+00
8.2466807156732069e-01 1.4080540926475173e+01 -9.4846849490862368e+00
8.2623886789411560e-01 1.4065642418196342e+01 -9.4846849490864660e+00
8.2780966422091051e-01 1.4050743909917509e+01 -9.4846849490870326e+00
8.2938046054770542e-01 1.4035845401638676e+01 -9.4846849490864660e+00
8.3095125687450033e-01 1.4020946893359845e+01 -9.4846849490864660e+00
8.3252205320129524e-01 1.4006048385081014e+01 -9.4846849490864660e+00
8.3409284952809015e-01 1.3991149876802183e+01 -9.4846849490864660e+00
8.3566364585488506e-01 1.3976251368523350e+01 -9.4846849490868035e+00
8.3723444218167986e-01 1.3961352860244519e+01 -9.4846849490868035e+00
8.3880523850847477e-01 1.3946454351965686e+01 -9.4846849490864660e+00
8.4037603483526968e-01 1.3931555843686855e+01 -9.4846849490864660e+00
8.4194683116206459e-01 1.3916657335408022e+01 -9.4846849490870326e+00
8.4351762748885950e-01 1.3901758827129189e+01 -9.4846849490864660e+00
8.4508842381565441e-01 1.3886860318850358e+01 -9.4846849490864660e+00
8.4665922014244932e-01 1.3871961810571527e+01 -9.4846849490864660e+00
8.4823001646924423e-01 1.3857063302292696e+01 -9.4846849490864660e+00
8.4980081279603914e-01 1.3842164794013863e+01 -9.4846849490868035e+00
8.5137160912283394e-01 1.3827266285735032e+01 -9.4846849490868035e+00
8.5294240544962885e-01 1.3812367777456199e+01 -9.4846849490864660e+00
8.5451320177642376e-01 1.3797469269177368e+01 -9.4846849490864660e+00
8.5608399810321867e-01 1.3782570760898537e+01 -9.4846849490864660e+00
8.5765479443001358e-01 1.3767672252619706e+01 -9.4846849490864660e+00
8.5922559075680849e-01 1.3752773744340873e+01 -9.4846849490870326e+00
8.6079638708360340e-01 1.3737875236062040e+01 -9.4846849490864660e+00
8.6236718341039831e-01 1.3722976727783209e+01 -9.4846849490862368e+00
8.6393797973719311e-01 1.3708078219504378e+01 -9.4846849490868035e+00
8.6550877606398802e-01 1.3693179711225545e+01 -9.4846849490870326e+00
8.6707957239078293e-01 1.3678281202946712e+01 -9.4846849490864660e+00
8.6865036871757784e-01 1.3663382694667881e+01 -9.4846849490864660e+00
8.7022116504437275e-01 1.3648484186389050e+01 -9.4846849490864660e+00
8.7179196137116766e-01 1.3633585678110219e+01 -9.4846849490864660e+00
8.7336275769796257e-01 1.3618687169831386e+01 -9.4846849490870326e+00
8.7493355402475748e-01 1.3603788661552553e+01 -9.4846849490864660e+00
8.7650435035155239e-01 1.3588890153273722e+01 -9.4846849490862368e+00
8.7807514667834718e-01 1.3573991644994891e+01 -9.4846849490868035e+00
8.7964594300514209e-01 1.3559093136716058e+01 -9.4846849490870326e+00
8.8121673933193700e-01 1.3544194628437225e+01 -9.4846849490864660e+00
8.8278753565873191e-01 1.3529296120158394e+01 -9.4846849490859029e+00
8.8435833198552682e-01 1.3514397611879563e+01 -9.4846849490864660e+00
8.8592912831232173e-01 1.3499499103600730e+01 -9.4846849490870326e+00
8.8749992463911664e-01 1.3484600595321897e+01 -9.4846849490870326e+00
8.8907072096591155e-01 1.3469702087043064e+01 -9.4846849490862368e+00
8.9064151729270635e-01 1.3454803578764233e+01 -9.4846849490862368e+00
8.9221231361950126e-01 1.3439905070485400e+01 -9.4846849490870326e+00
8.9378310994629617e-01 1.3425006562206567e+01 -9.4846849490870326e+00
8.9535390627309108e-01 1.3410108053927734e+01 -9.4846849490864660e+00
8.9692470259988599e-01 1.3395209545648903e+01 -9.4846849490859029e+00
8.9849549892668090e-01 1.3380311037370072e+01 -9.4846849490864660e+00
9.0006629525347581e-01 1.3365412529091239e+01 -9.4846849490870326e+00
9.0163709158027072e-01 1.3350514020812406e+01 -9.4846849490868035e+00
9.0320788790706552e-01 1.3335615512533575e+01 -9.4846849490862368e+00
9.0477868423386043e-01 1.3320717004254744e+01 -9.4846849490864660e+00
9.0634948056065534e-01 1.3305818495975911e+01 -9.4846849490870326e+00
9.0792027688745025e-01 1.3290919987697078e+01 -9.4846849490870326e+00
9.0949107321424516e-01 1.3276021479418246e+01 -9.4846849490864660e+00
9.1106186954104007e-01 1.3261122971139415e+01 -9.4846849490859029e+00
9.1263266586783498e-01 1.3246224462860583e+01 -9.4846849490864660e+00
9.1420346219462989e-01 1.3231325954581751e+01 -9.4846849490870326e+00
9.1577425852142480e-01 1.3216427446302918e+01 -9.4846849490868035e+00
9.1734505484821960e-01 1.3201528938024087e+01 -9.4846849490862368e+00
9.1891585117501451e-01 1.3186630429745255e+01 -9.4846849490864660e+00
9.2048664750180942e-01 1.3171731921466423e+01 -9.4846849490870326e+00
9.2205744382860433e-01 1.3156833413187590e+01 -9.4846849490864660e+00
9.2362824015539924e-01 1.3141934904908759e+01 -9.4846849490864660e+00
9.2519903648219415e-01 1.3127036396629927e+01 -9.4846849490864660e+00
9.2676983280898906e-01 1.3112137888351096e+01 -9.4846849490864660e+00
9.2834062913578397e-01 1.3097239380072264e+01 -9.4846849490868035e+00
9.2991142546257877e-01 1.3082340871793432e+01 -9.4846849490862368e+00
9.3148222178937368e-01 1.3067442363514601e+01 -9.4846849490864660e+00
9.3305301811616859e-01 1.3052543855235768e+01 -9.4846849490870326e+00
9.3462381444296350e-01 1.3037645346956936e+01 -9.4846849490870326e+00
9.3619461076975841e-01 1.3022746838678103e+01 -9.4846849490864660e+00
9.3776540709655332e-01 1.3007848330399272e+01 -9.4846849490864660e+00
9.3933620342334823e-01 1.2992949822120440e+01 -9.4846849490864660e+00
9.4090699975014314e-01 1.2978051313841609e+01 -9.4846849490864660e+00
9.4247779607693805e-01 1.2963152805562776e+01 -9.4846849490868035e+00
9.4404859240373284e-01 1.2948254297283945e+01 -9.4846849490862368e+00
9.4561938873052775e-01 1.2933355789005114e+01 -9.4846849490864660e+00
9.4719018505732266e-01 1.2918457280726281e+01 -9.4846849490870326e+00
9.4876098138411757e-01 1.2903558772447449e+01 -9.4846849490870326e+00
9.5033177771091248e-01 1.2888660264168616e+01 -9.4846849490864660e+00
9.5190257403770739e-01 1.2873761755889785e+01 -9.4846849490859029e+00
9.5347337036450230e-01 1.2858863247610953e+01 -9.4846849490864660e+00
9.5504416669129721e-01 1.2843964739332121e+01 -9.4846849490873684e+00
9.5661496301809201e-01 1.2829066231053289e+01 -9.4846849490868053e+00
9.5818575934488692e-01 1.2814167722774458e+01 -9.4846849490859029e+00
9.5975655567168183e-01 1.2799269214495627e+01 -9.4846849490864660e+00
9.6132735199847674e-01 1.2784370706216794e+01 -9.4846849490870326e+00
9.6289814832527165e-01 1.2769472197937962e+01 -9.4846849490870326e+00
9.6446894465206656e-01 1.2754573689659129e+01 -9.4846849490864660e+00
9.6603974097886147e-01 1.2739675181380298e+01 -9.4846849490859029e+00
9.6761053730565638e-01 1.2724776673101466e+01 -9.4846849490868053e+00
9.6918133363245118e-01 1.2709878164822635e+01 -9.4846849490873684e+00
9.7075212995924609e-01 1.2694979656543802e+01 -9.4846849490864660e+00
9.7232292628604100e-01 1.2680081148264971e+01 -9.4846849490859029e+00
9.7389372261283591e-01 1.2665182639986140e+01 -9.4846849490864660e+00
9.7546451893963082e-01 1.2650284131707307e+01 -9.4846849490870326e+00
9.7703531526642573e-01 1.2635385623428474e+01 -9.4846849490870326e+00
9.7860611159322064e-01 1.2620487115149642e+01 -9.4846849490864660e+00
9.8017690792001555e-01 1.2605588606870811e+01 -9.4846849490859029e+00
9.8174770424681046e-01 1.2590690098591979e+01 -9.4846849490868053e+00
9.8331850057360526e-01 1.2575791590313148e+01 -9.4846849490868053e+00
9.8488929690040017e-01 1.2560893082034315e+01 -9.4846849490864660e+00
9.8646009322719508e-01 1.2545994573755484e+01 -9.4846849490864660e+00
9.8803088955398999e-01 1.2531096065476653e+01 -9.4846849490864660e+00
9.8960168588078490e-01 1.2516197557197820e+01 -9.4846849490870326e+00
9.9117248220757981e-01 1.2501299048918987e+01 -9.4846849490870326e+00
9.9274327853437472e-01 1.2486400540640155e+01 -9.4846849490864660e+00
9.9431407486116963e-01 1.2471502032361323e+01 -9.4846849490862368e+00
9.9588487118796443e-01 1.2456603524082492e+01 -9.4846849490868035e+00
9.9745566751475934e-01 1.2441705015803660e+01 -9.4846849490864660e+00
9.9902646384155425e-01 1.2426806507524827e+01 -9.4846849490866969e+00
1.0005972601683493e+00 1.2411907999245994e+01 -9.4846849490864660e+00
1.0021680564951441e+00 1.2397009490967163e+01 -9.4846849490865726e+00
1.0037388528219389e+00 1.2382110982688332e+01 -9.4846849490870344e+00
1.0053096491487339e+00 1.2367212474409499e+01 -9.4846849490859029e+00
1.0068804454755287e+00 1.2352313966130668e+01 -9.4846849490864660e+00
1.0084512418023237e+00 1.2337415457851835e+01 -9.4846849490870326e+00
1.0100220381291185e+00 1.2322516949573004e+01 -9.4846849490864695e+00
1.0115928344559135e+00 1.2307618441294171e+01 -9.4846849490864695e+00
1.0131636307827083e+00 1.2292719933015340e+01 -9.4846849490870326e+00
1.0147344271095033e+00 1.2277821424736507e+01 -9.4846849490864660e+00
1.0163052234362981e+00 1.2262922916457676e+01 -9.4846849490865726e+00
1.0178760197630929e+00 1.2248024408178845e+01 -9.4846849490870344e+00
1.0194468160898880e+00 1.2233125899900012e+01 -9.4846849490859029e+00
1.0210176124166828e+00 1.2218227391621182e+01 -9.4846849490859029e+00
1.0225884087434778e+00 1.2203328883342349e+01 -9.4846849490870344e+00
1.0241592050702726e+00 1.2188430375063518e+01 -9.4846849490870344e+00
1.0257300013970676e+00 1.2173531866784685e+01 -9.4846849490864695e+00
1.0273007977238624e+00 1.2158633358505854e+01 -9.4846849490865726e+00
1.0288715940506572e+00 1.2143734850227023e+01 -9.4846849490864695e+00
1.0304423903774522e+00 1.2128836341948190e+01 -9.4846849490864695e+00
1.0320131867042470e+00 1.2113937833669359e+01 -9.4846849490870326e+00
1.0335839830310420e+00 1.2099039325390526e+01 -9.4846849490864660e+00
1.0351547793578368e+00 1.2084140817111695e+01 -9.4846849490859029e+00
1.0367255756846319e+00 1.2069242308832862e+01 -9.4846849490870344e+00
1.0382963720114267e+00 1.2054343800554031e+01 -9.4846849490870344e+00
1.0398671683382217e+00 1.2039445292275198e+01 -9.4846849490864695e+00
1.0414379646650165e+00 1.2024546783996367e+01 -9.4846849490865726e+00
1.0430087609918113e+00 1.2009648275717536e+01 -9.4846849490864695e+00
1.0445795573186063e+00 1.1994749767438703e+01 -9.4846849490864695e+00
1.0461503536454011e+00 1.1979851259159872e+01 -9.4846849490870326e+00
1.0477211499721961e+00 1.1964952750881039e+01 -9.4846849490864660e+00
1.0492919462989909e+00 1.1950054242602208e+01 -9.4846849490859029e+00
1.0508627426257859e+00 1.1935155734323375e+01 -9.4846849490870344e+00
1.0524335389525807e+00 1.1920257226044544e+01 -9.4846849490870344e+00
1.0540043352793758e+00 1.1905358717765711e+01 -9.4846849490864695e+00
1.0555751316061706e+00 1.1890460209486880e+01 -9.4846849490865726e+00
1.0571459279329654e+00 1.1875561701208049e+01 -9.4846849490864695e+00
1.0587167242597604e+00 1.1860663192929216e+01 -9.4846849490864695e+00
1.0602875205865552e+00 1.1845764684650385e+01 -9.4846849490870326e+00
1.0618583169133502e+00 1.1830866176371552e+01 -9.4846849490864660e+00
1.0634291132401450e+00 1.1815967668092721e+01 -9.4846849490859029e+00
1.0649999095669400e+00 1.1801069159813888e+01 -9.4846849490870344e+00
1.0665707058937348e+00 1.1786170651535057e+01 -9.4846849490865726e+00
1.0681415022205296e+00 1.1771272143256226e+01 -9.4846849490864660e+00
1.0697122985473246e+00 1.1756373634977393e+01 -9.4846849490870326e+00
1.0712830948741194e+00 1.1741475126698562e+01 -9.4846849490864695e+00
1.0728538912009145e+00 1.1726576618419729e+01 -9.4846849490864695e+00
1.0744246875277093e+00 1.1711678110140898e+01 -9.4846849490864695e+00
1.0759954838545043e+00 1.1696779601862065e+01 -9.4846849490864695e+00
1.0775662801812991e+00 1.1681881093583234e+01 -9.4846849490864695e+00
1.0791370765080941e+00 1.1666982585304401e+01 -9.4846849490870344e+00
1.0807078728348889e+00 1.1652084077025570e+01 -9.4846849490865726e+00
1.0822786691616837e+00 1.1637185568746739e+01 -9.4846849490859029e+00
1.0838494654884787e+00 1.1622287060467906e+01 -9.4846849490870344e+00
1.0854202618152735e+00 1.1607388552189075e+01 -9.4846849490870344e+00
1.0869910581420685e+00 1.1592490043910242e+01 -9.4846849490864695e+00
1.0885618544688633e+00 1.1577591535631411e+01 -9.4846849490864695e+00
1.0901326507956584e+00 1.1562693027352578e+01 -9.4846849490864695e+00
1.0917034471224532e+00 1.1547794519073747e+01 -9.4846849490864695e+00
1.0932742434492482e+00 1.1532896010794914e+01 -9.4846849490870344e+00
1.0948450397760430e+00 1.1517997502516083e+01 -9.4846849490865726e+00
1.0964158361028378e+00 1.1503098994237252e+01 -9.4846849490859029e+00
1.0979866324296328e+00 1.1488200485958419e+01 -9.4846849490870344e+00
1.0995574287564276e+00 1.1473301977679588e+01 -9.4846849490870344e+00
1.1011282250832226e+00 1.1458403469400755e+01 -9.4846849490864695e+00
1.1026990214100174e+00 1.1443504961121924e+01 -9.4846849490864695e+00
1.1042698177368124e+00 1.1428606452843091e+01 -9.4846849490864695e+00
1.1058406140636072e+00 1.1413707944564260e+01 -9.4846849490864695e+00
1.1074114103904023e+00 1.1398809436285427e+01 -9.4846849490870344e+00
1.1089822067171970e+00 1.1383910928006596e+01 -9.4846849490865726e+00
1.1105530030439918e+00 1.1369012419727765e+01 -9.4846849490859029e+00
1.1121237993707869e+00 1.1354113911448932e+01 -9.4846849490870344e+00
1.1136945956975817e+00 1.1339215403170101e+01 -9.4846849490870344e+00
1.1152653920243767e+00 1.1324316894891268e+01 -9.4846849490864695e+00
1.1168361883511715e+00 1.1309418386612437e+01 -9.4846849490864695e+00
1.1184069846779665e+00 1.1294519878333604e+01 -9.4846849490864695e+00
1.1199777810047613e+00 1.1279621370054773e+01 -9.4846849490865726e+00
1.1215485773315561e+00 1.1264722861775942e+01 -9.4846849490864695e+00
1.1231193736583511e+00 1.1249824353497109e+01 -9.4846849490864695e+00
1.1246901699851459e+00 1.1234925845218278e+01 -9.4846849490864695e+00
1.1262609663119409e+00 1.1220027336939445e+01 -9.4846849490870344e+00
1.1278317626387357e+00 1.1205128828660614e+01 -9.4846849490870344e+00
1.1294025589655308e+00 1.1190230320381781e+01 -9.4846849490859029e+00
1.1309733552923256e+00 1.1175331812102950e+01 -9.4846849490864660e+00
1.1325441516191206e+00 1.1160433303824117e+01 -9.4846849490870326e+00
1.1341149479459154e+00 1.1145534795545286e+01 -9.4846849490865726e+00
1.1356857442727102e+00 1.1130636287266455e+01 -9.4846849490864695e+00
1.1372565405995052e+00 1.1115737778987622e+01 -9.4846849490864695e+00
1.1388273369263000e+00 1.1100839270708791e+01 -9.4846849490864695e+00
1.1403981332530950e+00 1.1085940762429958e+01 -9.4846849490870344e+00
1.1419689295798898e+00 1.1071042254151127e+01 -9.4846849490870344e+00
1.1435397259066848e+00 1.1056143745872294e+01 -9.4846849490859029e+00
1.1451105222334796e+00 1.1041245237593463e+01 -9.4846849490864660e+00
1.1466813185602747e+00 1.1026346729314630e+01 -9.4846849490870326e+00
1.1482521148870695e+00 1.1011448221035799e+01 -9.4846849490865726e+00
1.1498229112138643e+00 1.0996549712756968e+01 -9.4846849490864695e+00
1.1513937075406593e+00 1.0981651204478135e+01 -9.4846849490864695e+00
1.1529645038674541e+00 1.0966752696199304e+01 -9.4846849490864695e+00
1.1545353001942491e+00 1.0951854187920471e+01 -9.4846849490870344e+00
1.1561060965210439e+00 1.0936955679641640e+01 -9.4846849490870344e+00
1.1576768928478389e+00 1.0922057171362807e+01 -9.4846849490859029e+00
1.1592476891746337e+00 1.0907158663083976e+01 -9.4846849490865726e+00
1.1608184855014285e+00 1.0892260154805145e+01 -9.4846849490870344e+00
1.1623892818282235e+00 1.0877361646526312e+01 -9.4846849490864695e+00
1.1639600781550183e+00 1.0862463138247481e+01 -9.4846849490864695e+00
1.1655308744818134e+00 1.0847564629968648e+01 -9.4846849490864695e+00
1.1671016708086082e+00 1.0832666121689817e+01 -9.4846849490864695e+00
1.1686724671354032e+00 1.0817767613410984e+01 -9.4846849490870344e+00
1.1702432634621980e+00 1.0802869105132153e+01 -9.4846849490870344e+00
1.1718140597889930e+00 1.0787970596853320e+01 -9.4846849490859029e+00
1.1733848561157878e+00 1.0773072088574489e+01 -9.4846849490865726e+00
1.1749556524425826e+00 1.0758173580295658e+01 -9.4846849490870344e+00
1.1765264487693776e+00 1.0743275072016825e+01 -9.4846849490859029e+00
1.1780972450961724e+00 1.0728376563737994e+01 -9.4846849490864660e+00
1.1796680414229674e+00 1.0713478055459161e+01 -9.4846849490870326e+00
1.1812388377497622e+00 1.0698579547180330e+01 -9.4846849490864695e+00
1.1828096340765573e+00 1.0683681038901497e+01 -9.4846849490864695e+00
1.1843804304033521e+00 1.0668782530622666e+01 -9.4846849490870326e+00
1.1859512267301471e+00 1.0653884022343833e+01 -9.4846849490864660e+00
1.1875220230569419e+00 1.0638985514065002e+01 -9.4846849490865726e+00
1.1890928193837367e+00 1.0624087005786171e+01 -9.4846849490870344e+00
1.1906636157105317e+00 1.0609188497507338e+01 -9.4846849490859029e+00
1.1922344120373265e+00 1.0594289989228507e+01 -9.4846849490864660e+00
1.1938052083641215e+00 1.0579391480949674e+01 -9.4846849490870326e+00
1.1953760046909163e+00 1.0564492972670843e+01 -9.4846849490864695e+00
1.1969468010177113e+00 1.0549594464392010e+01 -9.4846849490864695e+00
1.1985175973445061e+00 1.0534695956113179e+01 -9.4846849490865726e+00
1.2000883936713009e+00 1.0519797447834348e+01 -9.4846849490864695e+00
1.2016591899980960e+00 1.0504898939555515e+01 -9.4846849490870344e+00
1.2032299863248908e+00 1.0490000431276684e+01 -9.4846849490870344e+00
1.2048007826516858e+00 1.0475101922997851e+01 -9.4846849490859029e+00
1.2063715789784806e+00 1.0460203414719020e+01 -9.4846849490864660e+00
1.2079423753052756e+00 1.0445304906440187e+01 -9.4846849490870326e+00
1.2095131716320704e+00 1.0430406398161356e+01 -9.4846849490864695e+00
1.2110839679588654e+00 1.0415507889882523e+01 -9.4846849490864695e+00
1.2126547642856602e+00 1.0400609381603692e+01 -9.4846849490865726e+00
1.2142255606124550e+00 1.0385710873324861e+01 -9.4846849490864695e+00
1.2157963569392500e+00 1.0370812365046028e+01 -9.4846849490870344e+00
1.2173671532660448e+00 1.0355913856767197e+01 -9.4846849490870344e+00
1.2189379495928399e+00 1.0341015348488364e+01 -9.4846849490859029e+00
1.2205087459196347e+00 1.0326116840209535e+01 -9.4846849490859029e+00
1.2220795422464297e+00 1.0311218331930702e+01 -9.4846849490870344e+00
1.2236503385732245e+00 1.0296319823651871e+01 -9.4846849490870344e+00
1.2252211349000195e+00 1.0281421315373038e+01 -9.4846849490864695e+00
1.2267919312268143e+00 1.0266522807094207e+01 -9.4846849490865726e+00
1.2283627275536091e+00 1.0251624298815376e+01 -9.4846849490864695e+00
1.2299335238804041e+00 1.0236725790536543e+01 -9.4846849490864695e+00
1.2315043202071989e+00 1.0221827282257712e+01 -9.4846849490870326e+00
1.2330751165339939e+00 1.0206928773978879e+01 -9.4846849490864660e+00
1.2346459128607887e+00 1.0192030265700048e+01 -9.4846849490859029e+00
1.2362167091875838e+00 1.0177131757421215e+01 -9.4846849490870344e+00
1.2377875055143785e+00 1.0162233249142384e+01 -9.4846849490865726e+00
1.2393583018411733e+00 1.0147334740863553e+01 -9.4846849490864660e+00
1.2409290981679684e+00 1.0132436232584720e+01 -9.4846849490870326e+00
1.2424998944947632e+00 1.0117537724305889e+01 -9.4846849490864695e+00
1.2440706908215582e+00 1.0102639216027056e+01 -9.4846849490864695e+00
1.2456414871483530e+00 1.0087740707748225e+01 -9.4846849490870326e+00
1.2472122834751480e+00 1.0072842199469392e+01 -9.4846849490864660e+00
1.2487830798019428e+00 1.0057943691190561e+01 -9.4846849490859029e+00
1.2503538761287378e+00 1.0043045182911728e+01 -9.4846849490870344e+00
1.2519246724555326e+00 1.0028146674632897e+01 -9.4846849490865726e+00
1.2534954687823274e+00 1.0013248166354066e+01 -9.4846849490864660e+00
1.2550662651091224e+00 9.9983496580752327e+00 -9.4846849490870326e+00
1.2566370614359172e+00 9.9834511497964016e+00 -9.4846849490864695e+00
1.2582078577627123e+00 9.9685526415175687e+00 -9.4846849490864695e+00
1.2597786540895071e+00 9.9536541332387376e+00 -9.4846849490870326e+00
1.2613494504163021e+00 9.9387556249599047e+00 -9.4846849490864660e+00
1.2629202467430969e+00 9.9238571166810736e+00 -9.4846849490859029e+00
1.2644910430698919e+00 9.9089586084022407e+00 -9.4846849490870344e+00
1.2660618393966867e+00 9.8940601001234096e+00 -9.4846849490865726e+00
1.2676326357234815e+00 9.8791615918445785e+00 -9.4846849490864660e+00
1.2692034320502765e+00 9.8642630835657457e+00 -9.4846849490870326e+00
1.2707742283770713e+00 9.8493645752869146e+00 -9.4846849490864695e+00
1.2723450247038663e+00 9.8344660670080817e+00 -9.4846849490864695e+00
1.2739158210306611e+00 9.8195675587292506e+00 -9.4846849490864695e+00
1.2754866173574562e+00 9.8046690504504177e+00 -9.4846849490864695e+00
1.2770574136842510e+00 9.7897705421715866e+00 -9.4846849490864695e+00
1.2786282100110460e+00 9.7748720338927537e+00 -9.4846849490870344e+00
1.2801990063378408e+00 9.7599735256139226e+00 -9.4846849490865726e+00
1.2817698026646356e+00 9.7450750173350915e+00 -9.4846849490859029e+00
1.2833405989914306e+00 9.7301765090562586e+00 -9.4846849490870344e+00
1.2849113953182254e+00 9.7152780007774275e+00 -9.4846849490870344e+00
1.2864821916450204e+00 9.7003794924985947e+00 -9.4846849490864695e+00
1.2880529879718152e+00 9.6854809842197636e+00 -9.4846849490864695e+00
1.2896237842986102e+00 9.6705824759409307e+00 -9.4846849490864695e+00
1.2911945806254050e+00 9.6556839676620996e+00 -9.4846849490865726e+00
1.2927653769521998e+00 9.6407854593832685e+00 -9.4846849490870326e+00
1.2943361732789949e+00 9.6258869511044356e+00 -9.4846849490864660e+00
1.2959069696057897e+00 9.6109884428256045e+00 -9.4846849490859029e+00
1.2974777659325847e+00 9.5960899345467716e+00 -9.4846849490870344e+00
1.2990485622593795e+00 9.5811914262679405e+00 -9.4846849490870344e+00
1.3006193585861745e+00 9.5662929179891076e+00 -9.4846849490864695e+00
1.3021901549129693e+00 9.5513944097102765e+00 -9.4846849490864695e+00
1.3037609512397643e+00 9.5364959014314437e+00 -9.4846849490864695e+00
1.3053317475665591e+00 9.5215973931526126e+00 -9.4846849490865726e+00
1.3069025438933539e+00 9.5066988848737815e+00 -9.4846849490864695e+00
1.3084733402201489e+00 9.4918003765949486e+00 -9.4846849490864695e+00
1.3100441365469437e+00 9.4769018683161175e+00 -9.4846849490864695e+00
1.3116149328737388e+00 9.4620033600372846e+00 -9.4846849490870344e+00
1.3131857292005336e+00 9.4471048517584535e+00 -9.4846849490870344e+00
1.3147565255273286e+00 9.4322063434796206e+00 -9.4846849490864695e+00
1.3163273218541234e+00 9.4173078352007895e+00 -9.4846849490864695e+00
1.3178981181809184e+00 9.4024093269219566e+00 -9.4846849490864695e+00
1.3194689145077132e+00 9.3875108186431255e+00 -9.4846849490865726e+00
1.3210397108345080e+00 9.3726123103642944e+00 -9.4846849490864695e+00
1.3226105071613030e+00 9.3577138020854616e+00 -9.4846849490864695e+00
1.3241813034880978e+00 9.3428152938066305e+00 -9.4846849490864695e+00
1.3257520998148928e+00 9.3279167855277976e+00 -9.4846849490870344e+00
1.3273228961416876e+00 9.3130182772489665e+00 -9.4846849490870344e+00
1.3288936924684827e+00 9.2981197689701336e+00 -9.4846849490864695e+00
1.3304644887952775e+00 9.2832212606913025e+00 -9.4846849490865726e+00
1.3320352851220723e+00 9.2683227524124714e+00 -9.4846849490864695e+00
1.3336060814488673e+00 9.2534242441336385e+00 -9.4846849490864695e+00
1.3351768777756621e+00 9.2385257358548074e+00 -9.4846849490864695e+00
1.3367476741024571e+00 9.2236272275759745e+00 -9.4846849490864695e+00
1.3383184704292519e+00 9.2087287192971434e+00 -9.4846849490864695e+00
1.3398892667560469e+00 9.1938302110183105e+00 -9.4846849490870344e+00
1.3414600630828417e+00 9.1789317027394794e+00 -9.4846849490870344e+00
1.3430308594096367e+00 9.1640331944606466e+00 -9.4846849490864695e+00
1.3446016557364315e+00 9.1491346861818155e+00 -9.4846849490865726e+00
1.3461724520632263e+00 9.1342361779029844e+00 -9.4846849490864695e+00
1.3477432483900214e+00 9.1193376696241515e+00 -9.4846849490864695e+00
1.3493140447168162e+00 9.1044391613453204e+00 -9.4846849490864695e+00
1.3508848410436112e+00 9.0895406530664875e+00 -9.4846849490864695e+00
1.3524556373704060e+00 9.0746421447876564e+00 -9.4846849490864695e+00
1.3540264336972010e+00 9.0597436365088235e+00 -9.4846849490864695e+00
1.3555972300239958e+00 9.0448451282299924e+00 -9.4846849490870326e+00
1.3571680263507908e+00 9.0299466199511595e+00 -9.4846849490864660e+00
1.3587388226775856e+00 9.0150481116723284e+00 -9.4846849490865726e+00
1.3603096190043804e+00 9.0001496033934973e+00 -9.4846849490870344e+00
1.3618804153311754e+00 8.9852510951146645e+00 -9.4846849490864695e+00
1.3634512116579702e+00 8.9703525868358334e+00 -9.4846849490864695e+00
1.3650220079847653e+00 8.9554540785570005e+00 -9.4846849490864695e+00
1.3665928043115600e+00 8.9405555702781694e+00 -9.4846849490864695e+00
1.3681636006383551e+00 8.9256570619993365e+00 -9.4846849490864695e+00
1.3697343969651499e+00 8.9107585537205054e+00 -9.4846849490865726e+00
1.3713051932919447e+00 8.8958600454416743e+00 -9.4846849490864695e+00
1.3728759896187397e+00 8.8809615371628414e+00 -9.4846849490870344e+00
1.3744467859455345e+00 8.8660630288840103e+00 -9.4846849490870344e+00
1.3760175822723295e+00 8.8511645206051774e+00 -9.4846849490864695e+00
1.3775883785991243e+00 8.8362660123263463e+00 -9.4846849490864695e+00
1.3791591749259193e+00 8.8213675040475135e+00 -9.4846849490864695e+00
1.3807299712527141e+00 8.8064689957686824e+00 -9.4846849490864695e+00
1.3823007675795091e+00 8.7915704874898495e+00 -9.4846849490864695e+00
1.3838715639063039e+00 8.7766719792110184e+00 -9.4846849490865726e+00
1.3854423602330987e+00 8.7617734709321873e+00 -9.4846849490864695e+00
1.3870131565598938e+00 8.7468749626533544e+00 -9.4846849490870344e+00
1.3885839528866886e+00 8.7319764543745233e+00 -9.4846849490870344e+00
1.3901547492134836e+00 8.7170779460956904e+00 -9.4846849490864695e+00
1.3917255455402784e+00 8.7021794378168593e+00 -9.4846849490864695e+00
1.3932963418670734e+00 8.6872809295380264e+00 -9.4846849490864695e+00
1.3948671381938682e+00 8.6723824212591953e+00 -9.4846849490864695e+00
1.3964379345206632e+00 8.6574839129803625e+00 -9.4846849490864695e+00
1.3980087308474580e+00 8.6425854047015314e+00 -9.4846849490865726e+00
1.3995795271742528e+00 8.6276868964227003e+00 -9.4846849490864695e+00
1.4011503235010478e+00 8.6127883881438674e+00 -9.4846849490864695e+00
1.4027211198278426e+00 8.5978898798650363e+00 -9.4846849490870326e+00
1.4042919161546377e+00 8.5829913715862034e+00 -9.4846849490864660e+00
1.4058627124814325e+00 8.5680928633073723e+00 -9.4846849490864660e+00
1.4074335088082275e+00 8.5531943550285394e+00 -9.4846849490870326e+00
1.4090043051350223e+00 8.5382958467497083e+00 -9.4846849490864695e+00
1.4105751014618173e+00 8.5233973384708754e+00 -9.4846849490864695e+00
1.4121458977886121e+00 8.5084988301920443e+00 -9.4846849490865726e+00
1.4137166941154069e+00 8.4936003219132132e+00 -9.4846849490864695e+00
1.4152874904422019e+00 8.4787018136343804e+00 -9.4846849490864695e+00
1.4168582867689967e+00 8.4638033053555493e+00 -9.4846849490870326e+00
1.4184290830957917e+00 8.4489047970767164e+00 -9.4846849490864660e+00
1.4199998794225865e+00 8.4340062887978853e+00 -9.4846849490864660e+00
1.4215706757493816e+00 8.4191077805190524e+00 -9.4846849490870326e+00
1.4231414720761764e+00 8.4042092722402213e+00 -9.4846849490865726e+00
1.4247122684029712e+00 8.3893107639613902e+00 -9.4846849490864695e+00
1.4262830647297662e+00 8.3744122556825573e+00 -9.4846849490864695e+00
1.4278538610565610e+00 8.3595137474037262e+00 -9.4846849490864695e+00
1.4294246573833560e+00 8.3446152391248933e+00 -9.4846849490864695e+00
1.4309954537101508e+00 8.3297167308460622e+00 -9.4846849490870326e+00
1.4325662500369458e+00 8.3148182225672294e+00 -9.4846849490864660e+00
1.4341370463637406e+00 8.2999197142883983e+00 -9.4846849490864660e+00
1.4357078426905356e+00 8.2850212060095654e+00 -9.4846849490870326e+00
1.4372786390173304e+00 8.2701226977307343e+00 -9.4846849490865726e+00
1.4388494353441252e+00 8.2552241894519032e+00 -9.4846849490864695e+00
1.4404202316709203e+00 8.2403256811730703e+00 -9.4846849490864695e+00
1.4419910279977151e+00 8.2254271728942392e+00 -9.4846849490864695e+00
1.4435618243245101e+00 8.2105286646154063e+00 -9.4846849490864695e+00
1.4451326206513049e+00 8.1956301563365752e+00 -9.4846849490864695e+00
1.4467034169780999e+00 8.1807316480577423e+00 -9.4846849490864695e+00
1.4482742133048947e+00 8.1658331397789112e+00 -9.4846849490864695e+00
1.4498450096316897e+00 8.1509346315000784e+00 -9.4846849490870344e+00
1.4514158059584845e+00 8.1360361232212473e+00 -9.4846849490865726e+00
1.4529866022852793e+00 8.1211376149424161e+00 -9.4846849490864660e+00
1.4545573986120743e+00 8.1062391066635833e+00 -9.4846849490870326e+00
1.4561281949388691e+00 8.0913405983847522e+00 -9.4846849490864695e+00
1.4576989912656642e+00 8.0764420901059193e+00 -9.4846849490864695e+00
1.4592697875924590e+00 8.0615435818270882e+00 -9.4846849490864695e+00
1.4608405839192540e+00 8.0466450735482553e+00 -9.4846849490864695e+00
1.4624113802460488e+00 8.0317465652694242e+00 -9.4846849490865726e+00
1.4639821765728436e+00 8.0168480569905931e+00 -9.4846849490870326e+00
1.4655529728996386e+00 8.0019495487117602e+00 -9.4846849490864660e+00
1.4671237692264334e+00 7.9870510404329291e+00 -9.4846849490864660e+00
1.4686945655532284e+00 7.9721525321540954e+00 -9.4846849490870326e+00
1.4702653618800232e+00 7.9572540238752643e+00 -9.4846849490861835e+00
1.4718361582068182e+00 7.9423555155964314e+00 -9.4846849490861835e+00
1.4734069545336130e+00 7.9274570073176003e+00 -9.4846849490864695e+00
1.4749777508604081e+00 7.9125584990387674e+00 -9.4846849490864695e+00
1.4765485471872029e+00 7.8976599907599363e+00 -9.4846849490865726e+00
1.4781193435139977e+00 7.8827614824811052e+00 -9.4846849490867502e+00
1.4796901398407927e+00 7.8678629742022714e+00 -9.4846849490867502e+00
1.4812609361675875e+00 7.8529644659234403e+00 -9.4846849490867502e+00
1.4828317324943825e+00 7.8380659576446066e+00 -9.4846849490867502e+00
1.4844025288211773e+00 7.8231674493657755e+00 -9.4846849490864695e+00
1.4859733251479723e+00 7.8082689410869426e+00 -9.4846849490864695e+00
1.4875441214747671e+00 7.7933704328081115e+00 -9.4846849490864695e+00
1.4891149178015621e+00 7.7784719245292786e+00 -9.4846849490864695e+00
1.4906857141283569e+00 7.7635734162504475e+00 -9.4846849490865726e+00
1.4922565104551517e+00 7.7486749079716164e+00 -9.4846849490867502e+00
1.4938273067819468e+00 7.7337763996927826e+00 -9.4846849490867502e+00
1.4953981031087415e+00 7.7188778914139515e+00 -9.4846849490864695e+00
1.4969688994355366e+00 7.7039793831351187e+00 -9.4846849490864695e+00
1.4985396957623314e+00 7.6890808748562876e+00 -9.4846849490867502e+00
1.5001104920891264e+00 7.6741823665774538e+00 -9.4846849490867502e+00
1.5016812884159212e+00 7.6592838582986227e+00 -9.4846849490865726e+00
1.5032520847427160e+00 7.6443853500197916e+00 -9.4846849490864695e+00
1.5048228810695110e+00 7.6294868417409587e+00 -9.4846849490864695e+00
1.5063936773963058e+00 7.6145883334621276e+00 -9.4846849490864695e+00
1.5079644737231008e+00 7.5996898251832947e+00 -9.4846849490867502e+00
1.5095352700498956e+00 7.5847913169044636e+00 -9.4846849490867502e+00
1.5111060663766906e+00 7.5698928086256307e+00 -9.4846849490864695e+00
1.5126768627034854e+00 7.5549943003467996e+00 -9.4846849490867502e+00
1.5142476590302805e+00 7.5400957920679659e+00 -9.4846849490867502e+00
1.5158184553570753e+00 7.5251972837891348e+00 -9.4846849490865726e+00
1.5173892516838701e+00 7.5102987755103037e+00 -9.4846849490864695e+00
1.5189600480106651e+00 7.4954002672314708e+00 -9.4846849490864695e+00
1.5205308443374599e+00 7.4805017589526397e+00 -9.4846849490864695e+00
1.5221016406642549e+00 7.4656032506738068e+00 -9.4846849490864695e+00
1.5236724369910497e+00 7.4507047423949757e+00 -9.4846849490867502e+00
1.5252432333178447e+00 7.4358062341161419e+00 -9.4846849490867502e+00
1.5268140296446395e+00 7.4209077258373108e+00 -9.4846849490864695e+00
1.5283848259714345e+00 7.4060092175584780e+00 -9.4846849490867502e+00
1.5299556222982293e+00 7.3911107092796469e+00 -9.4846849490868532e+00
1.5315264186250241e+00 7.3762122010008158e+00 -9.4846849490864695e+00
1.5330972149518192e+00 7.3613136927219829e+00 -9.4846849490864695e+00
1.5346680112786140e+00 7.3464151844431518e+00 -9.4846849490864695e+00
1.5362388076054090e+00 7.3315166761643189e+00 -9.4846849490864695e+00
1.5378096039322038e+00 7.3166181678854878e+00 -9.4846849490867502e+00
1.5393804002589988e+00 7.3017196596066540e+00 -9.4846849490867502e+00
1.5409511965857936e+00 7.2868211513278229e+00 -9.4846849490864695e+00
1.5425219929125886e+00 7.2719226430489901e+00 -9.4846849490864695e+00
1.5440927892393834e+00 7.2570241347701590e+00 -9.4846849490865726e+00
1.5456635855661782e+00 7.2421256264913278e+00 -9.4846849490867502e+00
1.5472343818929732e+00 7.2272271182124941e+00 -9.4846849490867502e+00
1.5488051782197680e+00 7.2123286099336630e+00 -9.4846849490864695e+00
1.5503759745465631e+00 7.1974301016548301e+00 -9.4846849490864695e+00
1.5519467708733579e+00 7.1825315933759990e+00 -9.4846849490864695e+00
1.5535175672001529e+00 7.1676330850971661e+00 -9.4846849490867502e+00
1.5550883635269477e+00 7.1527345768183350e+00 -9.4846849490868532e+00
1.5566591598537425e+00 7.1378360685395039e+00 -9.4846849490864695e+00
1.5582299561805375e+00 7.1229375602606710e+00 -9.4846849490864695e+00
1.5598007525073323e+00 7.1080390519818399e+00 -9.4846849490867502e+00
1.5613715488341273e+00 7.0931405437030062e+00 -9.4846849490867502e+00
1.5629423451609221e+00 7.0782420354241751e+00 -9.4846849490864695e+00
1.5645131414877171e+00 7.0633435271453422e+00 -9.4846849490864695e+00
1.5660839378145119e+00 7.0484450188665111e+00 -9.4846849490864695e+00
1.5676547341413070e+00 7.0335465105876782e+00 -9.4846849490864695e+00
1.5692255304681018e+00 7.0186480023088471e+00 -9.4846849490865726e+00
1.5707963267948966e+00 7.0037494940300160e+00 -9.4846849490867502e+00
1.5723671231216916e+00 6.9888509857511822e+00 -9.4846849490867502e+00
1.5739379194484864e+00 6.9739524774723511e+00 -9.4846849490867502e+00
1.5755087157752814e+00 6.9590539691935174e+00 -9.4846849490867502e+00
1.5770795121020762e+00 6.9441554609146863e+00 -9.4846849490864695e+00
1.5786503084288712e+00 6.9292569526358534e+00 -9.4846849490864695e+00
1.5802211047556660e+00 6.9143584443570223e+00 -9.4846849490864695e+00
1.5817919010824610e+00 6.8994599360781894e+00 -9.4846849490864695e+00
1.5833626974092558e+00 6.8845614277993583e+00 -9.4846849490865726e+00
1.5849334937360506e+00 6.8696629195205272e+00 -9.4846849490867502e+00
1.5865042900628457e+00 6.8547644112416934e+00 -9.4846849490867502e+00
1.5880750863896405e+00 6.8398659029628623e+00 -9.4846849490864695e+00
1.5896458827164355e+00 6.8249673946840295e+00 -9.4846849490864695e+00
1.5912166790432303e+00 6.8100688864051984e+00 -9.4846849490867502e+00
1.5927874753700253e+00 6.7951703781263646e+00 -9.4846849490867502e+00
1.5943582716968201e+00 6.7802718698475335e+00 -9.4846849490865726e+00
1.5959290680236149e+00 6.7653733615687024e+00 -9.4846849490864695e+00
1.5974998643504099e+00 6.7504748532898695e+00 -9.4846849490864695e+00
1.5990706606772047e+00 6.7355763450110384e+00 -9.4846849490867502e+00
1.6006414570039997e+00 6.7206778367322046e+00 -9.4846849490867502e+00
1.6022122533307945e+00 6.7057793284533735e+00 -9.4846849490864695e+00
1.6037830496575896e+00 6.6908808201745407e+00 -9.4846849490864695e+00
1.6053538459843844e+00 6.6759823118957096e+00 -9.4846849490867502e+00
1.6069246423111794e+00 6.6610838036168758e+00 -9.4846849490867502e+00
1.6084954386379742e+00 6.6461852953380447e+00 -9.4846849490865726e+00
1.6100662349647690e+00 6.6312867870592136e+00 -9.4846849490864695e+00
1.6116370312915640e+00 6.6163882787803807e+00 -9.4846849490864695e+00
1.6132078276183588e+00 6.6014897705015496e+00 -9.4846849490864695e+00
1.6147786239451538e+00 6.5865912622227167e+00 -9.4846849490867502e+00
1.6163494202719486e+00 6.5716927539438856e+00 -9.4846849490867502e+00
1.6179202165987436e+00 6.5567942456650528e+00 -9.4846849490864695e+00
1.6194910129255384e+00 6.5418957373862217e+00 -9.4846849490864695e+00
1.6210618092523335e+00 6.5269972291073888e+00 -9.4846849490867502e+00
1.6226326055791283e+00 6.5120987208285577e+00 -9.4846849490868532e+00
1.6242034019059230e+00 6.4972002125497266e+00 -9.4846849490864695e+00
1.6257741982327181e+00 6.4823017042708937e+00 -9.4846849490864695e+00
1.6273449945595129e+00 6.4674031959920626e+00 -9.4846849490864695e+00
1.6289157908863079e+00 6.4525046877132297e+00 -9.4846849490864695e+00
1.6304865872131027e+00 6.4376061794343986e+00 -9.4846849490867502e+00
1.6320573835398977e+00 6.4227076711555648e+00 -9.4846849490867502e+00
1.6336281798666925e+00 6.4078091628767337e+00 -9.4846849490865726e+00
1.6351989761934873e+00 6.3929106545979026e+00 -9.4846849490864695e+00
1.6367697725202823e+00 6.3780121463190698e+00 -9.4846849490864695e+00
1.6383405688470771e+00 6.3631136380402387e+00 -9.4846849490867502e+00
1.6399113651738721e+00 6.3482151297614049e+00 -9.4846849490867502e+00
1.6414821615006669e+00 6.3333166214825738e+00 -9.4846849490864695e+00
1.6430529578274620e+00 6.3184181132037409e+00 -9.4846849490864695e+00
1.6446237541542568e+00 6.3035196049249098e+00 -9.4846849490867502e+00
1.6461945504810518e+00 6.2886210966460760e+00 -9.4846849490867502e+00
1.6477653468078466e+00 6.2737225883672449e+00 -9.4846849490865726e+00
1.6493361431346414e+00 6.2588240800884138e+00 -9.4846849490864695e+00
1.6509069394614364e+00 6.2439255718095810e+00 -9.4846849490864695e+00
1.6524777357882312e+00 6.2290270635307499e+00 -9.4846849490867502e+00
1.6540485321150262e+00 6.2141285552519161e+00 -9.4846849490867502e+00
1.6556193284418210e+00 6.1992300469730850e+00 -9.4846849490864695e+00
1.6571901247686160e+00 6.1843315386942521e+00 -9.4846849490864695e+00
1.6587609210954108e+00 6.1694330304154210e+00 -9.4846849490864695e+00
1.6603317174222059e+00 6.1545345221365881e+00 -9.4846849490867502e+00
1.6619025137490007e+00 6.1396360138577570e+00 -9.4846849490868532e+00
1.6634733100757955e+00 6.1247375055789259e+00 -9.4846849490864695e+00
1.6650441064025905e+00 6.1098389973000931e+00 -9.4846849490864695e+00
1.6666149027293853e+00 6.0949404890212620e+00 -9.4846849490867502e+00
1.6681856990561803e+00 6.0800419807424282e+00 -9.4846849490867502e+00
1.6697564953829751e+00 6.0651434724635971e+00 -9.4846849490864695e+00
1.6713272917097701e+00 6.0502449641847642e+00 -9.4846849490864695e+00
1.6728980880365649e+00 6.0353464559059331e+00 -9.4846849490865726e+00
1.6744688843633597e+00 6.0204479476271020e+00 -9.4846849490864695e+00
1.6760396806901547e+00 6.0055494393482691e+00 -9.4846849490864695e+00
1.6776104770169495e+00 5.9906509310694380e+00 -9.4846849490867502e+00
1.6791812733437446e+00 5.9757524227906043e+00 -9.4846849490867502e+00
1.6807520696705394e+00 5.9608539145117732e+00 -9.4846849490864695e+00
1.6823228659973344e+00 5.9459554062329403e+00 -9.4846849490864695e+00
1.6838936623241292e+00 5.9310568979541092e+00 -9.4846849490867502e+00
1.6854644586509242e+00 5.9161583896752754e+00 -9.4846849490867502e+00
1.6870352549777190e+00 5.9012598813964443e+00 -9.4846849490865726e+00
1.6886060513045138e+00 5.8863613731176132e+00 -9.4846849490864695e+00
1.6901768476313088e+00 5.8714628648387803e+00 -9.4846849490864695e+00
1.6917476439581036e+00 5.8565643565599492e+00 -9.4846849490867502e+00
1.6933184402848986e+00 5.8416658482811155e+00 -9.4846849490867502e+00
1.6948892366116934e+00 5.8267673400022844e+00 -9.4846849490864695e+00
1.6964600329384885e+00 5.8118688317234515e+00 -9.4846849490864695e+00
1.6980308292652833e+00 5.7969703234446204e+00 -9.4846849490867502e+00
1.6996016255920783e+00 5.7820718151657866e+00 -9.4846849490867502e+00
1.7011724219188731e+00 5.7671733068869555e+00 -9.4846849490865726e+00
1.7027432182456679e+00 5.7522747986081244e+00 -9.4846849490864695e+00
1.7043140145724629e+00 5.7373762903292915e+00 -9.4846849490864695e+00
1.7058848108992577e+00 5.7224777820504604e+00 -9.4846849490867502e+00
1.7074556072260527e+00 5.7075792737716267e+00 -9.4846849490867502e+00
1.7090264035528475e+00 5.6926807654927956e+00 -9.4846849490864695e+00
1.7105971998796425e+00 5.6777822572139627e+00 -9.4846849490864695e+00
1.7121679962064373e+00 5.6628837489351316e+00 -9.4846849490867502e+00
1.7137387925332324e+00 5.6479852406562978e+00 -9.4846849490867502e+00
1.7153095888600272e+00 5.6330867323774667e+00 -9.4846849490865726e+00
1.7168803851868220e+00 5.6173537095911632e+00 -1.0547221820655805e+01
1.7184511815136170e+00 5.6014572786863992e+00 -9.6927426274377577e+00
1.7200219778404118e+00 5.5878267654379057e+00 -7.6621658555818399e+00
1.7215927741672068e+00 5.5759276652968959e+00 -7.4882389907138407e+00
1.7231635704940016e+00 5.5633331392804291e+00 -8.5476095806486789e+00
1.7247343668207966e+00 5.5483941020532903e+00 -1.0473363377213307e+01
1.7263051631475914e+00 5.5300536210936837e+00 -1.2878462250021620e+01
1.7278759594743862e+00 5.5078249196897238e+00 -1.5423999405611864e+01
1.7294467558011812e+00 5.4816290476439944e+00 -1.7929620791830395e+01
1.7310175521279760e+00 5.4515676951441367e+00 -2.0345681979214238e+01
1.7325883484547711e+00 5.4177809849887621e+00 -2.2672893477109909e+01
1.7341591447815659e+00 5.3804030231714215e+00 -2.4918205610331771e+01
1.7357299411083609e+00 5.3395599188599716e+00 -2.7084849928744870e+01
1.7373007374351557e+00 5.2953751080133706e+00 -2.9172998517793985e+01
1.7388715337619507e+00 5.2479724374275172e+00 -3.1181956198164130e+01
1.7404423300887455e+00 5.1974727152330109e+00 -3.3116287098025744e+01
1.7420131264155403e+00 5.1439698702804870e+00 -3.5005650851365630e+01
1.7435839227423353e+00 5.0874565351924694e+00 -3.6949362187562301e+01
1.7451547190691301e+00 5.0276668745307642e+00 -3.9177198133222305e+01
1.7467255153959251e+00 4.9638516130927242e+00 -4.2074916287296922e+01
1.7482963117227199e+00 4.8946095908069882e+00 -4.6086764644340633e+01
1.7498671080495150e+00 4.8180398965825946e+00 -5.1404797970429676e+01
1.7514379043763098e+00 4.7324923546553412e+00 -5.7517715366245696e+01
1.7530087007031048e+00 4.6378852739373881e+00 -6.2939761015794296e+01
1.7545794970298996e+00 4.5368603034294726e+00 -6.5689226440595220e+01
1.7561502933566944e+00 4.4345215907820661e+00 -6.4612469459379398e+01
1.7577210896834894e+00 4.3363948651094413e+00 -6.0326358062375952e+01
1.7592918860102842e+00 4.2460831314765386e+00 -5.4662112552631847e+01
1.7608626823370792e+00 4.1644530909293822e+00 -4.9272483110334768e+01
1.7624334786638740e+00 4.0904272081973421e+00 -4.4980198118032256e+01
1.7640042749906690e+00 4.0222334701713880e+00 -4.1846765839915562e+01
1.7655750713174638e+00 3.9583162508102534e+00 -3.9535165440198199e+01
1.7671458676442586e+00 3.8976545815759547e+00 -3.7701670678560099e+01
1.7687166639710536e+00 3.8396601955690617e+00 -3.6139074958046038e+01
1.7702874602978484e+00 3.7839765397155736e+00 -3.4759557670042817e+01
1.7718582566246435e+00 3.7303360054364627e+00 -3.3537691774837640e+01
1.7734290529514383e+00 3.6785001973628049e+00 -3.2461708897849597e+01
1.7749998492782333e+00 3.6282752876868125e+00 -3.1486632232370614e+01
1.7765706456050281e+00 3.5796224485481782e+00 -3.0460086522580976e+01
1.7781414419318231e+00 3.5329184624167822e+00 -2.9005275516670462e+01
1.7797122382586179e+00 3.4893918094542640e+00 -2.6414580285175148e+01
1.7812830345854127e+00 3.4515340114224604e+00 -2.1787465245516866e+01
1.7828538309122077e+00 3.4221058552669330e+00 -1.5681626900339189e+01
1.7844246272390025e+00 3.4019204606212732e+00 -1.0019215788601647e+01
1.7859954235657975e+00 3.3892504890003696e+00 -6.1126931098039838e+00
1.7875662198925923e+00 3.3812000467250827e+00 -4.1374483476999711e+00
1.7891370162193874e+00 3.3752741075214678e+00 -3.4076917860382734e+00
1.7907078125461822e+00 3.3704214978527620e+00 -2.7708427393225619e+00
1.7922786088729772e+00 3.3674694042209681e+00 -9.8787961243820022e-01
1.7938494051997720e+00 3.3666935253877015e+00 0.0000000000000000e+00
1.7954202015265668e+00 3.3673114798464021e+00 7.8680405366334394e-01
1.7969909978533618e+00 3.3679294343051032e+00 0.0000000000000000e+00
1.7985617941801566e+00 3.3675417300452128e+00 -4.9364039535493531e-01
1.8001325905069516e+00 3.3635951031839482e+00 -4.5313609927207379e+00
1.8017033868337464e+00 3.3503998304928868e+00 -1.2269382001103674e+01
1.8032741831605414e+00 3.3239039316215400e+00 -2.1466244215196035e+01
1.8048449794873362e+00 3.2843427565278080e+00 -2.8904608350338375e+01
1.8064157758141310e+00 3.2344803160210280e+00 -3.4582222699902147e+01
1.8079865721409261e+00 3.1766740521850458e+00 -3.9018998349458961e+01
1.8095573684677209e+00 3.1125299489254581e+00 -4.2651810482228967e+01
1.8111281647945159e+00 3.0429519451906515e+00 -4.5937655316650797e+01
1.8126989611213107e+00 2.9681760414091181e+00 -4.9269982371314995e+01
1.8142697574481057e+00 2.8882324491329321e+00 -5.2517360662901673e+01
1.8158405537749005e+00 2.8039807256459115e+00 -5.4755265392871848e+01
1.8174113501016955e+00 2.7179096906805871e+00 -5.4833779981253528e+01
1.8189821464284903e+00 2.6339495283512022e+00 -5.2067618878909315e+01
1.8205529427552851e+00 2.5565716873188311e+00 -4.6452908209742588e+01
1.8221237390820801e+00 2.4898644602736444e+00 -3.8481371183809117e+01
1.8236945354088749e+00 2.4369263455028176e+00 -2.8921529966140092e+01
1.8252653317356700e+00 2.3986389473099972e+00 -1.9827499477976666e+01
1.8268361280624648e+00 2.3728945185663477e+00 -1.2951325255056602e+01
1.8284069243892598e+00 2.3559022552348043e+00 -8.6838963732158128e+00
1.8299777207160546e+00 2.3438972229528527e+00 -6.6013854639882883e+00
1.8315485170428496e+00 2.3341303638068580e+00 -5.8341658285497857e+00
1.8331193133696444e+00 2.3256915329512475e+00 -4.9104873281453969e+00
1.8346901096964392e+00 2.3198667858246571e+00 -2.5058110515122660e+00
1.8362609060232342e+00 2.3172892639458329e+00 -7.7599173202628002e-01
1.8378317023500290e+00 2.3164859285265584e+00 -2.4684669148017513e-01
1.8394024986768240e+00 2.3161700784913029e+00 -1.5530606361342172e-01
1.8409732950036188e+00 2.3158609682974505e+00 -2.3826525888005404e-01
1.8425440913304139e+00 2.3149732681068831e+00 -8.9198972761939022e-01
1.8441148876572087e+00 2.3123906819082989e+00 -2.3962611481051992e+00
1.8456856839840037e+00 2.3052413417602753e+00 -6.7065614471207446e+00
1.8472564803107985e+00 2.2906282491041585e+00 -1.1899405993527360e+01
1.8488272766375933e+00 2.2696937325142748e+00 -1.4755248378628798e+01
1.8503980729643883e+00 2.2465825672252024e+00 -1.4670801192326397e+01
1.8519688692911831e+00 2.2254395022758233e+00 -1.2249385198128962e+01
1.8535396656179781e+00 2.2089454805591542e+00 -8.7514555032531796e+00
1.8551104619447729e+00 2.1974646826924973e+00 -5.8663503456864312e+00
1.8566812582715679e+00 2.1895594150903670e+00 -4.1989489770587385e+00
1.8582520545983627e+00 2.1835200120412352e+00 -3.4906578116903018e+00
1.8598228509251575e+00 2.1780466223230603e+00 -3.4782784212371665e+00
1.8613936472519526e+00 2.1721172963781394e+00 -4.0711738454596045e+00
1.8629644435787474e+00 2.1648198485318360e+00 -5.2202253280969382e+00
1.8645352399055424e+00 2.1554838452793224e+00 -6.6667432027787372e+00
1.8661060362323372e+00 2.1440440881510927e+00 -7.8988079550503691e+00
1.8676768325591322e+00 2.1311278138516712e+00 -8.5467032536185332e+00
1.8692476288859270e+00 2.1175834913229146e+00 -8.6984637966426845e+00
1.8708184252127220e+00 2.1040291580931365e+00 -8.5594492740274148e+00
1.8723892215395168e+00 2.0909337054193289e+00 -8.1141989264731968e+00
1.8739600178663116e+00 2.0788445680048864e+00 -7.2781688913335705e+00
1.8755308141931066e+00 2.0683247567937286e+00 -6.1160707458595107e+00
1.8771016105199014e+00 2.0596255844528550e+00 -4.9600594850079887e+00
1.8786724068466965e+00 2.0525056437086135e+00 -4.1053306267305407e+00
1.8802432031734913e+00 2.0463649755248707e+00 -3.7132109359080800e+00
1.8818139995002863e+00 2.0404133661849397e+00 -3.8646134305065445e+00
1.8833847958270811e+00 2.0337916410897479e+00 -4.5664288150576677e+00
1.8849555921538761e+00 2.0257364727123983e+00 -5.6897301024831171e+00
1.8865263884806709e+00 2.0159947732356631e+00 -6.7137869042225757e+00
1.8880971848074657e+00 2.0049906748140911e+00 -7.2970663602814065e+00
1.8896679811342607e+00 1.9931135124940087e+00 -7.8254063848849462e+00
1.8912387774610555e+00 1.9802237850195341e+00 -8.5863043564764236e+00
1.8928095737878505e+00 1.9657939748565001e+00 -9.7863005661182818e+00
1.8943803701146453e+00 1.9490315428887703e+00 -1.1556290681129470e+01
1.8959511664414403e+00 1.9290323327183430e+00 -1.3907494571326252e+01
1.8975219627682351e+00 1.9051075523323333e+00 -1.6554481915247177e+01
1.8990927590950299e+00 1.8771173563889210e+00 -1.9083742424793300e+01
1.9006635554218250e+00 1.8454864311110988e+00 -2.1190002475489923e+01
1.9022343517486198e+00 1.8111282804162512e+00 -2.2556153673162594e+01
1.9038051480754148e+00 1.7752057315151117e+00 -2.3181856135447052e+01
1.9053759444022096e+00 1.7386911960587805e+00 -2.3309894365190836e+01
1.9069467407290046e+00 1.7022108226002386e+00 -2.3138359728928187e+01
1.9085175370557994e+00 1.6663701509164126e+00 -2.2495400768791708e+01
1.9100883333825944e+00 1.6324469260615786e+00 -2.0696990601322380e+01
1.9116591297093892e+00 1.6030368632411365e+00 -1.6749064394812322e+01
1.9132299260361840e+00 1.5818623915249874e+00 -1.0211110333066573e+01
1.9148007223629790e+00 1.5720815133099089e+00 -2.2422905926089984e+00
1.9163715186897738e+00 1.5703204223966705e+00 0.0000000000000000e+00
1.9179423150165689e+00 1.5720624912945464e+00 2.2180710104288499e+00
1.9195131113433637e+00 1.5767929940929868e+00 3.8049922190261420e+00
1.9210839076701587e+00 1.5846903581957057e+00 6.2502440557267169e+00
1.9226547039969535e+00 1.5966171747501690e+00 8.9354504242188852e+00
1.9242255003237485e+00 1.6125470368983557e+00 1.1347080005030527e+01
1.9257962966505433e+00 1.6319933546277003e+00 1.3412740727457253e+01
1.9273670929773381e+00 1.6548593365883253e+00 1.5701131734013240e+01
1.9289378893041331e+00 1.6819503435489340e+00 1.8792209634926561e+01
1.9305086856309279e+00 1.7141773198952546e+00 2.2240451056455949e+01
1.9320794819577229e+00 1.7506958115660158e+00 2.4256336652835422e+01
1.9336502782845177e+00 1.7878719853805116e+00 2.3077837969731299e+01
1.9352210746113128e+00 1.8196977009110737e+00 1.7443921583269180e+01
1.9367918709381076e+00 1.8397361543816573e+00 8.0698297908149375e+00
1.9383626672649024e+00 1.8466421193177620e+00 7.2311786038872616e-01
1.9399334635916974e+00 1.8472100547572312e+00 0.0000000000000000e+00
1.9415042599184922e+00 1.8444709544784490e+00 -3.4875307919407348e+00
1.9430750562452872e+00 1.8351780549101875e+00 -8.3445564236211922e+00
1.9446458525720820e+00 1.8185219327885396e+00 -1.2862676923600342e+01
1.9462166488988770e+00 1.7945732784665749e+00 -1.7629696802315390e+01
1.9477874452256718e+00 1.7627399116843330e+00 -2.2901804626896407e+01
1.9493582415524668e+00 1.7220796053881939e+00 -2.8868505250387784e+01
1.9509290378792616e+00 1.6714097256929152e+00 -3.5646389304618381e+01
1.9524998342060564e+00 1.6105342227631549e+00 -4.1862708331198419e+01
1.9540706305328515e+00 1.5417042280012108e+00 -4.5774362863616204e+01
1.9556414268596463e+00 1.4693017571817053e+00 -4.6411326120317582e+01
1.9572122231864413e+00 1.3983008159322179e+00 -4.3989879991940604e+01
1.9587830195132361e+00 1.3326929702870520e+00 -3.9544623528370373e+01
1.9603538158400311e+00 1.2745022647423088e+00 -3.4546083907230603e+01
1.9619246121668259e+00 1.2235511321301387e+00 -3.0326912983633783e+01
1.9634954084936209e+00 1.1781843579748219e+00 -2.7435857887980003e+01
1.9650662048204157e+00 1.1363573739182147e+00 -2.5819912249902902e+01
1.9666370011472105e+00 1.0961803688216478e+00 -2.5335039428075319e+01
1.9682077974740055e+00 1.0559493160130797e+00 -2.5888727934118219e+01
1.9697785938008003e+00 1.0143518615159615e+00 -2.7074796091937664e+01
1.9713493901275954e+00 9.7110206164910851e-01 -2.7992559400416777e+01
1.9729201864543902e+00 9.2704501349010160e-01 -2.8102616539935745e+01
1.9744909827811852e+00 8.8351137849680306e-01 -2.7326129059593988e+01
1.9760617791079800e+00 8.4203902041268863e-01 -2.5478117266520787e+01
1.9776325754347750e+00 8.0431218327538956e-01 -2.2557183674467780e+01
1.9792033717615698e+00 7.7177820394182883e-01 -1.8866365360620783e+01
1.9807741680883646e+00 7.4525885475626730e-01 -1.4899118723078464e+01
1.9823449644151596e+00 7.2476123680869842e-01 -1.1199259020637376e+01
1.9839157607419544e+00 7.0959287287154449e-01 -8.1137017730829673e+00
1.9854865570687494e+00 6.9879093653883884e-01 -5.6397507254283568e+00
1.9870573533955442e+00 6.9195254939032058e-01 -3.0671542142744213e+00
1.9886281497223393e+00 6.8922956328481755e-01 -3.9985937501614666e-01
1.9901989460491341e+00 6.8891551446606258e-01 0.0000000000000000e+00
1.9917697423759289e+00 6.9023965090544870e-01 1.6859428772512537e+00
1.9933405387027239e+00 6.9471508191251452e-01 4.0123528606784005e+00
1.9949113350295187e+00 7.0254021796817823e-01 5.9509198083262538e+00
1.9964821313563137e+00 7.1174906378504266e-01 5.7741468470736450e+00
1.9980529276831085e+00 7.1845995832759380e-01 2.7704294650503196e+00
1.9996237240099035e+00 7.2063584854126661e-01 0.0000000000000000e+00
2.0011945203366985e+00 7.2032776373290353e-01 -3.9226576113996953e-01
2.0027653166634933e+00 7.1609360972910185e-01 -4.9988265549993312e+00
2.0043361129902881e+00 7.0323384897562613e-01 -1.1374729372160246e+01
2.0059069093170829e+00 6.8208134988607461e-01 -1.5557468938632896e+01
2.0074777056438777e+00 6.5560491281357958e-01 -1.8153377745761929e+01
2.0090485019706730e+00 6.2550619338890889e-01 -2.0169502071608747e+01
2.0106192982974678e+00 5.9217057271577500e-01 -2.2274728417719015e+01
2.0121900946242626e+00 5.5473175450341250e-01 -2.5393855438414871e+01
2.0137608909510574e+00 5.1132890948456211e-01 -2.9868363193600526e+01
2.0153316872778526e+00 4.6099697836549147e-01 -3.4216241870072459e+01
2.0169024836046474e+00 4.0565478340711691e-01 -3.6247629243377318e+01
2.0184732799314422e+00 3.4980011967043184e-01 -3.4868737384059564e+01
2.0200440762582370e+00 2.9856756649248012e-01 -3.0362575299859731e+01
2.0216148725850318e+00 2.5557488911825560e-01 -2.4377401667047057e+01
2.0231856689118271e+00 2.2146185968479232e-01 -1.9056656398343371e+01
2.0247564652386218e+00 1.9473845410273613e-01 -1.4968640358729081e+01
2.0263272615654166e+00 1.7409675029476274e-01 -1.1313193200294675e+01
2.0278980578922114e+00 1.5948284287817202e-01 -7.2938116256082530e+00
2.0294688542190067e+00 1.5138784488399246e-01 -3.0130599351307037e+00
2.0310396505458015e+00 1.4902139314473450e-01 0.0000000000000000e+00
2.0326104468725963e+00 1.4977011660847991e-01 9.5330432211181670e-01
2.0341812431993911e+00 1.5396376111575394e-01 4.3862097011112224e+00
2.0357520395261859e+00 1.6538431999638489e-01 1.0154897488685350e+01
2.0373228358529811e+00 1.8519287697621648e-01 1.5066140582170393e+01
2.0388936321797759e+00 2.0986486209814120e-01 1.6347206522183708e+01
2.0404644285065707e+00 2.3349549755703913e-01 1.3740253011307951e+01
2.0420352248333655e+00 2.5089981144019768e-01 8.4196076737141112e+00
2.0436060211601603e+00 2.6038921229534395e-01 3.6626727509025367e+00
2.0451768174869556e+00 2.6442192537407400e-01 1.4719370135061165e+00
2.0467476138137504e+00 2.6600324770676603e-01 5.4146511345033899e-01
2.0483184101405452e+00 2.6642851341241369e-01 0.0000000000000000e+00
2.0498892064673400e+00 2.6575692120472938e-01 -8.5509775675968891e-01
2.0514600027941352e+00 2.6327073065551992e-01 -2.3104183662399067e+00
2.0530307991209300e+00 2.5881254470185855e-01 -3.3659202877449506e+00
2.0546015954477248e+00 2.5264940668628894e-01 -4.4812307533393829e+00
2.0561723917745196e+00 2.4458706340891226e-01 -5.7840635306469537e+00
2.0577431881013144e+00 2.3457388524965012e-01 -6.9651108702048461e+00
2.0593139844281096e+00 2.2308234994540813e-01 -7.6663663088730516e+00
2.0608847807549044e+00 2.1101700205293564e-01 -7.6957117488109219e+00
2.0624555770816992e+00 1.9942541269130112e-01 -7.0631582127544776e+00
2.0640263734084940e+00 1.8923755610702050e-01 -5.9084236664429017e+00
2.0655971697352893e+00 1.8099100581582780e-01 -4.5914102719485870e+00
2.0671679660620841e+00 1.7460041493325668e-01 -3.5453427539654521e+00
2.0687387623888789e+00 1.6947052380092589e-01 -2.9862374959047560e+00
2.0703095587156737e+00 1.6482942262353051e-01 -2.9229960542723266e+00
2.0718803550424685e+00 1.5991477335431778e-01 -3.3345297437934627e+00
2.0734511513692637e+00 1.5400025648373680e-01 -4.1960670238318283e+00
2.0750219476960585e+00 1.4647117362310980e-01 -5.3902590099068295e+00
2.0765927440228533e+00 1.3707608332579352e-01 -6.5719414829946281e+00
2.0781635403496481e+00 1.2634277559552870e-01 -7.0941303649910017e+00
2.0797343366764434e+00 1.1569264375697612e-01 -6.4660386484941474e+00
2.0813051330032382e+00 1.0701147444754315e-01 -4.5871694108178316e+00
2.0828759293300330e+00 1.0165582433749043e-01 -2.2318560970669421e+00
2.0844467256568278e+00 9.9902928657886761e-02 0.0000000000000000e+00
2.0860175219836226e+00 1.0039054946134637e-01 6.2085808980035584e-01
2.0875883183104178e+00 1.0416442863767533e-01 4.1841941145531854e+00
2.0891591146372126e+00 1.1344942726834016e-01 7.6378333148218553e+00
2.0907299109640074e+00 1.2745164016632191e-01 1.0190337860690359e+01
2.0923007072908022e+00 1.4448798934252380e-01 1.1501015608367540e+01
2.0938715036175974e+00 1.6270392564815539e-01 1.1692234840334427e+01
2.0954422999443922e+00 1.8090701538001264e-01 1.1484658842630253e+01
2.0970130962711870e+00 1.9921808058605397e-01 1.1829713483927160e+01
2.0985838925979818e+00 2.1828914280839423e-01 1.2452317097662830e+01
2.1001546889247766e+00 2.3752783603362398e-01 1.2043147905729686e+01
2.1017254852515719e+00 2.5480773951874935e-01 9.9583085407340448e+00
2.1032962815783667e+00 2.6726454245617581e-01 5.9021855601714739e+00
2.1048670779051615e+00 2.7327243697346487e-01 1.7473033198390320e+00
2.1064378742319563e+00 2.7464476579176461e-01 0.0000000000000000e+00
2.1080086705587515e+00 2.7053407597652707e-01 -5.2338928288993642e+00
2.1095794668855463e+00 2.5668319141833984e-01 -1.2401601120147351e+01
2.1111502632123411e+00 2.3401163722272983e-01 -1.6464718222311536e+01
2.1127210595391359e+00 2.0748467998434272e-01 -1.7310452735103677e+01
2.1142918558659307e+00 1.8165523190119873e-01 -1.5576621983041148e+01
2.1158626521927260e+00 1.5956081001174383e-01 -1.2554869684668816e+01
2.1174334485195208e+00 1.4199333938520314e-01 -9.8127286180175943e+00
2.1190042448463156e+00 1.2810754436973301e-01 -7.8672147057664734e+00
2.1205750411731104e+00 1.1698325601817393e-01 -6.2966691304761584e+00
2.1221458374999056e+00 1.0833222707457298e-01 -4.7181630231626004e+00
2.1237166338267004e+00 1.0224877179846251e-01 -3.0275328030094939e+00
2.1252874301534952e+00 9.9029819507980898e-02 -1.0709645458477748e+00
2.1268582264802900e+00 9.8188685920608323e-02 0.0000000000000000e+00
2.1284290228070848e+00 9.9018348019629679e-02 1.0563585932420354e+00
2.1299998191338800e+00 1.0465632311136341e-01 6.1221342457836352e+00
2.1315706154606748e+00 1.1881182265322048e-01 1.1901207546390385e+01
2.1331414117874696e+00 1.3916415639215543e-01 1.4012188597670860e+01
2.1347122081142644e+00 1.5966091671669314e-01 1.2085097186490888e+01
2.1362830044410592e+00 1.7499932960071685e-01 7.4443766509246174e+00
2.1378538007678545e+00 1.8258778657576336e-01 2.2175468532238236e+00
2.1394245970946493e+00 1.8432944380153302e-01 0.0000000000000000e+00
2.1409953934214441e+00 1.8352234372379977e-01 -1.0276317355288516e+00
2.1425661897482389e+00 1.8059573764980946e-01 -2.6986388497379568e+00
2.1441369860750341e+00 1.7483963987643042e-01 -4.6302524586886449e+00
2.1457077824018289e+00 1.6623630134026973e-01 -6.3238583822957439e+00
2.1472785787286237e+00 1.5488491725987252e-01 -8.1291727163440886e+00
2.1488493750554185e+00 1.3983314390041399e-01 -1.1035340343310924e+01
2.1504201713822133e+00 1.1889359961498280e-01 -1.5625715489634915e+01
2.1519909677090086e+00 9.1160433859021908e-02 -1.9685247851541757e+01
2.1535617640358033e+00 5.9664014963127551e-02 -2.0417238204257242e+01
2.1551325603625981e+00 3.0537757858034916e-02 -1.6667464132072514e+01
2.1567033566893929e+00 1.0207525904893138e-02 -9.2177911443075899e+00
2.1582741530161882e+00 1.4839448347853392e-03 -1.8894172458542990e+00
2.1598449493429830e+00 0.0000000000000000e+00 0.0000000000000000e+00
2.1614157456697778e+00 2.4914053646432122e-03 3.1721558322292629e+00
2.1629865419965726e+00 1.2092025809794247e-02 9.0517337725306959e+00
2.1645573383233674e+00 3.0543749395853394e-02 1.4441730365763778e+01
2.1661281346501626e+00 5.5891418510008326e-02 1.7831924317233277e+01
2.1676989309769574e+00 8.5370380215183728e-02 1.9701855463531874e+01
2.1692697273037522e+00 1.1753137948359643e-01 2.1246800603212371e+01
2.1708405236305470e+00 1.5262581101181785e-01 2.3436817418522399e+01
2.1724113199573423e+00 1.9131552390618417e-01 2.5824455013023844e+01
2.1739821162841371e+00 2.3264157520643788e-01 2.6793507730216454e+01
2.1755529126109319e+00 2.7349198542922043e-01 2.5218849984087079e+01
2.1771237089377267e+00 3.0980065556715364e-01 2.1010784652277110e+01
2.1786945052645215e+00 3.3834475910498851e-01 1.5332696741111384e+01
2.1802653015913167e+00 3.5852119350993616e-01 1.0356737415017379e+01
2.1818360979181115e+00 3.7224580439647159e-01 7.1179799018233316e+00
2.1834068942449063e+00 3.8174541548613417e-01 4.9773005971405349e+00
2.1849776905717011e+00 3.8818565643153680e-01 3.2226688521691687e+00
2.1865484868984963e+00 3.9198831424356556e-01 1.6190254492008924e+00
2.1881192832252911e+00 3.9360050208188913e-01 4.3367586009386971e-01
2.1896900795520859e+00 3.9394111030591666e-01 0.0000000000000000e+00
2.1912608758788807e+00 3.9394111030591666e-01 0.0000000000000000e+00
2.1928316722056755e+00 3.9415917212158857e-01 2.7764492691026155e-01
2.1944024685324708e+00 3.9437723393726054e-01 0.0000000000000000e+00
2.1959732648592656e+00 3.9379134580015024e-01 -7.4597594496007036e-01
2.1975440611860604e+00 3.9137167893851477e-01 -2.3348395883595980e+00
2.1991148575128552e+00 3.8623011877148988e-01 -4.2115981379320067e+00
2.2006856538396504e+00 3.7799807685001191e-01 -6.2697631704090764e+00
2.2022564501664452e+00 3.6666879657744650e-01 -8.1551244860100880e+00
2.2038272464932400e+00 3.5275221803393270e-01 -9.5640136430056941e+00
2.2053980428200348e+00 3.3698125512646560e-01 -1.0516199989334121e+01
2.2069688391468296e+00 3.2024093485533128e-01 -1.0798237771407045e+01
2.2085396354736249e+00 3.0357259240844892e-01 -1.0424554977146542e+01
2.2101104318004197e+00 2.8778726291909679e-01 -9.6739507553719672e+00
2.2116812281272145e+00 2.7315171086397155e-01 -8.9606128802446481e+00
2.2132520244540093e+00 2.5950045528295795e-01 -8.4207055607895533e+00
2.2148228207808045e+00 2.4686366543793486e-01 -7.6689549883980064e+00
2.2163936171075993e+00 2.3606852507105813e-01 -6.0758446176771583e+00
2.2179644134343941e+00 2.2859332184045242e-01 -3.4418797404626624e+00
2.2195352097611889e+00 2.2505721213098728e-01 -1.0604349761505996e+00
2.2211060060879837e+00 2.2422434844831624e-01 0.0000000000000000e+00
2.2226768024147789e+00 2.2515497374397156e-01 1.1849089277589453e+00
2.2242475987415737e+00 2.2991713857590187e-01 4.8784676548021837e+00
2.2258183950683685e+00 2.4091112466454861e-01 9.1195101875319722e+00
2.2273891913951633e+00 2.5812138504781790e-01 1.2793273907636776e+01
2.2289599877219581e+00 2.8001043619158078e-01 1.5076731605334297e+01
2.2305307840487534e+00 3.0433898100004964e-01 1.5899333710662754e+01
2.2321015803755482e+00 3.2937545360606879e-01 1.5978093272001450e+01
2.2336723767023430e+00 3.5474758665028938e-01 1.6326709854183957e+01
2.2352431730291378e+00 3.8112320854897702e-01 1.7255774964209948e+01
2.2368139693559330e+00 4.0906206506955922e-01 1.8317081992469326e+01
2.2383847656827278e+00 4.3846984363870012e-01 1.9126064604578414e+01
2.2399555620095226e+00 4.6878328628510352e-01 1.9470209309886112e+01
2.2415263583363174e+00 4.9921393572030870e-01 1.9275296922992315e+01
2.2430971546631122e+00 5.2878622326359259e-01 1.8377309005398171e+01
2.2446679509899075e+00 5.5645790331094569e-01 1.6855368300143063e+01
2.2462387473167023e+00 5.8190304782249358e-01 1.5542395913462590e+01
2.2478095436434971e+00 6.0595791207056116e-01 1.5085208490415084e+01
2.2493803399702919e+00 6.3007348124740403e-01 1.5619687829339586e+01
2.2509511362970871e+00 6.5581044814757750e-01 1.7149636189493993e+01
2.2525219326238819e+00 6.8465198926742732e-01 1.9572554495406361e+01
2.2540927289506767e+00 7.1759718900143188e-01 2.2374576615129175e+01
2.2556635252774715e+00 7.5465324624644270e-01 2.4806660841191526e+01
2.2572343216042663e+00 7.9497824733702760e-01 2.6536725188832893e+01
2.2588051179310615e+00 8.3736340749686122e-01 2.7429736836588763e+01
2.2603759142578563e+00 8.8052423258539037e-01 2.7524332449527453e+01
2.2619467105846511e+00 9.2344093724932808e-01 2.7118913058321446e+01
2.2635175069114459e+00 9.6577791999540497e-01 2.6786207578757342e+01
2.2650883032382412e+00 1.0079744093696608e+00 2.6940031341530414e+01
2.2666590995650360e+00 1.0504235629796539e+00 2.7107909675253676e+01
2.2682298958918308e+00 1.0921689163201098e+00 2.6043925006760190e+01
2.2698006922186256e+00 1.1303234233898665e+00 2.2535902204334242e+01
2.2713714885454204e+00 1.1606625244534523e+00 1.6093041021542394e+01
2.2729422848722156e+00 1.1794527831371697e+00 7.8314593903645520e+00
2.2745130811990104e+00 1.1856035969590835e+00 0.0000000000000000e+00
2.2760838775258052e+00 1.1852290772688414e+00 -4.7685327989822540e-01
2.2776546738526000e+00 1.1812599863794702e+00 -4.5767501970977449e+00
2.2792254701793953e+00 1.1715496751136871e+00 -7.7868020981819628e+00
2.2807962665061901e+00 1.1569369849001478e+00 -1.0818652936661898e+01
2.2823670628329848e+00 1.1388728565160524e+00 -1.2181309663142757e+01
2.2839378591597796e+00 1.1198353519165800e+00 -1.2057994025984623e+01
2.2855086554865744e+00 1.1011719324138622e+00 -1.1705009724858611e+01
2.2870794518133697e+00 1.0827344245569688e+00 -1.1770354384898102e+01
2.2886502481401645e+00 1.0643994379109585e+00 -1.1574475664994905e+01
2.2902210444669593e+00 1.0472533842655769e+00 -1.0256557872456712e+01
2.2917918407937541e+00 1.0333188838937359e+00 -7.4853990370992189e+00
2.2933626371205493e+00 1.0246374057293339e+00 -3.5682022685696890e+00
2.2949334334473441e+00 1.0218349462209688e+00 0.0000000000000000e+00
2.2965042297741389e+00 1.0218532571901162e+00 2.3314250020992085e-02
2.2980750261009337e+00 1.0233589643515753e+00 1.8938116507396634e+00
2.2996458224277285e+00 1.0278331053987964e+00 3.8028416593054390e+00
2.3012166187545238e+00 1.0351769637549011e+00 5.5476492106188156e+00
2.3027874150813186e+00 1.0449886702153259e+00 6.9450034561283198e+00
2.3043582114081134e+00 1.0564839416687710e+00 7.6912307358640488e+00
2.3059290077349082e+00 1.0686464383298437e+00 7.7945409757241437e+00
2.3074998040617030e+00 1.0806948569802390e+00 7.5459821014848458e+00
2.3090706003884982e+00 1.0924821311569879e+00 7.4620415049840201e+00
2.3106413967152930e+00 1.1045481798913495e+00 7.9009288923077561e+00
2.3122121930420878e+00 1.1177852942284752e+00 8.9530885399026001e+00
2.3137829893688826e+00 1.1332067679451849e+00 1.0682141634307493e+01
2.3153537856956778e+00 1.1519733829673688e+00 1.3212254732752781e+01
2.3169245820224726e+00 1.1752930280416971e+00 1.6479239545072232e+01
2.3184953783492674e+00 1.2039831729002035e+00 2.0050187432960463e+01
2.3200661746760622e+00 1.2381499405319285e+00 2.3452292231531736e+01
2.3216369710028570e+00 1.2770727271376952e+00 2.6105738866221628e+01
2.3232077673296523e+00 1.3191885810025612e+00 2.7517831734801344e+01
2.3247785636564471e+00 1.3625678673372257e+00 2.7714391048886451e+01
2.3263493599832419e+00 1.4056576266434453e+00 2.7149194472915827e+01
2.3279201563100367e+00 1.4477289870003804e+00 2.6417725234340551e+01
2.3294909526368319e+00 1.4886952002259510e+00 2.5742077442497024e+01
2.3310617489636267e+00 1.5284705925368465e+00 2.4901524955093016e+01
2.3326325452904215e+00 1.5665568687636968e+00 2.3591428048642637e+01
2.3342033416172163e+00 1.6020784472106326e+00 2.1636050321411087e+01
2.3357741379440111e+00 1.6340729106295546e+00 1.9100565716145482e+01
2.3373449342708064e+00 1.6617811525079622e+00 1.6178663558522150e+01
2.3389157305976012e+00 1.6849518487316719e+00 1.3323183152552591e+01
2.3404865269243960e+00 1.7041657670439578e+00 1.1140737451962503e+01
2.3420573232511908e+00 1.7207599661987025e+00 9.9876531250705209e+00
2.3436281195779860e+00 1.7363957229449765e+00 9.9204106761405448e+00
2.3451989159047808e+00 1.7527618878008633e+00 1.0917637614030637e+01
2.3467697122315756e+00 1.7714840735976591e+00 1.2920189706330323e+01
2.3483405085583704e+00 1.7939051366716823e+00 1.5627194434519032e+01
2.3499113048851652e+00 1.8206289479489637e+00 1.8398618869757311e+01
2.3514821012119604e+00 1.8512635051282951e+00 2.0606510766409418e+01
2.3530528975387552e+00 1.8847170330903598e+00 2.1987843945797398e+01
2.3546236938655500e+00 1.9196436496045683e+00 2.2482105363895919e+01
2.3561944901923448e+00 1.9547163107173138e+00 2.2173793703949585e+01
2.3577652865191401e+00 1.9889617845328071e+00 2.1428897786119631e+01
2.3593360828459349e+00 2.0221479969618468e+00 2.0825100218517683e+01
2.3609068791727297e+00 2.0545368870684642e+00 2.0413715475311701e+01
2.3624776754995245e+00 2.0859662217951955e+00 1.9603356363483499e+01
2.3640484718263193e+00 2.1154158897879305e+00 1.7893125504190568e+01
2.3656192681531145e+00 2.1413354116094356e+00 1.5108634659568597e+01
2.3671900644799093e+00 2.1620538206190725e+00 1.1270862995499868e+01
2.3687608608067041e+00 2.1761901870122009e+00 6.7281177150975520e+00
2.3703316571334989e+00 2.1830432421098940e+00 1.9974630375347138e+00
2.3719024534602942e+00 2.1846120459110283e+00 0.0000000000000000e+00
2.3734732497870890e+00 2.1837836601737330e+00 -1.0547334790187168e+00
2.3750440461138838e+00 2.1811571611482852e+00 -2.2894289443902824e+00
2.3766148424406786e+00 2.1771196242228754e+00 -2.8513227323699235e+00
2.3781856387674734e+00 2.1734079962759352e+00 -1.8744687450188353e+00
2.3797564350942686e+00 2.1716126764840702e+00 -4.1140340942861670e-01
2.3813272314210634e+00 2.1712895610018896e+00 0.0000000000000000e+00
2.3828980277478582e+00 2.1716369724351088e+00 4.4233797506768718e-01
2.3844688240746530e+00 2.1723524654242992e+00 4.6865599275042674e-01
2.3860396204014482e+00 2.1727205469802708e+00 0.0000000000000000e+00
2.3876104167282430e+00 2.1723663355861462e+00 -4.5099595419529659e-01
2.3891812130550378e+00 2.1700988672318839e+00 -2.4360344208869154e+00
2.3907520093818326e+00 2.1639731562945141e+00 -5.3634629841895576e+00
2.3923228057086274e+00 2.1533202505713724e+00 -8.2002378488510814e+00
2.3938936020354227e+00 2.1386821606046578e+00 -1.0437557156157213e+01
2.3954643983622175e+00 2.1211537878314237e+00 -1.1880260213584826e+01
2.3970351946890123e+00 2.1020346684807056e+00 -1.2462958604262436e+01
2.3986059910158071e+00 2.0826053730486289e+00 -1.2275188666201331e+01
2.4001767873426019e+00 2.0638576834375160e+00 -1.1595111119089680e+01
2.4017475836693971e+00 2.0463517926758534e+00 -1.0694081264468103e+01
2.4033183799961919e+00 2.0306308064000484e+00 -9.3225001441269750e+00
2.4048891763229867e+00 2.0175084170933970e+00 -7.3854448425126398e+00
2.4064599726497815e+00 2.0077767421754533e+00 -5.0053084995214565e+00
2.4080307689765768e+00 2.0020906298328542e+00 -2.2344745908806214e+00
2.4096015653033716e+00 2.0003356775930183e+00 0.0000000000000000e+00
2.4111723616301663e+00 2.0045376221167857e+00 5.3500819324442528e+00
2.4127431579569611e+00 2.0207814968102245e+00 1.5332261686965856e+01
2.4143139542837559e+00 2.0517771905138722e+00 2.4132681253019673e+01
2.4158847506105512e+00 2.0954678234426671e+00 3.1495960326418079e+01
2.4174555469373460e+00 2.1499318860677823e+00 3.7849837974814989e+01
2.4190263432641408e+00 2.2137875660766575e+00 4.3453738968444824e+01
2.4205971395909356e+00 2.2863090087591766e+00 4.8883429696188550e+01
2.4221679359177308e+00 2.3677158974547670e+00 5.4767040204868046e+01
2.4237387322445256e+00 2.4584916557956182e+00 6.0812245018033515e+01
2.4253095285713204e+00 2.5576038221278661e+00 6.5381284520561238e+01
2.4268803248981152e+00 2.6614929514742016e+00 6.6894463231307753e+01
2.4284511212249100e+00 2.7647510224267147e+00 6.4577796018509247e+01
2.4300219175517053e+00 2.8618299159435145e+00 5.9026890166187087e+01
2.4315927138785001e+00 2.9490499002386237e+00 5.2025042929532745e+01
2.4331635102052949e+00 3.0258560571743174e+00 4.5767593360133425e+01
2.4347343065320897e+00 3.0940374717078671e+00 4.1043679839968171e+01
2.4363051028588849e+00 3.1556042609798802e+00 3.7345590903517945e+01
2.4378758991856797e+00 3.2116241529212890e+00 3.3981150808079015e+01
2.4394466955124745e+00 3.2620463706358582e+00 3.0218410719360460e+01
2.4410174918392693e+00 3.3055648558843527e+00 2.5191045626000076e+01
2.4425882881660641e+00 3.3393431013097543e+00 1.7816752201393619e+01
2.4441590844928593e+00 3.3600262774562069e+00 8.5178855789867640e+00
2.4457298808196541e+00 3.3677605723141015e+00 1.3297244847274261e+00
2.4473006771464489e+00 3.3688049354822311e+00 0.0000000000000000e+00
2.4488714734732437e+00 3.3688049354822311e+00 0.0000000000000000e+00
2.4504422698000390e+00 3.3699804496483599e+00 1.4967111217112492e+00
2.4520130661268338e+00 3.3776501559085901e+00 8.2686621853171420e+00
2.4535838624536286e+00 3.3974817127457539e+00 1.6981660213424576e+01
2.4551546587804234e+00 3.4297231373154409e+00 2.4069396527299180e+01
2.4567254551072182e+00 3.4709147379025076e+00 2.8377378251093440e+01
2.4582962514340134e+00 3.5167996684564877e+00 3.0045129837647984e+01
2.4598670477608082e+00 3.5635569001271734e+00 2.9488026527816306e+01
2.4614378440876030e+00 3.6083518572794264e+00 2.7546684323153205e+01
2.4630086404143978e+00 3.6497970288409318e+00 2.5222947047291932e+01
2.4645794367411931e+00 3.6877554561952079e+00 2.3107223716118611e+01
2.4661502330679879e+00 3.7227809134639140e+00 2.1488573550832289e+01
2.4677210293947827e+00 3.7556943828199412e+00 2.0418157187693122e+01
2.4692918257215775e+00 3.7871853605690826e+00 1.9677400984891221e+01
2.4708626220483723e+00 3.8176059055962059e+00 1.9055239916041291e+01
2.4724334183751675e+00 3.8470510215071796e+00 1.8435446061112707e+01
2.4740042147019623e+00 3.8754892971859576e+00 1.7773291117189785e+01
2.4755750110287571e+00 3.9028479102859737e+00 1.7060776970862161e+01
2.4771458073555519e+00 3.9290524513837597e+00 1.6303881006478932e+01
2.4787166036823467e+00 3.9540408872892798e+00 1.5512383749511441e+01
2.4802874000091419e+00 3.9777670514640491e+00 1.4696706722676865e+01
2.4818581963359367e+00 4.0002011001718669e+00 1.3867211240633299e+01
2.4834289926627315e+00 4.0213293009272277e+00 1.3034049470197127e+01
2.4849997889895263e+00 4.0411536618872876e+00 1.2207110853257142e+01
2.4865705853163216e+00 4.0596915719315811e+00 1.1396089291874997e+01
2.4881413816431164e+00 4.0769758658955544e+00 1.0610957285884068e+01
2.4897121779699112e+00 4.0930564437176189e+00 9.8634702993611914e+00
2.4912829742967060e+00 4.1080054544560367e+00 9.1702013274643157e+00
2.4928537706235008e+00 4.1219271633703478e+00 8.5554689925293168e+00
2.4944245669502960e+00 4.1349681089887840e+00 8.0487786696006012e+00
2.4959953632770908e+00 4.1473173353317598e+00 7.6747446571624556e+00
2.4975661596038856e+00 4.1591720557331771e+00 7.4191541497019111e+00
2.4991369559306804e+00 4.1706810310131477e+00 7.2345282961372357e+00
2.5007077522574757e+00 4.1819230545213184e+00 7.0792605973053782e+00
2.5022785485842705e+00 4.1929246570149354e+00 6.9284147530253417e+00
2.5038493449110653e+00 4.2036838660995741e+00 6.7706357236112957e+00
2.5054201412378601e+00 4.2141866762146485e+00 6.6019574457468240e+00
2.5069909375646549e+00 4.2244150893817354e+00 6.4212626784782989e+00
2.5085617338914501e+00 4.2343499736005032e+00 6.2282247812189668e+00
2.5101325302182449e+00 4.2439717734415154e+00 6.0226312678844804e+00
2.5117033265450397e+00 4.2532605565210089e+00 5.8042146713943144e+00
2.5132741228718345e+00 4.2621959006944588e+00 5.5726188760617177e+00
2.5148449191986297e+00 4.2707567477714932e+00 5.3273901588468462e+00
2.5164157155254245e+00 4.2789212436724533e+00 5.0679688850846007e+00
2.5179865118522193e+00 4.2866665621835160e+00 4.7936769297708777e+00
2.5195573081790141e+00 4.2939687023795896e+00 4.5036967290712386e+00
2.5211281045058089e+00 4.3008022399071999e+00 4.1970334815145236e+00
2.5226989008326042e+00 4.3071399889013007e+00 3.8724391623783898e+00
2.5242696971593990e+00 4.3129524901045153e+00 3.5282672233751304e+00
2.5258404934861938e+00 4.3182073508715657e+00 3.1624293073112271e+00
2.5274112898129886e+00 4.3228695177490728e+00 2.7736259252851525e+00
2.5289820861397838e+00 4.3269064530491868e+00 2.3663597383564157e+00
2.5305528824665786e+00 4.3303042186740885e+00 1.9598098190101252e+00
2.5321236787933734e+00 4.3330932116958474e+00 1.5912463862842547e+00
2.5336944751201682e+00 4.3353714081668926e+00 1.3094434513267872e+00
2.5352652714469630e+00 4.3373608078054309e+00 1.2235388387420678e+00
2.5368360677737583e+00 4.3395938841608048e+00 1.6197022833328369e+00
2.5384068641005531e+00 4.3424076086605883e+00 1.9628430177812999e+00
2.5399776604273478e+00 4.3452878495293712e+00 1.7043935547161235e+00
2.5415484567541426e+00 4.3479651046645325e+00 1.7043935547161650e+00
2.5431192530809379e+00 4.3506423597996937e+00 1.7043935547161650e+00
2.5446900494077327e+00 4.3533196149348550e+00 1.7043935547161235e+00
2.5462608457345275e+00 4.3559968700700162e+00 1.7043935547161235e+00
2.5478316420613223e+00 4.3586741252051775e+00 1.7043935547161235e+00
2.5494024383881171e+00 4.3613513803403388e+00 1.7043935547161650e+00
2.5509732347149123e+00 4.3640286354755000e+00 1.7043935547161650e+00
2.5525440310417071e+00 4.3667058906106613e+00 1.7043935547161235e+00
2.5541148273685019e+00 4.3693831457458225e+00 1.7043935547161235e+00
2.5556856236952967e+00 4.3720604008809838e+00 1.7043935547161650e+00
2.5572564200220920e+00 4.3747376560161451e+00 1.7043935547161650e+00
2.5588272163488868e+00 4.3774149111513063e+00 1.7043935547161235e+00
2.5603980126756816e+00 4.3800921662864676e+00 1.7043935547161235e+00
2.5619688090024764e+00 4.3827694214216288e+00 1.7043935547161235e+00
2.5635396053292712e+00 4.3854466765567901e+00 1.7043935547161650e+00
2.5651104016560664e+00 4.3881239316919514e+00 1.7043935547161650e+00
2.5666811979828612e+00 4.3908011868271126e+00 1.7043935547161235e+00
2.5682519943096560e+00 4.3934784419622739e+00 1.7043935547161235e+00
2.5698227906364508e+00 4.3961556970974351e+00 1.7043935547161235e+00
2.5713935869632456e+00 4.3988329522325964e+00 1.7043935547161650e+00
2.5729643832900408e+00 4.4015102073677577e+00 1.7043935547161650e+00
2.5745351796168356e+00 4.4041874625029189e+00 1.7043935547161235e+00
2.5761059759436304e+00 4.4068647176380802e+00 1.7043935547161235e+00
2.5776767722704252e+00 4.4095419727732414e+00 1.7043935547161650e+00
2.5792475685972205e+00 4.4122192279084027e+00 1.7043935547161650e+00
2.5808183649240153e+00 4.4148964830435640e+00 1.7043935547161235e+00
2.5823891612508101e+00 4.4175737381787252e+00 1.7043935547164060e+00
2.5839599575776049e+00 4.4202509933138865e+00 1.7043935547161235e+00
2.5855307539043997e+00 4.4229282484490478e+00 1.7043935547161650e+00
2.5871015502311949e+00 4.4256055035842090e+00 1.7043935547161650e+00
2.5886723465579897e+00 4.4282827587193703e+00 1.7043935547161235e+00
2.5902431428847845e+00 4.4309600138545315e+00 1.7043935547161235e+00
2.5918139392115793e+00 4.4336372689896928e+00 1.7043935547161650e+00
2.5933847355383746e+00 4.4363145241248541e+00 1.7043935547161650e+00
2.5949555318651694e+00 4.4389917792600153e+00 1.7043935547161235e+00
2.5965263281919642e+00 4.4416690343951766e+00 1.7043935547161235e+00
2.5980971245187590e+00 4.4443462895303378e+00 1.7043935547161235e+00
2.5996679208455538e+00 4.4470235446654991e+00 1.7043935547161650e+00
2.6012387171723490e+00 4.4497007998006604e+00 1.7043935547161650e+00
2.6028095134991438e+00 4.4523780549358216e+00 1.7043935547161235e+00
2.6043803098259386e+00 4.4550553100709829e+00 1.7043935547161235e+00
2.6059511061527334e+00 4.4577325652061441e+00 1.7043935547161650e+00
2.6075219024795286e+00 4.4604098203413054e+00 1.7043935547161650e+00
2.6090926988063234e+00 4.4630870754764667e+00 1.7043935547161235e+00
2.6106634951331182e+00 4.4657643306116279e+00 1.7043935547161235e+00
2.6122342914599130e+00 4.4684415857467892e+00 1.7043935547161235e+00
2.6138050877867078e+00 4.4711188408819504e+00 1.7043935547161650e+00
2.6153758841135031e+00 4.4737960960171117e+00 1.7043935547161650e+00
2.6169466804402979e+00 4.4764733511522730e+00 1.7043935547161235e+00
2.6185174767670927e+00 4.4791506062874342e+00 1.7043935547161235e+00
2.6200882730938875e+00 4.4818278614225955e+00 1.7043935547161650e+00
2.6216590694206827e+00 4.4845051165577567e+00 1.7043935547161650e+00
2.6232298657474775e+00 4.4871823716929180e+00 1.7043935547161235e+00
2.6248006620742723e+00 4.4898596268280793e+00 1.7043935547161235e+00
2.6263714584010671e+00 4.4925368819632405e+00 1.7043935547161235e+00
2.6279422547278619e+00 4.4952141370984018e+00 1.7043935547161650e+00
2.6295130510546572e+00 4.4978913922335630e+00 1.7043935547161650e+00
2.6310838473814520e+00 4.5005686473687243e+00 1.7043935547164060e+00
2.6326546437082468e+00 4.5032459025038856e+00 1.7043935547161235e+00
2.6342254400350416e+00 4.5059231576390459e+00 1.7043935547158822e+00
2.6357962363618368e+00 4.5086004127742072e+00 1.7043935547161650e+00
2.6373670326886316e+00 4.5112776679093685e+00 1.7043935547164060e+00
2.6389378290154264e+00 4.5139549230445297e+00 1.7043935547161235e+00
2.6405086253422212e+00 4.5166321781796910e+00 1.7043935547161235e+00
2.6420794216690160e+00 4.5193094333148522e+00 1.7043935547161650e+00
2.6436502179958112e+00 4.5219866884500135e+00 1.7043935547161650e+00
2.6452210143226060e+00 4.5246639435851748e+00 1.7043935547161235e+00
2.6467918106494008e+00 4.5273411987203360e+00 1.7043935547161235e+00
2.6483626069761956e+00 4.5300184538554973e+00 1.7043935547161650e+00
2.6499334033029909e+00 4.5326957089906585e+00 1.7043935547161650e+00
2.6515041996297857e+00 4.5353729641258198e+00 1.7043935547161235e+00
2.6530749959565805e+00 4.5380502192609811e+00 1.7043935547161235e+00
2.6546457922833753e+00 4.5407274743961423e+00 1.7043935547161235e+00
2.6562165886101701e+00 4.5434047295313036e+00 1.7043935547161650e+00
2.6577873849369653e+00 4.5460819846664648e+00 1.7043935547161650e+00
2.6593581812637601e+00 4.5487592398016261e+00 1.7043935547161235e+00
2.6609289775905549e+00 4.5514364949367874e+00 1.7043935547161235e+00
2.6624997739173497e+00 4.5541137500719486e+00 1.7043935547161235e+00
2.6640705702441445e+00 4.5567910052071099e+00 1.7043935547161650e+00
2.6656413665709398e+00 4.5594682603422712e+00 1.7043935547161650e+00
2.6672121628977346e+00 4.5621455154774324e+00 1.7043935547161235e+00
2.6687829592245293e+00 4.5648227706125937e+00 1.7043935547161235e+00
2.6703537555513241e+00 4.5675000257477549e+00 1.7043935547161650e+00
2.6719245518781194e+00 4.5701772808829162e+00 1.7043935547161650e+00
2.6734953482049142e+00 4.5728545360180775e+00 1.7043935547161235e+00
2.6750661445317090e+00 4.5755317911532387e+00 1.7043935547161235e+00
2.6766369408585038e+00 4.5782090462884000e+00 1.7043935547164060e+00
2.6782077371852986e+00 4.5808863014235612e+00 1.7043935547161650e+00
2.6797785335120938e+00 4.5835635565587225e+00 1.7043935547158822e+00
2.6813493298388886e+00 4.5862408116938829e+00 1.7043935547161235e+00
2.6829201261656834e+00 4.5889180668290441e+00 1.7043935547164060e+00
2.6844909224924782e+00 4.5915953219642054e+00 1.7043935547161650e+00
2.6860617188192735e+00 4.5942725770993667e+00 1.7043935547158822e+00
2.6876325151460683e+00 4.5969498322345270e+00 1.7043935547161235e+00
2.6892033114728631e+00 4.5996270873696883e+00 1.7043935547164060e+00
2.6907741077996579e+00 4.6023043425048495e+00 1.7043935547161235e+00
2.6923449041264527e+00 4.6049815976400108e+00 1.7043935547161650e+00
2.6939157004532479e+00 4.6076588527751721e+00 1.7043935547161650e+00
2.6954864967800427e+00 4.6103361079103333e+00 1.7043935547161235e+00
2.6970572931068375e+00 4.6130133630454946e+00 1.7043935547161235e+00
2.6986280894336323e+00 4.6156906181806558e+00 1.7043935547161650e+00
2.7001988857604275e+00 4.6183678733158171e+00 1.7043935547161650e+00
2.7017696820872223e+00 4.6210451284509784e+00 1.7043935547161235e+00
2.7033404784140171e+00 4.6237223835861396e+00 1.7043935547161235e+00
2.7049112747408119e+00 4.6263996387213009e+00 1.7043935547161235e+00
2.7064820710676067e+00 4.6290768938564621e+00 1.7043935547161650e+00
2.7080528673944020e+00 4.6317541489916234e+00 1.7043935547161650e+00
2.7096236637211968e+00 4.6344314041267847e+00 1.7043935547161235e+00
2.7111944600479916e+00 4.6371086592619459e+00 1.7043935547161235e+00
2.7127652563747864e+00 4.6397859143971072e+00 1.7043935547161650e+00
2.7143360527015816e+00 4.6424631695322685e+00 1.7043935547161650e+00
2.7159068490283764e+00 4.6451404246674297e+00 1.7043935547161235e+00
2.7174776453551712e+00 4.6478176798025910e+00 1.7043935547161235e+00
2.7190484416819660e+00 4.6504949349377522e+00 1.7043935547161235e+00
2.7206192380087608e+00 4.6531721900729135e+00 1.7043935547161650e+00
2.7221900343355561e+00 4.6558494452080748e+00 1.7043935547161650e+00
2.7237608306623509e+00 4.6585267003432360e+00 1.7043935547161235e+00
2.7253316269891457e+00 4.6612039554783973e+00 1.7043935547161235e+00
2.7269024233159405e+00 4.6638812106135585e+00 1.7043935547161650e+00
2.7284732196427357e+00 4.6665584657487198e+00 1.7043935547161650e+00
2.7300440159695305e+00 4.6692357208838811e+00 1.7043935547161235e+00
2.7316148122963253e+00 4.6719129760190423e+00 1.7043935547161235e+00
2.7331856086231201e+00 4.6745902311542036e+00 1.7043935547161235e+00
2.7347564049499149e+00 4.6772674862893648e+00 1.7043935547161650e+00
2.7363272012767101e+00 4.6799447414245261e+00 1.7043935547161650e+00
2.7378979976035049e+00 4.6826219965596874e+00 1.7043935547164060e+00
2.7394687939302997e+00 4.6852992516948486e+00 1.7043935547161235e+00
2.7410395902570945e+00 4.6879765068300099e+00 1.7043935547161235e+00
2.7426103865838893e+00 4.6906537619651711e+00 1.7043935547161650e+00
2.7441811829106846e+00 4.6933310171003324e+00 1.7043935547161650e+00
2.7457519792374794e+00 4.6960082722354937e+00 1.7043935547161235e+00
2.7473227755642742e+00 4.6986855273706549e+00 1.7043935547161235e+00
2.7488935718910690e+00 4.7013627825058162e+00 1.7043935547161650e+00
2.7504643682178642e+00 4.7040400376409774e+00 1.7043935547161650e+00
2.7520351645446590e+00 4.7067172927761387e+00 1.7043935547161235e+00
2.7536059608714538e+00 4.7093945479113000e+00 1.7043935547161235e+00
2.7551767571982486e+00 4.7120718030464612e+00 1.7043935547161235e+00
2.7567475535250434e+00 4.7147490581816225e+00 1.7043935547161650e+00
2.7583183498518387e+00 4.7174263133167837e+00 1.7043935547161650e+00
2.7598891461786335e+00 4.7201035684519450e+00 1.7043935547161235e+00
2.7614599425054283e+00 4.7227808235871063e+00 1.7043935547161235e+00
2.7630307388322231e+00 4.7254580787222675e+00 1.7043935547161650e+00
2.7646015351590183e+00 4.7281353338574288e+00 1.7043935547161650e+00
2.7661723314858131e+00 4.7308125889925901e+00 1.7043935547161235e+00
2.7677431278126079e+00 4.7334898441277513e+00 1.7043935547161235e+00
2.7693139241394027e+00 4.7361670992629126e+00 1.7043935547161235e+00
2.7708847204661975e+00 4.7388443543980738e+00 1.7043935547161650e+00
2.7724555167929927e+00 4.7415216095332351e+00 1.7043935547161650e+00
2.7740263131197875e+00 4.7441988646683964e+00 1.7043935547161235e+00
2.7755971094465823e+00 4.7468761198035576e+00 1.7043935547161235e+00
2.7771679057733771e+00 4.7495533749387189e+00 1.7043935547161650e+00
2.7787387021001724e+00 4.7522306300738801e+00 1.7043935547161650e+00
2.7803094984269672e+00 4.7549078852090414e+00 1.7043935547161235e+00
2.7818802947537620e+00 4.7575851403442027e+00 1.7043935547161235e+00
2.7834510910805568e+00 4.7602623954793639e+00 1.7043935547164060e+00
2.7850218874073516e+00 4.7629396506145252e+00 1.7043935547161650e+00
2.7865926837341468e+00 4.7656169057496864e+00 1.7043935547161650e+00
2.7881634800609416e+00 4.7682941608848477e+00 1.7043935547161235e+00
2.7897342763877364e+00 4.7709714160200090e+00 1.7043935547161235e+00
2.7913050727145312e+00 4.7736486711551702e+00 1.7043935547161650e+00
2.7928758690413265e+00 4.7763259262903315e+00 1.7043935547161650e+00
2.7944466653681213e+00 4.7790031814254927e+00 1.7043935547161235e+00
2.7960174616949161e+00 4.7816804365606540e+00 1.7043935547161235e+00
2.7975882580217108e+00 4.7843576916958153e+00 1.7043935547161235e+00
2.7991590543485056e+00 4.7870349468309765e+00 1.7043935547161650e+00
2.8007298506753009e+00 4.7897122019661378e+00 1.7043935547161650e+00
2.8023006470020957e+00 4.7923894571012990e+00 1.7043935547161235e+00
2.8038714433288905e+00 4.7950667122364603e+00 1.7043935547161235e+00
2.8054422396556853e+00 4.7977439673716216e+00 1.7043935547161650e+00
2.8070130359824805e+00 4.8004212225067828e+00 1.7043935547161650e+00
2.8085838323092753e+00 4.8030984776419441e+00 1.7043935547161235e+00
2.8101546286360701e+00 4.8057757327771053e+00 1.7043935547161235e+00
2.8117254249628649e+00 4.8084529879122666e+00 1.7043935547161235e+00
2.8132962212896597e+00 4.8111302430474279e+00 1.7043935547161650e+00
2.8148670176164550e+00 4.8138074981825891e+00 1.7043935547161650e+00
2.8164378139432498e+00 4.8164847533177504e+00 1.7043935547161235e+00
2.8180086102700446e+00 4.8191620084529116e+00 1.7043935547161235e+00
2.8195794065968394e+00 4.8218392635880729e+00 1.7043935547161650e+00
2.8211502029236346e+00 4.8245165187232342e+00 1.7043935547161650e+00
2.8227209992504294e+00 4.8271937738583954e+00 1.7043935547161235e+00
2.8242917955772242e+00 4.8298710289935567e+00 1.7043935547161235e+00
2.8258625919040190e+00 4.8325482841287180e+00 1.7043935547161235e+00
2.8274333882308138e+00 4.8352255392638792e+00 1.7043935547161650e+00
2.8290041845576090e+00 4.8379027943990405e+00 1.7043935547161650e+00
2.8305749808844038e+00 4.8405800495342017e+00 1.7043935547161235e+00
2.8321457772111986e+00 4.8432573046693630e+00 1.7043935547164060e+00
2.8337165735379934e+00 4.8459345598045243e+00 1.7043935547161235e+00
2.8352873698647882e+00 4.8486118149396855e+00 1.7043935547161650e+00
2.8368581661915835e+00 4.8512890700748468e+00 1.7043935547161650e+00
2.8384289625183783e+00 4.8539663252100071e+00 1.7043935547158406e+00
2.8399997588451731e+00 4.8566435803451675e+00 1.7043935547161235e+00
2.8415705551719679e+00 4.8593208354803288e+00 1.7043935547161650e+00
2.8431413514987631e+00 4.8619980906154900e+00 1.7043935547161650e+00
2.8447121478255579e+00 4.8646753457506513e+00 1.7043935547164060e+00
2.8462829441523527e+00 4.8673526008858126e+00 1.7043935547161235e+00
2.8478537404791475e+00 4.8700298560209738e+00 1.7043935547161235e+00
2.8494245368059423e+00 4.8727071111561351e+00 1.7043935547161650e+00
2.8509953331327376e+00 4.8753843662912963e+00 1.7043935547161650e+00
2.8525661294595324e+00 4.8780616214264576e+00 1.7043935547161235e+00
2.8541369257863272e+00 4.8807388765616189e+00 1.7043935547161235e+00
2.8557077221131220e+00 4.8834161316967801e+00 1.7043935547161650e+00
2.8572785184399172e+00 4.8860933868319414e+00 1.7043935547161650e+00
2.8588493147667120e+00 4.8887706419671026e+00 1.7043935547161235e+00
2.8604201110935068e+00 4.8914478971022639e+00 1.7043935547161235e+00
2.8619909074203016e+00 4.8941251522374252e+00 1.7043935547161235e+00
2.8635617037470964e+00 4.8968024073725864e+00 1.7043935547161650e+00
2.8651325000738916e+00 4.8994796625077477e+00 1.7043935547161650e+00
2.8667032964006864e+00 4.9021569176429090e+00 1.7043935547161235e+00
2.8682740927274812e+00 4.9048341727780702e+00 1.7043935547161235e+00
2.8698448890542760e+00 4.9075114279132315e+00 1.7043935547161650e+00
2.8714156853810713e+00 4.9101886830483927e+00 1.7043935547161650e+00
2.8729864817078661e+00 4.9128659381835540e+00 1.7043935547161235e+00
2.8745572780346609e+00 4.9155431933187153e+00 1.7043935547161235e+00
2.8761280743614557e+00 4.9182204484538765e+00 1.7043935547161235e+00
2.8776988706882505e+00 4.9208977035890378e+00 1.7043935547161650e+00
2.8792696670150457e+00 4.9235749587241990e+00 1.7043935547161650e+00
2.8808404633418405e+00 4.9262522138593603e+00 1.7043935547164060e+00
2.8824112596686353e+00 4.9289294689945216e+00 1.7043935547161235e+00
2.8839820559954301e+00 4.9316067241296819e+00 1.7043935547158822e+00
2.8855528523222254e+00 4.9342839792648432e+00 1.7043935547161650e+00
2.8871236486490202e+00 4.9369612344000045e+00 1.7043935547161235e+00
2.8886944449758150e+00 4.9396384895351657e+00 1.7043935547161235e+00
2.8902652413026098e+00 4.9423157446703270e+00 1.7043935547164060e+00
2.8918360376294046e+00 4.9449929998054882e+00 1.7043935547161650e+00
2.8934068339561998e+00 4.9476702549406495e+00 1.7043935547161650e+00
2.8949776302829946e+00 4.9503475100758108e+00 1.7043935547161235e+00
2.8965484266097894e+00 4.9530247652109720e+00 1.7043935547161235e+00
2.8981192229365842e+00 4.9557020203461333e+00 1.7043935547161650e+00
2.8996900192633794e+00 4.9583792754812945e+00 1.7043935547161650e+00
2.9012608155901742e+00 4.9610565306164558e+00 1.7043935547161235e+00
2.9028316119169690e+00 4.9637337857516171e+00 1.7043935547161235e+00
2.9044024082437638e+00 4.9664110408867783e+00 1.7043935547161235e+00
2.9059732045705586e+00 4.9690882960219396e+00 1.7043935547161650e+00
2.9075440008973539e+00 4.9717655511571008e+00 1.7043935547161650e+00
2.9091147972241487e+00 4.9744428062922621e+00 1.7043935547161235e+00
2.9106855935509435e+00 4.9771200614274234e+00 1.7043935547161235e+00
2.9122563898777383e+00 4.9797973165625846e+00 1.7043935547161235e+00
2.9138271862045331e+00 4.9824745716977459e+00 1.7043935547161650e+00
2.9153979825313283e+00 4.9851518268329071e+00 1.7043935547161650e+00
2.9169687788581231e+00 4.9878290819680684e+00 1.7043935547161235e+00
2.9185395751849179e+00 4.9905063371032297e+00 1.7043935547161235e+00
2.9201103715117127e+00 4.9931835922383909e+00 1.7043935547161650e+00
2.9216811678385080e+00 4.9958608473735522e+00 1.7043935547161650e+00
2.9232519641653028e+00 4.9985381025087134e+00 1.7043935547161235e+00
2.9248227604920976e+00 5.0012153576438747e+00 1.7043935547161235e+00
2.9263935568188923e+00 5.0038926127790360e+00 1.7043935547164060e+00
2.9279643531456871e+00 5.0065698679141972e+00 1.7043935547161650e+00
2.9295351494724824e+00 5.0092471230493585e+00 1.7043935547158822e+00
2.9311059457992772e+00 5.0119243781845189e+00 1.7043935547161235e+00
2.9326767421260720e+00 5.0146016333196801e+00 1.7043935547161235e+00
2.9342475384528668e+00 5.0172788884548414e+00 1.7043935547161650e+00
2.9358183347796620e+00 5.0199561435900026e+00 1.7043935547161650e+00
2.9373891311064568e+00 5.0226333987251639e+00 1.7043935547161235e+00
2.9389599274332516e+00 5.0253106538603252e+00 1.7043935547164060e+00
2.9405307237600464e+00 5.0279879089954864e+00 1.7043935547161235e+00
2.9421015200868412e+00 5.0306651641306477e+00 1.7043935547161650e+00
2.9436723164136365e+00 5.0333424192658089e+00 1.7043935547161650e+00
2.9452431127404313e+00 5.0360196744009702e+00 1.7043935547161235e+00
2.9468139090672261e+00 5.0386969295361315e+00 1.7043935547161235e+00
2.9483847053940209e+00 5.0413741846712918e+00 1.7043935547158822e+00
2.9499555017208161e+00 5.0440514398064531e+00 1.7043935547161650e+00
2.9515262980476109e+00 5.0467286949416144e+00 1.7043935547164060e+00
2.9530970943744057e+00 5.0494059500767756e+00 1.7043935547161235e+00
2.9546678907012005e+00 5.0520832052119369e+00 1.7043935547161235e+00
2.9562386870279953e+00 5.0547604603470981e+00 1.7043935547161650e+00
2.9578094833547905e+00 5.0574377154822594e+00 1.7043935547161650e+00
2.9593802796815853e+00 5.0601149706174207e+00 1.7043935547161235e+00
2.9609510760083801e+00 5.0627922257525819e+00 1.7043935547161235e+00
2.9625218723351749e+00 5.0654694808877432e+00 1.7043935547161650e+00
2.9640926686619702e+00 5.0681467360229044e+00 1.7043935547161650e+00
2.9656634649887650e+00 5.0708239911580657e+00 1.7043935547161235e+00
2.9672342613155598e+00 5.0735012462932270e+00 1.7043935547161235e+00
2.9688050576423546e+00 5.0761785014283882e+00 1.7043935547161235e+00
2.9703758539691494e+00 5.0788557565635495e+00 1.7043935547161650e+00
2.9719466502959446e+00 5.0815330116987107e+00 1.7043935547161650e+00
2.9735174466227394e+00 5.0842102668338720e+00 1.7043935547161235e+00
2.9750882429495342e+00 5.0868875219690333e+00 1.7043935547161235e+00
2.9766590392763290e+00 5.0895647771041945e+00 1.7043935547161650e+00
2.9782298356031243e+00 5.0922420322393558e+00 1.7043935547161650e+00
2.9798006319299191e+00 5.0949192873745170e+00 1.7043935547161235e+00
2.9813714282567139e+00 5.0975965425096783e+00 1.7043935547161235e+00
2.9829422245835087e+00 5.1002737976448396e+00 1.7043935547161235e+00
2.9845130209103035e+00 5.1029510527800008e+00 1.7043935547161650e+00
2.9860838172370987e+00 5.1056283079151621e+00 1.7043935547161650e+00
2.9876546135638935e+00 5.1083055630503234e+00 1.7043935547164060e+00
2.9892254098906883e+00 5.1109828181854846e+00 1.7043935547161235e+00
2.9907962062174831e+00 5.1136600733206459e+00 1.7043935547161650e+00
2.9923670025442783e+00 5.1163373284558071e+00 1.7043935547161650e+00
2.9939377988710731e+00 5.1190145835909675e+00 1.7043935547158406e+00
2.9955085951978679e+00 5.1216918387261279e+00 1.7043935547161235e+00
2.9970793915246627e+00 5.1243690938612891e+00 1.7043935547164060e+00
2.9986501878514575e+00 5.1270463489964504e+00 1.7043935547161650e+00
3.0002209841782528e+00 5.1297236041316117e+00 1.7043935547161650e+00
3.0017917805050476e+00 5.1324008592667729e+00 1.7043935547161235e+00
3.0033625768318424e+00 5.1350781144019342e+00 1.7043935547161235e+00
3.0049333731586372e+00 5.1377553695370954e+00 1.7043935547161235e+00
3.0065041694854320e+00 5.1404326246722567e+00 1.7043935547161650e+00
3.0080749658122272e+00 5.1431098798074180e+00 1.7043935547161650e+00
3.0096457621390220e+00 5.1457871349425792e+00 1.7043935547161235e+00
3.0112165584658168e+00 5.1484643900777405e+00 1.7043935547161235e+00
3.0127873547926116e+00 5.1511416452129017e+00 1.7043935547161650e+00
3.0143581511194069e+00 5.1538189003480630e+00 1.7043935547161650e+00
3.0159289474462017e+00 5.1564961554832243e+00 1.7043935547161235e+00
3.0174997437729965e+00 5.1591734106183855e+00 1.7043935547161235e+00
3.0190705400997913e+00 5.1618506657535468e+00 1.7043935547161235e+00
3.0206413364265861e+00 5.1645279208887080e+00 1.7043935547161650e+00
3.0222121327533813e+00 5.1672051760238693e+00 1.7043935547161650e+00
3.0237829290801761e+00 5.1698824311590306e+00 1.7043935547161235e+00
3.0253537254069709e+00 5.1725596862941918e+00 1.7043935547161235e+00
3.0269245217337657e+00 5.1752369414293531e+00 1.7043935547161650e+00
3.0284953180605609e+00 5.1779141965645143e+00 1.7043935547161650e+00
3.0300661143873557e+00 5.1805914516996756e+00 1.7043935547161235e+00
3.0316369107141505e+00 5.1832687068348369e+00 1.7043935547161235e+00
3.0332077070409453e+00 5.1859459619699981e+00 1.7043935547164060e+00
3.0347785033677401e+00 5.1886232171051594e+00 1.7043935547161650e+00
3.0363492996945354e+00 5.1913004722403207e+00 1.7043935547161650e+00
3.0379200960213302e+00 5.1939777273754819e+00 1.7043935547161235e+00
3.0394908923481250e+00 5.1966549825106423e+00 1.7043935547158406e+00
3.0410616886749198e+00 5.1993322376458027e+00 1.7043935547161650e+00
3.0426324850017150e+00 5.2047126161940129e+00 6.9035506143261030e+00
3.0442032813285098e+00 5.2217251908915188e+00 1.4757532248300055e+01
3.0457740776553046e+00 5.2510747710903853e+00 2.2611513882274334e+01
3.0473448739820994e+00 5.2927613567906109e+00 3.0465495516248044e+01
3.0489156703088942e+00 5.3467849479921972e+00 3.8319477150222077e+01
3.0504864666356895e+00 5.4131455446951637e+00 4.6173458784198289e+01
3.0520572629624843e+00 5.4918431468994742e+00 5.4027440418172255e+01
3.0536280592892791e+00 5.5828777546051445e+00 6.1881422052146242e+01
3.0551988556160738e+00 5.6862493678121746e+00 6.9735403686120279e+01
3.0567696519428691e+00 5.8019579865205992e+00 7.7589385320096497e+01
3.0583404482696639e+00 5.9300036107303535e+00 8.5443366954070441e+01
3.0599112445964587e+00 6.0703862404414677e+00 9.3297348588044429e+01
3.0614820409232535e+00 6.2231058756539426e+00 1.0115133022201843e+02
3.0630528372500483e+00 6.3881625163677773e+00 1.0900531185599247e+02
3.0646236335768435e+00 6.5655561625830234e+00 1.1685929348996868e+02
3.0661944299036383e+00 6.7552868142995823e+00 1.2471327512394264e+02
3.0677652262304331e+00 6.9573544715175011e+00 1.3256725675791662e+02
3.0693360225572279e+00 7.1717591342367797e+00 1.4042123839189068e+02
3.0709068188840232e+00 7.3985008024574839e+00 1.4827522002586690e+02
3.0724776152108180e+00 7.6375794761794875e+00 1.5612920165984085e+02
3.0740484115376128e+00 7.8889951554028501e+00 1.6398318329381482e+02
3.0756192078644076e+00 8.1527478401275726e+00 1.7183716492778882e+02
3.0771900041912024e+00 8.4288375303536558e+00 1.7969114656176288e+02
3.0787608005179976e+00 8.7172642260811823e+00 1.8754512819573910e+02
3.0803315968447924e+00 9.0180279273099888e+00 1.9539910982971301e+02
3.0819023931715872e+00 9.3311286340401551e+00 2.0325309146368730e+02
3.0834731894983820e+00 9.6565663462716849e+00 2.1110707309766107e+02
3.0850439858251772e+00 9.9943410640046686e+00 2.1896105473163701e+02
3.0866147821519720e+00 1.0344452787238918e+01 2.2681503636561123e+02
3.0881855784787668e+00 1.0706901515974529e+01 2.3466901799958521e+02
3.0897563748055616e+00 1.1081687250211502e+01 2.4252299963355921e+02
3.0913271711323564e+00 1.1468809989949833e+01 2.5037698126753327e+02
3.0928979674591517e+00 1.1868269735189639e+01 2.5823096290150943e+02
3.0944687637859465e+00 1.2280066485930693e+01 2.6608494453548371e+02
3.0960395601127413e+00 1.2704200242173108e+01 2.7393892616945743e+02
3.0976103564395361e+00 1.3140671003916886e+01 2.8179290780343143e+02
3.0991811527663309e+00 1.3589478771162021e+01 2.8964688943740543e+02
3.1007519490931261e+00 1.4050623543908650e+01 2.9750087107138165e+02
3.1023227454199209e+00 1.4524105322156508e+01 3.0535485270535565e+02
3.1038935417467157e+00 1.5009924105905728e+01 3.1320883433932966e+02
3.1054643380735105e+00 1.5508079895156309e+01 3.2106281597330360e+02
3.1070351344003058e+00 1.6018572689908396e+01 3.2891679760727982e+02
3.1086059307271006e+00 1.6541402490161698e+01 3.3677077924125382e+02
3.1101767270538954e+00 1.7076569295916361e+01 3.4462476087522782e+02
3.1117475233806902e+00 1.7624073107172386e+01 3.5247874250920182e+02
3.1133183197074850e+00 1.8183913923929772e+01 3.6033272414317582e+02
3.1148891160342802e+00 1.8756091746188680e+01 3.6818670577715204e+02
3.1164599123610750e+00 1.9340606573948786e+01 3.7604068741112604e+02
3.1180307086878698e+00 1.9937458407210254e+01 3.8389466904510004e+02
3.1196015050146646e+00 2.0546647245973084e+01 3.9174865067907399e+02
3.1211723013414598e+00 2.1168173090237449e+01 3.9960263231305021e+02
3.1227430976682546e+00 2.1802035940003002e+01 4.0745661394702421e+02
3.1243138939950494e+00 2.2448235795269913e+01 4.1531059558099821e+02
3.1258846903218442e+00 2.3106772656038189e+01 4.2316457721497221e+02
3.1274554866486390e+00 2.3777646522307819e+01 4.3101855884894621e+02
3.1290262829754343e+00 2.4460857394079007e+01 4.3887254048292243e+02
3.1305970793022291e+00 2.5156405271351364e+01 4.4672652211689672e+02
3.1321678756290239e+00 2.5864290154125079e+01 4.5458050375087043e+02
3.1337386719558187e+00 2.6584512042400156e+01 4.6243448538484409e+02
3.1353094682826139e+00 2.7317070936176801e+01 4.7028846701882060e+02
3.1368802646094087e+00 2.8061966835454601e+01 4.7814244865279460e+02
3.1384510609362035e+00 2.8819199740233767e+01 4.8599643028676860e+02
3.1400218572629983e+00 2.9588769650514283e+01 4.9385041192074289e+02
3.1415926535897931e+00 3.0370676566296165e+01 5.0170439355471689e+02
