# x energy force
1.0000000000000000e-02 8.2425357991321178e+01 2.2612099076704752e+02
1.0996666666666667e-02 8.2200353691405567e+01 2.2539265454855115e+02
1.1993333333333333e-02 8.1976073923512899e+01 2.2466708035311152e+02
1.2990000000000002e-02 8.1752515155456365e+01 2.2394583213492436e+02
1.3986666666666668e-02 8.1529673088531709e+01 2.2322888410184294e+02
1.4983333333333335e-02 8.1307543449664223e+01 2.2251621061553055e+02
1.5980000000000001e-02 8.1086121991255879e+01 2.2180778619051426e+02
1.6976666666666668e-02 8.0865404491033473e+01 2.2110358549324940e+02
1.7973333333333334e-02 8.0645386751897632e+01 2.2040358334120802e+02
1.8970000000000001e-02 8.0426064601772737e+01 2.1970775470205140e+02
1.9966666666666667e-02 8.0207433893457704e+01 2.1901607469266065e+02
2.0963333333333334e-02 7.9989490504477686e+01 2.1832851857828823e+02
2.1960000000000000e-02 7.9772230336936630e+01 2.1764506177165984e+02
2.2956666666666667e-02 7.9555649317370765e+01 2.1696567983209042e+02
2.3953333333333333e-02 7.9339743396602927e+01 2.1629034846457827e+02
2.4950000000000000e-02 7.9124508549597763e+01 2.1561904351902911e+02
2.5946666666666666e-02 7.8909940775317764e+01 2.1495174098933478e+02
2.6943333333333333e-02 7.8696036096580201e+01 2.1428841701245514e+02
2.7940000000000000e-02 7.8482790559914946e+01 2.1362904786766859e+02
2.8936666666666666e-02 7.8270200235422990e+01 2.1297360997570976e+02
2.9933333333333333e-02 7.8058261216636012e+01 2.1232207989783529e+02
3.0929999999999999e-02 7.7846969620376626e+01 2.1167443433504027e+02
3.1926666666666666e-02 7.7636321586619559e+01 2.1103065012731628e+02
3.2923333333333332e-02 7.7426313278353533e+01 2.1039070425268093e+02
3.3920000000000006e-02 7.7216940881444117e+01 2.0975457382641864e+02
3.4916666666666672e-02 7.7008200604497333e+01 2.0912223610023500e+02
3.5913333333333339e-02 7.6800088678724066e+01 2.0849366846149476e+02
3.6910000000000005e-02 7.6592601357805279e+01 2.0786884843240475e+02
3.7906666666666672e-02 7.6385734917758029e+01 2.0724775366911325e+02
3.8903333333333338e-02 7.6179485656802328e+01 2.0663036196105509e+02
3.9900000000000005e-02 7.5973849895228739e+01 2.0601665123008809e+02
4.0896666666666671e-02 7.5768823975266812e+01 2.0540659952963108e+02
4.1893333333333338e-02 7.5564404260954277e+01 2.0480018504402270e+02
4.2890000000000005e-02 7.5360587138006977e+01 2.0419738608767179e+02
4.3886666666666671e-02 7.5157369013689689e+01 2.0359818110421742e+02
4.4883333333333338e-02 7.4954746316687590e+01 2.0300254866587230e+02
4.5880000000000004e-02 7.4752715496978581e+01 2.0241046747261012e+02
4.6876666666666671e-02 7.4551273025706294e+01 2.0182191635136718e+02
4.7873333333333337e-02 7.4350415395053957e+01 2.0123687425532981e+02
4.8870000000000004e-02 7.4150139118118901e+01 2.0065532026317800e+02
4.9866666666666670e-02 7.3950440728787896e+01 2.0007723357831591e+02
5.0863333333333337e-02 7.3751316781613170e+01 1.9950259352814467e+02
5.1860000000000003e-02 7.3552763851689249e+01 1.9893137956332080e+02
5.2856666666666670e-02 7.3354778534530453e+01 1.9836357125701494e+02
5.3853333333333336e-02 7.3157357445949117e+01 1.9779914830420591e+02
5.4850000000000003e-02 7.2960497221934602e+01 1.9723809052089641e+02
5.5846666666666669e-02 7.2764194518533046e+01 1.9668037784344349e+02
5.6843333333333336e-02 7.2568446011727687e+01 1.9612599032785118e+02
5.7840000000000009e-02 7.2373248397320054e+01 1.9557490814901112e+02
5.8836666666666676e-02 7.2178598390811786e+01 1.9502711160002147e+02
5.9833333333333343e-02 7.1984492727287190e+01 1.9448258109146715e+02
6.0830000000000009e-02 7.1790928161296492e+01 1.9394129715073143e+02
6.1826666666666676e-02 7.1597901466739756e+01 1.9340324042130919e+02
6.2823333333333342e-02 7.1405409436751526e+01 1.9286839166209484e+02
6.3820000000000002e-02 7.1213448883586153e+01 1.9233673174668789e+02
6.4816666666666675e-02 7.1022016638503786e+01 1.9180824166274368e+02
6.5813333333333335e-02 7.0831109551657065e+01 1.9128290251126785e+02
6.6810000000000008e-02 7.0640724491978503e+01 1.9076069550592106e+02
6.7806666666666668e-02 7.0450858347068475e+01 1.9024160197239121e+02
6.8803333333333341e-02 7.0261508023083948e+01 1.8972560334771583e+02
6.9800000000000001e-02 7.0072670444627832e+01 1.8921268117961233e+02
7.0796666666666674e-02 6.9884342554638991e+01 1.8870281712576443e+02
7.1793333333333334e-02 6.9696521314282947e+01 1.8819599295324710e+02
7.2789999999999994e-02 6.9509203702843209e+01 1.8769219053786992e+02
7.3786666666666667e-02 6.9322386717613213e+01 1.8719139186346280e+02
7.4783333333333341e-02 6.9136067373788975e+01 1.8669357902129141e+02
7.5780000000000000e-02 6.8950242704362367e+01 1.8619873420936619e+02
7.6776666666666674e-02 6.8764909760014973e+01 1.8570683973189165e+02
7.7773333333333333e-02 6.8580065609012649e+01 1.8521787799851708e+02
7.8770000000000007e-02 6.8395707337100689e+01 1.8473183152379750e+02
7.9766666666666666e-02 6.8211832047399582e+01 1.8424868292657234e+02
8.0763333333333340e-02 6.8028436860301440e+01 1.8376841492923171e+02
8.1759999999999999e-02 6.7845518913367016e+01 1.8329101035723139e+02
8.2756666666666673e-02 6.7663075361223349e+01 1.8281645213842987e+02
8.3753333333333332e-02 6.7481103375461984e+01 1.8234472330244674e+02
8.4750000000000006e-02 6.7299600144537862e+01 1.8187580698007810e+02
8.5746666666666665e-02 6.7118562873668765e+01 1.8140968640273343e+02
8.6743333333333339e-02 6.6937988784735353e+01 1.8094634490177231e+02
8.7739999999999999e-02 6.6757875116181850e+01 1.8048576590792734e+02
8.8736666666666672e-02 6.6578219122917289e+01 1.8002793295073340e+02
8.9733333333333332e-02 6.6399018076217317e+01 1.7957282965792217e+02
9.0730000000000005e-02 6.6220269263626619e+01 1.7912043975485847e+02
9.1726666666666665e-02 6.6041969988861936e+01 1.7867074706389877e+02
9.2723333333333338e-02 6.5864117571715653e+01 1.7822373550387815e+02
9.3719999999999998e-02 6.5686709347959948e+01 1.7777938908952518e+02
9.4716666666666671e-02 6.5509742669251466e+01 1.7733769193083521e+02
9.5713333333333331e-02 6.5333214903036691e+01 1.7689862823258508e+02
9.6710000000000004e-02 6.5157123432457766e+01 1.7646218229368438e+02
9.7706666666666664e-02 6.4981465656258919e+01 1.7602833850668407e+02
9.8703333333333337e-02 6.4806238988693423e+01 1.7559708135719114e+02
9.9699999999999997e-02 6.4631440859431166e+01 1.7516839542327043e+02
1.0069666666666667e-01 6.4457068713466697e+01 1.7474226537500218e+02
1.0169333333333333e-01 6.4283120011027876e+01 1.7431867597381196e+02
1.0269000000000000e-01 6.4109592227485052e+01 1.7389761207199342e+02
1.0368666666666666e-01 6.3936482853260785e+01 1.7347905861216935e+02
1.0468333333333334e-01 6.3763789393740083e+01 1.7306300062669931e+02
1.0568000000000001e-01 6.3591509369181225e+01 1.7264942323723287e+02
1.0667666666666667e-01 6.3419640314627038e+01 1.7223831165410894e+02
1.0767333333333334e-01 6.3248179779816795e+01 1.7182965117580892e+02
1.0867000000000000e-01 6.3077125329098578e+01 1.7142342718850824e+02
1.0966666666666668e-01 6.2906474541342163e+01 1.7101962516550344e+02
1.1066333333333334e-01 6.2736225009852454e+01 1.7061823066669598e+02
1.1166000000000001e-01 6.2566374342283403e+01 1.7021922933808540e+02
1.1265666666666667e-01 6.2396920160552490e+01 1.6982260691123503e+02
1.1365333333333334e-01 6.2227860100755656e+01 1.6942834920280842e+02
1.1465000000000000e-01 6.2059191813082776e+01 1.6903644211401345e+02
1.1564666666666668e-01 6.1890912961733619e+01 1.6864687163011740e+02
1.1664333333333333e-01 6.1723021224834334e+01 1.6825962381995839e+02
1.1764000000000001e-01 6.1555514294354403e+01 1.6787468483541483e+02
1.1863666666666667e-01 6.1388389876024135e+01 1.6749204091094151e+02
1.1963333333333334e-01 6.1221645689252583e+01 1.6711167836307078e+02
1.2063000000000000e-01 6.1055279467046020e+01 1.6673358358990282e+02
1.2162666666666667e-01 6.0889288955926844e+01 1.6635774307064571e+02
1.2262333333333333e-01 6.0723671915853018e+01 1.6598414336512721e+02
1.2362000000000001e-01 6.0558426120137938e+01 1.6561277111328852e+02
1.2461666666666667e-01 6.0393549355370844e+01 1.6524361303473387e+02
1.2561333333333335e-01 6.0229039421337625e+01 1.6487665592824820e+02
1.2661000000000000e-01 6.0064894130942172e+01 1.6451188667133403e+02
1.2760666666666667e-01 5.9901111310128130e+01 1.6414929221971667e+02
1.2860333333333335e-01 5.9737688797801205e+01 1.6378885960689178e+02
1.2960000000000002e-01 5.9574624445751837e+01 1.6343057594368213e+02
1.3059666666666667e-01 5.9411916118578404e+01 1.6307442841773644e+02
1.3159333333333334e-01 5.9249561693610829e+01 1.6272040429311090e+02
1.3259000000000001e-01 5.9087559060834714e+01 1.6236849090979103e+02
1.3358666666666669e-01 5.8925906122815860e+01 1.6201867568322692e+02
1.3458333333333333e-01 5.8764600794625267e+01 1.6167094610392274e+02
1.3558000000000001e-01 5.8603641003764565e+01 1.6132528973694724e+02
1.3657666666666668e-01 5.8443024690091931e+01 1.6098169422151636e+02
1.3757333333333335e-01 5.8282749805748381e+01 1.6064014727055437e+02
1.3857000000000003e-01 5.8122814315084561e+01 1.6030063667022517e+02
1.3956666666666670e-01 5.7963216194587936e+01 1.5996315027951522e+02
1.4056333333333335e-01 5.7803953432810466e+01 1.5962767602980043e+02
1.4156000000000002e-01 5.7645024030296611e+01 1.5929420192441890e+02
1.4255666666666669e-01 5.7486425999511887e+01 1.5896271603823962e+02
1.4355333333333337e-01 5.7328157364771755e+01 1.5863320651721142e+02
1.4455000000000001e-01 5.7170216162170995e+01 1.5830566157796039e+02
1.4554666666666669e-01 5.7012600439513470e+01 1.5798006950737434e+02
1.4654333333333336e-01 5.6855308256242303e+01 1.5765641866218604e+02
1.4754000000000003e-01 5.6698337683370490e+01 1.5733469746854340e+02
1.4853666666666668e-01 5.6541686803411913e+01 1.5701489442158197e+02
1.4953333333333335e-01 5.6385353710312778e+01 1.5669699808504524e+02
1.5053000000000002e-01 5.6229336509383451e+01 1.5638099709085310e+02
1.5152666666666670e-01 5.6073633317230716e+01 1.5606688013871906e+02
1.5252333333333334e-01 5.5918242261690388e+01 1.5575463599571859e+02
1.5352000000000002e-01 5.5763161481760392e+01 1.5544425349590625e+02
1.5451666666666669e-01 5.5608389127534217e+01 1.5513572153989804e+02
1.5551333333333336e-01 5.5453923360134745e+01 1.5482902909448541e+02
1.5651000000000001e-01 5.5299762351648518e+01 1.5452416519227128e+02
1.5750666666666668e-01 5.5145904285060311e+01 1.5422111893121189e+02
1.5850333333333336e-01 5.4992347354188240e+01 1.5391987947427484e+02
1.5950000000000003e-01 5.4839089763619114e+01 1.5362043604905205e+02
1.6049666666666668e-01 5.4686129728644239e+01 1.5332277794735390e+02
1.6149333333333335e-01 5.4533465475195605e+01 1.5302689452481843e+02
1.6249000000000002e-01 5.4381095239782461e+01 1.5273277520055851e+02
1.6348666666666670e-01 5.4229017269428205e+01 1.5244040945680365e+02
1.6448333333333334e-01 5.4077229821607744e+01 1.5214978683844774e+02
1.6548000000000002e-01 5.3925731164185144e+01 1.5186089695272227e+02
1.6647666666666669e-01 5.3774519575351732e+01 1.5157372946884345e+02
1.6747333333333336e-01 5.3623593343564480e+01 1.5128827411761517e+02
1.6847000000000001e-01 5.3472950767484825e+01 1.5100452069106902e+02
1.6946666666666668e-01 5.3322590155917801e+01 1.5072245904208782e+02
1.7046333333333336e-01 5.3172509827751604e+01 1.5044207908405613e+02
1.7146000000000003e-01 5.3022708111897451e+01 1.5016337079049705e+02
1.7245666666666670e-01 5.2873183347229812e+01 1.4988632419472611e+02
1.7345333333333335e-01 5.2723933882527021e+01 1.4961092938947004e+02
1.7445000000000002e-01 5.2574958076412223e+01 1.4933717652651742e+02
1.7544666666666670e-01 5.2426254297294676e+01 1.4906505581638345e+02
1.7644333333333337e-01 5.2277820923311417e+01 1.4879455752794871e+02
1.7744000000000001e-01 5.2129656342269250e+01 1.4852567198810621e+02
1.7843666666666669e-01 5.1981758951587096e+01 1.4825838958142430e+02
1.7943333333333336e-01 5.1834127158238694e+01 1.4799270074981465e+02
1.8043000000000003e-01 5.1686759378695605e+01 1.4772859599216068e+02
1.8142666666666668e-01 5.1539654038870630e+01 1.4746606586398258e+02
1.8242333333333335e-01 5.1392809574061481e+01 1.4720510097711733e+02
1.8342000000000003e-01 5.1246224428894848e+01 1.4694569199939463e+02
1.8441666666666670e-01 5.1099897057270766e+01 1.4668782965427548e+02
1.8541333333333335e-01 5.0953825922307331e+01 1.4643150472051016e+02
1.8641000000000002e-01 5.0808009496285742e+01 1.4617670803183643e+02
1.8740666666666669e-01 5.0662446260595679e+01 1.4592343047664778e+02
1.8840333333333337e-01 5.0517134705680974e+01 1.4567166299767163e+02
1.8940000000000001e-01 5.0372073330985643e+01 1.4542139659162012e+02
1.9039666666666669e-01 5.0227260644900220e+01 1.4517262230889173e+02
1.9139333333333336e-01 5.0082695164708426e+01 1.4492533125323948e+02
1.9239000000000003e-01 4.9938375416534136e+01 1.4467951458144941e+02
1.9338666666666668e-01 4.9794299935288691e+01 1.4443516350305902e+02
1.9438333333333335e-01 4.9650467264618470e+01 1.4419226927998719e+02
1.9538000000000003e-01 4.9506875956852852e+01 1.4395082322627087e+02
1.9637666666666670e-01 4.9363524572952407e+01 1.4371081670772497e+02
1.9737333333333335e-01 4.9220411682457481e+01 1.4347224114163276e+02
1.9837000000000002e-01 4.9077535863436999e+01 1.4323508799646123e+02
1.9936666666666669e-01 4.8934895702437643e+01 1.4299934879154051e+02
2.0036333333333337e-01 4.8792489794433294e+01 1.4276501509678647e+02
2.0136000000000004e-01 4.8650316742774784e+01 1.4253207853233260e+02
2.0235666666666668e-01 4.8508375159139973e+01 1.4230053076829606e+02
2.0335333333333336e-01 4.8366663663484083e+01 1.4207036352446264e+02
2.0435000000000003e-01 4.8225180883990355e+01 1.4184156856997703e+02
2.0534666666666671e-01 4.8083925457020982e+01 1.4161413772307804e+02
2.0634333333333335e-01 4.7942896027068358e+01 1.4138806285075654e+02
2.0734000000000002e-01 4.7802091246706595e+01 1.4116333586850308e+02
2.0833666666666670e-01 4.7661509776543348e+01 1.4093994874001552e+02
2.0933333333333337e-01 4.7521150285171913e+01 1.4071789347690626e+02
2.1033000000000002e-01 4.7381011449123619e+01 1.4049716213840597e+02
2.1132666666666669e-01 4.7241091952820483e+01 1.4027774683109740e+02
2.1232333333333336e-01 4.7101390488528182e+01 1.4005963970862987e+02
2.1332000000000004e-01 4.6961905756309292e+01 1.3984283297141573e+02
2.1431666666666668e-01 4.6822636463976792e+01 1.3962731886637741e+02
2.1531333333333336e-01 4.6683581327047861e+01 1.3941308968666618e+02
2.1631000000000003e-01 4.6544739068697929e+01 1.3920013777139158e+02
2.1730666666666670e-01 4.6406108419715025e+01 1.3898845550533176e+02
2.1830333333333335e-01 4.6267688118454409e+01 1.3877803531864842e+02
2.1930000000000002e-01 4.6129476910793436e+01 1.3856886968664878e+02
2.2029666666666670e-01 4.5991473550086710e+01 1.3836095112952154e+02
2.2129333333333337e-01 4.5853676797121501e+01 1.3815427221203697e+02
2.2229000000000002e-01 4.5716085420073433e+01 1.3794882554328666e+02
2.2328666666666669e-01 4.5578698194462440e+01 1.3774460377643112e+02
2.2428333333333336e-01 4.5441513903108984e+01 1.3754159960843592e+02
2.2528000000000004e-01 4.5304531336090498e+01 1.3733980577982516e+02
2.2627666666666668e-01 4.5167749290698154e+01 1.3713921507438204e+02
2.2727333333333335e-01 4.5031166571393825e+01 1.3693982031891784e+02
2.2827000000000003e-01 4.4894781989767360e+01 1.3674161438302218e+02
2.2926666666666670e-01 4.4758594364494058e+01 1.3654459017878469e+02
2.3026333333333335e-01 4.4622602521292450e+01 1.3634874066056315e+02
2.3126000000000002e-01 4.4486805292882288e+01 1.3615405882471671e+02
2.3225666666666669e-01 4.4351201518942801e+01 1.3596053770937422e+02
2.3325333333333337e-01 4.4215790046071213e+01 1.3576817039415019e+02
2.3425000000000004e-01 4.4080569727741498e+01 1.3557694999992970e+02
2.3524666666666669e-01 4.3945539424263380e+01 1.3538686968861313e+02
2.3624333333333336e-01 4.3810698002741553e+01 1.3519792266287237e+02
2.3724000000000003e-01 4.3676044337035208e+01 1.3501010216591916e+02
2.3823666666666671e-01 4.3541577307717716e+01 1.3482340148122304e+02
2.3923333333333335e-01 4.3407295802036643e+01 1.3463781393230479e+02
2.4023000000000003e-01 4.3273198713873931e+01 1.3445333288249424e+02
2.4122666666666670e-01 4.3139284943706357e+01 1.3426995173470220e+02
2.4222333333333337e-01 4.3005553398566192e+01 1.3408766393117409e+02
2.4322000000000002e-01 4.2872002992002137e+01 1.3390646295322620e+02
2.4421666666666669e-01 4.2738632644040450e+01 1.3372634232105369e+02
2.4521333333333337e-01 4.2605441281146369e+01 1.3354729559349511e+02
2.4621000000000004e-01 4.2472427836185666e+01 1.3336931636778263e+02
2.4720666666666669e-01 4.2339591248386526e+01 1.3319239827932461e+02
2.4820333333333336e-01 4.2206930463301589e+01 1.3301653500147785e+02
2.4920000000000003e-01 4.2074444432770264e+01 1.3284172024532478e+02
2.5019666666666668e-01 4.1942132114881232e+01 1.3266794775941977e+02
2.5119333333333332e-01 4.1809992473935203e+01 1.3249521132960780e+02
2.5219000000000003e-01 4.1678024480407842e+01 1.3232350477879848e+02
2.5318666666666667e-01 4.1546227110913009e+01 1.3215282196669617e+02
2.5418333333333337e-01 4.1414599348166099e+01 1.3198315678963817e+02
2.5518000000000002e-01 4.1283140180947726e+01 1.3181450318034888e+02
2.5617666666666666e-01 4.1151848604067510e+01 1.3164685510771110e+02
2.5717333333333336e-01 4.1020723618328169e+01 1.3148020657658168e+02
2.5817000000000001e-01 4.0889764230489774e+01 1.3131455162756606e+02
2.5916666666666666e-01 4.0758969453234201e+01 1.3114988433679738e+02
2.6016333333333336e-01 4.0628338305129866e+01 1.3098619881570536e+02
2.6116000000000000e-01 4.0497869810596633e+01 1.3082348921085540e+02
2.6215666666666670e-01 4.0367562999870877e+01 1.3066174970369539e+02
2.6315333333333335e-01 4.0237416908970872e+01 1.3050097451037092e+02
2.6415000000000005e-01 4.0107430579662235e+01 1.3034115788152494e+02
2.6514666666666670e-01 3.9977603059423757e+01 1.3018229410205615e+02
2.6614333333333334e-01 3.9847933401413250e+01 1.3002437749093994e+02
2.6714000000000004e-01 3.9718420664433744e+01 1.2986740240103671e+02
2.6813666666666669e-01 3.9589063912899825e+01 1.2971136321887388e+02
2.6913333333333339e-01 3.9459862216804140e+01 1.2955625436443222e+02
2.7013000000000004e-01 3.9330814651684200e+01 1.2940207029097124e+02
2.7112666666666668e-01 3.9201920298589265e+01 1.2924880548482926e+02
2.7212333333333338e-01 3.9073178244047497e+01 1.2909645446520292e+02
2.7312000000000003e-01 3.8944587580033328e+01 1.2894501178396857e+02
2.7411666666666668e-01 3.8816147403934941e+01 1.2879447202550415e+02
2.7511333333333338e-01 3.8687856818522015e+01 1.2864482980644314e+02
2.7611000000000002e-01 3.8559714931913668e+01 1.2849607977553586e+02
2.7710666666666672e-01 3.8431720857546487e+01 1.2834821661344589e+02
2.7810333333333337e-01 3.8303873714142910e+01 1.2820123503253649e+02
2.7910000000000001e-01 3.8176172625679648e+01 1.2805512977669568e+02
2.8009666666666672e-01 3.8048616721356382e+01 1.2790989562115472e+02
2.8109333333333336e-01 3.7921205135564648e+01 1.2776552737229900e+02
2.8209000000000001e-01 3.7793937007856833e+01 1.2762201986746501e+02
2.8308666666666671e-01 3.7666811482915435e+01 1.2747936797479042e+02
2.8408333333333335e-01 3.7539827710522488e+01 1.2733756659300397e+02
2.8508000000000006e-01 3.7412984845529110e+01 1.2719661065122216e+02
2.8607666666666670e-01 3.7286282047825352e+01 1.2705649510882816e+02
2.8707333333333335e-01 3.7159718482310090e+01 1.2691721495525438e+02
2.8807000000000005e-01 3.7033293318861176e+01 1.2677876520978614e+02
2.8906666666666669e-01 3.6907005732305798e+01 1.2664114092141955e+02
2.9006333333333334e-01 3.6780854902390907e+01 1.2650433716867585e+02
2.9106000000000004e-01 3.6654840013753912e+01 1.2636834905939814e+02
2.9205666666666669e-01 3.6528960255893566e+01 1.2623317173060563e+02
2.9305333333333339e-01 3.6403214823140893e+01 1.2609880034832572e+02
2.9405000000000003e-01 3.6277602914630464e+01 1.2596523010739448e+02
2.9504666666666668e-01 3.6152123734271690e+01 1.2583245623128937e+02
2.9604333333333338e-01 3.6026776490720387e+01 1.2570047397198265e+02
2.9704000000000003e-01 3.5901560397350494e+01 1.2556927860974928e+02
2.9803666666666673e-01 3.5776474672225895e+01 1.2543886545298497e+02
2.9903333333333337e-01 3.5651518538072516e+01 1.2530922983808135e+02
3.0003000000000002e-01 3.5526691222250470e+01 1.2518036712924095e+02
3.0102666666666672e-01 3.5401991956726448e+01 1.2505227271828043e+02
3.0202333333333337e-01 3.5277419978046304e+01 1.2492494202449596e+02
3.0302000000000001e-01 3.5152974527307670e+01 1.2479837049451324e+02
3.0401666666666671e-01 3.5028654850132860e+01 1.2467255360208735e+02
3.0501333333333336e-01 3.4904460196641921e+01 1.2454748684796814e+02
3.0601000000000006e-01 3.4780389821425743e+01 1.2442316575973562e+02
3.0700666666666671e-01 3.4656442983519490e+01 1.2429958589161485e+02
3.0800333333333335e-01 3.4532618946376040e+01 1.2417674282434444e+02
3.0900000000000005e-01 3.4408916977839660e+01 1.2405463216504006e+02
3.0999666666666670e-01 3.4285336350119834e+01 1.2393324954698151e+02
3.1099333333333334e-01 3.4161876339765243e+01 1.2381259062945949e+02
3.1199000000000005e-01 3.4038536227637870e+01 1.2369265109769616e+02
3.1298666666666669e-01 3.3915315298887315e+01 1.2357342666261812e+02
3.1398333333333339e-01 3.3792212842925188e+01 1.2345491306070620e+02
3.1498000000000004e-01 3.3669228153399750e+01 1.2333710605388478e+02
3.1597666666666668e-01 3.3546360528170617e+01 1.2322000142933375e+02
3.1697333333333338e-01 3.3423609269283652e+01 1.2310359499935156e+02
3.1797000000000003e-01 3.3300973682946037e+01 1.2298788260121388e+02
3.1896666666666668e-01 3.3178453079501431e+01 1.2287286009699901e+02
3.1996333333333338e-01 3.3056046773405313e+01 1.2275852337346535e+02
3.2096000000000002e-01 3.2933754083200490e+01 1.2264486834190676e+02
3.2195666666666672e-01 3.2811574331492686e+01 1.2253189093796632e+02
3.2295333333333337e-01 3.2689506844926370e+01 1.2241958712154033e+02
3.2395000000000002e-01 3.2567550954160630e+01 1.2230795287661127e+02
3.2494666666666672e-01 3.2445705993845252e+01 1.2219698421110029e+02
3.2594333333333336e-01 3.2323971302596952e+01 1.2208667715672958e+02
3.2694000000000001e-01 3.2202346222975692e+01 1.2197702776887969e+02
3.2793666666666671e-01 3.2080830101461174e+01 1.2186803212645992e+02
3.2893333333333336e-01 3.1959422288429501e+01 1.2175968633174766e+02
3.2993000000000006e-01 3.1838122138129897e+01 1.2165198651025730e+02
3.3092666666666670e-01 3.1716929008661666e+01 1.2154492881061051e+02
3.3192333333333335e-01 3.1595842261951194e+01 1.2143850940438888e+02
3.3292000000000005e-01 3.1474861263729149e+01 1.2133272448599672e+02
3.3391666666666669e-01 3.1353985383507819e+01 1.2122757027253286e+02
3.3491333333333340e-01 3.1233213994558518e+01 1.2112304300364892e+02
3.3591000000000004e-01 3.1112546473889232e+01 1.2101913894141018e+02
3.3690666666666669e-01 3.0991982202222296e+01 1.2091585437017548e+02
3.3790333333333339e-01 3.0871520563972254e+01 1.2081318559645446e+02
3.3890000000000003e-01 3.0751160947223884e+01 1.2071112894877730e+02
3.3989666666666668e-01 3.0630902743710259e+01 1.2060968077756475e+02
3.4089333333333338e-01 3.0510745348791030e+01 1.2050883745499269e+02
3.4189000000000003e-01 3.0390688161430816e+01 1.2040859537487277e+02
3.4288666666666673e-01 3.0270730584177663e+01 1.2030895095251437e+02
3.4388333333333337e-01 3.0150872023141737e+01 1.2020990062459967e+02
3.4488000000000002e-01 3.0031111887974035e+01 1.2011144084905473e+02
3.4587666666666672e-01 2.9911449591845297e+01 1.2001356810492432e+02
3.4687333333333337e-01 2.9791884551425042e+01 1.1991627889224905e+02
3.4787000000000001e-01 2.9672416186860662e+01 1.1981956973193000e+02
3.4886666666666671e-01 2.9553043921756714e+01 1.1972343716561441e+02
3.4986333333333336e-01 2.9433767183154323e+01 1.1962787775557321e+02
3.5086000000000006e-01 2.9314585401510648e+01 1.1953288808456790e+02
3.5185666666666671e-01 2.9195498010678570e+01 1.1943846475573122e+02
3.5285333333333335e-01 2.9076504447886393e+01 1.1934460439245778e+02
3.5385000000000005e-01 2.8957604153717742e+01 1.1925130363826980e+02
3.5484666666666670e-01 2.8838796572091585e+01 1.1915855915669816e+02
3.5584333333333334e-01 2.8720081150242304e+01 1.1906636763116461e+02
3.5684000000000005e-01 2.8601457338699941e+01 1.1897472576487276e+02
3.5783666666666669e-01 2.8482924591270574e+01 1.1888363028068038e+02
3.5883333333333339e-01 2.8364482365016745e+01 1.1879307792097524e+02
3.5983000000000004e-01 2.8246130120238082e+01 1.1870306544758057e+02
3.6082666666666668e-01 2.8127867320451969e+01 1.1861358964161562e+02
3.6182333333333339e-01 2.8009693432374370e+01 1.1852464730339312e+02
3.6282000000000003e-01 2.7891607925900782e+01 1.1843623525230811e+02
3.6381666666666673e-01 2.7773610274087233e+01 1.1834835032671509e+02
3.6481333333333338e-01 2.7655699953131489e+01 1.1826098938381413e+02
3.6581000000000002e-01 2.7537876442354282e+01 1.1817414929954896e+02
3.6680666666666673e-01 2.7420139224180705e+01 1.1808782696849167e+02
3.6780333333333337e-01 2.7302487784121720e+01 1.1800201930372421e+02
3.6880000000000002e-01 2.7184921610755726e+01 1.1791672323673325e+02
3.6979666666666672e-01 2.7067440195710294e+01 1.1783193571730057e+02
3.7079333333333336e-01 2.6950043033643997e+01 1.1774765371339720e+02
3.7179000000000006e-01 2.6832729622228300e+01 1.1766387421106991e+02
3.7278666666666671e-01 2.6715499462129646e+01 1.1758059421433045e+02
3.7378333333333336e-01 2.6598352056991551e+01 1.1749781074505913e+02
3.7478000000000006e-01 2.6481286913416884e+01 1.1741552084289128e+02
3.7577666666666670e-01 2.6364303540950232e+01 1.1733372156511136e+02
3.7677333333333335e-01 2.6247401452060323e+01 1.1725240998654581e+02
3.7777000000000005e-01 2.6130580162122623e+01 1.1717158319946435e+02
3.7876666666666670e-01 2.6013839189402010e+01 1.1709123831347402e+02
3.7976333333333340e-01 2.5897178055035511e+01 1.1701137245541092e+02
3.8076000000000004e-01 2.5780596283015225e+01 1.1693198276924565e+02
3.8175666666666669e-01 2.5664093400171257e+01 1.1685306641597616e+02
3.8275333333333339e-01 2.5547668936154821e+01 1.1677462057352135e+02
3.8375000000000004e-01 2.5431322423421431e+01 1.1669664243663284e+02
3.8474666666666668e-01 2.5315053397214147e+01 1.1661912921678635e+02
3.8574333333333338e-01 2.5198861395546977e+01 1.1654207814207726e+02
3.8674000000000003e-01 2.5082745959188372e+01 1.1646548645713462e+02
3.8773666666666673e-01 2.4966706631644762e+01 1.1638935142301267e+02
3.8873333333333338e-01 2.4850742959144281e+01 1.1631367031709101e+02
3.8973000000000002e-01 2.4734854490620492e+01 1.1623844043298894e+02
3.9072666666666672e-01 2.4619040777696284e+01 1.1616365908046409e+02
3.9172333333333337e-01 2.4503301374667849e+01 1.1608932358529982e+02
3.9272000000000007e-01 2.4387635838488702e+01 1.1601543128923606e+02
3.9371666666666671e-01 2.4272043728753889e+01 1.1594197954985854e+02
3.9471333333333336e-01 2.4156524607684194e+01 1.1586896574050266e+02
3.9571000000000006e-01 2.4041078040110506e+01 1.1579638725016972e+02
3.9670666666666671e-01 2.3925703593458262e+01 1.1572424148343030e+02
3.9770333333333335e-01 2.3810400837731962e+01 1.1565252586032450e+02
3.9870000000000005e-01 2.3695169345499789e+01 1.1558123781626951e+02
3.9969666666666670e-01 2.3580008691878362e+01 1.1551037480198316e+02
4.0069333333333340e-01 2.3464918454517484e+01 1.1543993428338210e+02
4.0169000000000005e-01 2.3349898213585096e+01 1.1536991374148394e+02
4.0268666666666669e-01 2.3234947551752217e+01 1.1530031067232517e+02
4.0368333333333339e-01 2.3120066054178043e+01 1.1523112258687752e+02
4.0468000000000004e-01 2.3005253308495124e+01 1.1516234701095476e+02
4.0567666666666669e-01 2.2890508904794586e+01 1.1509398148511309e+02
4.0667333333333339e-01 2.2775832435611491e+01 1.1502602356456921e+02
4.0767000000000003e-01 2.2661223495910285e+01 1.1495847081912943e+02
4.0866666666666673e-01 2.2546681683070258e+01 1.1489132083308949e+02
4.0966333333333338e-01 2.2432206596871215e+01 1.1482457120513143e+02
4.1066000000000003e-01 2.2317797839479109e+01 1.1475821954826291e+02
4.1165666666666673e-01 2.2203455015431839e+01 1.1469226348972978e+02
4.1265333333333337e-01 2.2089177731625117e+01 1.1462670067091796e+02
4.1365000000000002e-01 2.1974965597298386e+01 1.1456152874727472e+02
4.1464666666666672e-01 2.1860818224020854e+01 1.1449674538823083e+02
4.1564333333333336e-01 2.1746735225677629e+01 1.1443234827710603e+02
4.1664000000000007e-01 2.1632716218455869e+01 1.1436833511103406e+02
4.1763666666666671e-01 2.1518760820831094e+01 1.1430470360088982e+02
4.1863333333333336e-01 2.1404868653553518e+01 1.1424145147117517e+02
4.1963000000000006e-01 2.1291039339634491e+01 1.1417857645997249e+02
4.2062666666666670e-01 2.1177272504333043e+01 1.1411607631885721e+02
4.2162333333333335e-01 2.1063567775142442e+01 1.1405394881279261e+02
4.2262000000000005e-01 2.0949924781776893e+01 1.1399219172007464e+02
4.2361666666666670e-01 2.0836343156158321e+01 1.1393080283224856e+02
4.2461333333333340e-01 2.0722822532403157e+01 1.1386977995402671e+02
4.2561000000000004e-01 2.0609362546809304e+01 1.1380912090320835e+02
4.2660666666666669e-01 2.0495962837843091e+01 1.1374882351060145e+02
4.2760333333333339e-01 2.0382623046126366e+01 1.1368888561994552e+02
4.2860000000000004e-01 2.0269342814423656e+01 1.1362930508783919e+02
4.2959666666666674e-01 2.0156121787629353e+01 1.1357007978366664e+02
4.3059333333333338e-01 2.0042959612755059e+01 1.1351120758950513e+02
4.3159000000000003e-01 1.9929855938916930e+01 1.1345268640005750e+02
4.3258666666666673e-01 1.9816810417323140e+01 1.1339451412258732e+02
4.3358333333333338e-01 1.9703822701261430e+01 1.1333668867683731e+02
4.3458000000000002e-01 1.9590892446086663e+01 1.1327920799494170e+02
4.3557666666666672e-01 1.9478019309208531e+01 1.1322207002136756e+02
4.3657333333333337e-01 1.9365202950079318e+01 1.1316527271284203e+02
4.3757000000000007e-01 1.9252443030181677e+01 1.1310881403827203e+02
4.3856666666666672e-01 1.9139739213016568e+01 1.1305269197867645e+02
4.3956333333333336e-01 1.9027091164091193e+01 1.1299690452710087e+02
4.4056000000000006e-01 1.8914498550907048e+01 1.1294144968856716e+02
4.4155666666666671e-01 1.8801961042948047e+01 1.1288632547999869e+02
4.4255333333333335e-01 1.8689478311668672e+01 1.1283152993012237e+02
4.4355000000000006e-01 1.8577050030482244e+01 1.1277706107942748e+02
4.4454666666666670e-01 1.8464675874749254e+01 1.1272291698009134e+02
4.4554333333333340e-01 1.8352355521765716e+01 1.1266909569589893e+02
4.4654000000000005e-01 1.8240088650751673e+01 1.1261559530218221e+02
4.4753666666666669e-01 1.8127874942839693e+01 1.1256241388574203e+02
4.4853333333333339e-01 1.8015714081063471e+01 1.1250954954479216e+02
4.4953000000000004e-01 1.7903605750346525e+01 1.1245700038888488e+02
4.5052666666666669e-01 1.7791549637490878e+01 1.1240476453884303e+02
4.5152333333333339e-01 1.7679545431165884e+01 1.1235284012668677e+02
4.5252000000000003e-01 1.7567592821897126e+01 1.1230122529557906e+02
4.5351666666666673e-01 1.7455691502055277e+01 1.1224991819976107e+02
4.5451333333333338e-01 1.7343841165845173e+01 1.1219891700446664e+02
4.5551000000000003e-01 1.7232041509294824e+01 1.1214821988586931e+02
4.5650666666666673e-01 1.7120292230244569e+01 1.1209782503102433e+02
4.5750333333333337e-01 1.7008593028336279e+01 1.1204773063779119e+02
4.5850000000000007e-01 1.6896943605002576e+01 1.1199793491477783e+02
4.5949666666666672e-01 1.6785343663456217e+01 1.1194843608126585e+02
4.6049333333333337e-01 1.6673792908679424e+01 1.1189923236715221e+02
4.6149000000000007e-01 1.6562291047413360e+01 1.1185032201290178e+02
4.6248666666666671e-01 1.6450837788147652e+01 1.1180170326946255e+02
4.6348333333333336e-01 1.6339432841109936e+01 1.1175337439819938e+02
4.6448000000000006e-01 1.6228075918255520e+01 1.1170533367085456e+02
4.6547666666666671e-01 1.6116766733257087e+01 1.1165757936948083e+02
4.6647333333333341e-01 1.6005505001494424e+01 1.1161010978635906e+02
4.6747000000000005e-01 1.5894290440044283e+01 1.1156292322395899e+02
4.6846666666666670e-01 1.5783122767670235e+01 1.1151601799487108e+02
4.6946333333333340e-01 1.5672001704812619e+01 1.1146939242174314e+02
4.7046000000000004e-01 1.5560926973578567e+01 1.1142304483722923e+02
4.7145666666666669e-01 1.5449898297732028e+01 1.1137697358392194e+02
4.7245333333333339e-01 1.5338915402683915e+01 1.1133117701429200e+02
4.7345000000000004e-01 1.5227978015482295e+01 1.1128565349063604e+02
4.7444666666666674e-01 1.5117085864802592e+01 1.1124040138501530e+02
4.7544333333333338e-01 1.5006238680937928e+01 1.1119541907919691e+02
4.7644000000000003e-01 1.4895436195789440e+01 1.1115070496459555e+02
4.7743666666666673e-01 1.4784678142856709e+01 1.1110625744221541e+02
4.7843333333333338e-01 1.4673964257228247e+01 1.1106207492259544e+02
4.7943000000000002e-01 1.4563294275571989e+01 1.1101815582575257e+02
4.8042666666666672e-01 1.4452667936125893e+01 1.1097449858112095e+02
4.8142333333333337e-01 1.4342084978688600e+01 1.1093110162749828e+02
4.8242000000000007e-01 1.4231545144610083e+01 1.1088796341299584e+02
4.8341666666666672e-01 1.4121048176782448e+01 1.1084508239497015e+02
4.8441333333333336e-01 1.4010593819630701e+01 1.1080245703997889e+02
4.8541000000000006e-01 1.3900181819103619e+01 1.1076008582372438e+02
4.8640666666666671e-01 1.3789811922664686e+01 1.1071796723099303e+02
4.8740333333333336e-01 1.3679483879283033e+01 1.1067609975560690e+02
4.8840000000000006e-01 1.3569197439424467e+01 1.1063448190036895e+02
4.8939666666666670e-01 1.3458952355042577e+01 1.1059311217700704e+02
4.9039333333333340e-01 1.3348748379569813e+01 1.1055198910612340e+02
4.9139000000000005e-01 1.3238585267908721e+01 1.1051111121714031e+02
4.9238666666666669e-01 1.3128462776423140e+01 1.1047047704824551e+02
4.9338333333333340e-01 1.3018380662929498e+01 1.1043008514634633e+02
4.9438000000000004e-01 1.2908338686688177e+01 1.1038993406701394e+02
4.9537666666666674e-01 1.2798336608394855e+01 1.1035002237442568e+02
4.9637333333333339e-01 1.2688374190172009e+01 1.1031034864132498e+02
4.9737000000000003e-01 1.2578451195560351e+01 1.1027091144896231e+02
4.9836666666666674e-01 1.2468567389510403e+01 1.1023170938704742e+02
4.9936333333333338e-01 1.2358722538374099e+01 1.1019274105369861e+02
5.0036000000000003e-01 1.2248916409896404e+01 1.1015400505539237e+02
5.0135666666666667e-01 1.2139148773207024e+01 1.1011550000691440e+02
5.0235333333333332e-01 1.2029419398812147e+01 1.1007722453130489e+02
5.0335000000000008e-01 1.1919728058586227e+01 1.1003917725982080e+02
5.0434666666666672e-01 1.1810074525763868e+01 1.1000135683187426e+02
5.0534333333333337e-01 1.1700458574931650e+01 1.0996376189499055e+02
5.0634000000000001e-01 1.1590879982020111e+01 1.0992639110475947e+02
5.0733666666666666e-01 1.1481338524295722e+01 1.0988924312478586e+02
5.0833333333333330e-01 1.1371833980352928e+01 1.0985231662664508e+02
5.0933000000000006e-01 1.1262366130106210e+01 1.0981561028982725e+02
5.1032666666666671e-01 1.1152934754782269e+01 1.0977912280169961e+02
5.1132333333333335e-01 1.1043539636912126e+01 1.0974285285745378e+02
5.1232000000000000e-01 1.0934180560323400e+01 1.0970679916006175e+02
5.1331666666666675e-01 1.0824857310132545e+01 1.0967096042022861e+02
5.1431333333333340e-01 1.0715569672737221e+01 1.0963533535634492e+02
5.1531000000000005e-01 1.0606317435808579e+01 1.0959992269444487e+02
5.1630666666666669e-01 1.0497100388283718e+01 1.0956472116815651e+02
5.1730333333333334e-01 1.0387918320358123e+01 1.0952972951865884e+02
5.1830000000000009e-01 1.0278771023478155e+01 1.0949494649463391e+02
5.1929666666666674e-01 1.0169658290333638e+01 1.0946037085222825e+02
5.2029333333333339e-01 1.0060579914850370e+01 1.0942600135500118e+02
5.2129000000000003e-01 9.9515356921828104e+00 1.0939183677388492e+02
5.2228666666666668e-01 9.8425254187067353e+00 1.0935787588714076e+02
5.2328333333333343e-01 9.7335488920119442e+00 1.0932411748031379e+02
5.2428000000000008e-01 9.6246059108950739e+00 1.0929056034618628e+02
5.2527666666666673e-01 9.5156962753523313e+00 1.0925720328474132e+02
5.2627333333333337e-01 9.4068197865723828e+00 1.0922404510311924e+02
5.2727000000000002e-01 9.2979762469292400e+00 1.0919108461556741e+02
5.2826666666666677e-01 9.1891654599751753e+00 1.0915832064340405e+02
5.2926333333333342e-01 9.0803872304337503e+00 1.0912575201497798e+02
5.3026000000000006e-01 8.9716413641927542e+00 1.0909337756561946e+02
5.3125666666666671e-01 8.8629276682973170e+00 1.0906119613760299e+02
5.3225333333333336e-01 8.7542459509429928e+00 1.0902920658011050e+02
5.3325000000000000e-01 8.6455960214688989e+00 1.0899740774918048e+02
5.3424666666666676e-01 8.5369776903508914e+00 1.0896579850767188e+02
5.3524333333333340e-01 8.4283907691948325e+00 1.0893437772522633e+02
5.3624000000000005e-01 8.3198350707297823e+00 1.0890314427822200e+02
5.3723666666666670e-01 8.2113104088013511e+00 1.0887209704973800e+02
5.3823333333333334e-01 8.1015463461349704e+00 1.1139023606006121e+02
5.3923000000000010e-01 7.9911067747446491e+00 1.1022763295059741e+02
5.4022666666666674e-01 7.8838419192847793e+00 1.0501956864111989e+02
5.4122333333333339e-01 7.7797540299882426e+00 1.0385245001414144e+02
5.4222000000000004e-01 7.6750642432404099e+00 1.0622738961362143e+02
5.4321666666666668e-01 7.5667448149191623e+00 1.1113601169992420e+02
5.4421333333333344e-01 7.4527735531682788e+00 1.1756886137875094e+02
5.4521000000000008e-01 7.3319639849992608e+00 1.2485836571627306e+02
5.4620666666666673e-01 7.2036343016833113e+00 1.3265939344617320e+02
5.4720333333333337e-01 7.0674457858031232e+00 1.4062859828665162e+02
5.4820000000000002e-01 6.9234916520488410e+00 1.4824257312662962e+02
5.4919666666666667e-01 6.7723961702064495e+00 1.5495906267750715e+02
5.5019333333333342e-01 6.6151977706403624e+00 1.6048923076611788e+02
5.5119000000000007e-01 6.4530295542527494e+00 1.6493193924247683e+02
5.5218666666666671e-01 6.2867916215657882e+00 1.6865588554741805e+02
5.5318333333333336e-01 6.1170043684047908e+00 1.7205432146462448e+02
5.5418000000000001e-01 5.9439470757008284e+00 1.7521783780754757e+02
5.5517666666666676e-01 5.7679685735312640e+00 1.7791628025843511e+02
5.5617333333333341e-01 5.5896737412970543e+00 1.7986599178346549e+02
5.5717000000000005e-01 5.4098971834741469e+00 1.8088964264378069e+02
5.5816666666666670e-01 5.2295581556498902e+00 1.8099469412731025e+02
5.5916333333333335e-01 5.0495765180344696e+00 1.8017247165615078e+02
5.6016000000000010e-01 4.8708079012454144e+00 1.7856053862285725e+02
5.6115666666666675e-01 4.6938026756558848e+00 1.7663389399828060e+02
5.6215333333333339e-01 4.5186679830197578e+00 1.7480696078994208e+02
5.6315000000000004e-01 4.3451800168291612e+00 1.7332942621460606e+02
5.6414666666666669e-01 4.1729011672004548e+00 1.7238063992996209e+02
5.6514333333333344e-01 4.0013199468167064e+00 1.7192950130829746e+02
5.6614000000000009e-01 3.8302070603366003e+00 1.7144083945446528e+02
5.6713666666666673e-01 3.6598400543987335e+00 1.7043275105631113e+02
5.6813333333333338e-01 3.4907534724181257e+00 1.6887142683120354e+02
5.6913000000000002e-01 3.3234978605628105e+00 1.6675856351391778e+02
5.7012666666666667e-01 3.1586003066369823e+00 1.6413953800949020e+02
5.7112333333333343e-01 2.9964803904646939e+00 1.6118470849005587e+02
5.7212000000000007e-01 2.8373527997938939e+00 1.5813487145135591e+02
5.7311666666666672e-01 2.6812505146196894e+00 1.5511386133969660e+02
5.7411333333333336e-01 2.5282495025691114e+00 1.5191158090227282e+02
5.7511000000000001e-01 2.3787317913086632e+00 1.4812396008859980e+02
5.7610666666666677e-01 2.2334382070679308e+00 1.4343507183257577e+02
5.7710333333333341e-01 2.0933378799399192e+00 1.3770270835741991e+02
5.7810000000000006e-01 1.9594563050627489e+00 1.3095597032587025e+02
5.7909666666666670e-01 1.8327315844247258e+00 1.2334112794441559e+02
5.8009333333333335e-01 1.7138091955145149e+00 1.1529911736036046e+02
5.8109000000000011e-01 1.6027891454516972e+00 1.0748359179577565e+02
5.8208666666666675e-01 1.4992199542883413e+00 1.0034756104039434e+02
5.8308333333333340e-01 1.4023371367185100e+00 9.4066119701746217e+01
5.8408000000000004e-01 1.3113042172971947e+00 8.8608634989860036e+01
5.8507666666666669e-01 1.2254544548230124e+00 8.3665135861345533e+01
5.8607333333333345e-01 1.1446144859988308e+00 7.8555537364422435e+01
5.8707000000000009e-01 1.0689235248003888e+00 7.3332679087303987e+01
5.8806666666666674e-01 9.9807965158531720e-01 6.8828939404481389e+01
5.8906333333333338e-01 9.3108619492106770e-01 6.5606090691005463e+01
5.9006000000000003e-01 8.6656787592548568e-01 6.3862107962339167e+01
5.9105666666666667e-01 8.0310750262787323e-01 6.3483122735213556e+01
5.9205333333333343e-01 7.3967140062421610e-01 6.3813403024621969e+01
5.9305000000000008e-01 6.7617001189032688e-01 6.3614132896228568e+01
5.9404666666666672e-01 6.1333782029723993e-01 6.2470532507961835e+01
5.9504333333333337e-01 5.5189803780660007e-01 6.0820000918073937e+01
5.9604000000000001e-01 4.9224624163638470e-01 5.8882600092394178e+01
5.9703666666666677e-01 4.3456314191567835e-01 5.6869439480919155e+01
5.9803333333333342e-01 3.7881428012851459e-01 5.5001186178943641e+01
5.9903000000000006e-01 3.2485791479627563e-01 5.3272456628227161e+01
6.0002666666666671e-01 2.7272072701020056e-01 5.1350662674935663e+01
6.0102333333333335e-01 2.2283408400579324e-01 4.8756313253643000e+01
6.0202000000000011e-01 1.7609634784067341e-01 4.5031786074348169e+01
6.0301666666666676e-01 1.3369964257729616e-01 4.0045214454169809e+01
6.0401333333333340e-01 9.6702712222148282e-02 3.4196117362182015e+01
6.0501000000000005e-01 6.5626668672417177e-02 2.8163836249319839e+01
6.0600666666666669e-01 4.0505125186043295e-02 2.2247287803605410e+01
6.0700333333333334e-01 2.1293181406484132e-02 1.6305107740661285e+01
6.0800000000000010e-01 8.2143720357745250e-03 9.9399946754760204e+00
6.0899666666666674e-01 1.6304706779145391e-03 3.2718475142098464e+00
6.0999333333333339e-01 0.0000000000000000e+00 -0.0000000000000000e+00
6.1099000000000003e-01 3.8690009528800744e-04 -7.7638815107962988e-01
6.1198666666666668e-01 1.8626629259978784e-03 -2.1850088336225144e+00
6.1298333333333344e-01 5.6440780549078216e-03 -5.4031151708783565e+00
6.1398000000000008e-01 1.3696363360713582e-02 -1.0755316880906117e+01
6.1497666666666673e-01 2.7566408050342911e-02 -1.7077548717012849e+01
6.1597333333333337e-01 4.7368791231137686e-02 -2.2659675057158104e+01
6.1697000000000002e-01 7.2125560862608393e-02 -2.7019461327065088e+01
6.1796666666666678e-01 1.0086914162132507e-01 -3.0659964944601963e+01
6.1896333333333342e-01 1.3334909037589504e-01 -3.4517189746844160e+01
6.1996000000000007e-01 1.7001157059835670e-01 -3.9053004679501854e+01
6.2095666666666671e-01 2.1115707721013022e-01 -4.3513229324058806e+01
6.2195333333333336e-01 2.5603571934420644e-01 -4.6544246530276645e+01
6.2295000000000011e-01 3.0277642788451536e-01 -4.7249817430201034e+01
6.2394666666666676e-01 3.4905669935738048e-01 -4.5620292548794431e+01
6.2494333333333341e-01 3.9301946601588189e-01 -4.2599306097029697e+01
6.2594000000000005e-01 4.3402211839347637e-01 -3.9680263891455908e+01
6.2693666666666670e-01 4.7253411552777080e-01 -3.7601335709136549e+01
6.2793333333333334e-01 5.0923513358283645e-01 -3.6046192160561851e+01
6.2893000000000010e-01 5.4437793077851981e-01 -3.4474471108361634e+01
6.2992666666666675e-01 5.7774830254550125e-01 -3.2489485614679467e+01
6.3092333333333339e-01 6.0880224193135080e-01 -2.9826111815120182e+01
6.3192000000000004e-01 6.3677934393602043e-01 -2.6315230000271615e+01
6.3291666666666668e-01 6.6090698666808823e-01 -2.2101444378460695e+01
6.3391333333333344e-01 6.8103846490741338e-01 -1.8296170817505910e+01
6.3491000000000009e-01 6.9809477641678908e-01 -1.5930541241442690e+01
6.3590666666666673e-01 7.1366090539289517e-01 -1.5305837974824305e+01
6.3690333333333338e-01 7.2947336498268411e-01 -1.6424850165221020e+01
6.3790000000000002e-01 7.4717629597226620e-01 -1.9099426068054900e+01
6.3889666666666678e-01 7.6800602666937956e-01 -2.2699364628489885e+01
6.3989333333333343e-01 7.9233762959346810e-01 -2.6126594416504830e+01
6.4089000000000007e-01 8.1960871272934699e-01 -2.8597987127065991e+01
6.4188666666666672e-01 8.4884381864304115e-01 -3.0067777248241260e+01
6.4288333333333336e-01 8.7914204456417677e-01 -3.0731338312567196e+01
6.4388000000000001e-01 9.0983089906702930e-01 -3.0851647311887344e+01
6.4487666666666676e-01 9.4055484071242168e-01 -3.0801747294245697e+01
6.4587333333333341e-01 9.7138815248206212e-01 -3.1071119133127688e+01
6.4687000000000006e-01 1.0026394685267490e+00 -3.1640551859556254e+01
6.4786666666666670e-01 1.0342258229502796e+00 -3.1743436950205535e+01
6.4886333333333335e-01 1.0652987847194508e+00 -3.0610332486259878e+01
6.4986000000000010e-01 1.0944588189134217e+00 -2.7904786297622650e+01
6.5085666666666675e-01 1.1202348993291715e+00 -2.3819789787495072e+01
6.5185333333333340e-01 1.1415026152870316e+00 -1.8857901097843868e+01
6.5285000000000004e-01 1.1575992116139493e+00 -1.3442961096640625e+01
6.5384666666666669e-01 1.1687343951132154e+00 -8.9018887346629185e+00
6.5484333333333344e-01 1.1761728520586801e+00 -6.0247807211178079e+00
6.5584000000000009e-01 1.1815291361484903e+00 -4.7236154457256667e+00
6.5683666666666674e-01 1.1862189411618460e+00 -4.6873645141854920e+00
6.5783333333333338e-01 1.1913901082869813e+00 -5.6895594827417550e+00
6.5883000000000003e-01 1.1977972876039595e+00 -7.1676565379504531e+00
6.5982666666666678e-01 1.2053700836644603e+00 -8.0285897373004556e+00
6.6082333333333343e-01 1.2134488074692227e+00 -8.1828961585441480e+00
6.6182000000000007e-01 1.2216431951231339e+00 -8.2606911068300590e+00
6.6281666666666672e-01 1.2300120233440854e+00 -8.5329441191598967e+00
6.6381333333333337e-01 1.2388139636814006e+00 -9.1298124105701106e+00
6.6481000000000001e-01 1.2484110610840868e+00 -1.0128577026258892e+01
6.6580666666666677e-01 1.2593133788342794e+00 -1.1748983676466914e+01
6.6680333333333341e-01 1.2720622185135877e+00 -1.3833972201744080e+01
6.6780000000000006e-01 1.2866495440165993e+00 -1.5438252887912009e+01
6.6879666666666671e-01 1.3022767449549892e+00 -1.5920678761031569e+01
6.6979333333333335e-01 1.3177182816668858e+00 -1.5065682533744848e+01
6.7079000000000011e-01 1.3316948087621630e+00 -1.2980860132360862e+01
6.7178666666666675e-01 1.3432398842045381e+00 -1.0186515337288826e+01
6.7278333333333340e-01 1.3522478175559538e+00 -7.8896051003351317e+00
6.7378000000000005e-01 1.3593917326828284e+00 -6.4460105388784399e+00
6.7477666666666669e-01 1.3654536003525835e+00 -5.7182724104627898e+00
6.7577333333333345e-01 1.3711245434973474e+00 -5.6615466091293483e+00
6.7677000000000009e-01 1.3770521718322326e+00 -6.2333597485003693e+00
6.7776666666666674e-01 1.3838166773262950e+00 -7.3408987680131021e+00
6.7876333333333339e-01 1.3918094571831818e+00 -8.6981243561746648e+00
6.7976000000000003e-01 1.4010747215554111e+00 -9.8943794008075798e+00
6.8075666666666679e-01 1.4114105304535924e+00 -1.0846374241026073e+01
6.8175333333333343e-01 1.4226807574102622e+00 -1.1769465805803486e+01
6.8275000000000008e-01 1.4349363089151772e+00 -1.2823614137170317e+01
6.8374666666666672e-01 1.4483445866074569e+00 -1.4082628723592384e+01
6.8474333333333337e-01 1.4631124824512296e+00 -1.5551944875952152e+01
6.8574000000000002e-01 1.4794142793896103e+00 -1.7160691120799122e+01
6.8673666666666677e-01 1.4973685486500117e+00 -1.8867942846558304e+01
6.8773333333333342e-01 1.5171128646333649e+00 -2.0752758123382325e+01
6.8873000000000006e-01 1.5388646597495499e+00 -2.2896329066287450e+01
6.8972666666666671e-01 1.5628993903153390e+00 -2.5333899493825236e+01
6.9072333333333336e-01 1.5894947063999798e+00 -2.8034627766324661e+01
6.9172000000000011e-01 1.6188311935810074e+00 -3.0834577279210095e+01
6.9271666666666676e-01 1.6508866217674145e+00 -3.3490696673447680e+01
6.9371333333333340e-01 1.6856946533753048e+00 -3.6358196185196341e+01
6.9471000000000005e-01 1.7238745002204725e+00 -4.0256881096078082e+01
6.9570666666666670e-01 1.7666590928121406e+00 -4.5598488653090548e+01
6.9670333333333345e-01 1.8155309112614579e+00 -5.2472050041182953e+01
6.9770000000000010e-01 1.8719509197229578e+00 -6.0745358242765647e+01
6.9869666666666674e-01 1.9371213611841531e+00 -7.0031447364986775e+01
6.9969333333333339e-01 2.0117279046498080e+00 -7.9680679990845235e+01
7.0069000000000004e-01 2.0958736289087185e+00 -8.9173616180884750e+01
7.0168666666666668e-01 2.1892922197824980e+00 -9.8288439084228855e+01
7.0268333333333344e-01 2.2915477306654561e+00 -1.0690656603205690e+02
7.0368000000000008e-01 2.4021739673936260e+00 -1.1508588225190046e+02
7.0467666666666673e-01 2.5208451272499275e+00 -1.2305022448315781e+02
7.0567333333333337e-01 2.6474696670774249e+00 -1.3104584206032075e+02
7.0667000000000002e-01 2.7821045608192723e+00 -1.3912451327449605e+02
7.0766666666666678e-01 2.9247075536303284e+00 -1.4703533852023958e+02
7.0866333333333342e-01 3.0748947017668038e+00 -1.5434355406132232e+02
7.0966000000000007e-01 3.2319233362294586e+00 -1.6076407362294140e+02
7.1065666666666671e-01 3.3949429335591024e+00 -1.6636555312551408e+02
7.1165333333333336e-01 3.5633107771972830e+00 -1.7149634046281508e+02
7.1265000000000012e-01 3.7366916582193053e+00 -1.7642515991579336e+02
7.1364666666666676e-01 3.9149175453878109e+00 -1.8121876082369059e+02
7.1464333333333341e-01 4.0977526154869910e+00 -1.8567435643219767e+02
7.1564000000000005e-01 4.2846523216239829e+00 -1.8937522110023528e+02
7.1663666666666670e-01 4.4747601545220093e+00 -1.9211206899614743e+02
7.1763333333333346e-01 4.6671862537446982e+00 -1.9402726054767510e+02
7.1863000000000010e-01 4.8612691301075204e+00 -1.9543670539779563e+02
7.1962666666666675e-01 5.0565814405064762e+00 -1.9649435225897949e+02
7.2062333333333339e-01 5.2527480734048710e+00 -1.9715106492844393e+02
7.2162000000000004e-01 5.4492666232605318e+00 -1.9720054013309172e+02
7.2261666666666668e-01 5.6454179263839839e+00 -1.9641411496414483e+02
7.2361333333333344e-01 5.8403537310693849e+00 -1.9476141283261035e+02
7.2461000000000009e-01 6.0332969783301866e+00 -1.9241567197168283e+02
7.2560666666666673e-01 6.2236674197134310e+00 -1.8959859167363220e+02
7.2660333333333338e-01 6.4111967117093078e+00 -1.8671436885321862e+02
7.2760000000000002e-01 6.5960575686623670e+00 -1.8424387252416568e+02
7.2859666666666678e-01 6.7787273964046619e+00 -1.8231765471786431e+02
7.2959333333333343e-01 6.9596837520640920e+00 -1.8080546700675248e+02
7.3059000000000007e-01 7.1392388006991476e+00 -1.7950566737798295e+02
7.3158666666666672e-01 7.3174823355975942e+00 -1.7817366686639903e+02
7.3258333333333336e-01 7.4942372254804805e+00 -1.7651841985511982e+02
7.3358000000000012e-01 7.6691582273683254e+00 -1.7449362406694485e+02
7.3457666666666677e-01 7.8419114173445763e+00 -1.7216829561784752e+02
7.3557333333333341e-01 8.0121416739548952e+00 -1.6943088152661130e+02
7.3657000000000006e-01 8.1793885118494725e+00 -1.6618150220833493e+02
7.3756666666666670e-01 8.3431393618753802e+00 -1.6241552125503176e+02
7.3856333333333335e-01 8.5028729536045322e+00 -1.5812011432187023e+02
7.3956000000000011e-01 8.6579967057842602e+00 -1.5316500710899450e+02
7.4055666666666675e-01 8.8078556973975974e+00 -1.4755537739938123e+02
7.4155333333333340e-01 8.9521927085188917e+00 -1.4208410980054688e+02
7.4255000000000004e-01 9.0921370264005361e+00 -1.3874060835660453e+02
7.4354666666666669e-01 9.2309092804902910e+00 -1.3973214232518430e+02
7.4454333333333345e-01 9.3732008294826450e+00 -1.4580273859590139e+02
7.4554000000000009e-01 9.5192235519811526e+00 -1.4721944701983975e+02
7.4653666666666674e-01 9.6645003422792577e+00 -1.4430588468205099e+02
7.4753333333333338e-01 9.8083277239402733e+00 -1.4431093470461022e+02
7.4853000000000003e-01 9.9521601412998972e+00 -1.4431598976286912e+02
7.4952666666666679e-01 1.0095997599379560e+01 -1.4432104986184666e+02
7.5052333333333343e-01 1.0239840103205651e+01 -1.4432611500656978e+02
7.5152000000000008e-01 1.0383687657809620e+01 -1.4433118520207086e+02
7.5251666666666672e-01 1.0527540268227918e+01 -1.4433626045338389e+02
7.5351333333333337e-01 1.0671397939502020e+01 -1.4434134076555463e+02
7.5451000000000013e-01 1.0815260676678442e+01 -1.4434642614362699e+02
7.5550666666666677e-01 1.0959128484808684e+01 -1.4435151659265017e+02
7.5650333333333342e-01 1.1103001368949332e+01 -1.4435661211768593e+02
7.5750000000000006e-01 1.1246879334161999e+01 -1.4436171272379332e+02
7.5849666666666671e-01 1.1390762385513344e+01 -1.4436681841603760e+02
7.5949333333333335e-01 1.1534650528075080e+01 -1.4437192919949209e+02
7.6049000000000011e-01 1.1678543766923990e+01 -1.4437704507923286e+02
7.6148666666666676e-01 1.1822442107141876e+01 -1.4438216606034291e+02
7.6248333333333340e-01 1.1966345553815652e+01 -1.4438729214790808e+02
7.6348000000000005e-01 1.2110254112037287e+01 -1.4439242334701947e+02
7.6447666666666669e-01 1.2254167786903833e+01 -1.4439755966277718e+02
7.6547333333333345e-01 1.2398086583517436e+01 -1.4440270110028030e+02
7.6647000000000010e-01 1.2542010506985283e+01 -1.4440784766463693e+02
7.6746666666666674e-01 1.2685939562419703e+01 -1.4441299936096050e+02
7.6846333333333339e-01 1.2829873754938104e+01 -1.4441815619436616e+02
7.6946000000000003e-01 1.2973813089663000e+01 -1.4442331816997890e+02
7.7045666666666679e-01 1.3117757571722027e+01 -1.4442848529292650e+02
7.7145333333333344e-01 1.3261707206247888e+01 -1.4443365756833916e+02
7.7245000000000008e-01 1.3405661998378449e+01 -1.4443883500135357e+02
7.7344666666666673e-01 1.3549621953256684e+01 -1.4444401759711781e+02
7.7444333333333337e-01 1.3693587076030699e+01 -1.4444920536077834e+02
7.7544000000000013e-01 1.3837557371853746e+01 -1.4445439829748591e+02
7.7643666666666677e-01 1.3981532845884169e+01 -1.4445959641239952e+02
7.7743333333333342e-01 1.4125513503285504e+01 -1.4446479971068416e+02
7.7843000000000007e-01 1.4269499349226416e+01 -1.4447000819750934e+02
7.7942666666666671e-01 1.4413490388880732e+01 -1.4447522187804657e+02
7.8042333333333336e-01 1.4557486627427430e+01 -1.4448044075747504e+02
7.8142000000000011e-01 1.4701488070050672e+01 -1.4448566484097864e+02
7.8241666666666676e-01 1.4845494721939740e+01 -1.4449089413374745e+02
7.8341333333333341e-01 1.4989506588289142e+01 -1.4449612864097858e+02
7.8441000000000005e-01 1.5133523674298548e+01 -1.4450136836786925e+02
7.8540666666666670e-01 1.5277545985172813e+01 -1.4450661331962283e+02
7.8640333333333345e-01 1.5421573526121994e+01 -1.4451186350144997e+02
7.8740000000000010e-01 1.5565606302361299e+01 -1.4451711891856647e+02
7.8839666666666675e-01 1.5709644319111186e+01 -1.4452237957619624e+02
7.8939333333333339e-01 1.5853687581597301e+01 -1.4452764547955971e+02
7.9039000000000004e-01 1.5997736095050499e+01 -1.4453291663388785e+02
7.9138666666666679e-01 1.6141789864706869e+01 -1.4453819304441973e+02
7.9238333333333344e-01 1.6285848895807675e+01 -1.4454347471639809e+02
7.9338000000000009e-01 1.6429913193599450e+01 -1.4454876165506542e+02
7.9437666666666673e-01 1.6573982763333948e+01 -1.4455405386567330e+02
7.9537333333333338e-01 1.6718057610268158e+01 -1.4455935135348309e+02
7.9637000000000002e-01 1.6862137739664309e+01 -1.4456465412375167e+02
7.9736666666666678e-01 1.7006223156789897e+01 -1.4456996218175104e+02
7.9836333333333342e-01 1.7150313866917621e+01 -1.4457527553275335e+02
7.9936000000000007e-01 1.7294409875325485e+01 -1.4458059418203229e+02
8.0035666666666672e-01 1.7438511187296740e+01 -1.4458591813487334e+02
8.0135333333333336e-01 1.7582617808119906e+01 -1.4459124739656718e+02
8.0235000000000012e-01 1.7726729743088793e+01 -1.4459658197240907e+02
8.0334666666666676e-01 1.7870846997502440e+01 -1.4460192186769072e+02
8.0434333333333341e-01 1.8014969576665216e+01 -1.4460726708772148e+02
8.0534000000000006e-01 1.8159097485886772e+01 -1.4461261763781533e+02
8.0633666666666670e-01 1.8303230730482046e+01 -1.4461797352327895e+02
8.0733333333333346e-01 1.8447369315771294e+01 -1.4462333474943441e+02
8.0833000000000010e-01 1.8591513247080027e+01 -1.4462870132161081e+02
8.0932666666666675e-01 1.8735662529739120e+01 -1.4463407324513713e+02
8.1032333333333340e-01 1.8879817169084742e+01 -1.4463945052534868e+02
8.1132000000000004e-01 1.9023977170458387e+01 -1.4464483316758790e+02
8.1231666666666680e-01 1.9168142539206887e+01 -1.4465022117719991e+02
8.1331333333333344e-01 1.9312313280682361e+01 -1.4465561455954060e+02
8.1431000000000009e-01 1.9456489400242312e+01 -1.4466101331996569e+02
8.1530666666666674e-01 1.9600670903249572e+01 -1.4466641746383721e+02
8.1630333333333338e-01 1.9744857795072317e+01 -1.4467182699652341e+02
8.1730000000000003e-01 1.9889050081084076e+01 -1.4467724192339708e+02
8.1829666666666678e-01 2.0033247766663752e+01 -1.4468266224983904e+02
8.1929333333333343e-01 2.0177450857195566e+01 -1.4468808798122998e+02
8.2029000000000007e-01 2.0321659358069152e+01 -1.4469351912296310e+02
8.2128666666666672e-01 2.0465873274679510e+01 -1.4469895568043614e+02
8.2228333333333337e-01 2.0610092612427014e+01 -1.4470439765904317e+02
8.2328000000000012e-01 2.0754317376717438e+01 -1.4470984506419177e+02
8.2427666666666677e-01 2.0898547572961903e+01 -1.4471529790129651e+02
8.2527333333333341e-01 2.1042783206576971e+01 -1.4472075617577022e+02
8.2627000000000006e-01 2.1187024282984588e+01 -1.4472621989303556e+02
8.2726666666666671e-01 2.1331270807612110e+01 -1.4473168905852043e+02
8.2826333333333346e-01 2.1475522785892316e+01 -1.4473716367765385e+02
8.2926000000000011e-01 2.1619780223263358e+01 -1.4474264375588072e+02
8.3025666666666675e-01 2.1764043125168861e+01 -1.4474812929864405e+02
8.3125333333333340e-01 2.1908311497057856e+01 -1.4475362031138800e+02
8.3225000000000005e-01 2.2052585344384813e+01 -1.4475911679956988e+02
8.3324666666666669e-01 2.2196864672609639e+01 -1.4476461876864619e+02
8.3424333333333345e-01 2.2341149487197697e+01 -1.4477012622408691e+02
8.3524000000000009e-01 2.2485439793619761e+01 -1.4477563917136365e+02
8.3623666666666674e-01 2.2629735597352102e+01 -1.4478115761594799e+02
8.3723333333333338e-01 2.2774036903876436e+01 -1.4478668156332321e+02
8.3823000000000003e-01 2.2918343718679946e+01 -1.4479221101897792e+02
8.3922666666666679e-01 2.3062656047255302e+01 -1.4479774598840157e+02
8.4022333333333343e-01 2.3206973895100607e+01 -1.4480328647709797e+02
8.4122000000000008e-01 2.3351297267719492e+01 -1.4480883249056896e+02
8.4221666666666672e-01 2.3495626170621058e+01 -1.4481438403431920e+02
8.4321333333333337e-01 2.3639960609319900e+01 -1.4481994111386399e+02
8.4421000000000013e-01 2.3784300589336127e+01 -1.4482550373472677e+02
8.4520666666666677e-01 2.3928646116195310e+01 -1.4483107190243621e+02
8.4620333333333342e-01 2.4072997195428574e+01 -1.4483664562251374e+02
8.4720000000000006e-01 2.4217353832572542e+01 -1.4484222490050155e+02
8.4819666666666671e-01 2.4361716033169358e+01 -1.4484780974194689e+02
8.4919333333333347e-01 2.4506083802766714e+01 -1.4485340015238933e+02
8.5019000000000011e-01 2.4650457146917780e+01 -1.4485899613738425e+02
8.5118666666666676e-01 2.4794836071181315e+01 -1.4486459770249053e+02
8.5218333333333340e-01 2.4939220581121603e+01 -1.4487020485327523e+02
8.5318000000000005e-01 2.5083610682308475e+01 -1.4487581759530624e+02
8.5417666666666670e-01 2.5228006380317321e+01 -1.4488143593415589e+02
8.5517333333333345e-01 2.5372407680729101e+01 -1.4488705987540646e+02
8.5617000000000010e-01 2.5516814589130291e+01 -1.4489268942464892e+02
8.5716666666666674e-01 2.5661227111112996e+01 -1.4489832458747432e+02
8.5816333333333339e-01 2.5805645252274871e+01 -1.4490396536947466e+02
8.5916000000000003e-01 2.5950069018219157e+01 -1.4490961177625789e+02
8.6015666666666679e-01 2.6094498414554700e+01 -1.4491526381343297e+02
8.6115333333333344e-01 2.6238933446895885e+01 -1.4492092148661240e+02
8.6215000000000008e-01 2.6383374120862751e+01 -1.4492658480141563e+02
8.6314666666666673e-01 2.6527820442080916e+01 -1.4493225376347209e+02
8.6414333333333337e-01 2.6672272416181617e+01 -1.4493792837840937e+02
8.6514000000000013e-01 2.6816730048801716e+01 -1.4494360865186312e+02
8.6613666666666678e-01 2.6961193345583649e+01 -1.4494929458948158e+02
8.6713333333333342e-01 2.7105662312175529e+01 -1.4495498619690727e+02
8.6813000000000007e-01 2.7250136954231085e+01 -1.4496068347979823e+02
8.6912666666666671e-01 2.7394617277409679e+01 -1.4496638644381142e+02
8.7012333333333336e-01 2.7539103287376321e+01 -1.4497209509460828e+02
8.7112000000000012e-01 2.7683594989801684e+01 -1.4497780943786734e+02
8.7211666666666676e-01 2.7828092390362048e+01 -1.4498352947925980e+02
8.7311333333333341e-01 2.7972595494739402e+01 -1.4498925522446757e+02
8.7411000000000005e-01 2.8117104308621386e+01 -1.4499498667918249e+02
8.7510666666666670e-01 2.8261618837701306e+01 -1.4500072384909089e+02
8.7610333333333346e-01 2.8406139087678163e+01 -1.4500646673989624e+02
8.7710000000000010e-01 2.8550665064256599e+01 -1.4501221535730363e+02
8.7809666666666675e-01 2.8695196773146986e+01 -1.4501796970702176e+02
8.7909333333333339e-01 2.8839734220065377e+01 -1.4502372979477090e+02
8.8009000000000004e-01 2.8984277410733522e+01 -1.4502949562626412e+02
8.8108666666666680e-01 2.9128826350878896e+01 -1.4503526720723525e+02
8.8208333333333344e-01 2.9273381046234636e+01 -1.4504104454341791e+02
8.8308000000000009e-01 2.9417941502539644e+01 -1.4504682764054917e+02
8.8407666666666673e-01 2.9562507725538527e+01 -1.4505261650437441e+02
8.8507333333333338e-01 2.9707079720981621e+01 -1.4505841114063873e+02
8.8607000000000014e-01 2.9851657494625012e+01 -1.4506421155510444e+02
8.8706666666666678e-01 2.9996241052230481e+01 -1.4507001775353550e+02
8.8806333333333343e-01 3.0140830399565601e+01 -1.4507582974169392e+02
8.8906000000000007e-01 3.0285425542403676e+01 -1.4508164752535180e+02
8.9005666666666672e-01 3.0430026486523769e+01 -1.4508747111029265e+02
8.9105333333333336e-01 3.0574633237710710e+01 -1.4509330050230264e+02
8.9205000000000012e-01 3.0719245801755108e+01 -1.4509913570716725e+02
8.9304666666666677e-01 3.0863864184453302e+01 -1.4510497673068426e+02
8.9404333333333341e-01 3.1008488391607454e+01 -1.4511082357865678e+02
8.9504000000000006e-01 3.1153118429025501e+01 -1.4511667625689415e+02
8.9603666666666670e-01 3.1297754302521167e+01 -1.4512253477120763e+02
8.9703333333333346e-01 3.1442396017913993e+01 -1.4512839912741643e+02
8.9803000000000011e-01 3.1587043581029274e+01 -1.4513426933135054e+02
8.9902666666666675e-01 3.1731696997698162e+01 -1.4514014538883430e+02
9.0002333333333340e-01 3.1876356273757604e+01 -1.4514602730570752e+02
9.0102000000000004e-01 3.2021021415050370e+01 -1.4515191508781518e+02
9.0201666666666680e-01 3.2165692427425078e+01 -1.4515780874100687e+02
9.0301333333333345e-01 3.2310369316736121e+01 -1.4516370827113036e+02
9.0401000000000009e-01 3.2455052088843786e+01 -1.4516961368405103e+02
9.0500666666666674e-01 3.2599740749614178e+01 -1.4517552498563359e+02
9.0600333333333338e-01 3.2744435304919250e+01 -1.4518144218174805e+02
9.0700000000000014e-01 3.2889135760636847e+01 -1.4518736527828136e+02
9.0799666666666679e-01 3.3033842122650604e+01 -1.4519329428110095e+02
9.0899333333333343e-01 3.3178554396850082e+01 -1.4519922919611486e+02
9.0999000000000008e-01 3.3323272589130696e+01 -1.4520517002920576e+02
9.1098666666666672e-01 3.3467996705393745e+01 -1.4521111678627656e+02
9.1198333333333337e-01 3.3612726751546397e+01 -1.4521706947323645e+02
9.1298000000000012e-01 3.3757462733501740e+01 -1.4522302809599387e+02
9.1397666666666677e-01 3.3902204657178714e+01 -1.4522899266048381e+02
9.1497333333333342e-01 3.4046952528502203e+01 -1.4523496317261450e+02
9.1597000000000006e-01 3.4191706353402985e+01 -1.4524093963832192e+02
9.1696666666666671e-01 3.4336466137817744e+01 -1.4524692206354024e+02
9.1796333333333346e-01 3.4481231887689106e+01 -1.4525291045421346e+02
9.1896000000000011e-01 3.4626003608965576e+01 -1.4525890481629452e+02
9.1995666666666676e-01 3.4770781307601638e+01 -1.4526490515573786e+02
9.2095333333333340e-01 3.4915564989557694e+01 -1.4527091147849390e+02
9.2195000000000005e-01 3.5060354660800094e+01 -1.4527692379053937e+02
9.2294666666666680e-01 3.5205150327301148e+01 -1.4528294209784337e+02
9.2394333333333345e-01 3.5349951995039078e+01 -1.4528896640637657e+02
9.2494000000000010e-01 3.5494759669998118e+01 -1.4529499672213990e+02
9.2593666666666674e-01 3.5639573358168448e+01 -1.4530103305110853e+02
9.2693333333333339e-01 3.5784393065546226e+01 -1.4530707539928878e+02
9.2793000000000003e-01 3.5929218798133583e+01 -1.4531312377267537e+02
9.2892666666666679e-01 3.6074050561938655e+01 -1.4531917817727657e+02
9.2992333333333344e-01 3.6218888362975520e+01 -1.4532523861910940e+02
9.3092000000000008e-01 3.6363732207264299e+01 -1.4533130510419261e+02
9.3191666666666673e-01 3.6508582100831099e+01 -1.4533737763855834e+02
9.3291333333333337e-01 3.6653438049708043e+01 -1.4534345622822983e+02
9.3391000000000013e-01 3.6798300059933283e+01 -1.4534954087925104e+02
9.3490666666666677e-01 3.6943168137550941e+01 -1.4535563159766033e+02
9.3590333333333342e-01 3.7088042288611213e+01 -1.4536172838951924e+02
9.3690000000000007e-01 3.7232922519170316e+01 -1.4536783126086709e+02
9.3789666666666671e-01 3.7377808835290509e+01 -1.4537394021778056e+02
9.3889333333333347e-01 3.7522701243040103e+01 -1.4538005526632494e+02
9.3989000000000011e-01 3.7667599748493416e+01 -1.4538617641256369e+02
9.4088666666666676e-01 3.7812504357730866e+01 -1.4539230366259383e+02
9.4188333333333341e-01 3.7957415076838934e+01 -1.4539843702249394e+02
9.4288000000000005e-01 3.8102331911910156e+01 -1.4540457649835497e+02
9.4387666666666681e-01 3.8247254869043161e+01 -1.4541072209627433e+02
9.4487333333333345e-01 3.8392183954342613e+01 -1.4541687382236177e+02
9.4587000000000010e-01 3.8537119173919308e+01 -1.4542303168272144e+02
9.4686666666666675e-01 3.8682060533890130e+01 -1.4542919568348543e+02
9.4786333333333339e-01 3.8827008040378061e+01 -1.4543536583075991e+02
9.4886000000000004e-01 3.8971961699512171e+01 -1.4544154213067497e+02
9.4985666666666679e-01 3.9116921517427677e+01 -1.4544772458937797e+02
9.5085333333333344e-01 3.9261887500265857e+01 -1.4545391321299644e+02
9.5185000000000008e-01 3.9406859654174163e+01 -1.4546010800769162e+02
9.5284666666666673e-01 3.9551837985306165e+01 -1.4546630897960620e+02
9.5384333333333338e-01 3.9696822499821558e+01 -1.4547251613490249e+02
9.5484000000000013e-01 3.9841813203886204e+01 -1.4547872947974921e+02
9.5583666666666678e-01 3.9986810103672070e+01 -1.4548494902032016e+02
9.5683333333333342e-01 4.0131813205357311e+01 -1.4549117476278371e+02
9.5783000000000007e-01 4.0276822515126234e+01 -1.4549740671332901e+02
9.5882666666666672e-01 4.0421838039169323e+01 -1.4550364487815392e+02
9.5982333333333347e-01 4.0566859783683235e+01 -1.4550988926344849e+02
9.6082000000000012e-01 4.0711887754870766e+01 -1.4551613987541512e+02
9.6181666666666676e-01 4.0856921958940937e+01 -1.4552239672025428e+02
9.6281333333333341e-01 4.1001962402108958e+01 -1.4552865980420498e+02
9.6381000000000006e-01 4.1147009090596228e+01 -1.4553492913346963e+02
9.6480666666666670e-01 4.1292062030630348e+01 -1.4554120471427458e+02
9.6580333333333346e-01 4.1437121228445150e+01 -1.4554748655286693e+02
9.6680000000000010e-01 4.1582186690280636e+01 -1.4555377465547409e+02
9.6779666666666675e-01 4.1727258422383073e+01 -1.4556006902834994e+02
9.6879333333333340e-01 4.1872336431004939e+01 -1.4556636967774773e+02
9.6979000000000004e-01 4.2017420722404957e+01 -1.4557267660991880e+02
9.7078666666666680e-01 4.2162511302848095e+01 -1.4557898983113174e+02
9.7178333333333344e-01 4.2307608178605527e+01 -1.4558530934766014e+02
9.7278000000000009e-01 4.2452711355954719e+01 -1.4559163516577570e+02
9.7377666666666673e-01 4.2597820841179399e+01 -1.4559796729177461e+02
9.7477333333333338e-01 4.2742936640569546e+01 -1.4560430573193662e+02
9.7577000000000014e-01 4.2888058760421430e+01 -1.4561065049255166e+02
9.7676666666666678e-01 4.3033187207037550e+01 -1.4561700157993616e+02
9.7776333333333343e-01 4.3178321986726743e+01 -1.4562335900039395e+02
9.7876000000000007e-01 4.3323463105804123e+01 -1.4562972276023893e+02
9.7975666666666672e-01 4.3468610570591089e+01 -1.4563609286579012e+02
9.8075333333333348e-01 4.3613764387415372e+01 -1.4564246932337664e+02
9.8175000000000012e-01 4.3758924562610957e+01 -1.4564885213933991e+02
9.8274666666666677e-01 4.3904091102518194e+01 -1.4565524132000871e+02
9.8374333333333341e-01 4.4049264013483743e+01 -1.4566163687173611e+02
9.8474000000000006e-01 4.4194443301860595e+01 -1.4566803880087778e+02
9.8573666666666671e-01 4.4339628974008065e+01 -1.4567444711378482e+02
9.8673333333333346e-01 4.4484821036291834e+01 -1.4568086181682918e+02
9.8773000000000011e-01 4.4630019495083879e+01 -1.4568728291638436e+02
9.8872666666666675e-01 4.4775224356762585e+01 -1.4569371041882539e+02
9.8972333333333340e-01 4.4920435627712678e+01 -1.4570014433053035e+02
9.9072000000000005e-01 4.5065653314325246e+01 -1.4570658465790029e+02
9.9171666666666680e-01 4.5210877422997768e+01 -1.4571303140733565e+02
9.9271333333333345e-01 4.5356107960134061e+01 -1.4571948458522411e+02
9.9371000000000009e-01 4.5501344932144356e+01 -1.4572594419798710e+02
9.9470666666666674e-01 4.5646588345445288e+01 -1.4573241025204911e+02
9.9570333333333338e-01 4.5791838206459879e+01 -1.4573888275381819e+02
9.9670000000000014e-01 4.5937094521617560e+01 -1.4574536170973045e+02
9.9769666666666679e-01 4.6082357297354143e+01 -1.4575184712622357e+02
9.9869333333333343e-01 4.6227626540111892e+01 -1.4575833900973316e+02
9.9969000000000008e-01 4.6372902256339479e+01 -1.4576483736670866e+02
1.0006866666666667e+00 4.6518184452492022e+01 -1.4577134220361518e+02
1.0016833333333335e+00 4.6663473135031076e+01 -1.4577785352690765e+02
1.0026800000000000e+00 4.6808768310424583e+01 -1.4578437134304926e+02
1.0036766666666668e+00 4.6954069985147044e+01 -1.4579089565852144e+02
1.0046733333333333e+00 4.7099378165679290e+01 -1.4579742647980461e+02
1.0056700000000001e+00 4.7244692858508742e+01 -1.4580396381338281e+02
1.0066666666666666e+00 4.7390014070129155e+01 -1.4581050766575066e+02
1.0076633333333334e+00 4.7535341807040901e+01 -1.4581705804340803e+02
1.0086600000000001e+00 4.7680676075750725e+01 -1.4582361495286273e+02
1.0096566666666666e+00 4.7826016882771860e+01 -1.4583017840062843e+02
1.0106533333333334e+00 4.7971364234624147e+01 -1.4583674839323189e+02
1.0116500000000002e+00 4.8116718137833814e+01 -1.4584332493718446e+02
1.0126466666666667e+00 4.8262078598933606e+01 -1.4584990803902124e+02
1.0136433333333335e+00 4.8407445624462873e+01 -1.4585649770529949e+02
1.0146400000000000e+00 4.8552819220967365e+01 -1.4586309394254593e+02
1.0156366666666667e+00 4.8698199394999477e+01 -1.4586969675731751e+02
1.0166333333333335e+00 4.8843586153118054e+01 -1.4587630615618258e+02
1.0176300000000000e+00 4.8988979501888466e+01 -1.4588292214569046e+02
1.0186266666666668e+00 4.9134379447882736e+01 -1.4588954473241981e+02
1.0196233333333333e+00 4.9279785997679312e+01 -1.4589617392295804e+02
1.0206200000000001e+00 4.9425199157863332e+01 -1.4590280972387984e+02
1.0216166666666668e+00 4.9570618935026403e+01 -1.4590945214178205e+02
1.0226133333333334e+00 4.9716045335766694e+01 -1.4591610118326034e+02
1.0236100000000001e+00 4.9861478366689063e+01 -1.4592275685491845e+02
1.0246066666666667e+00 5.0006918034404826e+01 -1.4592941916336858e+02
1.0256033333333334e+00 5.0152364345532007e+01 -1.4593608811522816e+02
1.0266000000000002e+00 5.0297817306695144e+01 -1.4594276371712277e+02
1.0275966666666667e+00 5.0443276924525378e+01 -1.4594944597569429e+02
1.0285933333333335e+00 5.0588743205660563e+01 -1.4595613489756067e+02
1.0295900000000000e+00 5.0734216156745035e+01 -1.4596283048937337e+02
1.0305866666666668e+00 5.0879695784429884e+01 -1.4596953275779268e+02
1.0315833333333335e+00 5.1025182095372749e+01 -1.4597624170946540e+02
1.0325800000000001e+00 5.1170675096237893e+01 -1.4598295735106205e+02
1.0335766666666668e+00 5.1316174793696327e+01 -1.4598967968924686e+02
1.0345733333333333e+00 5.1461681194425587e+01 -1.4599640873070697e+02
1.0355700000000001e+00 5.1607194305109992e+01 -1.4600314448211688e+02
1.0365666666666669e+00 5.1752714132440431e+01 -1.4600988695017338e+02
1.0375633333333334e+00 5.1898240683114466e+01 -1.4601663614157897e+02
1.0385600000000001e+00 5.2043773963836436e+01 -1.4602339206302287e+02
1.0395566666666667e+00 5.2189313981317234e+01 -1.4603015472122794e+02
1.0405533333333334e+00 5.2334860742274579e+01 -1.4603692412291139e+02
1.0415500000000002e+00 5.2480414253432784e+01 -1.4604370027479496e+02
1.0425466666666667e+00 5.2625974521522870e+01 -1.4605048318360610e+02
1.0435433333333335e+00 5.2771541553282667e+01 -1.4605727285608751e+02
1.0445400000000000e+00 5.2917115355456595e+01 -1.4606406929898699e+02
1.0455366666666668e+00 5.3062695934795926e+01 -1.4607087251904673e+02
1.0465333333333335e+00 5.3208283298058568e+01 -1.4607768252302404e+02
1.0475300000000001e+00 5.3353877452009172e+01 -1.4608449931769280e+02
1.0485266666666668e+00 5.3499478403419232e+01 -1.4609132290982780e+02
1.0495233333333334e+00 5.3645086159066864e+01 -1.4609815330619105e+02
1.0505200000000001e+00 5.3790700725737061e+01 -1.4610499051358016e+02
1.0515166666666667e+00 5.3936322110221468e+01 -1.4611183453878220e+02
1.0525133333333334e+00 5.4081950319318622e+01 -1.4611868538859278e+02
1.0535100000000002e+00 5.4227585359833746e+01 -1.4612554306982281e+02
1.0545066666666667e+00 5.4373227238578849e+01 -1.4613240758928177e+02
1.0555033333333335e+00 5.4518875962372825e+01 -1.4613927895379067e+02
1.0565000000000000e+00 5.4664531538041246e+01 -1.4614615717017216e+02
1.0574966666666668e+00 5.4810193972416613e+01 -1.4615304224526119e+02
1.0584933333333335e+00 5.4955863272338149e+01 -1.4615993418589349e+02
1.0594900000000000e+00 5.5101539444651891e+01 -1.4616683299891778e+02
1.0604866666666668e+00 5.5247222496210810e+01 -1.4617373869118722e+02
1.0614833333333333e+00 5.5392912433874564e+01 -1.4618065126956006e+02
1.0624800000000001e+00 5.5538609264509795e+01 -1.4618757074090684e+02
1.0634766666666668e+00 5.5684312994989888e+01 -1.4619449711209188e+02
1.0644733333333334e+00 5.5830023632195079e+01 -1.4620143038999956e+02
1.0654700000000001e+00 5.5975741183012573e+01 -1.4620837058152932e+02
1.0664666666666667e+00 5.6121465654336305e+01 -1.4621531769356082e+02
1.0674633333333334e+00 5.6267197053067221e+01 -1.4622227173299669e+02
1.0684600000000002e+00 5.6412935386113041e+01 -1.4622923270674764e+02
1.0694566666666667e+00 5.6558680660388376e+01 -1.4623620062172290e+02
1.0704533333333335e+00 5.6704432882814835e+01 -1.4624317548485402e+02
1.0714500000000000e+00 5.6850192060320794e+01 -1.4625015730306350e+02
1.0724466666666668e+00 5.6995958199841667e+01 -1.4625714608328244e+02
1.0734433333333335e+00 5.7141731308319692e+01 -1.4626414183246072e+02
1.0744400000000001e+00 5.7287511392704026e+01 -1.4627114455754685e+02
1.0754366666666668e+00 5.7433298459950855e+01 -1.4627815426549375e+02
1.0764333333333334e+00 5.7579092517023170e+01 -1.4628517096326669e+02
1.0774300000000001e+00 5.7724893570891034e+01 -1.4629219465783237e+02
1.0784266666666669e+00 5.7870701628531357e+01 -1.4629922535616930e+02
1.0794233333333334e+00 5.8016516696928015e+01 -1.4630626306526150e+02
1.0804200000000002e+00 5.8162338783071945e+01 -1.4631330779209762e+02
1.0814166666666667e+00 5.8308167893960928e+01 -1.4632035954368567e+02
1.0824133333333334e+00 5.8454004036599841e+01 -1.4632741832702092e+02
1.0834100000000002e+00 5.8599847218000463e+01 -1.4633448414911032e+02
1.0844066666666667e+00 5.8745697445181548e+01 -1.4634155701698069e+02
1.0854033333333335e+00 5.8891554725168959e+01 -1.4634863693766354e+02
1.0864000000000000e+00 5.9037419064995440e+01 -1.4635572391818457e+02
1.0873966666666668e+00 5.9183290471700865e+01 -1.4636281796558038e+02
1.0883933333333333e+00 5.9329168952331997e+01 -1.4636991908690172e+02
1.0893900000000001e+00 5.9475054513942766e+01 -1.4637702728920081e+02
1.0903866666666668e+00 5.9620947163594032e+01 -1.4638414257953818e+02
1.0913833333333334e+00 5.9766846908353699e+01 -1.4639126496498346e+02
1.0923800000000001e+00 5.9912753755296819e+01 -1.4639839445261791e+02
1.0933766666666667e+00 6.0058667711505365e+01 -1.4640553104951371e+02
1.0943733333333334e+00 6.0204588784068491e+01 -1.4641267476275877e+02
1.0953700000000002e+00 6.0350516980082347e+01 -1.4641982559945995e+02
1.0963666666666667e+00 6.0496452306650134e+01 -1.4642698356671178e+02
1.0973633333333335e+00 6.0642394770882248e+01 -1.4643414867162409e+02
1.0983600000000000e+00 6.0788344379896046e+01 -1.4644132092132247e+02
1.0993566666666668e+00 6.0934301140816110e+01 -1.4644850032292339e+02
1.1003533333333335e+00 6.1080265060774018e+01 -1.4645568688355868e+02
1.1013500000000001e+00 6.1226236146908477e+01 -1.4646288061037276e+02
1.1023466666666668e+00 6.1372214406365394e+01 -1.4647008151051105e+02
1.1033433333333333e+00 6.1518199846297691e+01 -1.4647728959112419e+02
1.1043400000000001e+00 6.1664192473865533e+01 -1.4648450485936777e+02
1.1053366666666669e+00 6.1810192296236139e+01 -1.4649172732241647e+02
1.1063333333333334e+00 6.1956199320583863e+01 -1.4649895698744317e+02
1.1073300000000001e+00 6.2102213554090326e+01 -1.4650619386162180e+02
1.1083266666666667e+00 6.2248235003944174e+01 -1.4651343795215297e+02
1.1093233333333334e+00 6.2394263677341343e+01 -1.4652068926622434e+02
1.1103200000000002e+00 6.2540299581484859e+01 -1.4652794781103546e+02
1.1113166666666667e+00 6.2686342723584922e+01 -1.4653521359380915e+02
1.1123133333333335e+00 6.2832393110859030e+01 -1.4654248662176224e+02
1.1133100000000000e+00 6.2978450750531735e+01 -1.4654976690210583e+02
1.1143066666666668e+00 6.3124515649834933e+01 -1.4655705444207405e+02
1.1153033333333335e+00 6.3270587816007627e+01 -1.4656434924891633e+02
1.1163000000000001e+00 6.3416667256296037e+01 -1.4657165132987330e+02
1.1172966666666668e+00 6.3562753977953719e+01 -1.4657896069219743e+02
1.1182933333333334e+00 6.3708847988241317e+01 -1.4658627734315331e+02
1.1192900000000001e+00 6.3854949294426859e+01 -1.4659360129001783e+02
1.1202866666666669e+00 6.4001057903785508e+01 -1.4660093254003334e+02
1.1212833333333334e+00 6.4147173823599687e+01 -1.4660827110050101e+02
1.1222800000000002e+00 6.4293297061159194e+01 -1.4661561697873745e+02
1.1232766666666667e+00 6.4439427623760935e+01 -1.4662297018199661e+02
1.1242733333333335e+00 6.4585565518709245e+01 -1.4663033071760739e+02
1.1252700000000000e+00 6.4731710753315625e+01 -1.4663769859289133e+02
1.1262666666666667e+00 6.4877863334898962e+01 -1.4664507381512536e+02
1.1272633333333335e+00 6.5024023270785349e+01 -1.4665245639165875e+02
1.1282600000000000e+00 6.5170190568308215e+01 -1.4665984632984257e+02
1.1292566666666668e+00 6.5316365234808373e+01 -1.4666724363701485e+02
1.1302533333333333e+00 6.5462547277633846e+01 -1.4667464832050439e+02
1.1312500000000001e+00 6.5608736704140085e+01 -1.4668206038765220e+02
1.1322466666666668e+00 6.5754933521689793e+01 -1.4668947984585748e+02
1.1332433333333334e+00 6.5901137737653031e+01 -1.4669690670248556e+02
1.1342400000000001e+00 6.6047349359407292e+01 -1.4670434096488873e+02
1.1352366666666667e+00 6.6193568394337277e+01 -1.4671178264047421e+02
1.1362333333333334e+00 6.6339794849835215e+01 -1.4671923173662580e+02
1.1372300000000002e+00 6.6486028733300586e+01 -1.4672668826074263e+02
1.1382266666666667e+00 6.6632270052140257e+01 -1.4673415222023999e+02
1.1392233333333335e+00 6.6778518813768585e+01 -1.4674162362252011e+02
1.1402200000000000e+00 6.6924775025607161e+01 -1.4674910247500441e+02
1.1412166666666668e+00 6.7071038695085136e+01 -1.4675658878511942e+02
1.1422133333333335e+00 6.7217309829638964e+01 -1.4676408256033571e+02
1.1432100000000001e+00 6.7363588436712533e+01 -1.4677158380806847e+02
1.1442066666666668e+00 6.7509874523757205e+01 -1.4677909253574128e+02
1.1452033333333334e+00 6.7656168098231674e+01 -1.4678660875085404e+02
1.1462000000000001e+00 6.7802469167602197e+01 -1.4679413246088325e+02
1.1471966666666669e+00 6.7948777739342404e+01 -1.4680166367327081e+02
1.1481933333333334e+00 6.8095093820933329e+01 -1.4680920239550332e+02
1.1491900000000002e+00 6.8241417419863581e+01 -1.4681674863507561e+02
1.1501866666666667e+00 6.8387748543629115e+01 -1.4682430239947334e+02
1.1511833333333334e+00 6.8534087199733492e+01 -1.4683186369622999e+02
1.1521800000000002e+00 6.8680433395687658e+01 -1.4683943253283036e+02
1.1531766666666667e+00 6.8826787139010023e+01 -1.4684700891678224e+02
1.1541733333333335e+00 6.8973148437226627e+01 -1.4685459285563769e+02
1.1551700000000000e+00 6.9119517297870857e+01 -1.4686218435691791e+02
1.1561666666666668e+00 6.9265893728483775e+01 -1.4686978342817062e+02
1.1571633333333335e+00 6.9412277736613831e+01 -1.4687739007694483e+02
1.1581600000000001e+00 6.9558669329817036e+01 -1.4688500431078401e+02
1.1591566666666668e+00 6.9705068515656990e+01 -1.4689262613725444e+02
1.1601533333333334e+00 6.9851475301704724e+01 -1.4690025556393434e+02
1.1611500000000001e+00 6.9997889695538973e+01 -1.4690789259840710e+02
1.1621466666666669e+00 7.0144311704745903e+01 -1.4691553724824306e+02
1.1631433333333334e+00 7.0290741336919240e+01 -1.4692318952104281e+02
1.1641400000000002e+00 7.0437178599660413e+01 -1.4693084942441533e+02
1.1651366666666667e+00 7.0583623500578270e+01 -1.4693851696596735e+02
1.1661333333333335e+00 7.0730076047289387e+01 -1.4694619215331298e+02
1.1671300000000000e+00 7.0876536247417818e+01 -1.4695387499406610e+02
1.1681266666666668e+00 7.1023004108595316e+01 -1.4696156549586715e+02
1.1691233333333335e+00 7.1169479638461169e+01 -1.4696926366636490e+02
1.1701200000000000e+00 7.1315962844662295e+01 -1.4697696951319554e+02
1.1711166666666668e+00 7.1462453734853312e+01 -1.4698468304400370e+02
1.1721133333333333e+00 7.1608952316696346e+01 -1.4699240426646747e+02
1.1731100000000001e+00 7.1755458597861306e+01 -1.4700013318826288e+02
1.1741066666666669e+00 7.1901972586025636e+01 -1.4700786981705312e+02
1.1751033333333334e+00 7.2048494288874437e+01 -1.4701561416052408e+02
1.1761000000000001e+00 7.2195023714100586e+01 -1.4702336622637040e+02
1.1770966666666667e+00 7.2341560869404475e+01 -1.4703112602228441e+02
1.1780933333333334e+00 7.2488105762494328e+01 -1.4703889355599918e+02
1.1790900000000002e+00 7.2634658401085971e+01 -1.4704666883522057e+02
1.1800866666666667e+00 7.2781218792902877e+01 -1.4705445186764894e+02
1.1810833333333335e+00 7.2927786945676345e+01 -1.4706224266102865e+02
1.1820800000000000e+00 7.3074362867145254e+01 -1.4707004122311631e+02
1.1830766666666668e+00 7.3220946565056337e+01 -1.4707784756165205e+02
1.1840733333333335e+00 7.3367538047163961e+01 -1.4708566168437744e+02
1.1850700000000001e+00 7.3514137321230180e+01 -1.4709348359904979e+02
1.1860666666666668e+00 7.3660744395024921e+01 -1.4710131331344920e+02
1.1870633333333334e+00 7.3807359276325727e+01 -1.4710915083536784e+02
1.1880600000000001e+00 7.3953981972918029e+01 -1.4711699617257440e+02
1.1890566666666669e+00 7.4100612492594919e+01 -1.4712484933286748e+02
1.1900533333333334e+00 7.4247250843157261e+01 -1.4713271032403290e+02
1.1910500000000002e+00 7.4393897032413776e+01 -1.4714057915390060e+02
1.1920466666666667e+00 7.4540551068180875e+01 -1.4714845583027710e+02
1.1930433333333335e+00 7.4687212958282871e+01 -1.4715634036098098e+02
1.1940400000000002e+00 7.4833882710551777e+01 -1.4716423275385364e+02
1.1950366666666667e+00 7.4980560332827437e+01 -1.4717213301673786e+02
1.1960333333333335e+00 7.5127245832957598e+01 -1.4718004115747794e+02
1.1970300000000000e+00 7.5273939218797707e+01 -1.4718795718390876e+02
1.1980266666666668e+00 7.5420640498211156e+01 -1.4719588110393460e+02
1.1990233333333336e+00 7.5567349679069125e+01 -1.4720381292539676e+02
1.2000200000000001e+00 7.5714066769250593e+01 -1.4721175265617376e+02
1.2010166666666668e+00 7.5860791776642515e+01 -1.4721970030416682e+02
1.2020133333333334e+00 7.6007524709139574e+01 -1.4722765587726795e+02
1.2030100000000001e+00 7.6154265574644469e+01 -1.4723561938336931e+02
1.2040066666666667e+00 7.6301014381067631e+01 -1.4724359083038414e+02
1.2050033333333334e+00 7.6447771136327532e+01 -1.4725157022624509e+02
1.2060000000000002e+00 7.6594535848350418e+01 -1.4725955757886501e+02
1.2069966666666667e+00 7.6741308525070465e+01 -1.4726755289617921e+02
1.2079933333333335e+00 7.6888089174429837e+01 -1.4727555618613187e+02
1.2089900000000000e+00 7.7034877804378482e+01 -1.4728356745667912e+02
1.2099866666666668e+00 7.7181674422874423e+01 -1.4729158671576073e+02
1.2109833333333335e+00 7.7328479037883525e+01 -1.4729961397136785e+02
1.2119800000000001e+00 7.7475291657379586e+01 -1.4730764923145736e+02
1.2129766666666668e+00 7.7622112289344443e+01 -1.4731569250400182e+02
1.2139733333333333e+00 7.7768940941767767e+01 -1.4732374379702156e+02
1.2149700000000001e+00 7.7915777622647340e+01 -1.4733180311848483e+02
1.2159666666666669e+00 7.8062622339988820e+01 -1.4733987047641855e+02
1.2169633333333334e+00 7.8209475101805836e+01 -1.4734794587882226e+02
1.2179600000000002e+00 7.8356335916120102e+01 -1.4735602933371840e+02
1.2189566666666667e+00 7.8503204790961206e+01 -1.4736412084914164e+02
1.2199533333333334e+00 7.8650081734366879e+01 -1.4737222043313159e+02
1.2209500000000002e+00 7.8796966754382780e+01 -1.4738032809373632e+02
1.2219466666666667e+00 7.8943859859062570e+01 -1.4738844383899837e+02
1.2229433333333335e+00 7.9090761056468054e+01 -1.4739656767699000e+02
1.2239400000000000e+00 7.9237670354668921e+01 -1.4740469961576014e+02
1.2249366666666668e+00 7.9384587761743049e+01 -1.4741283966341251e+02
1.2259333333333335e+00 7.9531513285776299e+01 -1.4742098782803092e+02
1.2269300000000001e+00 7.9678446934862563e+01 -1.4742914411770062e+02
1.2279266666666668e+00 7.9825388717103920e+01 -1.4743730854051529e+02
1.2289233333333334e+00 7.9972338640610374e+01 -1.4744548110459516e+02
1.2299200000000001e+00 8.0119296713500177e+01 -1.4745366181805815e+02
1.2309166666666669e+00 8.0266262943899562e+01 -1.4746185068903100e+02
1.2319133333333334e+00 8.0413237339942867e+01 -1.4747004772565575e+02
1.2329100000000002e+00 8.0560219909772627e+01 -1.4747825293605479e+02
1.2339066666666667e+00 8.0707210661539392e+01 -1.4748646632839103e+02
1.2349033333333335e+00 8.0854209603401955e+01 -1.4749468791082526e+02
1.2359000000000002e+00 8.1001216743527138e+01 -1.4750291769152685e+02
1.2368966666666668e+00 8.1148232090089920e+01 -1.4751115567865224e+02
1.2378933333333335e+00 8.1295255651273521e+01 -1.4751940188040220e+02
1.2388900000000000e+00 8.1442287435269208e+01 -1.4752765630496808e+02
1.2398866666666668e+00 8.1589327450276528e+01 -1.4753591896054144e+02
1.2408833333333333e+00 8.1736375704503089e+01 -1.4754418985534215e+02
1.2418800000000001e+00 8.1883432206164798e+01 -1.4755246899755952e+02
1.2428766666666669e+00 8.2030496963485660e+01 -1.4756075639544139e+02
1.2438733333333334e+00 8.2177569984697882e+01 -1.4756905205722259e+02
1.2448700000000001e+00 8.2324651278041998e+01 -1.4757735599113241e+02
1.2458666666666667e+00 8.2471740851766583e+01 -1.4758566820541211e+02
1.2468633333333334e+00 8.2618838714128614e+01 -1.4759398870832948e+02
1.2478600000000002e+00 8.2765944873393181e+01 -1.4760231750816084e+02
1.2488566666666667e+00 8.2913059337833616e+01 -1.4761065461316241e+02
1.2498533333333335e+00 8.3060182115731607e+01 -1.4761900003161335e+02
1.2508500000000000e+00 8.3207313215376956e+01 -1.4762735377180499e+02
1.2518466666666668e+00 8.3354452645067880e+01 -1.4763571584206190e+02
1.2528433333333335e+00 8.3501600413110765e+01 -1.4764408625066059e+02
1.2538400000000001e+00 8.3648756527820282e+01 -1.4765246500592139e+02
1.2548366666666668e+00 8.3795920997519474e+01 -1.4766085211618048e+02
1.2558333333333334e+00 8.3943093830539581e+01 -1.4766924758975051e+02
1.2568300000000001e+00 8.4090275035220245e+01 -1.4767765143497752e+02
1.2578266666666669e+00 8.4237464619909360e+01 -1.4768606366021652e+02
1.2588233333333334e+00 8.4384662592963139e+01 -1.4769448427382329e+02
1.2598200000000002e+00 8.4531868962746216e+01 -1.4770291328415556e+02
1.2608166666666667e+00 8.4679083737631430e+01 -1.4771135069959007e+02
1.2618133333333335e+00 8.4826306926000115e+01 -1.4771979652850143e+02
1.2628100000000002e+00 8.4973538536241847e+01 -1.4772825077929446e+02
1.2638066666666667e+00 8.5120778576754589e+01 -1.4773671346034644e+02
1.2648033333333335e+00 8.5268027055944742e+01 -1.4774518458007918e+02
1.2658000000000000e+00 8.5415283982227010e+01 -1.4775366414691223e+02
1.2667966666666668e+00 8.5562549364024576e+01 -1.4776215216924865e+02
1.2677933333333335e+00 8.5709823209768942e+01 -1.4777064865552902e+02
1.2687900000000001e+00 8.5857105527900003e+01 -1.4777915361419471e+02
1.2697866666666668e+00 8.6004396326866186e+01 -1.4778766705371029e+02
1.2707833333333334e+00 8.6151695615124211e+01 -1.4779618898250968e+02
1.2717800000000001e+00 8.6299003401139359e+01 -1.4780471940906000e+02
1.2727766666666669e+00 8.6446319693385234e+01 -1.4781325834184460e+02
1.2737733333333334e+00 8.6593644500343927e+01 -1.4782180578934057e+02
1.2747700000000002e+00 8.6740977830506040e+01 -1.4783036176003381e+02
1.2757666666666667e+00 8.6888319692370544e+01 -1.4783892626242948e+02
1.2767633333333335e+00 8.7035670094445010e+01 -1.4784749930503983e+02
1.2777600000000000e+00 8.7183029045245362e+01 -1.4785608089636284e+02
1.2787566666666668e+00 8.7330396553296126e+01 -1.4786467104495134e+02
1.2797533333333335e+00 8.7477772627130264e+01 -1.4787326975931708e+02
1.2807500000000001e+00 8.7625157275289226e+01 -1.4788187704800137e+02
1.2817466666666668e+00 8.7772550506323071e+01 -1.4789049291956852e+02
1.2827433333333333e+00 8.7919952328790288e+01 -1.4789911738256643e+02
1.2837400000000001e+00 8.8067362751257988e+01 -1.4790775044555511e+02
1.2847366666666669e+00 8.8214781782301728e+01 -1.4791639211711754e+02
1.2857333333333334e+00 8.8362209430505658e+01 -1.4792504240585919e+02
1.2867300000000002e+00 8.8509645704462557e+01 -1.4793370132033729e+02
1.2877266666666667e+00 8.8657090612773644e+01 -1.4794236886917102e+02
1.2887233333333334e+00 8.8804544164048835e+01 -1.4795104506096311e+02
1.2897200000000002e+00 8.8952006366906559e+01 -1.4795972990433935e+02
1.2907166666666667e+00 8.9099477229973829e+01 -1.4796842340793378e+02
1.2917133333333335e+00 8.9246956761886352e+01 -1.4797712558036773e+02
1.2927100000000000e+00 8.9394444971288308e+01 -1.4798583643028178e+02
1.2937066666666668e+00 8.9541941866832644e+01 -1.4799455596634280e+02
1.2947033333333335e+00 8.9689447457180833e+01 -1.4800328419721234e+02
1.2957000000000001e+00 8.9836961751002974e+01 -1.4801202113153855e+02
1.2966966666666668e+00 8.9984484756977920e+01 -1.4802076677803549e+02
1.2976933333333334e+00 9.0132016483793066e+01 -1.4802952114536515e+02
1.2986900000000001e+00 9.0279556940144559e+01 -1.4803828424222294e+02
1.2996866666666669e+00 9.0427106134737159e+01 -1.4804705607733447e+02
1.3006833333333334e+00 9.0574664076284279e+01 -1.4805583665939076e+02
1.3016800000000002e+00 9.0722230773508116e+01 -1.4806462599712012e+02
1.3026766666666667e+00 9.0869806235139464e+01 -1.4807342409926292e+02
1.3036733333333335e+00 9.1017390469917927e+01 -1.4808223097455021e+02
1.3046700000000002e+00 9.1164983486591737e+01 -1.4809104663172198e+02
1.3056666666666668e+00 9.1312585293917834e+01 -1.4809987107955465e+02
1.3066633333333335e+00 9.1460195900662015e+01 -1.4810870432681222e+02
1.3076600000000000e+00 9.1607815315598685e+01 -1.4811754638225651e+02
1.3086566666666668e+00 9.1755443547511092e+01 -1.4812639725466127e+02
1.3096533333333336e+00 9.1903080605191178e+01 -1.4813525695284488e+02
1.3106500000000001e+00 9.2050726497439655e+01 -1.4814412548559815e+02
1.3116466666666668e+00 9.2198381233066073e+01 -1.4815300286171350e+02
1.3126433333333334e+00 9.2346044820888679e+01 -1.4816188909004541e+02
1.3136400000000001e+00 9.2493717269734631e+01 -1.4817078417939132e+02
1.3146366666666667e+00 9.2641398588439742e+01 -1.4817968813859142e+02
1.3156333333333334e+00 9.2789088785848776e+01 -1.4818860097649079e+02
1.3166300000000002e+00 9.2936787870815209e+01 -1.4819752270195065e+02
1.3176266666666667e+00 9.3084495852201371e+01 -1.4820645332384007e+02
1.3186233333333335e+00 9.3232212738878516e+01 -1.4821539285100860e+02
1.3196200000000000e+00 9.3379938539726595e+01 -1.4822434129234637e+02
1.3206166666666668e+00 9.3527673263634568e+01 -1.4823329865674842e+02
1.3216133333333335e+00 9.3675416919500151e+01 -1.4824226495309722e+02
1.3226100000000001e+00 9.3823169516229925e+01 -1.4825124019031188e+02
1.3236066666666668e+00 9.3970931062739481e+01 -1.4826022437732030e+02
1.3246033333333334e+00 9.4118701567953124e+01 -1.4826921752301976e+02
1.3256000000000001e+00 9.4266481040804223e+01 -1.4827821963635515e+02
1.3265966666666669e+00 9.4414269490234943e+01 -1.4828723072627326e+02
1.3275933333333334e+00 9.4562066925196376e+01 -1.4829625080172153e+02
1.3285900000000002e+00 9.4709873354648622e+01 -1.4830527987164933e+02
1.3295866666666667e+00 9.4857688787560591e+01 -1.4831431794504667e+02
1.3305833333333335e+00 9.5005513232910275e+01 -1.4832336503087973e+02
1.3315800000000002e+00 9.5153346699684505e+01 -1.4833242113812383e+02
1.3325766666666667e+00 9.5301189196879093e+01 -1.4834148627581197e+02
1.3335733333333335e+00 9.5449040733498919e+01 -1.4835056045290790e+02
1.3345700000000000e+00 9.5596901318557684e+01 -1.4835964367843707e+02
1.3355666666666668e+00 9.5744770961078231e+01 -1.4836873596143712e+02
1.3365633333333335e+00 9.5892649670092311e+01 -1.4837783731093319e+02
1.3375600000000001e+00 9.6040537454640656e+01 -1.4838694773595122e+02
1.3385566666666668e+00 9.6188434323773123e+01 -1.4839606724554753e+02
1.3395533333333334e+00 9.6336340286548449e+01 -1.4840519584880474e+02
1.3405500000000001e+00 9.6484255352034580e+01 -1.4841433355476747e+02
1.3415466666666669e+00 9.6632179529308345e+01 -1.4842348037250375e+02
1.3425433333333334e+00 9.6780112827455667e+01 -1.4843263631111788e+02
1.3435400000000002e+00 9.6928055255571607e+01 -1.4844180137970901e+02
1.3445366666666667e+00 9.7076006822760178e+01 -1.4845097558735966e+02
1.3455333333333335e+00 9.7223967538134588e+01 -1.4846015894320013e+02
1.3465300000000002e+00 9.7371937410817040e+01 -1.4846935145635538e+02
1.3475266666666668e+00 9.7519916449938847e+01 -1.4847855313594403e+02
1.3485233333333335e+00 9.7667904664640503e+01 -1.4848776399110082e+02
1.3495200000000001e+00 9.7815902064071494e+01 -1.4849698403098677e+02
1.3505166666666668e+00 9.7963908657390562e+01 -1.4850621326477486e+02
1.3515133333333336e+00 9.8111924453765496e+01 -1.4851545170161154e+02
1.3525100000000001e+00 9.8259949462373200e+01 -1.4852469935067950e+02
1.3535066666666669e+00 9.8407983692399853e+01 -1.4853395622116346e+02
1.3545033333333334e+00 9.8556027153040645e+01 -1.4854322232226002e+02
1.3555000000000001e+00 9.8704079853500076e+01 -1.4855249766318011e+02
1.3564966666666667e+00 9.8852141802991682e+01 -1.4856178225312041e+02
1.3574933333333334e+00 9.9000213010738321e+01 -1.4857107610131800e+02
1.3584900000000002e+00 9.9148293485971962e+01 -1.4858037921700503e+02
1.3594866666666667e+00 9.9296383237933782e+01 -1.4858969160942823e+02
1.3604833333333335e+00 9.9444482275874265e+01 -1.4859901328782220e+02
1.3614800000000000e+00 9.9592590609052962e+01 -1.4860834426144777e+02
1.3624766666666668e+00 9.9740708246738819e+01 -1.4861768453957777e+02
1.3634733333333335e+00 9.9888835198209918e+01 -1.4862703413149410e+02
1.3644700000000001e+00 1.0003697147275359e+02 -1.4863639304648635e+02
1.3654666666666668e+00 1.0018511707966654e+02 -1.4864576129384616e+02
1.3664633333333334e+00 1.0033327202825460e+02 -1.4865513888288427e+02
1.3674600000000001e+00 1.0048143632783299e+02 -1.4866452582290910e+02
1.3684566666666669e+00 1.0062960998772617e+02 -1.4867392212324535e+02
1.3694533333333334e+00 1.0077779301726785e+02 -1.4868332779321830e+02
1.3704500000000002e+00 1.0092598542580119e+02 -1.4869274284219790e+02
1.3714466666666667e+00 1.0107418722267849e+02 -1.4870216727951643e+02
1.3724433333333335e+00 1.0122239841726153e+02 -1.4871160111453204e+02
1.3734400000000002e+00 1.0137061901892135e+02 -1.4872104435663377e+02
1.3744366666666668e+00 1.0151884903703828e+02 -1.4873049701518954e+02
1.3754333333333335e+00 1.0166708848100215e+02 -1.4873995909959083e+02
1.3764300000000000e+00 1.0181533736021201e+02 -1.4874943061922679e+02
1.3774266666666668e+00 1.0196359568407640e+02 -1.4875891158352701e+02
1.3784233333333336e+00 1.0211186346201315e+02 -1.4876840200190179e+02
1.3794200000000001e+00 1.0226014070344949e+02 -1.4877790188376900e+02
1.3804166666666668e+00 1.0240842741782214e+02 -1.4878741123857006e+02
1.3814133333333334e+00 1.0255672361457709e+02 -1.4879693007575111e+02
1.3824100000000001e+00 1.0270502930316991e+02 -1.4880645840477027e+02
1.3834066666666669e+00 1.0285334449306546e+02 -1.4881599623510203e+02
1.3844033333333334e+00 1.0300166919373808e+02 -1.4882554357619992e+02
1.3854000000000002e+00 1.0315000341467162e+02 -1.4883510043754802e+02
1.3863966666666667e+00 1.0329834716535926e+02 -1.4884466682867097e+02
1.3873933333333335e+00 1.0344670045530381e+02 -1.4885424275903404e+02
1.3883900000000002e+00 1.0359506329401744e+02 -1.4886382823816876e+02
1.3893866666666668e+00 1.0374343569102177e+02 -1.4887342327559989e+02
1.3903833333333335e+00 1.0389181765584807e+02 -1.4888302788084005e+02
1.3913800000000001e+00 1.0404020919803696e+02 -1.4889264206344959e+02
1.3923766666666668e+00 1.0418861032713869e+02 -1.4890226583296729e+02
1.3933733333333334e+00 1.0433702105271291e+02 -1.4891189919896055e+02
1.3943700000000001e+00 1.0448544138432895e+02 -1.4892154217099440e+02
1.3953666666666669e+00 1.0463387133156557e+02 -1.4893119475864324e+02
1.3963633333333334e+00 1.0478231090401107e+02 -1.4894085697149589e+02
1.3973600000000002e+00 1.0493076011126342e+02 -1.4895052881916490e+02
1.3983566666666667e+00 1.0507921896293006e+02 -1.4896021031124616e+02
1.3993533333333334e+00 1.0522768746862809e+02 -1.4896990145735455e+02
1.4003500000000002e+00 1.0537616563798413e+02 -1.4897960226712155e+02
1.4013466666666667e+00 1.0552465348063440e+02 -1.4898931275017165e+02
1.4023433333333335e+00 1.0567315100622481e+02 -1.4899903291617440e+02
1.4033400000000000e+00 1.0582165822441078e+02 -1.4900876277476135e+02
1.4043366666666668e+00 1.0597017514485746e+02 -1.4901850233561152e+02
1.4053333333333335e+00 1.0611870177723958e+02 -1.4902825160840632e+02
1.4063300000000001e+00 1.0626723813124148e+02 -1.4903801060280588e+02
1.4073266666666668e+00 1.0641578421655727e+02 -1.4904777932852249e+02
1.4083233333333334e+00 1.0656434004289061e+02 -1.4905755779525899e+02
1.4093200000000001e+00 1.0671290561995492e+02 -1.4906734601272302e+02
1.4103166666666669e+00 1.0686148095747328e+02 -1.4907714399064579e+02
1.4113133333333334e+00 1.0701006606517841e+02 -1.4908695173874449e+02
1.4123100000000002e+00 1.0715866095281282e+02 -1.4909676926675994e+02
1.4133066666666667e+00 1.0730726563012867e+02 -1.4910659658448051e+02
1.4143033333333335e+00 1.0745588010688793e+02 -1.4911643370164236e+02
1.4153000000000002e+00 1.0760450439286222e+02 -1.4912628062800525e+02
1.4162966666666668e+00 1.0775313849783289e+02 -1.4913613737336476e+02
1.4172933333333335e+00 1.0790178243159114e+02 -1.4914600394751164e+02
1.4182900000000001e+00 1.0805043620393782e+02 -1.4915588036024849e+02
1.4192866666666668e+00 1.0819909982468369e+02 -1.4916576662138988e+02
1.4202833333333336e+00 1.0834777330364916e+02 -1.4917566274073837e+02
1.4212800000000001e+00 1.0849645665066447e+02 -1.4918556872813946e+02
1.4222766666666669e+00 1.0864514987556973e+02 -1.4919548459343378e+02
1.4232733333333334e+00 1.0879385298821475e+02 -1.4920541034645242e+02
1.4242700000000001e+00 1.0894256599845930e+02 -1.4921534599708843e+02
1.4252666666666669e+00 1.0909128891617286e+02 -1.4922529155517998e+02
1.4262633333333334e+00 1.0924002175123476e+02 -1.4923524703062250e+02
1.4272600000000002e+00 1.0938876451353430e+02 -1.4924521243330648e+02
1.4282566666666667e+00 1.0953751721297049e+02 -1.4925518777312013e+02
1.4292533333333335e+00 1.0968627985945233e+02 -1.4926517305998010e+02
1.4302500000000000e+00 1.0983505246289859e+02 -1.4927516830379605e+02
1.4312466666666668e+00 1.0998383503323807e+02 -1.4928517351451791e+02
1.4322433333333335e+00 1.1013262758040935e+02 -1.4929518870206238e+02
1.4332400000000001e+00 1.1028143011436092e+02 -1.4930521387638183e+02
1.4342366666666668e+00 1.1043024264505131e+02 -1.4931524904744521e+02
1.4352333333333334e+00 1.1057906518244883e+02 -1.4932529422521918e+02
1.4362300000000001e+00 1.1072789773653187e+02 -1.4933534941966798e+02
1.4372266666666669e+00 1.1087674031728868e+02 -1.4934541464079376e+02
1.4382233333333334e+00 1.1102559293471745e+02 -1.4935548989859177e+02
1.4392200000000002e+00 1.1117445559882646e+02 -1.4936557520305942e+02
1.4402166666666667e+00 1.1132332831963380e+02 -1.4937567056424183e+02
1.4412133333333335e+00 1.1147221110716775e+02 -1.4938577599213875e+02
1.4422100000000002e+00 1.1162110397146641e+02 -1.4939589149679534e+02
1.4432066666666667e+00 1.1177000692257795e+02 -1.4940601708827083e+02
1.4442033333333335e+00 1.1191891997056064e+02 -1.4941615277661970e+02
1.4452000000000000e+00 1.1206784312548263e+02 -1.4942629857189419e+02
1.4461966666666668e+00 1.1221677639742225e+02 -1.4943645448419394e+02
1.4471933333333336e+00 1.1236571979646781e+02 -1.4944662052359971e+02
1.4481900000000001e+00 1.1251467333271765e+02 -1.4945679670019919e+02
1.4491866666666668e+00 1.1266363701628028e+02 -1.4946698302411826e+02
1.4501833333333334e+00 1.1281261085727417e+02 -1.4947717950546615e+02
1.4511800000000001e+00 1.1296159486582800e+02 -1.4948738615437810e+02
1.4521766666666669e+00 1.1311058905208047e+02 -1.4949760298097763e+02
1.4531733333333334e+00 1.1325959342618036e+02 -1.4950782999542383e+02
1.4541700000000002e+00 1.1340860799828668e+02 -1.4951806720788528e+02
1.4551666666666667e+00 1.1355763277856848e+02 -1.4952831462852112e+02
1.4561633333333335e+00 1.1370666777720500e+02 -1.4953857226749511e+02
1.4571600000000002e+00 1.1385571300438559e+02 -1.4954884013501638e+02
1.4581566666666668e+00 1.1400476847030977e+02 -1.4955911824129379e+02
1.4591533333333335e+00 1.1415383418518729e+02 -1.4956940659651028e+02
1.4601500000000001e+00 1.1430291015923797e+02 -1.4957970521090340e+02
1.4611466666666668e+00 1.1445199640269195e+02 -1.4959001409470105e+02
1.4621433333333336e+00 1.1460109292578946e+02 -1.4960033325814092e+02
1.4631400000000001e+00 1.1475019973878096e+02 -1.4961066271146746e+02
1.4641366666666669e+00 1.1489931685192722e+02 -1.4962100246495635e+02
1.4651333333333334e+00 1.1504844427549912e+02 -1.4963135252886644e+02
1.4661300000000002e+00 1.1519758201977790e+02 -1.4964171291347088e+02
1.4671266666666667e+00 1.1534673009505492e+02 -1.4965208362908567e+02
1.4681233333333334e+00 1.1549588851163195e+02 -1.4966246468599573e+02
1.4691200000000002e+00 1.1564505727982092e+02 -1.4967285609452432e+02
1.4701166666666667e+00 1.1579423640994405e+02 -1.4968325786497294e+02
1.4711133333333335e+00 1.1594342591233394e+02 -1.4969367000768852e+02
1.4721100000000000e+00 1.1609262579733337e+02 -1.4970409253301551e+02
1.4731066666666668e+00 1.1624183607529557e+02 -1.4971452545130305e+02
1.4741033333333335e+00 1.1639105675658399e+02 -1.4972496877292423e+02
1.4751000000000001e+00 1.1654028785157242e+02 -1.4973542250823766e+02
1.4760966666666668e+00 1.1668952937064508e+02 -1.4974588666763296e+02
1.4770933333333334e+00 1.1683878132419640e+02 -1.4975636126150454e+02
1.4780900000000001e+00 1.1698804372263136e+02 -1.4976684630026568e+02
1.4790866666666669e+00 1.1713731657636518e+02 -1.4977734179431803e+02
1.4800833333333334e+00 1.1728659989582346e+02 -1.4978784775409144e+02
1.4810800000000002e+00 1.1743589369144229e+02 -1.4979836419002552e+02
1.4820766666666667e+00 1.1758519797366806e+02 -1.4980889111257162e+02
1.4830733333333335e+00 1.1773451275295771e+02 -1.4981942853217865e+02
1.4840700000000002e+00 1.1788383803977848e+02 -1.4982997645930539e+02
1.4850666666666668e+00 1.1803317384460807e+02 -1.4984053490445291e+02
1.4860633333333335e+00 1.1818252017793472e+02 -1.4985110387809647e+02
1.4870600000000000e+00 1.1833187705025699e+02 -1.4986168339073018e+02
1.4880566666666668e+00 1.1848124447208406e+02 -1.4987227345286013e+02
1.4890533333333336e+00 1.1863062245393547e+02 -1.4988287407502330e+02
1.4900500000000001e+00 1.1878001100634125e+02 -1.4989348526773517e+02
1.4910466666666669e+00 1.1892941013984206e+02 -1.4990410704154223e+02
1.4920433333333334e+00 1.1907881986498890e+02 -1.4991473940699569e+02
1.4930400000000001e+00 1.1922824019234343e+02 -1.4992538237465138e+02
1.4940366666666669e+00 1.1937767113247777e+02 -1.4993603595508932e+02
1.4950333333333334e+00 1.1952711269597455e+02 -1.4994670015888178e+02
1.4960300000000002e+00 1.1967656489342707e+02 -1.4995737499663954e+02
1.4970266666666667e+00 1.1982602773543906e+02 -1.4996806047894941e+02
1.4980233333333335e+00 1.1997550123262494e+02 -1.4997875661643141e+02
1.4990200000000002e+00 1.2012498539560963e+02 -1.4998946341970830e+02
1.5000166666666668e+00 1.2027448023502865e+02 -1.5000018089942373e+02
1.5010133333333335e+00 1.2042398576152821e+02 -1.5001090906622397e+02
1.5020100000000001e+00 1.2057350198576502e+02 -1.5002164793075298e+02
1.5030066666666668e+00 1.2072302891840653e+02 -1.5003239750368311e+02
1.5040033333333334e+00 1.2087256657013070e+02 -1.5004315779569393e+02
1.5050000000000001e+00 1.2102211495162628e+02 -1.5005392881748386e+02
1.5059966666666669e+00 1.2117167407359257e+02 -1.5006471057973269e+02
1.5069933333333334e+00 1.2132124394673954e+02 -1.5007550309316960e+02
1.5079900000000002e+00 1.2147082458178795e+02 -1.5008630636850509e+02
1.5089866666666667e+00 1.2162041598946911e+02 -1.5009712041646856e+02
1.5099833333333335e+00 1.2177001818052516e+02 -1.5010794524780130e+02
1.5109800000000002e+00 1.2191963116570884e+02 -1.5011878087326150e+02
1.5119766666666667e+00 1.2206925495578363e+02 -1.5012962730362821e+02
1.5129733333333335e+00 1.2221888956152387e+02 -1.5014048454964760e+02
1.5139700000000000e+00 1.2236853499371445e+02 -1.5015135262212041e+02
1.5149666666666668e+00 1.2251819126315118e+02 -1.5016223153182349e+02
1.5159633333333336e+00 1.2266785838064054e+02 -1.5017312128959347e+02
1.5169600000000001e+00 1.2281753635699977e+02 -1.5018402190623081e+02
1.5179566666666668e+00 1.2296722520305701e+02 -1.5019493339255297e+02
1.5189533333333334e+00 1.2311692492965106e+02 -1.5020585575942482e+02
1.5199500000000001e+00 1.2326663554763167e+02 -1.5021678901767316e+02
1.5209466666666669e+00 1.2341635706785928e+02 -1.5022773317817027e+02
1.5219433333333334e+00 1.2356608950120518e+02 -1.5023868825178073e+02
1.5229400000000002e+00 1.2371583285855162e+02 -1.5024965424939333e+02
1.5239366666666667e+00 1.2386558715079153e+02 -1.5026063118190143e+02
1.5249333333333335e+00 1.2401535238882886e+02 -1.5027161906020308e+02
1.5259300000000002e+00 1.2416512858357832e+02 -1.5028261789521343e+02
1.5269266666666668e+00 1.2431491574596552e+02 -1.5029362769786835e+02
1.5279233333333335e+00 1.2446471388692706e+02 -1.5030464847909218e+02
1.5289200000000001e+00 1.2461452301741028e+02 -1.5031568024982823e+02
1.5299166666666668e+00 1.2476434314837361e+02 -1.5032672302104586e+02
1.5309133333333336e+00 1.2491417429078629e+02 -1.5033777680371017e+02
1.5319100000000001e+00 1.2506401645562852e+02 -1.5034884160882103e+02
1.5329066666666669e+00 1.2521386965389152e+02 -1.5035991744733860e+02
1.5339033333333334e+00 1.2536373389657734e+02 -1.5037100433027030e+02
1.5349000000000002e+00 1.2551360919469916e+02 -1.5038210226864962e+02
1.5358966666666669e+00 1.2566349555928100e+02 -1.5039321127348441e+02
1.5368933333333334e+00 1.2581339300135791e+02 -1.5040433135580321e+02
1.5378900000000002e+00 1.2596330153197601e+02 -1.5041546252666581e+02
1.5388866666666667e+00 1.2611322116219236e+02 -1.5042660479713672e+02
1.5398833333333335e+00 1.2626315190307511e+02 -1.5043775817826372e+02
1.5408800000000002e+00 1.2641309376570339e+02 -1.5044892268113307e+02
1.5418766666666668e+00 1.2656304676116736e+02 -1.5046009831683739e+02
1.5428733333333335e+00 1.2671301090056835e+02 -1.5047128509648650e+02
1.5438700000000001e+00 1.2686298619501861e+02 -1.5048248303117342e+02
1.5448666666666668e+00 1.2701297265564162e+02 -1.5049369213203391e+02
1.5458633333333334e+00 1.2716297029357182e+02 -1.5050491241020376e+02
1.5468600000000001e+00 1.2731297911995486e+02 -1.5051614387682341e+02
1.5478566666666669e+00 1.2746299914594745e+02 -1.5052738654305759e+02
1.5488533333333334e+00 1.2761303038271738e+02 -1.5053864042004881e+02
1.5498500000000002e+00 1.2776307284144370e+02 -1.5054990551901378e+02
1.5508466666666667e+00 1.2791312653331647e+02 -1.5056118185112396e+02
1.5518433333333335e+00 1.2806319146953703e+02 -1.5057246942756248e+02
1.5528400000000002e+00 1.2821326766131779e+02 -1.5058376825957259e+02
1.5538366666666668e+00 1.2836335511988239e+02 -1.5059507835837513e+02
1.5548333333333335e+00 1.2851345385646570e+02 -1.5060639973518690e+02
1.5558300000000000e+00 1.2866356388231367e+02 -1.5061773240125771e+02
1.5568266666666668e+00 1.2881368520868361e+02 -1.5062907636783490e+02
1.5578233333333336e+00 1.2896381784684397e+02 -1.5064043164621873e+02
1.5588200000000001e+00 1.2911396180807441e+02 -1.5065179824767995e+02
1.5598166666666669e+00 1.2926411710366594e+02 -1.5066317618348523e+02
1.5608133333333334e+00 1.2941428374492074e+02 -1.5067456546496999e+02
1.5618100000000001e+00 1.2956446174315232e+02 -1.5068596610341010e+02
1.5628066666666669e+00 1.2971465110968543e+02 -1.5069737811016276e+02
1.5638033333333334e+00 1.2986485185585610e+02 -1.5070880149655582e+02
1.5648000000000002e+00 1.3001506399301172e+02 -1.5072023627389873e+02
1.5657966666666667e+00 1.3016528753251092e+02 -1.5073168245362669e+02
1.5667933333333335e+00 1.3031552248572379e+02 -1.5074314004707256e+02
1.5677900000000002e+00 1.3046576886403159e+02 -1.5075460906556515e+02
1.5687866666666668e+00 1.3061602667882698e+02 -1.5076608952054627e+02
1.5697833333333335e+00 1.3076629594151410e+02 -1.5077758142345374e+02
1.5707800000000001e+00 1.3091657666350829e+02 -1.5078908478566572e+02
1.5717766666666668e+00 1.3106686885623643e+02 -1.5080059961860061e+02
1.5727733333333336e+00 1.3121717253113667e+02 -1.5081212593370131e+02
1.5737700000000001e+00 1.3136748769965857e+02 -1.5082366374240959e+02
1.5747666666666669e+00 1.3151781437326323e+02 -1.5083521305622037e+02
1.5757633333333334e+00 1.3166815256342304e+02 -1.5084677388658301e+02
1.5767600000000002e+00 1.3181850228162196e+02 -1.5085834624498725e+02
1.5777566666666669e+00 1.3196886353935528e+02 -1.5086993014291880e+02
1.5787533333333335e+00 1.3211923634812976e+02 -1.5088152559186221e+02
1.5797500000000002e+00 1.3226962071946375e+02 -1.5089313260338352e+02
1.5807466666666667e+00 1.3242001666488693e+02 -1.5090475118901784e+02
1.5817433333333335e+00 1.3257042419594066e+02 -1.5091638136025742e+02
1.5827400000000000e+00 1.3272084332417762e+02 -1.5092802312869432e+02
1.5837366666666668e+00 1.3287127406116218e+02 -1.5093967650587530e+02
1.5847333333333335e+00 1.3302171641847013e+02 -1.5095134150335721e+02
1.5857300000000001e+00 1.3317217040768878e+02 -1.5096301813275306e+02
1.5867266666666668e+00 1.3332263604041711e+02 -1.5097470640565746e+02
1.5877233333333334e+00 1.3347311332826553e+02 -1.5098640633370519e+02
1.5887200000000001e+00 1.3362360228285621e+02 -1.5099811792848587e+02
1.5897166666666669e+00 1.3377410291582274e+02 -1.5100984120162761e+02
1.5907133333333334e+00 1.3392461523881030e+02 -1.5102157616477194e+02
1.5917100000000002e+00 1.3407513926347585e+02 -1.5103332282961321e+02
1.5927066666666667e+00 1.3422567500148782e+02 -1.5104508120782910e+02
1.5937033333333335e+00 1.3437622246452639e+02 -1.5105685131105190e+02
1.5947000000000002e+00 1.3452678166428331e+02 -1.5106863315096683e+02
1.5956966666666668e+00 1.3467735261246193e+02 -1.5108042673928665e+02
1.5966933333333335e+00 1.3482793532077744e+02 -1.5109223208779133e+02
1.5976900000000001e+00 1.3497852980095655e+02 -1.5110404920814423e+02
1.5986866666666668e+00 1.3512913606473782e+02 -1.5111587811209168e+02
1.5996833333333336e+00 1.3527975412387138e+02 -1.5112771881140458e+02
1.6006800000000001e+00 1.3543038399011908e+02 -1.5113957131779554e+02
1.6016766666666669e+00 1.3558102567525461e+02 -1.5115143564310171e+02
1.6026733333333334e+00 1.3573167919106328e+02 -1.5116331179907186e+02
1.6036700000000002e+00 1.3588234454934226e+02 -1.5117519979750938e+02
1.6046666666666669e+00 1.3603302176190041e+02 -1.5118709965024229e+02
1.6056633333333334e+00 1.3618371084055835e+02 -1.5119901136904019e+02
1.6066600000000002e+00 1.3633441179714856e+02 -1.5121093496578291e+02
1.6076566666666667e+00 1.3648512464351523e+02 -1.5122287045231920e+02
1.6086533333333335e+00 1.3663584939151448e+02 -1.5123481784048090e+02
1.6096500000000002e+00 1.3678658605301416e+02 -1.5124677714212450e+02
1.6106466666666668e+00 1.3693733463989392e+02 -1.5125874836913368e+02
1.6116433333333335e+00 1.3708809516404540e+02 -1.5127073153344537e+02
1.6126400000000001e+00 1.3723886763737192e+02 -1.5128272664692247e+02
1.6136366666666668e+00 1.3738965207178887e+02 -1.5129473372149667e+02
1.6146333333333336e+00 1.3754044847922336e+02 -1.5130675276908153e+02
1.6156300000000001e+00 1.3769125687161440e+02 -1.5131878380160353e+02
1.6166266666666669e+00 1.3784207726091302e+02 -1.5133082683105656e+02
1.6176233333333334e+00 1.3799290965908202e+02 -1.5134288186934631e+02
1.6186200000000002e+00 1.3814375407809629e+02 -1.5135494892849263e+02
1.6196166666666667e+00 1.3829461052994253e+02 -1.5136702802050112e+02
1.6206133333333335e+00 1.3844547902661949e+02 -1.5137911915733193e+02
1.6216100000000002e+00 1.3859635958013780e+02 -1.5139122235096988e+02
1.6226066666666668e+00 1.3874725220252006e+02 -1.5140333761345553e+02
1.6236033333333335e+00 1.3889815690580096e+02 -1.5141546495689684e+02
1.6246000000000000e+00 1.3904907370202710e+02 -1.5142760439325659e+02
1.6255966666666668e+00 1.3920000260325716e+02 -1.5143975593460900e+02
1.6265933333333336e+00 1.3935094362156178e+02 -1.5145191959305299e+02
1.6275900000000001e+00 1.3950189676902366e+02 -1.5146409538062915e+02
1.6285866666666668e+00 1.3965286205773756e+02 -1.5147628330947390e+02
1.6295833333333334e+00 1.3980383949981027e+02 -1.5148848339166409e+02
1.6305800000000001e+00 1.3995482910736072e+02 -1.5150069563934528e+02
1.6315766666666669e+00 1.4010583089251989e+02 -1.5151292006463063e+02
1.6325733333333334e+00 1.4025684486743077e+02 -1.5152515667964622e+02
1.6335700000000002e+00 1.4040787104424859e+02 -1.5153740549658556e+02
1.6345666666666667e+00 1.4055890943514063e+02 -1.5154966652759680e+02
1.6355633333333335e+00 1.4070996005228636e+02 -1.5156193978488250e+02
1.6365600000000002e+00 1.4086102290787733e+02 -1.5157422528058439e+02
1.6375566666666668e+00 1.4101209801411721e+02 -1.5158652302691405e+02
1.6385533333333335e+00 1.4116318538322199e+02 -1.5159883303612207e+02
1.6395500000000001e+00 1.4131428502741966e+02 -1.5161115532042783e+02
1.6405466666666668e+00 1.4146539695895058e+02 -1.5162348989209093e+02
1.6415433333333336e+00 1.4161652119006720e+02 -1.5163583676332445e+02
1.6425400000000001e+00 1.4176765773303418e+02 -1.5164819594638269e+02
1.6435366666666669e+00 1.4191880660012851e+02 -1.5166056745357329e+02
1.6445333333333334e+00 1.4206996780363929e+02 -1.5167295129720114e+02
1.6455300000000002e+00 1.4222114135586801e+02 -1.5168534748952592e+02
1.6465266666666669e+00 1.4237232726912833e+02 -1.5169775604287480e+02
1.6475233333333335e+00 1.4252352555574620e+02 -1.5171017696960180e+02
1.6485200000000002e+00 1.4267473622805994e+02 -1.5172261028200029e+02
1.6495166666666667e+00 1.4282595929842003e+02 -1.5173505599247505e+02
1.6505133333333335e+00 1.4297719477918943e+02 -1.5174751411334276e+02
1.6515100000000003e+00 1.4312844268274333e+02 -1.5175998465695906e+02
1.6525066666666668e+00 1.4327970302146920e+02 -1.5177246763579208e+02
1.6535033333333335e+00 1.4343097580776706e+02 -1.5178496306219225e+02
1.6545000000000001e+00 1.4358226105404904e+02 -1.5179747094855009e+02
1.6554966666666668e+00 1.4373355877273991e+02 -1.5180999130732741e+02
1.6564933333333334e+00 1.4388486897627661e+02 -1.5182252415095758e+02
1.6574900000000001e+00 1.4403619167710863e+02 -1.5183506949185687e+02
1.6584866666666669e+00 1.4418752688769780e+02 -1.5184762734253798e+02
1.6594833333333334e+00 1.4433887462051834e+02 -1.5186019771545475e+02
1.6604800000000002e+00 1.4449023488805705e+02 -1.5187278062305734e+02
1.6614766666666667e+00 1.4464160770281299e+02 -1.5188537607787890e+02
1.6624733333333335e+00 1.4479299307729789e+02 -1.5189798409246407e+02
1.6634700000000002e+00 1.4494439102403584e+02 -1.5191060467928281e+02
1.6644666666666668e+00 1.4509580155556333e+02 -1.5192323785086015e+02
1.6654633333333335e+00 1.4524722468442957e+02 -1.5193588361980315e+02
1.6664600000000001e+00 1.4539866042319608e+02 -1.5194854199863073e+02
1.6674566666666668e+00 1.4555010878443704e+02 -1.5196121299995883e+02
1.6684533333333336e+00 1.4570156978073913e+02 -1.5197389663634289e+02
1.6694500000000001e+00 1.4585304342470153e+02 -1.5198659292035072e+02
1.6704466666666669e+00 1.4600452972893606e+02 -1.5199930186464653e+02
1.6714433333333334e+00 1.4615602870606705e+02 -1.5201202348184884e+02
1.6724400000000001e+00 1.4630754036873151e+02 -1.5202475778457378e+02
1.6734366666666669e+00 1.4645906472957893e+02 -1.5203750478547653e+02
1.6744333333333334e+00 1.4661060180127146e+02 -1.5205026449722473e+02
1.6754300000000002e+00 1.4676215159648396e+02 -1.5206303693249677e+02
1.6764266666666667e+00 1.4691371412790377e+02 -1.5207582210398260e+02
1.6774233333333335e+00 1.4706528940823108e+02 -1.5208862002435529e+02
1.6784200000000002e+00 1.4721687745017857e+02 -1.5210143070635556e+02
1.6794166666666668e+00 1.4736847826647164e+02 -1.5211425416270811e+02
1.6804133333333335e+00 1.4752009186984847e+02 -1.5212709040613410e+02
1.6814100000000001e+00 1.4767171827305978e+02 -1.5213993944939475e+02
1.6824066666666668e+00 1.4782335748886919e+02 -1.5215280130523445e+02
1.6834033333333336e+00 1.4797500953005292e+02 -1.5216567598646523e+02
1.6844000000000001e+00 1.4812667440939990e+02 -1.5217856350586879e+02
1.6853966666666669e+00 1.4827835213971198e+02 -1.5219146387622337e+02
1.6863933333333334e+00 1.4843004273380362e+02 -1.5220437711034722e+02
1.6873900000000002e+00 1.4858174620450214e+02 -1.5221730322108442e+02
1.6883866666666669e+00 1.4873346256464760e+02 -1.5223024222127560e+02
1.6893833333333335e+00 1.4888519182709285e+02 -1.5224319412375954e+02
1.6903800000000002e+00 1.4903693400470368e+02 -1.5225615894139997e+02
1.6913766666666668e+00 1.4918868911035852e+02 -1.5226913668707223e+02
1.6923733333333335e+00 1.4934045715694882e+02 -1.5228212737370859e+02
1.6933700000000000e+00 1.4949223815737875e+02 -1.5229513101417012e+02
1.6943666666666668e+00 1.4964403212456548e+02 -1.5230814762138658e+02
1.6953633333333336e+00 1.4979583907143896e+02 -1.5232117720828404e+02
1.6963600000000001e+00 1.4994765901094200e+02 -1.5233421978780109e+02
1.6973566666666668e+00 1.5009949195603045e+02 -1.5234727537291553e+02
1.6983533333333334e+00 1.5025133791967292e+02 -1.5236034397658818e+02
1.6993500000000001e+00 1.5040319691485115e+02 -1.5237342561179156e+02
1.7003466666666669e+00 1.5055506895455963e+02 -1.5238652029150884e+02
1.7013433333333334e+00 1.5070695405180589e+02 -1.5239962802877835e+02
1.7023400000000002e+00 1.5085885221961050e+02 -1.5241274883659213e+02
1.7033366666666667e+00 1.5101076347100684e+02 -1.5242588272801092e+02
1.7043333333333335e+00 1.5116268781904148e+02 -1.5243902971606414e+02
1.7053300000000002e+00 1.5131462527677388e+02 -1.5245218981380637e+02
1.7063266666666668e+00 1.5146657585727652e+02 -1.5246536303431864e+02
1.7073233333333335e+00 1.5161853957363499e+02 -1.5247854939067861e+02
1.7083200000000001e+00 1.5177051643894782e+02 -1.5249174889600397e+02
1.7093166666666668e+00 1.5192250646632675e+02 -1.5250496156338122e+02
1.7103133333333336e+00 1.5207450966889650e+02 -1.5251818740595047e+02
1.7113100000000001e+00 1.5222652605979479e+02 -1.5253142643684978e+02
1.7123066666666669e+00 1.5237855565217268e+02 -1.5254467866924242e+02
1.7133033333333334e+00 1.5253059845919410e+02 -1.5255794411626022e+02
1.7143000000000002e+00 1.5268265449403629e+02 -1.5257122279108958e+02
1.7152966666666669e+00 1.5283472376988948e+02 -1.5258451470694195e+02
1.7162933333333334e+00 1.5298680629995712e+02 -1.5259781987701231e+02
1.7172900000000002e+00 1.5313890209745591e+02 -1.5261113831450675e+02
1.7182866666666667e+00 1.5329101117561555e+02 -1.5262447003264271e+02
1.7192833333333335e+00 1.5344313354767911e+02 -1.5263781504469202e+02
1.7202800000000003e+00 1.5359526922690276e+02 -1.5265117336390895e+02
1.7212766666666668e+00 1.5374741822655585e+02 -1.5266454500355985e+02
1.7222733333333335e+00 1.5389958055992113e+02 -1.5267792997690773e+02
1.7232700000000001e+00 1.5405175624029440e+02 -1.5269132829725569e+02
1.7242666666666668e+00 1.5420394528098487e+02 -1.5270473997791822e+02
1.7252633333333336e+00 1.5435614769531495e+02 -1.5271816503223522e+02
1.7262600000000001e+00 1.5450836349662029e+02 -1.5273160347353004e+02
1.7272566666666669e+00 1.5466059269824999e+02 -1.5274505531513705e+02
1.7282533333333334e+00 1.5481283531356627e+02 -1.5275852057041624e+02
1.7292500000000002e+00 1.5496509135594482e+02 -1.5277199925275630e+02
1.7302466666666667e+00 1.5511736083877460e+02 -1.5278549137558866e+02
1.7312433333333335e+00 1.5526964377545798e+02 -1.5279899695224205e+02
1.7322400000000002e+00 1.5542194017941060e+02 -1.5281251599614194e+02
1.7332366666666668e+00 1.5557425006406149e+02 -1.5282604852075423e+02
1.7342333333333335e+00 1.5572657344285321e+02 -1.5283959453952733e+02
1.7352300000000001e+00 1.5587891032924156e+02 -1.5285315406589262e+02
1.7362266666666668e+00 1.5603126073669588e+02 -1.5286672711329297e+02
1.7372233333333336e+00 1.5618362467869883e+02 -1.5288031369525365e+02
1.7382200000000001e+00 1.5633600216874655e+02 -1.5289391382525480e+02
1.7392166666666669e+00 1.5648839322034871e+02 -1.5290752751683041e+02
1.7402133333333334e+00 1.5664079784702835e+02 -1.5292115478346881e+02
1.7412100000000001e+00 1.5679321606232207e+02 -1.5293479563869852e+02
1.7422066666666669e+00 1.5694564787977993e+02 -1.5294845009610179e+02
1.7432033333333334e+00 1.5709809331296549e+02 -1.5296211816925856e+02
1.7442000000000002e+00 1.5725055237545590e+02 -1.5297579987168857e+02
1.7451966666666667e+00 1.5740302508084176e+02 -1.5298949521703702e+02
1.7461933333333335e+00 1.5755551144272732e+02 -1.5300320421886093e+02
1.7471900000000002e+00 1.5770801147473031e+02 -1.5301692689077109e+02
1.7481866666666668e+00 1.5786052519048204e+02 -1.5303066324651851e+02
1.7491833333333335e+00 1.5801305260362753e+02 -1.5304441329959440e+02
1.7501800000000001e+00 1.5816559372782521e+02 -1.5305817706371531e+02
1.7511766666666668e+00 1.5831814857674735e+02 -1.5307195455259500e+02
1.7521733333333336e+00 1.5847071716407970e+02 -1.5308574577985866e+02
1.7531700000000001e+00 1.5862329950352165e+02 -1.5309955075920016e+02
1.7541666666666669e+00 1.5877589560878636e+02 -1.5311336950439588e+02
1.7551633333333334e+00 1.5892850549360057e+02 -1.5312720202920516e+02
1.7561600000000002e+00 1.5908112917170482e+02 -1.5314104834721354e+02
1.7571566666666669e+00 1.5923376665685319e+02 -1.5315490847224567e+02
1.7581533333333335e+00 1.5938641796281357e+02 -1.5316878241818080e+02
1.7591500000000002e+00 1.5953908310336763e+02 -1.5318267019866710e+02
1.7601466666666667e+00 1.5969176209231065e+02 -1.5319657182749233e+02
1.7611433333333335e+00 1.5984445494345178e+02 -1.5321048731856996e+02
1.7621400000000003e+00 1.5999716167061391e+02 -1.5322441668566768e+02
1.7631366666666668e+00 1.6014988228763363e+02 -1.5323835994257919e+02
1.7641333333333336e+00 1.6030261680836148e+02 -1.5325231710322350e+02
1.7651300000000001e+00 1.6045536524666167e+02 -1.5326628818147398e+02
1.7661266666666668e+00 1.6060812761641236e+02 -1.5328027319111567e+02
1.7671233333333336e+00 1.6076090393150542e+02 -1.5329427214608748e+02
1.7681200000000001e+00 1.6091369420584664e+02 -1.5330828506038270e+02
1.7691166666666669e+00 1.6106649845335573e+02 -1.5332231194782045e+02
1.7701133333333334e+00 1.6121931668796614e+02 -1.5333635282228849e+02
1.7711100000000002e+00 1.6137214892362536e+02 -1.5335040769783126e+02
1.7721066666666667e+00 1.6152499517429467e+02 -1.5336447658846478e+02
1.7731033333333335e+00 1.6167785545394943e+02 -1.5337855950800258e+02
1.7741000000000002e+00 1.6183072977657872e+02 -1.5339265647049763e+02
1.7750966666666668e+00 1.6198361815618571e+02 -1.5340676749004299e+02
1.7760933333333335e+00 1.6213652060678757e+02 -1.5342089258052920e+02
1.7770900000000001e+00 1.6228943714241527e+02 -1.5343503175604346e+02
1.7780866666666668e+00 1.6244236777711399e+02 -1.5344918503064176e+02
1.7790833333333336e+00 1.6259531252494276e+02 -1.5346335241836283e+02
1.7800800000000001e+00 1.6274827139997461e+02 -1.5347753393325692e+02
1.7810766666666669e+00 1.6290124441629678e+02 -1.5349172958947125e+02
1.7820733333333334e+00 1.6305423158801040e+02 -1.5350593940112148e+02
1.7830700000000002e+00 1.6320723292923077e+02 -1.5352016338219235e+02
1.7840666666666669e+00 1.6336024845408713e+02 -1.5353440154690793e+02
1.7850633333333334e+00 1.6351327817672288e+02 -1.5354865390947538e+02
1.7860600000000002e+00 1.6366632211129559e+02 -1.5356292048391342e+02
1.7870566666666667e+00 1.6381938027197680e+02 -1.5357720128442344e+02
1.7880533333333335e+00 1.6397245267295233e+02 -1.5359149632530384e+02
1.7890500000000003e+00 1.6412553932842209e+02 -1.5360580562066454e+02
1.7900466666666668e+00 1.6427864025260007e+02 -1.5362012918468420e+02
1.7910433333333335e+00 1.6443175545971457e+02 -1.5363446703168108e+02
1.7920400000000001e+00 1.6458488496400798e+02 -1.5364881917587070e+02
1.7930366666666668e+00 1.6473802877973696e+02 -1.5366318563143736e+02
1.7940333333333336e+00 1.6489118692117231e+02 -1.5367756641271930e+02
1.7950300000000001e+00 1.6504435940259910e+02 -1.5369196153405184e+02
1.7960266666666669e+00 1.6519754623831673e+02 -1.5370637100963924e+02
1.7970233333333334e+00 1.6535074744263864e+02 -1.5372079485376838e+02
1.7980200000000002e+00 1.6550396302989276e+02 -1.5373523308089437e+02
1.7990166666666669e+00 1.6565719301442124e+02 -1.5374968570532701e+02
1.8000133333333335e+00 1.6581043741058045e+02 -1.5376415274130173e+02
1.8010100000000002e+00 1.6596369623274120e+02 -1.5377863420329376e+02
1.8020066666666668e+00 1.6611696949528852e+02 -1.5379313010573250e+02
1.8030033333333335e+00 1.6627025721262189e+02 -1.5380764046288778e+02
1.8040000000000003e+00 1.6642355939915507e+02 -1.5382216528926892e+02
1.8049966666666668e+00 1.6657687606931620e+02 -1.5383670459931113e+02
1.8059933333333336e+00 1.6673020723754789e+02 -1.5385125840737541e+02
1.8069900000000001e+00 1.6688355291830698e+02 -1.5386582672794827e+02
1.8079866666666669e+00 1.6703691312606489e+02 -1.5388040957553051e+02
1.8089833333333334e+00 1.6719028787530740e+02 -1.5389500696466567e+02
1.8099800000000001e+00 1.6734367718053483e+02 -1.5390961890972335e+02
1.8109766666666669e+00 1.6749708105626178e+02 -1.5392424542525566e+02
1.8119733333333334e+00 1.6765049951701741e+02 -1.5393888652588313e+02
1.8129700000000002e+00 1.6780393257734545e+02 -1.5395354222603811e+02
1.8139666666666667e+00 1.6795738025180398e+02 -1.5396821254029257e+02
1.8149633333333335e+00 1.6811084255496576e+02 -1.5398289748328713e+02
1.8159600000000002e+00 1.6826431950141796e+02 -1.5399759706957391e+02
1.8169566666666668e+00 1.6841781110576230e+02 -1.5401231131373063e+02
1.8179533333333335e+00 1.6857131738261515e+02 -1.5402704023041773e+02
1.8189500000000001e+00 1.6872483834660736e+02 -1.5404178383426429e+02
1.8199466666666668e+00 1.6887837401238446e+02 -1.5405654213982530e+02
1.8209433333333336e+00 1.6903192439460648e+02 -1.5407131516183833e+02
1.8219400000000001e+00 1.6918548950794812e+02 -1.5408610291505204e+02
1.8229366666666669e+00 1.6933906936709877e+02 -1.5410090541401300e+02
1.8239333333333334e+00 1.6949266398676235e+02 -1.5411572267345002e+02
1.8249300000000002e+00 1.6964627338165755e+02 -1.5413055470817471e+02
1.8259266666666669e+00 1.6979989756651767e+02 -1.5414540153286765e+02
1.8269233333333335e+00 1.6995353655609068e+02 -1.5416026316220623e+02
1.8279200000000002e+00 1.7010719036513936e+02 -1.5417513961105055e+02
1.8289166666666667e+00 1.7026085900844112e+02 -1.5419003089418669e+02
1.8299133333333335e+00 1.7041454250078817e+02 -1.5420493702631194e+02
1.8309100000000003e+00 1.7056824085698742e+02 -1.5421985802232098e+02
1.8319066666666668e+00 1.7072195409186054e+02 -1.5423479389701936e+02
1.8329033333333336e+00 1.7087568222024404e+02 -1.5424974466519603e+02
1.8339000000000001e+00 1.7102942525698913e+02 -1.5426471034169396e+02
1.8348966666666668e+00 1.7118318321696194e+02 -1.5427969094148148e+02
1.8358933333333336e+00 1.7133695611504334e+02 -1.5429468647938188e+02
1.8368900000000001e+00 1.7149074396612903e+02 -1.5430969697020080e+02
1.8378866666666669e+00 1.7164454678512965e+02 -1.5432472242898376e+02
1.8388833333333334e+00 1.7179836458697062e+02 -1.5433976287065926e+02
1.8398800000000002e+00 1.7195219738659236e+02 -1.5435481831005316e+02
1.8408766666666669e+00 1.7210604519895003e+02 -1.5436988876215975e+02
1.8418733333333335e+00 1.7225990803901377e+02 -1.5438497424204135e+02
1.8428700000000002e+00 1.7241378592176875e+02 -1.5440007476457242e+02
1.8438666666666668e+00 1.7256767886221488e+02 -1.5441519034475272e+02
1.8448633333333335e+00 1.7272158687536722e+02 -1.5443032099769624e+02
1.8458600000000001e+00 1.7287550997625567e+02 -1.5444546673838838e+02
1.8468566666666668e+00 1.7302944817992525e+02 -1.5446062758179758e+02
1.8478533333333336e+00 1.7318340150143581e+02 -1.5447580354306083e+02
1.8488500000000001e+00 1.7333736995586233e+02 -1.5449099463729743e+02
1.8498466666666669e+00 1.7349135355829489e+02 -1.5450620087949585e+02
1.8508433333333334e+00 1.7364535232383838e+02 -1.5452142228475580e+02
1.8518400000000002e+00 1.7379936626761301e+02 -1.5453665886831638e+02
1.8528366666666669e+00 1.7395339540475393e+02 -1.5455191064524348e+02
1.8538333333333334e+00 1.7410743975041137e+02 -1.5456717763061349e+02
1.8548300000000002e+00 1.7426149931975075e+02 -1.5458245983970005e+02
1.8558266666666667e+00 1.7441557412795254e+02 -1.5459775728768847e+02
1.8568233333333335e+00 1.7456966419021245e+02 -1.5461306998968959e+02
1.8578200000000002e+00 1.7472376952174122e+02 -1.5462839796096878e+02
1.8588166666666668e+00 1.7487789013776475e+02 -1.5464374121675937e+02
1.8598133333333335e+00 1.7503202605352428e+02 -1.5465909977224945e+02
1.8608100000000001e+00 1.7518617728427606e+02 -1.5467447364272408e+02
1.8618066666666668e+00 1.7534034384529170e+02 -1.5468986284350797e+02
1.8628033333333336e+00 1.7549452575185799e+02 -1.5470526738982383e+02
1.8638000000000001e+00 1.7564872301927687e+02 -1.5472068729693333e+02
1.8647966666666669e+00 1.7580293566286568e+02 -1.5473612258026708e+02
1.8657933333333334e+00 1.7595716369795696e+02 -1.5475157325513865e+02
1.8667900000000002e+00 1.7611140713989860e+02 -1.5476703933678718e+02
1.8677866666666669e+00 1.7626566600405371e+02 -1.5478252084064920e+02
1.8687833333333335e+00 1.7641994030580074e+02 -1.5479801778215759e+02
1.8697800000000002e+00 1.7657423006053355e+02 -1.5481353017661462e+02
1.8707766666666668e+00 1.7672853528366122e+02 -1.5482905803944777e+02
1.8717733333333335e+00 1.7688285599060831e+02 -1.5484460138613869e+02
1.8727700000000003e+00 1.7703719219681474e+02 -1.5486016023208117e+02
1.8737666666666668e+00 1.7719154391773574e+02 -1.5487573459267952e+02
1.8747633333333336e+00 1.7734591116884204e+02 -1.5489132448349267e+02
1.8757600000000001e+00 1.7750029396561976e+02 -1.5490692992003366e+02
1.8767566666666669e+00 1.7765469232357057e+02 -1.5492255091768439e+02
1.8777533333333336e+00 1.7780910625821141e+02 -1.5493818749200960e+02
1.8787500000000001e+00 1.7796353578507478e+02 -1.5495383965861330e+02
1.8797466666666669e+00 1.7811798091970877e+02 -1.5496950743298316e+02
1.8807433333333334e+00 1.7827244167767677e+02 -1.5498519083061794e+02
1.8817400000000002e+00 1.7842691807455785e+02 -1.5500088986717338e+02
1.8827366666666667e+00 1.7858141012594652e+02 -1.5501660455830520e+02
1.8837333333333335e+00 1.7873591784745298e+02 -1.5503233491949496e+02
1.8847300000000002e+00 1.7889044125470281e+02 -1.5504808096643589e+02
1.8857266666666668e+00 1.7904498036333726e+02 -1.5506384271480323e+02
1.8867233333333335e+00 1.7919953518901326e+02 -1.5507962018017014e+02
1.8877200000000001e+00 1.7935410574740317e+02 -1.5509541337820650e+02
1.8887166666666668e+00 1.7950869205419514e+02 -1.5511122232472192e+02
1.8897133333333336e+00 1.7966329412509290e+02 -1.5512704703532410e+02
1.8907100000000001e+00 1.7981791197581578e+02 -1.5514288752568820e+02
1.8917066666666669e+00 1.7997254562209889e+02 -1.5515874381165824e+02
1.8927033333333334e+00 1.8012719507969300e+02 -1.5517461590897562e+02
1.8937000000000002e+00 1.8028186036436458e+02 -1.5519050383332137e+02
1.8946966666666669e+00 1.8043654149189578e+02 -1.5520640760048875e+02
1.8956933333333335e+00 1.8059123847808448e+02 -1.5522232722638088e+02
1.8966900000000002e+00 1.8074595133874445e+02 -1.5523826272672787e+02
1.8976866666666667e+00 1.8090068008970505e+02 -1.5525421411732796e+02
1.8986833333333335e+00 1.8105542474681158e+02 -1.5527018141413330e+02
1.8996800000000003e+00 1.8121018532592504e+02 -1.5528616463293704e+02
1.9006766666666668e+00 1.8136496184292221e+02 -1.5530216378954248e+02
1.9016733333333335e+00 1.8151975431369584e+02 -1.5531817889997922e+02
1.9026700000000001e+00 1.8167456275415444e+02 -1.5533420998015956e+02
1.9036666666666668e+00 1.8182938718022243e+02 -1.5535025704586448e+02
1.9046633333333336e+00 1.8198422760784001e+02 -1.5536632011311522e+02
1.9056600000000001e+00 1.8213908405296334e+02 -1.5538239919792915e+02
1.9066566666666669e+00 1.8229395653156456e+02 -1.5539849431619314e+02
1.9076533333333334e+00 1.8244884505963159e+02 -1.5541460548389085e+02
1.9086500000000002e+00 1.8260374965316842e+02 -1.5543073271707405e+02
1.9096466666666669e+00 1.8275867032819494e+02 -1.5544687603176416e+02
1.9106433333333335e+00 1.8291360710074696e+02 -1.5546303544392140e+02
1.9116400000000002e+00 1.8306855998687644e+02 -1.5547921096971783e+02
1.9126366666666668e+00 1.8322352900265122e+02 -1.5549540262517985e+02
1.9136333333333335e+00 1.8337851416415521e+02 -1.5551161042627376e+02
1.9146300000000003e+00 1.8353351548748827e+02 -1.5552783438923478e+02
1.9156266666666668e+00 1.8368853298876644e+02 -1.5554407453020858e+02
1.9166233333333336e+00 1.8384356668412184e+02 -1.5556033086519599e+02
1.9176200000000001e+00 1.8399861658970246e+02 -1.5557660341035179e+02
1.9186166666666669e+00 1.8415368272167265e+02 -1.5559289218195909e+02
1.9196133333333334e+00 1.8430876509621274e+02 -1.5560919719617263e+02
1.9206100000000002e+00 1.8446386372951926e+02 -1.5562551846908701e+02
1.9216066666666669e+00 1.8461897863780484e+02 -1.5564185601698028e+02
1.9226033333333334e+00 1.8477410983729825e+02 -1.5565820985611205e+02
1.9236000000000002e+00 1.8492925734424458e+02 -1.5567458000268292e+02
1.9245966666666667e+00 1.8508442117490492e+02 -1.5569096647293313e+02
1.9255933333333335e+00 1.8523960134555676e+02 -1.5570736928322822e+02
1.9265900000000002e+00 1.8539479787249374e+02 -1.5572378844980358e+02
1.9275866666666668e+00 1.8555001077202567e+02 -1.5574022398889014e+02
1.9285833333333335e+00 1.8570524006047876e+02 -1.5575667591695941e+02
1.9295800000000001e+00 1.8586048575419545e+02 -1.5577314425033734e+02
1.9305766666666668e+00 1.8601574786953449e+02 -1.5578962900526111e+02
1.9315733333333336e+00 1.8617102642287088e+02 -1.5580613019816550e+02
1.9325700000000001e+00 1.8632632143059595e+02 -1.5582264784552416e+02
1.9335666666666669e+00 1.8648163290911754e+02 -1.5583918196366582e+02
1.9345633333333334e+00 1.8663696087485962e+02 -1.5585573256897348e+02
1.9355600000000002e+00 1.8679230534426270e+02 -1.5587229967796947e+02
1.9365566666666669e+00 1.8694766633378362e+02 -1.5588888330710296e+02
1.9375533333333335e+00 1.8710304385989556e+02 -1.5590548347277613e+02
1.9385500000000002e+00 1.8725843793908831e+02 -1.5592210019157446e+02
1.9395466666666668e+00 1.8741384858786796e+02 -1.5593873347998075e+02
1.9405433333333335e+00 1.8756927582275711e+02 -1.5595538335441753e+02
1.9415400000000003e+00 1.8772471966029477e+02 -1.5597204983151931e+02
1.9425366666666668e+00 1.8788018011703653e+02 -1.5598873292788790e+02
1.9435333333333336e+00 1.8803565720955450e+02 -1.5600543265999474e+02
1.9445300000000001e+00 1.8819115095443718e+02 -1.5602214904440811e+02
1.9455266666666668e+00 1.8834666136828974e+02 -1.5603888209783574e+02
1.9465233333333336e+00 1.8850218846773390e+02 -1.5605563183688366e+02
1.9475200000000001e+00 1.8865773226940786e+02 -1.5607239827811080e+02
1.9485166666666669e+00 1.8881329278996651e+02 -1.5608918143823112e+02
1.9495133333333334e+00 1.8896887004608129e+02 -1.5610598133392688e+02
1.9505100000000002e+00 1.8912446405444032e+02 -1.5612279798183454e+02
1.9515066666666669e+00 1.8928007483174829e+02 -1.5613963139870276e+02
1.9525033333333335e+00 1.8943570239472660e+02 -1.5615648160127580e+02
1.9535000000000002e+00 1.8959134676011337e+02 -1.5617334860622478e+02
1.9544966666666668e+00 1.8974700794466321e+02 -1.5619023243028909e+02
1.9554933333333335e+00 1.8990268596514767e+02 -1.5620713309034753e+02
1.9564900000000003e+00 1.9005838083835494e+02 -1.5622405060313454e+02
1.9574866666666668e+00 1.9021409258108986e+02 -1.5624098498536577e+02
1.9584833333333336e+00 1.9036982121017417e+02 -1.5625793625399768e+02
1.9594800000000001e+00 1.9052556674244627e+02 -1.5627490442585506e+02
1.9604766666666669e+00 1.9068132919476150e+02 -1.5629188951772008e+02
1.9614733333333334e+00 1.9083710858399181e+02 -1.5630889154646030e+02
1.9624700000000002e+00 1.9099290492702610e+02 -1.5632591052904019e+02
1.9634666666666669e+00 1.9114871824077011e+02 -1.5634294648233677e+02
1.9644633333333335e+00 1.9130454854214636e+02 -1.5635999942320828e+02
1.9654600000000002e+00 1.9146039584809435e+02 -1.5637706936871086e+02
1.9664566666666667e+00 1.9161626017557037e+02 -1.5639415633575501e+02
1.9674533333333335e+00 1.9177214154154774e+02 -1.5641126034121950e+02
1.9684500000000003e+00 1.9192803996301654e+02 -1.5642838140219524e+02
1.9694466666666668e+00 1.9208395545698392e+02 -1.5644551953574017e+02
1.9704433333333335e+00 1.9223988804047403e+02 -1.5646267475875354e+02
1.9714400000000001e+00 1.9239583773052777e+02 -1.5647984708827411e+02
1.9724366666666668e+00 1.9255180454420329e+02 -1.5649703654149434e+02
1.9734333333333336e+00 1.9270778849857564e+02 -1.5651424313540554e+02
1.9744300000000001e+00 1.9286378961073680e+02 -1.5653146688703680e+02
1.9754266666666669e+00 1.9301980789779597e+02 -1.5654870781361558e+02
1.9764233333333334e+00 1.9317584337687930e+02 -1.5656596593223759e+02
1.9774200000000002e+00 1.9333189606513011e+02 -1.5658324125996694e+02
1.9784166666666669e+00 1.9348796597970866e+02 -1.5660053381403736e+02
1.9794133333333335e+00 1.9364405313779247e+02 -1.5661784361167759e+02
1.9804100000000002e+00 1.9380015755657615e+02 -1.5663517066995820e+02
1.9814066666666668e+00 1.9395627925327136e+02 -1.5665251500610316e+02
1.9824033333333335e+00 1.9411241824510708e+02 -1.5666987663746184e+02
1.9834000000000003e+00 1.9426857454932940e+02 -1.5668725558119667e+02
1.9843966666666668e+00 1.9442474818320150e+02 -1.5670465185452210e+02
1.9853933333333336e+00 1.9458093916400395e+02 -1.5672206547480809e+02
1.9863900000000001e+00 1.9473714750903446e+02 -1.5673949645935005e+02
1.9873866666666669e+00 1.9489337323560804e+02 -1.5675694482541169e+02
1.9883833333333336e+00 1.9504961636105691e+02 -1.5677441059032657e+02
1.9893800000000001e+00 1.9520587690273052e+02 -1.5679189377149450e+02
1.9903766666666669e+00 1.9536215487799581e+02 -1.5680939438625688e+02
1.9913733333333334e+00 1.9551845030423681e+02 -1.5682691245193763e+02
1.9923700000000002e+00 1.9567476319885509e+02 -1.5684444798604289e+02
1.9933666666666670e+00 1.9583109357926944e+02 -1.5686200100594905e+02
1.9943633333333335e+00 1.9598744146291602e+02 -1.5687957152902729e+02
1.9953600000000002e+00 1.9614380686724846e+02 -1.5689715957283295e+02
1.9963566666666668e+00 1.9630018980973770e+02 -1.5691476515481833e+02
1.9973533333333335e+00 1.9645659030787226e+02 -1.5693238829242139e+02
1.9983500000000001e+00 1.9661300837915786e+02 -1.5695002900312289e+02
1.9993466666666668e+00 1.9676944404111785e+02 -1.5696768730454625e+02
2.0003433333333334e+00 1.9692589731129300e+02 -1.5698536321418970e+02
2.0013399999999999e+00 1.9708236820724159e+02 -1.5700305674959236e+02
2.0023366666666669e+00 1.9723885674653948e+02 -1.5702076792836522e+02
2.0033333333333334e+00 1.9739536294677984e+02 -1.5703849676803185e+02
2.0043299999999999e+00 1.9755188682557355e+02 -1.5705624328626755e+02
2.0053266666666669e+00 1.9770842840054911e+02 -1.5707400750070073e+02
2.0063233333333335e+00 1.9786498768935238e+02 -1.5709178942895483e+02
2.0073200000000000e+00 1.9802156470964698e+02 -1.5710958908868298e+02
2.0083166666666665e+00 1.9817815947911410e+02 -1.5712740649757987e+02
2.0093133333333335e+00 1.9833477201545267e+02 -1.5714524167335313e+02
2.0103100000000000e+00 1.9849140233637900e+02 -1.5716309463371158e+02
2.0113066666666666e+00 1.9864805045962731e+02 -1.5718096539640828e+02
2.0123033333333331e+00 1.9880471640294945e+02 -1.5719885397915206e+02
2.0133000000000001e+00 1.9896140018411498e+02 -1.5721676039973616e+02
2.0142966666666666e+00 1.9911810182091102e+02 -1.5723468467595501e+02
2.0152933333333332e+00 1.9927482133114262e+02 -1.5725262682562635e+02
2.0162900000000001e+00 1.9943155873263260e+02 -1.5727058686653567e+02
2.0172866666666667e+00 1.9958831404322129e+02 -1.5728856481652019e+02
2.0182833333333332e+00 1.9974508728076708e+02 -1.5730656069348962e+02
2.0192799999999997e+00 1.9990187846314609e+02 -1.5732457451529547e+02
2.0202766666666667e+00 2.0005868760825234e+02 -1.5734260629981657e+02
2.0212733333333333e+00 2.0021551473399742e+02 -1.5736065606496143e+02
2.0222699999999998e+00 2.0037235985831106e+02 -1.5737872382867602e+02
2.0232666666666668e+00 2.0052922299914084e+02 -1.5739680960890269e+02
2.0242633333333333e+00 2.0068610417445203e+02 -1.5741491342363557e+02
2.0252599999999998e+00 2.0084300340222805e+02 -1.5743303529080629e+02
2.0262566666666668e+00 2.0099992070047017e+02 -1.5745117522842855e+02
2.0272533333333334e+00 2.0115685608719750e+02 -1.5746933325455356e+02
2.0282499999999999e+00 2.0131380958044727e+02 -1.5748750938719070e+02
2.0292466666666664e+00 2.0147078119827466e+02 -1.5750570364443391e+02
2.0302433333333334e+00 2.0162777095875293e+02 -1.5752391604430463e+02
2.0312399999999999e+00 2.0178477887997309e+02 -1.5754214660488242e+02
2.0322366666666665e+00 2.0194180498004442e+02 -1.5756039534434143e+02
2.0332333333333334e+00 2.0209884927709433e+02 -1.5757866228079507e+02
2.0342300000000000e+00 2.0225591178926803e+02 -1.5759694743233737e+02
2.0352266666666665e+00 2.0241299253472900e+02 -1.5761525081715646e+02
2.0362233333333335e+00 2.0257009153165890e+02 -1.5763357245346586e+02
2.0372200000000000e+00 2.0272720879825732e+02 -1.5765191235944494e+02
2.0382166666666666e+00 2.0288434435274215e+02 -1.5767027055330274e+02
2.0392133333333331e+00 2.0304149821334940e+02 -1.5768864705327570e+02
2.0402100000000001e+00 2.0319867039833335e+02 -1.5770704187761356e+02
2.0412066666666666e+00 2.0335586092596623e+02 -1.5772545504460982e+02
2.0422033333333331e+00 2.0351306981453877e+02 -1.5774388657255233e+02
2.0432000000000001e+00 2.0367029708235987e+02 -1.5776233647972595e+02
2.0441966666666667e+00 2.0382754274775650e+02 -1.5778080478446699e+02
2.0451933333333332e+00 2.0398480682907413e+02 -1.5779929150513456e+02
2.0461900000000002e+00 2.0414208934467652e+02 -1.5781779666011343e+02
2.0471866666666667e+00 2.0429939031294555e+02 -1.5783632026772560e+02
2.0481833333333332e+00 2.0445670975228157e+02 -1.5785486234639382e+02
2.0491799999999998e+00 2.0461404768110324e+02 -1.5787342291455423e+02
2.0501766666666668e+00 2.0477140411784771e+02 -1.5789200199064194e+02
2.0511733333333333e+00 2.0492877908097026e+02 -1.5791059959312156e+02
2.0521699999999998e+00 2.0508617258894478e+02 -1.5792921574042344e+02
2.0531666666666668e+00 2.0524358466026359e+02 -1.5794785045107494e+02
2.0541633333333333e+00 2.0540101531343723e+02 -1.5796650374356923e+02
2.0551599999999999e+00 2.0555846456699493e+02 -1.5798517563645729e+02
2.0561566666666664e+00 2.0571593243948431e+02 -1.5800386614828938e+02
2.0571533333333334e+00 2.0587341894947156e+02 -1.5802257529760041e+02
2.0581499999999999e+00 2.0603092411554115e+02 -1.5804130310298331e+02
2.0591466666666665e+00 2.0618844795629633e+02 -1.5806004958305377e+02
2.0601433333333334e+00 2.0634599049035890e+02 -1.5807881475643904e+02
2.0611400000000000e+00 2.0650355173636899e+02 -1.5809759864176050e+02
2.0621366666666665e+00 2.0666113171298554e+02 -1.5811640125769088e+02
2.0631333333333335e+00 2.0681873043888609e+02 -1.5813522262290022e+02
2.0641300000000000e+00 2.0697634793276660e+02 -1.5815406275608123e+02
2.0651266666666666e+00 2.0713398421334190e+02 -1.5817292167598450e+02
2.0661233333333331e+00 2.0729163929934538e+02 -1.5819179940128862e+02
2.0671200000000001e+00 2.0744931320952918e+02 -1.5821069595074241e+02
2.0681166666666666e+00 2.0760700596266398e+02 -1.5822961134318123e+02
2.0691133333333331e+00 2.0776471757753933e+02 -1.5824854559737747e+02
2.0701100000000001e+00 2.0792244807296356e+02 -1.5826749873208686e+02
2.0711066666666667e+00 2.0808019746776350e+02 -1.5828647076615889e+02
2.0721033333333332e+00 2.0823796578078498e+02 -1.5830546171848002e+02
2.0731000000000002e+00 2.0839575303089265e+02 -1.5832447160787726e+02
2.0740966666666667e+00 2.0855355923696976e+02 -1.5834350045324297e+02
2.0750933333333332e+00 2.0871138441791854e+02 -1.5836254827345599e+02
2.0760899999999998e+00 2.0886922859266005e+02 -1.5838161508746572e+02
2.0770866666666667e+00 2.0902709178013427e+02 -1.5840070091423505e+02
2.0780833333333333e+00 2.0918497399929990e+02 -1.5841980577268490e+02
2.0790799999999998e+00 2.0934287526913468e+02 -1.5843892968177283e+02
2.0800766666666668e+00 2.0950079560863531e+02 -1.5845807266053981e+02
2.0810733333333333e+00 2.0965873503681723e+02 -1.5847723472799234e+02
2.0820699999999999e+00 2.0981669357271508e+02 -1.5849641590315920e+02
2.0830666666666668e+00 2.0997467123538240e+02 -1.5851561620508144e+02
2.0840633333333334e+00 2.1013266804389158e+02 -1.5853483565283679e+02
2.0850599999999999e+00 2.1029068401733423e+02 -1.5855407426554640e+02
2.0860566666666664e+00 2.1044871917482092e+02 -1.5857333206228796e+02
2.0870533333333334e+00 2.1060677353548135e+02 -1.5859260906220985e+02
2.0880500000000000e+00 2.1076484711846408e+02 -1.5861190528443257e+02
2.0890466666666665e+00 2.1092293994293695e+02 -1.5863122074814169e+02
2.0900433333333335e+00 2.1108105202808696e+02 -1.5865055547253519e+02
2.0910400000000000e+00 2.1123918339312002e+02 -1.5866990947680486e+02
2.0920366666666665e+00 2.1139733405726139e+02 -1.5868928278020010e+02
2.0930333333333331e+00 2.1155550403975548e+02 -1.5870867540194124e+02
2.0940300000000001e+00 2.1171369335986586e+02 -1.5872808736126223e+02
2.0950266666666666e+00 2.1187190203687516e+02 -1.5874751867749742e+02
2.0960233333333331e+00 2.1203013009008546e+02 -1.5876696936996063e+02
2.0970200000000001e+00 2.1218837753881809e+02 -1.5878643945792126e+02
2.0980166666666666e+00 2.1234664440241335e+02 -1.5880592896072793e+02
2.0990133333333332e+00 2.1250493070023114e+02 -1.5882543789775141e+02
2.1000100000000002e+00 2.1266323645165062e+02 -1.5884496628840375e+02
2.1010066666666667e+00 2.1282156167607008e+02 -1.5886451415204778e+02
2.1020033333333332e+00 2.1297990639290737e+02 -1.5888408150808971e+02
2.1029999999999998e+00 2.1313827062159956e+02 -1.5890366837597793e+02
2.1039966666666667e+00 2.1329665438160328e+02 -1.5892327477518890e+02
2.1049933333333333e+00 2.1345505769239429e+02 -1.5894290072521392e+02
2.1059899999999998e+00 2.1361348057346800e+02 -1.5896254624548055e+02
2.1069866666666668e+00 2.1377192304433922e+02 -1.5898221135554363e+02
2.1079833333333333e+00 2.1393038512454206e+02 -1.5900189607495133e+02
2.1089799999999999e+00 2.1408886683363031e+02 -1.5902160042323121e+02
2.1099766666666668e+00 2.1424736819117720e+02 -1.5904132441996643e+02
2.1109733333333334e+00 2.1440588921677536e+02 -1.5906106808476233e+02
2.1119699999999999e+00 2.1456442993003714e+02 -1.5908083143721035e+02
2.1129666666666664e+00 2.1472299035059430e+02 -1.5910061449694422e+02
2.1139633333333334e+00 2.1488157049809834e+02 -1.5912041728365435e+02
2.1149600000000000e+00 2.1504017039222012e+02 -1.5914023981696036e+02
2.1159566666666665e+00 2.1519879005265028e+02 -1.5916008211653215e+02
2.1169533333333335e+00 2.1535742949909914e+02 -1.5917994420215280e+02
2.1179500000000000e+00 2.1551608875129648e+02 -1.5919982609354153e+02
2.1189466666666665e+00 2.1567476782899195e+02 -1.5921972781042538e+02
2.1199433333333335e+00 2.1583346675195483e+02 -1.5923964937254456e+02
2.1209400000000000e+00 2.1599218553997397e+02 -1.5925959079970400e+02
2.1219366666666666e+00 2.1615092421285817e+02 -1.5927955211176590e+02
2.1229333333333331e+00 2.1630968279043589e+02 -1.5929953332852088e+02
2.1239300000000001e+00 2.1646846129255542e+02 -1.5931953446978781e+02
2.1249266666666666e+00 2.1662725973908465e+02 -1.5933955555545711e+02
2.1259233333333332e+00 2.1678607814991148e+02 -1.5935959660542684e+02
2.1269200000000001e+00 2.1694491654494365e+02 -1.5937965763963686e+02
2.1279166666666667e+00 2.1710377494410855e+02 -1.5939973867794907e+02
2.1289133333333332e+00 2.1726265336735364e+02 -1.5941983974031132e+02
2.1299099999999997e+00 2.1742155183464618e+02 -1.5943996084675652e+02
2.1309066666666667e+00 2.1758047036597344e+02 -1.5946010201721774e+02
2.1319033333333333e+00 2.1773940898134242e+02 -1.5948026327172786e+02
2.1328999999999998e+00 2.1789836770078026e+02 -1.5950044463029900e+02
2.1338966666666668e+00 2.1805734654433405e+02 -1.5952064611298516e+02
2.1348933333333333e+00 2.1821634553207070e+02 -1.5954086773984798e+02
2.1358899999999998e+00 2.1837536468407731e+02 -1.5956110953098482e+02
2.1368866666666668e+00 2.1853440402046104e+02 -1.5958137150649264e+02
2.1378833333333334e+00 2.1869346356134886e+02 -1.5960165368649004e+02
2.1388799999999999e+00 2.1885254332688802e+02 -1.5962195609115275e+02
2.1398766666666664e+00 2.1901164333724583e+02 -1.5964227874061365e+02
2.1408733333333334e+00 2.1917076361260973e+02 -1.5966262165510514e+02
2.1418699999999999e+00 2.1932990417318715e+02 -1.5968298485478869e+02
2.1428666666666665e+00 2.1948906503920577e+02 -1.5970336835990420e+02
2.1438633333333335e+00 2.1964824623091354e+02 -1.5972377219071979e+02
2.1448600000000000e+00 2.1980744776857836e+02 -1.5974419636748235e+02
2.1458566666666665e+00 2.1996666967248854e+02 -1.5976464091050309e+02
2.1468533333333335e+00 2.2012591196295261e+02 -1.5978510584006443e+02
2.1478500000000000e+00 2.2028517466029919e+02 -1.5980559117649881e+02
2.1488466666666666e+00 2.2044445778487730e+02 -1.5982609694015301e+02
2.1498433333333331e+00 2.2060376135705624e+02 -1.5984662315143083e+02
2.1508400000000001e+00 2.2076308539722572e+02 -1.5986716983070735e+02
2.1518366666666666e+00 2.2092242992579551e+02 -1.5988773699834363e+02
2.1528333333333332e+00 2.2108179496319593e+02 -1.5990832467480752e+02
2.1538300000000001e+00 2.2124118052987774e+02 -1.5992893288058121e+02
2.1548266666666667e+00 2.2140058664631187e+02 -1.5994956163609692e+02
2.1558233333333332e+00 2.2156001333298983e+02 -1.5997021096183690e+02
2.1568200000000002e+00 2.2171946061042357e+02 -1.5999088087832607e+02
2.1578166666666667e+00 2.2187892849914530e+02 -1.6001157140612492e+02
2.1588133333333333e+00 2.2203841701970794e+02 -1.6003228256577987e+02
2.1598099999999998e+00 2.2219792619268480e+02 -1.6005301437779440e+02
2.1608066666666668e+00 2.2235745603866977e+02 -1.6007376686282893e+02
2.1618033333333333e+00 2.2251700657827706e+02 -1.6009454004150115e+02
2.1627999999999998e+00 2.2267657783214170e+02 -1.6011533393442144e+02
2.1637966666666668e+00 2.2283616982091925e+02 -1.6013614856224314e+02
2.1647933333333333e+00 2.2299578256528568e+02 -1.6015698394565513e+02
2.1657899999999999e+00 2.2315541608593776e+02 -1.6017784010536056e+02
2.1667866666666664e+00 2.2331507040359281e+02 -1.6019871706203404e+02
2.1677833333333334e+00 2.2347474553898897e+02 -1.6021961483649292e+02
2.1687799999999999e+00 2.2363444151288476e+02 -1.6024053344944033e+02
2.1697766666666665e+00 2.2379415834605965e+02 -1.6026147292161497e+02
2.1707733333333334e+00 2.2395389605931379e+02 -1.6028243327389842e+02
2.1717700000000000e+00 2.2411365467346792e+02 -1.6030341452709362e+02
2.1727666666666665e+00 2.2427343420936376e+02 -1.6032441670202471e+02
2.1737633333333335e+00 2.2443323468786372e+02 -1.6034543981954488e+02
2.1747600000000000e+00 2.2459305612985088e+02 -1.6036648390054253e+02
2.1757566666666666e+00 2.2475289855622933e+02 -1.6038754896593460e+02
2.1767533333333331e+00 2.2491276198792391e+02 -1.6040863503665244e+02
2.1777500000000001e+00 2.2507264644588048e+02 -1.6042974213362749e+02
2.1787466666666666e+00 2.2523255195106549e+02 -1.6045087027780528e+02
2.1797433333333331e+00 2.2539247852446653e+02 -1.6047201949020956e+02
2.1807400000000001e+00 2.2555242618709215e+02 -1.6049318979186452e+02
2.1817366666666667e+00 2.2571239495997159e+02 -1.6051438120373010e+02
2.1827333333333332e+00 2.2587238486415529e+02 -1.6053559374690116e+02
2.1837300000000002e+00 2.2603239592071472e+02 -1.6055682744245911e+02
2.1847266666666667e+00 2.2619242815074207e+02 -1.6057808231146353e+02
2.1857233333333332e+00 2.2635248157535085e+02 -1.6059935837508792e+02
2.1867199999999998e+00 2.2651255621567552e+02 -1.6062065565440611e+02
2.1877166666666668e+00 2.2667265209287169e+02 -1.6064197417056357e+02
2.1887133333333333e+00 2.2683276922811581e+02 -1.6066331394479099e+02
2.1897099999999998e+00 2.2699290764260576e+02 -1.6068467499826883e+02
2.1907066666666668e+00 2.2715306735756045e+02 -1.6070605735219254e+02
2.1917033333333333e+00 2.2731324839421978e+02 -1.6072746102782142e+02
2.1926999999999999e+00 2.2747345077384509e+02 -1.6074888604640714e+02
2.1936966666666669e+00 2.2763367451771884e+02 -1.6077033242924500e+02
2.1946933333333334e+00 2.2779391964714458e+02 -1.6079180019766562e+02
2.1956899999999999e+00 2.2795418618344723e+02 -1.6081328937292784e+02
2.1966866666666665e+00 2.2811447414797297e+02 -1.6083479997639074e+02
2.1976833333333334e+00 2.2827478356208925e+02 -1.6085633202945650e+02
2.1986800000000000e+00 2.2843511444718473e+02 -1.6087788555349840e+02
2.1996766666666665e+00 2.2859546682466956e+02 -1.6089946056995339e+02
2.2006733333333335e+00 2.2875584071597524e+02 -1.6092105710021676e+02
2.2016700000000000e+00 2.2891623614255440e+02 -1.6094267516571875e+02
2.2026666666666666e+00 2.2907665312588131e+02 -1.6096431478798928e+02
2.2036633333333331e+00 2.2923709168745157e+02 -1.6098597598851561e+02
2.2046600000000001e+00 2.2939755184878229e+02 -1.6100765878877127e+02
2.2056566666666666e+00 2.2955803363141180e+02 -1.6102936321031504e+02
2.2066533333333331e+00 2.2971853705690017e+02 -1.6105108927474043e+02
2.2076500000000001e+00 2.2987906214682894e+02 -1.6107283700361404e+02
2.2086466666666666e+00 2.3003960892280094e+02 -1.6109460641850876e+02
2.2096433333333332e+00 2.3020017740644076e+02 -1.6111639754104667e+02
2.2106400000000002e+00 2.3036076761939455e+02 -1.6113821039290843e+02
2.2116366666666667e+00 2.3052137958332989e+02 -1.6116004499578099e+02
2.2126333333333332e+00 2.3068201331993615e+02 -1.6118190137130813e+02
2.2136299999999998e+00 2.3084266885092418e+02 -1.6120377954119098e+02
2.2146266666666667e+00 2.3100334619802666e+02 -1.6122567952720274e+02
2.2156233333333333e+00 2.3116404538299764e+02 -1.6124760135107309e+02
2.2166199999999998e+00 2.3132476642761316e+02 -1.6126954503459515e+02
2.2176166666666668e+00 2.3148550935367089e+02 -1.6129151059956376e+02
2.2186133333333333e+00 2.3164627418299008e+02 -1.6131349806776572e+02
2.2196099999999999e+00 2.3180706093741193e+02 -1.6133550746106530e+02
2.2206066666666668e+00 2.3196786963879941e+02 -1.6135753880134291e+02
2.2216033333333334e+00 2.3212870030903713e+02 -1.6137959211048522e+02
2.2225999999999999e+00 2.3228955297003165e+02 -1.6140166741036393e+02
2.2235966666666664e+00 2.3245042764371138e+02 -1.6142376472290834e+02
2.2245933333333334e+00 2.3261132435202660e+02 -1.6144588407009144e+02
2.2255900000000000e+00 2.3277224311694934e+02 -1.6146802547388523e+02
2.2265866666666665e+00 2.3293318396047368e+02 -1.6149018895629658e+02
2.2275833333333335e+00 2.3309414690461571e+02 -1.6151237453932006e+02
2.2285800000000000e+00 2.3325513197141319e+02 -1.6153458224497061e+02
2.2295766666666665e+00 2.3341613918292609e+02 -1.6155681209535481e+02
2.2305733333333335e+00 2.3357716856123639e+02 -1.6157906411252429e+02
2.2315700000000001e+00 2.3373822012844786e+02 -1.6160133831856527e+02
2.2325666666666666e+00 2.3389929390668652e+02 -1.6162363473566307e+02
2.2335633333333331e+00 2.3406038991810044e+02 -1.6164595338593247e+02
2.2345600000000001e+00 2.3422150818485977e+02 -1.6166829429154592e+02
2.2355566666666666e+00 2.3438264872915659e+02 -1.6169065747470381e+02
2.2365533333333332e+00 2.3454381157320532e+02 -1.6171304295756957e+02
2.2375500000000001e+00 2.3470499673924252e+02 -1.6173545076243738e+02
2.2385466666666667e+00 2.3486620424952670e+02 -1.6175788091156460e+02
2.2395433333333332e+00 2.3502743412633885e+02 -1.6178033342722196e+02
2.2405399999999998e+00 2.3518868639198203e+02 -1.6180280833169536e+02
2.2415366666666667e+00 2.3534996106878162e+02 -1.6182530564731414e+02
2.2425333333333333e+00 2.3551125817908508e+02 -1.6184782539643555e+02
2.2435299999999998e+00 2.3567257774526232e+02 -1.6187036760143681e+02
2.2445266666666668e+00 2.3583391978970562e+02 -1.6189293228471197e+02
2.2455233333333333e+00 2.3599528433482934e+02 -1.6191551946863251e+02
2.2465199999999999e+00 2.3615667140307039e+02 -1.6193812917567536e+02
2.2475166666666668e+00 2.3631808101688810e+02 -1.6196076142830594e+02
2.2485133333333334e+00 2.3647951319876395e+02 -1.6198341624900974e+02
2.2495099999999999e+00 2.3664096797120203e+02 -1.6200609366024287e+02
2.2505066666666664e+00 2.3680244535672884e+02 -1.6202879368454768e+02
2.2515033333333334e+00 2.3696394537789337e+02 -1.6205151634452469e+02
2.2524999999999999e+00 2.3712546805726694e+02 -1.6207426166268795e+02
2.2534966666666665e+00 2.3728701341744355e+02 -1.6209702966165688e+02
2.2544933333333335e+00 2.3744858148103975e+02 -1.6211982036405382e+02
2.2554900000000000e+00 2.3761017227069439e+02 -1.6214263379247839e+02
2.2564866666666665e+00 2.3777178580906914e+02 -1.6216546996963555e+02
2.2574833333333335e+00 2.3793342211884828e+02 -1.6218832891819048e+02
2.2584800000000000e+00 2.3809508122273849e+02 -1.6221121066085672e+02
2.2594766666666666e+00 2.3825676314346927e+02 -1.6223411522036122e+02
2.2604733333333331e+00 2.3841846790379276e+02 -1.6225704261943176e+02
2.2614700000000001e+00 2.3858019552648381e+02 -1.6227999288091132e+02
2.2624666666666666e+00 2.3874194603433983e+02 -1.6230296602754200e+02
2.2634633333333332e+00 2.3890371945018111e+02 -1.6232596208211433e+02
2.2644600000000001e+00 2.3906551579685075e+02 -1.6234898106753587e+02
2.2654566666666667e+00 2.3922733509721436e+02 -1.6237202300666283e+02
2.2664533333333332e+00 2.3938917737416065e+02 -1.6239508792237123e+02
2.2674500000000002e+00 2.3955104265060106e+02 -1.6241817583755449e+02
2.2684466666666667e+00 2.3971293094946972e+02 -1.6244128677516852e+02
2.2694433333333333e+00 2.3987484229372382e+02 -1.6246442075815412e+02
2.2704399999999998e+00 2.4003677670634335e+02 -1.6248757780952417e+02
2.2714366666666668e+00 2.4019873421033134e+02 -1.6251075795225009e+02
2.2724333333333333e+00 2.4036071482871350e+02 -1.6253396120934488e+02
2.2734299999999998e+00 2.4052271858453875e+02 -1.6255718760389837e+02
2.2744266666666668e+00 2.4068474550087896e+02 -1.6258043715896088e+02
2.2754233333333334e+00 2.4084679560082881e+02 -1.6260370989765946e+02
2.2764199999999999e+00 2.4100886890750624e+02 -1.6262700584304110e+02
2.2774166666666669e+00 2.4117096544405217e+02 -1.6265032501828452e+02
2.2784133333333334e+00 2.4133308523363047e+02 -1.6267366744658815e+02
2.2794099999999999e+00 2.4149522829942831e+02 -1.6269703315109211e+02
2.2804066666666665e+00 2.4165739466465584e+02 -1.6272042215503757e+02
2.2814033333333334e+00 2.4181958435254651e+02 -1.6274383448163840e+02
2.2824000000000000e+00 2.4198179738635665e+02 -1.6276727015413570e+02
2.2833966666666665e+00 2.4214403378936603e+02 -1.6279072919584729e+02
2.2843933333333335e+00 2.4230629358487766e+02 -1.6281421163005180e+02
2.2853900000000000e+00 2.4246857679621752e+02 -1.6283771748007595e+02
2.2863866666666666e+00 2.4263088344673508e+02 -1.6286124676928790e+02
2.2873833333333331e+00 2.4279321355980306e+02 -1.6288479952102864e+02
2.2883800000000001e+00 2.4295556715881753e+02 -1.6290837575872604e+02
2.2893766666666666e+00 2.4311794426719766e+02 -1.6293197550579231e+02
2.2903733333333332e+00 2.4328034490838621e+02 -1.6295559878564487e+02
2.2913700000000001e+00 2.4344276910584929e+02 -1.6297924562177639e+02
2.2923666666666667e+00 2.4360521688307622e+02 -1.6300291603768466e+02
2.2933633333333332e+00 2.4376768826357997e+02 -1.6302661005685837e+02
2.2943600000000002e+00 2.4393018327089695e+02 -1.6305032770283304e+02
2.2953566666666667e+00 2.4409270192858676e+02 -1.6307406899917768e+02
2.2963533333333332e+00 2.4425524426023279e+02 -1.6309783396947438e+02
2.2973499999999998e+00 2.4441781028944183e+02 -1.6312162263734922e+02
2.2983466666666668e+00 2.4458040003984431e+02 -1.6314543502640123e+02
2.2993433333333333e+00 2.4474301353509398e+02 -1.6316927116028504e+02
2.3003399999999998e+00 2.4490565079886841e+02 -1.6319313106268885e+02
2.3013366666666668e+00 2.4506831185486877e+02 -1.6321701475733357e+02
2.3023333333333333e+00 2.4523099672681968e+02 -1.6324092226794519e+02
2.3033299999999999e+00 2.4539370543846960e+02 -1.6326485361821187e+02
2.3043266666666669e+00 2.4555643801359065e+02 -1.6328880883195430e+02
2.3053233333333334e+00 2.4571919447597847e+02 -1.6331278793296980e+02
2.3063199999999999e+00 2.4588197484945266e+02 -1.6333679094506840e+02
2.3073166666666665e+00 2.4604477915785651e+02 -1.6336081789210434e+02
2.3083133333333334e+00 2.4620760742505709e+02 -1.6338486879791910e+02
2.3093100000000000e+00 2.4637045967494510e+02 -1.6340894368640980e+02
2.3103066666666665e+00 2.4653333593143526e+02 -1.6343304258152099e+02
2.3113033333333335e+00 2.4669623621846617e+02 -1.6345716550715929e+02
2.3123000000000000e+00 2.4685916056000005e+02 -1.6348131248729294e+02
2.3132966666666666e+00 2.4702210898002323e+02 -1.6350548354590939e+02
2.3142933333333335e+00 2.4718508150254598e+02 -1.6352967870701485e+02
2.3152900000000001e+00 2.4734807815160232e+02 -1.6355389799470612e+02
2.3162866666666666e+00 2.4751109895125040e+02 -1.6357814143293564e+02
2.3172833333333331e+00 2.4767414392557228e+02 -1.6360240904581437e+02
2.3182800000000001e+00 2.4783721309867417e+02 -1.6362670085751176e+02
2.3192766666666667e+00 2.4800030649468604e+02 -1.6365101689211033e+02
2.3202733333333332e+00 2.4816342413776218e+02 -1.6367535717376839e+02
2.3212700000000002e+00 2.4832656605208095e+02 -1.6369972172666351e+02
2.3222666666666667e+00 2.4848973226184458e+02 -1.6372411057499215e+02
2.3232633333333332e+00 2.4865292279127968e+02 -1.6374852374297765e+02
2.3242599999999998e+00 2.4881613766463695e+02 -1.6377296125491628e+02
2.3252566666666667e+00 2.4897937690619133e+02 -1.6379742313503471e+02
2.3262533333333333e+00 2.4914264054024173e+02 -1.6382190940762925e+02
2.3272499999999998e+00 2.4930592859111155e+02 -1.6384642009705772e+02
2.3282466666666668e+00 2.4946924108314840e+02 -1.6387095522764042e+02
2.3292433333333333e+00 2.4963257804072401e+02 -1.6389551482377337e+02
2.3302399999999999e+00 2.4979593948823458e+02 -1.6392009890982871e+02
2.3312366666666668e+00 2.4995932545010064e+02 -1.6394470751022661e+02
2.3322333333333334e+00 2.5012273595076684e+02 -1.6396934064942005e+02
2.3332299999999999e+00 2.5028617101470246e+02 -1.6399399835188896e+02
2.3342266666666664e+00 2.5044963066640113e+02 -1.6401868064214355e+02
2.3352233333333334e+00 2.5061311493038093e+02 -1.6404338754465292e+02
2.3362200000000000e+00 2.5077662383118417e+02 -1.6406811908395574e+02
2.3372166666666665e+00 2.5094015739337786e+02 -1.6409287528468070e+02
2.3382133333333335e+00 2.5110371564155352e+02 -1.6411765617137627e+02
2.3392100000000000e+00 2.5126729860032694e+02 -1.6414246176865245e+02
2.3402066666666665e+00 2.5143090629433871e+02 -1.6416729210116631e+02
2.3412033333333335e+00 2.5159453874825400e+02 -1.6419214719359482e+02
2.3422000000000001e+00 2.5175819598676230e+02 -1.6421702707063343e+02
2.3431966666666666e+00 2.5192187803457801e+02 -1.6424193175693307e+02
2.3441933333333331e+00 2.5208558491644004e+02 -1.6426686127727470e+02
2.3451900000000001e+00 2.5224931665711205e+02 -1.6429181565644137e+02
2.3461866666666666e+00 2.5241307328138222e+02 -1.6431679491919988e+02
2.3471833333333332e+00 2.5257685481406364e+02 -1.6434179909039253e+02
2.3481800000000002e+00 2.5274066127999416e+02 -1.6436682819481047e+02
2.3491766666666667e+00 2.5290449270403610e+02 -1.6439188225730598e+02
2.3501733333333332e+00 2.5306834911107688e+02 -1.6441696130282125e+02
2.3511700000000002e+00 2.5323223052602870e+02 -1.6444206535626137e+02
2.3521666666666667e+00 2.5339613697382842e+02 -1.6446719444253586e+02
2.3531633333333333e+00 2.5356006847943792e+02 -1.6449234858659486e+02
2.3541599999999998e+00 2.5372402506784391e+02 -1.6451752781344746e+02
2.3551566666666668e+00 2.5388800676405816e+02 -1.6454273214813355e+02
2.3561533333333333e+00 2.5405201359311710e+02 -1.6456796161567647e+02
2.3571499999999999e+00 2.5421604558008235e+02 -1.6459321624107531e+02
2.3581466666666668e+00 2.5438010275004052e+02 -1.6461849604946346e+02
2.3591433333333334e+00 2.5454418512810304e+02 -1.6464380106597855e+02
2.3601399999999999e+00 2.5470829273940657e+02 -1.6466913131572741e+02
2.3611366666666664e+00 2.5487242560911278e+02 -1.6469448682389037e+02
2.3621333333333334e+00 2.5503658376240853e+02 -1.6471986761560709e+02
2.3631300000000000e+00 2.5520076722450548e+02 -1.6474527371611484e+02
2.3641266666666665e+00 2.5536497602064077e+02 -1.6477070515069769e+02
2.3651233333333335e+00 2.5552921017607662e+02 -1.6479616194456059e+02
2.3661200000000000e+00 2.5569346971610025e+02 -1.6482164412299781e+02
2.3671166666666665e+00 2.5585775466602433e+02 -1.6484715171135045e+02
2.3681133333333335e+00 2.5602206505118676e+02 -1.6487268473490894e+02
2.3691100000000000e+00 2.5618640089695049e+02 -1.6489824321909606e+02
2.3701066666666666e+00 2.5635076222870396e+02 -1.6492382718926095e+02
2.3711033333333331e+00 2.5651514907186089e+02 -1.6494943667079781e+02
2.3721000000000001e+00 2.5667956145186037e+02 -1.6497507168921706e+02
2.3730966666666666e+00 2.5684399939416664e+02 -1.6500073226989866e+02
2.3740933333333332e+00 2.5700846292426957e+02 -1.6502641843839740e+02
2.3750900000000001e+00 2.5717295206768449e+02 -1.6505213022023202e+02
2.3760866666666667e+00 2.5733746684995191e+02 -1.6507786764086788e+02
2.3770833333333332e+00 2.5750200729663800e+02 -1.6510363072591693e+02
2.3780800000000002e+00 2.5766657343333446e+02 -1.6512941950101194e+02
2.3790766666666667e+00 2.5783116528565830e+02 -1.6515523399170391e+02
2.3800733333333333e+00 2.5799578287925226e+02 -1.6518107422366984e+02
2.3810699999999998e+00 2.5816042623978461e+02 -1.6520694022257501e+02
2.3820666666666668e+00 2.5832509539294927e+02 -1.6523283201407233e+02
2.3830633333333333e+00 2.5848979036446553e+02 -1.6525874962396958e+02
2.3840599999999998e+00 2.5865451118007866e+02 -1.6528469307796399e+02
2.3850566666666668e+00 2.5881925786555945e+02 -1.6531066240177404e+02
2.3860533333333334e+00 2.5898403044670425e+02 -1.6533665762126444e+02
2.3870499999999999e+00 2.5914882894933532e+02 -1.6536267876224639e+02
2.3880466666666669e+00 2.5931365339930073e+02 -1.6538872585055262e+02
2.3890433333333334e+00 2.5947850382247407e+02 -1.6541479891207626e+02
2.3900399999999999e+00 2.5964338024475495e+02 -1.6544089797269390e+02
2.3910366666666665e+00 2.5980828269206870e+02 -1.6546702305832730e+02
2.3920333333333335e+00 2.5997321119036661e+02 -1.6549317419494329e+02
2.3930300000000000e+00 2.6013816576562567e+02 -1.6551935140854923e+02
2.3940266666666665e+00 2.6030314644384890e+02 -1.6554555472509884e+02
2.3950233333333335e+00 2.6046815325106530e+02 -1.6557178417059595e+02
2.3960200000000000e+00 2.6063318621332962e+02 -1.6559803977119037e+02
2.3970166666666666e+00 2.6079824535672276e+02 -1.6562432155292981e+02
2.3980133333333331e+00 2.6096333070735164e+02 -1.6565062954182142e+02
2.3990100000000001e+00 2.6112844229134913e+02 -1.6567696376411743e+02
2.4000066666666666e+00 2.6129358013487416e+02 -1.6570332424596782e+02
2.4010033333333332e+00 2.6145874426411177e+02 -1.6572971101349705e+02
2.4020000000000001e+00 2.6162393470527320e+02 -1.6575612409293740e+02
2.4029966666666667e+00 2.6178915148459561e+02 -1.6578256351055273e+02
2.4039933333333332e+00 2.6195439462834247e+02 -1.6580902929258181e+02
2.4049900000000002e+00 2.6211966416280353e+02 -1.6583552146534223e+02
2.4059866666666667e+00 2.6228496011429456e+02 -1.6586204005512650e+02
2.4069833333333333e+00 2.6245028250915766e+02 -1.6588858508823878e+02
2.4079799999999998e+00 2.6261563137376118e+02 -1.6591515659108558e+02
2.4089766666666668e+00 2.6278100673449984e+02 -1.6594175459009017e+02
2.4099733333333333e+00 2.6294640861779453e+02 -1.6596837911168774e+02
2.4109699999999998e+00 2.6311183705009267e+02 -1.6599503018223086e+02
2.4119666666666668e+00 2.6327729205786795e+02 -1.6602170782823703e+02
2.4129633333333333e+00 2.6344277366762032e+02 -1.6604841207625526e+02
2.4139599999999999e+00 2.6360828190587642e+02 -1.6607514295278079e+02
2.4149566666666669e+00 2.6377381679918932e+02 -1.6610190048433108e+02
2.4159533333333334e+00 2.6393937837413824e+02 -1.6612868469751237e+02
2.4169499999999999e+00 2.6410496665732921e+02 -1.6615549561891370e+02
2.4179466666666665e+00 2.6427058167539479e+02 -1.6618233327522677e+02
2.4189433333333334e+00 2.6443622345499404e+02 -1.6620919769307480e+02
2.4199400000000000e+00 2.6460189202281242e+02 -1.6623608889909235e+02
2.4209366666666665e+00 2.6476758740556227e+02 -1.6626300692008820e+02
2.4219333333333335e+00 2.6493330962998255e+02 -1.6628995178272260e+02
2.4229300000000000e+00 2.6509905872283861e+02 -1.6631692351377268e+02
2.4239266666666666e+00 2.6526483471092274e+02 -1.6634392214007570e+02
2.4249233333333335e+00 2.6543063762105402e+02 -1.6637094768843451e+02
2.4259200000000001e+00 2.6559646748007793e+02 -1.6639800018565484e+02
2.4269166666666666e+00 2.6576232431486699e+02 -1.6642507965861094e+02
2.4279133333333331e+00 2.6592820815232039e+02 -1.6645218613427960e+02
2.4289100000000001e+00 2.6609411901936443e+02 -1.6647931963954079e+02
2.4299066666666667e+00 2.6626005694295173e+02 -1.6650648020128577e+02
2.4309033333333332e+00 2.6642602195006219e+02 -1.6653366784655125e+02
2.4319000000000002e+00 2.6659201406770268e+02 -1.6656088260242535e+02
2.4328966666666667e+00 2.6675803332290661e+02 -1.6658812449579946e+02
2.4338933333333332e+00 2.6692407974273465e+02 -1.6661539355377570e+02
2.4348899999999998e+00 2.6709015335427432e+02 -1.6664268980350204e+02
2.4358866666666668e+00 2.6725625418464034e+02 -1.6667001327202968e+02
2.4368833333333333e+00 2.6742238226097419e+02 -1.6669736398653501e+02
2.4378799999999998e+00 2.6758853761044458e+02 -1.6672474197414019e+02
2.4388766666666668e+00 2.6775472026024738e+02 -1.6675214726210456e+02
2.4398733333333333e+00 2.6792093023760532e+02 -1.6677957987760459e+02
2.4408699999999999e+00 2.6808716756976850e+02 -1.6680703984790489e+02
2.4418666666666669e+00 2.6825343228401425e+02 -1.6683452720032199e+02
2.4428633333333334e+00 2.6841972440764681e+02 -1.6686204196208931e+02
2.4438599999999999e+00 2.6858604396799791e+02 -1.6688958416056570e+02
2.4448566666666665e+00 2.6875239099242646e+02 -1.6691715382312722e+02
2.4458533333333334e+00 2.6891876550831864e+02 -1.6694475097713880e+02
2.4468500000000000e+00 2.6908516754308783e+02 -1.6697237565003354e+02
2.4478466666666665e+00 2.6925159712417491e+02 -1.6700002786924699e+02
2.4488433333333335e+00 2.6941805427904814e+02 -1.6702770766223847e+02
2.4498400000000000e+00 2.6958453903520297e+02 -1.6705541505649794e+02
2.4508366666666666e+00 2.6975105142016241e+02 -1.6708315007954667e+02
2.4518333333333335e+00 2.6991759146147700e+02 -1.6711091275898639e+02
2.4528300000000001e+00 2.7008415918672449e+02 -1.6713870312233578e+02
2.4538266666666666e+00 2.7025075462351037e+02 -1.6716652119721022e+02
2.4548233333333331e+00 2.7041737779946760e+02 -1.6719436701127088e+02
2.4558200000000001e+00 2.7058402874225669e+02 -1.6722224059213943e+02
2.4568166666666666e+00 2.7075070747956556e+02 -1.6725014196750573e+02
2.4578133333333332e+00 2.7091741403910999e+02 -1.6727807116511877e+02
2.4588100000000002e+00 2.7108414844863336e+02 -1.6730602821275167e+02
2.4598066666666667e+00 2.7125091073590653e+02 -1.6733401313809426e+02
2.4608033333333332e+00 2.7141770092872821e+02 -1.6736202596900949e+02
2.4618000000000002e+00 2.7158451905492490e+02 -1.6739006673327060e+02
2.4627966666666667e+00 2.7175136514235055e+02 -1.6741813545873842e+02
2.4637933333333333e+00 2.7191823921888721e+02 -1.6744623217334183e+02
2.4647899999999998e+00 2.7208514131244453e+02 -1.6747435690491318e+02
2.4657866666666668e+00 2.7225207145096016e+02 -1.6750250968147347e+02
2.4667833333333333e+00 2.7241902966239934e+02 -1.6753069053099767e+02
2.4677799999999999e+00 2.7258601597475547e+02 -1.6755889948137735e+02
2.4687766666666668e+00 2.7275303041604980e+02 -1.6758713656069929e+02
2.4697733333333334e+00 2.7292007301433136e+02 -1.6761540179702408e+02
2.4707699999999999e+00 2.7308714379767736e+02 -1.6764369521839456e+02
2.4717666666666664e+00 2.7325424279419292e+02 -1.6767201685298519e+02
2.4727633333333334e+00 2.7342137003201123e+02 -1.6770036672881722e+02
2.4737600000000000e+00 2.7358852553929330e+02 -1.6772874487406517e+02
2.4747566666666665e+00 2.7375570934422848e+02 -1.6775715131701958e+02
2.4757533333333335e+00 2.7392292147503429e+02 -1.6778558608582466e+02
2.4767500000000000e+00 2.7409016195995605e+02 -1.6781404920876889e+02
2.4777466666666665e+00 2.7425743082726757e+02 -1.6784254071408591e+02
2.4787433333333335e+00 2.7442472810527079e+02 -1.6787106063006232e+02
2.4797400000000001e+00 2.7459205382229567e+02 -1.6789960898510094e+02
2.4807366666666666e+00 2.7475940800670065e+02 -1.6792818580750105e+02
2.4817333333333331e+00 2.7492679068687232e+02 -1.6795679112566538e+02
2.4827300000000001e+00 2.7509420189122574e+02 -1.6798542496798589e+02
2.4837266666666666e+00 2.7526164164820398e+02 -1.6801408736292231e+02
2.4847233333333332e+00 2.7542910998627872e+02 -1.6804277833899314e+02
2.4857200000000002e+00 2.7559660693395017e+02 -1.6807149792465643e+02
2.4867166666666667e+00 2.7576413251974657e+02 -1.6810024614840037e+02
2.4877133333333332e+00 2.7593168677222485e+02 -1.6812902303880045e+02
2.4887100000000002e+00 2.7609926971997044e+02 -1.6815782862451439e+02
2.4897066666666667e+00 2.7626688139159711e+02 -1.6818666293411590e+02
2.4907033333333333e+00 2.7643452181574736e+02 -1.6821552599621793e+02
2.4916999999999998e+00 2.7660219102109215e+02 -1.6824441783950832e+02
2.4926966666666668e+00 2.7676988903633105e+02 -1.6827333849266441e+02
2.4936933333333333e+00 2.7693761589019215e+02 -1.6830228798445953e+02
2.4946899999999999e+00 2.7710537161143230e+02 -1.6833126634366877e+02
2.4956866666666668e+00 2.7727315622883714e+02 -1.6836027359900680e+02
2.4966833333333334e+00 2.7744096977122064e+02 -1.6838930977927569e+02
2.4976799999999999e+00 2.7760881226742578e+02 -1.6841837491336435e+02
2.4986766666666669e+00 2.7777668374632435e+02 -1.6844746903021584e+02
2.4996733333333334e+00 2.7794458423681681e+02 -1.6847659215866054e+02
2.5006699999999999e+00 2.7811251376783241e+02 -1.6850574432756798e+02
2.5016666666666665e+00 2.7828047236832930e+02 -1.6853492556593960e+02
2.5026633333333335e+00 2.7844846006729460e+02 -1.6856413590279510e+02
2.5036600000000000e+00 2.7861647689374411e+02 -1.6859337536716447e+02
2.5046566666666665e+00 2.7878452287672275e+02 -1.6862264398805070e+02
2.5056533333333335e+00 2.7895259804530446e+02 -1.6865194179451095e+02
2.5066500000000000e+00 2.7912070242859181e+02 -1.6868126881566087e+02
2.5076466666666666e+00 2.7928883605571679e+02 -1.6871062508068346e+02
2.5086433333333331e+00 2.7945699895584028e+02 -1.6874001061866579e+02
2.5096400000000001e+00 2.7962519115815229e+02 -1.6876942545885578e+02
2.5106366666666666e+00 2.7979341269187177e+02 -1.6879886963045456e+02
2.5116333333333332e+00 2.7996166358624697e+02 -1.6882834316266448e+02
2.5126300000000001e+00 2.8012994387055534e+02 -1.6885784608482814e+02
2.5136266666666667e+00 2.8029825357410334e+02 -1.6888737842623215e+02
2.5146233333333332e+00 2.8046659272622685e+02 -1.6891694021625003e+02
2.5156200000000002e+00 2.8063496135629094e+02 -1.6894653148413883e+02
2.5166166666666667e+00 2.8080335949368975e+02 -1.6897615225935630e+02
2.5176133333333333e+00 2.8097178716784703e+02 -1.6900580257137059e+02
2.5186099999999998e+00 2.8114024440821578e+02 -1.6903548244955385e+02
2.5196066666666668e+00 2.8130873124427836e+02 -1.6906519192343933e+02
2.5206033333333333e+00 2.8147724770554640e+02 -1.6909493102254177e+02
2.5215999999999998e+00 2.8164579382156120e+02 -1.6912469977637707e+02
2.5225966666666668e+00 2.8181436962189338e+02 -1.6915449821451614e+02
2.5235933333333334e+00 2.8198297513614295e+02 -1.6918432636658792e+02
2.5245899999999999e+00 2.8215161039393962e+02 -1.6921418426222220e+02
2.5255866666666669e+00 2.8232027542494262e+02 -1.6924407193101854e+02
2.5265833333333334e+00 2.8248897025884054e+02 -1.6927398940269129e+02
2.5275799999999999e+00 2.8265769492535185e+02 -1.6930393670699362e+02
2.5285766666666665e+00 2.8282644945422453e+02 -1.6933391387363994e+02
2.5295733333333335e+00 2.8299523387523629e+02 -1.6936392093244871e+02
2.5305700000000000e+00 2.8316404821819435e+02 -1.6939395791321996e+02
2.5315666666666665e+00 2.8333289251293587e+02 -1.6942402484572602e+02
2.5325633333333335e+00 2.8350176678932775e+02 -1.6945412175990865e+02
2.5335600000000000e+00 2.8367067107726643e+02 -1.6948424868562492e+02
2.5345566666666666e+00 2.8383960540667840e+02 -1.6951440565276113e+02
2.5355533333333335e+00 2.8400856980751996e+02 -1.6954459269134472e+02
2.5365500000000001e+00 2.8417756430977710e+02 -1.6957480983137523e+02
2.5375466666666666e+00 2.8434658894346597e+02 -1.6960505710283394e+02
2.5385433333333332e+00 2.8451564373863249e+02 -1.6963533453572032e+02
2.5395400000000001e+00 2.8468472872535267e+02 -1.6966564216019518e+02
2.5405366666666667e+00 2.8485384393373226e+02 -1.6969598000631515e+02
2.5415333333333332e+00 2.8502298939390732e+02 -1.6972634810425171e+02
2.5425300000000002e+00 2.8519216513604391e+02 -1.6975674648414633e+02
2.5435266666666667e+00 2.8536137119033793e+02 -1.6978717517611281e+02
2.5445233333333332e+00 2.8553060758701560e+02 -1.6981763421050280e+02
2.5455199999999998e+00 2.8569987435633323e+02 -1.6984812361754413e+02
2.5465166666666668e+00 2.8586917152857740e+02 -1.6987864342751163e+02
2.5475133333333333e+00 2.8603849913406464e+02 -1.6990919367071874e+02
2.5485099999999998e+00 2.8620785720314194e+02 -1.6993977437747918e+02
2.5495066666666668e+00 2.8637724576618660e+02 -1.6997038557821992e+02
2.5505033333333333e+00 2.8654666485360588e+02 -1.7000102730333975e+02
2.5514999999999999e+00 2.8671611449583770e+02 -1.7003169958329505e+02
2.5524966666666669e+00 2.8688559472335027e+02 -1.7006240244848425e+02
2.5534933333333334e+00 2.8705510556664194e+02 -1.7009313592944883e+02
2.5544899999999999e+00 2.8722464705624168e+02 -1.7012390005671151e+02
2.5554866666666665e+00 2.8739421922270890e+02 -1.7015469486084214e+02
2.5564833333333334e+00 2.8756382209663354e+02 -1.7018552037245806e+02
2.5574800000000000e+00 2.8773345570863580e+02 -1.7021637662210071e+02
2.5584766666666665e+00 2.8790312008936667e+02 -1.7024726364051151e+02
2.5594733333333335e+00 2.8807281526950766e+02 -1.7027818145834559e+02
2.5604700000000000e+00 2.8824254127977065e+02 -1.7030913010623007e+02
2.5614666666666666e+00 2.8841229815089838e+02 -1.7034010961499160e+02
2.5624633333333335e+00 2.8858208591366423e+02 -1.7037112001539981e+02
2.5634600000000001e+00 2.8875190459887210e+02 -1.7040216133825263e+02
2.5644566666666666e+00 2.8892175423735682e+02 -1.7043323361438638e+02
2.5654533333333331e+00 2.8909163485998380e+02 -1.7046433687462763e+02
2.5664500000000001e+00 2.8926154649764942e+02 -1.7049547114990742e+02
2.5674466666666667e+00 2.8943148918128054e+02 -1.7052663647116651e+02
2.5684433333333332e+00 2.8960146294183522e+02 -1.7055783286937421e+02
2.5694400000000002e+00 2.8977146781030228e+02 -1.7058906037544256e+02
2.5704366666666667e+00 2.8994150381770118e+02 -1.7062031902039777e+02
2.5714333333333332e+00 2.9011157099508262e+02 -1.7065160883540875e+02
2.5724300000000002e+00 2.9028166937352830e+02 -1.7068292985147323e+02
2.5734266666666668e+00 2.9045179898415057e+02 -1.7071428209964586e+02
2.5744233333333333e+00 2.9062195985809313e+02 -1.7074566561119053e+02
2.5754199999999998e+00 2.9079215202653063e+02 -1.7077708041721911e+02
2.5764166666666668e+00 2.9096237552066879e+02 -1.7080852654891936e+02
2.5774133333333333e+00 2.9113263037174437e+02 -1.7084000403760274e+02
2.5784099999999999e+00 2.9130291661102547e+02 -1.7087151291446645e+02
2.5794066666666668e+00 2.9147323426981131e+02 -1.7090305321082201e+02
2.5804033333333334e+00 2.9164358337943207e+02 -1.7093462495798090e+02
2.5813999999999999e+00 2.9181396397124945e+02 -1.7096622818734940e+02
2.5823966666666665e+00 2.9198437607665642e+02 -1.7099786293032443e+02
2.5833933333333334e+00 2.9215481972707721e+02 -1.7102952921826511e+02
2.5843900000000000e+00 2.9232529495396716e+02 -1.7106122708271099e+02
2.5853866666666665e+00 2.9249580178881331e+02 -1.7109295655508723e+02
2.5863833333333335e+00 2.9266634026313403e+02 -1.7112471766696220e+02
2.5873800000000000e+00 2.9283691040847890e+02 -1.7115651044987538e+02
2.5883766666666665e+00 2.9300751225642915e+02 -1.7118833493530906e+02
2.5893733333333335e+00 2.9317814583859752e+02 -1.7122019115497406e+02
2.5903700000000001e+00 2.9334881118662810e+02 -1.7125207914055267e+02
2.5913666666666666e+00 2.9351950833219672e+02 -1.7128399892365059e+02
2.5923633333333331e+00 2.9369023730701070e+02 -1.7131595053592147e+02
2.5933600000000001e+00 2.9386099814280908e+02 -1.7134793400923780e+02
2.5943566666666666e+00 2.9403179087136238e+02 -1.7137994937531019e+02
2.5953533333333332e+00 2.9420261552447289e+02 -1.7141199666590595e+02
2.5963500000000002e+00 2.9437347213397470e+02 -1.7144407591290721e+02
2.5973466666666667e+00 2.9454436073173343e+02 -1.7147618714813868e+02
2.5983433333333332e+00 2.9471528134964666e+02 -1.7150833040353865e+02
2.5993400000000002e+00 2.9488623401964378e+02 -1.7154050571098935e+02
2.6003366666666667e+00 2.9505721877368580e+02 -1.7157271310251511e+02
2.6013333333333333e+00 2.9522823564376586e+02 -1.7160495261006386e+02
2.6023299999999998e+00 2.9539928466190889e+02 -1.7163722426565985e+02
2.6033266666666668e+00 2.9557036586017188e+02 -1.7166952810137539e+02
2.6043233333333333e+00 2.9574147927064342e+02 -1.7170186414929182e+02
2.6053199999999999e+00 2.9591262492544450e+02 -1.7173423244157541e+02
2.6063166666666668e+00 2.9608380285672808e+02 -1.7176663301030814e+02
2.6073133333333334e+00 2.9625501309667891e+02 -1.7179906588768549e+02
2.6083099999999999e+00 2.9642625567751406e+02 -1.7183153110593062e+02
2.6093066666666669e+00 2.9659753063148275e+02 -1.7186402869732530e+02
2.6103033333333334e+00 2.9676883799086613e+02 -1.7189655869415040e+02
2.6113000000000000e+00 2.9694017778797780e+02 -1.7192912112866750e+02
2.6122966666666665e+00 2.9711155005516349e+02 -1.7196171603327150e+02
2.6132933333333335e+00 2.9728295482480121e+02 -1.7199434344034859e+02
2.6142900000000000e+00 2.9745439212930108e+02 -1.7202700338223679e+02
2.6152866666666665e+00 2.9762586200110576e+02 -1.7205969589141566e+02
2.6162833333333335e+00 2.9779736447269022e+02 -1.7209242100042385e+02
2.6172800000000001e+00 2.9796889957656168e+02 -1.7212517874168486e+02
2.6182766666666666e+00 2.9814046734525988e+02 -1.7215796914774526e+02
2.6192733333333331e+00 2.9831206781135700e+02 -1.7219079225122815e+02
2.6202700000000001e+00 2.9848370100745780e+02 -1.7222364808471934e+02
2.6212666666666666e+00 2.9865536696619927e+02 -1.7225653668081353e+02
2.6222633333333332e+00 2.9882706572025120e+02 -1.7228945807224682e+02
2.6232600000000001e+00 2.9899879730231595e+02 -1.7232241229170063e+02
2.6242566666666667e+00 2.9917056174512828e+02 -1.7235539937185510e+02
2.6252533333333332e+00 2.9934235908145575e+02 -1.7238841934553184e+02
2.6262500000000002e+00 2.9951418934409867e+02 -1.7242147224549780e+02
2.6272466666666667e+00 2.9968605256588978e+02 -1.7245455810463287e+02
2.6282433333333333e+00 2.9985794877969488e+02 -1.7248767695579696e+02
2.6292399999999998e+00 3.0002987801841238e+02 -1.7252082883184136e+02
2.6302366666666668e+00 3.0020184031497354e+02 -1.7255401376572289e+02
2.6312333333333333e+00 3.0037383570234232e+02 -1.7258723179043534e+02
2.6322299999999998e+00 3.0054586421351576e+02 -1.7262048293894279e+02
2.6332266666666668e+00 3.0071792588152380e+02 -1.7265376724426906e+02
2.6342233333333334e+00 3.0089002073942902e+02 -1.7268708473946501e+02
2.6352199999999999e+00 3.0106214882032720e+02 -1.7272043545763717e+02
2.6362166666666669e+00 3.0123431015734724e+02 -1.7275381943198053e+02
2.6372133333333334e+00 3.0140650478365080e+02 -1.7278723669557448e+02
2.6382099999999999e+00 3.0157873273243274e+02 -1.7282068728162108e+02
2.6392066666666665e+00 3.0175099403692104e+02 -1.7285417122342795e+02
2.6402033333333335e+00 3.0192328873037695e+02 -1.7288768855420855e+02
2.6412000000000000e+00 3.0209561684609452e+02 -1.7292123930718486e+02
2.6421966666666665e+00 3.0226797841740125e+02 -1.7295482351572005e+02
2.6431933333333335e+00 3.0244037347765789e+02 -1.7298844121323731e+02
2.6441900000000000e+00 3.0261280206025828e+02 -1.7302209243310114e+02
2.6451866666666666e+00 3.0278526419862976e+02 -1.7305577720873171e+02
2.6461833333333336e+00 3.0295775992623300e+02 -1.7308949557360924e+02
2.6471800000000001e+00 3.0313028927656183e+02 -1.7312324756118389e+02
2.6481766666666666e+00 3.0330285228314358e+02 -1.7315703320497133e+02
2.6491733333333332e+00 3.0347544897953912e+02 -1.7319085253864972e+02
2.6501700000000001e+00 3.0364807939934281e+02 -1.7322470559568950e+02
2.6511666666666667e+00 3.0382074357618217e+02 -1.7325859240971178e+02
2.6521633333333332e+00 3.0399344154371852e+02 -1.7329251301447877e+02
2.6531600000000002e+00 3.0416617333564687e+02 -1.7332646744364200e+02
2.6541566666666667e+00 3.0433893898569551e+02 -1.7336045573090823e+02
2.6551533333333333e+00 3.0451173852762656e+02 -1.7339447791002115e+02
2.6561499999999998e+00 3.0468457199523573e+02 -1.7342853401483006e+02
2.6571466666666668e+00 3.0485743942235263e+02 -1.7346262407914770e+02
2.6581433333333333e+00 3.0503034084284025e+02 -1.7349674813682327e+02
2.6591399999999998e+00 3.0520327629059562e+02 -1.7353090622179002e+02
2.6601366666666668e+00 3.0537624579954957e+02 -1.7356509836792767e+02
2.6611333333333334e+00 3.0554924940366647e+02 -1.7359932460922818e+02
2.6621299999999999e+00 3.0572228713694494e+02 -1.7363358497968164e+02
2.6631266666666669e+00 3.0589535903341732e+02 -1.7366787951328192e+02
2.6641233333333334e+00 3.0606846512714975e+02 -1.7370220824419215e+02
2.6651199999999999e+00 3.0624160545224265e+02 -1.7373657120644100e+02
2.6661166666666665e+00 3.0641478004283022e+02 -1.7377096843416294e+02
2.6671133333333334e+00 3.0658798893308085e+02 -1.7380539996159862e+02
2.6681100000000000e+00 3.0676123215719679e+02 -1.7383986582288244e+02
2.6691066666666665e+00 3.0693450974941453e+02 -1.7387436605220398e+02
2.6701033333333335e+00 3.0710782174400475e+02 -1.7390890068389950e+02
2.6711000000000000e+00 3.0728116817527211e+02 -1.7394346975230320e+02
2.6720966666666666e+00 3.0745454907755567e+02 -1.7397807329171854e+02
2.6730933333333335e+00 3.0762796448522880e+02 -1.7401271133651048e+02
2.6740900000000001e+00 3.0780141443269883e+02 -1.7404738392107021e+02
2.6750866666666666e+00 3.0797489895440759e+02 -1.7408209107988245e+02
2.6760833333333331e+00 3.0814841808483135e+02 -1.7411683284745246e+02
2.6770800000000001e+00 3.0832197185848071e+02 -1.7415160925822059e+02
2.6780766666666667e+00 3.0849556030990044e+02 -1.7418642034669207e+02
2.6790733333333332e+00 3.0866918347367005e+02 -1.7422126614754094e+02
2.6800700000000002e+00 3.0884284138440347e+02 -1.7425614669536040e+02
2.6810666666666667e+00 3.0901653407674900e+02 -1.7429106202476979e+02
2.6820633333333332e+00 3.0919026158538964e+02 -1.7432601217050012e+02
2.6830600000000002e+00 3.0936402394504296e+02 -1.7436099716720170e+02
2.6840566666666668e+00 3.0953782119046099e+02 -1.7439601704966489e+02
2.6850533333333333e+00 3.0971165335643065e+02 -1.7443107185271666e+02
2.6860499999999998e+00 3.0988552047777347e+02 -1.7446616161114730e+02
2.6870466666666668e+00 3.1005942258934567e+02 -1.7450128635976805e+02
2.6880433333333333e+00 3.1023335972603809e+02 -1.7453644613345483e+02
2.6890399999999999e+00 3.1040733192277656e+02 -1.7457164096722369e+02
2.6900366666666669e+00 3.1058133921452179e+02 -1.7460687089601029e+02
2.6910333333333334e+00 3.1075538163626908e+02 -1.7464213595477614e+02
2.6920299999999999e+00 3.1092945922304881e+02 -1.7467743617856567e+02
2.6930266666666669e+00 3.1110357200992644e+02 -1.7471277160248567e+02
2.6940233333333334e+00 3.1127772003200204e+02 -1.7474814226161178e+02
2.6950200000000000e+00 3.1145190332441092e+02 -1.7478354819099886e+02
2.6960166666666665e+00 3.1162612192232331e+02 -1.7481898942586494e+02
2.6970133333333335e+00 3.1180037586094465e+02 -1.7485446600147776e+02
2.6980100000000000e+00 3.1197466517551533e+02 -1.7488997795305539e+02
2.6990066666666666e+00 3.1214898990131098e+02 -1.7492552531584181e+02
2.7000033333333335e+00 3.1232335007364247e+02 -1.7496110812514360e+02
2.7010000000000001e+00 3.1249774572785560e+02 -1.7499672641634996e+02
2.7019966666666666e+00 3.1267217689933176e+02 -1.7503238022480090e+02
2.7029933333333331e+00 3.1284664362348741e+02 -1.7506806958591409e+02
2.7039900000000001e+00 3.1302114593577448e+02 -1.7510379453515691e+02
2.7049866666666667e+00 3.1319568387167999e+02 -1.7513955510800409e+02
2.7059833333333332e+00 3.1337025746672657e+02 -1.7517535133998470e+02
2.7069800000000002e+00 3.1354486675647229e+02 -1.7521118326669054e+02
2.7079766666666667e+00 3.1371951177651044e+02 -1.7524705092368208e+02
2.7089733333333332e+00 3.1389419256247010e+02 -1.7528295434651659e+02
2.7099700000000002e+00 3.1406890915001571e+02 -1.7531889357101423e+02
2.7109666666666667e+00 3.1424366157484724e+02 -1.7535486863279246e+02
2.7119633333333333e+00 3.1441844987270036e+02 -1.7539087956753318e+02
2.7129599999999998e+00 3.1459327407934637e+02 -1.7542692641111037e+02
2.7139566666666668e+00 3.1476813423059230e+02 -1.7546300919927674e+02
2.7149533333333333e+00 3.1494303036228058e+02 -1.7549912796784932e+02
2.7159499999999999e+00 3.1511796251028966e+02 -1.7553528275272748e+02
2.7169466666666668e+00 3.1529293071053377e+02 -1.7557147358984557e+02
2.7179433333333334e+00 3.1546793499896273e+02 -1.7560770051519177e+02
2.7189399999999999e+00 3.1564297541156253e+02 -1.7564396356466537e+02
2.7199366666666669e+00 3.1581805198435484e+02 -1.7568026277431485e+02
2.7209333333333334e+00 3.1599316475339720e+02 -1.7571659818027098e+02
2.7219300000000000e+00 3.1616831375478324e+02 -1.7575296981850065e+02
2.7229266666666665e+00 3.1634349902464248e+02 -1.7578937772519160e+02
2.7239233333333335e+00 3.1651872059914064e+02 -1.7582582193655287e+02
2.7249200000000000e+00 3.1669397851447923e+02 -1.7586230248874381e+02
2.7259166666666665e+00 3.1686927280689605e+02 -1.7589881941800562e+02
2.7269133333333335e+00 3.1704460351266511e+02 -1.7593537276058669e+02
2.7279100000000001e+00 3.1721997066809627e+02 -1.7597196255284575e+02
2.7289066666666666e+00 3.1739537430953595e+02 -1.7600858883116683e+02
2.7299033333333336e+00 3.1757081447336674e+02 -1.7604525163179821e+02
2.7309000000000001e+00 3.1774629119600718e+02 -1.7608195099121275e+02
2.7318966666666666e+00 3.1792180451391249e+02 -1.7611868694594767e+02
2.7328933333333332e+00 3.1809735446357416e+02 -1.7615545953241872e+02
2.7338900000000002e+00 3.1827294108152012e+02 -1.7619226878714889e+02
2.7348866666666667e+00 3.1844856440431448e+02 -1.7622911474672517e+02
2.7358833333333332e+00 3.1862422446855805e+02 -1.7626599744775933e+02
2.7368800000000002e+00 3.1879992131088812e+02 -1.7630291692689914e+02
2.7378766666666667e+00 3.1897565496797836e+02 -1.7633987322076021e+02
2.7388733333333333e+00 3.1915142547653909e+02 -1.7637686636607899e+02
2.7398699999999998e+00 3.1932723287331731e+02 -1.7641389639964220e+02
2.7408666666666668e+00 3.1950307719509669e+02 -1.7645096335817237e+02
2.7418633333333333e+00 3.1967895847869727e+02 -1.7648806727851320e+02
2.7428599999999999e+00 3.1985487676097614e+02 -1.7652520819753300e+02
2.7438566666666668e+00 3.2003083207882713e+02 -1.7656238615213633e+02
2.7448533333333334e+00 3.2020682446918056e+02 -1.7659960117922392e+02
2.7458499999999999e+00 3.2038285396900386e+02 -1.7663685331577796e+02
2.7468466666666669e+00 3.2055892061530136e+02 -1.7667414259881727e+02
2.7478433333333334e+00 3.2073502444511399e+02 -1.7671146906535654e+02
2.7488400000000000e+00 3.2091116549551987e+02 -1.7674883275247444e+02
2.7498366666666665e+00 3.2108734380363398e+02 -1.7678623369729976e+02
2.7508333333333335e+00 3.2126355940660846e+02 -1.7682367193698303e+02
2.7518300000000000e+00 3.2143981234163221e+02 -1.7686114750868163e+02
2.7528266666666665e+00 3.2161610264593145e+02 -1.7689866044966277e+02
2.7538233333333335e+00 3.2179243035676950e+02 -1.7693621079720205e+02
2.7548200000000000e+00 3.2196879551144673e+02 -1.7697379858857082e+02
2.7558166666666666e+00 3.2214519814730079e+02 -1.7701142386112193e+02
2.7568133333333336e+00 3.2232163830170663e+02 -1.7704908665218795e+02
2.7578100000000001e+00 3.2249811601207620e+02 -1.7708678699921148e+02
2.7588066666666666e+00 3.2267463131585907e+02 -1.7712452493967012e+02
2.7598033333333332e+00 3.2285118425054196e+02 -1.7716230051100635e+02
2.7608000000000001e+00 3.2302777485364913e+02 -1.7720011375074171e+02
2.7617966666666667e+00 3.2320440316274198e+02 -1.7723796469646115e+02
2.7627933333333332e+00 3.2338106921541964e+02 -1.7727585338580252e+02
2.7637900000000002e+00 3.2355777304931871e+02 -1.7731377985632673e+02
2.7647866666666667e+00 3.2373451470211307e+02 -1.7735174414573299e+02
2.7657833333333333e+00 3.2391129421151442e+02 -1.7738974629180152e+02
2.7667800000000002e+00 3.2408811161527211e+02 -1.7742778633217893e+02
2.7677766666666668e+00 3.2426496695117277e+02 -1.7746586430464987e+02
2.7687733333333333e+00 3.2444186025704101e+02 -1.7750398024711973e+02
2.7697699999999998e+00 3.2461879157073918e+02 -1.7754213419743004e+02
2.7707666666666668e+00 3.2479576093016738e+02 -1.7758032619344485e+02
2.7717633333333334e+00 3.2497276837326319e+02 -1.7761855627311976e+02
2.7727599999999999e+00 3.2514981393800235e+02 -1.7765682447443453e+02
2.7737566666666669e+00 3.2532689766239849e+02 -1.7769513083543526e+02
2.7747533333333334e+00 3.2550401958450288e+02 -1.7773347539413464e+02
2.7757499999999999e+00 3.2568117974240494e+02 -1.7777185818858052e+02
2.7767466666666665e+00 3.2585837817423192e+02 -1.7781027925695676e+02
2.7777433333333335e+00 3.2603561491814935e+02 -1.7784873863741248e+02
2.7787400000000000e+00 3.2621289001236045e+02 -1.7788723636816007e+02
2.7797366666666665e+00 3.2639020349510679e+02 -1.7792577248746434e+02
2.7807333333333335e+00 3.2656755540466816e+02 -1.7796434703357102e+02
2.7817300000000000e+00 3.2674494577936218e+02 -1.7800296004477806e+02
2.7827266666666666e+00 3.2692237465754494e+02 -1.7804161155949276e+02
2.7837233333333335e+00 3.2709984207761084e+02 -1.7808030161610353e+02
2.7847200000000001e+00 3.2727734807799226e+02 -1.7811903025299395e+02
2.7857166666666666e+00 3.2745489269716012e+02 -1.7815779750863928e+02
2.7867133333333332e+00 3.2763247597362368e+02 -1.7819660342159420e+02
2.7877100000000001e+00 3.2781009794593069e+02 -1.7823544803043575e+02
2.7887066666666667e+00 3.2798775865266703e+02 -1.7827433137366151e+02
2.7897033333333332e+00 3.2816545813245733e+02 -1.7831325348990669e+02
2.7907000000000002e+00 3.2834319642396474e+02 -1.7835221441787351e+02
2.7916966666666667e+00 3.2852097356589076e+02 -1.7839121419628773e+02
2.7926933333333332e+00 3.2869878959697570e+02 -1.7843025286389872e+02
2.7936900000000002e+00 3.2887664455599850e+02 -1.7846933045935157e+02
2.7946866666666668e+00 3.2905453848177643e+02 -1.7850844702154325e+02
2.7956833333333333e+00 3.2923247141316585e+02 -1.7854760258940516e+02
2.7966799999999998e+00 3.2941044338906175e+02 -1.7858679720174860e+02
2.7976766666666668e+00 3.2958845444839795e+02 -1.7862603089752145e+02
2.7986733333333333e+00 3.2976650463014687e+02 -1.7866530371570619e+02
2.7996699999999999e+00 3.2994459397331997e+02 -1.7870461569527987e+02
2.8006666666666669e+00 3.3012272251696771e+02 -1.7874396687534426e+02
2.8016633333333334e+00 3.3030089030017928e+02 -1.7878335729502436e+02
2.8026599999999999e+00 3.3047909736208294e+02 -1.7882278699332582e+02
2.8036566666666669e+00 3.3065734374184603e+02 -1.7886225600946440e+02
2.8046533333333334e+00 3.3083562947867478e+02 -1.7890176438270791e+02
2.8056500000000000e+00 3.3101395461181465e+02 -1.7894131215221557e+02
2.8066466666666665e+00 3.3119231918055021e+02 -1.7898089935734049e+02
2.8076433333333335e+00 3.3137072322420528e+02 -1.7902052603737303e+02
2.8086400000000000e+00 3.3154916678214266e+02 -1.7906019223166626e+02
2.8096366666666666e+00 3.3172764989376464e+02 -1.7909989797968177e+02
2.8106333333333335e+00 3.3190617259851274e+02 -1.7913964332080687e+02
2.8116300000000001e+00 3.3208473493586769e+02 -1.7917942829450871e+02
2.8126266666666666e+00 3.3226333694534969e+02 -1.7921925294034583e+02
2.8136233333333331e+00 3.3244197866651837e+02 -1.7925911729784238e+02
2.8146200000000001e+00 3.3262066013897282e+02 -1.7929902140663091e+02
2.8156166666666667e+00 3.3279938140235146e+02 -1.7933896530634988e+02
2.8166133333333332e+00 3.3297814249633234e+02 -1.7937894903663172e+02
2.8176100000000002e+00 3.3315694346063322e+02 -1.7941897263726310e+02
2.8186066666666667e+00 3.3333578433501117e+02 -1.7945903614796782e+02
2.8196033333333332e+00 3.3351466515926313e+02 -1.7949913960854954e+02
2.8206000000000002e+00 3.3369358597322577e+02 -1.7953928305879495e+02
2.8215966666666668e+00 3.3387254681677513e+02 -1.7957946653859895e+02
2.8225933333333333e+00 3.3405154772982735e+02 -1.7961969008797621e+02
2.8235899999999998e+00 3.3423058875233829e+02 -1.7965995374676453e+02
2.8245866666666668e+00 3.3440966992430373e+02 -1.7970025755499600e+02
2.8255833333333333e+00 3.3458879128575904e+02 -1.7974060155273662e+02
2.8265799999999999e+00 3.3476795287677982e+02 -1.7978098578001789e+02
2.8275766666666668e+00 3.3494715473748158e+02 -1.7982141027696900e+02
2.8285733333333334e+00 3.3512639690801967e+02 -1.7986187508379848e+02
2.8295699999999999e+00 3.3530567942858966e+02 -1.7990238024062339e+02
2.8305666666666669e+00 3.3548500233942713e+02 -1.7994292578765845e+02
2.8315633333333334e+00 3.3566436568080763e+02 -1.7998351176528345e+02
2.8325600000000000e+00 3.3584376949304715e+02 -1.8002413821374083e+02
2.8335566666666665e+00 3.3602321381650171e+02 -1.8006480517341032e+02
2.8345533333333335e+00 3.3620269869156772e+02 -1.8010551268469487e+02
2.8355500000000000e+00 3.3638222415868159e+02 -1.8014626078803124e+02
2.8365466666666665e+00 3.3656179025832034e+02 -1.8018704952387839e+02
2.8375433333333335e+00 3.3674139703100133e+02 -1.8022787893279354e+02
2.8385400000000001e+00 3.3692104451728204e+02 -1.8026874905527038e+02
2.8395366666666666e+00 3.3710073275776062e+02 -1.8030965993188192e+02
2.8405333333333336e+00 3.3728046179307574e+02 -1.8035061160338503e+02
2.8415300000000001e+00 3.3746023166390643e+02 -1.8039160411038762e+02
2.8425266666666666e+00 3.3764004241097240e+02 -1.8043263749361674e+02
2.8435233333333332e+00 3.3781989407503397e+02 -1.8047371179385138e+02
2.8445200000000002e+00 3.3799978669689216e+02 -1.8051482705186530e+02
2.8455166666666667e+00 3.3817972031738839e+02 -1.8055598330852311e+02
2.8465133333333332e+00 3.3835969497740513e+02 -1.8059718060468268e+02
2.8475100000000002e+00 3.3853971071786555e+02 -1.8063841898130065e+02
2.8485066666666667e+00 3.3871976757973340e+02 -1.8067969847927017e+02
2.8495033333333333e+00 3.3889986560401348e+02 -1.8072101913966031e+02
2.8504999999999998e+00 3.3908000483175147e+02 -1.8076238100353532e+02
2.8514966666666668e+00 3.3926018530403405e+02 -1.8080378411192564e+02
2.8524933333333333e+00 3.3944040706198859e+02 -1.8084522850598111e+02
2.8534899999999999e+00 3.3962067014678377e+02 -1.8088671422687298e+02
2.8544866666666668e+00 3.3980097459962928e+02 -1.8092824131581492e+02
2.8554833333333334e+00 3.3998132046177568e+02 -1.8096980981407063e+02
2.8564799999999999e+00 3.4016170777451487e+02 -1.8101141976289702e+02
2.8574766666666669e+00 3.4034213657917991e+02 -1.8105307120362164e+02
2.8584733333333334e+00 3.4052260691714491e+02 -1.8109476417765097e+02
2.8594700000000000e+00 3.4070311882982537e+02 -1.8113649872636771e+02
2.8604666666666665e+00 3.4088367235867815e+02 -1.8117827489129212e+02
2.8614633333333335e+00 3.4106426754520146e+02 -1.8122009271388282e+02
2.8624600000000000e+00 3.4124490443093464e+02 -1.8126195223566017e+02
2.8634566666666665e+00 3.4142558305745865e+02 -1.8130385349819463e+02
2.8644533333333335e+00 3.4160630346639601e+02 -1.8134579654318463e+02
2.8654500000000001e+00 3.4178706569941045e+02 -1.8138778141226487e+02
2.8664466666666666e+00 3.4196786979820746e+02 -1.8142980814703395e+02
2.8674433333333336e+00 3.4214871580453416e+02 -1.8147187678936169e+02
2.8684400000000001e+00 3.4232960376017905e+02 -1.8151398738102520e+02
2.8694366666666666e+00 3.4251053370697252e+02 -1.8155613996380615e+02
2.8704333333333332e+00 3.4269150568678663e+02 -1.8159833457962421e+02
2.8714300000000001e+00 3.4287251974153526e+02 -1.8164057127033740e+02
2.8724266666666667e+00 3.4305357591317380e+02 -1.8168285007795072e+02
2.8734233333333332e+00 3.4323467424369983e+02 -1.8172517104451913e+02
2.8744200000000002e+00 3.4341581477515268e+02 -1.8176753421194127e+02
2.8754166666666667e+00 3.4359699754961338e+02 -1.8180993962230767e+02
2.8764133333333333e+00 3.4377822260920522e+02 -1.8185238731784429e+02
2.8774100000000002e+00 3.4395948999609345e+02 -1.8189487734070642e+02
2.8784066666666668e+00 3.4414079975248518e+02 -1.8193740973304170e+02
2.8794033333333333e+00 3.4432215192062978e+02 -1.8197998453711662e+02
2.8803999999999998e+00 3.4450354654281870e+02 -1.8202260179522139e+02
2.8813966666666668e+00 3.4468498366138562e+02 -1.8206526154969896e+02
2.8823933333333334e+00 3.4486646331870628e+02 -1.8210796384298237e+02
2.8833899999999999e+00 3.4504798555719884e+02 -1.8215070871738277e+02
2.8843866666666669e+00 3.4522955041932374e+02 -1.8219349621539780e+02
2.8853833333333334e+00 3.4541115794758355e+02 -1.8223632637954594e+02
2.8863799999999999e+00 3.4559280818452345e+02 -1.8227919925237856e+02
2.8873766666666665e+00 3.4577450117273099e+02 -1.8232211487647123e+02
2.8883733333333335e+00 3.4595623695483624e+02 -1.8236507329445206e+02
2.8893700000000000e+00 3.4613801557351155e+02 -1.8240807454901079e+02
2.8903666666666665e+00 3.4631983707147202e+02 -1.8245111868280051e+02
2.8913633333333335e+00 3.4650170149147544e+02 -1.8249420573868989e+02
2.8923600000000000e+00 3.4668360887632195e+02 -1.8253733575942547e+02
2.8933566666666666e+00 3.4686555926885461e+02 -1.8258050878777451e+02
2.8943533333333336e+00 3.4704755271195916e+02 -1.8262372486669119e+02
2.8953500000000001e+00 3.4722958924856385e+02 -1.8266698403912170e+02
2.8963466666666666e+00 3.4741166892164011e+02 -1.8271028634804509e+02
2.8973433333333332e+00 3.4759379177420203e+02 -1.8275363183643594e+02
2.8983400000000001e+00 3.4777595784930668e+02 -1.8279702054735051e+02
2.8993366666666667e+00 3.4795816719005381e+02 -1.8284045252387767e+02
2.9003333333333332e+00 3.4814041983958646e+02 -1.8288392780924059e+02
2.9013300000000002e+00 3.4832271584109066e+02 -1.8292744644656486e+02
2.9023266666666667e+00 3.4850505523779520e+02 -1.8297100847899631e+02
2.9033233333333333e+00 3.4868743807297227e+02 -1.8301461394995772e+02
2.9043200000000002e+00 3.4886986438993722e+02 -1.8305826290271727e+02
2.9053166666666668e+00 3.4905233423204839e+02 -1.8310195538059193e+02
2.9063133333333333e+00 3.4923484764270751e+02 -1.8314569142698815e+02
2.9073099999999998e+00 3.4941740466535947e+02 -1.8318947108539399e+02
2.9083066666666668e+00 3.4960000534349274e+02 -1.8323329439929361e+02
2.9093033333333334e+00 3.4978264972063880e+02 -1.8327716141220355e+02
2.9102999999999999e+00 3.4996533784037274e+02 -1.8332107216766050e+02
2.9112966666666669e+00 3.5014806974631313e+02 -1.8336502670930349e+02
2.9122933333333334e+00 3.5033084548212184e+02 -1.8340902508084875e+02
2.9132899999999999e+00 3.5051366509150455e+02 -1.8345306732594699e+02
2.9142866666666669e+00 3.5069652861821038e+02 -1.8349715348835142e+02
2.9152833333333334e+00 3.5087943610603196e+02 -1.8354128361186369e+02
2.9162800000000000e+00 3.5106238759880580e+02 -1.8358545774034644e+02
2.9172766666666665e+00 3.5124538314041200e+02 -1.8362967591762987e+02
2.9182733333333335e+00 3.5142842277477456e+02 -1.8367393818768309e+02
2.9192700000000000e+00 3.5161150654586095e+02 -1.8371824459445057e+02
2.9202666666666666e+00 3.5179463449768281e+02 -1.8376259518192472e+02
2.9212633333333335e+00 3.5197780667429561e+02 -1.8380698999420136e+02
2.9222600000000001e+00 3.5216102311979859e+02 -1.8385142907533884e+02
2.9232566666666666e+00 3.5234428387833509e+02 -1.8389591246951321e+02
2.9242533333333331e+00 3.5252758899409247e+02 -1.8394044022092544e+02
2.9252500000000001e+00 3.5271093851130223e+02 -1.8398501237377300e+02
2.9262466666666667e+00 3.5289433247423966e+02 -1.8402962897234232e+02
2.9272433333333332e+00 3.5307777092722455e+02 -1.8407429006096805e+02
2.9282400000000002e+00 3.5326125391462085e+02 -1.8411899568397428e+02
2.9292366666666667e+00 3.5344478148083641e+02 -1.8416374588579001e+02
2.9302333333333332e+00 3.5362835367032375e+02 -1.8420854071086387e+02
2.9312300000000002e+00 3.5381197052757955e+02 -1.8425338020369111e+02
2.9322266666666668e+00 3.5399563209714478e+02 -1.8429826440884335e+02
2.9332233333333333e+00 3.5417933842360497e+02 -1.8434319337089573e+02
2.9342199999999998e+00 3.5436308955159012e+02 -1.8438816713444851e+02
2.9352166666666668e+00 3.5454688552577471e+02 -1.8443318574418399e+02
2.9362133333333333e+00 3.5473072639087758e+02 -1.8447824924490203e+02
2.9372099999999999e+00 3.5491461219166240e+02 -1.8452335768122217e+02
2.9382066666666669e+00 3.5509854297293742e+02 -1.8456851109801042e+02
2.9392033333333334e+00 3.5528251877955540e+02 -1.8461370954018074e+02
2.9401999999999999e+00 3.5546653965641411e+02 -1.8465895305255214e+02
2.9411966666666669e+00 3.5565060564845595e+02 -1.8470424168013344e+02
2.9421933333333334e+00 3.5583471680066799e+02 -1.8474957546786706e+02
2.9431900000000000e+00 3.5601887315808239e+02 -1.8479495446078414e+02
2.9441866666666665e+00 3.5620307476577614e+02 -1.8484037870396969e+02
2.9451833333333335e+00 3.5638732166887121e+02 -1.8488584824259109e+02
2.9461800000000000e+00 3.5657161391253442e+02 -1.8493136312176182e+02
2.9471766666666666e+00 3.5675595154197777e+02 -1.8497692338664291e+02
2.9481733333333335e+00 3.5694033460245834e+02 -1.8502252908258555e+02
2.9491700000000001e+00 3.5712476313927817e+02 -1.8506818025490284e+02
2.9501666666666666e+00 3.5730923719778468e+02 -1.8511387694886992e+02
2.9511633333333336e+00 3.5749375682337052e+02 -1.8515961920989494e+02
2.9521600000000001e+00 3.5767832206147335e+02 -1.8520540708346218e+02
2.9531566666666667e+00 3.5786293295757639e+02 -1.8525124061500193e+02
2.9541533333333332e+00 3.5804758955720814e+02 -1.8529711985008390e+02
2.9551500000000002e+00 3.5823229190594253e+02 -1.8534304483424643e+02
2.9561466666666667e+00 3.5841704004939874e+02 -1.8538901561308774e+02
2.9571433333333332e+00 3.5860183403324169e+02 -1.8543503223236740e+02
2.9581400000000002e+00 3.5878667390318185e+02 -1.8548109473772215e+02
2.9591366666666667e+00 3.5897155970497494e+02 -1.8552720317489278e+02
2.9601333333333333e+00 3.5915649148442265e+02 -1.8557335758973721e+02
2.9611299999999998e+00 3.5934146928737215e+02 -1.8561955802808180e+02
2.9621266666666668e+00 3.5952649315971655e+02 -1.8566580453577870e+02
2.9631233333333333e+00 3.5971156314739437e+02 -1.8571209715885394e+02
2.9641199999999999e+00 3.5989667929639023e+02 -1.8575843594323803e+02
2.9651166666666668e+00 3.6008184165273457e+02 -1.8580482093490988e+02
2.9661133333333334e+00 3.6026705026250346e+02 -1.8585125218000982e+02
2.9671099999999999e+00 3.6045230517181926e+02 -1.8589772972466773e+02
2.9681066666666669e+00 3.6063760642685031e+02 -1.8594425361506237e+02
2.9691033333333334e+00 3.6082295407381065e+02 -1.8599082389733388e+02
2.9701000000000000e+00 3.6100834815896064e+02 -1.8603744061779622e+02
2.9710966666666665e+00 3.6119378872860682e+02 -1.8608410382276051e+02
2.9720933333333335e+00 3.6137927582910191e+02 -1.8613081355859245e+02
2.9730900000000000e+00 3.6156480950684465e+02 -1.8617756987166018e+02
2.9740866666666665e+00 3.6175038980828015e+02 -1.8622437280835021e+02
2.9750833333333335e+00 3.6193601677989994e+02 -1.8627122241524077e+02
2.9760800000000001e+00 3.6212169046824170e+02 -1.8631811873887114e+02
2.9770766666666666e+00 3.6230741091988972e+02 -1.8636506182577028e+02
2.9780733333333336e+00 3.6249317818147472e+02 -1.8641205172263065e+02
2.9790700000000001e+00 3.6267899229967372e+02 -1.8645908847610553e+02
2.9800666666666666e+00 3.6286485332121049e+02 -1.8650617213287944e+02
2.9810633333333332e+00 3.6305076129285533e+02 -1.8655330273980539e+02
2.9820600000000002e+00 3.6323671626142527e+02 -1.8660048034359139e+02
2.9830566666666667e+00 3.6342271827378374e+02 -1.8664770499114744e+02
2.9840533333333332e+00 3.6360876737684112e+02 -1.8669497672943010e+02
2.9850500000000002e+00 3.6379486361755465e+02 -1.8674229560536008e+02
2.9860466666666667e+00 3.6398100704292818e+02 -1.8678966166596146e+02
2.9870433333333333e+00 3.6416719770001254e+02 -1.8683707495821912e+02
2.9880400000000003e+00 3.6435343563590556e+02 -1.8688453552931060e+02
2.9890366666666668e+00 3.6453972089775181e+02 -1.8693204342637407e+02
2.9900333333333333e+00 3.6472605353274304e+02 -1.8697959869655008e+02
2.9910299999999999e+00 3.6491243358811801e+02 -1.8702720138709083e+02
2.9920266666666668e+00 3.6509886111116271e+02 -1.8707485154524630e+02
2.9930233333333334e+00 3.6528533614920991e+02 -1.8712254921846846e+02
2.9940199999999999e+00 3.6547185874964003e+02 -1.8717029445405564e+02
2.9950166666666669e+00 3.6565842895988055e+02 -1.8721808729941361e+02
2.9960133333333334e+00 3.6584504682740612e+02 -1.8726592780210839e+02
2.9970100000000000e+00 3.6603171239973892e+02 -1.8731381600956556e+02
2.9980066666666665e+00 3.6621842572444842e+02 -1.8736175196937941e+02
2.9990033333333335e+00 3.6640518684915162e+02 -1.8740973572922800e+02
3.0000000000000000e+00 3.6659199581111960e+02 -1.8745774648080888e+02
