# x energy force
0.0000000000000000e+00 3.2133692138522228e+01 -5.0152463252626609e+02
1.5707963267948967e-03 3.1352067590703491e+01 -4.9367065089229220e+02
3.1415926535897933e-03 3.0582780048386113e+01 -4.8581666925831803e+02
4.7123889803846897e-03 2.9825829511570095e+01 -4.7796268762434352e+02
6.2831853071795866e-03 2.9081215980255443e+01 -4.7010870599036906e+02
7.8539816339744835e-03 2.8348939454442153e+01 -4.6225472435639455e+02
9.4247779607693795e-03 2.7628999934130221e+01 -4.5440074272241981e+02
1.0995574287564277e-02 2.6921397419319646e+01 -4.4654676108844535e+02
1.2566370614359173e-02 2.6226131910010444e+01 -4.3869277945447112e+02
1.4137166941154069e-02 2.5543203406202597e+01 -4.3083879782049638e+02
1.5707963267948967e-02 2.4872611907896115e+01 -4.2298481618652187e+02
1.7278759594743863e-02 2.4214357415090983e+01 -4.1513083455254764e+02
1.8849555921538759e-02 2.3568439927787232e+01 -4.0727685291857318e+02
2.0420352248333655e-02 2.2934859445984824e+01 -3.9942287128459867e+02
2.1991148575128554e-02 2.2313615969683788e+01 -3.9156888965062416e+02
2.3561944901923450e-02 2.1704709498884110e+01 -3.8371490801664942e+02
2.5132741228718346e-02 2.1108140033585798e+01 -3.7586092638267496e+02
2.6703537555513242e-02 2.0523907573788847e+01 -3.6800694474870073e+02
2.8274333882308138e-02 1.9952012119493254e+01 -3.6015296311472599e+02
2.9845130209103038e-02 1.9392453670699027e+01 -3.5229898148075148e+02
3.1415926535897934e-02 1.8845232227406157e+01 -3.4444499984677731e+02
3.2986722862692830e-02 1.8310347789614653e+01 -3.3659101821280279e+02
3.4557519189487726e-02 1.7787800357324510e+01 -3.2873703657882834e+02
3.6128315516282622e-02 1.7277589930535726e+01 -3.2088305494485388e+02
3.7699111843077518e-02 1.6779716509248310e+01 -3.1302907331087908e+02
3.9269908169872414e-02 1.6294180093462248e+01 -3.0517509167690463e+02
4.0840704496667310e-02 1.5820980683177552e+01 -2.9732111004293040e+02
4.2411500823462213e-02 1.5360118278394214e+01 -2.8946712840895560e+02
4.3982297150257109e-02 1.4911592879112243e+01 -2.8161314677498115e+02
4.5553093477052005e-02 1.4475404485331630e+01 -2.7375916514100692e+02
4.7123889803846901e-02 1.4051553097052381e+01 -2.6590518350703246e+02
4.8694686130641797e-02 1.3640038714274493e+01 -2.5805120187305801e+02
5.0265482457436693e-02 1.3240861336997966e+01 -2.5019722023908349e+02
5.1836278784231589e-02 1.2854020965222801e+01 -2.4234323860510904e+02
5.3407075111026485e-02 1.2479517598948998e+01 -2.3448925697113427e+02
5.4977871437821381e-02 1.2117351238176557e+01 -2.2663527533715978e+02
5.6548667764616277e-02 1.1767521882905477e+01 -2.1878129370318558e+02
5.8119464091411173e-02 1.1430029533135759e+01 -2.1092731206921107e+02
5.9690260418206076e-02 1.1104874188867399e+01 -2.0307333043523630e+02
6.1261056745000972e-02 1.0792055850100406e+01 -1.9521934880126182e+02
6.2831853071795868e-02 1.0491574516834772e+01 -1.8736536716728762e+02
6.4402649398590764e-02 1.0203430189070501e+01 -1.7951138553331316e+02
6.5973445725385660e-02 9.9276228668075905e+00 -1.7165740389933868e+02
6.7544242052180556e-02 9.6641525500460421e+00 -1.6380342226536391e+02
6.9115038378975452e-02 9.4130192387858571e+00 -1.5594944063138942e+02
7.0685834705770348e-02 9.1742229330270320e+00 -1.4809545899741522e+02
7.2256631032565244e-02 8.9477636327695684e+00 -1.4024147736344074e+02
7.3827427359360140e-02 8.7336413380134665e+00 -1.3238749572946600e+02
7.5398223686155036e-02 8.5318560487587281e+00 -1.2453351409549150e+02
7.6969020012949932e-02 8.3424077650053494e+00 -1.1667953246151730e+02
7.8539816339744828e-02 8.1652964867533342e+00 -1.0882555082754281e+02
8.0110612666539724e-02 8.0005222140026788e+00 -1.0097156919356834e+02
8.1681408993334620e-02 7.8480849467533860e+00 -9.3117587559593574e+01
8.3252205320129516e-02 7.7079846850054556e+00 -8.5263605925619089e+01
8.4823001646924426e-02 7.5802214287588843e+00 -7.7409624291644832e+01
8.6393797973719322e-02 7.4647951780136772e+00 -6.9555642657670063e+01
8.7964594300514218e-02 7.3617059327698309e+00 -6.1701661023695578e+01
8.9535390627309114e-02 7.2709536930273462e+00 -5.3847679389721385e+01
9.1106186954104010e-02 7.1925384587862240e+00 -4.5993697755746908e+01
9.2676983280898906e-02 7.1264602300464626e+00 -3.8139716121772423e+01
9.4247779607693802e-02 7.0727190068080636e+00 -3.0285734487797946e+01
9.5818575934488698e-02 7.0313147890710255e+00 -2.2431752853823468e+01
9.7389372261283594e-02 7.0022475768353498e+00 -1.4577771219848705e+01
9.8960168588078490e-02 6.9855173701010349e+00 -6.7237895858742256e+00
1.0053096491487339e-01 6.9804193595160164e+00 -1.5246325262669291e+00
1.0210176124166828e-01 6.9780244723440443e+00 -1.5246325262666467e+00
1.0367255756846318e-01 6.9756295851720722e+00 -1.5246325262666467e+00
1.0524335389525807e-01 6.9732346980001001e+00 -1.5246325262669291e+00
1.0681415022205297e-01 6.9708398108281280e+00 -1.5246325262669291e+00
1.0838494654884787e-01 6.9684449236561559e+00 -1.5246325262669291e+00
1.0995574287564276e-01 6.9660500364841837e+00 -1.5246325262666467e+00
1.1152653920243766e-01 6.9636551493122116e+00 -1.5246325262666467e+00
1.1309733552923255e-01 6.9612602621402395e+00 -1.5246325262669291e+00
1.1466813185602745e-01 6.9588653749682674e+00 -1.5246325262669291e+00
1.1623892818282235e-01 6.9564704877962953e+00 -1.5246325262666400e+00
1.1780972450961726e-01 6.9540756006243232e+00 -1.5246325262666400e+00
1.1938052083641215e-01 6.9516807134523511e+00 -1.5246325262669291e+00
1.2095131716320705e-01 6.9492858262803789e+00 -1.5246325262669291e+00
1.2252211349000194e-01 6.9468909391084068e+00 -1.5246325262669291e+00
1.2409290981679684e-01 6.9444960519364347e+00 -1.5246325262666467e+00
1.2566370614359174e-01 6.9421011647644626e+00 -1.5246325262666534e+00
1.2723450247038662e-01 6.9397062775924905e+00 -1.5246325262669291e+00
1.2880529879718153e-01 6.9373113904205184e+00 -1.5246325262669291e+00
1.3037609512397641e-01 6.9349165032485462e+00 -1.5246325262666467e+00
1.3194689145077132e-01 6.9325216160765741e+00 -1.5246325262666467e+00
1.3351768777756620e-01 6.9301267289046020e+00 -1.5246325262669291e+00
1.3508848410436111e-01 6.9277318417326299e+00 -1.5246325262669158e+00
1.3665928043115602e-01 6.9253369545606578e+00 -1.5246325262669291e+00
1.3823007675795090e-01 6.9229420673886857e+00 -1.5246325262669291e+00
1.3980087308474581e-01 6.9205471802167136e+00 -1.5246325262666465e+00
1.4137166941154070e-01 6.9181522930447423e+00 -1.5246325262666465e+00
1.4294246573833561e-01 6.9157574058727702e+00 -1.5246325262669291e+00
1.4451326206513049e-01 6.9133625187007981e+00 -1.5246325262669291e+00
1.4608405839192540e-01 6.9109676315288260e+00 -1.5246325262666465e+00
1.4765485471872028e-01 6.9085727443568548e+00 -1.5246325262666465e+00
1.4922565104551519e-01 6.9061778571848826e+00 -1.5246325262669291e+00
1.5079644737231007e-01 6.9037829700129105e+00 -1.5246325262669291e+00
1.5236724369910498e-01 6.9013880828409384e+00 -1.5246325262669291e+00
1.5393804002589986e-01 6.8989931956689663e+00 -1.5246325262666467e+00
1.5550883635269477e-01 6.8965983084969942e+00 -1.5246325262666467e+00
1.5707963267948966e-01 6.8942034213250221e+00 -1.5246325262669291e+00
1.5865042900628457e-01 6.8918085341530499e+00 -1.5246325262669291e+00
1.6022122533307945e-01 6.8894136469810778e+00 -1.5246325262666467e+00
1.6179202165987436e-01 6.8870187598091057e+00 -1.5246325262666467e+00
1.6336281798666924e-01 6.8846238726371336e+00 -1.5246325262669291e+00
1.6493361431346415e-01 6.8822289854651615e+00 -1.5246325262669291e+00
1.6650441064025903e-01 6.8798340982931894e+00 -1.5246325262669291e+00
1.6807520696705394e-01 6.8774392111212173e+00 -1.5246325262666329e+00
1.6964600329384885e-01 6.8750443239492451e+00 -1.5246325262666467e+00
1.7121679962064373e-01 6.8726494367772730e+00 -1.5246325262669291e+00
1.7278759594743864e-01 6.8702545496053009e+00 -1.5246325262669291e+00
1.7435839227423353e-01 6.8678596624333288e+00 -1.5246325262666467e+00
1.7592918860102844e-01 6.8654647752613567e+00 -1.5246325262666467e+00
1.7749998492782332e-01 6.8630698880893846e+00 -1.5246325262669291e+00
1.7907078125461823e-01 6.8606750009174124e+00 -1.5246325262669291e+00
1.8064157758141311e-01 6.8582801137454403e+00 -1.5246325262669291e+00
1.8221237390820802e-01 6.8558852265734682e+00 -1.5246325262669291e+00
1.8378317023500290e-01 6.8534903394014961e+00 -1.5246325262666467e+00
1.8535396656179781e-01 6.8510954522295240e+00 -1.5246325262666467e+00
1.8692476288859269e-01 6.8487005650575519e+00 -1.5246325262669291e+00
1.8849555921538760e-01 6.8463056778855798e+00 -1.5246325262666465e+00
1.9006635554218249e-01 6.8439107907136085e+00 -1.5246325262666465e+00
1.9163715186897740e-01 6.8415159035416364e+00 -1.5246325262669291e+00
1.9320794819577228e-01 6.8391210163696643e+00 -1.5246325262669291e+00
1.9477874452256719e-01 6.8367261291976922e+00 -1.5246325262669291e+00
1.9634954084936207e-01 6.8343312420257201e+00 -1.5246325262669291e+00
1.9792033717615698e-01 6.8319363548537480e+00 -1.5246325262666465e+00
1.9949113350295186e-01 6.8295414676817767e+00 -1.5246325262666465e+00
2.0106192982974677e-01 6.8271465805098046e+00 -1.5246325262669158e+00
2.0263272615654168e-01 6.8247516933378325e+00 -1.5246325262666465e+00
2.0420352248333656e-01 6.8223568061658613e+00 -1.5246325262666465e+00
2.0577431881013147e-01 6.8199619189938891e+00 -1.5246325262669291e+00
2.0734511513692636e-01 6.8175670318219170e+00 -1.5246325262669291e+00
2.0891591146372127e-01 6.8151721446499449e+00 -1.5246325262669291e+00
2.1048670779051615e-01 6.8127772574779728e+00 -1.5246325262669291e+00
2.1205750411731106e-01 6.8103823703060007e+00 -1.5246325262666465e+00
2.1362830044410594e-01 6.8079874831340295e+00 -1.5246325262666465e+00
2.1519909677090085e-01 6.8055925959620573e+00 -1.5246325262669291e+00
2.1676989309769573e-01 6.8031977087900852e+00 -1.5246325262666467e+00
2.1834068942449064e-01 6.8008028216181131e+00 -1.5246325262666467e+00
2.1991148575128552e-01 6.7984079344461410e+00 -1.5246325262669291e+00
2.2148228207808043e-01 6.7960130472741689e+00 -1.5246325262669291e+00
2.2305307840487532e-01 6.7936181601021968e+00 -1.5246325262669291e+00
2.2462387473167023e-01 6.7912232729302247e+00 -1.5246325262669291e+00
2.2619467105846511e-01 6.7888283857582525e+00 -1.5246325262669291e+00
2.2776546738526002e-01 6.7864334985862804e+00 -1.5246325262666465e+00
2.2933626371205490e-01 6.7840386114143092e+00 -1.5246325262666465e+00
2.3090706003884981e-01 6.7816437242423371e+00 -1.5246325262669291e+00
2.3247785636564469e-01 6.7792488370703650e+00 -1.5246325262666467e+00
2.3404865269243960e-01 6.7768539498983928e+00 -1.5246325262666329e+00
2.3561944901923451e-01 6.7744590627264207e+00 -1.5246325262669291e+00
2.3719024534602939e-01 6.7720641755544486e+00 -1.5246325262669291e+00
2.3876104167282430e-01 6.7696692883824765e+00 -1.5246325262669291e+00
2.4033183799961919e-01 6.7672744012105044e+00 -1.5246325262669291e+00
2.4190263432641410e-01 6.7648795140385323e+00 -1.5246325262666465e+00
2.4347343065320898e-01 6.7624846268665610e+00 -1.5246325262666465e+00
2.4504422698000389e-01 6.7600897396945889e+00 -1.5246325262669291e+00
2.4661502330679877e-01 6.7576948525226168e+00 -1.5246325262666467e+00
2.4818581963359368e-01 6.7552999653506447e+00 -1.5246325262666467e+00
2.4975661596038856e-01 6.7529050781786726e+00 -1.5246325262669291e+00
2.5132741228718347e-01 6.7505101910067005e+00 -1.5246325262669158e+00
2.5289820861397838e-01 6.7481153038347284e+00 -1.5246325262669427e+00
2.5446900494077324e-01 6.7457204166627562e+00 -1.5246325262669427e+00
2.5603980126756815e-01 6.7433255294907841e+00 -1.5246325262666329e+00
2.5761059759436306e-01 6.7409306423188129e+00 -1.5246325262666329e+00
2.5918139392115797e-01 6.7385357551468408e+00 -1.5246325262669427e+00
2.6075219024795282e-01 6.7361408679748687e+00 -1.5246325262666600e+00
2.6232298657474773e-01 6.7337459808028965e+00 -1.5246325262666329e+00
2.6389378290154264e-01 6.7313510936309244e+00 -1.5246325262669158e+00
2.6546457922833755e-01 6.7289562064589523e+00 -1.5246325262669427e+00
2.6703537555513240e-01 6.7265613192869802e+00 -1.5246325262669427e+00
2.6860617188192731e-01 6.7241664321150081e+00 -1.5246325262669158e+00
2.7017696820872222e-01 6.7217715449430360e+00 -1.5246325262666329e+00
2.7174776453551713e-01 6.7193766577710647e+00 -1.5246325262666329e+00
2.7331856086231204e-01 6.7169817705990926e+00 -1.5246325262669427e+00
2.7488935718910690e-01 6.7145868834271205e+00 -1.5246325262669427e+00
2.7646015351590181e-01 6.7121919962551484e+00 -1.5246325262666329e+00
2.7803094984269672e-01 6.7097971090831772e+00 -1.5246325262666329e+00
2.7960174616949163e-01 6.7074022219112051e+00 -1.5246325262669427e+00
2.8117254249628648e-01 6.7050073347392329e+00 -1.5246325262669427e+00
2.8274333882308139e-01 6.7026124475672608e+00 -1.5246325262669158e+00
2.8431413514987630e-01 6.7002175603952887e+00 -1.5246325262666329e+00
2.8588493147667121e-01 6.6978226732233166e+00 -1.5246325262666600e+00
2.8745572780346607e-01 6.6954277860513445e+00 -1.5246325262669427e+00
2.8902652413026098e-01 6.6930328988793724e+00 -1.5246325262669158e+00
2.9059732045705589e-01 6.6906380117074002e+00 -1.5246325262666329e+00
2.9216811678385080e-01 6.6882431245354281e+00 -1.5246325262666600e+00
2.9373891311064565e-01 6.6858482373634560e+00 -1.5246325262669427e+00
2.9530970943744056e-01 6.6834533501914839e+00 -1.5246325262669158e+00
2.9688050576423547e-01 6.6810584630195118e+00 -1.5246325262669158e+00
2.9845130209103038e-01 6.6786635758475397e+00 -1.5246325262666600e+00
3.0002209841782523e-01 6.6762686886755684e+00 -1.5246325262666600e+00
3.0159289474462014e-01 6.6738738015035963e+00 -1.5246325262669158e+00
3.0316369107141505e-01 6.6714789143316242e+00 -1.5246325262669158e+00
3.0473448739820996e-01 6.6690840271596521e+00 -1.5246325262666329e+00
3.0630528372500487e-01 6.6666891399876800e+00 -1.5246325262666600e+00
3.0787608005179973e-01 6.6642942528157079e+00 -1.5246325262669427e+00
3.0944687637859464e-01 6.6618993656437357e+00 -1.5246325262669158e+00
3.1101767270538955e-01 6.6595044784717636e+00 -1.5246325262669158e+00
3.1258846903218446e-01 6.6571095912997915e+00 -1.5246325262669427e+00
3.1415926535897931e-01 6.6547147041278194e+00 -1.5246325262666600e+00
3.1573006168577422e-01 6.6523198169558473e+00 -1.5246325262666329e+00
3.1730085801256913e-01 6.6499249297838752e+00 -1.5246325262669158e+00
3.1887165433936404e-01 6.6475300426119031e+00 -1.5246325262666600e+00
3.2044245066615890e-01 6.6451351554399318e+00 -1.5246325262666600e+00
3.2201324699295381e-01 6.6427402682679597e+00 -1.5246325262669158e+00
3.2358404331974872e-01 6.6403453810959876e+00 -1.5246325262669158e+00
3.2515483964654363e-01 6.6379504939240155e+00 -1.5246325262669427e+00
3.2672563597333848e-01 6.6355556067520434e+00 -1.5246325262669427e+00
3.2829643230013339e-01 6.6331607195800713e+00 -1.5246325262666329e+00
3.2986722862692830e-01 6.6307658324081000e+00 -1.5246325262666329e+00
3.3143802495372321e-01 6.6283709452361279e+00 -1.5246325262669427e+00
3.3300882128051806e-01 6.6259760580641558e+00 -1.5246325262669427e+00
3.3457961760731297e-01 6.6235811708921837e+00 -1.5246325262666329e+00
3.3615041393410788e-01 6.6211862837202125e+00 -1.5246325262666329e+00
3.3772121026090279e-01 6.6187913965482403e+00 -1.5246325262669158e+00
3.3929200658769770e-01 6.6163965093762682e+00 -1.5246325262669427e+00
3.4086280291449256e-01 6.6140016222042961e+00 -1.5246325262669427e+00
3.4243359924128747e-01 6.6116067350323240e+00 -1.5246325262666329e+00
3.4400439556808238e-01 6.6092118478603528e+00 -1.5246325262666329e+00
3.4557519189487729e-01 6.6068169606883806e+00 -1.5246325262669427e+00
3.4714598822167214e-01 6.6044220735164085e+00 -1.5246325262669427e+00
3.4871678454846705e-01 6.6020271863444364e+00 -1.5246325262666329e+00
3.5028758087526196e-01 6.5996322991724652e+00 -1.5246325262666329e+00
3.5185837720205687e-01 6.5972374120004931e+00 -1.5246325262669427e+00
3.5342917352885173e-01 6.5948425248285210e+00 -1.5246325262669427e+00
3.5499996985564664e-01 6.5924476376565488e+00 -1.5246325262669158e+00
3.5657076618244155e-01 6.5900527504845767e+00 -1.5246325262669158e+00
3.5814156250923646e-01 6.5876578633126046e+00 -1.5246325262666600e+00
3.5971235883603131e-01 6.5852629761406334e+00 -1.5246325262666600e+00
3.6128315516282622e-01 6.5828680889686613e+00 -1.5246325262669158e+00
3.6285395148962113e-01 6.5804732017966892e+00 -1.5246325262666329e+00
3.6442474781641604e-01 6.5780783146247170e+00 -1.5246325262666600e+00
3.6599554414321089e-01 6.5756834274527449e+00 -1.5246325262669427e+00
3.6756634047000580e-01 6.5732885402807728e+00 -1.5246325262669158e+00
3.6913713679680071e-01 6.5708936531088007e+00 -1.5246325262669158e+00
3.7070793312359562e-01 6.5684987659368286e+00 -1.5246325262669158e+00
3.7227872945039053e-01 6.5661038787648565e+00 -1.5246325262666600e+00
3.7384952577718539e-01 6.5637089915928852e+00 -1.5246325262666600e+00
3.7542032210398030e-01 6.5613141044209131e+00 -1.5246325262669158e+00
3.7699111843077521e-01 6.5589192172489410e+00 -1.5246325262666329e+00
3.7856191475757012e-01 6.5565243300769689e+00 -1.5246325262666600e+00
3.8013271108436497e-01 6.5541294429049968e+00 -1.5246325262669427e+00
3.8170350741115988e-01 6.5517345557330247e+00 -1.5246325262669158e+00
3.8327430373795479e-01 6.5493396685610525e+00 -1.5246325262669158e+00
3.8484510006474970e-01 6.5469447813890804e+00 -1.5246325262666600e+00
3.8641589639154456e-01 6.5445498942171092e+00 -1.5246325262666600e+00
3.8798669271833947e-01 6.5421550070451371e+00 -1.5246325262669158e+00
3.8955748904513438e-01 6.5397601198731650e+00 -1.5246325262669158e+00
3.9112828537192929e-01 6.5373652327011929e+00 -1.5246325262666600e+00
3.9269908169872414e-01 6.5349703455292216e+00 -1.5246325262666600e+00
3.9426987802551905e-01 6.5325754583572495e+00 -1.5246325262669158e+00
3.9584067435231396e-01 6.5301805711852774e+00 -1.5246325262669158e+00
3.9741147067910887e-01 6.5277856840133053e+00 -1.5246325262669427e+00
3.9898226700590372e-01 6.5253907968413332e+00 -1.5246325262669427e+00
4.0055306333269863e-01 6.5229959096693610e+00 -1.5246325262669158e+00
4.0212385965949354e-01 6.5206010224973889e+00 -1.5246325262666329e+00
4.0369465598628845e-01 6.5182061353254177e+00 -1.5246325262666329e+00
4.0526545231308336e-01 6.5158112481534456e+00 -1.5246325262666600e+00
4.0683624863987822e-01 6.5134163609814744e+00 -1.5246325262666600e+00
4.0840704496667313e-01 6.5110214738095022e+00 -1.5246325262669158e+00
4.0997784129346804e-01 6.5086265866375301e+00 -1.5246325262669158e+00
4.1154863762026295e-01 6.5062316994655580e+00 -1.5246325262669427e+00
4.1311943394705780e-01 6.5038368122935859e+00 -1.5246325262669427e+00
4.1469023027385271e-01 6.5014419251216138e+00 -1.5246325262669158e+00
4.1626102660064762e-01 6.4990470379496417e+00 -1.5246325262666329e+00
4.1783182292744253e-01 6.4966521507776696e+00 -1.5246325262666600e+00
4.1940261925423739e-01 6.4942572636056974e+00 -1.5246325262669427e+00
4.2097341558103230e-01 6.4918623764337253e+00 -1.5246325262666329e+00
4.2254421190782721e-01 6.4894674892617541e+00 -1.5246325262666329e+00
4.2411500823462212e-01 6.4870726020897820e+00 -1.5246325262669427e+00
4.2568580456141697e-01 6.4846777149178099e+00 -1.5246325262669427e+00
4.2725660088821188e-01 6.4822828277458377e+00 -1.5246325262669158e+00
4.2882739721500679e-01 6.4798879405738656e+00 -1.5246325262669158e+00
4.3039819354180170e-01 6.4774930534018935e+00 -1.5246325262666600e+00
4.3196898986859655e-01 6.4750981662299223e+00 -1.5246325262666600e+00
4.3353978619539146e-01 6.4727032790579502e+00 -1.5246325262669158e+00
4.3511058252218637e-01 6.4703083918859781e+00 -1.5246325262666329e+00
4.3668137884898128e-01 6.4679135047140068e+00 -1.5246325262666329e+00
4.3825217517577619e-01 6.4655186175420347e+00 -1.5246325262669427e+00
4.3982297150257105e-01 6.4631237303700626e+00 -1.5246325262669427e+00
4.4139376782936596e-01 6.4607288431980905e+00 -1.5246325262669158e+00
4.4296456415616087e-01 6.4583339560261184e+00 -1.5246325262669158e+00
4.4453536048295578e-01 6.4559390688541463e+00 -1.5246325262666600e+00
4.4610615680975063e-01 6.4535441816821750e+00 -1.5246325262666600e+00
4.4767695313654554e-01 6.4511492945102029e+00 -1.5246325262669158e+00
4.4924774946334045e-01 6.4487544073382308e+00 -1.5246325262669158e+00
4.5081854579013536e-01 6.4463595201662587e+00 -1.5246325262666600e+00
4.5238934211693022e-01 6.4439646329942875e+00 -1.5246325262666600e+00
4.5396013844372513e-01 6.4415697458223153e+00 -1.5246325262669158e+00
4.5553093477052004e-01 6.4391748586503432e+00 -1.5246325262669158e+00
4.5710173109731495e-01 6.4367799714783711e+00 -1.5246325262669427e+00
4.5867252742410980e-01 6.4343850843063990e+00 -1.5246325262666600e+00
4.6024332375090471e-01 6.4319901971344269e+00 -1.5246325262666329e+00
4.6181412007769962e-01 6.4295953099624548e+00 -1.5246325262669158e+00
4.6338491640449453e-01 6.4272004227904826e+00 -1.5246325262666600e+00
4.6495571273128938e-01 6.4248055356185114e+00 -1.5246325262666600e+00
4.6652650905808429e-01 6.4224106484465393e+00 -1.5246325262669158e+00
4.6809730538487920e-01 6.4200157612745672e+00 -1.5246325262669158e+00
4.6966810171167411e-01 6.4176208741025951e+00 -1.5246325262669158e+00
4.7123889803846902e-01 6.4152259869306230e+00 -1.5246325262669427e+00
4.7280969436526388e-01 6.4128310997586508e+00 -1.5246325262666600e+00
4.7438049069205879e-01 6.4104362125866787e+00 -1.5246325262666329e+00
4.7595128701885370e-01 6.4080413254147066e+00 -1.5246325262669158e+00
4.7752208334564861e-01 6.4056464382427345e+00 -1.5246325262666600e+00
4.7909287967244346e-01 6.4032515510707633e+00 -1.5246325262666600e+00
4.8066367599923837e-01 6.4008566638987912e+00 -1.5246325262669158e+00
4.8223447232603328e-01 6.3984617767268190e+00 -1.5246325262669158e+00
4.8380526865282819e-01 6.3960668895548469e+00 -1.5246325262669427e+00
4.8537606497962305e-01 6.3936720023828748e+00 -1.5246325262669427e+00
4.8694686130641796e-01 6.3912771152109027e+00 -1.5246325262666329e+00
4.8851765763321287e-01 6.3888822280389315e+00 -1.5246325262666329e+00
4.9008845396000777e-01 6.3864873408669594e+00 -1.5246325262669427e+00
4.9165925028680263e-01 6.3840924536949872e+00 -1.5246325262669427e+00
4.9323004661359754e-01 6.3816975665230151e+00 -1.5246325262669158e+00
4.9480084294039245e-01 6.3793026793510430e+00 -1.5246325262666329e+00
4.9637163926718736e-01 6.3769077921790709e+00 -1.5246325262666600e+00
4.9794243559398221e-01 6.3745129050070988e+00 -1.5246325262669427e+00
4.9951323192077712e-01 6.3721180178351267e+00 -1.5246325262669158e+00
5.0108402824757203e-01 6.3697231306631545e+00 -1.5246325262666329e+00
5.0265482457436694e-01 6.3673282434911833e+00 -1.5246325262666329e+00
5.0422562090116185e-01 6.3649333563192112e+00 -1.5246325262669158e+00
5.0579641722795676e-01 6.3625384691472391e+00 -1.5246325262669158e+00
5.0736721355475167e-01 6.3601435819752670e+00 -1.5246325262666869e+00
5.0893800988154647e-01 6.3577486948032957e+00 -1.5246325262666869e+00
5.1050880620834138e-01 6.3553538076313236e+00 -1.5246325262669158e+00
5.1207960253513629e-01 6.3529589204593515e+00 -1.5246325262669158e+00
5.1365039886193120e-01 6.3505640332873794e+00 -1.5246325262669158e+00
5.1522119518872611e-01 6.3481691461154073e+00 -1.5246325262669158e+00
5.1679199151552102e-01 6.3457742589434352e+00 -1.5246325262666329e+00
5.1836278784231593e-01 6.3433793717714639e+00 -1.5246325262666329e+00
5.1993358416911084e-01 6.3409844845994918e+00 -1.5246325262669698e+00
5.2150438049590564e-01 6.3385895974275197e+00 -1.5246325262666869e+00
5.2307517682270055e-01 6.3361947102555476e+00 -1.5246325262666329e+00
5.2464597314949546e-01 6.3337998230835755e+00 -1.5246325262669158e+00
5.2621676947629037e-01 6.3314049359116034e+00 -1.5246325262669158e+00
5.2778756580308528e-01 6.3290100487396312e+00 -1.5246325262669158e+00
5.2935836212988019e-01 6.3266151615676591e+00 -1.5246325262669158e+00
5.3092915845667510e-01 6.3242202743956870e+00 -1.5246325262666329e+00
5.3249995478347001e-01 6.3218253872237149e+00 -1.5246325262666869e+00
5.3407075111026481e-01 6.3194305000517428e+00 -1.5246325262669698e+00
5.3564154743705972e-01 6.3170356128797707e+00 -1.5246325262669158e+00
5.3721234376385463e-01 6.3146407257077986e+00 -1.5246325262666329e+00
5.3878314009064954e-01 6.3122458385358273e+00 -1.5246325262666329e+00
5.4035393641744445e-01 6.3098509513638552e+00 -1.5246325262669158e+00
5.4192473274423936e-01 6.3074560641918831e+00 -1.5246325262669158e+00
5.4349552907103427e-01 6.3050611770199110e+00 -1.5246325262669158e+00
5.4506632539782918e-01 6.3026662898479389e+00 -1.5246325262666329e+00
5.4663712172462409e-01 6.3002714026759667e+00 -1.5246325262666869e+00
5.4820791805141889e-01 6.2978765155039946e+00 -1.5246325262669698e+00
5.4977871437821380e-01 6.2954816283320225e+00 -1.5246325262669158e+00
5.5134951070500871e-01 6.2930867411600504e+00 -1.5246325262666329e+00
5.5292030703180362e-01 6.2906918539880792e+00 -1.5246325262666329e+00
5.5449110335859852e-01 6.2882969668161071e+00 -1.5246325262669158e+00
5.5606189968539343e-01 6.2859020796441349e+00 -1.5246325262669158e+00
5.5763269601218834e-01 6.2835071924721628e+00 -1.5246325262669158e+00
5.5920349233898325e-01 6.2811123053001907e+00 -1.5246325262666869e+00
5.6077428866577805e-01 6.2787174181282195e+00 -1.5246325262666869e+00
5.6234508499257296e-01 6.2763225309562474e+00 -1.5246325262669158e+00
5.6391588131936787e-01 6.2739276437842753e+00 -1.5246325262669158e+00
5.6548667764616278e-01 6.2715327566123031e+00 -1.5246325262666329e+00
5.6705747397295769e-01 6.2691378694403319e+00 -1.5246325262666329e+00
5.6862827029975260e-01 6.2667429822683598e+00 -1.5246325262669158e+00
5.7019906662654751e-01 6.2643480950963877e+00 -1.5246325262669158e+00
5.7176986295334242e-01 6.2619532079244156e+00 -1.5246325262669158e+00
5.7334065928013733e-01 6.2595583207524434e+00 -1.5246325262666869e+00
5.7491145560693213e-01 6.2571634335804722e+00 -1.5246325262666869e+00
5.7648225193372704e-01 6.2547685464085001e+00 -1.5246325262669158e+00
5.7805304826052195e-01 6.2523736592365280e+00 -1.5246325262669158e+00
5.7962384458731686e-01 6.2499787720645559e+00 -1.5246325262669158e+00
5.8119464091411177e-01 6.2475838848925838e+00 -1.5246325262666329e+00
5.8276543724090668e-01 6.2451889977206125e+00 -1.5246325262666329e+00
5.8433623356770159e-01 6.2427941105486404e+00 -1.5246325262669158e+00
5.8590702989449650e-01 6.2403992233766683e+00 -1.5246325262669698e+00
5.8747782622129130e-01 6.2380043362046962e+00 -1.5246325262666869e+00
5.8904862254808621e-01 6.2356094490327241e+00 -1.5246325262666329e+00
5.9061941887488112e-01 6.2332145618607520e+00 -1.5246325262669158e+00
5.9219021520167603e-01 6.2308196746887798e+00 -1.5246325262669158e+00
5.9376101152847094e-01 6.2284247875168077e+00 -1.5246325262669158e+00
5.9533180785526585e-01 6.2260299003448356e+00 -1.5246325262666329e+00
5.9690260418206076e-01 6.2236350131728644e+00 -1.5246325262666329e+00
5.9847340050885567e-01 6.2212401260008923e+00 -1.5246325262669698e+00
6.0004419683565047e-01 6.2188452388289202e+00 -1.5246325262669698e+00
6.0161499316244538e-01 6.2164503516569480e+00 -1.5246325262669158e+00
6.0318578948924029e-01 6.2140554644849759e+00 -1.5246325262666329e+00
6.0475658581603520e-01 6.2116605773130047e+00 -1.5246325262666329e+00
6.0632738214283011e-01 6.2092656901410326e+00 -1.5246325262669158e+00
6.0789817846962502e-01 6.2068708029690605e+00 -1.5246325262669158e+00
6.0946897479641993e-01 6.2044759157970883e+00 -1.5246325262666329e+00
6.1103977112321484e-01 6.2020810286251171e+00 -1.5246325262666329e+00
6.1261056745000975e-01 6.1996861414531450e+00 -1.5246325262669698e+00
6.1418136377680455e-01 6.1972912542811729e+00 -1.5246325262669698e+00
6.1575216010359946e-01 6.1948963671092008e+00 -1.5246325262669158e+00
6.1732295643039437e-01 6.1925014799372287e+00 -1.5246325262666329e+00
6.1889375275718927e-01 6.1901065927652574e+00 -1.5246325262666329e+00
6.2046454908398418e-01 6.1877117055932853e+00 -1.5246325262669158e+00
6.2203534541077909e-01 6.1853168184213132e+00 -1.5246325262669158e+00
6.2360614173757400e-01 6.1829219312493411e+00 -1.5246325262669158e+00
6.2517693806436891e-01 6.1805270440773690e+00 -1.5246325262666869e+00
6.2674773439116371e-01 6.1781321569053977e+00 -1.5246325262666869e+00
6.2831853071795862e-01 6.1757372697334256e+00 -1.5246325262669158e+00
6.2988932704475353e-01 6.1733423825614535e+00 -1.5246325262669158e+00
6.3146012337154844e-01 6.1709474953894814e+00 -1.5246325262666329e+00
6.3303091969834335e-01 6.1685526082175102e+00 -1.5246325262666329e+00
6.3460171602513826e-01 6.1661577210455381e+00 -1.5246325262669158e+00
6.3617251235193317e-01 6.1637628338735659e+00 -1.5246325262669158e+00
6.3774330867872808e-01 6.1613679467015938e+00 -1.5246325262669158e+00
6.3931410500552299e-01 6.1589730595296217e+00 -1.5246325262666869e+00
6.4088490133231779e-01 6.1565781723576505e+00 -1.5246325262666869e+00
6.4245569765911270e-01 6.1541832851856784e+00 -1.5246325262669158e+00
6.4402649398590761e-01 6.1517883980137062e+00 -1.5246325262669158e+00
6.4559729031270252e-01 6.1493935108417341e+00 -1.5246325262669158e+00
6.4716808663949743e-01 6.1469986236697620e+00 -1.5246325262666329e+00
6.4873888296629234e-01 6.1446037364977908e+00 -1.5246325262666329e+00
6.5030967929308725e-01 6.1422088493258187e+00 -1.5246325262669158e+00
6.5188047561988216e-01 6.1398139621538466e+00 -1.5246325262666869e+00
6.5345127194667696e-01 6.1374190749818753e+00 -1.5246325262666869e+00
6.5502206827347187e-01 6.1350241878099032e+00 -1.5246325262669158e+00
6.5659286460026678e-01 6.1326293006379311e+00 -1.5246325262669158e+00
6.5816366092706169e-01 6.1302344134659590e+00 -1.5246325262669158e+00
6.5973445725385660e-01 6.1278395262939869e+00 -1.5246325262669158e+00
6.6130525358065151e-01 6.1254446391220148e+00 -1.5246325262666329e+00
6.6287604990744642e-01 6.1230497519500435e+00 -1.5246325262666329e+00
6.6444684623424133e-01 6.1206548647780714e+00 -1.5246325262669698e+00
6.6601764256103613e-01 6.1182599776060993e+00 -1.5246325262669698e+00
6.6758843888783104e-01 6.1158650904341272e+00 -1.5246325262666329e+00
6.6915923521462595e-01 6.1134702032621560e+00 -1.5246325262666329e+00
6.7073003154142086e-01 6.1110753160901838e+00 -1.5246325262669158e+00
6.7230082786821577e-01 6.1086804289182117e+00 -1.5246325262669158e+00
6.7387162419501068e-01 6.1062855417462396e+00 -1.5246325262669158e+00
6.7544242052180559e-01 6.1038906545742675e+00 -1.5246325262666329e+00
6.7701321684860050e-01 6.1014957674022963e+00 -1.5246325262666329e+00
6.7858401317539541e-01 6.0991008802303242e+00 -1.5246325262669698e+00
6.8015480950219021e-01 6.0967059930583520e+00 -1.5246325262669698e+00
6.8172560582898512e-01 6.0943111058863799e+00 -1.5246325262666329e+00
6.8329640215578002e-01 6.0919162187144087e+00 -1.5246325262666329e+00
6.8486719848257493e-01 6.0895213315424366e+00 -1.5246325262669158e+00
6.8643799480936984e-01 6.0871264443704645e+00 -1.5246325262669158e+00
6.8800879113616475e-01 6.0847315571984923e+00 -1.5246325262669158e+00
6.8957958746295966e-01 6.0823366700265202e+00 -1.5246325262669158e+00
6.9115038378975457e-01 6.0799417828545481e+00 -1.5246325262666869e+00
6.9272118011654937e-01 6.0775468956825769e+00 -1.5246325262666869e+00
6.9429197644334428e-01 6.0751520085106048e+00 -1.5246325262669158e+00
6.9586277277013919e-01 6.0727571213386327e+00 -1.5246325262666329e+00
6.9743356909693410e-01 6.0703622341666614e+00 -1.5246325262666329e+00
6.9900436542372901e-01 6.0679673469946893e+00 -1.5246325262669158e+00
7.0057516175052392e-01 6.0655724598227172e+00 -1.5246325262669158e+00
7.0214595807731883e-01 6.0631775726507451e+00 -1.5246325262669158e+00
7.0371675440411374e-01 6.0607826854787730e+00 -1.5246325262669158e+00
7.0528755073090865e-01 6.0583877983068009e+00 -1.5246325262666869e+00
7.0685834705770345e-01 6.0559929111348296e+00 -1.5246325262666869e+00
7.0842914338449836e-01 6.0535980239628575e+00 -1.5246325262669158e+00
7.0999993971129327e-01 6.0512031367908854e+00 -1.5246325262669158e+00
7.1157073603808818e-01 6.0488082496189133e+00 -1.5246325262666329e+00
7.1314153236488309e-01 6.0464133624469421e+00 -1.5246325262666329e+00
7.1471232869167800e-01 6.0440184752749699e+00 -1.5246325262669158e+00
7.1628312501847291e-01 6.0416235881029978e+00 -1.5246325262669158e+00
7.1785392134526782e-01 6.0392287009310257e+00 -1.5246325262666869e+00
7.1942471767206262e-01 6.0368338137590545e+00 -1.5246325262666869e+00
7.2099551399885753e-01 6.0344389265870824e+00 -1.5246325262669158e+00
7.2256631032565244e-01 6.0320440394151102e+00 -1.5246325262669158e+00
7.2413710665244735e-01 6.0296491522431381e+00 -1.5246325262669158e+00
7.2570790297924226e-01 6.0272542650711660e+00 -1.5246325262666329e+00
7.2727869930603717e-01 6.0248593778991948e+00 -1.5246325262666329e+00
7.2884949563283208e-01 6.0224644907272227e+00 -1.5246325262669158e+00
7.3042029195962699e-01 6.0200696035552506e+00 -1.5246325262669698e+00
7.3199108828642179e-01 6.0176747163832784e+00 -1.5246325262669698e+00
7.3356188461321670e-01 6.0152798292113063e+00 -1.5246325262666329e+00
7.3513268094001161e-01 6.0128849420393351e+00 -1.5246325262666329e+00
7.3670347726680652e-01 6.0104900548673630e+00 -1.5246325262669158e+00
7.3827427359360143e-01 6.0080951676953909e+00 -1.5246325262669158e+00
7.3984506992039634e-01 6.0057002805234188e+00 -1.5246325262666329e+00
7.4141586624719125e-01 6.0033053933514475e+00 -1.5246325262666329e+00
7.4298666257398616e-01 6.0009105061794754e+00 -1.5246325262669158e+00
7.4455745890078107e-01 5.9985156190075033e+00 -1.5246325262669698e+00
7.4612825522757587e-01 5.9961207318355312e+00 -1.5246325262669698e+00
7.4769905155437077e-01 5.9937258446635591e+00 -1.5246325262666329e+00
7.4926984788116568e-01 5.9913309574915878e+00 -1.5246325262666329e+00
7.5084064420796059e-01 5.9889360703196157e+00 -1.5246325262669158e+00
7.5241144053475550e-01 5.9865411831476436e+00 -1.5246325262669158e+00
7.5398223686155041e-01 5.9841462959756715e+00 -1.5246325262669158e+00
7.5555303318834532e-01 5.9817514088036994e+00 -1.5246325262666329e+00
7.5712382951514023e-01 5.9793565216317273e+00 -1.5246325262666869e+00
7.5869462584193503e-01 5.9769616344597551e+00 -1.5246325262669698e+00
7.6026542216872994e-01 5.9745667472877830e+00 -1.5246325262669158e+00
7.6183621849552485e-01 5.9721718601158109e+00 -1.5246325262666329e+00
7.6340701482231976e-01 5.9697769729438397e+00 -1.5246325262666329e+00
7.6497781114911467e-01 5.9673820857718676e+00 -1.5246325262669158e+00
7.6654860747590958e-01 5.9649871985998955e+00 -1.5246325262669158e+00
7.6811940380270449e-01 5.9625923114279233e+00 -1.5246325262669158e+00
7.6969020012949940e-01 5.9601974242559512e+00 -1.5246325262666329e+00
7.7126099645629431e-01 5.9578025370839791e+00 -1.5246325262666869e+00
7.7283179278308911e-01 5.9554076499120070e+00 -1.5246325262669698e+00
7.7440258910988402e-01 5.9530127627400349e+00 -1.5246325262669158e+00
7.7597338543667893e-01 5.9506178755680628e+00 -1.5246325262666329e+00
7.7754418176347384e-01 5.9482229883960915e+00 -1.5246325262666329e+00
7.7911497809026875e-01 5.9458281012241194e+00 -1.5246325262669158e+00
7.8068577441706366e-01 5.9434332140521473e+00 -1.5246325262669158e+00
7.8225657074385857e-01 5.9410383268801752e+00 -1.5246325262669158e+00
7.8382736707065348e-01 5.9386434397082031e+00 -1.5246325262666869e+00
7.8539816339744828e-01 5.9362485525362318e+00 -1.5246325262666869e+00
7.8696895972424319e-01 5.9338536653642597e+00 -1.5246325262669158e+00
7.8853975605103810e-01 5.9314587781922876e+00 -1.5246325262669158e+00
7.9011055237783301e-01 5.9290638910203155e+00 -1.5246325262669158e+00
7.9168134870462792e-01 5.9266690038483434e+00 -1.5246325262666329e+00
7.9325214503142283e-01 5.9242741166763722e+00 -1.5246325262666329e+00
7.9482294135821774e-01 5.9218792295044000e+00 -1.5246325262669158e+00
7.9639373768501265e-01 5.9194843423324279e+00 -1.5246325262669698e+00
7.9796453401180745e-01 5.9170894551604558e+00 -1.5246325262666869e+00
7.9953533033860236e-01 5.9146945679884837e+00 -1.5246325262666329e+00
8.0110612666539727e-01 5.9122996808165116e+00 -1.5246325262669158e+00
8.0267692299219218e-01 5.9099047936445395e+00 -1.5246325262669158e+00
8.0424771931898709e-01 5.9075099064725674e+00 -1.5246325262669158e+00
8.0581851564578200e-01 5.9051150193005952e+00 -1.5246325262666329e+00
8.0738931197257691e-01 5.9027201321286240e+00 -1.5246325262666329e+00
8.0896010829937182e-01 5.9003252449566519e+00 -1.5246325262669158e+00
8.1053090462616673e-01 5.8979303577846798e+00 -1.5246325262669698e+00
8.1210170095296152e-01 5.8955354706127077e+00 -1.5246325262666869e+00
8.1367249727975643e-01 5.8931405834407355e+00 -1.5246325262666329e+00
8.1524329360655134e-01 5.8907456962687634e+00 -1.5246325262669158e+00
8.1681408993334625e-01 5.8883508090967913e+00 -1.5246325262669158e+00
8.1838488626014116e-01 5.8859559219248192e+00 -1.5246325262669158e+00
8.1995568258693607e-01 5.8835610347528471e+00 -1.5246325262666329e+00
8.2152647891373098e-01 5.8811661475808759e+00 -1.5246325262666329e+00
8.2309727524052589e-01 5.8787712604089037e+00 -1.5246325262669698e+00
8.2466807156732069e-01 5.8763763732369316e+00 -1.5246325262669698e+00
8.2623886789411560e-01 5.8739814860649595e+00 -1.5246325262666329e+00
8.2780966422091051e-01 5.8715865988929883e+00 -1.5246325262666329e+00
8.2938046054770542e-01 5.8691917117210162e+00 -1.5246325262669158e+00
8.3095125687450033e-01 5.8667968245490441e+00 -1.5246325262669158e+00
8.3252205320129524e-01 5.8644019373770719e+00 -1.5246325262669158e+00
8.3409284952809015e-01 5.8620070502050998e+00 -1.5246325262669158e+00
8.3566364585488506e-01 5.8596121630331277e+00 -1.5246325262666869e+00
8.3723444218167986e-01 5.8572172758611565e+00 -1.5246325262666869e+00
8.3880523850847477e-01 5.8548223886891844e+00 -1.5246325262669158e+00
8.4037603483526968e-01 5.8524275015172122e+00 -1.5246325262669158e+00
8.4194683116206459e-01 5.8500326143452401e+00 -1.5246325262666329e+00
8.4351762748885950e-01 5.8476377271732689e+00 -1.5246325262666329e+00
8.4508842381565441e-01 5.8452428400012968e+00 -1.5246325262669158e+00
8.4665922014244932e-01 5.8428479528293247e+00 -1.5246325262669158e+00
8.4823001646924423e-01 5.8404530656573526e+00 -1.5246325262669158e+00
8.4980081279603914e-01 5.8380581784853804e+00 -1.5246325262666869e+00
8.5137160912283394e-01 5.8356632913134092e+00 -1.5246325262666869e+00
8.5294240544962885e-01 5.8332684041414371e+00 -1.5246325262669158e+00
8.5451320177642376e-01 5.8308735169694650e+00 -1.5246325262669158e+00
8.5608399810321867e-01 5.8284786297974929e+00 -1.5246325262666329e+00
8.5765479443001358e-01 5.8260837426255216e+00 -1.5246325262666329e+00
8.5922559075680849e-01 5.8236888554535495e+00 -1.5246325262669158e+00
8.6079638708360340e-01 5.8212939682815774e+00 -1.5246325262669158e+00
8.6236718341039831e-01 5.8188990811096053e+00 -1.5246325262666869e+00
8.6393797973719311e-01 5.8165041939376341e+00 -1.5246325262666869e+00
8.6550877606398802e-01 5.8141093067656620e+00 -1.5246325262669158e+00
8.6707957239078293e-01 5.8117144195936898e+00 -1.5246325262669158e+00
8.6865036871757784e-01 5.8093195324217177e+00 -1.5246325262669158e+00
8.7022116504437275e-01 5.8069246452497456e+00 -1.5246325262666329e+00
8.7179196137116766e-01 5.8045297580777744e+00 -1.5246325262666329e+00
8.7336275769796257e-01 5.8021348709058023e+00 -1.5246325262669158e+00
8.7493355402475748e-01 5.7997399837338302e+00 -1.5246325262669158e+00
8.7650435035155239e-01 5.7973450965618580e+00 -1.5246325262669698e+00
8.7807514667834718e-01 5.7949502093898859e+00 -1.5246325262666869e+00
8.7964594300514209e-01 5.7925553222179138e+00 -1.5246325262666329e+00
8.8121673933193700e-01 5.7901604350459417e+00 -1.5246325262669158e+00
8.8278753565873191e-01 5.7877655478739696e+00 -1.5246325262669158e+00
8.8435833198552682e-01 5.7853706607019975e+00 -1.5246325262669158e+00
8.8592912831232173e-01 5.7829757735300253e+00 -1.5246325262666329e+00
8.8749992463911664e-01 5.7805808863580541e+00 -1.5246325262666329e+00
8.8907072096591155e-01 5.7781859991860820e+00 -1.5246325262669698e+00
8.9064151729270635e-01 5.7757911120141099e+00 -1.5246325262669698e+00
8.9221231361950126e-01 5.7733962248421378e+00 -1.5246325262666329e+00
8.9378310994629617e-01 5.7710013376701665e+00 -1.5246325262666329e+00
8.9535390627309108e-01 5.7686064504981944e+00 -1.5246325262669158e+00
8.9692470259988599e-01 5.7662115633262223e+00 -1.5246325262669158e+00
8.9849549892668090e-01 5.7638166761542502e+00 -1.5246325262669158e+00
9.0006629525347581e-01 5.7614217889822781e+00 -1.5246325262666329e+00
9.0163709158027072e-01 5.7590269018103060e+00 -1.5246325262666869e+00
9.0320788790706552e-01 5.7566320146383338e+00 -1.5246325262669698e+00
9.0477868423386043e-01 5.7542371274663617e+00 -1.5246325262669158e+00
9.0634948056065534e-01 5.7518422402943896e+00 -1.5246325262666329e+00
9.0792027688745025e-01 5.7494473531224184e+00 -1.5246325262666329e+00
9.0949107321424516e-01 5.7470524659504463e+00 -1.5246325262669158e+00
9.1106186954104007e-01 5.7446575787784742e+00 -1.5246325262669158e+00
9.1263266586783498e-01 5.7422626916065020e+00 -1.5246325262669158e+00
9.1420346219462989e-01 5.7398678044345299e+00 -1.5246325262666329e+00
9.1577425852142480e-01 5.7374729172625578e+00 -1.5246325262666869e+00
9.1734505484821960e-01 5.7350780300905857e+00 -1.5246325262669698e+00
9.1891585117501451e-01 5.7326831429186136e+00 -1.5246325262669158e+00
9.2048664750180942e-01 5.7302882557466415e+00 -1.5246325262669158e+00
9.2205744382860433e-01 5.7278933685746694e+00 -1.5246325262666329e+00
9.2362824015539924e-01 5.7254984814026981e+00 -1.5246325262666329e+00
9.2519903648219415e-01 5.7231035942307260e+00 -1.5246325262669158e+00
9.2676983280898906e-01 5.7207087070587539e+00 -1.5246325262669158e+00
9.2834062913578397e-01 5.7183138198867818e+00 -1.5246325262666869e+00
9.2991142546257877e-01 5.7159189327148106e+00 -1.5246325262666869e+00
9.3148222178937368e-01 5.7135240455428384e+00 -1.5246325262669158e+00
9.3305301811616859e-01 5.7111291583708663e+00 -1.5246325262669158e+00
9.3462381444296350e-01 5.7087342711988942e+00 -1.5246325262669158e+00
9.3619461076975841e-01 5.7063393840269221e+00 -1.5246325262666329e+00
9.3776540709655332e-01 5.7039444968549509e+00 -1.5246325262666329e+00
9.3933620342334823e-01 5.7015496096829787e+00 -1.5246325262669158e+00
9.4090699975014314e-01 5.6991547225110066e+00 -1.5246325262669158e+00
9.4247779607693805e-01 5.6967598353390345e+00 -1.5246325262666869e+00
9.4404859240373284e-01 5.6943649481670633e+00 -1.5246325262666869e+00
9.4561938873052775e-01 5.6919700609950912e+00 -1.5246325262669158e+00
9.4719018505732266e-01 5.6895751738231191e+00 -1.5246325262669158e+00
9.4876098138411757e-01 5.6871802866511469e+00 -1.5246325262669158e+00
9.5033177771091248e-01 5.6847853994791748e+00 -1.5246325262666329e+00
9.5190257403770739e-01 5.6823905123072036e+00 -1.5246325262666329e+00
9.5347337036450230e-01 5.6799956251352315e+00 -1.5246325262669158e+00
9.5504416669129721e-01 5.6776007379632594e+00 -1.5246325262669698e+00
9.5661496301809201e-01 5.6752058507912873e+00 -1.5246325262666869e+00
9.5818575934488692e-01 5.6728109636193151e+00 -1.5246325262666329e+00
9.5975655567168183e-01 5.6704160764473430e+00 -1.5246325262669158e+00
9.6132735199847674e-01 5.6680211892753709e+00 -1.5246325262669158e+00
9.6289814832527165e-01 5.6656263021033988e+00 -1.5246325262669158e+00
9.6446894465206656e-01 5.6632314149314267e+00 -1.5246325262669158e+00
9.6603974097886147e-01 5.6608365277594546e+00 -1.5246325262666329e+00
9.6761053730565638e-01 5.6584416405874824e+00 -1.5246325262666869e+00
9.6918133363245118e-01 5.6560467534155103e+00 -1.5246325262669698e+00
9.7075212995924609e-01 5.6536518662435382e+00 -1.5246325262669158e+00
9.7232292628604100e-01 5.6512569790715661e+00 -1.5246325262666329e+00
9.7389372261283591e-01 5.6488620918995949e+00 -1.5246325262666329e+00
9.7546451893963082e-01 5.6464672047276228e+00 -1.5246325262669158e+00
9.7703531526642573e-01 5.6440723175556506e+00 -1.5246325262669158e+00
9.7860611159322064e-01 5.6416774303836785e+00 -1.5246325262669158e+00
9.8017690792001555e-01 5.6392825432117064e+00 -1.5246325262666329e+00
9.8174770424681046e-01 5.6368876560397343e+00 -1.5246325262666869e+00
9.8331850057360526e-01 5.6344927688677622e+00 -1.5246325262669698e+00
9.8488929690040017e-01 5.6320978816957901e+00 -1.5246325262669158e+00
9.8646009322719508e-01 5.6297029945238179e+00 -1.5246325262666329e+00
9.8803088955398999e-01 5.6273081073518467e+00 -1.5246325262666329e+00
9.8960168588078490e-01 5.6249132201798746e+00 -1.5246325262669158e+00
9.9117248220757981e-01 5.6225183330079025e+00 -1.5246325262669158e+00
9.9274327853437472e-01 5.6201234458359304e+00 -1.5246325262669158e+00
9.9431407486116963e-01 5.6177285586639583e+00 -1.5246325262666869e+00
9.9588487118796443e-01 5.6153336714919870e+00 -1.5246325262666869e+00
9.9745566751475934e-01 5.6129387843200149e+00 -1.5246325262669158e+00
9.9902646384155425e-01 5.6105438971480428e+00 -1.5246325262668619e+00
1.0005972601683493e+00 5.6081490099760707e+00 -1.5246325262666331e+00
1.0021680564951441e+00 5.6057541228040995e+00 -1.5246325262667408e+00
1.0037388528219389e+00 5.6033592356321273e+00 -1.5246325262669160e+00
1.0053096491487339e+00 5.6009643484601552e+00 -1.5246325262669160e+00
1.0068804454755287e+00 5.5985694612881831e+00 -1.5246325262669160e+00
1.0084512418023237e+00 5.5961745741162110e+00 -1.5246325262666331e+00
1.0100220381291185e+00 5.5937796869442398e+00 -1.5246325262666331e+00
1.0115928344559135e+00 5.5913847997722677e+00 -1.5246325262669160e+00
1.0131636307827083e+00 5.5889899126002955e+00 -1.5246325262669160e+00
1.0147344271095033e+00 5.5865950254283234e+00 -1.5246325262669160e+00
1.0163052234362981e+00 5.5842001382563513e+00 -1.5246325262667408e+00
1.0178760197630929e+00 5.5818052510843801e+00 -1.5246325262666331e+00
1.0194468160898880e+00 5.5794103639124080e+00 -1.5246325262669160e+00
1.0210176124166828e+00 5.5770154767404359e+00 -1.5246325262669160e+00
1.0225884087434778e+00 5.5746205895684637e+00 -1.5246325262666331e+00
1.0241592050702726e+00 5.5722257023964925e+00 -1.5246325262666331e+00
1.0257300013970676e+00 5.5698308152245204e+00 -1.5246325262669160e+00
1.0273007977238624e+00 5.5674359280525483e+00 -1.5246325262670237e+00
1.0288715940506572e+00 5.5650410408805762e+00 -1.5246325262669160e+00
1.0304423903774522e+00 5.5626461537086040e+00 -1.5246325262666331e+00
1.0320131867042470e+00 5.5602512665366328e+00 -1.5246325262666331e+00
1.0335839830310420e+00 5.5578563793646607e+00 -1.5246325262669160e+00
1.0351547793578368e+00 5.5554614921926886e+00 -1.5246325262669160e+00
1.0367255756846319e+00 5.5530666050207165e+00 -1.5246325262666331e+00
1.0382963720114267e+00 5.5506717178487452e+00 -1.5246325262666331e+00
1.0398671683382217e+00 5.5482768306767731e+00 -1.5246325262669160e+00
1.0414379646650165e+00 5.5458819435048010e+00 -1.5246325262670237e+00
1.0430087609918113e+00 5.5434870563328289e+00 -1.5246325262669160e+00
1.0445795573186063e+00 5.5410921691608568e+00 -1.5246325262666331e+00
1.0461503536454011e+00 5.5386972819888856e+00 -1.5246325262666331e+00
1.0477211499721961e+00 5.5363023948169134e+00 -1.5246325262669160e+00
1.0492919462989909e+00 5.5339075076449413e+00 -1.5246325262669160e+00
1.0508627426257859e+00 5.5315126204729692e+00 -1.5246325262666331e+00
1.0524335389525807e+00 5.5291177333009980e+00 -1.5246325262666331e+00
1.0540043352793758e+00 5.5267228461290259e+00 -1.5246325262669160e+00
1.0555751316061706e+00 5.5243279589570538e+00 -1.5246325262670237e+00
1.0571459279329654e+00 5.5219330717850816e+00 -1.5246325262669160e+00
1.0587167242597604e+00 5.5195381846131095e+00 -1.5246325262666331e+00
1.0602875205865552e+00 5.5171432974411383e+00 -1.5246325262666331e+00
1.0618583169133502e+00 5.5147484102691662e+00 -1.5246325262669160e+00
1.0634291132401450e+00 5.5123535230971941e+00 -1.5246325262669160e+00
1.0649999095669400e+00 5.5099586359252219e+00 -1.5246325262669160e+00
1.0665707058937348e+00 5.5075637487532498e+00 -1.5246325262667408e+00
1.0681415022205296e+00 5.5051688615812786e+00 -1.5246325262666331e+00
1.0697122985473246e+00 5.5027739744093065e+00 -1.5246325262669160e+00
1.0712830948741194e+00 5.5003790872373344e+00 -1.5246325262669160e+00
1.0728538912009145e+00 5.4979842000653623e+00 -1.5246325262666331e+00
1.0744246875277093e+00 5.4955893128933910e+00 -1.5246325262666331e+00
1.0759954838545043e+00 5.4929053187153940e+00 -1.8927349989980748e+00
1.0775662801812991e+00 5.4906205361512814e+00 -1.0163405127514580e+00
1.0791370765080941e+00 5.4892482617969023e+00 -7.3089346146931322e-01
1.0807078728348889e+00 5.4878743514776493e+00 -1.0184234879233076e+00
1.0822786691616837e+00 5.4859348040167024e+00 -1.4510850382448439e+00
1.0838494654884787e+00 5.4832925594108666e+00 -1.9131252807677863e+00
1.0854202618152735e+00 5.4799296727193143e+00 -2.3686350393807092e+00
1.0869910581420685e+00 5.4758574592554332e+00 -2.8162681774357199e+00
1.0885618544688633e+00 5.4710871447337297e+00 -3.2574849124224405e+00
1.0901326507956584e+00 5.4656285548995829e+00 -3.6926075229025792e+00
1.0917034471224532e+00 5.4594913362532376e+00 -4.1215419523106780e+00
1.0932742434492482e+00 5.4526854288359070e+00 -4.5440085092406326e+00
1.0948450397760430e+00 5.4452212833758153e+00 -4.9596366582041114e+00
1.0964158361028378e+00 5.4371099685455206e+00 -5.3680101435240344e+00
1.0979866324296328e+00 5.4283632240616102e+00 -5.7686908210845491e+00
1.0995574287564276e+00 5.4189934843469754e+00 -6.1612323074644966e+00
1.1011282250832226e+00 5.4090138849044882e+00 -6.5451883433258766e+00
1.1026990214100174e+00 5.3984382578538508e+00 -6.9201182279171656e+00
1.1042698177368124e+00 5.3872811202779536e+00 -7.2855905397645468e+00
1.1058406140636072e+00 5.3755576575507176e+00 -7.6411858057823165e+00
1.1074114103904023e+00 5.3632837030013345e+00 -7.9864984967727288e+00
1.1089822067171970e+00 5.3504757147968904e+00 -8.3211385736283372e+00
1.1105530030439918e+00 5.3371507506409719e+00 -8.6447327218672836e+00
1.1121237993707869e+00 5.3233264407095735e+00 -8.9569253614626323e+00
1.1136945956975817e+00 5.3090209591329884e+00 -9.2573794883264604e+00
1.1152653920243767e+00 5.2942529942587386e+00 -9.5457773848272023e+00
1.1168361883511715e+00 5.2790417178814328e+00 -9.8218212246551584e+00
1.1184069846779665e+00 5.2634067535917319e+00 -1.0085233589512820e+01
1.1199777810047613e+00 5.2473681443733149e+00 -1.0335757909930823e+01
1.1215485773315561e+00 5.2309463195600614e+00 -1.0573158839018117e+01
1.1231193736583511e+00 5.2141620612537833e+00 -1.0797222565583171e+01
1.1246901699851459e+00 5.1970364702939547e+00 -1.1007757071431525e+01
1.1262609663119409e+00 5.1795909318642197e+00 -1.1204592336502486e+01
1.1278317626387357e+00 5.1618470808154342e+00 -1.1387580494703410e+01
1.1294025589655308e+00 5.1438267667807898e+00 -1.1556595942750462e+01
1.1309733552923256e+00 5.1255520191554158e+00 -1.1711535403932178e+01
1.1325441516191206e+00 5.1070450120099089e+00 -1.1852317948421526e+01
1.1341149479459154e+00 5.0883280290049786e+00 -1.1978884971593152e+01
1.1356857442727102e+00 5.0694234283720672e+00 -1.2091200131656249e+01
1.1372565405995052e+00 5.0503536080229443e+00 -1.2189249247840801e+01
1.1388273369263000e+00 5.0311409708492834e+00 -1.2273040160315093e+01
1.1403981332530950e+00 5.0118078902714105e+00 -1.2342602552982079e+01
1.1419689295798898e+00 4.9923766760936976e+00 -1.2397987740302284e+01
1.1435397259066848e+00 4.9728695407221313e+00 -1.2439268419276344e+01
1.1451105222334796e+00 4.9533085657979727e+00 -1.2466538387737240e+01
1.1466813185602747e+00 4.9337156692994233e+00 -1.2479912230117055e+01
1.1482521148870695e+00 4.9141125731615505e+00 -1.2479524971869351e+01
1.1498229112138643e+00 4.8945207714626733e+00 -1.2465531703752710e+01
1.1513937075406593e+00 4.8749614992236605e+00 -1.2438107177197606e+01
1.1529645038674541e+00 4.8554557018645559e+00 -1.2397445372006333e+01
1.1545353001942491e+00 4.8360240053609624e+00 -1.2343759037659030e+01
1.1561060965210439e+00 4.8166819156158525e+00 -1.2283354503633477e+01
1.1576768928478389e+00 4.7974000213356645e+00 -1.2267115791302556e+01
1.1592476891746337e+00 4.7779726416639328e+00 -1.2468592257332089e+01
1.1608184855014285e+00 4.7579104645202568e+00 -1.3075365035479834e+01
1.1623892818282235e+00 4.7365390397696752e+00 -1.4135578084290364e+01
1.1639600781550183e+00 4.7131633079208486e+00 -1.5627328092763081e+01
1.1655308744818134e+00 4.6873023092172872e+00 -1.7299918122953905e+01
1.1671016708086082e+00 4.6590041104876709e+00 -1.8730467544369588e+01
1.1686724671354032e+00 4.6287740600824669e+00 -1.9759628070870217e+01
1.1702432634621980e+00 4.5972533873130965e+00 -2.0373738975751852e+01
1.1718140597889930e+00 4.5650895948012948e+00 -2.0578473558927261e+01
1.1733848561157878e+00 4.5329252101621993e+00 -2.0374492895644316e+01
1.1749556524425826e+00 4.5014043510628428e+00 -1.9759111393683547e+01
1.1765264487693776e+00 4.4711752527922748e+00 -1.8729771926085732e+01
1.1780972450961724e+00 4.4428587257255048e+00 -1.7323950104892152e+01
1.1796680414229674e+00 4.4168810195123651e+00 -1.5751892727186968e+01
1.1812388377497622e+00 4.3931583495625892e+00 -1.4452748759569820e+01
1.1828096340765573e+00 4.3710494337252479e+00 -1.3697197175752660e+01
1.1843804304033521e+00 4.3497425446064941e+00 -1.3431576625533928e+01
1.1859512267301471e+00 4.3286823257341585e+00 -1.3383126863499962e+01
1.1875220230569419e+00 4.3077737128371014e+00 -1.3238545902594245e+01
1.1890928193837367e+00 4.2872850424274365e+00 -1.2848439482037580e+01
1.1906636157105317e+00 4.2676299803218942e+00 -1.2177162844962757e+01
1.1922344120373265e+00 4.2492565966367302e+00 -1.1216555833581937e+01
1.1938052083641215e+00 4.2326259649154094e+00 -9.9582221279287175e+00
1.1953760046909163e+00 4.2182184376388916e+00 -8.3860113423850144e+00
1.1969468010177113e+00 4.2065638858195822e+00 -6.4530249101231876e+00
1.1985175973445061e+00 4.1983207080987324e+00 -4.0425149383438690e+00
1.2000883936713009e+00 4.1943674908723585e+00 -9.9087756320446219e-01
1.2016591899980960e+00 4.1935892574540663e+00 0.0000000000000000e+00
1.2032299863248908e+00 4.1961105814421975e+00 3.2102494067780589e+00
1.2048007826516858e+00 4.2035924357726504e+00 6.3159433947015078e+00
1.2063715789784806e+00 4.2167792497028804e+00 1.0474029570333315e+01
1.2079423753052756e+00 4.2364702226984887e+00 1.4597295921985465e+01
1.2095131716320704e+00 4.2611257915433214e+00 1.6795149329197415e+01
1.2110839679588654e+00 4.2882271149276709e+00 1.7711327318409374e+01
1.2126547642856602e+00 4.3165132919924014e+00 1.8303751889788739e+01
1.2142255606124550e+00 4.3467638159411139e+00 2.0212411450672224e+01
1.2157963569392500e+00 4.3811594252149941e+00 2.3581438442087542e+01
1.2173671532660448e+00 4.4202351195158824e+00 2.6171280779789527e+01
1.2189379495928399e+00 4.4615551643002469e+00 2.6439034229887156e+01
1.2205087459196347e+00 4.5010935307533009e+00 2.3902777472374609e+01
1.2220795422464297e+00 4.5348633063076651e+00 1.9094236180268979e+01
1.2236503385732245e+00 4.5607627831889666e+00 1.3882001972960245e+01
1.2252211349000195e+00 4.5799425591118794e+00 1.0538447191249269e+01
1.2267919312268143e+00 4.5948699824013621e+00 8.4677384419223962e+00
1.2283627275536091e+00 4.6068584279269542e+00 6.7964244811661061e+00
1.2299335238804041e+00 4.6164476229785292e+00 5.4129178606770934e+00
1.2315043202071989e+00 4.6238875792830285e+00 4.0599287173141922e+00
1.2330751165339939e+00 4.6289600942116307e+00 2.3985978810412769e+00
1.2346459128607887e+00 4.6308439485821298e+00 0.0000000000000000e+00
1.2362167091875838e+00 4.6287557058162569e+00 -2.6588332685164873e+00
1.2377875055143785e+00 4.6211376939350144e+00 -7.0407207109442327e+00
1.2393583018411733e+00 4.6072943935562316e+00 -1.0585116760970134e+01
1.2409290981679684e+00 4.5883471584086672e+00 -1.3539252292302312e+01
1.2424998944947632e+00 4.5658040131291404e+00 -1.5163571740303173e+01
1.2440706908215582e+00 4.5417164261144274e+00 -1.5505696584076114e+01
1.2456414871483530e+00 4.5175052274684075e+00 -1.5320958957476464e+01
1.2472122834751480e+00 4.4934055436256441e+00 -1.5363711526742673e+01
1.2487830798019428e+00 4.4688643194985493e+00 -1.5883145508085528e+01
1.2503538761287378e+00 4.4429314667120057e+00 -1.7135588167534301e+01
1.2519246724555326e+00 4.4144069262217904e+00 -1.9182984780009619e+01
1.2534954687823274e+00 4.3821333807702798e+00 -2.1908969537663602e+01
1.2550662651091224e+00 4.3453414233862535e+00 -2.4936005531885701e+01
1.2566370614359172e+00 4.3040852355103683e+00 -2.7593004336718522e+01
1.2582078577627123e+00 4.2592411138776054e+00 -2.9504304675024187e+01
1.2597786540895071e+00 4.2118373507680946e+00 -3.0852041085266134e+01
1.2613494504163021e+00 4.1625736693341011e+00 -3.1872426235725062e+01
1.2629202467430969e+00 4.1118540222705855e+00 -3.2705834100557936e+01
1.2644910430698919e+00 4.0597569791494523e+00 -3.3626181365036956e+01
1.2660618393966867e+00 4.0056700300939809e+00 -3.5239461026470131e+01
1.2676326357234815e+00 3.9483478239289092e+00 -3.7745438654365849e+01
1.2692034320502765e+00 3.8870608494628214e+00 -4.0287560813025316e+01
1.2707742283770713e+00 3.8226252811313519e+00 -4.1754352874091452e+01
1.2723450247038663e+00 3.7571041664445124e+00 -4.1669721360314078e+01
1.2739158210306611e+00 3.6928914553993883e+00 -4.0088441616995347e+01
1.2754866173574562e+00 3.6318492460490432e+00 -3.7632913225860449e+01
1.2770574136842510e+00 3.5742815272764772e+00 -3.5664582815568210e+01
1.2786282100110460e+00 3.5190094067424011e+00 -3.4710066769780234e+01
1.2801990063378408e+00 3.4649936455563011e+00 -3.4064936411337179e+01
1.2817698026646356e+00 3.4122394154603213e+00 -3.3103835498926337e+01
1.2833405989914306e+00 3.3613915382433084e+00 -3.1637692539607666e+01
1.2849113953182254e+00 3.3132087046319136e+00 -2.9710596591818344e+01
1.2864821916450204e+00 3.2683534481873391e+00 -2.7400889702646452e+01
1.2880529879718152e+00 3.2275291005341198e+00 -2.4578284117451915e+01
1.2896237842986102e+00 3.1910333613794850e+00 -2.1889534188564891e+01
1.2911945806254050e+00 3.1581607255599677e+00 -1.9965205676524562e+01
1.2927653769521998e+00 3.1277128511954366e+00 -1.8802232017526933e+01
1.2943361732789949e+00 3.0985161291333889e+00 -1.8372189088511032e+01
1.2959069696057897e+00 3.0694852682555087e+00 -1.8591050998913321e+01
1.2974777659325847e+00 3.0402626442036866e+00 -1.8616349544792715e+01
1.2990485622593795e+00 3.0119111987929683e+00 -1.7481831902536090e+01
1.3006193585861745e+00 2.9854347019284564e+00 -1.6229090911414396e+01
1.3021901549129693e+00 2.9601823509366105e+00 -1.5923200968938216e+01
1.3037609512397643e+00 2.9346045533106420e+00 -1.6643462435675289e+01
1.3053317475665591e+00 2.9070547907287758e+00 -1.8433984731624214e+01
1.3069025438933539e+00 2.8758678876448123e+00 -2.1274413552703674e+01
1.3084733402201489e+00 2.8404087498870969e+00 -2.3873562862627651e+01
1.3100441365469437e+00 2.8021585936453213e+00 -2.4828048656702585e+01
1.3116149328737388e+00 2.7631558215151948e+00 -2.4831823173664919e+01
1.3131857292005336e+00 2.7245733307283939e+00 -2.4292929830472943e+01
1.3147565255273286e+00 2.6873168815991306e+00 -2.3143454497315119e+01
1.3163273218541234e+00 2.6523422830422727e+00 -2.1387587446516559e+01
1.3178981181809184e+00 2.6205032866101745e+00 -1.9151081875509629e+01
1.3194689145077132e+00 2.5923269965514768e+00 -1.6724084851154586e+01
1.3210397108345080e+00 2.5677693755358595e+00 -1.4543649350550847e+01
1.3226105071613030e+00 2.5461990365688525e+00 -1.2920559215582328e+01
1.3241813034880978e+00 2.5266696201399341e+00 -1.1945066067318923e+01
1.3257520998148928e+00 2.5081995088247506e+00 -1.1571810054831221e+01
1.3273228961416876e+00 2.4900450454927849e+00 -1.1543170572873413e+01
1.3288936924684827e+00 2.4727436254703949e+00 -1.0485681579704675e+01
1.3304644887952775e+00 2.4592700045318101e+00 -6.6694654100742508e+00
1.3320352851220723e+00 2.4517624181931184e+00 -2.8894904018618939e+00
1.3336060814488673e+00 2.4484627411366655e+00 -1.3117889112687229e+00
1.3351768777756621e+00 2.4463769040125638e+00 -1.3439813990145473e+00
1.3367476741024571e+00 2.4428480629624545e+00 -3.1490785730687598e+00
1.3383184704292519e+00 2.4343629566888878e+00 -7.6544942757171768e+00
1.3398892667560469e+00 2.4175255419598303e+00 -1.3783567988423689e+01
1.3414600630828417e+00 2.3917246765734079e+00 -1.9067114109960073e+01
1.3430308594096367e+00 2.3580585114838941e+00 -2.3797978601588035e+01
1.3446016557364315e+00 2.3173124763358857e+00 -2.8081484640028396e+01
1.3461724520632263e+00 2.2704165559123926e+00 -3.1628255729919932e+01
1.3477432483900214e+00 2.2183571276842438e+00 -3.4655866966455882e+01
1.3493140447168162e+00 2.1615002476365155e+00 -3.7736561100579692e+01
1.3508848410436112e+00 2.0999466861134799e+00 -4.0635867549831808e+01
1.3524556373704060e+00 2.0342403931693420e+00 -4.3023982964603000e+01
1.3540264336972010e+00 1.9651221065526705e+00 -4.4980152820075347e+01
1.3555972300239958e+00 1.8937983565327907e+00 -4.5832066184046603e+01
1.3571680263507908e+00 1.8222090039742329e+00 -4.5318328475489487e+01
1.3587388226775856e+00 1.7521643856187807e+00 -4.3865249510560126e+01
1.3603096190043804e+00 1.6843560600119782e+00 -4.2470992114304153e+01
1.3618804153311754e+00 1.6181039757325351e+00 -4.1883781511403136e+01
1.3634512116579702e+00 1.5524309442662729e+00 -4.1733719174083632e+01
1.3650220079847653e+00 1.4873935643970992e+00 -4.1074444761304235e+01
1.3665928043115600e+00 1.4242419288506010e+00 -3.9332714931205224e+01
1.3681636006383551e+00 1.3647475804211040e+00 -3.6417842177476651e+01
1.3697343969651499e+00 1.3105008136743994e+00 -3.2651286418456465e+01
1.3713051932919447e+00 1.2623486746461545e+00 -2.8657921155894265e+01
1.3728759896187397e+00 1.2200917250794807e+00 -2.5145298072269952e+01
1.3744467859455345e+00 1.1827569239002214e+00 -2.2390847183990889e+01
1.3760175822723295e+00 1.1492493391214389e+00 -2.0272334804917467e+01
1.3775883785991243e+00 1.1186614771815129e+00 -1.8673340605898389e+01
1.3791591749259193e+00 1.0902189948691965e+00 -1.7540752624570324e+01
1.3807299712527141e+00 1.0633612940360986e+00 -1.6655534156798712e+01
1.3823007675795091e+00 1.0382433036727345e+00 -1.5325684458110539e+01
1.3838715639063039e+00 1.0155673448920601e+00 -1.3546242976230319e+01
1.3854423602330987e+00 9.9549216045045064e-01 -1.2014275722680646e+01
1.3870131565598938e+00 9.7740504199591771e-01 -1.1014958743938045e+01
1.3885839528866886e+00 9.6045366622466388e-01 -1.0568203225689235e+01
1.3901547492134836e+00 9.4380814536315971e-01 -1.0625532177890371e+01
1.3917255455402784e+00 9.2664496111116079e-01 -1.1227312725331839e+01
1.3932963418670734e+00 9.0795119952601566e-01 -1.2574323764724166e+01
1.3948671381938682e+00 8.8693267613804971e-01 -1.4187291384776593e+01
1.3964379345206632e+00 8.6381222599160190e-01 -1.5250580033756300e+01
1.3980087308474580e+00 8.3943583847002801e-01 -1.5786400516502209e+01
1.3995795271742528e+00 8.1462418429939476e-01 -1.5804778743843173e+01
1.4011503235010478e+00 7.9016585680928075e-01 -1.5336531014650655e+01
1.4027211198278426e+00 7.6641958603120763e-01 -1.4898159979982875e+01
1.4042919161546377e+00 7.4294807255523287e-01 -1.4986699152410042e+01
1.4058627124814325e+00 7.1922869632303477e-01 -1.5213748642877729e+01
1.4074335088082275e+00 6.9543737817852791e-01 -1.5078298440081133e+01
1.4090043051350223e+00 6.7218513914347078e-01 -1.4527371802989993e+01
1.4105751014618173e+00 6.5012028397281285e-01 -1.3566474349143517e+01
1.4121458977886121e+00 6.2985574231157881e-01 -1.2235141449874394e+01
1.4137166941154069e+00 6.1230261286570731e-01 -1.0114197094465867e+01
1.4152874904422019e+00 5.9824737251338422e-01 -7.7814907328678240e+00
1.4168582867689967e+00 5.8731577532935364e-01 -6.1370510889563841e+00
1.4184290830957917e+00 5.7831337719115172e-01 -5.3251582180515964e+00
1.4199998794225865e+00 5.6996481499040064e-01 -5.3045613176266020e+00
1.4215706757493816e+00 5.6104841418248119e-01 -6.0481527877241241e+00
1.4231414720761764e+00 5.5055084623873862e-01 -7.3177658417939355e+00
1.4247122684029712e+00 5.3839179789283431e-01 -8.1636153385590706e+00
1.4262830647297662e+00 5.2535367118991949e-01 -8.4370431688582759e+00
1.4278538610565610e+00 5.1169365394951627e-01 -8.9554309633883218e+00
1.4294246573833560e+00 4.9692387446367348e-01 -9.8500363450033888e+00
1.4309954537101508e+00 4.8042188249641793e-01 -1.1160952394609653e+01
1.4325662500369458e+00 4.6144245890415381e-01 -1.3004400259338601e+01
1.4341370463637406e+00 4.3917019797066864e-01 -1.5353523111836543e+01
1.4357078426905356e+00 4.1317371755836058e-01 -1.7746223773044520e+01
1.4372786390173304e+00 3.8369864567280371e-01 -1.9782603335560438e+01
1.4388494353441252e+00 3.5150750849004986e-01 -2.1204425515518782e+01
1.4404202316709203e+00 3.1777576066027496e-01 -2.1744169734381757e+01
1.4419910279977151e+00 2.8383877738976643e-01 -2.1465739394648057e+01
1.4435618243245101e+00 2.5066289893132548e-01 -2.0775100989963011e+01
1.4451326206513049e+00 2.1827124057230757e-01 -2.0467239352292466e+01
1.4467034169780999e+00 1.8596012467587267e-01 -2.0672551141566146e+01
1.4482742133048947e+00 1.5353303936240315e-01 -2.0614896200046648e+01
1.4498450096316897e+00 1.2191069230566653e-01 -1.9647926569926813e+01
1.4514158059584845e+00 9.2666128302731993e-02 -1.7587408787150203e+01
1.4529866022852793e+00 6.7331760601736609e-02 -1.4669310010620386e+01
1.4545573986120743e+00 4.6800721641366616e-02 -1.1471620688218930e+01
1.4561281949388691e+00 3.0797148739826034e-02 -8.9047611870758523e+00
1.4576989912656642e+00 1.8327063562126863e-02 -6.9726443873852846e+00
1.4592697875924590e+00 8.8102715669153338e-03 -5.1445115199378408e+00
1.4608405839192540e+00 2.6791145012616683e-03 -2.6619201110341901e+00
1.4624113802460488e+00 2.9422366747240686e-04 -3.7461720842290053e-01
1.4639821765728436e+00 0.0000000000000000e+00 0.0000000000000000e+00
1.4655529728996386e+00 1.0722412019129222e-03 1.3652198997697846e+00
1.4671237692264334e+00 4.4570220502278979e-03 2.9444169265673406e+00
1.4686945655532284e+00 1.0050302713750285e-02 4.1771691990313284e+00
1.4702653618800232e+00 1.7433671569157098e-02 5.2236280010392049e+00
1.4718361582068182e+00 2.6153553879047053e-02 5.8788709813484035e+00
1.4734069545336130e+00 3.5655082347371740e-02 6.2188507999502587e+00
1.4749777508604081e+00 4.5703387363109804e-02 6.5750485036471167e+00
1.4765485471872029e+00 5.6703022371813828e-02 7.4301217670890258e+00
1.4781193435139977e+00 6.9662309709066672e-02 9.0701553422879773e+00
1.4796901398407927e+00 8.5607475014008574e-02 1.1231859671301557e+01
1.4812609361675875e+00 1.0482412051495497e-01 1.3235533297661975e+01
1.4828317324943825e+00 1.2671741286483101e-01 1.4639872286645808e+01
1.4844025288211773e+00 1.5039231340145981e-01 1.5503947294263567e+01
1.4859733251479723e+00 1.7529455842800407e-01 1.6202575826214598e+01
1.4875441214747671e+00 2.0148182979387499e-01 1.7140093645525141e+01
1.4891149178015621e+00 2.2933585619214028e-01 1.8324754244840545e+01
1.4906857141283569e+00 2.5892593254613211e-01 1.9350501100797032e+01
1.4922565104551517e+00 2.8970603598300515e-01 1.9839943786070826e+01
1.4938273067819468e+00 3.2072118413183509e-01 1.9649769322835930e+01
1.4953981031087415e+00 3.5100771059332420e-01 1.8912233840602330e+01
1.4969688994355366e+00 3.7995147408158514e-01 1.7940110406110346e+01
1.4985396957623314e+00 4.0744202670021951e-01 1.7061948294559897e+01
1.5001104920891264e+00 4.3370515016350386e-01 1.6377299067152986e+01
1.5016812884159212e+00 4.5895476887232511e-01 1.5771513962405065e+01
1.5032520847427160e+00 4.8321845045874551e-01 1.5121964934289691e+01
1.5048228810695110e+00 5.0638834360063245e-01 1.4378859261246467e+01
1.5063936773963058e+00 5.2828585003732687e-01 1.3501911865047385e+01
1.5079644737231008e+00 5.4874956143789821e-01 1.2553294722205756e+01
1.5095352700498956e+00 5.6775229718474740e-01 1.1641739888836552e+01
1.5111060663766906e+00 5.8542605051255525e-01 1.0861181752021364e+01
1.5126768627034854e+00 6.0206746763876240e-01 1.0327328613499835e+01
1.5142476590302805e+00 6.1809431326369868e-01 1.0078685013533212e+01
1.5158184553570753e+00 6.3390053538297553e-01 1.0046422041598932e+01
1.5173892516838701e+00 6.4970056545253918e-01 1.0070801050975497e+01
1.5189600480106651e+00 6.6557708074613964e-01 1.0143806053427618e+01
1.5205308443374599e+00 6.8156510018901573e-01 1.0212772543238145e+01
1.5221016406642549e+00 6.9759915339775624e-01 1.0202418064516406e+01
1.5236724369910497e+00 7.1366338509276506e-01 1.0251196985358071e+01
1.5252432333178447e+00 7.2989930508162626e-01 1.0421018389614396e+01
1.5268140296446395e+00 7.4641210181476070e-01 1.0603727405187266e+01
1.5283848259714345e+00 7.6299043094298680e-01 1.0504456826503397e+01
1.5299556222982293e+00 7.7912992130211201e-01 1.0044980530608033e+01
1.5315264186250241e+00 7.9443208991732983e-01 9.4383456704938844e+00
1.5330972149518192e+00 8.0891758604466391e-01 9.0051608239344976e+00
1.5346680112786140e+00 8.2303648487758818e-01 8.9715794982609012e+00
1.5362388076054090e+00 8.3746298056374824e-01 9.3968053013078965e+00
1.5378096039322038e+00 8.5294154767903241e-01 1.0311118445710468e+01
1.5393804002589988e+00 8.7020555204047689e-01 1.1670094607759296e+01
1.5409511965857936e+00 8.8980769538212634e-01 1.3288129456397341e+01
1.5425219929125886e+00 9.1193342388816978e-01 1.4883223033568951e+01
1.5440927892393834e+00 9.3638210435532898e-01 1.6245803753814226e+01
1.5456635855661782e+00 9.6270625906494700e-01 1.7271151004199915e+01
1.5472343818929732e+00 9.9041066776114717e-01 1.8003197711304050e+01
1.5488051782197680e+00 1.0192193014873385e+00 1.8677093978676130e+01
1.5503759745465631e+00 1.0490162630772470e+00 1.9261575830547034e+01
1.5519467708733579e+00 1.0796229887011546e+00 1.9708117568673511e+01
1.5535175672001529e+00 1.1108299944368070e+00 2.0025876206733042e+01
1.5550883635269477e+00 1.1422068706190587e+00 1.9924403338771256e+01
1.5566591598537425e+00 1.1729939709713522e+00 1.9274950297501139e+01
1.5582299561805375e+00 1.2024326134440113e+00 1.8207493442005536e+01
1.5598007525073323e+00 1.2300721757575839e+00 1.6984290294808947e+01
1.5613715488341273e+00 1.2556593095438222e+00 1.5594260278256305e+01
1.5629423451609221e+00 1.2791924784901534e+00 1.4369101037147905e+01
1.5645131414877171e+00 1.3011039049689386e+00 1.3529393637196250e+01
1.5660839378145119e+00 1.3218646964797431e+00 1.2904067094363770e+01
1.5676547341413070e+00 1.3417759190082819e+00 1.2447688812991293e+01
1.5692255304681018e+00 1.3611607520116320e+00 1.2233847134962943e+01
1.5707963267948966e+00 1.3802678311687377e+00 1.2094041632250580e+01
1.5723671231216916e+00 1.3989803456824901e+00 1.1731471828087621e+01
1.5739379194484864e+00 1.4171396857301986e+00 1.1389718026949126e+01
1.5755087157752814e+00 1.4349580602699337e+00 1.1297341059942113e+01
1.5770795121020762e+00 1.4527957998179493e+00 1.1414374321279201e+01
1.5786503084288712e+00 1.4709613293122992e+00 1.1714696181978310e+01
1.5802211047556660e+00 1.4894382781284556e+00 1.1810885716801234e+01
1.5817919010824610e+00 1.5073373937868593e+00 1.0978976155264947e+01
1.5833626974092558e+00 1.5233195086196700e+00 9.3700844583693392e+00
1.5849334937360506e+00 1.5369277861066113e+00 7.9565125737346696e+00
1.5865042900628457e+00 1.5488475238659141e+00 7.2201689042813380e+00
1.5880750863896405e+00 1.5601781789117963e+00 7.2064691678898107e+00
1.5896458827164355e+00 1.5720462559235533e+00 7.9044358034404141e+00
1.5912166790432303e+00 1.5854236824352725e+00 9.1282326380702390e+00
1.5927874753700253e+00 1.6007697772949898e+00 1.0411022194577210e+01
1.5943582716968201e+00 1.6178676513820049e+00 1.1358667223914347e+01
1.5959290680236149e+00 1.6362033566588821e+00 1.1987077815216265e+01
1.5974998643504099e+00 1.6553717266500143e+00 1.2418848865606197e+01
1.5990706606772047e+00 1.6750520160801725e+00 1.2638873888706152e+01
1.6006414570039997e+00 1.6949344243514153e+00 1.2676194566807505e+01
1.6022122533307945e+00 1.7145962388263649e+00 1.2358005143946130e+01
1.6037830496575896e+00 1.7333956676282991e+00 1.1578171025107828e+01
1.6053538459843844e+00 1.7509277324523971e+00 1.0744347209795452e+01
1.6069246423111794e+00 1.7673980748332367e+00 1.0226344024815560e+01
1.6084954386379742e+00 1.7833372209221148e+00 1.0068007084855941e+01
1.6100662349647690e+00 1.7992247747127899e+00 1.0160654670539992e+01
1.6116370312915640e+00 1.8152311753379966e+00 1.0219327574345135e+01
1.6132078276183588e+00 1.8306672752834736e+00 9.4345252927217924e+00
1.6147786239451538e+00 1.8443213309726842e+00 7.9503583567959879e+00
1.6163494202719486e+00 1.8560126102232493e+00 6.9354407135660230e+00
1.6179202165987436e+00 1.8668852618965301e+00 6.9080493529849161e+00
1.6194910129255384e+00 1.8785978822164315e+00 8.0049220107829484e+00
1.6210618092523335e+00 1.8929693376875716e+00 1.0293383410471554e+01
1.6226326055791283e+00 1.9117698646057983e+00 1.3644190923674053e+01
1.6242034019059230e+00 1.9360217627681404e+00 1.7234284851511802e+01
1.6257741982327181e+00 1.9653745551719266e+00 2.0138851185387797e+01
1.6273449945595129e+00 1.9987621439430261e+00 2.2371547141334513e+01
1.6289157908863079e+00 2.0351056920940218e+00 2.3902495560496348e+01
1.6304865872131027e+00 2.0733433012319131e+00 2.4783140489996320e+01
1.6320573835398977e+00 2.1125240948173705e+00 2.5103395297109998e+01
1.6336281798666925e+00 2.1522154536089380e+00 2.5433212300588714e+01
1.6351989761934873e+00 2.1929491590943635e+00 2.6430552327053675e+01
1.6367697725202823e+00 2.2353631381891650e+00 2.7572603106013734e+01
1.6383405688470771e+00 2.2789848867867275e+00 2.7968332218901978e+01
1.6399113651738721e+00 2.3225208286675940e+00 2.7463350601104416e+01
1.6414821615006669e+00 2.3645477813235725e+00 2.6047027465203044e+01
1.6430529578274620e+00 2.4035150937595438e+00 2.3567695680322235e+01
1.6446237541542568e+00 2.4381844297409092e+00 2.0574673880864857e+01
1.6461945504810518e+00 2.4684479401304524e+00 1.7958024309601775e+01
1.6477653468078466e+00 2.4952311667806950e+00 1.6143438997094034e+01
1.6493361431346414e+00 2.5199743850827847e+00 1.5360605009143592e+01
1.6509069394614364e+00 2.5443531394092789e+00 1.5679389050729895e+01
1.6524777357882312e+00 2.5700475248474079e+00 1.7035718566765617e+01
1.6540485321150262e+00 2.5982946956034887e+00 1.8929696266760395e+01
1.6556193284418210e+00 2.6288658213294709e+00 1.9994669934632981e+01
1.6571901247686160e+00 2.6601787925519305e+00 1.9874243288953618e+01
1.6587609210954108e+00 2.6912342640778308e+00 1.9666811138222204e+01
1.6603317174222059e+00 2.7223194508819106e+00 1.9912077956208531e+01
1.6619025137490007e+00 2.7542301968660858e+00 2.0717945732844825e+01
1.6634733100757955e+00 2.7879640143936579e+00 2.2233284738142686e+01
1.6650441064025905e+00 2.8248217600837764e+00 2.4695454604304715e+01
1.6666149027293853e+00 2.8661742340303764e+00 2.7956150497140019e+01
1.6681856990561803e+00 2.9127587455026704e+00 3.1357091681548948e+01
1.6697564953829751e+00 2.9641567581026118e+00 3.4084890481496444e+01
1.6713272917097701e+00 3.0188748753011874e+00 3.5584380149177505e+01
1.6728980880365649e+00 3.0750116538155843e+00 3.5891186169396562e+01
1.6744688843633597e+00 3.1311885214935402e+00 3.5635423257536061e+01
1.6760396806901547e+00 3.1874079660352117e+00 3.5945396715959909e+01
1.6776104770169495e+00 3.2447729156175367e+00 3.7093925573999918e+01
1.6791812733437446e+00 3.3036990236447177e+00 3.7933125383537266e+01
1.6807520696705394e+00 3.3626663354157129e+00 3.7146387810026006e+01
1.6823228659973344e+00 3.4187087334597992e+00 3.4209009561487285e+01
1.6838936623241292e+00 3.4685217727763886e+00 2.9214921939845929e+01
1.6854644586509242e+00 3.5097677539794909e+00 2.3301092389342777e+01
1.6870352549777190e+00 3.5421339680307229e+00 1.7908851254051168e+01
1.6886060513045138e+00 3.5671817877020358e+00 1.3983023260861922e+01
1.6901768476313088e+00 3.5871661662499319e+00 1.1461877783274591e+01
1.6917476439581036e+00 3.6040171651891058e+00 9.9934804343734456e+00
1.6933184402848986e+00 3.6192791377821196e+00 9.4386666017143082e+00
1.6948892366116934e+00 3.6342523190088474e+00 9.6257798466429119e+00
1.6964600329384885e+00 3.6495226115118129e+00 9.8169604278040179e+00
1.6980308292652833e+00 3.6641353002741028e+00 8.7884927592519837e+00
1.6996016255920783e+00 3.6768152713044087e+00 7.3561477826281489e+00
1.7011724219188731e+00 3.6879465370624649e+00 6.8166199634860893e+00
1.7027432182456679e+00 3.6991254423262339e+00 7.4168042851937122e+00
1.7043140145724629e+00 3.7122479523642609e+00 9.2912944214048547e+00
1.7058848108992577e+00 3.7294703432593810e+00 1.2636934721150402e+01
1.7074556072260527e+00 3.7530705356907270e+00 1.7411763545796713e+01
1.7090264035528475e+00 3.7845014517842990e+00 2.2607321751794647e+01
1.7105971998796425e+00 3.8228129639540165e+00 2.6172410561288320e+01
1.7121679962064373e+00 3.8642701430598181e+00 2.6612509289389713e+01
1.7137387925332324e+00 3.9032508054037516e+00 2.3019211486871594e+01
1.7153095888600272e+00 3.9337609765754320e+00 1.5827544965552992e+01
1.7168803851868220e+00 3.9530663006904492e+00 8.7527571216175950e+00
1.7184511815136170e+00 3.9642729035106301e+00 5.5159327511762255e+00
1.7200219778404118e+00 3.9719426925738817e+00 4.2495459839337695e+00
1.7215927741672068e+00 3.9778748434437459e+00 3.3035030889116954e+00
1.7231635704940016e+00 3.9821862382366207e+00 2.1859352543423700e+00
1.7247343668207966e+00 3.9839551331137026e+00 6.6291653637766471e-02
1.7263051631475914e+00 3.9840071984567182e+00 0.0000000000000000e+00
1.7278759594743862e+00 3.9808269685388451e+00 -4.0491944927861638e+00
1.7294467558011812e+00 3.9695684687138009e+00 -1.0285572698853192e+01
1.7310175521279760e+00 3.9465036379202956e+00 -1.9081481960064831e+01
1.7325883484547711e+00 3.9099823221548813e+00 -2.7418901498216471e+01
1.7341591447815659e+00 3.8631544789915413e+00 -3.2204160212007963e+01
1.7357299411083609e+00 3.8120224941859271e+00 -3.2899104843292236e+01
1.7373007374351557e+00 3.7620111628196011e+00 -3.0777299937172199e+01
1.7388715337619507e+00 3.7161361213402109e+00 -2.7632616990748733e+01
1.7404423300887455e+00 3.6749027779009880e+00 -2.4867306437719378e+01
1.7420131264155403e+00 3.6375615532212491e+00 -2.2677017473367926e+01
1.7435839227423353e+00 3.6038069414956757e+00 -2.0300688992809739e+01
1.7451547190691301e+00 3.5744628750957719e+00 -1.7061336750884390e+01
1.7467255153959251e+00 3.5506906433171346e+00 -1.3206408816284135e+01
1.7482963117227199e+00 3.5326543751486938e+00 -9.7580810552239399e+00
1.7498671080495150e+00 3.5199447983264140e+00 -6.4242547517506381e+00
1.7514379043763098e+00 3.5120453015430035e+00 -3.6336969363966487e+00
1.7530087007031048e+00 3.5078365382305261e+00 -1.7250669474797913e+00
1.7545794970298996e+00 3.5064816738182381e+00 0.0000000000000000e+00
1.7561502933566944e+00 3.5066329552792612e+00 1.9261753856029079e-01
1.7577210896834894e+00 3.5081208145850531e+00 1.7017837665757298e+00
1.7592918860102842e+00 3.5102072554263639e+00 9.5475522033197968e-01
1.7608626823370792e+00 3.5115960664599508e+00 8.1353390779515811e-01
1.7624334786638740e+00 3.5133316605260734e+00 1.3962930907999753e+00
1.7640042749906690e+00 3.5161511457027590e+00 2.1935869319506618e+00
1.7655750713174638e+00 3.5200318133518800e+00 2.7474325788848062e+00
1.7671458676442586e+00 3.5245562815635996e+00 3.0132992671738594e+00
1.7687166639710536e+00 3.5294962663364617e+00 3.2764846960233722e+00
1.7702874602978484e+00 3.5350716141012057e+00 3.8222685537000123e+00
1.7718582566246435e+00 3.5418411500702676e+00 4.7969723416159571e+00
1.7734290529514383e+00 3.5504670431693928e+00 6.1858558608488465e+00
1.7749998492782333e+00 3.5611817734180087e+00 7.4565624028578892e+00
1.7765706456050281e+00 3.5733158278102803e+00 7.9929954873506333e+00
1.7781414419318231e+00 3.5857569197316361e+00 7.8474947266034762e+00
1.7797122382586179e+00 3.5978555803177978e+00 7.5569983700270873e+00
1.7812830345854127e+00 3.6094721561514320e+00 7.2336853557719216e+00
1.7828538309122077e+00 3.6200242865535546e+00 6.2017043534115359e+00
1.7844246272390025e+00 3.6280278191505300e+00 3.9887098466351172e+00
1.7859954235657975e+00 3.6325559326705545e+00 1.7766633501093811e+00
1.7875662198925923e+00 3.6339513208027059e+00 0.0000000000000000e+00
1.7891370162193874e+00 3.6327170064160925e+00 -1.5715778876717377e+00
1.7907078125461822e+00 3.6261914979616208e+00 -6.7369575260660417e+00
1.7922786088729772e+00 3.6108902975476962e+00 -1.2745135922859447e+01
1.7938494051997720e+00 3.5859784743755538e+00 -1.8973582471364050e+01
1.7954202015265668e+00 3.5527297054854370e+00 -2.3360064893295331e+01
1.7969909978533618e+00 3.5151098407432162e+00 -2.4539034564084655e+01
1.7985617941801566e+00 3.4784968523225350e+00 -2.2078070144060199e+01
1.8001325905069516e+00 3.4472985346898932e+00 -1.7644861595024242e+01
1.8017033868337464e+00 3.4221115081293547e+00 -1.4424256636150490e+01
1.8032741831605414e+00 3.4000024694461493e+00 -1.3725845711384002e+01
1.8048449794873362e+00 3.3780355582532557e+00 -1.4243294295095243e+01
1.8064157758141310e+00 3.3559620966203711e+00 -1.3861509945089498e+01
1.8079865721409261e+00 3.3358489095620136e+00 -1.1747395188264747e+01
1.8095573684677209e+00 3.3208551058679316e+00 -7.3433086010376911e+00
1.8111281647945159e+00 3.3131900122355193e+00 -2.4161917258464740e+00
1.8126989611213107e+00 3.3112923396916236e+00 0.0000000000000000e+00
1.8142697574481057e+00 3.3164762760258490e+00 6.6003927381248868e+00
1.8158405537749005e+00 3.3365331732547578e+00 1.8936841958412710e+01
1.8174113501016955e+00 3.3739408656774761e+00 2.8692111311478016e+01
1.8189821464284903e+00 3.4236599386646995e+00 3.4612178543432869e+01
1.8205529427552851e+00 3.4804337383953783e+00 3.7674468378546564e+01
1.8221237390820801e+00 3.5412489670864069e+00 3.9757885712977185e+01
1.8236945354088749e+00 3.6058917139625346e+00 4.2547815890019322e+01
1.8252653317356700e+00 3.6757109355930968e+00 4.6348778072634119e+01
1.8268361280624648e+00 3.7513241438814426e+00 4.9924948824390135e+01
1.8284069243892598e+00 3.8312026901738845e+00 5.1779575091097378e+01
1.8299777207160546e+00 3.9122507004357661e+00 5.1413956596437870e+01
1.8315485170428496e+00 3.9914407856950462e+00 4.9413991506618537e+01
1.8331193133696444e+00 4.0672811925400856e+00 4.7149013577295285e+01
1.8346901096964392e+00 4.1402045212915723e+00 4.5699852322826267e+01
1.8362609060232342e+00 4.2112683187020004e+00 4.4781384739172232e+01
1.8378317023500290e+00 4.2804003968352777e+00 4.3240310949843412e+01
1.8394024986768240e+00 4.3460146284748999e+00 4.0302323471129952e+01
1.8409732950036188e+00 4.4059584743889415e+00 3.6020551610143748e+01
1.8425440913304139e+00 4.4587618670304305e+00 3.1210815997172986e+01
1.8441148876572087e+00 4.5048087777857155e+00 2.7417931689350695e+01
1.8456856839840037e+00 4.5460460147669188e+00 2.5086949150728024e+01
1.8472564803107985e+00 4.5839882011690323e+00 2.3222542990158725e+01
1.8488272766375933e+00 4.6186261581921819e+00 2.0879873640555711e+01
1.8503980729643883e+00 4.6489422353750429e+00 1.7719754669903189e+01
1.8519688692911831e+00 4.6737808125796505e+00 1.3905704061962942e+01
1.8535396656179781e+00 4.6925729374898602e+00 1.0021172503316736e+01
1.8551104619447729e+00 4.7061455972333412e+00 7.2600746093195028e+00
1.8566812582715679e+00 4.7162706849550373e+00 5.6315874718555960e+00
1.8582520545983627e+00 4.7243424727419141e+00 4.6457319351067614e+00
1.8598228509251575e+00 4.7311921812429087e+00 4.0755877982684670e+00
1.8613936472519526e+00 4.7373996931612288e+00 3.8280618505511672e+00
1.8629644435787474e+00 4.7433926277915992e+00 3.8023795098496009e+00
1.8645352399055424e+00 4.7490784861079280e+00 3.4370801442607384e+00
1.8661060362323372e+00 4.7528940683149310e+00 1.4210700078836958e+00
1.8676768325591322e+00 4.7540101740891823e+00 0.0000000000000000e+00
1.8692476288859270e+00 4.7537183322154792e+00 -3.7158461440876711e-01
1.8708184252127220e+00 4.7534264903417762e+00 0.0000000000000000e+00
1.8723892215395168e+00 4.7539066815706059e+00 6.1139846158099576e-01
1.8739600178663116e+00 4.7564012176466104e+00 2.5647435161566619e+00
1.8755308141931066e+00 4.7618533064259410e+00 4.3770715190931107e+00
1.8771016105199014e+00 4.7692586585449552e+00 5.0517156415251003e+00
1.8786724068466965e+00 4.7772222732943490e+00 5.0878735764388381e+00
1.8802432031734913e+00 4.7852083357329018e+00 5.0802969270509264e+00
1.8818139995002863e+00 4.7932060117617281e+00 5.1026604588306572e+00
1.8833847958270811e+00 4.8012750946444793e+00 5.1712149572348958e+00
1.8849555921538761e+00 4.8094897898044326e+00 5.2880597683614941e+00
1.8865263884806709e+00 4.8179262452339913e+00 5.4535689019485156e+00
1.8880971848074657e+00 4.8266613607197124e+00 5.6683255623006783e+00
1.8896679811342607e+00 4.8357730925126257e+00 5.9330916774556153e+00
1.8912387774610555e+00 4.8453407010530185e+00 6.2487658647188047e+00
1.8928095737878505e+00 4.8554449315397097e+00 6.6163399600544510e+00
1.8943803701146453e+00 4.8661681316792391e+00 7.0368625037050201e+00
1.8959511664414403e+00 4.8775943211419008e+00 7.5114137657910485e+00
1.8975219627682351e+00 4.8898092312818981e+00 8.0410928598413847e+00
1.8990927590950299e+00 4.9029003322783158e+00 8.6270146129207710e+00
1.9006635554218250e+00 4.9169568602278630e+00 9.2703126341163244e+00
1.9022343517486198e+00 4.9320821259554126e+00 9.9877738148282358e+00
1.9038051480754148e+00 4.9484840935139713e+00 1.0895859892190151e+01
1.9053759444022096e+00 4.9667400793099503e+00 1.2348383151375598e+01
1.9069467407290046e+00 4.9881612696932063e+00 1.4925923539884023e+01
1.9085175370557994e+00 5.0148537063258036e+00 1.9059942326078939e+01
1.9100883333825944e+00 5.0489430685786516e+00 2.4343981749045252e+01
1.9116591297093892e+00 5.0906561439155036e+00 2.8766755302354635e+01
1.9132299260361840e+00 5.1361610706270024e+00 2.9171916867004303e+01
1.9148007223629790e+00 5.1797615544114937e+00 2.6341943256990145e+01
1.9163715186897738e+00 5.2195925481236189e+00 2.4372453043388383e+01
1.9179423150165689e+00 5.2582432907112437e+00 2.4839200852551269e+01
1.9195131113433637e+00 5.2979811632258764e+00 2.5756629856726356e+01
1.9210839076701587e+00 5.3384395827954414e+00 2.5756629856726356e+01
1.9226547039969535e+00 5.3788980023650002e+00 2.5756629856726356e+01
1.9242255003237485e+00 5.4193564219345651e+00 2.5756629856726356e+01
1.9257962966505433e+00 5.4598148415041239e+00 2.5756629856726196e+01
1.9273670929773381e+00 5.5002732610736826e+00 2.5756629856726356e+01
1.9289378893041331e+00 5.5407316806432476e+00 2.5756629856726356e+01
1.9305086856309279e+00 5.5811901002128064e+00 2.5756629856726356e+01
1.9320794819577229e+00 5.6216485197823713e+00 2.5756629856726356e+01
1.9336502782845177e+00 5.6621069393519301e+00 2.5756629856726356e+01
1.9352210746113128e+00 5.7025653589214951e+00 2.5756629856726356e+01
1.9367918709381076e+00 5.7430237784910538e+00 2.5756629856726477e+01
1.9383626672649024e+00 5.7834821980606126e+00 2.5756629856726352e+01
1.9399334635916974e+00 5.8239406176301776e+00 2.5756629856726352e+01
1.9415042599184922e+00 5.8643990371997363e+00 2.5756629856726352e+01
1.9430750562452872e+00 5.9048574567693013e+00 2.5756629856726352e+01
1.9446458525720820e+00 5.9453158763388601e+00 2.5756629856726352e+01
1.9462166488988770e+00 5.9857742959084250e+00 2.5756629856726352e+01
1.9477874452256718e+00 6.0262327154779838e+00 2.5756629856726352e+01
1.9493582415524668e+00 6.0666911350475488e+00 2.5756629856726352e+01
1.9509290378792616e+00 6.1071495546171075e+00 2.5756629856726477e+01
1.9524998342060564e+00 6.1476079741866663e+00 2.5756629856726356e+01
1.9540706305328515e+00 6.1880663937562312e+00 2.5756629856726356e+01
1.9556414268596463e+00 6.2285248133257900e+00 2.5756629856726356e+01
1.9572122231864413e+00 6.2689832328953550e+00 2.5756629856726356e+01
1.9587830195132361e+00 6.3094416524649137e+00 2.5756629856726356e+01
1.9603538158400311e+00 6.3499000720344787e+00 2.5756629856726356e+01
1.9619246121668259e+00 6.3903584916040375e+00 2.5756629856726356e+01
1.9634954084936209e+00 6.4308169111736024e+00 2.5756629856726356e+01
1.9650662048204157e+00 6.4712753307431612e+00 2.5756629856726196e+01
1.9666370011472105e+00 6.5117337503127199e+00 2.5756629856726356e+01
1.9682077974740055e+00 6.5521921698822849e+00 2.5756629856726356e+01
1.9697785938008003e+00 6.5926505894518437e+00 2.5756629856726356e+01
1.9713493901275954e+00 6.6331090090214087e+00 2.5756629856726356e+01
1.9729201864543902e+00 6.6735674285909674e+00 2.5756629856726356e+01
1.9744909827811852e+00 6.7140258481605324e+00 2.5756629856726356e+01
1.9760617791079800e+00 6.7544842677300911e+00 2.5756629856726356e+01
1.9776325754347750e+00 6.7949426872996561e+00 2.5756629856726637e+01
1.9792033717615698e+00 6.8354011068692158e+00 2.5756629856726477e+01
1.9807741680883646e+00 6.8758595264387745e+00 2.5756629856726072e+01
1.9823449644151596e+00 6.9163179460083386e+00 2.5756629856726352e+01
1.9839157607419544e+00 6.9567763655778982e+00 2.5756629856726637e+01
1.9854865570687494e+00 6.9972347851474632e+00 2.5756629856726356e+01
1.9870573533955442e+00 7.0376932047170220e+00 2.5756629856726072e+01
1.9886281497223393e+00 7.0781516242865861e+00 2.5756629856726352e+01
1.9901989460491341e+00 7.1186100438561448e+00 2.5756629856726477e+01
1.9917697423759289e+00 7.1590684634257036e+00 2.5756629856726356e+01
1.9933405387027239e+00 7.1995268829952686e+00 2.5756629856726356e+01
1.9949113350295187e+00 7.2399853025648273e+00 2.5756629856726072e+01
1.9964821313563137e+00 7.2804437221343914e+00 2.5756629856726352e+01
1.9980529276831085e+00 7.3209021417039510e+00 2.5756629856726637e+01
1.9996237240099035e+00 7.3613605612735160e+00 2.5756629856726232e+01
2.0011945203366985e+00 7.4018189808430810e+00 2.5756629856726352e+01
2.0027653166634933e+00 7.4422774004126397e+00 2.5756629856726477e+01
2.0043361129902881e+00 7.4827358199821985e+00 2.5756629856726477e+01
2.0059069093170829e+00 7.5231942395517573e+00 2.5756629856726477e+01
2.0074777056438777e+00 7.5636526591213160e+00 2.5756629856726232e+01
2.0090485019706730e+00 7.6041110786908863e+00 2.5756629856726232e+01
2.0106192982974678e+00 7.6445694982604451e+00 2.5756629856726477e+01
2.0121900946242626e+00 7.6850279178300038e+00 2.5756629856726477e+01
2.0137608909510574e+00 7.7254863373995626e+00 2.5756629856726232e+01
2.0153316872778526e+00 7.7659447569691329e+00 2.5756629856726232e+01
2.0169024836046474e+00 7.8064031765386916e+00 2.5756629856726477e+01
2.0184732799314422e+00 7.8468615961082504e+00 2.5756629856726477e+01
2.0200440762582370e+00 7.8873200156778092e+00 2.5756629856726196e+01
2.0216148725850318e+00 7.9277784352473679e+00 2.5756629856726232e+01
2.0231856689118271e+00 7.9682368548169382e+00 2.5756629856726519e+01
2.0247564652386218e+00 8.0086952743864970e+00 2.5756629856726477e+01
2.0263272615654166e+00 8.0491536939560557e+00 2.5756629856726196e+01
2.0278980578922114e+00 8.0896121135256145e+00 2.5756629856725951e+01
2.0294688542190067e+00 8.1300705330951839e+00 2.5756629856726519e+01
2.0310396505458015e+00 8.1705289526647427e+00 2.5756629856726761e+01
2.0326104468725963e+00 8.2109873722343014e+00 2.5756629856726196e+01
2.0341812431993911e+00 8.2514457918038602e+00 2.5756629856726196e+01
2.0357520395261859e+00 8.2919042113734189e+00 2.5756629856726519e+01
2.0373228358529811e+00 8.3323626309429901e+00 2.5756629856726519e+01
2.0388936321797759e+00 8.3728210505125489e+00 2.5756629856726196e+01
2.0404644285065707e+00 8.4132794700821076e+00 2.5756629856726196e+01
2.0420352248333655e+00 8.4537378896516664e+00 2.5756629856726196e+01
2.0436060211601603e+00 8.4941963092212251e+00 2.5756629856726519e+01
2.0451768174869556e+00 8.5346547287907963e+00 2.5756629856726519e+01
2.0467476138137504e+00 8.5751131483603551e+00 2.5756629856726196e+01
2.0483184101405452e+00 8.6155715679299139e+00 2.5756629856726196e+01
2.0498892064673400e+00 8.6560299874994726e+00 2.5756629856726519e+01
2.0514600027941352e+00 8.6964884070690438e+00 2.5756629856726519e+01
2.0530307991209300e+00 8.7369468266386026e+00 2.5756629856726196e+01
2.0546015954477248e+00 8.7774052462081613e+00 2.5756629856726196e+01
2.0561723917745196e+00 8.8178636657777201e+00 2.5756629856726196e+01
2.0577431881013144e+00 8.8583220853472788e+00 2.5756629856726519e+01
2.0593139844281096e+00 8.8987805049168500e+00 2.5756629856726519e+01
2.0608847807549044e+00 8.9392389244864088e+00 2.5756629856726196e+01
2.0624555770816992e+00 8.9796973440559675e+00 2.5756629856726761e+01
2.0640263734084940e+00 9.0201557636255263e+00 2.5756629856726519e+01
2.0655971697352893e+00 9.0606141831950957e+00 2.5756629856725951e+01
2.0671679660620841e+00 9.1010726027646545e+00 2.5756629856726196e+01
2.0687387623888789e+00 9.1415310223342132e+00 2.5756629856726196e+01
2.0703095587156737e+00 9.1819894419037720e+00 2.5756629856726761e+01
2.0718803550424685e+00 9.2224478614733307e+00 2.5756629856726519e+01
2.0734511513692637e+00 9.2629062810429001e+00 2.5756629856725951e+01
2.0750219476960585e+00 9.3033647006124589e+00 2.5756629856726761e+01
2.0765927440228533e+00 9.3438231201820177e+00 2.5756629856726196e+01
2.0781635403496481e+00 9.3842815397515764e+00 2.5756629856725951e+01
2.0797343366764434e+00 9.4247399593211476e+00 2.5756629856727081e+01
2.0813051330032382e+00 9.4651983788907064e+00 2.5756629856726196e+01
2.0828759293300330e+00 9.5056567984602651e+00 2.5756629856726196e+01
2.0844467256568278e+00 9.5461152180298239e+00 2.5756629856726761e+01
2.0860175219836226e+00 9.5865736375993826e+00 2.5756629856725951e+01
2.0875883183104178e+00 9.6270320571689521e+00 2.5756629856726519e+01
2.0891591146372126e+00 9.6674904767385108e+00 2.5756629856726196e+01
2.0907299109640074e+00 9.7079488963080696e+00 2.5756629856726196e+01
2.0923007072908022e+00 9.7484073158776283e+00 2.5756629856727081e+01
2.0938715036175974e+00 9.7888657354471995e+00 2.5756629856725951e+01
2.0954422999443922e+00 9.8293241550167583e+00 2.5756629856726196e+01
2.0970130962711870e+00 9.8697825745863170e+00 2.5756629856726761e+01
2.0985838925979818e+00 9.9102409941558758e+00 2.5756629856726196e+01
2.1001546889247766e+00 9.9506994137254345e+00 2.5756629856726519e+01
2.1017254852515719e+00 9.9911578332950040e+00 2.5756629856725951e+01
2.1032962815783667e+00 1.0031616252864563e+01 2.5756629856726196e+01
2.1048670779051615e+00 1.0072074672434121e+01 2.5756629856726761e+01
2.1064378742319563e+00 1.0112533092003680e+01 2.5756629856725951e+01
2.1080086705587515e+00 1.0152991511573250e+01 2.5756629856726519e+01
2.1095794668855463e+00 1.0193449931142808e+01 2.5756629856726761e+01
2.1111502632123411e+00 1.0233908350712367e+01 2.5756629856726196e+01
2.1127210595391359e+00 1.0274366770281926e+01 2.5756629856726196e+01
2.1142918558659307e+00 1.0314825189851485e+01 2.5756629856725951e+01
2.1158626521927260e+00 1.0355283609421054e+01 2.5756629856726519e+01
2.1174334485195208e+00 1.0395742028990613e+01 2.5756629856726761e+01
2.1190042448463156e+00 1.0436200448560172e+01 2.5756629856726196e+01
2.1205750411731104e+00 1.0476658868129730e+01 2.5756629856726519e+01
2.1221458374999056e+00 1.0517117287699302e+01 2.5756629856726519e+01
2.1237166338267004e+00 1.0557575707268860e+01 2.5756629856726196e+01
2.1252874301534952e+00 1.0598034126838419e+01 2.5756629856726196e+01
2.1268582264802900e+00 1.0638492546407978e+01 2.5756629856726196e+01
2.1284290228070848e+00 1.0678950965977537e+01 2.5756629856726519e+01
2.1299998191338800e+00 1.0719409385547108e+01 2.5756629856726519e+01
2.1315706154606748e+00 1.0759867805116667e+01 2.5756629856726196e+01
2.1331414117874696e+00 1.0800326224686225e+01 2.5756629856726761e+01
2.1347122081142644e+00 1.0840784644255784e+01 2.5756629856726196e+01
2.1362830044410592e+00 1.0881243063825343e+01 2.5756629856725951e+01
2.1378538007678545e+00 1.0921701483394912e+01 2.5756629856726519e+01
2.1394245970946493e+00 1.0962159902964471e+01 2.5756629856726196e+01
2.1409953934214441e+00 1.1002618322534030e+01 2.5756629856726761e+01
2.1425661897482389e+00 1.1043076742103588e+01 2.5756629856726519e+01
2.1441369860750341e+00 1.1083535161673158e+01 2.5756629856725951e+01
2.1457077824018289e+00 1.1123993581242717e+01 2.5756629856726761e+01
2.1472785787286237e+00 1.1164452000812275e+01 2.5756629856726196e+01
2.1488493750554185e+00 1.1204910420381834e+01 2.5756629856726196e+01
2.1504201713822133e+00 1.1245368839951393e+01 2.5756629856726519e+01
2.1519909677090086e+00 1.1285827259520962e+01 2.5756629856725951e+01
2.1535617640358033e+00 1.1326285679090521e+01 2.5756629856726761e+01
2.1551325603625981e+00 1.1366744098660080e+01 2.5756629856726196e+01
2.1567033566893929e+00 1.1407202518229639e+01 2.5756629856725951e+01
2.1582741530161882e+00 1.1447660937799210e+01 2.5756629856727081e+01
2.1598449493429830e+00 1.1488119357368769e+01 2.5756629856726196e+01
2.1614157456697778e+00 1.1528577776938327e+01 2.5756629856726196e+01
2.1629865419965726e+00 1.1569036196507886e+01 2.5756629856726761e+01
2.1645573383233674e+00 1.1609494616077445e+01 2.5756629856725951e+01
2.1661281346501626e+00 1.1649953035647014e+01 2.5756629856726519e+01
2.1676989309769574e+00 1.1690411455216573e+01 2.5756629856726196e+01
2.1692697273037522e+00 1.1730869874786132e+01 2.5756629856726196e+01
2.1708405236305470e+00 1.1771328294355691e+01 2.5756629856727081e+01
2.1724113199573423e+00 1.1811786713925262e+01 2.5756629856725951e+01
2.1739821162841371e+00 1.1852245133494820e+01 2.5756629856726196e+01
2.1755529126109319e+00 1.1892703553064379e+01 2.5756629856726761e+01
2.1771237089377267e+00 1.1933161972633938e+01 2.5756629856726196e+01
2.1786945052645215e+00 1.1973620392203497e+01 2.5756629856726519e+01
2.1802653015913167e+00 1.2014078811773066e+01 2.5756629856725951e+01
2.1818360979181115e+00 1.2054537231342625e+01 2.5756629856726196e+01
2.1834068942449063e+00 1.2094995650912184e+01 2.5756629856726761e+01
2.1849776905717011e+00 1.2135454070481742e+01 2.5756629856725951e+01
2.1865484868984963e+00 1.2175912490051312e+01 2.5756629856726519e+01
2.1881192832252911e+00 1.2216370909620871e+01 2.5756629856726761e+01
2.1896900795520859e+00 1.2256829329190429e+01 2.5756629856726196e+01
2.1912608758788807e+00 1.2297287748759988e+01 2.5756629856726196e+01
2.1928316722056755e+00 1.2337746168329547e+01 2.5756629856726519e+01
2.1944024685324708e+00 1.2378204587899118e+01 2.5756629856726519e+01
2.1959732648592656e+00 1.2418663007468677e+01 2.5756629856726196e+01
2.1975440611860604e+00 1.2459121427038236e+01 2.5756629856726196e+01
2.1991148575128552e+00 1.2499579846607794e+01 2.5756629856726519e+01
2.2006856538396504e+00 1.2540038266177366e+01 2.5756629856726519e+01
2.2022564501664452e+00 1.2580496685746924e+01 2.5756629856726196e+01
2.2038272464932400e+00 1.2620955105316483e+01 2.5756629856726196e+01
2.2053980428200348e+00 1.2661413524886042e+01 2.5756629856726196e+01
2.2069688391468296e+00 1.2701871944455601e+01 2.5756629856726519e+01
2.2085396354736249e+00 1.2742330364025172e+01 2.5756629856726519e+01
2.2101104318004197e+00 1.2782788783594730e+01 2.5756629856726196e+01
2.2116812281272145e+00 1.2823247203164289e+01 2.5756629856726761e+01
2.2132520244540093e+00 1.2863705622733848e+01 2.5756629856726519e+01
2.2148228207808045e+00 1.2904164042303417e+01 2.5756629856725951e+01
2.2163936171075993e+00 1.2944622461872976e+01 2.5756629856726196e+01
2.2179644134343941e+00 1.2985080881442535e+01 2.5756629856726196e+01
2.2195352097611889e+00 1.3025539301012094e+01 2.5756629856726761e+01
2.2211060060879837e+00 1.3065997720581652e+01 2.5756629856726519e+01
2.2226768024147789e+00 1.3106456140151222e+01 2.5756629856725951e+01
2.2242475987415737e+00 1.3146914559720781e+01 2.5756629856726761e+01
2.2258183950683685e+00 1.3187372979290341e+01 2.5756629856726761e+01
2.2273891913951633e+00 1.3227831398859900e+01 2.5756629856726196e+01
2.2289599877219581e+00 1.3268289818429459e+01 2.5756629856725951e+01
2.2305307840487534e+00 1.3308748237999028e+01 2.5756629856725951e+01
2.2321015803755482e+00 1.3349206657568587e+01 2.5756629856726761e+01
2.2336723767023430e+00 1.3389665077138147e+01 2.5756629856726761e+01
2.2352431730291378e+00 1.3430123496707706e+01 2.5756629856725951e+01
2.2368139693559330e+00 1.3470581916277276e+01 2.5756629856725951e+01
2.2383847656827278e+00 1.3511040335846834e+01 2.5756629856726761e+01
2.2399555620095226e+00 1.3551498755416393e+01 2.5756629856726761e+01
2.2415263583363174e+00 1.3591957174985952e+01 2.5756629856726196e+01
2.2430971546631122e+00 1.3632415594555511e+01 2.5756629856725951e+01
2.2446679509899075e+00 1.3672874014125080e+01 2.5756629856726519e+01
2.2462387473167023e+00 1.3713332433694639e+01 2.5756629856726761e+01
2.2478095436434971e+00 1.3753790853264197e+01 2.5756629856726196e+01
2.2493803399702919e+00 1.3794249272833756e+01 2.5756629856725951e+01
2.2509511362970871e+00 1.3834707692403326e+01 2.5756629856726519e+01
2.2525219326238819e+00 1.3875166111972884e+01 2.5756629856726761e+01
2.2540927289506767e+00 1.3915624531542443e+01 2.5756629856726196e+01
2.2556635252774715e+00 1.3956082951112002e+01 2.5756629856726196e+01
2.2572343216042663e+00 1.3996541370681561e+01 2.5756629856726519e+01
2.2588051179310615e+00 1.4036999790251132e+01 2.5756629856726519e+01
2.2603759142578563e+00 1.4077458209820691e+01 2.5756629856726196e+01
2.2619467105846511e+00 1.4117916629390249e+01 2.5756629856726196e+01
2.2635175069114459e+00 1.4158375048959808e+01 2.5756629856726519e+01
2.2650883032382412e+00 1.4198833468529379e+01 2.5756629856726519e+01
2.2666590995650360e+00 1.4239291888098938e+01 2.5756629856726196e+01
2.2682298958918308e+00 1.4279750307668497e+01 2.5756629856726196e+01
2.2698006922186256e+00 1.4320208727238056e+01 2.5756629856726196e+01
2.2713714885454204e+00 1.4360667146807614e+01 2.5756629856726519e+01
2.2729422848722156e+00 1.4401125566377186e+01 2.5756629856726519e+01
2.2745130811990104e+00 1.4441583985946744e+01 2.5756629856726196e+01
2.2760838775258052e+00 1.4482042405516303e+01 2.5756629856726196e+01
2.2776546738526000e+00 1.4522500825085862e+01 2.5756629856726519e+01
2.2792254701793953e+00 1.4562959244655433e+01 2.5756629856726519e+01
2.2807962665061901e+00 1.4603417664224992e+01 2.5756629856726196e+01
2.2823670628329848e+00 1.4643876083794551e+01 2.5756629856726196e+01
2.2839378591597796e+00 1.4684334503364109e+01 2.5756629856726196e+01
2.2855086554865744e+00 1.4724792922933668e+01 2.5756629856726519e+01
2.2870794518133697e+00 1.4765251342503239e+01 2.5756629856726519e+01
2.2886502481401645e+00 1.4805709762072798e+01 2.5756629856726196e+01
2.2902210444669593e+00 1.4846168181642357e+01 2.5756629856726196e+01
2.2917918407937541e+00 1.4886626601211915e+01 2.5756629856726519e+01
2.2933626371205493e+00 1.4927085020781487e+01 2.5756629856726519e+01
2.2949334334473441e+00 1.4967543440351045e+01 2.5756629856726196e+01
2.2965042297741389e+00 1.5008001859920604e+01 2.5756629856726196e+01
2.2980750261009337e+00 1.5048460279490163e+01 2.5756629856726761e+01
2.2996458224277285e+00 1.5088918699059722e+01 2.5756629856726519e+01
2.3012166187545238e+00 1.5129377118629291e+01 2.5756629856725951e+01
2.3027874150813186e+00 1.5169835538198850e+01 2.5756629856726196e+01
2.3043582114081134e+00 1.5210293957768409e+01 2.5756629856726761e+01
2.3059290077349082e+00 1.5250752377337967e+01 2.5756629856726761e+01
2.3074998040617030e+00 1.5291210796907526e+01 2.5756629856725951e+01
2.3090706003884982e+00 1.5331669216477096e+01 2.5756629856725951e+01
2.3106413967152930e+00 1.5372127636046654e+01 2.5756629856726761e+01
2.3122121930420878e+00 1.5412586055616213e+01 2.5756629856726761e+01
2.3137829893688826e+00 1.5453044475185772e+01 2.5756629856725951e+01
2.3153537856956778e+00 1.5493502894755341e+01 2.5756629856725951e+01
2.3169245820224726e+00 1.5533961314324900e+01 2.5756629856726761e+01
2.3184953783492674e+00 1.5574419733894459e+01 2.5756629856726761e+01
2.3200661746760622e+00 1.5614878153464018e+01 2.5756629856726196e+01
2.3216369710028570e+00 1.5655336573033576e+01 2.5756629856725951e+01
2.3232077673296523e+00 1.5695794992603146e+01 2.5756629856726519e+01
2.3247785636564471e+00 1.5736253412172704e+01 2.5756629856726761e+01
2.3263493599832419e+00 1.5776711831742263e+01 2.5756629856726196e+01
2.3279201563100367e+00 1.5817170251311822e+01 2.5756629856725951e+01
2.3294909526368319e+00 1.5857628670881391e+01 2.5756629856726519e+01
2.3310617489636267e+00 1.5898087090450950e+01 2.5756629856726761e+01
2.3326325452904215e+00 1.5938545510020509e+01 2.5756629856726196e+01
2.3342033416172163e+00 1.5979003929590068e+01 2.5756629856725631e+01
2.3357741379440111e+00 1.6019462349159625e+01 2.5756629856725951e+01
2.3373449342708064e+00 1.6059920768729196e+01 2.5756629856725951e+01
2.3389157305976012e+00 1.6100379188298753e+01 2.5756629856726196e+01
2.3404865269243960e+00 1.6140837607868313e+01 2.5756629856727329e+01
2.3420573232511908e+00 1.6181296027437874e+01 2.5756629856725951e+01
2.3436281195779860e+00 1.6221754447007445e+01 2.5756629856725951e+01
2.3451989159047808e+00 1.6262212866577006e+01 2.5756629856727329e+01
2.3467697122315756e+00 1.6302671286146566e+01 2.5756629856726196e+01
2.3483405085583704e+00 1.6343129705716123e+01 2.5756629856725063e+01
2.3499113048851652e+00 1.6383588125285680e+01 2.5756629856727081e+01
2.3514821012119604e+00 1.6424046544855251e+01 2.5756629856727081e+01
2.3530528975387552e+00 1.6464504964424808e+01 2.5756629856725063e+01
2.3546236938655500e+00 1.6504963383994365e+01 2.5756629856726196e+01
2.3561944901923448e+00 1.6545421803563926e+01 2.5756629856727081e+01
2.3577652865191401e+00 1.6585880223133497e+01 2.5756629856725951e+01
2.3593360828459349e+00 1.6626338642703054e+01 2.5756629856726196e+01
2.3609068791727297e+00 1.6666797062272614e+01 2.5756629856727329e+01
2.3624776754995245e+00 1.6707255481842175e+01 2.5756629856726196e+01
2.3640484718263193e+00 1.6747713901411732e+01 2.5756629856725951e+01
2.3656192681531145e+00 1.6788172320981303e+01 2.5756629856727081e+01
2.3671900644799093e+00 1.6828630740550864e+01 2.5756629856726196e+01
2.3687608608067041e+00 1.6869089160120421e+01 2.5756629856725063e+01
2.3703316571334989e+00 1.6909547579689978e+01 2.5756629856727081e+01
2.3719024534602942e+00 1.6950005999259549e+01 2.5756629856727081e+01
2.3734732497870890e+00 1.6990464418829106e+01 2.5756629856725063e+01
2.3750440461138838e+00 1.7030922838398663e+01 2.5756629856726196e+01
2.3766148424406786e+00 1.7071381257968223e+01 2.5756629856727329e+01
2.3781856387674734e+00 1.7111839677537784e+01 2.5756629856725951e+01
2.3797564350942686e+00 1.7152298097107355e+01 2.5756629856725951e+01
2.3813272314210634e+00 1.7192756516676916e+01 2.5756629856727329e+01
2.3828980277478582e+00 1.7233214936246476e+01 2.5756629856727329e+01
2.3844688240746530e+00 1.7273673355816037e+01 2.5756629856725951e+01
2.3860396204014482e+00 1.7314131775385608e+01 2.5756629856725951e+01
2.3876104167282430e+00 1.7354590194955165e+01 2.5756629856726196e+01
2.3891812130550378e+00 1.7395048614524725e+01 2.5756629856726196e+01
2.3907520093818326e+00 1.7435507034094286e+01 2.5756629856726196e+01
2.3923228057086274e+00 1.7475965453663843e+01 2.5756629856725951e+01
2.3938936020354227e+00 1.7516423873233414e+01 2.5756629856725951e+01
2.3954643983622175e+00 1.7556882292802971e+01 2.5756629856726196e+01
2.3970351946890123e+00 1.7597340712372532e+01 2.5756629856727329e+01
2.3986059910158071e+00 1.7637799131942092e+01 2.5756629856727329e+01
2.4001767873426019e+00 1.7678257551511653e+01 2.5756629856725951e+01
2.4017475836693971e+00 1.7718715971081224e+01 2.5756629856725951e+01
2.4033183799961919e+00 1.7759174390650784e+01 2.5756629856727329e+01
2.4048891763229867e+00 1.7799632810220345e+01 2.5756629856726196e+01
2.4064599726497815e+00 1.7840091229789902e+01 2.5756629856725951e+01
2.4080307689765768e+00 1.7880549649359473e+01 2.5756629856727081e+01
2.4096015653033716e+00 1.7921008068929034e+01 2.5756629856726196e+01
2.4111723616301663e+00 1.7961466488498591e+01 2.5756629856725063e+01
2.4127431579569611e+00 1.8001924908068148e+01 2.5756629856726196e+01
2.4143139542837559e+00 1.8042383327637708e+01 2.5756629856727081e+01
2.4158847506105512e+00 1.8082841747207279e+01 2.5756629856725951e+01
2.4174555469373460e+00 1.8123300166776836e+01 2.5756629856726196e+01
2.4190263432641408e+00 1.8163758586346397e+01 2.5756629856727329e+01
2.4205971395909356e+00 1.8204217005915957e+01 2.5756629856725951e+01
2.4221679359177308e+00 1.8244675425485529e+01 2.5756629856725951e+01
2.4237387322445256e+00 1.8285133845055089e+01 2.5756629856727329e+01
2.4253095285713204e+00 1.8325592264624650e+01 2.5756629856726196e+01
2.4268803248981152e+00 1.8366050684194207e+01 2.5756629856725063e+01
2.4284511212249100e+00 1.8406509103763764e+01 2.5756629856727081e+01
2.4300219175517053e+00 1.8446967523333335e+01 2.5756629856727081e+01
2.4315927138785001e+00 1.8487425942902892e+01 2.5756629856725063e+01
2.4331635102052949e+00 1.8527884362472449e+01 2.5756629856726196e+01
2.4347343065320897e+00 1.8568342782042009e+01 2.5756629856727081e+01
2.4363051028588849e+00 1.8608801201611580e+01 2.5756629856725951e+01
2.4378758991856797e+00 1.8649259621181137e+01 2.5756629856726196e+01
2.4394466955124745e+00 1.8689718040750698e+01 2.5756629856727329e+01
2.4410174918392693e+00 1.8730176460320259e+01 2.5756629856726196e+01
2.4425882881660641e+00 1.8770634879889815e+01 2.5756629856725951e+01
2.4441590844928593e+00 1.8811093299459387e+01 2.5756629856727081e+01
2.4457298808196541e+00 1.8851551719028947e+01 2.5756629856726196e+01
2.4473006771464489e+00 1.8892010138598504e+01 2.5756629856725063e+01
2.4488714734732437e+00 1.8932468558168061e+01 2.5756629856727081e+01
2.4504422698000390e+00 1.8972926977737632e+01 2.5756629856727081e+01
2.4520130661268338e+00 1.9013385397307189e+01 2.5756629856725063e+01
2.4535838624536286e+00 1.9053843816876746e+01 2.5756629856726196e+01
2.4551546587804234e+00 1.9094302236446307e+01 2.5756629856727329e+01
2.4567254551072182e+00 1.9134760656015867e+01 2.5756629856725951e+01
2.4582962514340134e+00 1.9175219075585439e+01 2.5756629856725951e+01
2.4598670477608082e+00 1.9215677495154999e+01 2.5756629856727329e+01
2.4614378440876030e+00 1.9256135914724560e+01 2.5756629856727329e+01
2.4630086404143978e+00 1.9296594334294120e+01 2.5756629856725951e+01
2.4645794367411931e+00 1.9337052753863691e+01 2.5756629856725951e+01
2.4661502330679879e+00 1.9377511173433248e+01 2.5756629856726196e+01
2.4677210293947827e+00 1.9417969593002809e+01 2.5756629856726196e+01
2.4692918257215775e+00 1.9458428012572369e+01 2.5756629856726196e+01
2.4708626220483723e+00 1.9498886432141926e+01 2.5756629856725951e+01
2.4724334183751675e+00 1.9539344851711498e+01 2.5756629856725951e+01
2.4740042147019623e+00 1.9579803271281055e+01 2.5756629856726196e+01
2.4755750110287571e+00 1.9620261690850615e+01 2.5756629856727329e+01
2.4771458073555519e+00 1.9660720110420176e+01 2.5756629856727329e+01
2.4787166036823467e+00 1.9701178529989736e+01 2.5756629856725951e+01
2.4802874000091419e+00 1.9741636949559307e+01 2.5756629856725951e+01
2.4818581963359367e+00 1.9782095369128868e+01 2.5756629856727329e+01
2.4834289926627315e+00 1.9822553788698428e+01 2.5756629856726196e+01
2.4849997889895263e+00 1.9863012208267985e+01 2.5756629856725951e+01
2.4865705853163216e+00 1.9903470627837557e+01 2.5756629856727081e+01
2.4881413816431164e+00 1.9943929047407117e+01 2.5756629856726196e+01
2.4897121779699112e+00 1.9984387466976674e+01 2.5756629856725063e+01
2.4912829742967060e+00 2.0024845886546231e+01 2.5756629856726196e+01
2.4928537706235008e+00 2.0065304306115792e+01 2.5756629856727081e+01
2.4944245669502960e+00 2.0105762725685363e+01 2.5756629856725951e+01
2.4959953632770908e+00 2.0146221145254920e+01 2.5756629856726196e+01
2.4975661596038856e+00 2.0186679564824480e+01 2.5756629856727329e+01
2.4991369559306804e+00 2.0227137984394041e+01 2.5756629856725951e+01
2.5007077522574757e+00 2.0267596403963612e+01 2.5756629856725951e+01
2.5022785485842705e+00 2.0308054823533173e+01 2.5756629856727329e+01
2.5038493449110653e+00 2.0348513243102733e+01 2.5756629856726196e+01
2.5054201412378601e+00 2.0388971662672290e+01 2.5756629856725063e+01
2.5069909375646549e+00 2.0429430082241847e+01 2.5756629856727081e+01
2.5085617338914501e+00 2.0469888501811418e+01 2.5756629856727081e+01
2.5101325302182449e+00 2.0510346921380975e+01 2.5756629856725063e+01
2.5117033265450397e+00 2.0550805340950532e+01 2.5756629856726196e+01
2.5132741228718345e+00 2.0591263760520093e+01 2.5756629856727081e+01
2.5148449191986297e+00 2.0631722180089664e+01 2.5756629856725951e+01
2.5164157155254245e+00 2.0672180599659221e+01 2.5756629856726196e+01
2.5179865118522193e+00 2.0712639019228781e+01 2.5756629856727329e+01
2.5195573081790141e+00 2.0753097438798342e+01 2.5756629856726196e+01
2.5211281045058089e+00 2.0793555858367899e+01 2.5756629856725951e+01
2.5226989008326042e+00 2.0834014277937470e+01 2.5756629856727081e+01
2.5242696971593990e+00 2.0874472697507031e+01 2.5756629856726196e+01
2.5258404934861938e+00 2.0914931117076588e+01 2.5756629856725063e+01
2.5274112898129886e+00 2.0955389536646145e+01 2.5756629856727081e+01
2.5289820861397838e+00 2.0995847956215716e+01 2.5756629856727081e+01
2.5305528824665786e+00 2.1036306375785273e+01 2.5756629856725063e+01
2.5321236787933734e+00 2.1076764795354830e+01 2.5756629856726196e+01
2.5336944751201682e+00 2.1117223214924390e+01 2.5756629856727329e+01
2.5352652714469630e+00 2.1157681634493951e+01 2.5756629856725951e+01
2.5368360677737583e+00 2.1198140054063522e+01 2.5756629856725951e+01
2.5384068641005531e+00 2.1238598473633083e+01 2.5756629856727329e+01
2.5399776604273478e+00 2.1279056893202643e+01 2.5756629856726196e+01
2.5415484567541426e+00 2.1319515312772200e+01 2.5756629856725951e+01
2.5431192530809379e+00 2.1359973732341771e+01 2.5756629856727081e+01
2.5446900494077327e+00 2.1400432151911332e+01 2.5756629856726196e+01
2.5462608457345275e+00 2.1440890571480892e+01 2.5756629856726196e+01
2.5478316420613223e+00 2.1481348991050453e+01 2.5756629856726196e+01
2.5494024383881171e+00 2.1521807410620010e+01 2.5756629856725951e+01
2.5509732347149123e+00 2.1562265830189581e+01 2.5756629856727081e+01
2.5525440310417071e+00 2.1602724249759142e+01 2.5756629856726196e+01
2.5541148273685019e+00 2.1643182669328702e+01 2.5756629856726196e+01
2.5556856236952967e+00 2.1683641088898263e+01 2.5756629856727081e+01
2.5572564200220920e+00 2.1724099508467834e+01 2.5756629856725951e+01
2.5588272163488868e+00 2.1764557928037391e+01 2.5756629856726196e+01
2.5603980126756816e+00 2.1805016347606951e+01 2.5756629856726196e+01
2.5619688090024764e+00 2.1845474767176512e+01 2.5756629856726196e+01
2.5635396053292712e+00 2.1885933186746072e+01 2.5756629856727081e+01
2.5651104016560664e+00 2.1926391606315644e+01 2.5756629856725951e+01
2.5666811979828612e+00 2.1966850025885201e+01 2.5756629856726196e+01
2.5682519943096560e+00 2.2007308445454761e+01 2.5756629856726196e+01
2.5698227906364508e+00 2.2047766865024322e+01 2.5756629856726196e+01
2.5713935869632456e+00 2.2088225284593882e+01 2.5756629856727081e+01
2.5729643832900408e+00 2.2128683704163453e+01 2.5756629856725951e+01
2.5745351796168356e+00 2.2169142123733010e+01 2.5756629856726196e+01
2.5761059759436304e+00 2.2209600543302571e+01 2.5756629856727329e+01
2.5776767722704252e+00 2.2250058962872131e+01 2.5756629856725951e+01
2.5792475685972205e+00 2.2290517382441703e+01 2.5756629856725951e+01
2.5808183649240153e+00 2.2330975802011260e+01 2.5756629856726196e+01
2.5823891612508101e+00 2.2371434221580820e+01 2.5756629856726196e+01
2.5839599575776049e+00 2.2411892641150381e+01 2.5756629856727329e+01
2.5855307539043997e+00 2.2452351060719941e+01 2.5756629856725951e+01
2.5871015502311949e+00 2.2492809480289512e+01 2.5756629856725951e+01
2.5886723465579897e+00 2.2533267899859073e+01 2.5756629856727329e+01
2.5902431428847845e+00 2.2573726319428634e+01 2.5756629856726196e+01
2.5918139392115793e+00 2.2614184738998190e+01 2.5756629856725951e+01
2.5933847355383746e+00 2.2654643158567762e+01 2.5756629856725951e+01
2.5949555318651694e+00 2.2695101578137319e+01 2.5756629856726196e+01
2.5965263281919642e+00 2.2735559997706879e+01 2.5756629856727329e+01
2.5980971245187590e+00 2.2776018417276440e+01 2.5756629856726196e+01
2.5996679208455538e+00 2.2816476836845997e+01 2.5756629856725951e+01
2.6012387171723490e+00 2.2856935256415568e+01 2.5756629856727081e+01
2.6028095134991438e+00 2.2897393675985128e+01 2.5756629856726196e+01
2.6043803098259386e+00 2.2937852095554689e+01 2.5756629856726196e+01
2.6059511061527334e+00 2.2978310515124246e+01 2.5756629856725951e+01
2.6075219024795286e+00 2.3018768934693817e+01 2.5756629856725951e+01
2.6090926988063234e+00 2.3059227354263378e+01 2.5756629856727329e+01
2.6106634951331182e+00 2.3099685773832938e+01 2.5756629856726196e+01
2.6122342914599130e+00 2.3140144193402499e+01 2.5756629856726196e+01
2.6138050877867078e+00 2.3180602612972059e+01 2.5756629856727081e+01
2.6153758841135031e+00 2.3221061032541630e+01 2.5756629856725951e+01
2.6169466804402979e+00 2.3261519452111187e+01 2.5756629856726196e+01
2.6185174767670927e+00 2.3301977871680748e+01 2.5756629856726196e+01
2.6200882730938875e+00 2.3342436291250305e+01 2.5756629856725951e+01
2.6216590694206827e+00 2.3382894710819876e+01 2.5756629856727081e+01
2.6232298657474775e+00 2.3423353130389437e+01 2.5756629856726196e+01
2.6248006620742723e+00 2.3463811549958997e+01 2.5756629856726196e+01
2.6263714584010671e+00 2.3504269969528558e+01 2.5756629856726196e+01
2.6279422547278619e+00 2.3544728389098115e+01 2.5756629856725951e+01
2.6295130510546572e+00 2.3585186808667686e+01 2.5756629856727081e+01
2.6310838473814520e+00 2.3625645228237246e+01 2.5756629856726196e+01
2.6326546437082468e+00 2.3666103647806807e+01 2.5756629856726196e+01
2.6342254400350416e+00 2.3706562067376368e+01 2.5756629856727081e+01
2.6357962363618368e+00 2.3747020486945939e+01 2.5756629856725951e+01
2.6373670326886316e+00 2.3787478906515496e+01 2.5756629856726196e+01
2.6389378290154264e+00 2.3827937326085056e+01 2.5756629856726196e+01
2.6405086253422212e+00 2.3868395745654617e+01 2.5756629856726196e+01
2.6420794216690160e+00 2.3908854165224177e+01 2.5756629856727081e+01
2.6436502179958112e+00 2.3949312584793748e+01 2.5756629856725951e+01
2.6452210143226060e+00 2.3989771004363305e+01 2.5756629856726196e+01
2.6467918106494008e+00 2.4030229423932866e+01 2.5756629856726196e+01
2.6483626069761956e+00 2.4070687843502423e+01 2.5756629856725951e+01
2.6499334033029909e+00 2.4111146263071994e+01 2.5756629856727081e+01
2.6515041996297857e+00 2.4151604682641555e+01 2.5756629856726196e+01
2.6530749959565805e+00 2.4192063102211115e+01 2.5756629856726196e+01
2.6546457922833753e+00 2.4232521521780676e+01 2.5756629856727329e+01
2.6562165886101701e+00 2.4272979941350236e+01 2.5756629856725951e+01
2.6577873849369653e+00 2.4313438360919807e+01 2.5756629856725951e+01
2.6593581812637601e+00 2.4353896780489364e+01 2.5756629856726196e+01
2.6609289775905549e+00 2.4394355200058925e+01 2.5756629856726196e+01
2.6624997739173497e+00 2.4434813619628486e+01 2.5756629856727329e+01
2.6640705702441445e+00 2.4475272039198046e+01 2.5756629856725951e+01
2.6656413665709398e+00 2.4515730458767617e+01 2.5756629856725951e+01
2.6672121628977346e+00 2.4556188878337178e+01 2.5756629856727329e+01
2.6687829592245293e+00 2.4596647297906738e+01 2.5756629856726196e+01
2.6703537555513241e+00 2.4637105717476295e+01 2.5756629856725951e+01
2.6719245518781194e+00 2.4677564137045866e+01 2.5756629856725951e+01
2.6734953482049142e+00 2.4718022556615423e+01 2.5756629856726196e+01
2.6750661445317090e+00 2.4758480976184984e+01 2.5756629856727329e+01
2.6766369408585038e+00 2.4798939395754545e+01 2.5756629856726196e+01
2.6782077371852986e+00 2.4839397815324102e+01 2.5756629856725951e+01
2.6797785335120938e+00 2.4879856234893673e+01 2.5756629856727081e+01
2.6813493298388886e+00 2.4920314654463233e+01 2.5756629856726196e+01
2.6829201261656834e+00 2.4960773074032794e+01 2.5756629856726196e+01
2.6844909224924782e+00 2.5001231493602351e+01 2.5756629856725951e+01
2.6860617188192735e+00 2.5041689913171922e+01 2.5756629856725951e+01
2.6876325151460683e+00 2.5082148332741482e+01 2.5756629856727329e+01
2.6892033114728631e+00 2.5122606752311043e+01 2.5756629856726196e+01
2.6907741077996579e+00 2.5163065171880604e+01 2.5756629856726196e+01
2.6923449041264527e+00 2.5203523591450164e+01 2.5756629856727081e+01
2.6939157004532479e+00 2.5243982011019735e+01 2.5756629856725951e+01
2.6954864967800427e+00 2.5284440430589292e+01 2.5756629856726196e+01
2.6970572931068375e+00 2.5324898850158853e+01 2.5756629856726196e+01
2.6986280894336323e+00 2.5365357269728410e+01 2.5756629856725951e+01
2.7001988857604275e+00 2.5405815689297981e+01 2.5756629856727081e+01
2.7017696820872223e+00 2.5446274108867541e+01 2.5756629856726196e+01
2.7033404784140171e+00 2.5486732528437102e+01 2.5756629856726196e+01
2.7049112747408119e+00 2.5527190948006663e+01 2.5756629856726196e+01
2.7064820710676067e+00 2.5567649367576220e+01 2.5756629856725951e+01
2.7080528673944020e+00 2.5608107787145791e+01 2.5756629856727081e+01
2.7096236637211968e+00 2.5648566206715351e+01 2.5756629856726196e+01
2.7111944600479916e+00 2.5689024626284912e+01 2.5756629856726196e+01
2.7127652563747864e+00 2.5729483045854472e+01 2.5756629856727081e+01
2.7143360527015816e+00 2.5769941465424044e+01 2.5756629856725951e+01
2.7159068490283764e+00 2.5810399884993600e+01 2.5756629856726196e+01
2.7174776453551712e+00 2.5850858304563161e+01 2.5756629856726196e+01
2.7190484416819660e+00 2.5891316724132722e+01 2.5756629856726196e+01
2.7206192380087608e+00 2.5931775143702282e+01 2.5756629856727081e+01
2.7221900343355561e+00 2.5972233563271853e+01 2.5756629856725951e+01
2.7237608306623509e+00 2.6012691982841410e+01 2.5756629856726196e+01
2.7253316269891457e+00 2.6053150402410971e+01 2.5756629856726196e+01
2.7269024233159405e+00 2.6093608821980528e+01 2.5756629856725951e+01
2.7284732196427357e+00 2.6134067241550099e+01 2.5756629856727081e+01
2.7300440159695305e+00 2.6174525661119660e+01 2.5756629856726196e+01
2.7316148122963253e+00 2.6214984080689220e+01 2.5756629856726196e+01
2.7331856086231201e+00 2.6255442500258781e+01 2.5756629856727329e+01
2.7347564049499149e+00 2.6295900919828341e+01 2.5756629856725951e+01
2.7363272012767101e+00 2.6336359339397912e+01 2.5756629856725951e+01
2.7378979976035049e+00 2.6376817758967469e+01 2.5756629856726196e+01
2.7394687939302997e+00 2.6417276178537030e+01 2.5756629856726196e+01
2.7410395902570945e+00 2.6457734598106590e+01 2.5756629856727329e+01
2.7426103865838893e+00 2.6498193017676151e+01 2.5756629856725951e+01
2.7441811829106846e+00 2.6538651437245722e+01 2.5756629856725951e+01
2.7457519792374794e+00 2.6579109856815283e+01 2.5756629856727329e+01
2.7473227755642742e+00 2.6619568276384843e+01 2.5756629856726196e+01
2.7488935718910690e+00 2.6660026695954400e+01 2.5756629856725951e+01
2.7504643682178642e+00 2.6700485115523971e+01 2.5756629856725951e+01
2.7520351645446590e+00 2.6740943535093528e+01 2.5756629856726196e+01
2.7536059608714538e+00 2.6781401954663089e+01 2.5756629856727329e+01
2.7551767571982486e+00 2.6821860374232649e+01 2.5756629856726196e+01
2.7567475535250434e+00 2.6862318793802206e+01 2.5756629856725951e+01
2.7583183498518387e+00 2.6902777213371778e+01 2.5756629856727081e+01
2.7598891461786335e+00 2.6943235632941338e+01 2.5756629856726196e+01
2.7614599425054283e+00 2.6983694052510899e+01 2.5756629856726196e+01
2.7630307388322231e+00 2.7024152472080459e+01 2.5756629856727081e+01
2.7646015351590183e+00 2.7064610891650030e+01 2.5756629856725951e+01
2.7661723314858131e+00 2.7105069311219587e+01 2.5756629856726196e+01
2.7677431278126079e+00 2.7145527730789148e+01 2.5756629856726196e+01
2.7693139241394027e+00 2.7185986150358708e+01 2.5756629856726196e+01
2.7708847204661975e+00 2.7226444569928269e+01 2.5756629856727081e+01
2.7724555167929927e+00 2.7266902989497840e+01 2.5756629856725951e+01
2.7740263131197875e+00 2.7307361409067397e+01 2.5756629856726196e+01
2.7755971094465823e+00 2.7347819828636958e+01 2.5756629856726196e+01
2.7771679057733771e+00 2.7388278248206515e+01 2.5756629856725951e+01
2.7787387021001724e+00 2.7428736667776086e+01 2.5756629856727081e+01
2.7803094984269672e+00 2.7469195087345646e+01 2.5756629856726196e+01
2.7818802947537620e+00 2.7509653506915207e+01 2.5756629856726196e+01
2.7834510910805568e+00 2.7550111926484767e+01 2.5756629856726196e+01
2.7850218874073516e+00 2.7590570346054324e+01 2.5756629856725951e+01
2.7865926837341468e+00 2.7631028765623896e+01 2.5756629856727081e+01
2.7881634800609416e+00 2.7671487185193456e+01 2.5756629856726196e+01
2.7897342763877364e+00 2.7711945604763017e+01 2.5756629856726196e+01
2.7913050727145312e+00 2.7752404024332577e+01 2.5756629856727081e+01
2.7928758690413265e+00 2.7792862443902148e+01 2.5756629856725951e+01
2.7944466653681213e+00 2.7833320863471705e+01 2.5756629856726196e+01
2.7960174616949161e+00 2.7873779283041266e+01 2.5756629856726196e+01
2.7975882580217108e+00 2.7914237702610826e+01 2.5756629856726196e+01
2.7991590543485056e+00 2.7954696122180387e+01 2.5756629856727081e+01
2.8007298506753009e+00 2.7995154541749958e+01 2.5756629856725951e+01
2.8023006470020957e+00 2.8035612961319515e+01 2.5756629856726196e+01
2.8038714433288905e+00 2.8076071380889076e+01 2.5756629856726196e+01
2.8054422396556853e+00 2.8116529800458633e+01 2.5756629856725951e+01
2.8070130359824805e+00 2.8156988220028204e+01 2.5756629856727081e+01
2.8085838323092753e+00 2.8197446639597764e+01 2.5756629856726196e+01
2.8101546286360701e+00 2.8237905059167325e+01 2.5756629856726196e+01
2.8117254249628649e+00 2.8278363478736885e+01 2.5756629856727329e+01
2.8132962212896597e+00 2.8318821898306446e+01 2.5756629856725951e+01
2.8148670176164550e+00 2.8359280317876017e+01 2.5756629856725951e+01
2.8164378139432498e+00 2.8399738737445574e+01 2.5756629856726196e+01
2.8180086102700446e+00 2.8440197157015135e+01 2.5756629856726196e+01
2.8195794065968394e+00 2.8480655576584695e+01 2.5756629856727081e+01
2.8211502029236346e+00 2.8521113996154266e+01 2.5756629856725951e+01
2.8227209992504294e+00 2.8561572415723823e+01 2.5756629856726196e+01
2.8242917955772242e+00 2.8602030835293384e+01 2.5756629856727329e+01
2.8258625919040190e+00 2.8642489254862944e+01 2.5756629856726196e+01
2.8274333882308138e+00 2.8682947674432501e+01 2.5756629856725951e+01
2.8290041845576090e+00 2.8723406094002073e+01 2.5756629856725951e+01
2.8305749808844038e+00 2.8763864513571630e+01 2.5756629856726196e+01
2.8321457772111986e+00 2.8804322933141190e+01 2.5756629856727329e+01
2.8337165735379934e+00 2.8844781352710751e+01 2.5756629856726196e+01
2.8352873698647882e+00 2.8885239772280308e+01 2.5756629856725951e+01
2.8368581661915835e+00 2.8925698191849879e+01 2.5756629856727081e+01
2.8384289625183783e+00 2.8966156611419439e+01 2.5756629856726196e+01
2.8399997588451731e+00 2.9006615030988996e+01 2.5756629856726196e+01
2.8415705551719679e+00 2.9047073450558557e+01 2.5756629856727081e+01
2.8431413514987631e+00 2.9087531870128128e+01 2.5756629856725951e+01
2.8447121478255579e+00 2.9127990289697685e+01 2.5756629856726196e+01
2.8462829441523527e+00 2.9168448709267246e+01 2.5756629856726196e+01
2.8478537404791475e+00 2.9208907128836806e+01 2.5756629856726196e+01
2.8494245368059423e+00 2.9249365548406367e+01 2.5756629856727081e+01
2.8509953331327376e+00 2.9289823967975938e+01 2.5756629856725951e+01
2.8525661294595324e+00 2.9330282387545495e+01 2.5756629856726196e+01
2.8541369257863272e+00 2.9370740807115055e+01 2.5756629856726196e+01
2.8557077221131220e+00 2.9411199226684612e+01 2.5756629856725951e+01
2.8572785184399172e+00 2.9451657646254183e+01 2.5756629856727081e+01
2.8588493147667120e+00 2.9492116065823744e+01 2.5756629856726196e+01
2.8604201110935068e+00 2.9532574485393305e+01 2.5756629856726196e+01
2.8619909074203016e+00 2.9573032904962865e+01 2.5756629856726196e+01
2.8635617037470964e+00 2.9613491324532422e+01 2.5756629856725951e+01
2.8651325000738916e+00 2.9653949744101993e+01 2.5756629856727081e+01
2.8667032964006864e+00 2.9694408163671554e+01 2.5756629856726196e+01
2.8682740927274812e+00 2.9734866583241114e+01 2.5756629856726196e+01
2.8698448890542760e+00 2.9775325002810675e+01 2.5756629856727081e+01
2.8714156853810713e+00 2.9815783422380246e+01 2.5756629856725951e+01
2.8729864817078661e+00 2.9856241841949803e+01 2.5756629856726196e+01
2.8745572780346609e+00 2.9896700261519364e+01 2.5756629856726196e+01
2.8761280743614557e+00 2.9937158681088924e+01 2.5756629856726196e+01
2.8776988706882505e+00 2.9977617100658485e+01 2.5756629856727081e+01
2.8792696670150457e+00 3.0018075520228056e+01 2.5756629856725951e+01
2.8808404633418405e+00 3.0058533939797613e+01 2.5756629856726196e+01
2.8824112596686353e+00 3.0098992359367173e+01 2.5756629856726196e+01
2.8839820559954301e+00 3.0139450778936730e+01 2.5756629856725951e+01
2.8855528523222254e+00 3.0179909198506301e+01 2.5756629856727081e+01
2.8871236486490202e+00 3.0220367618075862e+01 2.5756629856726196e+01
2.8886944449758150e+00 3.0260826037645423e+01 2.5756629856726196e+01
2.8902652413026098e+00 3.0301284457214983e+01 2.5756629856727329e+01
2.8918360376294046e+00 3.0341742876784544e+01 2.5756629856725951e+01
2.8934068339561998e+00 3.0382201296354115e+01 2.5756629856725951e+01
2.8949776302829946e+00 3.0422659715923672e+01 2.5756629856726196e+01
2.8965484266097894e+00 3.0463118135493232e+01 2.5756629856726196e+01
2.8981192229365842e+00 3.0503576555062793e+01 2.5756629856727081e+01
2.8996900192633794e+00 3.0544034974632364e+01 2.5756629856725951e+01
2.9012608155901742e+00 3.0584493394201921e+01 2.5756629856726196e+01
2.9028316119169690e+00 3.0624951813771482e+01 2.5756629856727329e+01
2.9044024082437638e+00 3.0665410233341042e+01 2.5756629856726196e+01
2.9059732045705586e+00 3.0705868652910599e+01 2.5756629856725951e+01
2.9075440008973539e+00 3.0746327072480170e+01 2.5756629856725951e+01
2.9091147972241487e+00 3.0786785492049727e+01 2.5756629856726196e+01
2.9106855935509435e+00 3.0827243911619288e+01 2.5756629856727329e+01
2.9122563898777383e+00 3.0867702331188848e+01 2.5756629856726196e+01
2.9138271862045331e+00 3.0908160750758405e+01 2.5756629856725951e+01
2.9153979825313283e+00 3.0948619170327976e+01 2.5756629856727081e+01
2.9169687788581231e+00 3.0989077589897537e+01 2.5756629856726196e+01
2.9185395751849179e+00 3.1029536009467094e+01 2.5756629856726196e+01
2.9201103715117127e+00 3.1069994429036655e+01 2.5756629856727081e+01
2.9216811678385080e+00 3.1110452848606226e+01 2.5756629856725951e+01
2.9232519641653028e+00 3.1150911268175783e+01 2.5756629856726196e+01
2.9248227604920976e+00 3.1191369687745343e+01 2.5756629856726196e+01
2.9263935568188923e+00 3.1231828107314904e+01 2.5756629856726196e+01
2.9279643531456871e+00 3.1272286526884464e+01 2.5756629856727081e+01
2.9295351494724824e+00 3.1312744946454035e+01 2.5756629856725951e+01
2.9311059457992772e+00 3.1353203366023592e+01 2.5756629856726196e+01
2.9326767421260720e+00 3.1393661785593153e+01 2.5756629856726196e+01
2.9342475384528668e+00 3.1434120205162710e+01 2.5756629856725951e+01
2.9358183347796620e+00 3.1474578624732281e+01 2.5756629856727081e+01
2.9373891311064568e+00 3.1515037044301842e+01 2.5756629856726196e+01
2.9389599274332516e+00 3.1555495463871402e+01 2.5756629856726196e+01
2.9405307237600464e+00 3.1595953883440963e+01 2.5756629856726196e+01
2.9421015200868412e+00 3.1636412303010520e+01 2.5756629856725951e+01
2.9436723164136365e+00 3.1676870722580091e+01 2.5756629856727081e+01
2.9452431127404313e+00 3.1717329142149651e+01 2.5756629856726196e+01
2.9468139090672261e+00 3.1757787561719212e+01 2.5756629856726196e+01
2.9483847053940209e+00 3.1798245981288773e+01 2.5756629856727081e+01
2.9499555017208161e+00 3.1838704400858344e+01 2.5756629856725951e+01
2.9515262980476109e+00 3.1879162820427901e+01 2.5756629856726196e+01
2.9530970943744057e+00 3.1919621239997461e+01 2.5756629856726196e+01
2.9546678907012005e+00 3.1960079659567022e+01 2.5756629856727326e+01
2.9562386870279953e+00 3.2000538079136582e+01 2.5756629856727081e+01
2.9578094833547905e+00 3.2040996498706150e+01 2.5756629856723688e+01
2.9593802796815853e+00 3.2081454918275703e+01 2.5756629856725063e+01
2.9609510760083801e+00 3.2121913337845264e+01 2.5756629856727329e+01
2.9625218723351749e+00 3.2162371757414824e+01 2.5756629856728214e+01
2.9640926686619702e+00 3.2202830176984399e+01 2.5756629856728214e+01
2.9656634649887650e+00 3.2243288596553960e+01 2.5756629856725063e+01
2.9672342613155598e+00 3.2283747016123513e+01 2.5756629856725063e+01
2.9688050576423546e+00 3.2324205435693074e+01 2.5756629856727329e+01
2.9703758539691494e+00 3.2364663855262634e+01 2.5756629856725951e+01
2.9719466502959446e+00 3.2405122274832202e+01 2.5756629856725951e+01
2.9735174466227394e+00 3.2445580694401762e+01 2.5756629856727329e+01
2.9750882429495342e+00 3.2486039113971323e+01 2.5756629856727329e+01
2.9766590392763290e+00 3.2526497533540883e+01 2.5756629856725951e+01
2.9782298356031243e+00 3.2566955953110451e+01 2.5756629856723688e+01
2.9798006319299191e+00 3.2607414372680005e+01 2.5756629856725063e+01
2.9813714282567139e+00 3.2647872792249565e+01 2.5756629856727329e+01
2.9829422245835087e+00 3.2688331211819126e+01 2.5756629856727329e+01
2.9845130209103035e+00 3.2728789631388686e+01 2.5756629856728214e+01
2.9860838172370987e+00 3.2769248050958261e+01 2.5756629856728214e+01
2.9876546135638935e+00 3.2809706470527821e+01 2.5756629856725063e+01
2.9892254098906883e+00 3.2850164890097375e+01 2.5756629856725063e+01
2.9907962062174831e+00 3.2890623309666935e+01 2.5756629856725951e+01
2.9923670025442783e+00 3.2931081729236503e+01 2.5756629856725951e+01
2.9939377988710731e+00 3.2971540148806064e+01 2.5756629856727329e+01
2.9955085951978679e+00 3.3011998568375624e+01 2.5756629856727329e+01
2.9970793915246627e+00 3.3052456987945185e+01 2.5756629856727329e+01
2.9986501878514575e+00 3.3092915407514745e+01 2.5756629856725951e+01
3.0002209841782528e+00 3.3133373827084313e+01 2.5756629856723688e+01
3.0017917805050476e+00 3.3173832246653866e+01 2.5756629856725063e+01
3.0033625768318424e+00 3.3214290666223427e+01 2.5756629856727329e+01
3.0049333731586372e+00 3.3254749085792987e+01 2.5756629856727329e+01
3.0065041694854320e+00 3.3295207505362548e+01 2.5756629856728214e+01
3.0080749658122272e+00 3.3335665924932123e+01 2.5756629856725947e+01
3.0096457621390220e+00 3.3376124344501683e+01 2.5756629856725063e+01
3.0112165584658168e+00 3.3416582764071237e+01 2.5756629856725063e+01
3.0127873547926116e+00 3.3457041183640797e+01 2.5756629856725947e+01
3.0143581511194069e+00 3.3497499603210372e+01 2.5756629856728214e+01
3.0159289474462017e+00 3.3537958022779932e+01 2.5756629856727329e+01
3.0174997437729965e+00 3.3578416442349493e+01 2.5756629856727329e+01
3.0190705400997913e+00 3.3618874861919053e+01 2.5756629856725063e+01
3.0206413364265861e+00 3.3659333281488607e+01 2.5756629856723688e+01
3.0222121327533813e+00 3.3699791701058174e+01 2.5756629856725951e+01
3.0237829290801761e+00 3.3740250120627735e+01 2.5756629856727329e+01
3.0253537254069709e+00 3.3780708540197296e+01 2.5756629856727329e+01
3.0269245217337657e+00 3.3821166959766856e+01 2.5756629856728214e+01
3.0284953180605609e+00 3.3861625379336431e+01 2.5756629856725947e+01
3.0300661143873557e+00 3.3902083798905991e+01 2.5756629856725063e+01
3.0316369107141505e+00 3.3942542218475545e+01 2.5756629856725063e+01
3.0332077070409453e+00 3.3983000638045098e+01 2.5756629856725063e+01
3.0347785033677401e+00 3.4023459057614659e+01 2.5756629856728214e+01
3.0363492996945354e+00 3.4063917477184233e+01 2.5756629856728214e+01
3.0379200960213302e+00 3.4104375896753794e+01 2.5756629856727329e+01
3.0394908923481250e+00 3.4144834316323355e+01 2.5756629856725063e+01
3.0410616886749198e+00 3.4185292735892908e+01 2.5756629856723688e+01
3.0426324850017150e+00 3.4228454278875525e+01 3.0955786916335889e+01
3.0442032813285098e+00 3.4283248018007427e+01 3.8809768550311261e+01
3.0457740776553046e+00 3.4350378762640695e+01 4.6663750184285256e+01
3.0473448739820994e+00 3.4429846512775320e+01 5.4517731818259250e+01
3.0489156703088942e+00 3.4521651268411304e+01 6.2371713452231866e+01
3.0504864666356895e+00 3.4625793029548682e+01 7.0225695086208077e+01
3.0520572629624843e+00 3.4742271796187389e+01 7.8079676720181197e+01
3.0536280592892791e+00 3.4871087568327454e+01 8.5933658354155170e+01
3.0551988556160738e+00 3.5012240345968884e+01 9.3787639988132327e+01
3.0567696519428691e+00 3.5165730129111722e+01 1.0164162162210854e+02
3.0583404482696639e+00 3.5331556917755876e+01 1.0949560325608165e+02
3.0599112445964587e+00 3.5509720711901387e+01 1.1734958489005564e+02
3.0614820409232535e+00 3.5700221511548257e+01 1.2520356652402737e+02
3.0630528372500483e+00 3.5903059316696485e+01 1.3305754815800000e+02
3.0646236335768435e+00 3.6118234127346142e+01 1.4091152979197847e+02
3.0661944299036383e+00 3.6345745943497100e+01 1.4876551142595383e+02
3.0677652262304331e+00 3.6585594765149416e+01 1.5661949305992783e+02
3.0693360225572279e+00 3.6837780592303091e+01 1.6447347469390047e+02
3.0709068188840232e+00 3.7102303424958201e+01 1.7232745632787669e+02
3.0724776152108180e+00 3.7379163263114606e+01 1.8018143796185205e+02
3.0740484115376128e+00 3.7668360106772369e+01 1.8803541959582375e+02
3.0756192078644076e+00 3.7969893955931482e+01 1.9588940122979776e+02
3.0771900041912024e+00 3.8283764810591968e+01 2.0374338286377491e+02
3.0787608005179976e+00 3.8609972670753905e+01 2.1159736449775113e+02
3.0803315968447924e+00 3.8948517536417114e+01 2.1945134613172422e+02
3.0819023931715872e+00 3.9299399407581674e+01 2.2730532776569595e+02
3.0834731894983820e+00 3.9662618284247600e+01 2.3515930939966859e+02
3.0850439858251772e+00 4.0038174166414990e+01 2.4301329103364708e+02
3.0866147821519720e+00 4.0426067054083639e+01 2.5086727266762244e+02
3.0881855784787668e+00 4.0826296947253653e+01 2.5872125430159645e+02
3.0897563748055616e+00 4.1238863845925017e+01 2.6657523593557039e+02
3.0913271711323564e+00 4.1663767750097747e+01 2.7442921756954303e+02
3.0928979674591517e+00 4.2101008659771963e+01 2.8228319920351925e+02
3.0944687637859465e+00 4.2550586574947417e+01 2.9013718083749234e+02
3.0960395601127413e+00 4.3012501495624228e+01 2.9799116247146634e+02
3.0976103564395361e+00 4.3486753421802405e+01 3.0584514410544261e+02
3.0991811527663309e+00 4.3973342353481939e+01 3.1369912573941752e+02
3.1007519490931261e+00 4.4472268290662981e+01 3.2155310737339374e+02
3.1023227454199209e+00 4.4983531233345232e+01 3.2940708900736456e+02
3.1038935417467157e+00 4.5507131181528848e+01 3.3726107064133856e+02
3.1054643380735105e+00 4.6043068135213829e+01 3.4511505227531342e+02
3.1070351344003058e+00 4.6591342094400318e+01 3.5296903390928964e+02
3.1086059307271006e+00 4.7151953059088022e+01 3.6082301554326500e+02
3.1101767270538954e+00 4.7724901029277085e+01 3.6867699717723900e+02
3.1117475233806902e+00 4.8310186004967505e+01 3.7653097881121300e+02
3.1133183197074850e+00 4.8907807986159298e+01 3.8438496044518564e+02
3.1148891160342802e+00 4.9517766972852606e+01 3.9223894207915959e+02
3.1164599123610750e+00 5.0140062965047107e+01 4.0009292371313495e+02
3.1180307086878698e+00 5.0774695962742975e+01 4.0794690534711123e+02
3.1196015050146646e+00 5.1421665965940207e+01 4.1580088698108608e+02
3.1211723013414598e+00 5.2080972974638982e+01 4.2365486861506230e+02
3.1227430976682546e+00 5.2752616988838938e+01 4.3150885024903312e+02
3.1243138939950494e+00 5.3436598008540237e+01 4.3936283188300712e+02
3.1258846903218442e+00 5.4132916033742916e+01 4.4721681351698339e+02
3.1274554866486390e+00 5.4841571064446939e+01 4.5507079515095603e+02
3.1290262829754343e+00 5.5562563100652540e+01 4.6292477678493225e+02
3.1305970793022291e+00 5.6295892142359293e+01 4.7077875841890761e+02
3.1321678756290239e+00 5.7041558189567411e+01 4.7863274005288162e+02
3.1337386719558187e+00 5.7799561242276880e+01 4.8648672168685420e+02
3.1353094682826139e+00 5.8569901300487935e+01 4.9434070332082814e+02
3.1368802646094087e+00 5.9352578364200127e+01 5.0219468495480351e+02
3.1384510609362035e+00 6.0147592433413692e+01 5.1004866658877978e+02
3.1400218572629983e+00 6.0954943508128608e+01 5.1790264822275378e+02
3.1415926535897931e+00 6.1774631588344889e+01 5.2575662985672784e+02
