# x energy force
1.0000000000000000e-02 5.3206976091842719e+01 2.4577567777744795e+02
1.0996666666666667e-02 5.2962656040468040e+01 2.4449867280719138e+02
1.1993333333333333e-02 5.2719606008428848e+01 2.4322714399386996e+02
1.2990000000000002e-02 5.2477819488883469e+01 2.4196319623096520e+02
1.3986666666666668e-02 5.2237288948576023e+01 2.4070678431908973e+02
1.4983333333333335e-02 5.1998006899165070e+01 2.3945786332830065e+02
1.5980000000000001e-02 5.1759965896955855e+01 2.3821638859655101e+02
1.6976666666666668e-02 5.1523158542634064e+01 2.3698231572811613e+02
1.7973333333333334e-02 5.1287577481001264e+01 2.3575560059189019e+02
1.8970000000000001e-02 5.1053215400711871e+01 2.3453619931993262e+02
1.9966666666666667e-02 5.0820065034011684e+01 2.3332406830586260e+02
2.0963333333333334e-02 5.0588119156477980e+01 2.3211916420324212e+02
2.1960000000000000e-02 5.0357370586761185e+01 2.3092144392409966e+02
2.2956666666666667e-02 5.0127812186328057e+01 2.2973086463735439e+02
2.3953333333333333e-02 4.9899436859206396e+01 2.2854738376731271e+02
2.4950000000000000e-02 4.9672237551731300e+01 2.2737095899207722e+02
2.5946666666666666e-02 4.9446207252292929e+01 2.2620154824210491e+02
2.6943333333333333e-02 4.9221338991085752e+01 2.2503910969872584e+02
2.7940000000000000e-02 4.8997625839859282e+01 2.2388360179251168e+02
2.8936666666666666e-02 4.8775060911670394e+01 2.2273498320191797e+02
2.9933333333333333e-02 4.8553637360636962e+01 2.2159321285178950e+02
3.0929999999999999e-02 4.8333348381693092e+01 2.2045824991183196e+02
3.1926666666666666e-02 4.8114187210345754e+01 2.1933005379519614e+02
3.2923333333333332e-02 4.7896147122432886e+01 2.1820858415704160e+02
3.3920000000000006e-02 4.7679221433882923e+01 2.1709380089304489e+02
3.4916666666666672e-02 4.7463403500475792e+01 2.1598566413798545e+02
3.5913333333333339e-02 4.7248686717605302e+01 2.1488413426433658e+02
3.6910000000000005e-02 4.7035064520042951e+01 2.1378917188084787e+02
3.7906666666666672e-02 4.6822530381703146e+01 2.1270073783112971e+02
3.8903333333333338e-02 4.6611077815409850e+01 2.1161879319220031e+02
3.9900000000000005e-02 4.6400700372664595e+01 2.1054329927319537e+02
4.0896666666666671e-02 4.6191391643415848e+01 2.0947421761392025e+02
4.1893333333333338e-02 4.5983145255829818e+01 2.0841150998346049e+02
4.2890000000000005e-02 4.5775954876062585e+01 2.0735513837888053e+02
4.3886666666666671e-02 4.5569814208033591e+01 2.0630506502378663e+02
4.4883333333333338e-02 4.5364716993200503e+01 2.0526125236703055e+02
4.5880000000000004e-02 4.5160657010335392e+01 2.0422366308135005e+02
4.6876666666666671e-02 4.4957628075302267e+01 2.0319226006203718e+02
4.7873333333333337e-02 4.4755624040835926e+01 2.0216700642561082e+02
4.8870000000000004e-02 4.4554638796322109e+01 2.0114786550847046e+02
4.9866666666666670e-02 4.4354666267579013e+01 2.0013480086563004e+02
5.0863333333333337e-02 4.4155700416640052e+01 1.9912777626941036e+02
5.1860000000000003e-02 4.3957735241537939e+01 1.9812675570807642e+02
5.2856666666666670e-02 4.3760764776090070e+01 1.9713170338464138e+02
5.3853333333333336e-02 4.3564783089685129e+01 1.9614258371557429e+02
5.4850000000000003e-02 4.3369784287071042e+01 1.9515936132941459e+02
5.5846666666666669e-02 4.3175762508144174e+01 1.9418200106564242e+02
5.6843333333333336e-02 4.2982711927739722e+01 1.9321046797339014e+02
5.7840000000000009e-02 4.2790626755423425e+01 1.9224472731014095e+02
5.8836666666666676e-02 4.2599501235284514e+01 1.9128474454051369e+02
5.9833333333333343e-02 4.2409329645729862e+01 1.9033048533504717e+02
6.0830000000000009e-02 4.2220106299279358e+01 1.8938191556897726e+02
6.1826666666666676e-02 4.2031825542362547e+01 1.8843900132094717e+02
6.2823333333333342e-02 4.1844481755116455e+01 1.8750170887187986e+02
6.3820000000000002e-02 4.1658069351184601e+01 1.8657000470375394e+02
6.4816666666666675e-02 4.1472582777517225e+01 1.8564385549832855e+02
6.5813333333333335e-02 4.1288016514172753e+01 1.8472322813605970e+02
6.6810000000000008e-02 4.1104365074120345e+01 1.8380808969486284e+02
6.7806666666666668e-02 4.0921623003043692e+01 1.8289840744892206e+02
6.8803333333333341e-02 4.0739784879145986e+01 1.8199414886754209e+02
6.9800000000000001e-02 4.0558845312956024e+01 1.8109528161399345e+02
7.0796666666666674e-02 4.0378798947135458e+01 1.8020177354433594e+02
7.1793333333333334e-02 4.0199640456287241e+01 1.7931359270626899e+02
7.2789999999999994e-02 4.0021364546765184e+01 1.7843070733799863e+02
7.3786666666666667e-02 3.9843965956484638e+01 1.7755308586711527e+02
7.4783333333333341e-02 3.9667439454734314e+01 1.7668069690944665e+02
7.5780000000000000e-02 3.9491779841989263e+01 1.7581350926791157e+02
7.6776666666666674e-02 3.9316981949724912e+01 1.7495149193145014e+02
7.7773333333333333e-02 3.9143040640232250e+01 1.7409461407389551e+02
7.8770000000000007e-02 3.8969950806434078e+01 1.7324284505286596e+02
7.9766666666666666e-02 3.8797707371702401e+01 1.7239615440869244e+02
8.0763333333333340e-02 3.8626305289676864e+01 1.7155451186329162e+02
8.1759999999999999e-02 3.8455739544084310e+01 1.7071788731909720e+02
8.2756666666666673e-02 3.8286005148559390e+01 1.6988625085799697e+02
8.3753333333333332e-02 3.8117097146466257e+01 1.6905957274027134e+02
8.4750000000000006e-02 3.7949010610721274e+01 1.6823782340350149e+02
8.5746666666666665e-02 3.7781740643616878e+01 1.6742097346150845e+02
8.6743333333333339e-02 3.7615282376646391e+01 1.6660899370333973e+02
8.7739999999999999e-02 3.7449630970329949e+01 1.6580185509220416e+02
8.8736666666666672e-02 3.7284781614041400e+01 1.6499952876441245e+02
8.9733333333333332e-02 3.7120729525836332e+01 1.6420198602837311e+02
9.0730000000000005e-02 3.6957469952281002e+01 1.6340919836358978e+02
9.1726666666666665e-02 3.6794998168282405e+01 1.6262113741955298e+02
9.2723333333333338e-02 3.6633309476919273e+01 1.6183777501482456e+02
9.3719999999999998e-02 3.6472399209274123e+01 1.6105908313597786e+02
9.4716666666666671e-02 3.6312262724266283e+01 1.6028503393660105e+02
9.5713333333333331e-02 3.6152895408485946e+01 1.5951559973632266e+02
9.6710000000000004e-02 3.5994292676029161e+01 1.5875075301976813e+02
9.7706666666666664e-02 3.5836449968333866e+01 1.5799046643567195e+02
9.8703333333333337e-02 3.5679362754016850e+01 1.5723471279579701e+02
9.9699999999999997e-02 3.5523026528711732e+01 1.5648346507400191e+02
1.0069666666666667e-01 3.5367436814907862e+01 1.5573669640532734e+02
1.0169333333333333e-01 3.5212589161790206e+01 1.5499438008494835e+02
1.0269000000000000e-01 3.5058479145080192e+01 1.5425648956725152e+02
1.0368666666666666e-01 3.4905102366877493e+01 1.5352299846491869e+02
1.0468333333333334e-01 3.4752454455502750e+01 1.5279388054794157e+02
1.0568000000000001e-01 3.4600531065341251e+01 1.5206910974269766e+02
1.0667666666666667e-01 3.4449327876687505e+01 1.5134866013104767e+02
1.0767333333333334e-01 3.4298840595590775e+01 1.5063250594934456e+02
1.0867000000000000e-01 3.4149064953701554e+01 1.4992062158754854e+02
1.0966666666666668e-01 3.3999996708118907e+01 1.4921298158833611e+02
1.1066333333333334e-01 3.3851631641238718e+01 1.4850956064615951e+02
1.1166000000000001e-01 3.3703965560602889e+01 1.4781033360634095e+02
1.1265666666666667e-01 3.3556994298749430e+01 1.4711527546415337e+02
1.1365333333333334e-01 3.3410713713063402e+01 1.4642436136399343e+02
1.1465000000000000e-01 3.3265119685628790e+01 1.4573756659843988e+02
1.1564666666666668e-01 3.3120208123081234e+01 1.4505486660734891e+02
1.1664333333333333e-01 3.2975974956461677e+01 1.4437623697705183e+02
1.1764000000000001e-01 3.2832416141070794e+01 1.4370165343942799e+02
1.1863666666666667e-01 3.2689527656324422e+01 1.4303109187102112e+02
1.1963333333333334e-01 3.2547305505609742e+01 1.4236452829221963e+02
1.2063000000000000e-01 3.2405745716142363e+01 1.4170193886639714e+02
1.2162666666666667e-01 3.2264844338824261e+01 1.4104329989902135e+02
1.2262333333333333e-01 3.2124597448102556e+01 1.4038858783683818e+02
1.2362000000000001e-01 3.1985001141829130e+01 1.3973777926702834e+02
1.2461666666666667e-01 3.1846051541121078e+01 1.3909085091635649e+02
1.2561333333333335e-01 3.1707744790222002e+01 1.3844777965034703e+02
1.2661000000000000e-01 3.1570077056364141e+01 1.3780854247245225e+02
1.2760666666666667e-01 3.1433044529631282e+01 1.3717311652325233e+02
1.2860333333333335e-01 3.1296643422822527e+01 1.3654147907959933e+02
1.2960000000000002e-01 3.1160869971316878e+01 1.3591360755381018e+02
1.3059666666666667e-01 3.1025720432938595e+01 1.3528947949291370e+02
1.3159333333333334e-01 3.0891191087823362e+01 1.3466907257778632e+02
1.3259000000000001e-01 3.0757278238285288e+01 1.3405236462235939e+02
1.3358666666666669e-01 3.0623978208684669e+01 1.3343933357286278e+02
1.3458333333333333e-01 3.0491287345296534e+01 1.3282995750701235e+02
1.3558000000000001e-01 3.0359202016179989e+01 1.3222421463320984e+02
1.3657666666666668e-01 3.0227718611048356e+01 1.3162208328979835e+02
1.3757333333333335e-01 3.0096833541140036e+01 1.3102354194428776e+02
1.3857000000000003e-01 2.9966543239090189e+01 1.3042856919252668e+02
1.3956666666666670e-01 2.9836844158803178e+01 1.2983714375799676e+02
1.4056333333333335e-01 2.9707732775325738e+01 1.2924924449105291e+02
1.4156000000000002e-01 2.9579205584720913e+01 1.2866485036812526e+02
1.4255666666666669e-01 2.9451259103942785e+01 1.2808394049099203e+02
1.4355333333333337e-01 2.9323889870711898e+01 1.2750649408603590e+02
1.4455000000000001e-01 2.9197094443391450e+01 1.2693249050349944e+02
1.4554666666666669e-01 2.9070869400864204e+01 1.2636190921672551e+02
1.4654333333333336e-01 2.8945211342410179e+01 1.2579472982145012e+02
1.4754000000000003e-01 2.8820116887585005e+01 1.2523093203508198e+02
1.4853666666666668e-01 2.8695582676099058e+01 1.2467049569592375e+02
1.4953333333333335e-01 2.8571605367697277e+01 1.2411340076249869e+02
1.5053000000000002e-01 2.8448181642039739e+01 1.2355962731282453e+02
1.5152666666666670e-01 2.8325308198582903e+01 1.2300915554369773e+02
1.5252333333333334e-01 2.8202981756461590e+01 1.2246196576998211e+02
1.5352000000000002e-01 2.8081199054371634e+01 1.2191803842390830e+02
1.5451666666666669e-01 2.7959956850453288e+01 1.2137735405437482e+02
1.5551333333333336e-01 2.7839251922175286e+01 1.2083989332623227e+02
1.5651000000000001e-01 2.7719081066219598e+01 1.2030563701963439e+02
1.5750666666666668e-01 2.7599441098366867e+01 1.1977456602932473e+02
1.5850333333333336e-01 2.7480328853382552e+01 1.1924666136394885e+02
1.5950000000000003e-01 2.7361741184903739e+01 1.1872190414537720e+02
1.6049666666666668e-01 2.7243674965326626e+01 1.1820027560803179e+02
1.6149333333333335e-01 2.7126127085694669e+01 1.1768175709823497e+02
1.6249000000000002e-01 2.7009094455587412e+01 1.1716633007351602e+02
1.6348666666666670e-01 2.6892574003009969e+01 1.1665397610195429e+02
1.6448333333333334e-01 2.6776562674283170e+01 1.1614467686152832e+02
1.6548000000000002e-01 2.6661057433934349e+01 1.1563841413944739e+02
1.6647666666666669e-01 2.6546055264588816e+01 1.1513516983151827e+02
1.6747333333333336e-01 2.6431553166861935e+01 1.1463492594148312e+02
1.6847000000000001e-01 2.6317548159251878e+01 1.1413766458037803e+02
1.6946666666666668e-01 2.6204037278032978e+01 1.1364336796591179e+02
1.7046333333333336e-01 2.6091017577149774e+01 1.1315201842178681e+02
1.7146000000000003e-01 2.5978486128111658e+01 1.1266359837710526e+02
1.7245666666666670e-01 2.5866440019888135e+01 1.1217809036574901e+02
1.7345333333333335e-01 2.5754876358804726e+01 1.1169547702570915e+02
1.7445000000000002e-01 2.5643792268439491e+01 1.1121574109850742e+02
1.7544666666666670e-01 2.5533184889520168e+01 1.1073886542855973e+02
1.7644333333333337e-01 2.5423051379821928e+01 1.1026483296255881e+02
1.7744000000000001e-01 2.5313388914065730e+01 1.0979362674888064e+02
1.7843666666666669e-01 2.5204194683817281e+01 1.0932522993696868e+02
1.7943333333333336e-01 2.5095465897386617e+01 1.0885962577673484e+02
1.8043000000000003e-01 2.4987199779728268e+01 1.0839679761794572e+02
1.8142666666666668e-01 2.4879393572342018e+01 1.0793672890965247e+02
1.8242333333333335e-01 2.4772044533174249e+01 1.0747940319957792e+02
1.8342000000000003e-01 2.4665149936519917e+01 1.0702480413353079e+02
1.8441666666666670e-01 2.4558707072925042e+01 1.0657291545484489e+02
1.8541333333333335e-01 2.4452713249089836e+01 1.0612372100376987e+02
1.8641000000000002e-01 2.4347165787772372e+01 1.0567720471689076e+02
1.8740666666666669e-01 2.4242062027692878e+01 1.0523335062657182e+02
1.8840333333333337e-01 2.4137399323438540e+01 1.0479214286038928e+02
1.8940000000000001e-01 2.4033175045368914e+01 1.0435356564053953e+02
1.9039666666666669e-01 2.3929386579521864e+01 1.0391760328330342e+02
1.9139333333333336e-01 2.3826031327520116e+01 1.0348424019846129e+02
1.9239000000000003e-01 2.3723106706478330e+01 1.0305346088873492e+02
1.9338666666666668e-01 2.3620610148910732e+01 1.0262524994925818e+02
1.9438333333333335e-01 2.3518539102639291e+01 1.0219959206701058e+02
1.9538000000000003e-01 2.3416891030702462e+01 1.0177647202026660e+02
1.9637666666666670e-01 2.3315663411264463e+01 1.0135587467805699e+02
1.9737333333333335e-01 2.3214853737525090e+01 1.0093778499962174e+02
1.9837000000000002e-01 2.3114459517630067e+01 1.0052218803386681e+02
1.9936666666666669e-01 2.3014478274581954e+01 1.0010906891886499e+02
2.0036333333333337e-01 2.2914907546151543e+01 9.9698412881287339e+01
2.0136000000000004e-01 2.2815744884789822e+01 9.9290205235874041e+01
2.0235666666666668e-01 2.2716987857540460e+01 9.8884431384928163e+01
2.0335333333333336e-01 2.2618634045952774e+01 9.8481076817786274e+01
2.0435000000000003e-01 2.2520681045995275e+01 9.8080127110304943e+01
2.0534666666666671e-01 2.2423126467969674e+01 9.7681567924343867e+01
2.0634333333333335e-01 2.2325967936425439e+01 9.7285385007238318e+01
2.0734000000000002e-01 2.2229203090074837e+01 9.6891564191294790e+01
2.0833666666666670e-01 2.2132829581708513e+01 9.6500091393301034e+01
2.0933333333333337e-01 2.2036845078111536e+01 9.6110952614012433e+01
2.1033000000000002e-01 2.1941247259979960e+01 9.5724133937647835e+01
2.1132666666666669e-01 2.1846033821837889e+01 9.5339621531388715e+01
2.1232333333333336e-01 2.1751202471955040e+01 9.4957401644896109e+01
2.1332000000000004e-01 2.1656750932264778e+01 9.4577460609809762e+01
2.1431666666666668e-01 2.1562676938282660e+01 9.4199784839261838e+01
2.1531333333333336e-01 2.1468978239025443e+01 9.3824360827395282e+01
2.1631000000000003e-01 2.1375652596930600e+01 9.3451175148877539e+01
2.1730666666666670e-01 2.1282697787776300e+01 9.3080214458410296e+01
2.1830333333333335e-01 2.1190111600601874e+01 9.2711465490275330e+01
2.1930000000000002e-01 2.1097891837628730e+01 9.2344915057836658e+01
2.2029666666666670e-01 2.1006036314181788e+01 9.1980550053079398e+01
2.2129333333333337e-01 2.0914542858611334e+01 9.1618357446158626e+01
2.2229000000000002e-01 2.0823409312215361e+01 9.1258324284891643e+01
2.2328666666666669e-01 2.0732633529162385e+01 9.0900437694324708e+01
2.2428333333333336e-01 2.0642213376414702e+01 9.0544684876273067e+01
2.2528000000000004e-01 2.0552146733652112e+01 9.0191053108857858e+01
2.2627666666666668e-01 2.0462431493196089e+01 8.9839529746044519e+01
2.2727333333333335e-01 2.0373065559934407e+01 8.9490102217195172e+01
2.2827000000000003e-01 2.0284046851246234e+01 8.9142758026626538e+01
2.2926666666666670e-01 2.0195373296927642e+01 8.8797484753154095e+01
2.3026333333333335e-01 2.0107042839117582e+01 8.8454270049641011e+01
2.3126000000000002e-01 2.0019053432224293e+01 8.8113101642577462e+01
2.3225666666666669e-01 1.9931403042852143e+01 8.7773967331636413e+01
2.3325333333333337e-01 1.9844089649728918e+01 8.7436854989213288e+01
2.3425000000000004e-01 1.9757111243633549e+01 8.7101752560020344e+01
2.3524666666666669e-01 1.9670465827324254e+01 8.6768648060640217e+01
2.3624333333333336e-01 1.9584151415467112e+01 8.6437529579109793e+01
2.3724000000000003e-01 1.9498166034565067e+01 8.6108385274490502e+01
2.3823666666666671e-01 1.9412507722887362e+01 8.5781203376423321e+01
2.3923333333333335e-01 1.9327174530399386e+01 8.5455972184738499e+01
2.4023000000000003e-01 1.9242164518692924e+01 8.5132680069027273e+01
2.4122666666666670e-01 1.9157475760916864e+01 8.4811315468219377e+01
2.4222333333333337e-01 1.9073106341708264e+01 8.4491866890170130e+01
2.4322000000000002e-01 1.8989054357123887e+01 8.4174322911259566e+01
2.4421666666666669e-01 1.8905317914572084e+01 8.3858672175971051e+01
2.4521333333333337e-01 1.8821895132745141e+01 8.3544903396490383e+01
2.4621000000000004e-01 1.8738784141551985e+01 8.3233005352314166e+01
2.4720666666666669e-01 1.8655983082051321e+01 8.2922966889825844e+01
2.4820333333333336e-01 1.8573490106385137e+01 8.2614776921911698e+01
2.4920000000000003e-01 1.8491303377712647e+01 8.2308424427564589e+01
2.5019666666666668e-01 1.8409421070144589e+01 8.2003898451484318e+01
2.5119333333333332e-01 1.8327841368677934e+01 8.1701188103683180e+01
2.5219000000000003e-01 1.8246562469130971e+01 8.1400282559111147e+01
2.5318666666666667e-01 1.8165582578078819e+01 8.1101171057253737e+01
2.5418333333333337e-01 1.8084899912789250e+01 8.0803842901744943e+01
2.5518000000000002e-01 1.8004512701158980e+01 8.0508287460005391e+01
2.5617666666666666e-01 1.7924419181650261e+01 8.0214494162844218e+01
2.5717333333333336e-01 1.7844617603227906e+01 7.9922452504080653e+01
2.5817000000000001e-01 1.7765106225296687e+01 7.9632152040177985e+01
2.5916666666666666e-01 1.7685883317639050e+01 7.9343582389863997e+01
2.6016333333333336e-01 1.7606947160353272e+01 7.9056733233767829e+01
2.6116000000000000e-01 1.7528296043791951e+01 7.8771594314034118e+01
2.6215666666666670e-01 1.7449928268500859e+01 7.8488155433968814e+01
2.6315333333333335e-01 1.7371842145158187e+01 7.8206406457680387e+01
2.6415000000000005e-01 1.7294035994514108e+01 7.7926337309696663e+01
2.6514666666666670e-01 1.7216508147330753e+01 7.7647937974630324e+01
2.6614333333333334e-01 1.7139256944322494e+01 7.7371198496798783e+01
2.6714000000000004e-01 1.7062280736096614e+01 7.7096108979875524e+01
2.6813666666666669e-01 1.6985577883094351e+01 7.6822659586545583e+01
2.6913333333333339e-01 1.6909146755532213e+01 7.6550840538138544e+01
2.7013000000000004e-01 1.6832985733343754e+01 7.6280642114288298e+01
2.7112666666666668e-01 1.6757093206121599e+01 7.6012054652581767e+01
2.7212333333333338e-01 1.6681467573059866e+01 7.5745068548216651e+01
2.7312000000000003e-01 1.6606107242896933e+01 7.5479674253661543e+01
2.7411666666666668e-01 1.6531010633858507e+01 7.5215862278297649e+01
2.7511333333333338e-01 1.6456176173601087e+01 7.4953623188095605e+01
2.7611000000000002e-01 1.6381602299155723e+01 7.4692947605275435e+01
2.7710666666666672e-01 1.6307287456872121e+01 7.4433826207965879e+01
2.7810333333333337e-01 1.6233230102363095e+01 7.4176249729880013e+01
2.7910000000000001e-01 1.6159428700449322e+01 7.3920208959969841e+01
2.8009666666666672e-01 1.6085881725104450e+01 7.3665694742110119e+01
2.8109333333333336e-01 1.6012587659400541e+01 7.3412697974764285e+01
2.8209000000000001e-01 1.5939544995453806e+01 7.3161209610661970e+01
2.8308666666666671e-01 1.5866752234370681e+01 7.2911220656473290e+01
2.8408333333333335e-01 1.5794207886194251e+01 7.2662722172486525e+01
2.8508000000000006e-01 1.5721910469850931e+01 7.2415705272295540e+01
2.8607666666666670e-01 1.5649858513097541e+01 7.2170161122467448e+01
2.8707333333333335e-01 1.5578050552468628e+01 7.1926080942242933e+01
2.8807000000000005e-01 1.5506485133224139e+01 7.1683456003214133e+01
2.8906666666666669e-01 1.5435160809297416e+01 7.1442277629008927e+01
2.9006333333333334e-01 1.5364076143243459e+01 7.1202537194989745e+01
2.9106000000000004e-01 1.5293229706187530e+01 7.0964226127939185e+01
2.9205666666666669e-01 1.5222620077774074e+01 7.0727335905754856e+01
2.9305333333333339e-01 1.5152245846115894e+01 7.0491858057142039e+01
2.9405000000000003e-01 1.5082105607743697e+01 7.0257784161317986e+01
2.9504666666666668e-01 1.5012197967555871e+01 7.0025105847703387e+01
2.9604333333333338e-01 1.4942521538768611e+01 6.9793814795622097e+01
2.9704000000000003e-01 1.4873074942866344e+01 6.9563902734015244e+01
2.9803666666666673e-01 1.4803856809552395e+01 6.9335361441130800e+01
2.9903333333333337e-01 1.4734865776700021e+01 6.9108182744236061e+01
3.0003000000000002e-01 1.4666100490303677e+01 6.8882358519332385e+01
3.0102666666666672e-01 1.4597559604430600e+01 6.8657880690851982e+01
3.0202333333333337e-01 1.4529241781172692e+01 6.8434741231374076e+01
3.0302000000000001e-01 1.4461145690598658e+01 6.8212932161340717e+01
3.0401666666666671e-01 1.4393270010706450e+01 6.7992445548770974e+01
3.0501333333333336e-01 1.4325613427376009e+01 6.7773273508972750e+01
3.0601000000000006e-01 1.4258174634322243e+01 6.7555408204263458e+01
3.0700666666666671e-01 1.4190952333048346e+01 6.7338841843695732e+01
3.0800333333333335e-01 1.4123945232799327e+01 6.7123566682765329e+01
3.0900000000000005e-01 1.4057152050515878e+01 6.6909575023147582e+01
3.0999666666666670e-01 1.3990571510788492e+01 6.6696859212413926e+01
3.1099333333333334e-01 1.3924202345811834e+01 6.6485411643760273e+01
3.1199000000000005e-01 1.3858043295339414e+01 6.6275224755740240e+01
3.1298666666666669e-01 1.3792093106638534e+01 6.6066291031980199e+01
3.1398333333333339e-01 1.3726350534445464e+01 6.5858603000931026e+01
3.1498000000000004e-01 1.3660814340920933e+01 6.5652153235588173e+01
3.1597666666666668e-01 1.3595483295605844e+01 6.5446934353220598e+01
3.1697333333333338e-01 1.3530356175377284e+01 6.5242939015121706e+01
3.1797000000000003e-01 1.3465431764404793e+01 6.5040159926335306e+01
3.1896666666666668e-01 1.3400708854106860e+01 6.4838589835404434e+01
3.1996333333333338e-01 1.3336186243107720e+01 6.4638221534102357e+01
3.2096000000000002e-01 1.3271862737194402e+01 6.4439047857173165e+01
3.2195666666666672e-01 1.3207737149273997e+01 6.4241061682095619e+01
3.2295333333333337e-01 1.3143808299331234e+01 6.4044255928804148e+01
3.2395000000000002e-01 1.3080075014386258e+01 6.3848623559443034e+01
3.2494666666666672e-01 1.3016536128452701e+01 6.3654157578125705e+01
3.2594333333333336e-01 1.2953190482495984e+01 6.3460851030674625e+01
3.2694000000000001e-01 1.2890036924391854e+01 6.3268697004369834e+01
3.2793666666666671e-01 1.2827074308885200e+01 6.3077688627706671e+01
3.2893333333333336e-01 1.2764301497549102e+01 6.2887819070152489e+01
3.2993000000000006e-01 1.2701717358744094e+01 6.2699081541899758e+01
3.3092666666666670e-01 1.2639320767577729e+01 6.2511469293620088e+01
3.3192333333333335e-01 1.2577110605864325e+01 6.2324975616224791e+01
3.3292000000000005e-01 1.2515085762084990e+01 6.2139593840630795e+01
3.3391666666666669e-01 1.2453245131347881e+01 6.1955317337515368e+01
3.3491333333333340e-01 1.2391587615348675e+01 6.1772139517075040e+01
3.3591000000000004e-01 1.2330112122331313e+01 6.1590053828803924e+01
3.3690666666666669e-01 1.2268817567048938e+01 6.1409053761247890e+01
3.3790333333333339e-01 1.2207702870725097e+01 6.1229132841773200e+01
3.3890000000000003e-01 1.2146766961015171e+01 6.1050284636341630e+01
3.3989666666666668e-01 1.2086008771968009e+01 6.0872502749270780e+01
3.4089333333333338e-01 1.2025427243987817e+01 6.0695780823015092e+01
3.4189000000000003e-01 1.1965021323796281e+01 6.0520112537930345e+01
3.4288666666666673e-01 1.1904789964394872e+01 6.0345491612049749e+01
3.4388333333333337e-01 1.1844732125027438e+01 6.0171911800865452e+01
3.4488000000000002e-01 1.1784846771142954e+01 5.9999366897098405e+01
3.4587666666666672e-01 1.1725132874358543e+01 5.9827850730476136e+01
3.4687333333333337e-01 1.1665589412422712e+01 5.9657357167514597e+01
3.4787000000000001e-01 1.1606215369178770e+01 5.9487880111302523e+01
3.4886666666666671e-01 1.1547009734528499e+01 5.9319413501277531e+01
3.4986333333333336e-01 1.1487971504396048e+01 5.9151951313007288e+01
3.5086000000000006e-01 1.1429099680692003e+01 5.8985487557982957e+01
3.5185666666666671e-01 1.1370393271277715e+01 5.8820016283399148e+01
3.5285333333333335e-01 1.1311851289929804e+01 5.8655531571942483e+01
3.5385000000000005e-01 1.1253472756304898e+01 5.8492027541576292e+01
3.5484666666666670e-01 1.1195256695904590e+01 5.8329498345334315e+01
3.5584333333333334e-01 1.1137202140040559e+01 5.8167938171116631e+01
3.5684000000000005e-01 1.1079308125799951e+01 5.8007341241469923e+01
3.5783666666666669e-01 1.1021573696010948e+01 5.7847701813388568e+01
3.5883333333333339e-01 1.0963997899208518e+01 5.7689014178107001e+01
3.5983000000000004e-01 1.0906579789600416e+01 5.7531272660898502e+01
3.6082666666666668e-01 1.0849318427033335e+01 5.7374471620869976e+01
3.6182333333333339e-01 1.0792212876959306e+01 5.7218605450754531e+01
3.6282000000000003e-01 1.0735262210402281e+01 5.7063668576722478e+01
3.6381666666666673e-01 1.0678465503924887e+01 5.6909655458178086e+01
3.6481333333333338e-01 1.0621821839595432e+01 5.6756560587553786e+01
3.6581000000000002e-01 1.0565330304955060e+01 5.6604378490118705e+01
3.6680666666666673e-01 1.0508989992985127e+01 5.6453103723790321e+01
3.6780333333333337e-01 1.0452800002074774e+01 5.6302730878927782e+01
3.6880000000000002e-01 1.0396759435988669e+01 5.6153254578141301e+01
3.6979666666666672e-01 1.0340867403834967e+01 5.6004669476106564e+01
3.7079333333333336e-01 1.0285123020033458e+01 5.5856970259364665e+01
3.7179000000000006e-01 1.0229525404283880e+01 5.5710151646140027e+01
3.7278666666666671e-01 1.0174073681534457e+01 5.5564208386147996e+01
3.7378333333333336e-01 1.0118766981950595e+01 5.5419135260401724e+01
3.7478000000000006e-01 1.0063604440883775e+01 5.5274927081036878e+01
3.7577666666666670e-01 1.0008585198840652e+01 5.5131578691118648e+01
3.7677333333333335e-01 9.9537084014522925e+00 5.4989084964455543e+01
3.7777000000000005e-01 9.8989731994436347e+00 5.4847440805421570e+01
3.7876666666666670e-01 9.8443787486031304e+00 5.4706641148771617e+01
3.7976333333333340e-01 9.7899242097525256e+00 5.4566680959460143e+01
3.8076000000000004e-01 9.7356087487168850e+00 5.4427555232462105e+01
3.8175666666666669e-01 9.6814315362947347e+00 5.4289258992590639e+01
3.8275333333333339e-01 9.6273917482284190e+00 5.4151787294325196e+01
3.8375000000000004e-01 9.5734885651746353e+00 5.4015135221630196e+01
3.8474666666666668e-01 9.5197211726751156e+00 5.3879297887777867e+01
3.8574333333333338e-01 9.4660887611275069e+00 5.3744270435178173e+01
3.8674000000000003e-01 9.4125905257564337e+00 5.3610048035203356e+01
3.8773666666666673e-01 9.3592256665846953e+00 5.3476625888012720e+01
3.8873333333333338e-01 9.3059933884046835e+00 5.3343999222380738e+01
3.8973000000000002e-01 9.2528929007499219e+00 5.3212163295537145e+01
3.9072666666666672e-01 9.1999234178668079e+00 5.3081113392983063e+01
3.9172333333333337e-01 9.1470841586865248e+00 5.2950844828323852e+01
3.9272000000000007e-01 9.0943743467970908e+00 5.2821352943113354e+01
3.9371666666666671e-01 9.0417932104156122e+00 5.2692633106680177e+01
3.9471333333333336e-01 8.9893399823606668e+00 5.2564680715955447e+01
3.9571000000000006e-01 8.9370139000248816e+00 5.2437491195315516e+01
3.9670666666666671e-01 8.8848142053476664e+00 5.2311059996422614e+01
3.9770333333333335e-01 8.8327401447880867e+00 5.2185382598054652e+01
3.9870000000000005e-01 8.7807909692979269e+00 5.2060454505942758e+01
3.9969666666666670e-01 8.7289659342949122e+00 5.1936271252616017e+01
4.0069333333333340e-01 8.6772642996360663e+00 5.1812828397239286e+01
4.0169000000000005e-01 8.6256853295912581e+00 5.1690121525454664e+01
4.0268666666666669e-01 8.5742282928168780e+00 5.1568146249223645e+01
4.0368333333333339e-01 8.5228924623296916e+00 5.1446898206666852e+01
4.0468000000000004e-01 8.4716771154808495e+00 5.1326373061913849e+01
4.0567666666666669e-01 8.4205815339300329e+00 5.1206566504944561e+01
4.0667333333333339e-01 8.3696050036197676e+00 5.1087474251436369e+01
4.0767000000000003e-01 8.3187468147499022e+00 5.0969092042610818e+01
4.0866666666666673e-01 8.2680062617522001e+00 5.0851415645081204e+01
4.0966333333333338e-01 8.2173826432651378e+00 5.0734440850698441e+01
4.1066000000000003e-01 8.1668752621087997e+00 5.0618163476404099e+01
4.1165666666666673e-01 8.1164834252599558e+00 5.0502579364083140e+01
4.1265333333333337e-01 8.0662064438272871e+00 5.0387684380406050e+01
4.1365000000000002e-01 8.0160436330267348e+00 5.0273474416690703e+01
4.1464666666666672e-01 7.9659943121570196e+00 5.0159945388752753e+01
4.1564333333333336e-01 7.9160578045753089e+00 5.0047093236755828e+01
4.1664000000000007e-01 7.8662334376729985e+00 4.9934913925067804e+01
4.1763666666666671e-01 7.8165205428516842e+00 4.9823403442119634e+01
4.1863333333333336e-01 7.7669184554992317e+00 4.9712557800261564e+01
4.1963000000000006e-01 7.7174265149660179e+00 4.9602373035615301e+01
4.2062666666666670e-01 7.6680440645413155e+00 4.9492845207937222e+01
4.2162333333333335e-01 7.6187704514297900e+00 4.9383970400477999e+01
4.2262000000000005e-01 7.5696050267281647e+00 4.9275744719836858e+01
4.2361666666666670e-01 7.5205471454020261e+00 4.9168164295827502e+01
4.2461333333333340e-01 7.4715961662627350e+00 4.9061225281341500e+01
4.2561000000000004e-01 7.4227514519445199e+00 4.8954923852202576e+01
4.2660666666666669e-01 7.3740123688816670e+00 4.8849256207036412e+01
4.2760333333333339e-01 7.3253782872858704e+00 4.8744218567134475e+01
4.2860000000000004e-01 7.2768485811237182e+00 4.8639807176317092e+01
4.2959666666666674e-01 7.2284226280942869e+00 4.8536018300798894e+01
4.3059333333333338e-01 7.1800998096069106e+00 4.8432848229055644e+01
4.3159000000000003e-01 7.1318795107590391e+00 4.8330293271691822e+01
4.3258666666666673e-01 7.0837611203142590e+00 4.8228349761308884e+01
4.3358333333333338e-01 7.0357440306804406e+00 4.8127014052374555e+01
4.3458000000000002e-01 6.9878276378879978e+00 4.8026282521090977e+01
4.3557666666666672e-01 6.9400113415682947e+00 4.7926151565266032e+01
4.3657333333333337e-01 6.8922945449321862e+00 4.7826617604184449e+01
4.3757000000000007e-01 6.8446766547486568e+00 4.7727677078480440e+01
4.3856666666666672e-01 6.7971570813236273e+00 4.7629326450008463e+01
4.3956333333333336e-01 6.7497352384788512e+00 4.7531562201718046e+01
4.4056000000000006e-01 6.7024105435309584e+00 4.7434380837528529e+01
4.4155666666666671e-01 6.6551824172706260e+00 4.7337778882203438e+01
4.4255333333333335e-01 6.6080502839418509e+00 4.7241752881227121e+01
4.4355000000000006e-01 6.5610135712213662e+00 4.7146299400678949e+01
4.4454666666666670e-01 6.5140717101981860e+00 4.7051415027110046e+01
4.4554333333333340e-01 6.4672241353532405e+00 4.6957096367426054e+01
4.4654000000000005e-01 6.4204702845391743e+00 4.6863340048762282e+01
4.4753666666666669e-01 6.3738095989602250e+00 4.6770142718362749e+01
4.4853333333333339e-01 6.3272415231522476e+00 4.6677501043461746e+01
4.4953000000000004e-01 6.2807655049628606e+00 4.6585411711162514e+01
4.5052666666666669e-01 6.2343809955316853e+00 4.6493871428322272e+01
4.5152333333333339e-01 6.1880874492707232e+00 4.6402876921431989e+01
4.5252000000000003e-01 6.1418843238448551e+00 4.6312424936498815e+01
4.5351666666666673e-01 6.0957710801524314e+00 4.6222512238930335e+01
4.5451333333333338e-01 6.0497471823060103e+00 4.6133135613421899e+01
4.5551000000000003e-01 6.0038120976131770e+00 4.6044291863836612e+01
4.5650666666666673e-01 5.9579652965575054e+00 4.5955977813092879e+01
4.5750333333333337e-01 5.9122062527796260e+00 4.5868190303054526e+01
4.5850000000000007e-01 5.8665344430583870e+00 4.5780926194412373e+01
4.5949666666666672e-01 5.8209493472921636e+00 4.5694182366572925e+01
4.6049333333333337e-01 5.7754504484802434e+00 4.5607955717550766e+01
4.6149000000000007e-01 5.7300372327043414e+00 4.5522243163854810e+01
4.6248666666666671e-01 5.6847091891102348e+00 4.5437041640375220e+01
4.6348333333333336e-01 5.6394658098894750e+00 4.5352348100281013e+01
4.6448000000000006e-01 5.5943065902612394e+00 4.5268159514904781e+01
4.6547666666666671e-01 5.5492310284542850e+00 4.5184472873635286e+01
4.6647333333333341e-01 5.5042386256889886e+00 4.5101285183812699e+01
4.6747000000000005e-01 5.4593288861595308e+00 4.5018593470618654e+01
4.6846666666666670e-01 5.4145013170161489e+00 4.4936394776972740e+01
4.6946333333333340e-01 5.3697554283475153e+00 4.4854686163425242e+01
4.7046000000000004e-01 5.3250907331632318e+00 4.4773464708048273e+01
4.7145666666666669e-01 5.2805067473763971e+00 4.4692727506338166e+01
4.7245333333333339e-01 5.2360029897863010e+00 4.4612471671109610e+01
4.7345000000000004e-01 5.1915789820612259e+00 4.4532694332387265e+01
4.7444666666666674e-01 5.1472342487213263e+00 4.4453392637308255e+01
4.7544333333333338e-01 5.1029683171216416e+00 4.4374563750021018e+01
4.7644000000000003e-01 5.0587807174351784e+00 4.4296204851579681e+01
4.7743666666666673e-01 5.0146709826361171e+00 4.4218313139845158e+01
4.7843333333333338e-01 4.9706386484831171e+00 4.4140885829387443e+01
4.7943000000000002e-01 4.9266832535027021e+00 4.4063920151381033e+01
4.8042666666666672e-01 4.8828043389727638e+00 4.3987413353508551e+01
4.8142333333333337e-01 4.8390014489061670e+00 4.3911362699865165e+01
4.8242000000000007e-01 4.7952741300344224e+00 4.3835765470855954e+01
4.8341666666666672e-01 4.7516219317915018e+00 4.3760618963099766e+01
4.8441333333333336e-01 4.7080444062977067e+00 4.3685920489334322e+01
4.8541000000000006e-01 4.6645411083436574e+00 4.3611667378320682e+01
4.8640666666666671e-01 4.6211115953743809e+00 4.3537856974744429e+01
4.8740333333333336e-01 4.5777554274734724e+00 4.3464486639121269e+01
4.8840000000000006e-01 4.5344721673473680e+00 4.3391553747707249e+01
4.8939666666666670e-01 4.4912613803097150e+00 4.3319055692400148e+01
4.9039333333333340e-01 4.4481226342658129e+00 4.3246989880645316e+01
4.9139000000000005e-01 4.4050554996971769e+00 4.3175353735349233e+01
4.9238666666666669e-01 4.3602821301712327e+00 4.6670872738119364e+01
4.9338333333333340e-01 4.3155586736937028e+00 4.3075193771971207e+01
4.9438000000000004e-01 4.2758543142754517e+00 3.6599106063985595e+01
4.9537666666666674e-01 4.2387320904486820e+00 3.7893650779028185e+01
4.9637333333333339e-01 4.1987556788096070e+00 4.2326573245873234e+01
4.9737000000000003e-01 4.1544120843482970e+00 4.6657228348730619e+01
4.9836666666666674e-01 4.1057483786712918e+00 5.0995692742246284e+01
4.9936333333333338e-01 4.0523329939124668e+00 5.6192370318942487e+01
5.0036000000000003e-01 3.9932841442575464e+00 6.2300304573876431e+01
5.0135666666666667e-01 3.9281419858286868e+00 6.8419745785042366e+01
5.0235333333333332e-01 3.8575232542031825e+00 7.3290083563798717e+01
5.0335000000000008e-01 3.7830117857415537e+00 7.6231257830760583e+01
5.0434666666666672e-01 3.7063812345735889e+00 7.7542423442750405e+01
5.0534333333333337e-01 3.6287345138295235e+00 7.8270394103872690e+01
5.0634000000000001e-01 3.5501585130783653e+00 7.9407199376715596e+01
5.0733666666666666e-01 3.4702400856431379e+00 8.0964226914713478e+01
5.0833333333333330e-01 3.3890568495594362e+00 8.1945276932182992e+01
5.0933000000000006e-01 3.3077306751404318e+00 8.1251059694566479e+01
5.1032666666666671e-01 3.2281399194629254e+00 7.8462831297088798e+01
5.1132333333333335e-01 3.1521294446832804e+00 7.4066549531633527e+01
5.1232000000000000e-01 3.0807847017949035e+00 6.9100158605580759e+01
5.1331666666666675e-01 3.0142688946580769e+00 6.4376377454929042e+01
5.1431333333333340e-01 2.9522307420584593e+00 6.0114898664708093e+01
5.1531000000000005e-01 2.8943865954404941e+00 5.5960311939906418e+01
5.1630666666666669e-01 2.8408430215130602e+00 5.1484986911133504e+01
5.1730333333333334e-01 2.7919362755295554e+00 4.6655640480517121e+01
5.1830000000000009e-01 2.7479109269173918e+00 4.1689540681006676e+01
5.1929666666666674e-01 2.7089103737061202e+00 3.6572439007165769e+01
5.2029333333333339e-01 2.6749303302258336e+00 3.1614939214146379e+01
5.2129000000000003e-01 2.6454112426982683e+00 2.7620687931470769e+01
5.2228666666666668e-01 2.6191560002925920e+00 2.5065417230422366e+01
5.2328333333333343e-01 2.5946763942332600e+00 2.4057538072580531e+01
5.2428000000000008e-01 2.5704623766077872e+00 2.4532463851446362e+01
5.2527666666666673e-01 2.5452943396531316e+00 2.5971958131141264e+01
5.2627333333333337e-01 2.5188703531941288e+00 2.7052763860169534e+01
5.2727000000000002e-01 2.4918058841944273e+00 2.7257207376690729e+01
5.2826666666666677e-01 2.4645096536299667e+00 2.7517837234261652e+01
5.2926333333333342e-01 2.4365975179847452e+00 2.8493137304645479e+01
5.3026000000000006e-01 2.4072507071909164e+00 3.0396784020765033e+01
5.3125666666666671e-01 2.3755355148898518e+00 3.3245742335887819e+01
5.3225333333333336e-01 2.3405246665142254e+00 3.7010140692126456e+01
5.3325000000000000e-01 2.3013902395886667e+00 4.1520481900969436e+01
5.3424666666666676e-01 2.2577967682752029e+00 4.5958055851792963e+01
5.3524333333333340e-01 2.2102688243304405e+00 4.9415744706261052e+01
5.3624000000000005e-01 2.1599115558430997e+00 5.1635630184725571e+01
5.3723666666666670e-01 2.1080117583794959e+00 5.2511120578360952e+01
5.3823333333333334e-01 2.0558342668705967e+00 5.2192875760569720e+01
5.3923000000000010e-01 2.0040906682623136e+00 5.1640432483467251e+01
5.4022666666666674e-01 1.9525107291972150e+00 5.1864461961548436e+01
5.4122333333333339e-01 1.9003493947143955e+00 5.2807112251469420e+01
5.4222000000000004e-01 1.8470960675403443e+00 5.4055751642950014e+01
5.4321666666666668e-01 1.7924883121106550e+00 5.5525028483519108e+01
5.4421333333333344e-01 1.7362584011631179e+00 5.7310913217213852e+01
5.4521000000000008e-01 1.6780508408450703e+00 5.9493555648435979e+01
5.4620666666666673e-01 1.6176234589109451e+00 6.1765404754493595e+01
5.4720333333333337e-01 1.5550903210231131e+00 6.3719152879954450e+01
5.4820000000000002e-01 1.4908739006991956e+00 6.5143229040952733e+01
5.4919666666666667e-01 1.4256209919642939e+00 6.5799062734772491e+01
5.5019333333333342e-01 1.3601046051516945e+00 6.5671947591502033e+01
5.5119000000000007e-01 1.2948073600782615e+00 6.5359313425423053e+01
5.5218666666666671e-01 1.2290200822602106e+00 6.6655290891738460e+01
5.5318333333333336e-01 1.1602743994100893e+00 7.1295912151986400e+01
5.5418000000000001e-01 1.0861941271505491e+00 7.7360152582880048e+01
5.5517666666666676e-01 1.0074188801529018e+00 8.0717266141481360e+01
5.5617333333333341e-01 9.2752956495528804e-01 7.9595740944034702e+01
5.5717000000000005e-01 8.5108767260653573e-01 7.3799360759150517e+01
5.5816666666666670e-01 7.8202854786299147e-01 6.4780822672713882e+01
5.5916333333333335e-01 7.2163686105750513e-01 5.6406508709535480e+01
5.6016000000000010e-01 6.6810853302071416e-01 5.1008196381005348e+01
5.6115666666666675e-01 6.1919226144911266e-01 4.7151545903146804e+01
5.6215333333333339e-01 5.7438738095702047e-01 4.2757913278311094e+01
5.6315000000000004e-01 5.3461389372249124e-01 3.7055104583622132e+01
5.6414666666666669e-01 5.0113987965281581e-01 3.0116830004356643e+01
5.6514333333333344e-01 4.7515601039115257e-01 2.2024713664528100e+01
5.6614000000000009e-01 4.5799400524361278e-01 1.2414092651605946e+01
5.6713666666666673e-01 4.5079232627232285e-01 2.0374370566684568e+00
5.6813333333333338e-01 4.4977700347241645e-01 -0.0000000000000000e+00
5.6913000000000002e-01 4.5201950568536720e-01 -4.5000044407039566e+00
5.7012666666666667e-01 4.5763469622552078e-01 -6.7679364425475796e+00
5.7112333333333343e-01 4.6474314189094323e-01 -7.4965030198373181e+00
5.7212000000000007e-01 4.7191938093260233e-01 -6.9039766624219983e+00
5.7311666666666672e-01 4.7874739088632245e-01 -6.7977155524012938e+00
5.7411333333333336e-01 4.8580726628339665e-01 -7.3692584885505479e+00
5.7511000000000001e-01 4.9332791698820000e-01 -7.7223482769414726e+00
5.7610666666666677e-01 5.0093643848125224e-01 -7.5455878295164549e+00
5.7710333333333341e-01 5.0808882013111922e-01 -6.8070174879426268e+00
5.7810000000000006e-01 5.1424508788679824e-01 -5.5466970719485174e+00
5.7909666666666670e-01 5.1891071886536655e-01 -3.8157731191586675e+00
5.8009333333333335e-01 5.2183386556929778e-01 -2.0500731094660645e+00
5.8109000000000011e-01 5.2318391302882450e-01 -6.5905222737670333e-01
5.8208666666666675e-01 5.2351234072213393e-01 -0.0000000000000000e+00
5.8308333333333340e-01 5.2335019601128685e-01 3.2537400169985997e-01
5.8408000000000004e-01 5.2300162445394394e-01 3.7410069530932238e-01
5.8507666666666669e-01 5.2281519760744810e-01 -0.0000000000000000e+00
5.8607333333333345e-01 5.2309675488753726e-01 -5.6499788646642612e-01
5.8707000000000009e-01 5.2412942451666500e-01 -1.5072488609472334e+00
5.8806666666666674e-01 5.2572884898892203e-01 -1.7022985750200470e+00
5.8906333333333338e-01 5.2708841359397762e-01 -1.0259247127170590e+00
5.9006000000000003e-01 5.2759966607581499e-01 -0.0000000000000000e+00
5.9105666666666667e-01 5.2669706656057524e-01 1.8112364854310035e+00
5.9205333333333343e-01 5.2308749522065845e-01 5.4320504843011141e+00
5.9305000000000008e-01 5.1618604145176084e-01 8.4170206238550271e+00
5.9404666666666672e-01 5.0667843135252544e-01 1.0661795628791667e+01
5.9504333333333337e-01 4.9490057733226156e-01 1.2972694043979267e+01
5.9604000000000001e-01 4.8061593885901993e-01 1.5692132323730307e+01
5.9703666666666677e-01 4.6339354078711337e-01 1.8867863807182744e+01
5.9803333333333342e-01 4.4274695772820061e-01 2.2563406545151370e+01
5.9903000000000006e-01 4.1822189411384791e-01 2.6650767931811544e+01
6.0002666666666671e-01 3.8969987238012582e-01 3.0584058289705549e+01
6.0102333333333335e-01 3.5762054751816641e-01 3.3789168858040448e+01
6.0202000000000011e-01 3.2292192110707835e-01 3.5840181799655007e+01
6.0301666666666676e-01 2.8687052941554853e-01 3.6503748016125421e+01
6.0401333333333340e-01 2.5073145728429080e-01 3.6016129170346481e+01
6.0501000000000005e-01 2.1522491272240887e-01 3.5234461923732511e+01
6.0600666666666669e-01 1.8025238980061109e-01 3.4944513839073863e+01
6.0700333333333334e-01 1.4538877412377227e-01 3.5015918957259714e+01
6.0800000000000010e-01 1.1083735447326769e-01 3.4318033518662965e+01
6.0899666666666674e-01 7.8013812307397790e-02 3.1548606279070654e+01
6.0999333333333339e-01 4.9217448326752275e-02 2.6236739501490117e+01
6.1099000000000003e-01 2.6600923064047009e-02 1.9147592129357527e+01
6.1198666666666668e-01 1.1088167184456821e-02 1.1981683883198691e+01
6.1298333333333344e-01 2.5586473579976574e-03 5.1344094140422296e+00
6.1398000000000008e-01 0.0000000000000000e+00 -0.0000000000000000e+00
6.1497666666666673e-01 6.2556576917759642e-04 -1.2553159247711230e+00
6.1597333333333337e-01 3.8785355258207990e-03 -5.2723825835431333e+00
6.1697000000000002e-01 1.0121033342070370e-02 -7.2543688871920535e+00
6.1796666666666678e-01 1.7456978242519846e-02 -7.4665907792604154e+00
6.1896333333333342e-01 2.5406859162836602e-02 -8.4863475223788924e+00
6.1996000000000007e-01 3.5650495888550807e-02 -1.2069445238252047e+01
6.2095666666666671e-01 5.0129506412208390e-02 -1.6985425377783848e+01
6.2195333333333336e-01 6.8728411755397983e-02 -2.0336792702196057e+01
6.2295000000000011e-01 8.9517678571477341e-02 -2.1380799570869112e+01
6.2394666666666676e-01 1.1028540488454681e-01 -2.0293567612548756e+01
6.2494333333333341e-01 1.2940738696050011e-01 -1.8078302773980386e+01
6.2594000000000005e-01 1.4667313692594186e-01 -1.6568687123227871e+01
6.2693666666666670e-01 1.6313382923978084e-01 -1.6462802469760746e+01
6.2793333333333334e-01 1.7983801423895290e-01 -1.7057301207508331e+01
6.2893000000000010e-01 1.9709288955651619e-01 -1.7567866653819557e+01
6.2992666666666675e-01 2.1465675989709385e-01 -1.7677358109882181e+01
6.3092333333333339e-01 2.3214153214539196e-01 -1.7409141385031152e+01
6.3192000000000004e-01 2.4931328575859207e-01 -1.7049227069551733e+01
6.3291666666666668e-01 2.6620928416638312e-01 -1.6855786457788870e+01
6.3391333333333344e-01 2.8306507362194794e-01 -1.6968540208893277e+01
6.3491000000000009e-01 3.0017200203781325e-01 -1.7359744237659850e+01
6.3590666666666673e-01 3.1773690089188700e-01 -1.7887544432722951e+01
6.3690333333333338e-01 3.3588786204380655e-01 -1.8535788982500975e+01
6.3790000000000002e-01 3.5474726816203428e-01 -1.9309173127655772e+01
6.3889666666666678e-01 3.7437166213298301e-01 -2.0070881663542174e+01
6.3989333333333343e-01 3.9468705046261204e-01 -2.0695783880864777e+01
6.4089000000000007e-01 4.1564770905545056e-01 -2.1365738379012679e+01
6.4188666666666672e-01 4.3738678357020144e-01 -2.2257822520153834e+01
6.4288333333333336e-01 4.6011120656429644e-01 -2.3343026297429084e+01
6.4388000000000001e-01 4.8402570514380727e-01 -2.4645934062794343e+01
6.4487666666666676e-01 5.0938129640567309e-01 -2.6234851078069028e+01
6.4587333333333341e-01 5.3635300243839323e-01 -2.7888973736755119e+01
6.4687000000000006e-01 5.6486286570746702e-01 -2.9321454227942752e+01
6.4786666666666670e-01 5.9465368712136368e-01 -3.0459458308305976e+01
6.4886333333333335e-01 6.2535862062527603e-01 -3.1155792870114720e+01
6.4986000000000010e-01 6.5647733199349823e-01 -3.1289781781830644e+01
6.5085666666666675e-01 6.8750348170272968e-01 -3.0970050410608447e+01
6.5185333333333340e-01 7.1816744815330436e-01 -3.0562992634024337e+01
6.5285000000000004e-01 7.4849075532662945e-01 -3.0286453198736368e+01
6.5384666666666669e-01 7.7863427177171574e-01 -3.0202208563979809e+01
6.5484333333333344e-01 8.0872153563512705e-01 -3.0173571763930443e+01
6.5584000000000009e-01 8.3866603261016970e-01 -2.9915719824785185e+01
6.5683666666666674e-01 8.6819570314001060e-01 -2.9341144114696046e+01
6.5783333333333338e-01 8.9703874570615716e-01 -2.8537871068207906e+01
6.5883000000000003e-01 9.2504909543695146e-01 -2.7670188592250021e+01
6.5982666666666678e-01 9.5221627058366298e-01 -2.6845881936263254e+01
6.6082333333333343e-01 9.7870865121048600e-01 -2.6316085876760674e+01
6.6182000000000007e-01 1.0048890134871595e+00 -2.6219758156699232e+01
6.6281666666666672e-01 1.0311657414705162e+00 -2.6509461876793448e+01
6.6381333333333337e-01 1.0579007215451897e+00 -2.7139327570712904e+01
6.6481000000000001e-01 1.0852477129213898e+00 -2.7737578200927327e+01
6.6580666666666677e-01 1.1127500835067987e+00 -2.7451125314938604e+01
6.6680333333333341e-01 1.1395170221258426e+00 -2.6261794990836012e+01
6.6780000000000006e-01 1.1652074926643112e+00 -2.5290988698399818e+01
6.6879666666666671e-01 1.1904115234569606e+00 -2.5285661721633140e+01
6.6979333333333335e-01 1.2161864380763692e+00 -2.6436574972833487e+01
6.7079000000000011e-01 1.2436757701177321e+00 -2.8725964240598774e+01
6.7178666666666675e-01 1.2738582043046041e+00 -3.1840793325031640e+01
6.7278333333333340e-01 1.3072791386001053e+00 -3.5224626665942125e+01
6.7378000000000005e-01 1.3439567503189831e+00 -3.8375931967259234e+01
6.7477666666666669e-01 1.3836098709158324e+00 -4.1195547491303110e+01
6.7577333333333345e-01 1.4260051962907458e+00 -4.3878684030254725e+01
6.7677000000000009e-01 1.4710421477954356e+00 -4.6496469490863994e+01
6.7776666666666674e-01 1.5187585629101954e+00 -4.9255534083906603e+01
6.7876333333333339e-01 1.5696358002877269e+00 -5.2839256640238979e+01
6.7976000000000003e-01 1.6247322189087026e+00 -5.7722118518911863e+01
6.8075666666666679e-01 1.6846999154285778e+00 -6.2614396236679582e+01
6.8175333333333343e-01 1.7486545877583748e+00 -6.5722738873283802e+01
6.8275000000000008e-01 1.8145575677746919e+00 -6.6524043768157867e+01
6.8374666666666672e-01 1.8801838226185164e+00 -6.5167437523800217e+01
6.8474333333333337e-01 1.9438626261767888e+00 -6.2616114767050121e+01
6.8574000000000002e-01 2.0054692954195517e+00 -6.1009308462577039e+01
6.8673666666666677e-01 2.0662060718135788e+00 -6.0870510388302904e+01
6.8773333333333342e-01 2.1265028275785625e+00 -6.0126323922703705e+01
6.8873000000000006e-01 2.1848355598431048e+00 -5.6929326106481199e+01
6.8972666666666671e-01 2.2384855151534286e+00 -5.0729447091495160e+01
6.9072333333333336e-01 2.2847722754822253e+00 -4.2153684003082027e+01
6.9172000000000011e-01 2.3223436109360955e+00 -3.3240300185279366e+01
6.9271666666666676e-01 2.3523284230629922e+00 -2.6929891373711612e+01
6.9371333333333340e-01 2.3771596724850914e+00 -2.2898702784348476e+01
6.9471000000000005e-01 2.3981151667093656e+00 -1.9152456194128906e+01
6.9570666666666670e-01 2.4147431216162305e+00 -1.4214677398242831e+01
6.9670333333333345e-01 2.4256604265881383e+00 -7.6929579968880546e+00
6.9770000000000010e-01 2.4305047894506804e+00 -2.0281714931630588e+00
6.9869666666666674e-01 2.4315154949114399e+00 -0.0000000000000000e+00
6.9969333333333339e-01 2.4300710903539624e+00 2.8984706839011620e+00
7.0069000000000004e-01 2.4243931652059487e+00 8.4953590445546734e+00
7.0168666666666668e-01 2.4133938122057801e+00 1.3576921223343003e+01
7.0268333333333344e-01 2.3981069134257735e+00 1.7099129840212491e+01
7.0368000000000008e-01 2.3799121562837260e+00 1.9412088505034212e+01
7.0467666666666673e-01 2.3596125358725666e+00 2.1322935731406552e+01
7.0567333333333337e-01 2.3372473699058665e+00 2.3556995974347135e+01
7.0667000000000002e-01 2.3123078858463963e+00 2.6488791435962025e+01
7.0766666666666678e-01 2.2841306748062409e+00 3.0054106972371205e+01
7.0866333333333342e-01 2.2525555948052336e+00 3.3307257578146270e+01
7.0966000000000007e-01 2.2182651608244313e+00 3.5502977834836706e+01
7.1065666666666671e-01 2.1822661311026432e+00 3.6735877794171081e+01
7.1165333333333336e-01 2.1451810639136943e+00 3.7682317233821109e+01
7.1265000000000012e-01 2.1071095156771484e+00 3.8715438424792850e+01
7.1364666666666676e-01 2.0678216782001089e+00 4.0123031428799663e+01
7.1464333333333341e-01 2.0269047164890153e+00 4.1984584044968166e+01
7.1564000000000005e-01 1.9841880858004683e+00 4.3734407303288116e+01
7.1663666666666670e-01 1.9398928612377881e+00 4.5152330949583899e+01
7.1763333333333346e-01 1.8941828102761868e+00 4.6573523822851996e+01
7.1863000000000010e-01 1.8468182482859659e+00 4.8472419970235642e+01
7.1962666666666675e-01 1.7974312405138553e+00 5.0631943452061726e+01
7.2062333333333339e-01 1.7461665044946220e+00 5.2240436519646202e+01
7.2162000000000004e-01 1.6940630355964674e+00 5.2315019463274766e+01
7.2261666666666668e-01 1.6430227900610357e+00 5.0106877932242575e+01
7.2361333333333344e-01 1.5951956446371240e+00 4.5867326931785328e+01
7.2461000000000009e-01 1.5519354384431996e+00 4.0942451383783883e+01
7.2560666666666673e-01 1.5130900946278265e+00 3.7008071322652249e+01
7.2660333333333338e-01 1.4774917000497874e+00 3.4426834185120185e+01
7.2760000000000002e-01 1.4444315832768999e+00 3.1914537265491337e+01
7.2859666666666678e-01 1.4147754887577069e+00 2.7596020298101593e+01
7.2959333333333343e-01 1.3911129538268097e+00 1.9887327389318372e+01
7.3059000000000007e-01 1.3763378896962037e+00 9.7616307322993059e+00
7.3158666666666672e-01 1.3695944206871893e+00 3.7704141018436577e+00
7.3258333333333336e-01 1.3677154976597705e+00 -0.0000000000000000e+00
7.3358000000000012e-01 1.3681684733570518e+00 -9.0898133233717260e-01
7.3457666666666677e-01 1.3726451826196133e+00 -8.0743817363483643e+00
7.3557333333333341e-01 1.3827428165303643e+00 -1.2188428786898450e+01
7.3657000000000006e-01 1.3959695448842229e+00 -1.4353501020176108e+01
7.3756666666666670e-01 1.4110210873401376e+00 -1.5850263105406059e+01
7.3856333333333335e-01 1.4278143908370118e+00 -1.7848673677619459e+01
7.3956000000000011e-01 1.4473021042931564e+00 -2.1257105833035219e+01
7.4055666666666675e-01 1.4711186865136354e+00 -2.6535366850201296e+01
7.4155333333333340e-01 1.5007249921815222e+00 -3.2875279974990711e+01
7.4255000000000004e-01 1.5362573157750747e+00 -3.8427041617424038e+01
7.4354666666666669e-01 1.5766388424226585e+00 -4.2606122223882792e+01
7.4454333333333345e-01 1.6208270409634278e+00 -4.6065848092033967e+01
7.4554000000000009e-01 1.6683695449447327e+00 -4.9337169930653310e+01
7.4653666666666674e-01 1.7191219576116217e+00 -5.2507136424310119e+01
7.4753333333333338e-01 1.7730700002575495e+00 -5.5749805340095563e+01
7.4853000000000003e-01 1.8301025831986379e+00 -5.8696849391188074e+01
7.4952666666666679e-01 1.8896676762735789e+00 -6.0831765474903229e+01
7.5052333333333343e-01 1.9509551927925994e+00 -6.2153217506411401e+01
7.5152000000000008e-01 2.0133757458995505e+00 -6.3105417490817523e+01
7.5251666666666672e-01 2.0769515651254093e+00 -6.4471477276794516e+01
7.5351333333333337e-01 2.1422277110331445e+00 -6.6517444277191586e+01
7.5451000000000013e-01 2.2097000336441575e+00 -6.8878520828507632e+01
7.5550666666666677e-01 2.2795635113299726e+00 -7.1315748775137592e+01
7.5650333333333342e-01 2.3518409274402869e+00 -7.3722544422820533e+01
7.5750000000000006e-01 2.4264763982049833e+00 -7.6047631024733931e+01
7.5849666666666671e-01 2.5033621198493869e+00 -7.8238098027584059e+01
7.5949333333333335e-01 2.5824187194585750e+00 -8.0403907877144121e+01
7.6049000000000011e-01 2.6637654812120104e+00 -8.2833741126389967e+01
7.6148666666666676e-01 2.7477982056631265e+00 -8.5793799578194310e+01
7.6248333333333340e-01 2.8350954615898720e+00 -8.9384640408589448e+01
7.6348000000000005e-01 2.9262663606687167e+00 -9.3566996538928635e+01
7.6447666666666669e-01 3.0218669576753281e+00 -9.8273666350596685e+01
7.6547333333333345e-01 3.1223410660500694e+00 -1.0334661801341456e+02
7.6647000000000010e-01 3.2279632206338871e+00 -1.0860419386047188e+02
7.6746666666666674e-01 3.3388520233232821e+00 -1.1391514263999110e+02
7.6846333333333339e-01 3.4549721907015245e+00 -1.1910191564411186e+02
7.6946000000000003e-01 3.5761205600264026e+00 -1.2400517999110023e+02
7.7045666666666679e-01 3.7020615039660170e+00 -1.2871912222883901e+02
7.7145333333333344e-01 3.8327965781802700e+00 -1.3362550830144005e+02
7.7245000000000008e-01 3.9686585465926911e+00 -1.3900720423185194e+02
7.7344666666666673e-01 4.1099562048160490e+00 -1.4453324705248426e+02
7.7444333333333337e-01 4.2563742276143852e+00 -1.4928218331207563e+02
7.7544000000000013e-01 4.4066910825760530e+00 -1.5235699052401952e+02
7.7643666666666677e-01 4.5590645305498061e+00 -1.5340912581127657e+02
7.7743333333333342e-01 4.7116399224619583e+00 -1.5276222919639247e+02
7.7843000000000007e-01 4.8631523766130220e+00 -1.5127614033752189e+02
7.7942666666666671e-01 5.0132299938555498e+00 -1.4988295780802503e+02
7.8042333333333336e-01 5.1621826309121817e+00 -1.4901865501465392e+02
7.8142000000000011e-01 5.3089547784018611e+00 -1.4550739345959300e+02
7.8241666666666676e-01 5.4481009465322234e+00 -1.3371568640067235e+02
7.8341333333333341e-01 5.5768144798126560e+00 -1.2457234024903111e+02
7.8441000000000005e-01 5.7079950841704310e+00 -1.3866633070303180e+02
7.8540666666666670e-01 5.8514643437857439e+00 -1.4923184912703385e+02
7.8640333333333345e-01 5.9960410582795669e+00 -1.4088864818495949e+02
7.8740000000000010e-01 6.1364644255921661e+00 -1.4089737317812225e+02
7.8839666666666675e-01 6.2768964931502387e+00 -1.4090610687152792e+02
7.8939333333333339e-01 6.4173372696293516e+00 -1.4091484927385432e+02
7.9039000000000004e-01 6.5577867637137226e+00 -1.4092360039378536e+02
7.9138666666666679e-01 6.6982449840962452e+00 -1.4093236024001345e+02
7.9238333333333344e-01 6.8387119394784337e+00 -1.4094112882123980e+02
7.9338000000000009e-01 6.9791876385705258e+00 -1.4094990614617569e+02
7.9437666666666673e-01 7.1196720900914308e+00 -1.4095869222353997e+02
7.9537333333333338e-01 7.2601653027687512e+00 -1.4096748706205787e+02
7.9637000000000002e-01 7.4006672853387911e+00 -1.4097629067046904e+02
7.9736666666666678e-01 7.5411780465465830e+00 -1.4098510305751665e+02
7.9836333333333342e-01 7.6816975951458328e+00 -1.4099392423195314e+02
7.9936000000000007e-01 7.8222259398990213e+00 -1.4100275420254505e+02
8.0035666666666672e-01 7.9627630895773533e+00 -1.4101159297806117e+02
8.0135333333333336e-01 8.1033090529607783e+00 -1.4102044056727857e+02
8.0235000000000012e-01 8.2438638388380152e+00 -1.4102929697899069e+02
8.0334666666666676e-01 8.3844274560065042e+00 -1.4103816222199552e+02
8.0434333333333341e-01 8.5249999132725005e+00 -1.4104703630509297e+02
8.0534000000000006e-01 8.6655812194510240e+00 -1.4105591923710170e+02
8.0633666666666670e-01 8.8061713833658892e+00 -1.4106481102684873e+02
8.0733333333333346e-01 8.9467704138497250e+00 -1.4107371168316320e+02
8.0833000000000010e-01 9.0873783197439160e+00 -1.4108262121488531e+02
8.0932666666666675e-01 9.2279951098987141e+00 -1.4109153963086894e+02
8.1032333333333340e-01 9.3686207931731804e+00 -1.4110046693997111e+02
8.1132000000000004e-01 9.5092553784352063e+00 -1.4110940315105793e+02
8.1231666666666680e-01 9.6498988745615453e+00 -1.4111834827300942e+02
8.1331333333333344e-01 9.7905512904377563e+00 -1.4112730231470948e+02
8.1431000000000009e-01 9.9312126349583014e+00 -1.4113626528505296e+02
8.1530666666666674e-01 1.0071882917026500e+01 -1.4114523719294405e+02
8.1630333333333338e-01 1.0212562145554548e+01 -1.4115421804729246e+02
8.1730000000000003e-01 1.0353250329463529e+01 -1.4116320785702231e+02
8.1829666666666678e-01 1.0493947477683438e+01 -1.4117220663106261e+02
8.1929333333333343e-01 1.0634653599153125e+01 -1.4118121437834799e+02
8.2029000000000007e-01 1.0775368702820403e+01 -1.4119023110783306e+02
8.2128666666666672e-01 1.0916092797641992e+01 -1.4119925682847102e+02
8.2228333333333337e-01 1.1056825892583543e+01 -1.4120829154922788e+02
8.2328000000000012e-01 1.1197567996619663e+01 -1.4121733527907895e+02
8.2427666666666677e-01 1.1338319118733859e+01 -1.4122638802700527e+02
8.2527333333333341e-01 1.1479079267918644e+01 -1.4123544980200145e+02
8.2627000000000006e-01 1.1619848453175484e+01 -1.4124452061306897e+02
8.2726666666666671e-01 1.1760626683514822e+01 -1.4125360046921912e+02
8.2826333333333346e-01 1.1901413967956097e+01 -1.4126268937947009e+02
8.2926000000000011e-01 1.2042210315527701e+01 -1.4127178735285011e+02
8.3025666666666675e-01 1.2183015735267070e+01 -1.4128089439839661e+02
8.3125333333333340e-01 1.2323830236220637e+01 -1.4129001052515554e+02
8.3225000000000005e-01 1.2464653827443858e+01 -1.4129913574218361e+02
8.3324666666666669e-01 1.2605486518001218e+01 -1.4130827005854570e+02
8.3424333333333345e-01 1.2746328316966258e+01 -1.4131741348331346e+02
8.3524000000000009e-01 1.2887179233421516e+01 -1.4132656602557211e+02
8.3623666666666674e-01 1.3028039276458637e+01 -1.4133572769440900e+02
8.3723333333333338e-01 1.3168908455178313e+01 -1.4134489849892708e+02
8.3823000000000003e-01 1.3309786778690315e+01 -1.4135407844823939e+02
8.3922666666666679e-01 1.3450674256113512e+01 -1.4136326755146209e+02
8.4022333333333343e-01 1.3591570896575819e+01 -1.4137246581772055e+02
8.4122000000000008e-01 1.3732476709214296e+01 -1.4138167325615370e+02
8.4221666666666672e-01 1.3873391703175106e+01 -1.4139088987591097e+02
8.4321333333333337e-01 1.4014315887613526e+01 -1.4140011568614364e+02
8.4421000000000013e-01 1.4155249271693982e+01 -1.4140935069601690e+02
8.4520666666666677e-01 1.4296191864589989e+01 -1.4141859491470416e+02
8.4620333333333342e-01 1.4437143675484256e+01 -1.4142784835138912e+02
8.4720000000000006e-01 1.4578104713568635e+01 -1.4143711101526287e+02
8.4819666666666671e-01 1.4719074988044143e+01 -1.4144638291552755e+02
8.4919333333333347e-01 1.4860054508120989e+01 -1.4145566406139292e+02
8.5019000000000011e-01 1.5001043283018515e+01 -1.4146495446207703e+02
8.5118666666666676e-01 1.5142041321965307e+01 -1.4147425412680977e+02
8.5218333333333340e-01 1.5283048634199137e+01 -1.4148356306482776e+02
8.5318000000000005e-01 1.5424065228966986e+01 -1.4149288128537938e+02
8.5417666666666670e-01 1.5565091115525062e+01 -1.4150220879772024e+02
8.5517333333333345e-01 1.5706126303138811e+01 -1.4151154561111437e+02
8.5617000000000010e-01 1.5847170801082875e+01 -1.4152089173483958e+02
8.5716666666666674e-01 1.5988224618641192e+01 -1.4153024717817746e+02
8.5816333333333339e-01 1.6129287765106941e+01 -1.4153961195042078e+02
8.5916000000000003e-01 1.6270360249782566e+01 -1.4154898606087497e+02
8.6015666666666679e-01 1.6411442081979811e+01 -1.4155836951885058e+02
8.6115333333333344e-01 1.6552533271019644e+01 -1.4156776233366367e+02
8.6215000000000008e-01 1.6693633826232386e+01 -1.4157716451465012e+02
8.6314666666666673e-01 1.6834743756957639e+01 -1.4158657607114998e+02
8.6414333333333337e-01 1.6975863072544325e+01 -1.4159599701250883e+02
8.6514000000000013e-01 1.7116991782350699e+01 -1.4160542734808530e+02
8.6613666666666678e-01 1.7258129895744304e+01 -1.4161486708724888e+02
8.6713333333333342e-01 1.7399277422102070e+01 -1.4162431623937653e+02
8.6813000000000007e-01 1.7540434370810260e+01 -1.4163377481385098e+02
8.6912666666666671e-01 1.7681600751264497e+01 -1.4164324282007388e+02
8.7012333333333336e-01 1.7822776572869774e+01 -1.4165272026744432e+02
8.7112000000000012e-01 1.7963961845040476e+01 -1.4166220716537791e+02
8.7211666666666676e-01 1.8105156577200333e+01 -1.4167170352330297e+02
8.7311333333333341e-01 1.8246360778782517e+01 -1.4168120935064997e+02
8.7411000000000005e-01 1.8387574459229590e+01 -1.4169072465685866e+02
8.7510666666666670e-01 1.8528797627993526e+01 -1.4170024945138337e+02
8.7610333333333346e-01 1.8670030294535749e+01 -1.4170978374368428e+02
8.7710000000000010e-01 1.8811272468327061e+01 -1.4171932754323259e+02
8.7809666666666675e-01 1.8952524158847758e+01 -1.4172888085951206e+02
8.7909333333333339e-01 1.9093785375587579e+01 -1.4173844370200709e+02
8.8009000000000004e-01 1.9235056128045720e+01 -1.4174801608021838e+02
8.8108666666666680e-01 1.9376336425730866e+01 -1.4175759800365955e+02
8.8208333333333344e-01 1.9517626278161138e+01 -1.4176718948184450e+02
8.8308000000000009e-01 1.9658925694864198e+01 -1.4177679052429812e+02
8.8407666666666673e-01 1.9800234685377184e+01 -1.4178640114056176e+02
8.8507333333333338e-01 1.9941553259246753e+01 -1.4179602134018248e+02
8.8607000000000014e-01 2.0082881426029093e+01 -1.4180565113271487e+02
8.8706666666666678e-01 2.0224219195289876e+01 -1.4181529052772279e+02
8.8806333333333343e-01 2.0365566576604355e+01 -1.4182493953478451e+02
8.8906000000000007e-01 2.0506923579557320e+01 -1.4183459816348247e+02
8.9005666666666672e-01 2.0648290213743120e+01 -1.4184426642341074e+02
8.9105333333333336e-01 2.0789666488765665e+01 -1.4185394432417695e+02
8.9205000000000012e-01 2.0931052414238462e+01 -1.4186363187539098e+02
8.9304666666666677e-01 2.1072447999784558e+01 -1.4187332908667906e+02
8.9404333333333341e-01 2.1213853255036639e+01 -1.4188303596767290e+02
8.9504000000000006e-01 2.1355268189636988e+01 -1.4189275252801201e+02
8.9603666666666670e-01 2.1496692813237491e+01 -1.4190247877735206e+02
8.9703333333333346e-01 2.1638127135499683e+01 -1.4191221472535113e+02
8.9803000000000011e-01 2.1779571166094684e+01 -1.4192196038167987e+02
8.9902666666666675e-01 2.1921024914703302e+01 -1.4193171575602187e+02
9.0002333333333340e-01 2.2062488391015989e+01 -1.4194148085806816e+02
9.0102000000000004e-01 2.2203961604732854e+01 -1.4195125569752085e+02
9.0201666666666680e-01 2.2345444565563700e+01 -1.4196104028408249e+02
9.0301333333333345e-01 2.2486937283227956e+01 -1.4197083462747548e+02
9.0401000000000009e-01 2.2628439767454800e+01 -1.4198063873743328e+02
9.0500666666666674e-01 2.2769952027983088e+01 -1.4199045262368790e+02
9.0600333333333338e-01 2.2911474074561394e+01 -1.4200027629599322e+02
9.0700000000000014e-01 2.3053005916948024e+01 -1.4201010976410879e+02
9.0799666666666679e-01 2.3194547564910970e+01 -1.4201995303779444e+02
9.0899333333333343e-01 2.3336099028228006e+01 -1.4202980612683348e+02
9.0999000000000008e-01 2.3477660316686649e+01 -1.4203966904101679e+02
9.1098666666666672e-01 2.3619231440084171e+01 -1.4204954179013640e+02
9.1198333333333337e-01 2.3760812408227611e+01 -1.4205942438399944e+02
9.1298000000000012e-01 2.3902403230933810e+01 -1.4206931683242442e+02
9.1397666666666677e-01 2.4044003918029343e+01 -1.4207921914523709e+02
9.1497333333333342e-01 2.4185614479350633e+01 -1.4208913133227603e+02
9.1597000000000006e-01 2.4327234924743902e+01 -1.4209905340338560e+02
9.1696666666666671e-01 2.4468865264065183e+01 -1.4210898536842109e+02
9.1796333333333346e-01 2.4610505507180356e+01 -1.4211892723725094e+02
9.1896000000000011e-01 2.4752155663965091e+01 -1.4212887901974904e+02
9.1995666666666676e-01 2.4893815744304952e+01 -1.4213884072580018e+02
9.2095333333333340e-01 2.5035485758095348e+01 -1.4214881236530056e+02
9.2195000000000005e-01 2.5177165715241550e+01 -1.4215879394815536e+02
9.2294666666666680e-01 2.5318855625658728e+01 -1.4216878548427925e+02
9.2394333333333345e-01 2.5460555499271884e+01 -1.4217878698359968e+02
9.2494000000000010e-01 2.5602265346015972e+01 -1.4218879845604962e+02
9.2593666666666674e-01 2.5743985175835835e+01 -1.4219881991157681e+02
9.2693333333333339e-01 2.5885714998686232e+01 -1.4220885136013186e+02
9.2793000000000003e-01 2.6027454824531848e+01 -1.4221889281167694e+02
9.2892666666666679e-01 2.6169204663347315e+01 -1.4222894427619281e+02
9.2992333333333344e-01 2.6310964525117175e+01 -1.4223900576366387e+02
9.3092000000000008e-01 2.6452734419835966e+01 -1.4224907728408189e+02
9.3191666666666673e-01 2.6594514357508178e+01 -1.4225915884745166e+02
9.3291333333333337e-01 2.6736304348148277e+01 -1.4226925046378892e+02
9.3391000000000013e-01 2.6878104401780732e+01 -1.4227935214311714e+02
9.3490666666666677e-01 2.7019914528439958e+01 -1.4228946389547065e+02
9.3590333333333342e-01 2.7161734738170427e+01 -1.4229958573089462e+02
9.3690000000000007e-01 2.7303565041026609e+01 -1.4230971765944207e+02
9.3789666666666671e-01 2.7445405447073000e+01 -1.4231985969118037e+02
9.3889333333333347e-01 2.7587255966384149e+01 -1.4233001183618288e+02
9.3989000000000011e-01 2.7729116609044603e+01 -1.4234017410453029e+02
9.4088666666666676e-01 2.7870987385149007e+01 -1.4235034650632304e+02
9.4188333333333341e-01 2.8012868304802065e+01 -1.4236052905166224e+02
9.4288000000000005e-01 2.8154759378118555e+01 -1.4237072175066518e+02
9.4387666666666681e-01 2.8296660615223352e+01 -1.4238092461345335e+02
9.4487333333333345e-01 2.8438572026251386e+01 -1.4239113765016265e+02
9.4587000000000010e-01 2.8580493621347735e+01 -1.4240136087094166e+02
9.4686666666666675e-01 2.8722425410667579e+01 -1.4241159428594142e+02
9.4786333333333339e-01 2.8864367404376228e+01 -1.4242183790532991e+02
9.4886000000000004e-01 2.9006319612649126e+01 -1.4243209173928324e+02
9.4985666666666679e-01 2.9148282045671877e+01 -1.4244235579798354e+02
9.5085333333333344e-01 2.9290254713640195e+01 -1.4245263009162548e+02
9.5185000000000008e-01 2.9432237626760010e+01 -1.4246291463042004e+02
9.5284666666666673e-01 2.9574230795247416e+01 -1.4247320942458245e+02
9.5384333333333338e-01 2.9716234229328691e+01 -1.4248351448433505e+02
9.5484000000000013e-01 2.9858247939240325e+01 -1.4249382981991883e+02
9.5583666666666678e-01 3.0000271935228970e+01 -1.4250415544157838e+02
9.5683333333333342e-01 3.0142306227551540e+01 -1.4251449135956926e+02
9.5783000000000007e-01 3.0284350826475162e+01 -1.4252483758416008e+02
9.5882666666666672e-01 3.0426405742277204e+01 -1.4253519412562849e+02
9.5982333333333347e-01 3.0568470985245295e+01 -1.4254556099426361e+02
9.6082000000000012e-01 3.0710546565677276e+01 -1.4255593820035818e+02
9.6181666666666676e-01 3.0852632493881309e+01 -1.4256632575422648e+02
9.6281333333333341e-01 3.0994728780175809e+01 -1.4257672366618357e+02
9.6381000000000006e-01 3.1136835434889488e+01 -1.4258713194655775e+02
9.6480666666666670e-01 3.1278952468361354e+01 -1.4259755060568915e+02
9.6580333333333346e-01 3.1421079890940742e+01 -1.4260797965392564e+02
9.6680000000000010e-01 3.1563217712987257e+01 -1.4261841910162954e+02
9.6779666666666675e-01 3.1705365944870884e+01 -1.4262886895916856e+02
9.6879333333333340e-01 3.1847524596971937e+01 -1.4263932923692715e+02
9.6979000000000004e-01 3.1989693679681071e+01 -1.4264979994529003e+02
9.7078666666666680e-01 3.2131873203399330e+01 -1.4266028109466384e+02
9.7178333333333344e-01 3.2274063178538071e+01 -1.4267077269545189e+02
9.7278000000000009e-01 3.2416263615519078e+01 -1.4268127475807896e+02
9.7377666666666673e-01 3.2558474524774525e+01 -1.4269178729298477e+02
9.7477333333333338e-01 3.2700695916746973e+01 -1.4270231031060209e+02
9.7577000000000014e-01 3.2842927801889431e+01 -1.4271284382139461e+02
9.7676666666666678e-01 3.2985170190665272e+01 -1.4272338783581736e+02
9.7776333333333343e-01 3.3127423093548344e+01 -1.4273394236433785e+02
9.7876000000000007e-01 3.3269686521022933e+01 -1.4274450741745824e+02
9.7975666666666672e-01 3.3411960483583783e+01 -1.4275508300566472e+02
9.8075333333333348e-01 3.3554244991736113e+01 -1.4276566913945311e+02
9.8175000000000012e-01 3.3696540055995563e+01 -1.4277626582935324e+02
9.8274666666666677e-01 3.3838845686888320e+01 -1.4278687308588258e+02
9.8374333333333341e-01 3.3981161894951043e+01 -1.4279749091958243e+02
9.8474000000000006e-01 3.4123488690730895e+01 -1.4280811934100043e+02
9.8573666666666671e-01 3.4265826084785566e+01 -1.4281875836069062e+02
9.8673333333333346e-01 3.4408174087683285e+01 -1.4282940798921996e+02
9.8773000000000011e-01 3.4550532710002763e+01 -1.4284006823716825e+02
9.8872666666666675e-01 3.4692901962333323e+01 -1.4285073911513138e+02
9.8972333333333340e-01 3.4835281855274822e+01 -1.4286142063370417e+02
9.9072000000000005e-01 3.4977672399437694e+01 -1.4287211280349757e+02
9.9171666666666680e-01 3.5120073605442954e+01 -1.4288281563512857e+02
9.9271333333333345e-01 3.5262485483922177e+01 -1.4289352913923040e+02
9.9371000000000009e-01 3.5404908045517573e+01 -1.4290425332645236e+02
9.9470666666666674e-01 3.5547341300881961e+01 -1.4291498820743922e+02
9.9570333333333338e-01 3.5689785260678768e+01 -1.4292573379285543e+02
9.9670000000000014e-01 3.5832239935582088e+01 -1.4293649009338210e+02
9.9769666666666679e-01 3.5974705336276607e+01 -1.4294725711969886e+02
9.9869333333333343e-01 3.6117181473457698e+01 -1.4295803488249771e+02
9.9969000000000008e-01 3.6259668357831394e+01 -1.4296882339248407e+02
1.0006866666666667e+00 3.6402166000114406e+01 -1.4297962266038292e+02
1.0016833333333335e+00 3.6544674411034144e+01 -1.4299043269692262e+02
1.0026800000000000e+00 3.6687193601328651e+01 -1.4300125351283012e+02
1.0036766666666668e+00 3.6829723581746791e+01 -1.4301208511886068e+02
1.0046733333333333e+00 3.6972264363048012e+01 -1.4302292752577213e+02
1.0056700000000001e+00 3.7114815956002630e+01 -1.4303378074433323e+02
1.0066666666666666e+00 3.7257378371391560e+01 -1.4304464478533399e+02
1.0076633333333334e+00 3.7399951620006611e+01 -1.4305551965955559e+02
1.0086600000000001e+00 3.7542535712650242e+01 -1.4306640537780382e+02
1.0096566666666666e+00 3.7685130660135691e+01 -1.4307730195089567e+02
1.0106533333333334e+00 3.7827736473287075e+01 -1.4308820938965337e+02
1.0116500000000002e+00 3.7970353162939212e+01 -1.4309912770490763e+02
1.0126466666666667e+00 3.8112980739937711e+01 -1.4311005690750397e+02
1.0136433333333335e+00 3.8255619215139106e+01 -1.4312099700830541e+02
1.0146400000000000e+00 3.8398268599410621e+01 -1.4313194801817684e+02
1.0156366666666667e+00 3.8540928903630444e+01 -1.4314290994799217e+02
1.0166333333333335e+00 3.8683600138687517e+01 -1.4315388280864269e+02
1.0176300000000000e+00 3.8826282315481635e+01 -1.4316486661103463e+02
1.0186266666666668e+00 3.8968975444923572e+01 -1.4317586136607372e+02
1.0196233333333333e+00 3.9111679537934847e+01 -1.4318686708467837e+02
1.0206200000000001e+00 3.9254394605447985e+01 -1.4319788377777942e+02
1.0216166666666668e+00 3.9397120658406330e+01 -1.4320891145632532e+02
1.0226133333333334e+00 3.9539857707764128e+01 -1.4321995013127213e+02
1.0236100000000001e+00 3.9682605764486659e+01 -1.4323099981358260e+02
1.0246066666666667e+00 3.9825364839549998e+01 -1.4324206051422860e+02
1.0256033333333334e+00 3.9968134943941294e+01 -1.4325313224420526e+02
1.0266000000000002e+00 4.0110916088658563e+01 -1.4326421501450724e+02
1.0275966666666667e+00 4.0253708284710783e+01 -1.4327530883614051e+02
1.0285933333333335e+00 4.0396511543118002e+01 -1.4328641372013209e+02
1.0295900000000000e+00 4.0539325874911135e+01 -1.4329752967750363e+02
1.0305866666666668e+00 4.0682151291132222e+01 -1.4330865671930377e+02
1.0315833333333335e+00 4.0824987802834215e+01 -1.4331979485658425e+02
1.0325800000000001e+00 4.0967835421081098e+01 -1.4333094410040445e+02
1.0335766666666668e+00 4.1110694156947964e+01 -1.4334210446184483e+02
1.0345733333333333e+00 4.1253564021520837e+01 -1.4335327595198777e+02
1.0355700000000001e+00 4.1396445025896924e+01 -1.4336445858193520e+02
1.0365666666666669e+00 4.1539337181184393e+01 -1.4337565236279605e+02
1.0375633333333334e+00 4.1682240498502502e+01 -1.4338685730568312e+02
1.0385600000000001e+00 4.1825154988981673e+01 -1.4339807342173034e+02
1.0395566666666667e+00 4.1968080663763317e+01 -1.4340930072208062e+02
1.0405533333333334e+00 4.2111017534000077e+01 -1.4342053921788590e+02
1.0415500000000002e+00 4.2253965610855616e+01 -1.4343178892029781e+02
1.0425466666666667e+00 4.2396924905504733e+01 -1.4344304984051115e+02
1.0435433333333335e+00 4.2539895429133466e+01 -1.4345432198970266e+02
1.0445400000000000e+00 4.2682877192938882e+01 -1.4346560537906868e+02
1.0455366666666668e+00 4.2825870208129345e+01 -1.4347690001982178e+02
1.0465333333333335e+00 4.2968874485924282e+01 -1.4348820592317060e+02
1.0475300000000001e+00 4.3111890037554318e+01 -1.4349952310035630e+02
1.0485266666666668e+00 4.3254916874261376e+01 -1.4351085156261618e+02
1.0495233333333334e+00 4.3397955007298464e+01 -1.4352219132120723e+02
1.0505200000000001e+00 4.3541004447929929e+01 -1.4353354238739357e+02
1.0515166666666667e+00 4.3684065207431232e+01 -1.4354490477244289e+02
1.0525133333333334e+00 4.3827137297089187e+01 -1.4355627848764973e+02
1.0535100000000002e+00 4.3970220728201795e+01 -1.4356766354431539e+02
1.0545066666666667e+00 4.4113315512078309e+01 -1.4357905995373804e+02
1.0555033333333335e+00 4.4256421660039344e+01 -1.4359046772724056e+02
1.0565000000000000e+00 4.4399539183416685e+01 -1.4360188687616551e+02
1.0574966666666668e+00 4.4542668093553559e+01 -1.4361331741184657e+02
1.0584933333333335e+00 4.4685808401804387e+01 -1.4362475934563858e+02
1.0594900000000000e+00 4.4828960119534919e+01 -1.4363621268890745e+02
1.0604866666666668e+00 4.4972123258122330e+01 -1.4364767745303308e+02
1.0614833333333333e+00 4.5115297828955029e+01 -1.4365915364940787e+02
1.0624800000000001e+00 4.5258483843432892e+01 -1.4367064128941902e+02
1.0634766666666668e+00 4.5401681312967064e+01 -1.4368214038448554e+02
1.0644733333333334e+00 4.5544890248980089e+01 -1.4369365094603390e+02
1.0654700000000001e+00 4.5688110662905977e+01 -1.4370517298549393e+02
1.0664666666666667e+00 4.5831342566190024e+01 -1.4371670651430793e+02
1.0674633333333334e+00 4.5974585970289063e+01 -1.4372825154394152e+02
1.0684600000000002e+00 4.6117840886671253e+01 -1.4373980808584943e+02
1.0694566666666667e+00 4.6261107326816187e+01 -1.4375137615151863e+02
1.0704533333333335e+00 4.6404385302215005e+01 -1.4376295575244310e+02
1.0714500000000000e+00 4.6547674824370183e+01 -1.4377454690012229e+02
1.0724466666666668e+00 4.6690975904795785e+01 -1.4378614960607160e+02
1.0734433333333335e+00 4.6834288555017260e+01 -1.4379776388181358e+02
1.0744400000000001e+00 4.6977612786571555e+01 -1.4380938973888854e+02
1.0754366666666668e+00 4.7120948611007222e+01 -1.4382102718884411e+02
1.0764333333333334e+00 4.7264296039884194e+01 -1.4383267624324017e+02
1.0774300000000001e+00 4.7407655084774056e+01 -1.4384433691364575e+02
1.0784266666666669e+00 4.7551025757259836e+01 -1.4385600921164382e+02
1.0794233333333334e+00 4.7694408068936120e+01 -1.4386769314883546e+02
1.0804200000000002e+00 4.7837802031409154e+01 -1.4387938873682165e+02
1.0814166666666667e+00 4.7981207656296618e+01 -1.4389109598721939e+02
1.0824133333333334e+00 4.8124624955227908e+01 -1.4390281491165811e+02
1.0834100000000002e+00 4.8268053939843917e+01 -1.4391454552178166e+02
1.0844066666666667e+00 4.8411494621797161e+01 -1.4392628782924444e+02
1.0854033333333335e+00 4.8554947012751853e+01 -1.4393804184570445e+02
1.0864000000000000e+00 4.8698411124383725e+01 -1.4394980758283930e+02
1.0873966666666668e+00 4.8841886968380265e+01 -1.4396158505233731e+02
1.0883933333333333e+00 4.8985374556440497e+01 -1.4397337426589749e+02
1.0893900000000001e+00 4.9128873900275238e+01 -1.4398517523523134e+02
1.0903866666666668e+00 4.9272385011606886e+01 -1.4399698797206449e+02
1.0913833333333334e+00 4.9415907902169529e+01 -1.4400881248812638e+02
1.0923800000000001e+00 4.9559442583709043e+01 -1.4402064879515694e+02
1.0933766666666667e+00 4.9702989067982898e+01 -1.4403249690492288e+02
1.0943733333333334e+00 4.9846547366760412e+01 -1.4404435682919626e+02
1.0953700000000002e+00 4.9990117491822552e+01 -1.4405622857975280e+02
1.0963666666666667e+00 5.0133699454962020e+01 -1.4406811216838233e+02
1.0973633333333335e+00 5.0277293267983374e+01 -1.4408000760688904e+02
1.0983600000000000e+00 5.0420898942702827e+01 -1.4409191490709668e+02
1.0993566666666668e+00 5.0564516490948492e+01 -1.4410383408082720e+02
1.1003533333333335e+00 5.0708145924560178e+01 -1.4411576513992048e+02
1.1013500000000001e+00 5.0851787255389510e+01 -1.4412770809623413e+02
1.1023466666666668e+00 5.0995440495300024e+01 -1.4413966296162926e+02
1.1033433333333333e+00 5.1139105656166961e+01 -1.4415162974797954e+02
1.1043400000000001e+00 5.1282782749877519e+01 -1.4416360846716765e+02
1.1053366666666669e+00 5.1426471788330666e+01 -1.4417559913109750e+02
1.1063333333333334e+00 5.1570172783437229e+01 -1.4418760175168021e+02
1.1073300000000001e+00 5.1713885747120010e+01 -1.4419961634083396e+02
1.1083266666666667e+00 5.1857610691313575e+01 -1.4421164291050016e+02
1.1093233333333334e+00 5.2001347627964513e+01 -1.4422368147262551e+02
1.1103200000000002e+00 5.2145096569031232e+01 -1.4423573203916399e+02
1.1113166666666667e+00 5.2288857526484065e+01 -1.4424779462208363e+02
1.1123133333333335e+00 5.2432630512305380e+01 -1.4425986923337399e+02
1.1133100000000000e+00 5.2576415538489364e+01 -1.4427195588502281e+02
1.1143066666666668e+00 5.2720212617042286e+01 -1.4428405458904447e+02
1.1153033333333335e+00 5.2864021759982300e+01 -1.4429616535744645e+02
1.1163000000000001e+00 5.3007842979339536e+01 -1.4430828820226094e+02
1.1172966666666668e+00 5.3151676287156221e+01 -1.4432042313554169e+02
1.1182933333333334e+00 5.3295521695486464e+01 -1.4433257016932981e+02
1.1192900000000001e+00 5.3439379216396517e+01 -1.4434472931569684e+02
1.1202866666666669e+00 5.3583248861964570e+01 -1.4435690058672506e+02
1.1212833333333334e+00 5.3727130644280855e+01 -1.4436908399449300e+02
1.1222800000000002e+00 5.3871024575447763e+01 -1.4438127955111139e+02
1.1232766666666667e+00 5.4014930667579613e+01 -1.4439348726869986e+02
1.1242733333333335e+00 5.4158848932802947e+01 -1.4440570715937091e+02
1.1252700000000000e+00 5.4302779383256258e+01 -1.4441793923527268e+02
1.1262666666666667e+00 5.4446722031090282e+01 -1.4443018350855860e+02
1.1272633333333335e+00 5.4590676888467762e+01 -1.4444243999137876e+02
1.1282600000000000e+00 5.4734643967563578e+01 -1.4445470869591855e+02
1.1292566666666668e+00 5.4878623280564845e+01 -1.4446698963436361e+02
1.1302533333333333e+00 5.5022614839670709e+01 -1.4447928281891200e+02
1.1312500000000001e+00 5.5166618657092599e+01 -1.4449158826177418e+02
1.1322466666666668e+00 5.5310634745054024e+01 -1.4450390597517148e+02
1.1332433333333334e+00 5.5454663115790687e+01 -1.4451623597134994e+02
1.1342400000000001e+00 5.5598703781550590e+01 -1.4452857826254512e+02
1.1352366666666667e+00 5.5742756754593813e+01 -1.4454093286101917e+02
1.1362333333333334e+00 5.5886822047192794e+01 -1.4455329977905387e+02
1.1372300000000002e+00 5.6030899671632120e+01 -1.4456567902892766e+02
1.1382266666666667e+00 5.6174989640208608e+01 -1.4457807062292926e+02
1.1392233333333335e+00 5.6319091965231451e+01 -1.4459047457337979e+02
1.1402200000000000e+00 5.6463206659021978e+01 -1.4460289089260559e+02
1.1412166666666668e+00 5.6607333733913947e+01 -1.4461531959292054e+02
1.1422133333333335e+00 5.6751473202253294e+01 -1.4462776068668146e+02
1.1432100000000001e+00 5.6895625076398289e+01 -1.4464021418625194e+02
1.1442066666666668e+00 5.7039789368719610e+01 -1.4465268010399234e+02
1.1452033333333334e+00 5.7183966091600141e+01 -1.4466515845229316e+02
1.1462000000000001e+00 5.7328155257435249e+01 -1.4467764924354304e+02
1.1471966666666669e+00 5.7472356878632560e+01 -1.4469015249015953e+02
1.1481933333333334e+00 5.7616570967612077e+01 -1.4470266820455606e+02
1.1491900000000002e+00 5.7760797536806280e+01 -1.4471519639916428e+02
1.1501866666666667e+00 5.7905036598659919e+01 -1.4472773708643172e+02
1.1511833333333334e+00 5.8049288165630280e+01 -1.4474029027881122e+02
1.1521800000000002e+00 5.8193552250186976e+01 -1.4475285598877733e+02
1.1531766666666667e+00 5.8337828864812053e+01 -1.4476543422881122e+02
1.1541733333333335e+00 5.8482118022000108e+01 -1.4477802501140872e+02
1.1551700000000000e+00 5.8626419734258057e+01 -1.4479062834906719e+02
1.1561666666666668e+00 5.8770734014105422e+01 -1.4480324425431795e+02
1.1571633333333335e+00 5.8915060874074115e+01 -1.4481587273969259e+02
1.1581600000000001e+00 5.9059400326708541e+01 -1.4482851381772221e+02
1.1591566666666668e+00 5.9203752384565703e+01 -1.4484116750097741e+02
1.1601533333333334e+00 5.9348117060215017e+01 -1.4485383380202688e+02
1.1611500000000001e+00 5.9492494366238539e+01 -1.4486651273344833e+02
1.1621466666666669e+00 5.9636884315230787e+01 -1.4487920430783393e+02
1.1631433333333334e+00 5.9781286919798838e+01 -1.4489190853779667e+02
1.1641400000000002e+00 5.9925702192562433e+01 -1.4490462543595001e+02
1.1651366666666667e+00 6.0070130146153772e+01 -1.4491735501493045e+02
1.1661333333333335e+00 6.0214570793217774e+01 -1.4493009728738875e+02
1.1671300000000000e+00 6.0359024146411841e+01 -1.4494285226596483e+02
1.1681266666666668e+00 6.0503490218406128e+01 -1.4495561996334334e+02
1.1691233333333335e+00 6.0647969021883327e+01 -1.4496840039220919e+02
1.1701200000000000e+00 6.0792460569538768e+01 -1.4498119356524307e+02
1.1711166666666668e+00 6.0936964874080552e+01 -1.4499399949516538e+02
1.1721133333333333e+00 6.1081481948229310e+01 -1.4500681819469455e+02
1.1731100000000001e+00 6.1226011804718496e+01 -1.4501964967655789e+02
1.1741066666666669e+00 6.1370554456294165e+01 -1.4503249395351523e+02
1.1751033333333334e+00 6.1515109915715072e+01 -1.4504535103831495e+02
1.1761000000000001e+00 6.1659678195752797e+01 -1.4505822094372019e+02
1.1770966666666667e+00 6.1804259309191529e+01 -1.4507110368253146e+02
1.1780933333333334e+00 6.1948853268828323e+01 -1.4508399926753663e+02
1.1790900000000002e+00 6.2093460087472913e+01 -1.4509690771154894e+02
1.1800866666666667e+00 6.2238079777947803e+01 -1.4510982902739531e+02
1.1810833333333335e+00 6.2382712353088372e+01 -1.4512276322789938e+02
1.1820800000000000e+00 6.2527357825742669e+01 -1.4513571032591514e+02
1.1830766666666668e+00 6.2672016208771694e+01 -1.4514867033430531e+02
1.1840733333333335e+00 6.2816687515049168e+01 -1.4516164326594739e+02
1.1850700000000001e+00 6.2961371757461649e+01 -1.4517462913372165e+02
1.1860666666666668e+00 6.3106068948908643e+01 -1.4518762795052663e+02
1.1870633333333334e+00 6.3250779102302388e+01 -1.4520063972927341e+02
1.1880600000000001e+00 6.3395502230568134e+01 -1.4521366448289592e+02
1.1890566666666669e+00 6.3540238346643910e+01 -1.4522670222432515e+02
1.1900533333333334e+00 6.3684987463480660e+01 -1.4523975296650909e+02
1.1910500000000002e+00 6.3829749594042326e+01 -1.4525281672242483e+02
1.1920466666666667e+00 6.3974524751305658e+01 -1.4526589350503312e+02
1.1930433333333335e+00 6.4119312948260472e+01 -1.4527898332733577e+02
1.1940400000000002e+00 6.4264114197909436e+01 -1.4529208620233143e+02
1.1950366666666667e+00 6.4408928513268194e+01 -1.4530520214303593e+02
1.1960333333333335e+00 6.4553755907365456e+01 -1.4531833116247608e+02
1.1970300000000000e+00 6.4698596393242795e+01 -1.4533147327369122e+02
1.1980266666666668e+00 6.4843449983954912e+01 -1.4534462848974013e+02
1.1990233333333336e+00 6.4988316692569455e+01 -1.4535779682368923e+02
1.2000200000000001e+00 6.5133196532167076e+01 -1.4537097828862909e+02
1.2010166666666668e+00 6.5278089515841572e+01 -1.4538417289763657e+02
1.2020133333333334e+00 6.5422995656699683e+01 -1.4539738066382932e+02
1.2030100000000001e+00 6.5567914967861341e+01 -1.4541060160033228e+02
1.2040066666666667e+00 6.5712847462459408e+01 -1.4542383572024880e+02
1.2050033333333334e+00 6.5857793153639989e+01 -1.4543708303675174e+02
1.2060000000000002e+00 6.6002752054562208e+01 -1.4545034356300741e+02
1.2069966666666667e+00 6.6147724178398320e+01 -1.4546361731217047e+02
1.2079933333333335e+00 6.6292709538333781e+01 -1.4547690429742471e+02
1.2089900000000000e+00 6.6437708147567079e+01 -1.4549020453198054e+02
1.2099866666666668e+00 6.6582720019310003e+01 -1.4550351802903927e+02
1.2109833333333335e+00 6.6727745166787400e+01 -1.4551684480183852e+02
1.2119800000000001e+00 6.6872783603237323e+01 -1.4553018486361134e+02
1.2129766666666668e+00 6.7017835341911123e+01 -1.4554353822759151e+02
1.2139733333333333e+00 6.7162900396073212e+01 -1.4555690490707488e+02
1.2149700000000001e+00 6.7307978779001388e+01 -1.4557028491531270e+02
1.2159666666666669e+00 6.7453070503986567e+01 -1.4558367826560681e+02
1.2169633333333334e+00 6.7598175584332921e+01 -1.4559708497126149e+02
1.2179600000000002e+00 6.7743294033357998e+01 -1.4561050504558892e+02
1.2189566666666667e+00 6.7888425864392488e+01 -1.4562393850193496e+02
1.2199533333333334e+00 6.8033571090780526e+01 -1.4563738535362921e+02
1.2209500000000002e+00 6.8178729725879421e+01 -1.4565084561402338e+02
1.2219466666666667e+00 6.8323901783059810e+01 -1.4566431929650739e+02
1.2229433333333335e+00 6.8469087275705789e+01 -1.4567780641445754e+02
1.2239400000000000e+00 6.8614286217214641e+01 -1.4569130698126241e+02
1.2249366666666668e+00 6.8759498620997135e+01 -1.4570482101033721e+02
1.2259333333333335e+00 6.8904724500477329e+01 -1.4571834851511207e+02
1.2269300000000001e+00 6.9049963869092664e+01 -1.4573188950901968e+02
1.2279266666666668e+00 6.9195216740294086e+01 -1.4574544400551471e+02
1.2289233333333334e+00 6.9340483127545809e+01 -1.4575901201804999e+02
1.2299200000000001e+00 6.9485763044325608e+01 -1.4577259356011913e+02
1.2309166666666669e+00 6.9631056504124615e+01 -1.4578618864520928e+02
1.2319133333333334e+00 6.9776363520447390e+01 -1.4579979728681724e+02
1.2329100000000002e+00 6.9921684106812066e+01 -1.4581341949846194e+02
1.2339066666666667e+00 7.0067018276750133e+01 -1.4582705529368170e+02
1.2349033333333335e+00 7.0212366043806696e+01 -1.4584070468601996e+02
1.2359000000000002e+00 7.0357727421540275e+01 -1.4585436768902821e+02
1.2368966666666668e+00 7.0503102423522904e+01 -1.4586804431628863e+02
1.2378933333333335e+00 7.0648491063340259e+01 -1.4588173458137732e+02
1.2388900000000000e+00 7.0793893354591418e+01 -1.4589543849790380e+02
1.2398866666666668e+00 7.0939309310889158e+01 -1.4590915607947062e+02
1.2408833333333333e+00 7.1084738945859698e+01 -1.4592288733970872e+02
1.2418800000000001e+00 7.1230182273142972e+01 -1.4593663229226146e+02
1.2428766666666669e+00 7.1375639306392429e+01 -1.4595039095078005e+02
1.2438733333333334e+00 7.1521110059275131e+01 -1.4596416332892514e+02
1.2448700000000001e+00 7.1666594545471852e+01 -1.4597794944038682e+02
1.2458666666666667e+00 7.1812092778676885e+01 -1.4599174929885314e+02
1.2468633333333334e+00 7.1957604772598316e+01 -1.4600556291803150e+02
1.2478600000000002e+00 7.2103130540957793e+01 -1.4601939031165162e+02
1.2488566666666667e+00 7.2248670097490646e+01 -1.4603323149343828e+02
1.2498533333333335e+00 7.2394223455946005e+01 -1.4604708647714571e+02
1.2508500000000000e+00 7.2539790630086571e+01 -1.4606095527654040e+02
1.2518466666666668e+00 7.2685371633688916e+01 -1.4607483790539388e+02
1.2528433333333335e+00 7.2830966480543239e+01 -1.4608873437750006e+02
1.2538400000000001e+00 7.2976575184453495e+01 -1.4610264470666925e+02
1.2548366666666668e+00 7.3122197759237494e+01 -1.4611656890669144e+02
1.2558333333333334e+00 7.3267834218726705e+01 -1.4613050699141849e+02
1.2568300000000001e+00 7.3413484576766507e+01 -1.4614445897470762e+02
1.2578266666666669e+00 7.3559148847215994e+01 -1.4615842487039549e+02
1.2588233333333334e+00 7.3704827043948086e+01 -1.4617240469237080e+02
1.2598200000000002e+00 7.3850519180849631e+01 -1.4618639845450906e+02
1.2608166666666667e+00 7.3996225271821174e+01 -1.4620040617071209e+02
1.2618133333333335e+00 7.4141945330777290e+01 -1.4621442785490126e+02
1.2628100000000002e+00 7.4287679371646291e+01 -1.4622846352100586e+02
1.2638066666666667e+00 7.4433427408370420e+01 -1.4624251318296464e+02
1.2648033333333335e+00 7.4579189454905887e+01 -1.4625657685472419e+02
1.2658000000000000e+00 7.4724965525222686e+01 -1.4627065455026494e+02
1.2667966666666668e+00 7.4870755633304896e+01 -1.4628474628357941e+02
1.2677933333333335e+00 7.5016559793150435e+01 -1.4629885206864697e+02
1.2687900000000001e+00 7.5162378018771165e+01 -1.4631297191948454e+02
1.2697866666666668e+00 7.5308210324193041e+01 -1.4632710585013163e+02
1.2707833333333334e+00 7.5454056723455849e+01 -1.4634125387461842e+02
1.2717800000000001e+00 7.5599917230613528e+01 -1.4635541600698738e+02
1.2727766666666669e+00 7.5745791859733913e+01 -1.4636959226132481e+02
1.2737733333333334e+00 7.5891680624898882e+01 -1.4638378265170476e+02
1.2747700000000002e+00 7.6037583540204452e+01 -1.4639798719221650e+02
1.2757666666666667e+00 7.6183500619760551e+01 -1.4641220589699009e+02
1.2767633333333335e+00 7.6329431877691334e+01 -1.4642643878012709e+02
1.2777600000000000e+00 7.6475377328134869e+01 -1.4644068585577892e+02
1.2787566666666668e+00 7.6621336985243502e+01 -1.4645494713810211e+02
1.2797533333333335e+00 7.6767310863183553e+01 -1.4646922264124007e+02
1.2807500000000001e+00 7.6913298976135479e+01 -1.4648351237938076e+02
1.2817466666666668e+00 7.7059301338293977e+01 -1.4649781636674183e+02
1.2827433333333333e+00 7.7205317963867785e+01 -1.4651213461752471e+02
1.2837400000000001e+00 7.7351348867079921e+01 -1.4652646714592865e+02
1.2847366666666669e+00 7.7497394062167473e+01 -1.4654081396620393e+02
1.2857333333333334e+00 7.7643453563381769e+01 -1.4655517509260991e+02
1.2867300000000002e+00 7.7789527384988403e+01 -1.4656955053941414e+02
1.2877266666666667e+00 7.7935615541267097e+01 -1.4658394032088214e+02
1.2887233333333334e+00 7.8081718046511924e+01 -1.4659834445131301e+02
1.2897200000000002e+00 7.8227834915031110e+01 -1.4661276294502122e+02
1.2907166666666667e+00 7.8373966161147152e+01 -1.4662719581631598e+02
1.2917133333333335e+00 7.8520111799196940e+01 -1.4664164307955042e+02
1.2927100000000000e+00 7.8666271843531518e+01 -1.4665610474906848e+02
1.2937066666666668e+00 7.8812446308516371e+01 -1.4667058083922626e+02
1.2947033333333335e+00 7.8958635208531206e+01 -1.4668507136442386e+02
1.2957000000000001e+00 7.9104838557970083e+01 -1.4669957633903456e+02
1.2966966666666668e+00 7.9251056371241489e+01 -1.4671409577747571e+02
1.2976933333333334e+00 7.9397288662768176e+01 -1.4672862969418389e+02
1.2986900000000001e+00 7.9543535446987406e+01 -1.4674317810356516e+02
1.2996866666666669e+00 7.9689796738350708e+01 -1.4675774102009800e+02
1.3006833333333334e+00 7.9836072551324065e+01 -1.4677231845824124e+02
1.3016800000000002e+00 7.9982362900387940e+01 -1.4678691043246212e+02
1.3026766666666667e+00 8.0128667800037150e+01 -1.4680151695728284e+02
1.3036733333333335e+00 8.0274987264781061e+01 -1.4681613804718782e+02
1.3046700000000002e+00 8.0421321309143408e+01 -1.4683077371670541e+02
1.3056666666666668e+00 8.0567669947662438e+01 -1.4684542398038724e+02
1.3066633333333335e+00 8.0714033194890973e+01 -1.4686008885276468e+02
1.3076600000000000e+00 8.0860411065396207e+01 -1.4687476834842394e+02
1.3086566666666668e+00 8.1006803573760024e+01 -1.4688946248194227e+02
1.3096533333333336e+00 8.1153210734578707e+01 -1.4690417126790510e+02
1.3106500000000001e+00 8.1299632562463131e+01 -1.4691889472094229e+02
1.3116466666666668e+00 8.1446069072038824e+01 -1.4693363285566377e+02
1.3126433333333334e+00 8.1592520277945752e+01 -1.4694838568671281e+02
1.3136400000000001e+00 8.1738986194838645e+01 -1.4696315322875421e+02
1.3146366666666667e+00 8.1885466837386687e+01 -1.4697793549643839e+02
1.3156333333333334e+00 8.2031962220273812e+01 -1.4699273250446367e+02
1.3166300000000002e+00 8.2178472358198533e+01 -1.4700754426752965e+02
1.3176266666666667e+00 8.2324997265874003e+01 -1.4702237080033751e+02
1.3186233333333335e+00 8.2471536958028139e+01 -1.4703721211763255e+02
1.3196200000000000e+00 8.2618091449403423e+01 -1.4705206823413650e+02
1.3206166666666668e+00 8.2764660754757145e+01 -1.4706693916461182e+02
1.3216133333333335e+00 8.2911244888861248e+01 -1.4708182492385080e+02
1.3226100000000001e+00 8.3057843866502381e+01 -1.4709672552661874e+02
1.3236066666666668e+00 8.3204457702482046e+01 -1.4711164098772517e+02
1.3246033333333334e+00 8.3351086411616365e+01 -1.4712657132198444e+02
1.3256000000000001e+00 8.3497730008736369e+01 -1.4714151654422324e+02
1.3265966666666669e+00 8.3644388508687783e+01 -1.4715647666929087e+02
1.3275933333333334e+00 8.3791061926331139e+01 -1.4717145171205240e+02
1.3285900000000002e+00 8.3937750276541863e+01 -1.4718644168737441e+02
1.3295866666666667e+00 8.4084453574210116e+01 -1.4720144661016397e+02
1.3305833333333335e+00 8.4231171834241024e+01 -1.4721646649531186e+02
1.3315800000000002e+00 8.4377905071554466e+01 -1.4723150135772448e+02
1.3325766666666667e+00 8.4524653301085209e+01 -1.4724655121236674e+02
1.3335733333333335e+00 8.4671416537783017e+01 -1.4726161607416924e+02
1.3345700000000000e+00 8.4818194796612417e+01 -1.4727669595810332e+02
1.3355666666666668e+00 8.4964988092552986e+01 -1.4729179087914528e+02
1.3365633333333335e+00 8.5111796440599164e+01 -1.4730690085228713e+02
1.3375600000000001e+00 8.5258619855760315e+01 -1.4732202589255067e+02
1.3385566666666668e+00 8.5405458353060908e+01 -1.4733716601495220e+02
1.3395533333333334e+00 8.5552311947540218e+01 -1.4735232123452724e+02
1.3405500000000001e+00 8.5699180654252658e+01 -1.4736749156633030e+02
1.3415466666666669e+00 8.5846064488267572e+01 -1.4738267702543200e+02
1.3425433333333334e+00 8.5992963464669316e+01 -1.4739787762692544e+02
1.3435400000000002e+00 8.6139877598557391e+01 -1.4741309338590526e+02
1.3445366666666667e+00 8.6286806905046220e+01 -1.4742832431747820e+02
1.3455333333333335e+00 8.6433751399265432e+01 -1.4744357043677741e+02
1.3465300000000002e+00 8.6580711096359650e+01 -1.4745883175895173e+02
1.3475266666666668e+00 8.6727686011488586e+01 -1.4747410829916564e+02
1.3485233333333335e+00 8.6874676159827189e+01 -1.4748940007258506e+02
1.3495200000000001e+00 8.7021681556565383e+01 -1.4750470709439514e+02
1.3505166666666668e+00 8.7168702216908372e+01 -1.4752002937981456e+02
1.3515133333333336e+00 8.7315738156076449e+01 -1.4753536694405645e+02
1.3525100000000001e+00 8.7462789389305058e+01 -1.4755071980235641e+02
1.3535066666666669e+00 8.7609855931844947e+01 -1.4756608796996599e+02
1.3545033333333334e+00 8.7756937798961928e+01 -1.4758147146214168e+02
1.3555000000000001e+00 8.7904035005937175e+01 -1.4759687029418268e+02
1.3564966666666667e+00 8.8051147568066980e+01 -1.4761228448137399e+02
1.3574933333333334e+00 8.8198275500662987e+01 -1.4762771403902693e+02
1.3584900000000002e+00 8.8345418819052057e+01 -1.4764315898248296e+02
1.3594866666666667e+00 8.8492577538576299e+01 -1.4765861932706326e+02
1.3604833333333335e+00 8.8639751674593214e+01 -1.4767409508813341e+02
1.3614800000000000e+00 8.8786941242475521e+01 -1.4768958628107109e+02
1.3624766666666668e+00 8.8934146257611360e+01 -1.4770509292125894e+02
1.3634733333333335e+00 8.9081366735404146e+01 -1.4772061502410247e+02
1.3644700000000001e+00 8.9228602691272641e+01 -1.4773615260501566e+02
1.3654666666666668e+00 8.9375854140651072e+01 -1.4775170567943536e+02
1.3664633333333334e+00 8.9523121098988938e+01 -1.4776727426281766e+02
1.3674600000000001e+00 8.9670403581751287e+01 -1.4778285837062353e+02
1.3684566666666669e+00 8.9817701604418460e+01 -1.4779845801832994e+02
1.3694533333333334e+00 8.9965015182486255e+01 -1.4781407322143630e+02
1.3704500000000002e+00 9.0112344331466019e+01 -1.4782970399545081e+02
1.3714466666666667e+00 9.0259689066884434e+01 -1.4784535035590793e+02
1.3724433333333335e+00 9.0407049404283782e+01 -1.4786101231833999e+02
1.3734400000000002e+00 9.0554425359221753e+01 -1.4787668989830237e+02
1.3744366666666668e+00 9.0701816947271567e+01 -1.4789238311138709e+02
1.3754333333333335e+00 9.0849224184022049e+01 -1.4790809197315937e+02
1.3764300000000000e+00 9.0996647085077441e+01 -1.4792381649923934e+02
1.3774266666666668e+00 9.1144085666057691e+01 -1.4793955670524480e+02
1.3784233333333336e+00 9.1291539942598206e+01 -1.4795531260679530e+02
1.3794200000000001e+00 9.1439009930349997e+01 -1.4797108421956844e+02
1.3804166666666668e+00 9.1586495644979777e+01 -1.4798687155921499e+02
1.3814133333333334e+00 9.1733997102169738e+01 -1.4800267464141916e+02
1.3824100000000001e+00 9.1881514317617871e+01 -1.4801849348188432e+02
1.3834066666666669e+00 9.2029047307037686e+01 -1.4803432809631573e+02
1.3844033333333334e+00 9.2176596086158384e+01 -1.4805017850044067e+02
1.3854000000000002e+00 9.2324160670724936e+01 -1.4806604471000989e+02
1.3863966666666667e+00 9.2471741076497892e+01 -1.4808192674078595e+02
1.3873933333333335e+00 9.2619337319253660e+01 -1.4809782460854356e+02
1.3883900000000002e+00 9.2766949414784250e+01 -1.4811373832908055e+02
1.3893866666666668e+00 9.2914577378897462e+01 -1.4812966791819559e+02
1.3903833333333335e+00 9.3062221227416913e+01 -1.4814561339170353e+02
1.3913800000000001e+00 9.3209880976181879e+01 -1.4816157476546681e+02
1.3923766666666668e+00 9.3357556641047580e+01 -1.4817755205532646e+02
1.3933733333333334e+00 9.3505248237884913e+01 -1.4819354527715208e+02
1.3943700000000001e+00 9.3652955782580719e+01 -1.4820955444683233e+02
1.3953666666666669e+00 9.3800679291037582e+01 -1.4822557958027929e+02
1.3963633333333334e+00 9.3948418779173949e+01 -1.4824162069340562e+02
1.3973600000000002e+00 9.4096174262924237e+01 -1.4825767780212593e+02
1.3983566666666667e+00 9.4243945758238624e+01 -1.4827375092242380e+02
1.3993533333333334e+00 9.4391733281083319e+01 -1.4828984007025937e+02
1.4003500000000002e+00 9.4539536847440374e+01 -1.4830594526158728e+02
1.4013466666666667e+00 9.4687356473307744e+01 -1.4832206651242728e+02
1.4023433333333335e+00 9.4835192174699444e+01 -1.4833820383879370e+02
1.4033400000000000e+00 9.4983043967645344e+01 -1.4835435725670590e+02
1.4043366666666668e+00 9.5130911868191419e+01 -1.4837052678221653e+02
1.4053333333333335e+00 9.5278795892399543e+01 -1.4838671243139444e+02
1.4063300000000001e+00 9.5426696056347623e+01 -1.4840291422030916e+02
1.4073266666666668e+00 9.5574612376129679e+01 -1.4841913216504639e+02
1.4083233333333334e+00 9.5722544867855632e+01 -1.4843536628173243e+02
1.4093200000000001e+00 9.5870493547651648e+01 -1.4845161658649113e+02
1.4103166666666669e+00 9.6018458431659838e+01 -1.4846788309545562e+02
1.4113133333333334e+00 9.6166439536038411e+01 -1.4848416582478802e+02
1.4123100000000002e+00 9.6314436876961793e+01 -1.4850046479066680e+02
1.4133066666666667e+00 9.6462450470620411e+01 -1.4851678000926807e+02
1.4143033333333335e+00 9.6610480333220963e+01 -1.4853311149681556e+02
1.4153000000000002e+00 9.6758526480986205e+01 -1.4854945926953502e+02
1.4162966666666668e+00 9.6906588930155081e+01 -1.4856582334364572e+02
1.4172933333333335e+00 9.7054667696982818e+01 -1.4858220373541153e+02
1.4182900000000001e+00 9.7202762797740732e+01 -1.4859860046110845e+02
1.4192866666666668e+00 9.7350874248716480e+01 -1.4861501353701721e+02
1.4202833333333336e+00 9.7499002066213862e+01 -1.4863144297945630e+02
1.4212800000000001e+00 9.7647146266552966e+01 -1.4864788880473040e+02
1.4222766666666669e+00 9.7795306866070206e+01 -1.4866435102917484e+02
1.4232733333333334e+00 9.7943483881118198e+01 -1.4868082966916538e+02
1.4242700000000001e+00 9.8091677328065970e+01 -1.4869732474103972e+02
1.4252666666666669e+00 9.8239887223298766e+01 -1.4871383626118774e+02
1.4262633333333334e+00 9.8388113583218171e+01 -1.4873036424602813e+02
1.4272600000000002e+00 9.8536356424242257e+01 -1.4874690871197456e+02
1.4282566666666667e+00 9.8684615762805308e+01 -1.4876346967545282e+02
1.4292533333333335e+00 9.8832891615358136e+01 -1.4878004715292408e+02
1.4302500000000000e+00 9.8981183998367811e+01 -1.4879664116084967e+02
1.4312466666666668e+00 9.9129492928317973e+01 -1.4881325171570998e+02
1.4322433333333335e+00 9.9277818421708602e+01 -1.4882987883401606e+02
1.4332400000000001e+00 9.9426160495056109e+01 -1.4884652253227210e+02
1.4342366666666668e+00 9.9574519164893502e+01 -1.4886318282701305e+02
1.4352333333333334e+00 9.9722894447770116e+01 -1.4887985973479289e+02
1.4362300000000001e+00 9.9871286360251943e+01 -1.4889655327217750e+02
1.4372266666666669e+00 1.0001969491892137e+02 -1.4891326345574927e+02
1.4382233333333334e+00 1.0016812014037735e+02 -1.4892999030210507e+02
1.4392200000000002e+00 1.0031656204123546e+02 -1.4894673382785112e+02
1.4402166666666667e+00 1.0046502063812773e+02 -1.4896349404964124e+02
1.4412133333333335e+00 1.0061349594770289e+02 -1.4898027098410543e+02
1.4422100000000002e+00 1.0076198798662620e+02 -1.4899706464791879e+02
1.4432066666666667e+00 1.0091049677157950e+02 -1.4901387505776376e+02
1.4442033333333335e+00 1.0105902231926142e+02 -1.4903070223032492e+02
1.4452000000000000e+00 1.0120756464638704e+02 -1.4904754618233454e+02
1.4461966666666668e+00 1.0135612376968830e+02 -1.4906440693052247e+02
1.4471933333333336e+00 1.0150469970591368e+02 -1.4908128449162794e+02
1.4481900000000001e+00 1.0165329247182839e+02 -1.4909817888241889e+02
1.4491866666666668e+00 1.0180190208421445e+02 -1.4911509011967266e+02
1.4501833333333334e+00 1.0195052855987046e+02 -1.4913201822019988e+02
1.4511800000000001e+00 1.0209917191561195e+02 -1.4914896320081598e+02
1.4521766666666669e+00 1.0224783216827107e+02 -1.4916592507833863e+02
1.4531733333333334e+00 1.0239650933469680e+02 -1.4918290386963557e+02
1.4541700000000002e+00 1.0254520343175497e+02 -1.4919989959155538e+02
1.4551666666666667e+00 1.0269391447632813e+02 -1.4921691226098721e+02
1.4561633333333335e+00 1.0284264248531579e+02 -1.4923394189483906e+02
1.4571600000000002e+00 1.0299138747563423e+02 -1.4925098851001425e+02
1.4581566666666668e+00 1.0314014946421655e+02 -1.4926805212344453e+02
1.4591533333333335e+00 1.0328892846801287e+02 -1.4928513275209272e+02
1.4601500000000001e+00 1.0343772450399008e+02 -1.4930223041292632e+02
1.4611466666666668e+00 1.0358653758913212e+02 -1.4931934512291750e+02
1.4621433333333336e+00 1.0373536774043976e+02 -1.4933647689906931e+02
1.4631400000000001e+00 1.0388421497493071e+02 -1.4935362575840637e+02
1.4641366666666669e+00 1.0403307930963977e+02 -1.4937079171795548e+02
1.4651333333333334e+00 1.0418196076161860e+02 -1.4938797479477688e+02
1.4661300000000002e+00 1.0433085934793597e+02 -1.4940517500593066e+02
1.4671266666666667e+00 1.0447977508567755e+02 -1.4942239236850546e+02
1.4681233333333334e+00 1.0462870799194617e+02 -1.4943962689960904e+02
1.4691200000000002e+00 1.0477765808386164e+02 -1.4945687861635139e+02
1.4701166666666667e+00 1.0492662537856081e+02 -1.4947414753588541e+02
1.4711133333333335e+00 1.0507560989319776e+02 -1.4949143367535194e+02
1.4721100000000000e+00 1.0522461164494351e+02 -1.4950873705192529e+02
1.4731066666666668e+00 1.0537363065098631e+02 -1.4952605768278445e+02
1.4741033333333335e+00 1.0552266692853151e+02 -1.4954339558514630e+02
1.4751000000000001e+00 1.0567172049480158e+02 -1.4956075077623510e+02
1.4760966666666668e+00 1.0582079136703626e+02 -1.4957812327328438e+02
1.4770933333333334e+00 1.0596987956249238e+02 -1.4959551309355393e+02
1.4780900000000001e+00 1.0611898509844409e+02 -1.4961292025431541e+02
1.4790866666666669e+00 1.0626810799218265e+02 -1.4963034477286428e+02
1.4800833333333334e+00 1.0641724826101658e+02 -1.4964778666650304e+02
1.4810800000000002e+00 1.0656640592227177e+02 -1.4966524595256510e+02
1.4820766666666667e+00 1.0671558099329123e+02 -1.4968272264838868e+02
1.4830733333333335e+00 1.0686477349143540e+02 -1.4970021677133093e+02
1.4840700000000002e+00 1.0701398343408195e+02 -1.4971772833877301e+02
1.4850666666666668e+00 1.0716321083862586e+02 -1.4973525736811703e+02
1.4860633333333335e+00 1.0731245572247957e+02 -1.4975280387676071e+02
1.4870600000000000e+00 1.0746171810307274e+02 -1.4977036788214201e+02
1.4880566666666668e+00 1.0761099799785254e+02 -1.4978794940171082e+02
1.4890533333333336e+00 1.0776029542428344e+02 -1.4980554845293375e+02
1.4900500000000001e+00 1.0790961039984735e+02 -1.4982316505328430e+02
1.4910466666666669e+00 1.0805894294204369e+02 -1.4984079922025995e+02
1.4920433333333334e+00 1.0820829306838917e+02 -1.4985845097138423e+02
1.4930400000000001e+00 1.0835766079641814e+02 -1.4987612032418542e+02
1.4940366666666669e+00 1.0850704614368233e+02 -1.4989380729622997e+02
1.4950333333333334e+00 1.0865644912775096e+02 -1.4991151190507691e+02
1.4960300000000002e+00 1.0880586976621088e+02 -1.4992923416829504e+02
1.4970266666666667e+00 1.0895530807666631e+02 -1.4994697410352907e+02
1.4980233333333335e+00 1.0910476407673923e+02 -1.4996473172837139e+02
1.4990200000000002e+00 1.0925423778406901e+02 -1.4998250706045272e+02
1.5000166666666668e+00 1.0940372921631266e+02 -1.5000030011746748e+02
1.5010133333333335e+00 1.0955323839114487e+02 -1.5001811091705571e+02
1.5020100000000001e+00 1.0970276532625785e+02 -1.5003593947691925e+02
1.5030066666666668e+00 1.0985231003936156e+02 -1.5005378581478834e+02
1.5040033333333334e+00 1.1000187254818351e+02 -1.5007164994836484e+02
1.5050000000000001e+00 1.1015145287046900e+02 -1.5008953189539076e+02
1.5059966666666669e+00 1.1030105102398092e+02 -1.5010743167364660e+02
1.5069933333333334e+00 1.1045066702649989e+02 -1.5012534930091226e+02
1.5079900000000002e+00 1.1060030089582436e+02 -1.5014328479498468e+02
1.5089866666666667e+00 1.1074995264977039e+02 -1.5016123817367259e+02
1.5099833333333335e+00 1.1089962230617193e+02 -1.5017920945481075e+02
1.5109800000000002e+00 1.1104930988288064e+02 -1.5019719865625808e+02
1.5119766666666667e+00 1.1119901539776593e+02 -1.5021520579588000e+02
1.5129733333333335e+00 1.1134873886871519e+02 -1.5023323089155903e+02
1.5139700000000000e+00 1.1149848031363346e+02 -1.5025127396120368e+02
1.5149666666666668e+00 1.1164823975044381e+02 -1.5026933502274139e+02
1.5159633333333336e+00 1.1179801719708705e+02 -1.5028741409410949e+02
1.5169600000000001e+00 1.1194781267152190e+02 -1.5030551119326614e+02
1.5179566666666668e+00 1.1209762619172510e+02 -1.5032362633819363e+02
1.5189533333333334e+00 1.1224745777569115e+02 -1.5034175954687885e+02
1.5199500000000001e+00 1.1239730744143263e+02 -1.5035991083733484e+02
1.5209466666666669e+00 1.1254717520698000e+02 -1.5037808022759162e+02
1.5219433333333334e+00 1.1269706109038169e+02 -1.5039626773570711e+02
1.5229400000000002e+00 1.1284696510970424e+02 -1.5041447337974205e+02
1.5239366666666667e+00 1.1299688728303205e+02 -1.5043269717776892e+02
1.5249333333333335e+00 1.1314682762846769e+02 -1.5045093914790760e+02
1.5259300000000002e+00 1.1329678616413170e+02 -1.5046919930827377e+02
1.5269266666666668e+00 1.1344676290816268e+02 -1.5048747767700368e+02
1.5279233333333335e+00 1.1359675787871741e+02 -1.5050577427225792e+02
1.5289200000000001e+00 1.1374677109397065e+02 -1.5052408911220161e+02
1.5299166666666668e+00 1.1389680257211540e+02 -1.5054242221503313e+02
1.5309133333333336e+00 1.1404685233136273e+02 -1.5056077359897509e+02
1.5319100000000001e+00 1.1419692038994185e+02 -1.5057914328224209e+02
1.5329066666666669e+00 1.1434700676610025e+02 -1.5059753128308745e+02
1.5339033333333334e+00 1.1449711147810349e+02 -1.5061593761977608e+02
1.5349000000000002e+00 1.1464723454423546e+02 -1.5063436231057764e+02
1.5358966666666669e+00 1.1479737598279820e+02 -1.5065280537382168e+02
1.5368933333333334e+00 1.1494753581211199e+02 -1.5067126682781549e+02
1.5378900000000002e+00 1.1509771405051549e+02 -1.5068974669089087e+02
1.5388866666666667e+00 1.1524791071636550e+02 -1.5070824498140533e+02
1.5398833333333335e+00 1.1539812582803725e+02 -1.5072676171774256e+02
1.5408800000000002e+00 1.1554835940392422e+02 -1.5074529691830352e+02
1.5418766666666668e+00 1.1569861146243822e+02 -1.5076385060148101e+02
1.5428733333333335e+00 1.1584888202200952e+02 -1.5078242278571369e+02
1.5438700000000001e+00 1.1599917110108662e+02 -1.5080101348945186e+02
1.5448666666666668e+00 1.1614947871813656e+02 -1.5081962273115300e+02
1.5458633333333334e+00 1.1629980489164468e+02 -1.5083825052931735e+02
1.5468600000000001e+00 1.1645014964011486e+02 -1.5085689690243552e+02
1.5478566666666669e+00 1.1660051298206932e+02 -1.5087556186903674e+02
1.5488533333333334e+00 1.1675089493604878e+02 -1.5089424544766356e+02
1.5498500000000002e+00 1.1690129552061255e+02 -1.5091294765687579e+02
1.5508466666666667e+00 1.1705171475433831e+02 -1.5093166851524498e+02
1.5518433333333335e+00 1.1720215265582236e+02 -1.5095040804136150e+02
1.5528400000000002e+00 1.1735260924367950e+02 -1.5096916625385444e+02
1.5538366666666668e+00 1.1750308453654304e+02 -1.5098794317135187e+02
1.5548333333333335e+00 1.1765357855306502e+02 -1.5100673881250628e+02
1.5558300000000000e+00 1.1780409131191590e+02 -1.5102555319598903e+02
1.5568266666666668e+00 1.1795462283178492e+02 -1.5104438634048310e+02
1.5578233333333336e+00 1.1810517313137984e+02 -1.5106323826470333e+02
1.5588200000000001e+00 1.1825574222942711e+02 -1.5108210898737738e+02
1.5598166666666669e+00 1.1840633014467191e+02 -1.5110099852723633e+02
1.5608133333333334e+00 1.1855693689587800e+02 -1.5111990690305834e+02
1.5618100000000001e+00 1.1870756250182795e+02 -1.5113883413361921e+02
1.5628066666666669e+00 1.1885820698132302e+02 -1.5115778023773342e+02
1.5638033333333334e+00 1.1900887035318318e+02 -1.5117674523420723e+02
1.5648000000000002e+00 1.1915955263624727e+02 -1.5119572914187134e+02
1.5657966666666667e+00 1.1931025384937278e+02 -1.5121473197960390e+02
1.5667933333333335e+00 1.1946097401143616e+02 -1.5123375376627325e+02
1.5677900000000002e+00 1.1961171314133256e+02 -1.5125279452076526e+02
1.5687866666666668e+00 1.1976247125797595e+02 -1.5127185426200731e+02
1.5697833333333335e+00 1.1991324838029931e+02 -1.5129093300892288e+02
1.5707800000000001e+00 1.2006404452725434e+02 -1.5131003078047550e+02
1.5717766666666668e+00 1.2021485971781178e+02 -1.5132914759562638e+02
1.5727733333333336e+00 1.2036569397096116e+02 -1.5134828347335397e+02
1.5737700000000001e+00 1.2051654730571099e+02 -1.5136743843268545e+02
1.5747666666666669e+00 1.2066741974108879e+02 -1.5138661249265124e+02
1.5757633333333334e+00 1.2081831129614096e+02 -1.5140580567228631e+02
1.5767600000000002e+00 1.2096922198993300e+02 -1.5142501799065141e+02
1.5777566666666669e+00 1.2112015184154933e+02 -1.5144424946683924e+02
1.5787533333333335e+00 1.2127110087009339e+02 -1.5146350011995543e+02
1.5797500000000002e+00 1.2142206909468780e+02 -1.5148276996913003e+02
1.5807466666666667e+00 1.2157305653447408e+02 -1.5150205903347654e+02
1.5817433333333335e+00 1.2172406320861298e+02 -1.5152136733217958e+02
1.5827400000000000e+00 1.2187508913628423e+02 -1.5154069488441664e+02
1.5837366666666668e+00 1.2202613433668681e+02 -1.5156004170936976e+02
1.5847333333333335e+00 1.2217719882903876e+02 -1.5157940782628853e+02
1.5857300000000001e+00 1.2232828263257727e+02 -1.5159879325438533e+02
1.5867266666666668e+00 1.2247938576655882e+02 -1.5161819801291159e+02
1.5877233333333334e+00 1.2263050825025894e+02 -1.5163762212115890e+02
1.5887200000000001e+00 1.2278165010297255e+02 -1.5165706559841630e+02
1.5897166666666669e+00 1.2293281134401367e+02 -1.5167652846401165e+02
1.5907133333333334e+00 1.2308399199271562e+02 -1.5169601073725727e+02
1.5917100000000002e+00 1.2323519206843106e+02 -1.5171551243750437e+02
1.5927066666666667e+00 1.2338641159053184e+02 -1.5173503358415152e+02
1.5937033333333335e+00 1.2353765057840924e+02 -1.5175457419656601e+02
1.5947000000000002e+00 1.2368890905147380e+02 -1.5177413429415438e+02
1.5956966666666668e+00 1.2384018702915539e+02 -1.5179371389636418e+02
1.5966933333333335e+00 1.2399148453090338e+02 -1.5181331302263939e+02
1.5976900000000001e+00 1.2414280157618637e+02 -1.5183293169244268e+02
1.5986866666666668e+00 1.2429413818449254e+02 -1.5185256992526979e+02
1.5996833333333336e+00 1.2444549437532939e+02 -1.5187222774062695e+02
1.6006800000000001e+00 1.2459687016822387e+02 -1.5189190515804020e+02
1.6016766666666669e+00 1.2474826558272251e+02 -1.5191160219705333e+02
1.6026733333333334e+00 1.2489968063839117e+02 -1.5193131887722882e+02
1.6036700000000002e+00 1.2505111535481539e+02 -1.5195105521816211e+02
1.6046666666666669e+00 1.2520256975160012e+02 -1.5197081123945938e+02
1.6056633333333334e+00 1.2535404384836987e+02 -1.5199058696073217e+02
1.6066600000000002e+00 1.2550553766476880e+02 -1.5201038240162407e+02
1.6076566666666667e+00 1.2565705122046053e+02 -1.5203019758181873e+02
1.6086533333333335e+00 1.2580858453512845e+02 -1.5205003252098291e+02
1.6096500000000002e+00 1.2596013762847542e+02 -1.5206988723881551e+02
1.6106466666666668e+00 1.2611171052022401e+02 -1.5208976175505637e+02
1.6116433333333335e+00 1.2626330323011653e+02 -1.5210965608944167e+02
1.6126400000000001e+00 1.2641491577791484e+02 -1.5212957026172649e+02
1.6136366666666668e+00 1.2656654818340064e+02 -1.5214950429169158e+02
1.6146333333333336e+00 1.2671820046637525e+02 -1.5216945819914281e+02
1.6156300000000001e+00 1.2686987264665976e+02 -1.5218943200391263e+02
1.6166266666666669e+00 1.2702156474409509e+02 -1.5220942572582285e+02
1.6176233333333334e+00 1.2717327677854183e+02 -1.5222943938473546e+02
1.6186200000000002e+00 1.2732500876988051e+02 -1.5224947300054086e+02
1.6196166666666667e+00 1.2747676073801135e+02 -1.5226952659314369e+02
1.6206133333333335e+00 1.2762853270285454e+02 -1.5228960018245320e+02
1.6216100000000002e+00 1.2778032468435003e+02 -1.5230969378840351e+02
1.6226066666666668e+00 1.2793213670245767e+02 -1.5232980743096959e+02
1.6236033333333335e+00 1.2808396877715731e+02 -1.5234994113013025e+02
1.6246000000000000e+00 1.2823582092844856e+02 -1.5237009490586851e+02
1.6255966666666668e+00 1.2838769317635115e+02 -1.5239026877821473e+02
1.6265933333333336e+00 1.2853958554090465e+02 -1.5241046276723145e+02
1.6275900000000001e+00 1.2869149804216863e+02 -1.5243067689294347e+02
1.6285866666666668e+00 1.2884343070022271e+02 -1.5245091117542947e+02
1.6295833333333334e+00 1.2899538353516647e+02 -1.5247116563482220e+02
1.6305800000000001e+00 1.2914735656711963e+02 -1.5249144029120896e+02
1.6315766666666669e+00 1.2929934981622185e+02 -1.5251173516474501e+02
1.6325733333333334e+00 1.2945136330263293e+02 -1.5253205027558360e+02
1.6335700000000002e+00 1.2960339704653282e+02 -1.5255238564391729e+02
1.6345666666666667e+00 1.2975545106812152e+02 -1.5257274128993589e+02
1.6355633333333335e+00 1.2990752538761922e+02 -1.5259311723384081e+02
1.6365600000000002e+00 1.3005962002526624e+02 -1.5261351349592999e+02
1.6375566666666668e+00 1.3021173500132306e+02 -1.5263393009639930e+02
1.6385533333333335e+00 1.3036387033607048e+02 -1.5265436705555544e+02
1.6395500000000001e+00 1.3051602604980934e+02 -1.5267482439371656e+02
1.6405466666666668e+00 1.3066820216286092e+02 -1.5269530213118389e+02
1.6415433333333336e+00 1.3082039869556664e+02 -1.5271580028828384e+02
1.6425400000000001e+00 1.3097261566828817e+02 -1.5273631888541186e+02
1.6435366666666669e+00 1.3112485310140764e+02 -1.5275685794294606e+02
1.6445333333333334e+00 1.3127711101532734e+02 -1.5277741748126152e+02
1.6455300000000002e+00 1.3142938943047005e+02 -1.5279799752080206e+02
1.6465266666666669e+00 1.3158168836727879e+02 -1.5281859808199391e+02
1.6475233333333335e+00 1.3173400784621700e+02 -1.5283921918533244e+02
1.6485200000000002e+00 1.3188634788776858e+02 -1.5285986085126686e+02
1.6495166666666667e+00 1.3203870851243775e+02 -1.5288052310031497e+02
1.6505133333333335e+00 1.3219108974074933e+02 -1.5290120595302037e+02
1.6515100000000003e+00 1.3234349159324850e+02 -1.5292190942990914e+02
1.6525066666666668e+00 1.3249591409050089e+02 -1.5294263355153356e+02
1.6535033333333335e+00 1.3264835725309277e+02 -1.5296337833848554e+02
1.6545000000000001e+00 1.3280082110163079e+02 -1.5298414381141114e+02
1.6554966666666668e+00 1.3295330565674229e+02 -1.5300492999088530e+02
1.6564933333333334e+00 1.3310581093907501e+02 -1.5302573689758253e+02
1.6574900000000001e+00 1.3325833696929749e+02 -1.5304656455217486e+02
1.6584866666666669e+00 1.3341088376809870e+02 -1.5306741297533091e+02
1.6594833333333334e+00 1.3356345135618830e+02 -1.5308828218778834e+02
1.6604800000000002e+00 1.3371603975429667e+02 -1.5310917221025306e+02
1.6614766666666667e+00 1.3386864898317472e+02 -1.5313008306347106e+02
1.6624733333333335e+00 1.3402127906359419e+02 -1.5315101476822821e+02
1.6634700000000002e+00 1.3417393001634747e+02 -1.5317196734535011e+02
1.6644666666666668e+00 1.3432660186224766e+02 -1.5319294081560295e+02
1.6654633333333335e+00 1.3447929462212869e+02 -1.5321393519980668e+02
1.6664600000000001e+00 1.3463200831684514e+02 -1.5323495051887835e+02
1.6674566666666668e+00 1.3478474296727256e+02 -1.5325598679364660e+02
1.6684533333333336e+00 1.3493749859430716e+02 -1.5327704404499423e+02
1.6694500000000001e+00 1.3509027521886603e+02 -1.5329812229388679e+02
1.6704466666666669e+00 1.3524307286188719e+02 -1.5331922156124418e+02
1.6714433333333334e+00 1.3539589154432940e+02 -1.5334034186801196e+02
1.6724400000000001e+00 1.3554873128717250e+02 -1.5336148323516139e+02
1.6734366666666669e+00 1.3570159211141709e+02 -1.5338264568373199e+02
1.6744333333333334e+00 1.3585447403808476e+02 -1.5340382923471796e+02
1.6754300000000002e+00 1.3600737708821813e+02 -1.5342503390916744e+02
1.6764266666666667e+00 1.3616030128288071e+02 -1.5344625972814009e+02
1.6774233333333335e+00 1.3631324664315707e+02 -1.5346750671270698e+02
1.6784200000000002e+00 1.3646621319015279e+02 -1.5348877488402175e+02
1.6794166666666668e+00 1.3661920094499445e+02 -1.5351006426316400e+02
1.6804133333333335e+00 1.3677220992882980e+02 -1.5353137487131039e+02
1.6814100000000001e+00 1.3692524016282758e+02 -1.5355270672960592e+02
1.6824066666666668e+00 1.3707829166817768e+02 -1.5357405985923583e+02
1.6834033333333336e+00 1.3723136446609112e+02 -1.5359543428143937e+02
1.6844000000000001e+00 1.3738445857780005e+02 -1.5361683001743870e+02
1.6853966666666669e+00 1.3753757402455784e+02 -1.5363824708848165e+02
1.6863933333333334e+00 1.3769071082763898e+02 -1.5365968551585601e+02
1.6873900000000002e+00 1.3784386900833928e+02 -1.5368114532084670e+02
1.6883866666666669e+00 1.3799704858797568e+02 -1.5370262652473571e+02
1.6893833333333335e+00 1.3815024958788638e+02 -1.5372412914891635e+02
1.6903800000000002e+00 1.3830347202943094e+02 -1.5374565321473625e+02
1.6913766666666668e+00 1.3845671593399013e+02 -1.5376719874356877e+02
1.6923733333333335e+00 1.3860998132296618e+02 -1.5378876575682997e+02
1.6933700000000000e+00 1.3876326821778247e+02 -1.5381035427589316e+02
1.6943666666666668e+00 1.3891657663988389e+02 -1.5383196432222854e+02
1.6953633333333336e+00 1.3906990661073661e+02 -1.5385359591734644e+02
1.6963600000000001e+00 1.3922325815182828e+02 -1.5387524908269705e+02
1.6973566666666668e+00 1.3937663128466801e+02 -1.5389692383979920e+02
1.6983533333333334e+00 1.3953002603078622e+02 -1.5391862021015447e+02
1.6993500000000001e+00 1.3968344241173494e+02 -1.5394033821533293e+02
1.7003466666666669e+00 1.3983688044908760e+02 -1.5396207787694465e+02
1.7013433333333334e+00 1.3999034016443917e+02 -1.5398383921655392e+02
1.7023400000000002e+00 1.4014382157940622e+02 -1.5400562225573660e+02
1.7033366666666667e+00 1.4029732471562670e+02 -1.5402742701619385e+02
1.7043333333333335e+00 1.4045084959476037e+02 -1.5404925351956709e+02
1.7053300000000002e+00 1.4060439623848842e+02 -1.5407110178750918e+02
1.7063266666666668e+00 1.4075796466851364e+02 -1.5409297184175549e+02
1.7073233333333335e+00 1.4091155490656064e+02 -1.5411486370402434e+02
1.7083200000000001e+00 1.4106516697437550e+02 -1.5413677739605987e+02
1.7093166666666668e+00 1.4121880089372613e+02 -1.5415871293961737e+02
1.7103133333333336e+00 1.4137245668640205e+02 -1.5418067035652101e+02
1.7113100000000001e+00 1.4152613437421451e+02 -1.5420264966853449e+02
1.7123066666666669e+00 1.4167983397899661e+02 -1.5422465089751887e+02
1.7133033333333334e+00 1.4183355552260309e+02 -1.5424667406533220e+02
1.7143000000000002e+00 1.4198729902691059e+02 -1.5426871919382970e+02
1.7152966666666669e+00 1.4214106451381750e+02 -1.5429078630494948e+02
1.7162933333333334e+00 1.4229485200524402e+02 -1.5431287542056947e+02
1.7172900000000002e+00 1.4244866152313233e+02 -1.5433498656263615e+02
1.7182866666666667e+00 1.4260249308944634e+02 -1.5435711975313600e+02
1.7192833333333335e+00 1.4275634672617201e+02 -1.5437927501408100e+02
1.7202800000000003e+00 1.4291022245531713e+02 -1.5440145236739508e+02
1.7212766666666668e+00 1.4306412029891138e+02 -1.5442365183515568e+02
1.7222733333333335e+00 1.4321804027900657e+02 -1.5444587343943769e+02
1.7232700000000001e+00 1.4337198241767635e+02 -1.5446811720228453e+02
1.7242666666666668e+00 1.4352594673701648e+02 -1.5449038314579383e+02
1.7252633333333336e+00 1.4367993325914472e+02 -1.5451267129208912e+02
1.7262600000000001e+00 1.4383394200620080e+02 -1.5453498166331912e+02
1.7272566666666669e+00 1.4398797300034670e+02 -1.5455731428160152e+02
1.7282533333333334e+00 1.4414202626376633e+02 -1.5457966916917931e+02
1.7292500000000002e+00 1.4429610181866585e+02 -1.5460204634825288e+02
1.7302466666666667e+00 1.4445019968727348e+02 -1.5462444584100825e+02
1.7312433333333335e+00 1.4460431989183968e+02 -1.5464686766971400e+02
1.7322400000000002e+00 1.4475846245463700e+02 -1.5466931185666490e+02
1.7332366666666668e+00 1.4491262739796025e+02 -1.5469177842412370e+02
1.7342333333333335e+00 1.4506681474412653e+02 -1.5471426739445036e+02
1.7352300000000001e+00 1.4522102451547505e+02 -1.5473677878993090e+02
1.7362266666666668e+00 1.4537525673436747e+02 -1.5475931263296212e+02
1.7372233333333336e+00 1.4552951142318761e+02 -1.5478186894589595e+02
1.7382200000000001e+00 1.4568378860434163e+02 -1.5480444775118031e+02
1.7392166666666669e+00 1.4583808830025814e+02 -1.5482704907123241e+02
1.7402133333333334e+00 1.4599241053338798e+02 -1.5484967292848060e+02
1.7412100000000001e+00 1.4614675532620450e+02 -1.5487231934542174e+02
1.7422066666666669e+00 1.4630112270120335e+02 -1.5489498834453590e+02
1.7432033333333334e+00 1.4645551268090261e+02 -1.5491767994834242e+02
1.7442000000000002e+00 1.4660992528784294e+02 -1.5494039417938671e+02
1.7451966666666667e+00 1.4676436054458733e+02 -1.5496313106025414e+02
1.7461933333333335e+00 1.4691881847372142e+02 -1.5498589061346985e+02
1.7471900000000002e+00 1.4707329909785324e+02 -1.5500867286171376e+02
1.7481866666666668e+00 1.4722780243961338e+02 -1.5503147782757634e+02
1.7491833333333335e+00 1.4738232852165510e+02 -1.5505430553370289e+02
1.7501800000000001e+00 1.4753687736665410e+02 -1.5507715600279280e+02
1.7511766666666668e+00 1.4769144899730884e+02 -1.5510002925755660e+02
1.7521733333333336e+00 1.4784604343634032e+02 -1.5512292532065996e+02
1.7531700000000001e+00 1.4800066070649220e+02 -1.5514584421489289e+02
1.7541666666666669e+00 1.4815530083053085e+02 -1.5516878596300066e+02
1.7551633333333334e+00 1.4830996383124531e+02 -1.5519175058779655e+02
1.7561600000000002e+00 1.4846464973144742e+02 -1.5521473811209100e+02
1.7571566666666669e+00 1.4861935855397169e+02 -1.5523774855866375e+02
1.7581533333333335e+00 1.4877409032167537e+02 -1.5526078195043314e+02
1.7591500000000002e+00 1.4892884505743862e+02 -1.5528383831025837e+02
1.7601466666666667e+00 1.4908362278416431e+02 -1.5530691766105269e+02
1.7611433333333335e+00 1.4923842352477823e+02 -1.5533002002571200e+02
1.7621400000000003e+00 1.4939324730222896e+02 -1.5535314542722998e+02
1.7631366666666668e+00 1.4954809413948797e+02 -1.5537629388853921e+02
1.7641333333333336e+00 1.4970296405954971e+02 -1.5539946543264148e+02
1.7651300000000001e+00 1.4985785708543145e+02 -1.5542266008256402e+02
1.7661266666666668e+00 1.5001277324017352e+02 -1.5544587786133116e+02
1.7671233333333336e+00 1.5016771254683914e+02 -1.5546911879206490e+02
1.7681200000000001e+00 1.5032267502851457e+02 -1.5549238289776901e+02
1.7691166666666669e+00 1.5047766070830909e+02 -1.5551567020158794e+02
1.7701133333333334e+00 1.5063266960935499e+02 -1.5553898072667735e+02
1.7711100000000002e+00 1.5078770175480773e+02 -1.5556231449614998e+02
1.7721066666666667e+00 1.5094275716784566e+02 -1.5558567153320431e+02
1.7731033333333335e+00 1.5109783587167047e+02 -1.5560905186106407e+02
1.7741000000000002e+00 1.5125293788950685e+02 -1.5563245550289412e+02
1.7750966666666668e+00 1.5140806324460266e+02 -1.5565588248201200e+02
1.7760933333333335e+00 1.5156321196022901e+02 -1.5567933282167616e+02
1.7770900000000001e+00 1.5171838405968009e+02 -1.5570280654509926e+02
1.7780866666666668e+00 1.5187357956627346e+02 -1.5572630367569045e+02
1.7790833333333336e+00 1.5202879850334986e+02 -1.5574982423678568e+02
1.7800800000000001e+00 1.5218404089427327e+02 -1.5577336825170246e+02
1.7810766666666669e+00 1.5233930676243105e+02 -1.5579693574384186e+02
1.7820733333333334e+00 1.5249459613123381e+02 -1.5582052673663037e+02
1.7830700000000002e+00 1.5264990902411557e+02 -1.5584414125349142e+02
1.7840666666666669e+00 1.5280524546453367e+02 -1.5586777931791784e+02
1.7850633333333334e+00 1.5296060547596883e+02 -1.5589144095332691e+02
1.7860600000000002e+00 1.5311598908192525e+02 -1.5591512618326226e+02
1.7870566666666667e+00 1.5327139630593047e+02 -1.5593883503123598e+02
1.7880533333333335e+00 1.5342682717153559e+02 -1.5596256752082829e+02
1.7890500000000003e+00 1.5358228170231516e+02 -1.5598632367557494e+02
1.7900466666666668e+00 1.5373775992186714e+02 -1.5601010351907834e+02
1.7910433333333335e+00 1.5389326185381319e+02 -1.5603390707498210e+02
1.7920400000000001e+00 1.5404878752179837e+02 -1.5605773436692655e+02
1.7930366666666668e+00 1.5420433694949151e+02 -1.5608158541859174e+02
1.7940333333333336e+00 1.5435991016058483e+02 -1.5610546025362748e+02
1.7950300000000001e+00 1.5451550717879425e+02 -1.5612935889577886e+02
1.7960266666666669e+00 1.5467112802785945e+02 -1.5615328136878918e+02
1.7970233333333334e+00 1.5482677273154360e+02 -1.5617722769641281e+02
1.7980200000000002e+00 1.5498244131363370e+02 -1.5620119790242975e+02
1.7990166666666669e+00 1.5513813379794041e+02 -1.5622519201068937e+02
1.8000133333333335e+00 1.5529385020829812e+02 -1.5624921004496520e+02
1.8010100000000002e+00 1.5544959056856507e+02 -1.5627325202915745e+02
1.8020066666666668e+00 1.5560535490262319e+02 -1.5629731798714886e+02
1.8030033333333335e+00 1.5576114323437832e+02 -1.5632140794284766e+02
1.8040000000000003e+00 1.5591695558776004e+02 -1.5634552192013180e+02
1.8049966666666668e+00 1.5607279198672182e+02 -1.5636965994300289e+02
1.8059933333333336e+00 1.5622865245524110e+02 -1.5639382203543246e+02
1.8069900000000001e+00 1.5638453701731908e+02 -1.5641800822141732e+02
1.8079866666666669e+00 1.5654044569698107e+02 -1.5644221852499720e+02
1.8089833333333334e+00 1.5669637851827616e+02 -1.5646645297019737e+02
1.8099800000000001e+00 1.5685233550527758e+02 -1.5649071158109709e+02
1.8109766666666669e+00 1.5700831668208244e+02 -1.5651499438178831e+02
1.8119733333333334e+00 1.5716432207281190e+02 -1.5653930139641514e+02
1.8129700000000002e+00 1.5732035170161126e+02 -1.5656363264909177e+02
1.8139666666666667e+00 1.5747640559264977e+02 -1.5658798816401460e+02
1.8149633333333335e+00 1.5763248377012093e+02 -1.5661236796534840e+02
1.8159600000000002e+00 1.5778858625824222e+02 -1.5663677207737052e+02
1.8169566666666668e+00 1.5794471308125534e+02 -1.5666120052426785e+02
1.8179533333333335e+00 1.5810086426342622e+02 -1.5668565333029707e+02
1.8189500000000001e+00 1.5825703982904483e+02 -1.5671013051978301e+02
1.8199466666666668e+00 1.5841323980242552e+02 -1.5673463211701872e+02
1.8209433333333336e+00 1.5856946420790680e+02 -1.5675915814638140e+02
1.8219400000000001e+00 1.5872571306985145e+02 -1.5678370863221471e+02
1.8229366666666669e+00 1.5888198641264660e+02 -1.5680828359883245e+02
1.8239333333333334e+00 1.5903828426070356e+02 -1.5683288307073047e+02
1.8249300000000002e+00 1.5919460663845820e+02 -1.5685750707234445e+02
1.8259266666666669e+00 1.5935095357037059e+02 -1.5688215562809438e+02
1.8269233333333335e+00 1.5950732508092523e+02 -1.5690682876249500e+02
1.8279200000000002e+00 1.5966372119463108e+02 -1.5693152650004544e+02
1.8289166666666667e+00 1.5982014193602143e+02 -1.5695624886525582e+02
1.8299133333333335e+00 1.5997658732965417e+02 -1.5698099588270441e+02
1.8309100000000003e+00 1.6013305740011160e+02 -1.5700576757701083e+02
1.8319066666666668e+00 1.6028955217200053e+02 -1.5703056397271834e+02
1.8329033333333336e+00 1.6044607166995237e+02 -1.5705538509449713e+02
1.8339000000000001e+00 1.6060261591862300e+02 -1.5708023096698574e+02
1.8348966666666668e+00 1.6075918494269297e+02 -1.5710510161484785e+02
1.8358933333333336e+00 1.6091577876686736e+02 -1.5712999706286007e+02
1.8368900000000001e+00 1.6107239741587594e+02 -1.5715491733567961e+02
1.8378866666666669e+00 1.6122904091447316e+02 -1.5717986245806230e+02
1.8388833333333334e+00 1.6138570928743806e+02 -1.5720483245483197e+02
1.8398800000000002e+00 1.6154240255957453e+02 -1.5722982735078065e+02
1.8408766666666669e+00 1.6169912075571108e+02 -1.5725484717068497e+02
1.8418733333333335e+00 1.6185586390070094e+02 -1.5727989193947300e+02
1.8428700000000002e+00 1.6201263201942231e+02 -1.5730496168198616e+02
1.8438666666666668e+00 1.6216942513677802e+02 -1.5733005642311954e+02
1.8448633333333335e+00 1.6232624327769582e+02 -1.5735517618782532e+02
1.8458600000000001e+00 1.6248308646712826e+02 -1.5738032100102711e+02
1.8468566666666668e+00 1.6263995473005284e+02 -1.5740549088773091e+02
1.8478533333333336e+00 1.6279684809147190e+02 -1.5743068587291290e+02
1.8488500000000001e+00 1.6295376657641273e+02 -1.5745590598161527e+02
1.8498466666666669e+00 1.6311071020992765e+02 -1.5748115123889323e+02
1.8508433333333334e+00 1.6326767901709380e+02 -1.5750642166982729e+02
1.8518400000000002e+00 1.6342467302301353e+02 -1.5753171729948048e+02
1.8528366666666669e+00 1.6358169225281404e+02 -1.5755703815304275e+02
1.8538333333333334e+00 1.6373873673164766e+02 -1.5758238425562772e+02
1.8548300000000002e+00 1.6389580648469189e+02 -1.5760775563240458e+02
1.8558266666666667e+00 1.6405290153714915e+02 -1.5763315230861073e+02
1.8568233333333335e+00 1.6421002191424716e+02 -1.5765857430946585e+02
1.8578200000000002e+00 1.6436716764123872e+02 -1.5768402166017455e+02
1.8588166666666668e+00 1.6452433874340176e+02 -1.5770949438606394e+02
1.8598133333333335e+00 1.6468153524603952e+02 -1.5773499251243177e+02
1.8608100000000001e+00 1.6483875717448038e+02 -1.5776051606460081e+02
1.8618066666666668e+00 1.6499600455407810e+02 -1.5778606506791928e+02
1.8628033333333336e+00 1.6515327741021159e+02 -1.5781163954776272e+02
1.8638000000000001e+00 1.6531057576828508e+02 -1.5783723952954387e+02
1.8647966666666669e+00 1.6546789965372827e+02 -1.5786286503868874e+02
1.8657933333333334e+00 1.6562524909199604e+02 -1.5788851610067704e+02
1.8667900000000002e+00 1.6578262410856880e+02 -1.5791419274094244e+02
1.8677866666666669e+00 1.6594002472895227e+02 -1.5793989498503163e+02
1.8687833333333335e+00 1.6609745097867759e+02 -1.5796562285844291e+02
1.8697800000000002e+00 1.6625490288330147e+02 -1.5799137638675907e+02
1.8707766666666668e+00 1.6641238046840596e+02 -1.5801715559555970e+02
1.8717733333333335e+00 1.6656988375959881e+02 -1.5804296051044955e+02
1.8727700000000003e+00 1.6672741278251311e+02 -1.5806879115701810e+02
1.8737666666666668e+00 1.6688496756280756e+02 -1.5809464756099169e+02
1.8747633333333336e+00 1.6704254812616657e+02 -1.5812052974802455e+02
1.8757600000000001e+00 1.6720015449829998e+02 -1.5814643774382449e+02
1.8767566666666669e+00 1.6735778670494346e+02 -1.5817237157416739e+02
1.8777533333333336e+00 1.6751544477185820e+02 -1.5819833126472824e+02
1.8787500000000001e+00 1.6767312872483103e+02 -1.5822431684134759e+02
1.8797466666666669e+00 1.6783083858967470e+02 -1.5825032832985062e+02
1.8807433333333334e+00 1.6798857439222749e+02 -1.5827636575604501e+02
1.8817400000000002e+00 1.6814633615835359e+02 -1.5830242914582399e+02
1.8827366666666667e+00 1.6830412391394290e+02 -1.5832851852506650e+02
1.8837333333333335e+00 1.6846193768491119e+02 -1.5835463391964817e+02
1.8847300000000002e+00 1.6861977749720003e+02 -1.5838077535558634e+02
1.8857266666666668e+00 1.6877764337677687e+02 -1.5840694285880696e+02
1.8867233333333335e+00 1.6893553534963507e+02 -1.5843313645529213e+02
1.8877200000000001e+00 1.6909345344179386e+02 -1.5845935617107759e+02
1.8887166666666668e+00 1.6925139767929849e+02 -1.5848560203218159e+02
1.8897133333333336e+00 1.6940936808822013e+02 -1.5851187406473562e+02
1.8907100000000001e+00 1.6956736469465594e+02 -1.5853817229479381e+02
1.8917066666666669e+00 1.6972538752472917e+02 -1.5856449674848091e+02
1.8927033333333334e+00 1.6988343660458904e+02 -1.5859084745194679e+02
1.8937000000000002e+00 1.7004151196041090e+02 -1.5861722443138069e+02
1.8946966666666669e+00 1.7019961361839617e+02 -1.5864362771295694e+02
1.8956933333333335e+00 1.7035774160477237e+02 -1.5867005732292930e+02
1.8966900000000002e+00 1.7051589594579326e+02 -1.5869651328753656e+02
1.8976866666666667e+00 1.7067407666773869e+02 -1.5872299563307115e+02
1.8986833333333335e+00 1.7083228379691479e+02 -1.5874950438585068e+02
1.8996800000000003e+00 1.7099051735965389e+02 -1.5877603957216351e+02
1.9006766666666668e+00 1.7114877738231451e+02 -1.5880260121840604e+02
1.9016733333333335e+00 1.7130706389128159e+02 -1.5882918935093102e+02
1.9026700000000001e+00 1.7146537691296621e+02 -1.5885580399618780e+02
1.9036666666666668e+00 1.7162371647380598e+02 -1.5888244518057951e+02
1.9046633333333336e+00 1.7178208260026474e+02 -1.5890911293062277e+02
1.9056600000000001e+00 1.7194047531883274e+02 -1.5893580727275656e+02
1.9066566666666669e+00 1.7209889465602669e+02 -1.5896252823349056e+02
1.9076533333333334e+00 1.7225734063838965e+02 -1.5898927583940252e+02
1.9086500000000002e+00 1.7241581329249132e+02 -1.5901605011708079e+02
1.9096466666666669e+00 1.7257431264492772e+02 -1.5904285109304212e+02
1.9106433333333335e+00 1.7273283872232139e+02 -1.5906967879396774e+02
1.9116400000000002e+00 1.7289139155132159e+02 -1.5909653324652436e+02
1.9126366666666668e+00 1.7304997115860397e+02 -1.5912341447733229e+02
1.9136333333333335e+00 1.7320857757087089e+02 -1.5915032251313690e+02
1.9146300000000003e+00 1.7336721081485129e+02 -1.5917725738062586e+02
1.9156266666666668e+00 1.7352587091730072e+02 -1.5920421910659468e+02
1.9166233333333336e+00 1.7368455790500158e+02 -1.5923120771782396e+02
1.9176200000000001e+00 1.7384327180476276e+02 -1.5925822324109100e+02
1.9186166666666669e+00 1.7400201264342004e+02 -1.5928526570325857e+02
1.9196133333333334e+00 1.7416078044783586e+02 -1.5931233513118943e+02
1.9206100000000002e+00 1.7431957524489954e+02 -1.5933943155172861e+02
1.9216066666666669e+00 1.7447839706152712e+02 -1.5936655499187776e+02
1.9226033333333334e+00 1.7463724592466150e+02 -1.5939370547850339e+02
1.9236000000000002e+00 1.7479612186127252e+02 -1.5942088303860015e+02
1.9245966666666667e+00 1.7495502489835684e+02 -1.5944808769918762e+02
1.9255933333333335e+00 1.7511395506293809e+02 -1.5947531948725342e+02
1.9265900000000002e+00 1.7527291238206678e+02 -1.5950257842984200e+02
1.9275866666666668e+00 1.7543189688282041e+02 -1.5952986455407645e+02
1.9285833333333335e+00 1.7559090859230358e+02 -1.5955717788703711e+02
1.9295800000000001e+00 1.7574994753764776e+02 -1.5958451845585748e+02
1.9305766666666668e+00 1.7590901374601165e+02 -1.5961188628769634e+02
1.9315733333333336e+00 1.7606810724458086e+02 -1.5963928140969793e+02
1.9325700000000001e+00 1.7622722806056817e+02 -1.5966670384914221e+02
1.9335666666666669e+00 1.7638637622121357e+02 -1.5969415363325203e+02
1.9345633333333334e+00 1.7654555175378411e+02 -1.5972163078927508e+02
1.9355600000000002e+00 1.7670475468557410e+02 -1.5974913534448410e+02
1.9365566666666669e+00 1.7686398504390505e+02 -1.5977666732626579e+02
1.9375533333333335e+00 1.7702324285612565e+02 -1.5980422676192865e+02
1.9385500000000002e+00 1.7718252814961198e+02 -1.5983181367885228e+02
1.9395466666666668e+00 1.7734184095176730e+02 -1.5985942810444126e+02
1.9405433333333335e+00 1.7750118129002229e+02 -1.5988707006609667e+02
1.9415400000000003e+00 1.7766054919183492e+02 -1.5991473959134780e+02
1.9425366666666668e+00 1.7781994468469057e+02 -1.5994243670765991e+02
1.9435333333333336e+00 1.7797936779610205e+02 -1.5997016144244120e+02
1.9445300000000001e+00 1.7813881855360950e+02 -1.5999791382336713e+02
1.9455266666666668e+00 1.7829829698478068e+02 -1.6002569387795282e+02
1.9465233333333336e+00 1.7845780311721069e+02 -1.6005350163377042e+02
1.9475200000000001e+00 1.7861733697852222e+02 -1.6008133711848473e+02
1.9485166666666669e+00 1.7877689859636553e+02 -1.6010920035971782e+02
1.9495133333333334e+00 1.7893648799841839e+02 -1.6013709138517376e+02
1.9505100000000002e+00 1.7909610521238622e+02 -1.6016501022249591e+02
1.9515066666666669e+00 1.7925575026600202e+02 -1.6019295689951312e+02
1.9525033333333335e+00 1.7941542318702648e+02 -1.6022093144391866e+02
1.9535000000000002e+00 1.7957512400324799e+02 -1.6024893388350569e+02
1.9544966666666668e+00 1.7973485274248256e+02 -1.6027696424612085e+02
1.9554933333333335e+00 1.7989460943257407e+02 -1.6030502255956443e+02
1.9564900000000003e+00 1.8005439410139405e+02 -1.6033310885176510e+02
1.9574866666666668e+00 1.8021420677684188e+02 -1.6036122315057287e+02
1.9584833333333336e+00 1.8037404748684474e+02 -1.6038936548392360e+02
1.9594800000000001e+00 1.8053391625935762e+02 -1.6041753587977786e+02
1.9604766666666669e+00 1.8069381312236351e+02 -1.6044573436613919e+02
1.9614733333333334e+00 1.8085373810387316e+02 -1.6047396097099681e+02
1.9624700000000002e+00 1.8101369123192538e+02 -1.6050221572239326e+02
1.9634666666666669e+00 1.8117367253458681e+02 -1.6053049864837143e+02
1.9644633333333335e+00 1.8133368203995212e+02 -1.6055880977706650e+02
1.9654600000000002e+00 1.8149371977614410e+02 -1.6058714913659958e+02
1.9664566666666667e+00 1.8165378577131344e+02 -1.6061551675508815e+02
1.9674533333333335e+00 1.8181388005363900e+02 -1.6064391266073179e+02
1.9684500000000003e+00 1.8197400265132768e+02 -1.6067233688173008e+02
1.9694466666666668e+00 1.8213415359261447e+02 -1.6070078944633229e+02
1.9704433333333335e+00 1.8229433290576264e+02 -1.6072927038277368e+02
1.9714400000000001e+00 1.8245454061906352e+02 -1.6075777971938558e+02
1.9724366666666668e+00 1.8261477676083678e+02 -1.6078631748443874e+02
1.9734333333333336e+00 1.8277504135943019e+02 -1.6081488370633249e+02
1.9744300000000001e+00 1.8293533444321986e+02 -1.6084347841343018e+02
1.9754266666666669e+00 1.8309565604061024e+02 -1.6087210163409526e+02
1.9764233333333334e+00 1.8325600618003395e+02 -1.6090075339680178e+02
1.9774200000000002e+00 1.8341638488995216e+02 -1.6092943373002004e+02
1.9784166666666669e+00 1.8357679219885429e+02 -1.6095814266217795e+02
1.9794133333333335e+00 1.8373722813525814e+02 -1.6098688022185257e+02
1.9804100000000002e+00 1.8389769272771008e+02 -1.6101564643756436e+02
1.9814066666666668e+00 1.8405818600478483e+02 -1.6104444133790136e+02
1.9824033333333335e+00 1.8421870799508571e+02 -1.6107326495147649e+02
1.9834000000000003e+00 1.8437925872724446e+02 -1.6110211730687450e+02
1.9843966666666668e+00 1.8453983822992137e+02 -1.6113099843280077e+02
1.9853933333333336e+00 1.8470044653180543e+02 -1.6115990835791837e+02
1.9863900000000001e+00 1.8486108366161406e+02 -1.6118884711097215e+02
1.9873866666666669e+00 1.8502174964809353e+02 -1.6121781472068898e+02
1.9883833333333336e+00 1.8518244452001858e+02 -1.6124681121585348e+02
1.9893800000000001e+00 1.8534316830619269e+02 -1.6127583662524216e+02
1.9903766666666669e+00 1.8550392103544820e+02 -1.6130489097773196e+02
1.9913733333333334e+00 1.8566470273664598e+02 -1.6133397430215328e+02
1.9923700000000002e+00 1.8582551343867590e+02 -1.6136308662740419e+02
1.9933666666666670e+00 1.8598635317045645e+02 -1.6139222798239751e+02
1.9943633333333335e+00 1.8614722196093504e+02 -1.6142139839608097e+02
1.9953600000000002e+00 1.8630811983908799e+02 -1.6145059789743124e+02
1.9963566666666668e+00 1.8646904683392040e+02 -1.6147982651546411e+02
1.9973533333333335e+00 1.8663000297446644e+02 -1.6150908427920970e+02
1.9983500000000001e+00 1.8679098828978906e+02 -1.6153837121772648e+02
1.9993466666666668e+00 1.8695200280898035e+02 -1.6156768736008740e+02
2.0003433333333334e+00 1.8711304656116127e+02 -1.6159703273544022e+02
2.0013399999999999e+00 1.8727411957548193e+02 -1.6162640737298551e+02
2.0023366666666669e+00 1.8743522188112158e+02 -1.6165581130178623e+02
2.0033333333333334e+00 1.8759635350728826e+02 -1.6168524455110057e+02
2.0043299999999999e+00 1.8775751448321938e+02 -1.6171470715019285e+02
2.0053266666666669e+00 1.8791870483818158e+02 -1.6174419912834361e+02
2.0063233333333335e+00 1.8807992460147040e+02 -1.6177372051479693e+02
2.0073200000000000e+00 1.8824117380241077e+02 -1.6180327133885297e+02
2.0083166666666665e+00 1.8840245247035688e+02 -1.6183285162995520e+02
2.0093133333333335e+00 1.8856376063469222e+02 -1.6186246141746253e+02
2.0103100000000000e+00 1.8872509832482939e+02 -1.6189210073073286e+02
2.0113066666666666e+00 1.8888646557021048e+02 -1.6192176959922332e+02
2.0123033333333331e+00 1.8904786240030688e+02 -1.6195146805246284e+02
2.0133000000000001e+00 1.8920928884461949e+02 -1.6198119611992450e+02
2.0142966666666666e+00 1.8937074493267841e+02 -1.6201095383110879e+02
2.0152933333333332e+00 1.8953223069404331e+02 -1.6204074121556488e+02
2.0162900000000001e+00 1.8969374615830341e+02 -1.6207055830293018e+02
2.0172866666666667e+00 1.8985529135507724e+02 -1.6210040512286218e+02
2.0182833333333332e+00 1.9001686631401304e+02 -1.6213028170490327e+02
2.0192799999999997e+00 1.9017847106478854e+02 -1.6216018807876785e+02
2.0202766666666667e+00 1.9034010563711112e+02 -1.6219012427415714e+02
2.0212733333333333e+00 1.9050177006071760e+02 -1.6222009032085685e+02
2.0222699999999998e+00 1.9066346436537472e+02 -1.6225008624864421e+02
2.0232666666666668e+00 1.9082518858087880e+02 -1.6228011208722802e+02
2.0242633333333333e+00 1.9098694273705570e+02 -1.6231016786645102e+02
2.0252599999999998e+00 1.9114872686376123e+02 -1.6234025361623287e+02
2.0262566666666668e+00 1.9131054099088098e+02 -1.6237036936645367e+02
2.0272533333333334e+00 1.9147238514833015e+02 -1.6240051514698465e+02
2.0282499999999999e+00 1.9163425936605393e+02 -1.6243069098773887e+02
2.0292466666666664e+00 1.9179616367402730e+02 -1.6246089691875864e+02
2.0302433333333334e+00 1.9195809810225529e+02 -1.6249113297007327e+02
2.0312399999999999e+00 1.9212006268077258e+02 -1.6252139917165385e+02
2.0322366666666665e+00 1.9228205743964395e+02 -1.6255169555353405e+02
2.0332333333333334e+00 1.9244408240896422e+02 -1.6258202214589329e+02
2.0342300000000000e+00 1.9260613761885804e+02 -1.6261237897885962e+02
2.0352266666666665e+00 1.9276822309948028e+02 -1.6264276608250935e+02
2.0362233333333335e+00 1.9293033888101584e+02 -1.6267318348705061e+02
2.0372200000000000e+00 1.9309248499367953e+02 -1.6270363122272542e+02
2.0382166666666666e+00 1.9325466146771655e+02 -1.6273410931981738e+02
2.0392133333333331e+00 1.9341686833340214e+02 -1.6276461780852568e+02
2.0402100000000001e+00 1.9357910562104180e+02 -1.6279515671913643e+02
2.0412066666666666e+00 1.9374137336097107e+02 -1.6282572608207695e+02
2.0422033333333331e+00 1.9390367158355591e+02 -1.6285632592769437e+02
2.0432000000000001e+00 1.9406600031919260e+02 -1.6288695628632527e+02
2.0441966666666667e+00 1.9422835959830749e+02 -1.6291761718841127e+02
2.0451933333333332e+00 1.9439074945135746e+02 -1.6294830866444201e+02
2.0461900000000002e+00 1.9455316990882986e+02 -1.6297903074492521e+02
2.0471866666666667e+00 1.9471562100124211e+02 -1.6300978346033108e+02
2.0481833333333332e+00 1.9487810275914234e+02 -1.6304056684117114e+02
2.0491799999999998e+00 1.9504061521310902e+02 -1.6307138091811521e+02
2.0501766666666668e+00 1.9520315839375127e+02 -1.6310222572174897e+02
2.0511733333333333e+00 1.9536573233170844e+02 -1.6313310128265647e+02
2.0521699999999998e+00 1.9552833705765067e+02 -1.6316400763156966e+02
2.0531666666666668e+00 1.9569097260227869e+02 -1.6319494479912476e+02
2.0541633333333333e+00 1.9585363899632361e+02 -1.6322591281611983e+02
2.0551599999999999e+00 1.9601633627054741e+02 -1.6325691171330888e+02
2.0561566666666664e+00 1.9617906445574269e+02 -1.6328794152143286e+02
2.0571533333333334e+00 1.9634182358273281e+02 -1.6331900227134838e+02
2.0581499999999999e+00 1.9650461368237166e+02 -1.6335009399392479e+02
2.0591466666666665e+00 1.9666743478554409e+02 -1.6338121672003655e+02
2.0601433333333334e+00 1.9683028692316577e+02 -1.6341237048057650e+02
2.0611400000000000e+00 1.9699317012618297e+02 -1.6344355530648542e+02
2.0621366666666665e+00 1.9715608442557303e+02 -1.6347477122879434e+02
2.0631333333333335e+00 1.9731902985234422e+02 -1.6350601827851048e+02
2.0641300000000000e+00 1.9748200643753546e+02 -1.6353729648658873e+02
2.0651266666666666e+00 1.9764501421221686e+02 -1.6356860588413932e+02
2.0661233333333331e+00 1.9780805320748942e+02 -1.6359994650231681e+02
2.0671200000000001e+00 1.9797112345448528e+02 -1.6363131837223455e+02
2.0681166666666666e+00 1.9813422498436739e+02 -1.6366272152500432e+02
2.0691133333333331e+00 1.9829735782832992e+02 -1.6369415599184245e+02
2.0701100000000001e+00 1.9846052201759821e+02 -1.6372562180395585e+02
2.0711066666666667e+00 1.9862371758342852e+02 -1.6375711899267017e+02
2.0721033333333332e+00 1.9878694455710848e+02 -1.6378864758924442e+02
2.0731000000000002e+00 1.9895020296995693e+02 -1.6382020762494261e+02
2.0740966666666667e+00 1.9911349285332369e+02 -1.6385179913114740e+02
2.0750933333333332e+00 1.9927681423859011e+02 -1.6388342213926836e+02
2.0760899999999998e+00 1.9944016715716870e+02 -1.6391507668071662e+02
2.0770866666666667e+00 1.9960355164050344e+02 -1.6394676278690523e+02
2.0780833333333333e+00 1.9976696772006937e+02 -1.6397848048928805e+02
2.0790799999999998e+00 1.9993041542737319e+02 -1.6401022981942342e+02
2.0800766666666668e+00 2.0009389479395301e+02 -1.6404201080886068e+02
2.0810733333333333e+00 2.0025740585137814e+02 -1.6407382348911079e+02
2.0820699999999999e+00 2.0042094863124959e+02 -1.6410566789177486e+02
2.0830666666666668e+00 2.0058452316519990e+02 -1.6413754404853051e+02
2.0840633333333334e+00 2.0074812948489296e+02 -1.6416945199107411e+02
2.0850599999999999e+00 2.0091176762202443e+02 -1.6420139175102895e+02
2.0860566666666664e+00 2.0107543760832144e+02 -1.6423336336009140e+02
2.0870533333333334e+00 2.0123913947554291e+02 -1.6426536685010225e+02
2.0880500000000000e+00 2.0140287325547919e+02 -1.6429740225287196e+02
2.0890466666666665e+00 2.0156663897995259e+02 -1.6432946960012973e+02
2.0900433333333335e+00 2.0173043668081704e+02 -1.6436156892373879e+02
2.0910400000000000e+00 2.0189426638995809e+02 -1.6439370025566640e+02
2.0920366666666665e+00 2.0205812813929333e+02 -1.6442586362782086e+02
2.0930333333333331e+00 2.0222202196077208e+02 -1.6445805907206966e+02
2.0940300000000001e+00 2.0238594788637556e+02 -1.6449028662042483e+02
2.0950266666666666e+00 2.0254990594811665e+02 -1.6452254630489645e+02
2.0960233333333331e+00 2.0271389617804041e+02 -1.6455483815758421e+02
2.0970200000000001e+00 2.0287791860822392e+02 -1.6458716221055118e+02
2.0980166666666666e+00 2.0304197327077591e+02 -1.6461951849585012e+02
2.0990133333333332e+00 2.0320606019783739e+02 -1.6465190704562352e+02
2.1000100000000002e+00 2.0337017942158141e+02 -1.6468432789209126e+02
2.1010066666666667e+00 2.0353433097421291e+02 -1.6471678106749155e+02
2.1020033333333332e+00 2.0369851488796917e+02 -1.6474926660398921e+02
2.1029999999999998e+00 2.0386273119511949e+02 -1.6478178453382242e+02
2.1039966666666667e+00 2.0402697992796544e+02 -1.6481433488938825e+02
2.1049933333333333e+00 2.0419126111884063e+02 -1.6484691770301063e+02
2.1059899999999998e+00 2.0435557480011110e+02 -1.6487953300698857e+02
2.1069866666666668e+00 2.0451992100417510e+02 -1.6491218083372749e+02
2.1079833333333333e+00 2.0468429976346306e+02 -1.6494486121572228e+02
2.1089799999999999e+00 2.0484871111043793e+02 -1.6497757418541457e+02
2.1099766666666668e+00 2.0501315507759506e+02 -1.6501031977525258e+02
2.1109733333333334e+00 2.0517763169746189e+02 -1.6504309801778822e+02
2.1119699999999999e+00 2.0534214100259862e+02 -1.6507590894561400e+02
2.1129666666666664e+00 2.0550668302559782e+02 -1.6510875259131015e+02
2.1139633333333334e+00 2.0567125779908463e+02 -1.6514162898745937e+02
2.1149600000000000e+00 2.0583586535571646e+02 -1.6517453816674202e+02
2.1159566666666665e+00 2.0600050572818353e+02 -1.6520748016187028e+02
2.1169533333333335e+00 2.0616517894920869e+02 -1.6524045500557793e+02
2.1179500000000000e+00 2.0632988505154719e+02 -1.6527346273055929e+02
2.1189466666666665e+00 2.0649462406798710e+02 -1.6530650336964078e+02
2.1199433333333335e+00 2.0665939603134925e+02 -1.6533957695562745e+02
2.1209400000000000e+00 2.0682420097448696e+02 -1.6537268352141322e+02
2.1219366666666666e+00 2.0698903893028654e+02 -1.6540582309986144e+02
2.1229333333333331e+00 2.0715390993166702e+02 -1.6543899572386604e+02
2.1239300000000001e+00 2.0731881401158029e+02 -1.6547220142638065e+02
2.1249266666666666e+00 2.0748375120301088e+02 -1.6550544024042765e+02
2.1259233333333332e+00 2.0764872153897653e+02 -1.6553871219904710e+02
2.1269200000000001e+00 2.0781372505252781e+02 -1.6557201733520102e+02
2.1279166666666667e+00 2.0797876177674803e+02 -1.6560535568198310e+02
2.1289133333333332e+00 2.0814383174475370e+02 -1.6563872727259857e+02
2.1299099999999997e+00 2.0830893498969436e+02 -1.6567213214015541e+02
2.1309066666666667e+00 2.0847407154475263e+02 -1.6570557031779259e+02
2.1319033333333333e+00 2.0863924144314396e+02 -1.6573904183876070e+02
2.1328999999999998e+00 2.0880444471811720e+02 -1.6577254673631350e+02
2.1338966666666668e+00 2.0896968140295431e+02 -1.6580608504374115e+02
2.1348933333333333e+00 2.0913495153097026e+02 -1.6583965679432259e+02
2.1358899999999998e+00 2.0930025513551340e+02 -1.6587326202141148e+02
2.1368866666666668e+00 2.0946559224996540e+02 -1.6590690075842622e+02
2.1378833333333334e+00 2.0963096290774098e+02 -1.6594057303877420e+02
2.1388799999999999e+00 2.0979636714228840e+02 -1.6597427889587436e+02
2.1398766666666664e+00 2.0996180498708915e+02 -1.6600801836321975e+02
2.1408733333333334e+00 2.1012727647565825e+02 -1.6604179147430585e+02
2.1418699999999999e+00 2.1029278164154385e+02 -1.6607559826272552e+02
2.1428666666666665e+00 2.1045832051832784e+02 -1.6610943876206022e+02
2.1438633333333335e+00 2.1062389313962558e+02 -1.6614331300588543e+02
2.1448600000000000e+00 2.1078949953908568e+02 -1.6617722102783662e+02
2.1458566666666665e+00 2.1095513975039060e+02 -1.6621116286165218e+02
2.1468533333333335e+00 2.1112081380725633e+02 -1.6624513854106445e+02
2.1478500000000000e+00 2.1128652174343230e+02 -1.6627914809975169e+02
2.1488466666666666e+00 2.1145226359270177e+02 -1.6631319157147496e+02
2.1498433333333331e+00 2.1161803938888161e+02 -1.6634726899015490e+02
2.1508400000000001e+00 2.1178384916582257e+02 -1.6638138038961532e+02
2.1518366666666666e+00 2.1194969295740887e+02 -1.6641552580369120e+02
2.1528333333333332e+00 2.1211557079755872e+02 -1.6644970526629200e+02
2.1538300000000001e+00 2.1228148272022418e+02 -1.6648391881142095e+02
2.1548266666666667e+00 2.1244742875939093e+02 -1.6651816647309866e+02
2.1558233333333332e+00 2.1261340894907883e+02 -1.6655244828524854e+02
2.1568200000000002e+00 2.1277942332334155e+02 -1.6658676428194534e+02
2.1578166666666667e+00 2.1294547191626654e+02 -1.6662111449732367e+02
2.1588133333333333e+00 2.1311155476197550e+02 -1.6665549896550093e+02
2.1598099999999998e+00 2.1327767189462404e+02 -1.6668991772059732e+02
2.1608066666666668e+00 2.1344382334840191e+02 -1.6672437079679321e+02
2.1618033333333333e+00 2.1361000915753274e+02 -1.6675885822836568e+02
2.1627999999999998e+00 2.1377622935627454e+02 -1.6679338004955179e+02
2.1637966666666668e+00 2.1394248397891946e+02 -1.6682793629462603e+02
2.1647933333333333e+00 2.1410877305979355e+02 -1.6686252699789412e+02
2.1657899999999999e+00 2.1427509663325736e+02 -1.6689715219375844e+02
2.1667866666666664e+00 2.1444145473370568e+02 -1.6693181191665298e+02
2.1677833333333334e+00 2.1460784739556766e+02 -1.6696650620092927e+02
2.1687799999999999e+00 2.1477427465330649e+02 -1.6700123508103553e+02
2.1697766666666665e+00 2.1494073654141997e+02 -1.6703599859152229e+02
2.1707733333333334e+00 2.1510723309444032e+02 -1.6707079676696364e+02
2.1717700000000000e+00 2.1527376434693403e+02 -1.6710562964186499e+02
2.1727666666666665e+00 2.1544033033350217e+02 -1.6714049725080511e+02
2.1737633333333335e+00 2.1560693108878039e+02 -1.6717539962841539e+02
2.1747600000000000e+00 2.1577356664743857e+02 -1.6721033680944345e+02
2.1757566666666666e+00 2.1594023704418149e+02 -1.6724530882857667e+02
2.1767533333333331e+00 2.1610694231374842e+02 -1.6728031572050577e+02
2.1777500000000001e+00 2.1627368249091333e+02 -1.6731535751999581e+02
2.1787466666666666e+00 2.1644045761048463e+02 -1.6735043426190867e+02
2.1797433333333331e+00 2.1660726770730571e+02 -1.6738554598110818e+02
2.1807400000000001e+00 2.1677411281625470e+02 -1.6742069271239691e+02
2.1817366666666667e+00 2.1694099297224420e+02 -1.6745587449067935e+02
2.1827333333333332e+00 2.1710790821022195e+02 -1.6749109135099047e+02
2.1837300000000002e+00 2.1727485856517052e+02 -1.6752634332828976e+02
2.1847266666666667e+00 2.1744184407210710e+02 -1.6756163045753868e+02
2.1857233333333332e+00 2.1760886476608403e+02 -1.6759695277379535e+02
2.1867199999999998e+00 2.1777592068218854e+02 -1.6763231031220650e+02
2.1877166666666668e+00 2.1794301185554295e+02 -1.6766770310789406e+02
2.1887133333333333e+00 2.1811013832130433e+02 -1.6770313119594780e+02
2.1897099999999998e+00 2.1827730011466508e+02 -1.6773859461160220e+02
2.1907066666666668e+00 2.1844449727085262e+02 -1.6777409339004495e+02
2.1917033333333333e+00 2.1861172982512934e+02 -1.6780962756660836e+02
2.1926999999999999e+00 2.1877899781279299e+02 -1.6784519717656963e+02
2.1936966666666669e+00 2.1894630126917656e+02 -1.6788080225521620e+02
2.1946933333333334e+00 2.1911364022964796e+02 -1.6791644283793744e+02
2.1956899999999999e+00 2.1928101472961063e+02 -1.6795211896014771e+02
2.1966866666666665e+00 2.1944842480450330e+02 -1.6798783065730751e+02
2.1976833333333334e+00 2.1961587048980007e+02 -1.6802357796486675e+02
2.1986800000000000e+00 2.1978335182101017e+02 -1.6805936091830029e+02
2.1996766666666665e+00 2.1995086883367844e+02 -1.6809517955319876e+02
2.2006733333333335e+00 2.2011842156338525e+02 -1.6813103390516369e+02
2.2016700000000000e+00 2.2028601004574617e+02 -1.6816692400975538e+02
2.2026666666666666e+00 2.2045363431641249e+02 -1.6820284990261621e+02
2.2036633333333331e+00 2.2062129441107098e+02 -1.6823881161949188e+02
2.2046600000000001e+00 2.2078899036544414e+02 -1.6827480919610332e+02
2.2056566666666666e+00 2.2095672221528980e+02 -1.6831084266815355e+02
2.2066533333333331e+00 2.2112448999640168e+02 -1.6834691207143266e+02
2.2076500000000001e+00 2.2129229374460917e+02 -1.6838301744182738e+02
2.2086466666666666e+00 2.2146013349577726e+02 -1.6841915881522613e+02
2.2096433333333332e+00 2.2162800928580683e+02 -1.6845533622744736e+02
2.2106400000000002e+00 2.2179592115063457e+02 -1.6849154971442084e+02
2.2116366666666667e+00 2.2196386912623282e+02 -1.6852779931219166e+02
2.2126333333333332e+00 2.2213185324860999e+02 -1.6856408505675844e+02
2.2136299999999998e+00 2.2229987355381033e+02 -1.6860040698412365e+02
2.2146266666666667e+00 2.2246793007791410e+02 -1.6863676513037902e+02
2.2156233333333333e+00 2.2263602285703732e+02 -1.6867315953162674e+02
2.2166199999999998e+00 2.2280415192733221e+02 -1.6870959022407018e+02
2.2176166666666668e+00 2.2297231732498713e+02 -1.6874605724389588e+02
2.2186133333333333e+00 2.2314051908622625e+02 -1.6878256062727726e+02
2.2196099999999999e+00 2.2330875724731004e+02 -1.6881910041046044e+02
2.2206066666666668e+00 2.2347703184453516e+02 -1.6885567662981720e+02
2.2216033333333334e+00 2.2364534291423431e+02 -1.6889228932166375e+02
2.2225999999999999e+00 2.2381369049277654e+02 -1.6892893852231222e+02
2.2235966666666664e+00 2.2398207461656710e+02 -1.6896562426817843e+02
2.2245933333333334e+00 2.2415049532204768e+02 -1.6900234659575364e+02
2.2255900000000000e+00 2.2431895264569607e+02 -1.6903910554153919e+02
2.2265866666666665e+00 2.2448744662402666e+02 -1.6907590114196645e+02
2.2275833333333335e+00 2.2465597729359018e+02 -1.6911273343357854e+02
2.2285800000000000e+00 2.2482454469097368e+02 -1.6914960245306224e+02
2.2295766666666665e+00 2.2499314885280086e+02 -1.6918650823699136e+02
2.2305733333333335e+00 2.2516178981573196e+02 -1.6922345082198035e+02
2.2315700000000001e+00 2.2533046761646352e+02 -1.6926043024474461e+02
2.2325666666666666e+00 2.2549918229172891e+02 -1.6929744654206661e+02
2.2335633333333331e+00 2.2566793387829813e+02 -1.6933449975073296e+02
2.2345600000000001e+00 2.2583672241297785e+02 -1.6937158990746315e+02
2.2355566666666666e+00 2.2600554793261119e+02 -1.6940871704910086e+02
2.2365533333333332e+00 2.2617441047407826e+02 -1.6944588121260455e+02
2.2375500000000001e+00 2.2634331007429597e+02 -1.6948308243488847e+02
2.2385466666666667e+00 2.2651224677021784e+02 -1.6952032075283896e+02
2.2395433333333332e+00 2.2668122059883436e+02 -1.6955759620343812e+02
2.2405399999999998e+00 2.2685023159717289e+02 -1.6959490882378608e+02
2.2415366666666667e+00 2.2701927980229786e+02 -1.6963225865095907e+02
2.2425333333333333e+00 2.2718836525131036e+02 -1.6966964572197170e+02
2.2435299999999998e+00 2.2735748798134867e+02 -1.6970707007401066e+02
2.2445266666666668e+00 2.2752664802958813e+02 -1.6974453174421825e+02
2.2455233333333333e+00 2.2769584543324095e+02 -1.6978203076985159e+02
2.2465199999999999e+00 2.2786508022955667e+02 -1.6981956718818279e+02
2.2475166666666668e+00 2.2803435245582199e+02 -1.6985714103642559e+02
2.2485133333333334e+00 2.2820366214936050e+02 -1.6989475235190844e+02
2.2495099999999999e+00 2.2837300934753324e+02 -1.6993240117204093e+02
2.2505066666666664e+00 2.2854239408773850e+02 -1.6997008753422273e+02
2.2515033333333334e+00 2.2871181640741190e+02 -1.7000781147585806e+02
2.2524999999999999e+00 2.2888127634402616e+02 -1.7004557303440370e+02
2.2534966666666665e+00 2.2905077393509157e+02 -1.7008337224740234e+02
2.2544933333333335e+00 2.2922030921815588e+02 -1.7012120915242440e+02
2.2554900000000000e+00 2.2938988223080401e+02 -1.7015908378701224e+02
2.2564866666666665e+00 2.2955949301065857e+02 -1.7019699618876552e+02
2.2574833333333335e+00 2.2972914159537973e+02 -1.7023494639539737e+02
2.2584800000000000e+00 2.2989882802266499e+02 -1.7027293444463538e+02
2.2594766666666666e+00 2.3006855233024964e+02 -1.7031096037413150e+02
2.2604733333333331e+00 2.3023831455590653e+02 -1.7034902422167031e+02
2.2614700000000001e+00 2.3040811473744623e+02 -1.7038712602508386e+02
2.2624666666666666e+00 2.3057795291271680e+02 -1.7042526582225676e+02
2.2634633333333332e+00 2.3074782911960432e+02 -1.7046344365105946e+02
2.2644600000000001e+00 2.3091774339603259e+02 -1.7050165954936205e+02
2.2654566666666667e+00 2.3108769577996298e+02 -1.7053991355513446e+02
2.2664533333333332e+00 2.3125768630939498e+02 -1.7057820570644677e+02
2.2674500000000002e+00 2.3142771502236602e+02 -1.7061653604131178e+02
2.2684466666666667e+00 2.3159778195695111e+02 -1.7065490459774227e+02
2.2694433333333333e+00 2.3176788715126355e+02 -1.7069331141387465e+02
2.2704399999999998e+00 2.3193803064345451e+02 -1.7073175652790715e+02
2.2714366666666668e+00 2.3210821247171336e+02 -1.7077023997804275e+02
2.2724333333333333e+00 2.3227843267426726e+02 -1.7080876180243689e+02
2.2734299999999998e+00 2.3244869128938174e+02 -1.7084732203934465e+02
2.2744266666666668e+00 2.3261898835536044e+02 -1.7088592072714974e+02
2.2754233333333334e+00 2.3278932391054502e+02 -1.7092455790417870e+02
2.2764199999999999e+00 2.3295969799331561e+02 -1.7096323360875780e+02
2.2774166666666669e+00 2.3313011064209056e+02 -1.7100194787929945e+02
2.2784133333333334e+00 2.3330056189532630e+02 -1.7104070075434387e+02
2.2794099999999999e+00 2.3347105179151791e+02 -1.7107949227236969e+02
2.2804066666666665e+00 2.3364158036919875e+02 -1.7111832247181744e+02
2.2814033333333334e+00 2.3381214766694060e+02 -1.7115719139131789e+02
2.2824000000000000e+00 2.3398275372335357e+02 -1.7119609906951140e+02
2.2833966666666665e+00 2.3415339857708645e+02 -1.7123504554503779e+02
2.2843933333333335e+00 2.3432408226682662e+02 -1.7127403085655192e+02
2.2853900000000000e+00 2.3449480483129975e+02 -1.7131305504275096e+02
2.2863866666666666e+00 2.3466556630927036e+02 -1.7135211814246975e+02
2.2873833333333331e+00 2.3483636673954160e+02 -1.7139122019451958e+02
2.2883800000000001e+00 2.3500720616095538e+02 -1.7143036123767411e+02
2.2893766666666666e+00 2.3517808461239201e+02 -1.7146954131081583e+02
2.2903733333333332e+00 2.3534900213277092e+02 -1.7150876045292665e+02
2.2913700000000001e+00 2.3551995876105033e+02 -1.7154801870296112e+02
2.2923666666666667e+00 2.3569095453622705e+02 -1.7158731609985875e+02
2.2933633333333332e+00 2.3586198949733699e+02 -1.7162665268267270e+02
2.2943600000000002e+00 2.3603306368345500e+02 -1.7166602849047155e+02
2.2953566666666667e+00 2.3620417713369466e+02 -1.7170544356240876e+02
2.2963533333333332e+00 2.3637532988720884e+02 -1.7174489793763271e+02
2.2973499999999998e+00 2.3654652198318931e+02 -1.7178439165531114e+02
2.2983466666666668e+00 2.3671775346086699e+02 -1.7182392475464559e+02
2.2993433333333333e+00 2.3688902435951172e+02 -1.7186349727496057e+02
2.3003399999999998e+00 2.3706033471843276e+02 -1.7190310925558001e+02
2.3013366666666668e+00 2.3723168457697852e+02 -1.7194276073580076e+02
2.3023333333333333e+00 2.3740307397453640e+02 -1.7198245175499025e+02
2.3033299999999999e+00 2.3757450295053334e+02 -1.7202218235262899e+02
2.3043266666666669e+00 2.3774597154443560e+02 -1.7206195256819944e+02
2.3053233333333334e+00 2.3791747979574859e+02 -1.7210176244115445e+02
2.3063199999999999e+00 2.3808902774401724e+02 -1.7214161201104139e+02
2.3073166666666665e+00 2.3826061542882593e+02 -1.7218150131748433e+02
2.3083133333333334e+00 2.3843224288979857e+02 -1.7222143040009843e+02
2.3093100000000000e+00 2.3860391016659835e+02 -1.7226139929850774e+02
2.3103066666666665e+00 2.3877561729892821e+02 -1.7230140805244929e+02
2.3113033333333335e+00 2.3894736432653070e+02 -1.7234145670163380e+02
2.3123000000000000e+00 2.3911915128918778e+02 -1.7238154528588481e+02
2.3132966666666666e+00 2.3929097822672134e+02 -1.7242167384503924e+02
2.3142933333333335e+00 2.3946284517899292e+02 -1.7246184241889327e+02
2.3152900000000001e+00 2.3963475218590358e+02 -1.7250205104735613e+02
2.3162866666666666e+00 2.3980669928739442e+02 -1.7254229977043136e+02
2.3172833333333331e+00 2.3997868652344633e+02 -1.7258258862807082e+02
2.3182800000000001e+00 2.4015071393408007e+02 -1.7262291766027494e+02
2.3192766666666667e+00 2.4032278155935612e+02 -1.7266328690706692e+02
2.3202733333333332e+00 2.4049488943937510e+02 -1.7270369640863987e+02
2.3212700000000002e+00 2.4066703761427769e+02 -1.7274414620513244e+02
2.3222666666666667e+00 2.4083922612424431e+02 -1.7278463633661073e+02
2.3232633333333332e+00 2.4101145500949565e+02 -1.7282516684336309e+02
2.3242599999999998e+00 2.4118372431029246e+02 -1.7286573776569813e+02
2.3252566666666667e+00 2.4135603406693579e+02 -1.7290634914388713e+02
2.3262533333333333e+00 2.4152838431976656e+02 -1.7294700101823855e+02
2.3272499999999998e+00 2.4170077510916613e+02 -1.7298769342911640e+02
2.3282466666666668e+00 2.4187320647555617e+02 -1.7302842641700170e+02
2.3292433333333333e+00 2.4204567845939843e+02 -1.7306920002237396e+02
2.3302399999999999e+00 2.4221819110119523e+02 -1.7311001428563989e+02
2.3312366666666668e+00 2.4239074444148926e+02 -1.7315086924739472e+02
2.3322333333333334e+00 2.4256333852086340e+02 -1.7319176494826056e+02
2.3332299999999999e+00 2.4273597337994130e+02 -1.7323270142882512e+02
2.3342266666666664e+00 2.4290864905938696e+02 -1.7327367872973906e+02
2.3352233333333334e+00 2.4308136559990504e+02 -1.7331469689171595e+02
2.3362200000000000e+00 2.4325412304224054e+02 -1.7335575595547772e+02
2.3372166666666665e+00 2.4342692142717931e+02 -1.7339685596184430e+02
2.3382133333333335e+00 2.4359976079554795e+02 -1.7343799695168207e+02
2.3392100000000000e+00 2.4377264118821347e+02 -1.7347917896579847e+02
2.3402066666666665e+00 2.4394556264608386e+02 -1.7352040204505616e+02
2.3412033333333335e+00 2.4411852521010789e+02 -1.7356166623050692e+02
2.3422000000000001e+00 2.4429152892127502e+02 -1.7360297156311509e+02
2.3431966666666666e+00 2.4446457382061573e+02 -1.7364431808385316e+02
2.3441933333333331e+00 2.4463765994920135e+02 -1.7368570583382802e+02
2.3451900000000001e+00 2.4481078734814426e+02 -1.7372713485416693e+02
2.3461866666666666e+00 2.4498395605859758e+02 -1.7376860518601967e+02
2.3471833333333332e+00 2.4515716612175575e+02 -1.7381011687056221e+02
2.3481800000000002e+00 2.4533041757885422e+02 -1.7385166994901778e+02
2.3491766666666667e+00 2.4550371047116937e+02 -1.7389326446270701e+02
2.3501733333333332e+00 2.4567704484001899e+02 -1.7393490045294863e+02
2.3511700000000002e+00 2.4585042072676202e+02 -1.7397657796103709e+02
2.3521666666666667e+00 2.4602383817279841e+02 -1.7401829702840718e+02
2.3531633333333333e+00 2.4619729721956963e+02 -1.7406005769653035e+02
2.3541599999999998e+00 2.4637079790855847e+02 -1.7410186000688412e+02
2.3551566666666668e+00 2.4654434028128910e+02 -1.7414370400093827e+02
2.3561533333333333e+00 2.4671792437932680e+02 -1.7418558972027012e+02
2.3571499999999999e+00 2.4689155024427865e+02 -1.7422751720655467e+02
2.3581466666666668e+00 2.4706521791779318e+02 -1.7426948650141438e+02
2.3591433333333334e+00 2.4723892744156018e+02 -1.7431149764648379e+02
2.3601399999999999e+00 2.4741267885731128e+02 -1.7435355068350506e+02
2.3611366666666664e+00 2.4758647220681959e+02 -1.7439564565429799e+02
2.3621333333333334e+00 2.4776030753190005e+02 -1.7443778260070312e+02
2.3631300000000000e+00 2.4793418487440903e+02 -1.7447996156449742e+02
2.3641266666666665e+00 2.4810810427624480e+02 -1.7452218258759805e+02
2.3651233333333335e+00 2.4828206577934748e+02 -1.7456444571195578e+02
2.3661200000000000e+00 2.4845606942569873e+02 -1.7460675097956135e+02
2.3671166666666665e+00 2.4863011525732236e+02 -1.7464909843247455e+02
2.3681133333333335e+00 2.4880420331628409e+02 -1.7469148811268886e+02
2.3691100000000000e+00 2.4897833364469128e+02 -1.7473392006229503e+02
2.3701066666666666e+00 2.4915250628469354e+02 -1.7477639432354835e+02
2.3711033333333331e+00 2.4932672127848249e+02 -1.7481891093859656e+02
2.3721000000000001e+00 2.4950097866829185e+02 -1.7486146994962255e+02
2.3730966666666666e+00 2.4967527849639717e+02 -1.7490407139891673e+02
2.3740933333333332e+00 2.4984962080511647e+02 -1.7494671532883783e+02
2.3750900000000001e+00 2.5002400563680999e+02 -1.7498940178177889e+02
2.3760866666666667e+00 2.5019843303387989e+02 -1.7503213080004460e+02
2.3770833333333332e+00 2.5037290303877089e+02 -1.7507490242609339e+02
2.3780800000000002e+00 2.5054741569397001e+02 -1.7511771670248950e+02
2.3790766666666667e+00 2.5072197104200646e+02 -1.7516057367172291e+02
2.3800733333333333e+00 2.5089656912545206e+02 -1.7520347337633393e+02
2.3810699999999998e+00 2.5107120998692096e+02 -1.7524641585898348e+02
2.3820666666666668e+00 2.5124589366906994e+02 -1.7528940116226823e+02
2.3830633333333333e+00 2.5142062021459805e+02 -1.7533242932893475e+02
2.3840599999999998e+00 2.5159538966624714e+02 -1.7537550040175518e+02
2.3850566666666668e+00 2.5177020206680177e+02 -1.7541861442345066e+02
2.3860533333333334e+00 2.5194505745908879e+02 -1.7546177143685335e+02
2.3870499999999999e+00 2.5211995588597810e+02 -1.7550497148487781e+02
2.3880466666666669e+00 2.5229489739038232e+02 -1.7554821461041649e+02
2.3890433333333334e+00 2.5246988201525659e+02 -1.7559150085640132e+02
2.3900399999999999e+00 2.5264490980359915e+02 -1.7563483026582867e+02
2.3910366666666665e+00 2.5281998079845101e+02 -1.7567820288177307e+02
2.3920333333333335e+00 2.5299509504289622e+02 -1.7572161874733038e+02
2.3930300000000000e+00 2.5317025258006157e+02 -1.7576507790558932e+02
2.3940266666666665e+00 2.5334545345311702e+02 -1.7580858039970667e+02
2.3950233333333335e+00 2.5352069770527561e+02 -1.7585212627294578e+02
2.3960200000000000e+00 2.5369598537979326e+02 -1.7589571556855233e+02
2.3970166666666666e+00 2.5387131651996924e+02 -1.7593934832977914e+02
2.3980133333333331e+00 2.5404669116914587e+02 -1.7598302459998592e+02
2.3990100000000001e+00 2.5422210937070884e+02 -1.7602674442259658e+02
2.4000066666666666e+00 2.5439757116808687e+02 -1.7607050784104209e+02
2.4010033333333332e+00 2.5457307660475217e+02 -1.7611431489874994e+02
2.4020000000000001e+00 2.5474862572422032e+02 -1.7615816563921183e+02
2.4029966666666667e+00 2.5492421857005002e+02 -1.7620206010605821e+02
2.4039933333333332e+00 2.5509985518584372e+02 -1.7624599834290206e+02
2.4049900000000002e+00 2.5527553561524732e+02 -1.7628998039330622e+02
2.4059866666666667e+00 2.5545125990194995e+02 -1.7633400630097276e+02
2.4069833333333333e+00 2.5562702808968459e+02 -1.7637807610971035e+02
2.4079799999999998e+00 2.5580284022222776e+02 -1.7642218986326370e+02
2.4089766666666668e+00 2.5597869634339972e+02 -1.7646634760542756e+02
2.4099733333333333e+00 2.5615459649706412e+02 -1.7651054938004654e+02
2.4109699999999998e+00 2.5633054072712866e+02 -1.7655479523107522e+02
2.4119666666666668e+00 2.5650652907754477e+02 -1.7659908520249047e+02
2.4129633333333333e+00 2.5668256159230748e+02 -1.7664341933816524e+02
2.4139599999999999e+00 2.5685863831545595e+02 -1.7668779768226801e+02
2.4149566666666669e+00 2.5703475929107327e+02 -1.7673222027883273e+02
2.4159533333333334e+00 2.5721092456328620e+02 -1.7677668717194621e+02
2.4169499999999999e+00 2.5738713417626576e+02 -1.7682119840587339e+02
2.4179466666666665e+00 2.5756338817422704e+02 -1.7686575402478658e+02
2.4189433333333334e+00 2.5773968660142907e+02 -1.7691035407285159e+02
2.4199400000000000e+00 2.5791602950217492e+02 -1.7695499859449743e+02
2.4209366666666665e+00 2.5809241692081213e+02 -1.7699968763406355e+02
2.4219333333333335e+00 2.5826884890173238e+02 -1.7704442123586921e+02
2.4229300000000000e+00 2.5844532548937138e+02 -1.7708919944440052e+02
2.4239266666666666e+00 2.5862184672820939e+02 -1.7713402230411086e+02
2.4249233333333335e+00 2.5879841266277100e+02 -1.7717888985954764e+02
2.4259200000000001e+00 2.5897502333762503e+02 -1.7722380215528267e+02
2.4269166666666666e+00 2.5915167879738493e+02 -1.7726875923586562e+02
2.4279133333333331e+00 2.5932837908670854e+02 -1.7731376114603930e+02
2.4289100000000001e+00 2.5950512425029842e+02 -1.7735880793051143e+02
2.4299066666666667e+00 2.5968191433290133e+02 -1.7740389963393932e+02
2.4309033333333332e+00 2.5985874937930896e+02 -1.7744903630117520e+02
2.4319000000000002e+00 2.6003562943435765e+02 -1.7749421797702357e+02
2.4328966666666667e+00 2.6021255454292822e+02 -1.7753944470642682e+02
2.4338933333333332e+00 2.6038952474994647e+02 -1.7758471653427671e+02
2.4348899999999998e+00 2.6056654010038295e+02 -1.7763003350551563e+02
2.4358866666666668e+00 2.6074360063925309e+02 -1.7767539566516521e+02
2.4368833333333333e+00 2.6092070641161689e+02 -1.7772080305828192e+02
2.4378799999999998e+00 2.6109785746257973e+02 -1.7776625573006001e+02
2.4388766666666668e+00 2.6127505383729181e+02 -1.7781175372556078e+02
2.4398733333333333e+00 2.6145229558094820e+02 -1.7785729708995481e+02
2.4408699999999999e+00 2.6162958273878917e+02 -1.7790288586857886e+02
2.4418666666666669e+00 2.6180691535610021e+02 -1.7794852010666540e+02
2.4428633333333334e+00 2.6198429347821167e+02 -1.7799419984949907e+02
2.4438599999999999e+00 2.6216171715049933e+02 -1.7803992514251320e+02
2.4448566666666665e+00 2.6233918641838414e+02 -1.7808569603113509e+02
2.4458533333333334e+00 2.6251670132733250e+02 -1.7813151256081414e+02
2.4468500000000000e+00 2.6269426192285584e+02 -1.7817737477709170e+02
2.4478466666666665e+00 2.6287186825051123e+02 -1.7822328272544698e+02
2.4488433333333335e+00 2.6304952035590111e+02 -1.7826923645151177e+02
2.4498400000000000e+00 2.6322721828467326e+02 -1.7831523600099851e+02
2.4508366666666666e+00 2.6340496208252114e+02 -1.7836128141952889e+02
2.4518333333333335e+00 2.6358275179518375e+02 -1.7840737275287736e+02
2.4528300000000001e+00 2.6376058746844558e+02 -1.7845351004681342e+02
2.4538266666666666e+00 2.6393846914813690e+02 -1.7849969334719808e+02
2.4548233333333331e+00 2.6411639688013366e+02 -1.7854592269988615e+02
2.4558200000000001e+00 2.6429437071035761e+02 -1.7859219815072672e+02
2.4568166666666666e+00 2.6447239068477603e+02 -1.7863851974577418e+02
2.4578133333333332e+00 2.6465045684940230e+02 -1.7868488753104947e+02
2.4588100000000002e+00 2.6482856925029569e+02 -1.7873130155258383e+02
2.4598066666666667e+00 2.6500672793356119e+02 -1.7877776185648889e+02
2.4608033333333332e+00 2.6518493294534994e+02 -1.7882426848887087e+02
2.4618000000000002e+00 2.6536318433185915e+02 -1.7887082149601790e+02
2.4627966666666667e+00 2.6554148213933183e+02 -1.7891742092412716e+02
2.4637933333333333e+00 2.6571982641405737e+02 -1.7896406681943006e+02
2.4647899999999998e+00 2.6589821720237114e+02 -1.7901075922829492e+02
2.4657866666666668e+00 2.6607665455065489e+02 -1.7905749819716965e+02
2.4667833333333333e+00 2.6625513850533639e+02 -1.7910428377247968e+02
2.4677799999999999e+00 2.6643366911288996e+02 -1.7915111600058751e+02
2.4687766666666668e+00 2.6661224641983614e+02 -1.7919799492806678e+02
2.4697733333333334e+00 2.6679087047274169e+02 -1.7924492060154225e+02
2.4707699999999999e+00 2.6696954131822014e+02 -1.7929189306758758e+02
2.4717666666666664e+00 2.6714825900293124e+02 -1.7933891237282759e+02
2.4727633333333334e+00 2.6732702357358147e+02 -1.7938597856399571e+02
2.4737600000000000e+00 2.6750583507692363e+02 -1.7943309168785927e+02
2.4747566666666665e+00 2.6768469355975736e+02 -1.7948025179126554e+02
2.4757533333333335e+00 2.6786359906892903e+02 -1.7952745892095936e+02
2.4767500000000000e+00 2.6804255165133134e+02 -1.7957471312379377e+02
2.4777466666666665e+00 2.6822155135390403e+02 -1.7962201444687253e+02
2.4787433333333335e+00 2.6840059822363378e+02 -1.7966936293714016e+02
2.4797400000000001e+00 2.6857969230755378e+02 -1.7971675864153528e+02
2.4807366666666666e+00 2.6875883365274439e+02 -1.7976420160717302e+02
2.4817333333333331e+00 2.6893802230633275e+02 -1.7981169188124858e+02
2.4827300000000001e+00 2.6911725831549325e+02 -1.7985922951089481e+02
2.4837266666666666e+00 2.6929654172744688e+02 -1.7990681454327833e+02
2.4847233333333332e+00 2.6947587258946209e+02 -1.7995444702575938e+02
2.4857200000000002e+00 2.6965525094885442e+02 -1.8000212700556790e+02
2.4867166666666667e+00 2.6983467685298632e+02 -1.8004985453009871e+02
2.4877133333333332e+00 2.7001415034926782e+02 -1.8009762964685447e+02
2.4887100000000002e+00 2.7019367148515613e+02 -1.8014545240317938e+02
2.4897066666666667e+00 2.7037324030815557e+02 -1.8019332284655371e+02
2.4907033333333333e+00 2.7055285686581800e+02 -1.8024124102460581e+02
2.4916999999999998e+00 2.7073252120574273e+02 -1.8028920698495858e+02
2.4926966666666668e+00 2.7091223337557659e+02 -1.8033722077520133e+02
2.4936933333333333e+00 2.7109199342301361e+02 -1.8038528244298556e+02
2.4946899999999999e+00 2.7127180139579565e+02 -1.8043339203612732e+02
2.4956866666666668e+00 2.7145165734171223e+02 -1.8048154960242732e+02
2.4966833333333334e+00 2.7163156130860028e+02 -1.8052975518970803e+02
2.4976799999999999e+00 2.7181151334434458e+02 -1.8057800884575710e+02
2.4986766666666669e+00 2.7199151349687770e+02 -1.8062631061863169e+02
2.4996733333333334e+00 2.7217156181417988e+02 -1.8067466055632576e+02
2.5006699999999999e+00 2.7235165834427926e+02 -1.8072305870672386e+02
2.5016666666666665e+00 2.7253180313525189e+02 -1.8077150511801923e+02
2.5026633333333335e+00 2.7271199623522182e+02 -1.8081999983828626e+02
2.5036600000000000e+00 2.7289223769236088e+02 -1.8086854291574662e+02
2.5046566666666665e+00 2.7307252755488918e+02 -1.8091713439858705e+02
2.5056533333333335e+00 2.7325286587107485e+02 -1.8096577433506454e+02
2.5066500000000000e+00 2.7343325268923394e+02 -1.8101446277348654e+02
2.5076466666666666e+00 2.7361368805773088e+02 -1.8106319976225095e+02
2.5086433333333331e+00 2.7379417202497837e+02 -1.8111198534980770e+02
2.5096400000000001e+00 2.7397470463943733e+02 -1.8116081958451630e+02
2.5106366666666666e+00 2.7415528594961688e+02 -1.8120970251491235e+02
2.5116333333333332e+00 2.7433591600407465e+02 -1.8125863418963837e+02
2.5126300000000001e+00 2.7451659485141676e+02 -1.8130761465723694e+02
2.5136266666666667e+00 2.7469732254029748e+02 -1.8135664396635767e+02
2.5146233333333332e+00 2.7487809911941991e+02 -1.8140572216567153e+02
2.5156200000000002e+00 2.7505892463753571e+02 -1.8145484930400630e+02
2.5166166666666667e+00 2.7523979914344488e+02 -1.8150402543018282e+02
2.5176133333333333e+00 2.7542072268599640e+02 -1.8155325059291229e+02
2.5186099999999998e+00 2.7560169531408769e+02 -1.8160252484115796e+02
2.5196066666666668e+00 2.7578271707666516e+02 -1.8165184822390708e+02
2.5206033333333333e+00 2.7596378802272380e+02 -1.8170122079017989e+02
2.5215999999999998e+00 2.7614490820130771e+02 -1.8175064258896083e+02
2.5225966666666668e+00 2.7632607766150983e+02 -1.8180011366930609e+02
2.5235933333333334e+00 2.7650729645247173e+02 -1.8184963408040707e+02
2.5245899999999999e+00 2.7668856462338442e+02 -1.8189920387147629e+02
2.5255866666666669e+00 2.7686988222348782e+02 -1.8194882309174116e+02
2.5265833333333334e+00 2.7705124930207074e+02 -1.8199849179045012e+02
2.5275799999999999e+00 2.7723266590847140e+02 -1.8204821001697005e+02
2.5285766666666665e+00 2.7741413209207712e+02 -1.8209797782069208e+02
2.5295733333333335e+00 2.7759564790232463e+02 -1.8214779525105982e+02
2.5305700000000000e+00 2.7777721338869952e+02 -1.8219766235752130e+02
2.5315666666666665e+00 2.7795882860073715e+02 -1.8224757918963101e+02
2.5325633333333335e+00 2.7814049358802225e+02 -1.8229754579704431e+02
2.5335600000000000e+00 2.7832220840018869e+02 -1.8234756222929479e+02
2.5345566666666666e+00 2.7850397308692010e+02 -1.8239762853610793e+02
2.5355533333333335e+00 2.7868578769794959e+02 -1.8244774476716773e+02
2.5365500000000001e+00 2.7886765228305973e+02 -1.8249791097232139e+02
2.5375466666666666e+00 2.7904956689208296e+02 -1.8254812720144912e+02
2.5385433333333332e+00 2.7923153157490128e+02 -1.8259839350428416e+02
2.5395400000000001e+00 2.7941354638144651e+02 -1.8264870993084045e+02
2.5405366666666667e+00 2.7959561136170004e+02 -1.8269907653113660e+02
2.5415333333333332e+00 2.7977772656569334e+02 -1.8274949335515441e+02
2.5425300000000002e+00 2.7995989204350781e+02 -1.8279996045297739e+02
2.5435266666666667e+00 2.8014210784527444e+02 -1.8285047787470938e+02
2.5445233333333332e+00 2.8032437402117449e+02 -1.8290104567062966e+02
2.5455199999999998e+00 2.8050669062143930e+02 -1.8295166389089914e+02
2.5465166666666668e+00 2.8068905769635023e+02 -1.8300233258578879e+02
2.5475133333333333e+00 2.8087147529623860e+02 -1.8305305180563070e+02
2.5485099999999998e+00 2.8105394347148615e+02 -1.8310382160083424e+02
2.5495066666666668e+00 2.8123646227252488e+02 -1.8315464202185387e+02
2.5505033333333333e+00 2.8141903174983679e+02 -1.8320551311910725e+02
2.5514999999999999e+00 2.8160165195395444e+02 -1.8325643494314610e+02
2.5524966666666669e+00 2.8178432293546086e+02 -1.8330740754456767e+02
2.5534933333333334e+00 2.8196704474498927e+02 -1.8335843097404620e+02
2.5544899999999999e+00 2.8214981743322363e+02 -1.8340950528220282e+02
2.5554866666666665e+00 2.8233264105089825e+02 -1.8346063051979723e+02
2.5564833333333334e+00 2.8251551564879821e+02 -1.8351180673758557e+02
2.5574800000000000e+00 2.8269844127775900e+02 -1.8356303398641325e+02
2.5584766666666665e+00 2.8288141798866695e+02 -1.8361431231723103e+02
2.5594733333333335e+00 2.8306444583245928e+02 -1.8366564178092142e+02
2.5604700000000000e+00 2.8324752486012358e+02 -1.8371702242841542e+02
2.5614666666666666e+00 2.8343065512269862e+02 -1.8376845431083481e+02
2.5624633333333335e+00 2.8361383667127410e+02 -1.8381993747929047e+02
2.5634600000000001e+00 2.8379706955699038e+02 -1.8387147198488432e+02
2.5644566666666666e+00 2.8398035383103905e+02 -1.8392305787872209e+02
2.5654533333333331e+00 2.8416368954466265e+02 -1.8397469521216229e+02
2.5664500000000001e+00 2.8434707674915495e+02 -1.8402638403653174e+02
2.5674466666666667e+00 2.8453051549586064e+02 -1.8407812440301794e+02
2.5684433333333332e+00 2.8471400583617572e+02 -1.8412991636311313e+02
2.5694400000000002e+00 2.8489754782154762e+02 -1.8418175996829905e+02
2.5704366666666667e+00 2.8508114150347473e+02 -1.8423365527004850e+02
2.5714333333333332e+00 2.8526478693350703e+02 -1.8428560231985375e+02
2.5724300000000002e+00 2.8544848416324584e+02 -1.8433760116933908e+02
2.5734266666666668e+00 2.8563223324434387e+02 -1.8438965187020543e+02
2.5744233333333333e+00 2.8581603422850543e+02 -1.8444175447412863e+02
2.5754199999999998e+00 2.8599988716748641e+02 -1.8449390903286647e+02
2.5764166666666668e+00 2.8618379211309428e+02 -1.8454611559823064e+02
2.5774133333333333e+00 2.8636774911718805e+02 -1.8459837422203606e+02
2.5784099999999999e+00 2.8655175823167855e+02 -1.8465068495623095e+02
2.5794066666666668e+00 2.8673581950852844e+02 -1.8470304785281070e+02
2.5804033333333334e+00 2.8691993299975201e+02 -1.8475546296376140e+02
2.5813999999999999e+00 2.8710409875741556e+02 -1.8480793034110076e+02
2.5823966666666665e+00 2.8728831683363728e+02 -1.8486045003701454e+02
2.5833933333333334e+00 2.8747258728058745e+02 -1.8491302210368517e+02
2.5843900000000000e+00 2.8765691015048805e+02 -1.8496564659326978e+02
2.5853866666666665e+00 2.8784128549561342e+02 -1.8501832355803009e+02
2.5863833333333335e+00 2.8802571336828998e+02 -1.8507105305033241e+02
2.5873800000000000e+00 2.8821019382089617e+02 -1.8512383512261906e+02
2.5883766666666665e+00 2.8839472690586285e+02 -1.8517666982726573e+02
2.5893733333333335e+00 2.8857931267567312e+02 -1.8522955721666739e+02
2.5903700000000001e+00 2.8876395118286223e+02 -1.8528249734346579e+02
2.5913666666666666e+00 2.8894864248001807e+02 -1.8533549026027760e+02
2.5923633333333331e+00 2.8913338661978088e+02 -1.8538853601965909e+02
2.5933600000000001e+00 2.8931818365484344e+02 -1.8544163467430619e+02
2.5943566666666666e+00 2.8950303363795081e+02 -1.8549478627700353e+02
2.5953533333333332e+00 2.8968793662190097e+02 -1.8554799088055429e+02
2.5963500000000002e+00 2.8987289265954450e+02 -1.8560124853775278e+02
2.5973466666666667e+00 2.9005790180378438e+02 -1.8565455930155468e+02
2.5983433333333332e+00 2.9024296410757671e+02 -1.8570792322493415e+02
2.5993400000000002e+00 2.9042807962393033e+02 -1.8576134036085682e+02
2.6003366666666667e+00 2.9061324840590669e+02 -1.8581481076236389e+02
2.6013333333333333e+00 2.9079847050662039e+02 -1.8586833448258486e+02
2.6023299999999998e+00 2.9098374597923890e+02 -1.8592191157473192e+02
2.6033266666666668e+00 2.9116907487698290e+02 -1.8597554209201462e+02
2.6043233333333333e+00 2.9135445725312576e+02 -1.8602922608767386e+02
2.6053199999999999e+00 2.9153989316099427e+02 -1.8608296361502565e+02
2.6063166666666668e+00 2.9172538265396832e+02 -1.8613675472749210e+02
2.6073133333333334e+00 2.9191092578548097e+02 -1.8619059947851372e+02
2.6083099999999999e+00 2.9209652260901862e+02 -1.8624449792154900e+02
2.6093066666666669e+00 2.9228217317812113e+02 -1.8629845011010585e+02
2.6103033333333334e+00 2.9246787754638137e+02 -1.8635245609779568e+02
2.6113000000000000e+00 2.9265363576744602e+02 -1.8640651593834670e+02
2.6122966666666665e+00 2.9283944789501516e+02 -1.8646062968537026e+02
2.6132933333333335e+00 2.9302531398284242e+02 -1.8651479739258963e+02
2.6142900000000000e+00 2.9321123408473477e+02 -1.8656901911390133e+02
2.6152866666666665e+00 2.9339720825455322e+02 -1.8662329490316296e+02
2.6162833333333335e+00 2.9358323654621245e+02 -1.8667762481425333e+02
2.6172800000000001e+00 2.9376931901368056e+02 -1.8673200890109769e+02
2.6182766666666666e+00 2.9395545571097978e+02 -1.8678644721779455e+02
2.6192733333333331e+00 2.9414164669218610e+02 -1.8684093981841181e+02
2.6202700000000001e+00 2.9432789201142958e+02 -1.8689548675701491e+02
2.6212666666666666e+00 2.9451419172289394e+02 -1.8695008808784254e+02
2.6222633333333332e+00 2.9470054588081712e+02 -1.8700474386512292e+02
2.6232600000000001e+00 2.9488695453949128e+02 -1.8705945414316287e+02
2.6242566666666667e+00 2.9507341775326245e+02 -1.8711421897628671e+02
2.6252533333333332e+00 2.9525993557653101e+02 -1.8716903841889339e+02
2.6262500000000002e+00 2.9544650806375165e+02 -1.8722391252540405e+02
2.6272466666666667e+00 2.9563313526943307e+02 -1.8727884135039957e+02
2.6282433333333333e+00 2.9581981724813863e+02 -1.8733382494846342e+02
2.6292399999999998e+00 2.9600655405448600e+02 -1.8738886337411944e+02
2.6302366666666668e+00 2.9619334574314735e+02 -1.8744395668200363e+02
2.6312333333333333e+00 2.9638019236884912e+02 -1.8749910492698231e+02
2.6322299999999998e+00 2.9656709398637270e+02 -1.8755430816385348e+02
2.6332266666666668e+00 2.9675405065055395e+02 -1.8760956644729498e+02
2.6342233333333334e+00 2.9694106241628322e+02 -1.8766487983223013e+02
2.6352199999999999e+00 2.9712812933850580e+02 -1.8772024837371336e+02
2.6362166666666669e+00 2.9731525147222192e+02 -1.8777567212670800e+02
2.6372133333333334e+00 2.9750242887248623e+02 -1.8783115114619420e+02
2.6382099999999999e+00 2.9768966159440856e+02 -1.8788668548729683e+02
2.6392066666666665e+00 2.9787694969315368e+02 -1.8794227520528128e+02
2.6402033333333335e+00 2.9806429322394143e+02 -1.8799792035529723e+02
2.6412000000000000e+00 2.9825169224204643e+02 -1.8805362099258153e+02
2.6421966666666665e+00 2.9843914680279869e+02 -1.8810937717250218e+02
2.6431933333333335e+00 2.9862665696158336e+02 -1.8816518895047886e+02
2.6441900000000000e+00 2.9881422277384064e+02 -1.8822105638194824e+02
2.6451866666666666e+00 2.9900184429506623e+02 -1.8827697952230653e+02
2.6461833333333336e+00 2.9918952158081112e+02 -1.8833295842717325e+02
2.6471800000000001e+00 2.9937725468668151e+02 -1.8838899315221298e+02
2.6481766666666666e+00 2.9956504366833929e+02 -1.8844508375303522e+02
2.6491733333333332e+00 2.9975288858150174e+02 -1.8850123028533307e+02
2.6501700000000001e+00 2.9994078948194175e+02 -1.8855743280488377e+02
2.6511666666666667e+00 3.0012874642548763e+02 -1.8861369136749457e+02
2.6521633333333332e+00 3.0031675946802363e+02 -1.8867000602916045e+02
2.6531600000000002e+00 3.0050482866548970e+02 -1.8872637684572922e+02
2.6541566666666667e+00 3.0069295407388125e+02 -1.8878280387320780e+02
2.6551533333333333e+00 3.0088113574924989e+02 -1.8883928716763307e+02
2.6561499999999998e+00 3.0106937374770303e+02 -1.8889582678515453e+02
2.6571466666666668e+00 3.0125766812540405e+02 -1.8895242278194874e+02
2.6581433333333333e+00 3.0144601893857208e+02 -1.8900907521413671e+02
2.6591399999999998e+00 3.0163442624348255e+02 -1.8906578413805534e+02
2.6601366666666668e+00 3.0182289009646712e+02 -1.8912254961009447e+02
2.6611333333333334e+00 3.0201141055391327e+02 -1.8917937168660328e+02
2.6621299999999999e+00 3.0219998767226502e+02 -1.8923625042394710e+02
2.6631266666666669e+00 3.0238862150802254e+02 -1.8929318587868693e+02
2.6641233333333334e+00 3.0257731211774222e+02 -1.8935017810740004e+02
2.6651199999999999e+00 3.0276605955803711e+02 -1.8940722716672195e+02
2.6661166666666665e+00 3.0295486388557657e+02 -1.8946433311322988e+02
2.6671133333333334e+00 3.0314372515708658e+02 -1.8952149600367105e+02
2.6681100000000000e+00 3.0333264342934933e+02 -1.8957871589490782e+02
2.6691066666666665e+00 3.0352161875920405e+02 -1.8963599284373302e+02
2.6701033333333335e+00 3.0371065120354655e+02 -1.8969332690702171e+02
2.6711000000000000e+00 3.0389974081932917e+02 -1.8975071814172179e+02
2.6720966666666666e+00 3.0408888766356120e+02 -1.8980816660488264e+02
2.6730933333333335e+00 3.0427809179330887e+02 -1.8986567235357904e+02
2.6740900000000001e+00 3.0446735326569507e+02 -1.8992323544487297e+02
2.6750866666666666e+00 3.0465667213789982e+02 -1.8998085593591304e+02
2.6760833333333331e+00 3.0484604846716007e+02 -1.9003853388407489e+02
2.6770800000000001e+00 3.0503548231077008e+02 -1.9009626934661932e+02
2.6780766666666667e+00 3.0522497372608086e+02 -1.9015406238080797e+02
2.6790733333333332e+00 3.0541452277050092e+02 -1.9021191304406057e+02
2.6800700000000002e+00 3.0560412950149589e+02 -1.9026982139385146e+02
2.6810666666666667e+00 3.0579379397658857e+02 -1.9032778748784142e+02
2.6820633333333332e+00 3.0598351625335943e+02 -1.9038581138347880e+02
2.6830600000000002e+00 3.0617329638944619e+02 -1.9044389313835191e+02
2.6840566666666668e+00 3.0636313444254387e+02 -1.9050203281026424e+02
2.6850533333333333e+00 3.0655303047040530e+02 -1.9056023045693451e+02
2.6860499999999998e+00 3.0674298453084083e+02 -1.9061848613619458e+02
2.6870466666666668e+00 3.0693299668171852e+02 -1.9067679990587590e+02
2.6880433333333333e+00 3.0712306698096381e+02 -1.9073517182386738e+02
2.6890399999999999e+00 3.0731319548656023e+02 -1.9079360194821575e+02
2.6900366666666669e+00 3.0750338225654912e+02 -1.9085209033699471e+02
2.6910333333333334e+00 3.0769362734902938e+02 -1.9091063704826422e+02
2.6920299999999999e+00 3.0788393082215822e+02 -1.9096924214009945e+02
2.6930266666666669e+00 3.0807429273415073e+02 -1.9102790567080223e+02
2.6940233333333334e+00 3.0826471314327983e+02 -1.9108662769868926e+02
2.6950200000000000e+00 3.0845519210787688e+02 -1.9114540828202087e+02
2.6960166666666665e+00 3.0864572968633121e+02 -1.9120424747917059e+02
2.6970133333333335e+00 3.0883632593709046e+02 -1.9126314534859765e+02
2.6980100000000000e+00 3.0902698091866034e+02 -1.9132210194887534e+02
2.6990066666666666e+00 3.0921769468960520e+02 -1.9138111733850630e+02
2.7000033333333335e+00 3.0940846730854770e+02 -1.9144019157613482e+02
2.7010000000000001e+00 3.0959929883416879e+02 -1.9149932472041982e+02
2.7019966666666666e+00 3.0979018932520808e+02 -1.9155851683007759e+02
2.7029933333333331e+00 3.0998113884046376e+02 -1.9161776796399516e+02
2.7039900000000001e+00 3.1017214743879276e+02 -1.9167707818100246e+02
2.7049866666666667e+00 3.1036321517911034e+02 -1.9173644753990115e+02
2.7059833333333332e+00 3.1055434212039074e+02 -1.9179587609976369e+02
2.7069800000000002e+00 3.1074552832166717e+02 -1.9185536391969106e+02
2.7079766666666667e+00 3.1093677384203136e+02 -1.9191491105865583e+02
2.7089733333333332e+00 3.1112807874063418e+02 -1.9197451757581618e+02
2.7099700000000002e+00 3.1131944307668556e+02 -1.9203418353047255e+02
2.7109666666666667e+00 3.1151086690945414e+02 -1.9209390898182582e+02
2.7119633333333333e+00 3.1170235029826802e+02 -1.9215369398919083e+02
2.7129599999999998e+00 3.1189389330251424e+02 -1.9221353861196783e+02
2.7139566666666668e+00 3.1208549598163921e+02 -1.9227344290964297e+02
2.7149533333333333e+00 3.1227715839514843e+02 -1.9233340694170226e+02
2.7159499999999999e+00 3.1246888060260693e+02 -1.9239343076767412e+02
2.7169466666666668e+00 3.1266066266363907e+02 -1.9245351444720171e+02
2.7179433333333334e+00 3.1285250463792852e+02 -1.9251365803999897e+02
2.7189399999999999e+00 3.1304440658521867e+02 -1.9257386160582257e+02
2.7199366666666669e+00 3.1323636856531249e+02 -1.9263412520440116e+02
2.7209333333333334e+00 3.1342839063807230e+02 -1.9269444889559151e+02
2.7219300000000000e+00 3.1362047286342039e+02 -1.9275483273939236e+02
2.7229266666666665e+00 3.1381261530133872e+02 -1.9281527679583172e+02
2.7239233333333335e+00 3.1400481801186925e+02 -1.9287578112479497e+02
2.7249200000000000e+00 3.1419708105511336e+02 -1.9293634578648104e+02
2.7259166666666665e+00 3.1438940449123271e+02 -1.9299697084101697e+02
2.7269133333333335e+00 3.1458178838044893e+02 -1.9305765634861646e+02
2.7279100000000001e+00 3.1477423278304349e+02 -1.9311840236964952e+02
2.7289066666666666e+00 3.1496673775935824e+02 -1.9317920896438554e+02
2.7299033333333336e+00 3.1515930336979517e+02 -1.9324007619320957e+02
2.7309000000000001e+00 3.1535192967481618e+02 -1.9330100411660564e+02
2.7318966666666666e+00 3.1554461673494382e+02 -1.9336199279511430e+02
2.7328933333333332e+00 3.1573736461076084e+02 -1.9342304228927659e+02
2.7338900000000002e+00 3.1593017336291052e+02 -1.9348415265977670e+02
2.7348866666666667e+00 3.1612304305209636e+02 -1.9354532396732696e+02
2.7358833333333332e+00 3.1631597373908261e+02 -1.9360655627265268e+02
2.7368800000000002e+00 3.1650896548469410e+02 -1.9366784963656696e+02
2.7378766666666667e+00 3.1670201834981611e+02 -1.9372920411998157e+02
2.7388733333333333e+00 3.1689513239539485e+02 -1.9379061978389319e+02
2.7398699999999998e+00 3.1708830768243729e+02 -1.9385209668924196e+02
2.7408666666666668e+00 3.1728154427201122e+02 -1.9391363489711168e+02
2.7418633333333333e+00 3.1747484222524508e+02 -1.9397523446861373e+02
2.7428599999999999e+00 3.1766820160332861e+02 -1.9403689546495801e+02
2.7438566666666668e+00 3.1786162246751252e+02 -1.9409861794741425e+02
2.7448533333333334e+00 3.1805510487910828e+02 -1.9416040197726477e+02
2.7458499999999999e+00 3.1824864889948884e+02 -1.9422224761586207e+02
2.7468466666666669e+00 3.1844225459008828e+02 -1.9428415492467553e+02
2.7478433333333334e+00 3.1863592201240175e+02 -1.9434612396524420e+02
2.7488400000000000e+00 3.1882965122798589e+02 -1.9440815479902071e+02
2.7498366666666665e+00 3.1902344229845875e+02 -1.9447024748768675e+02
2.7508333333333335e+00 3.1921729528549980e+02 -1.9453240209292525e+02
2.7518300000000000e+00 3.1941121025084982e+02 -1.9459461867644637e+02
2.7528266666666665e+00 3.1960518725631141e+02 -1.9465689730008711e+02
2.7538233333333335e+00 3.1979922636374886e+02 -1.9471923802571621e+02
2.7548200000000000e+00 3.1999332763508772e+02 -1.9478164091518656e+02
2.7558166666666666e+00 3.2018749113231564e+02 -1.9484410603053450e+02
2.7568133333333336e+00 3.2038171691748215e+02 -1.9490663343385725e+02
2.7578100000000001e+00 3.2057600505269829e+02 -1.9496922318717861e+02
2.7588066666666666e+00 3.2077035560013729e+02 -1.9503187535272099e+02
2.7598033333333332e+00 3.2096476862203440e+02 -1.9509458999273633e+02
2.7608000000000001e+00 3.2115924418068698e+02 -1.9515736716947816e+02
2.7617966666666667e+00 3.2135378233845415e+02 -1.9522020694534112e+02
2.7627933333333332e+00 3.2154838315775760e+02 -1.9528310938270346e+02
2.7637900000000002e+00 3.2174304670108120e+02 -1.9534607454409047e+02
2.7647866666666667e+00 3.2193777303097085e+02 -1.9540910249206769e+02
2.7657833333333333e+00 3.2213256221003513e+02 -1.9547219328915602e+02
2.7667800000000002e+00 3.2232741430094501e+02 -1.9553534699808040e+02
2.7677766666666668e+00 3.2252232936643367e+02 -1.9559856368160604e+02
2.7687733333333333e+00 3.2271730746929722e+02 -1.9566184340249691e+02
2.7697699999999998e+00 3.2291234867239422e+02 -1.9572518622360383e+02
2.7707666666666668e+00 3.2310745303864599e+02 -1.9578859220786498e+02
2.7717633333333334e+00 3.2330262063103629e+02 -1.9585206141818827e+02
2.7727599999999999e+00 3.2349785151261199e+02 -1.9591559391772154e+02
2.7737566666666669e+00 3.2369314574648291e+02 -1.9597918976961782e+02
2.7747533333333334e+00 3.2388850339582149e+02 -1.9604284903692755e+02
2.7757499999999999e+00 3.2408392452386335e+02 -1.9610657178287070e+02
2.7767466666666665e+00 3.2427940919390710e+02 -1.9617035807083985e+02
2.7777433333333335e+00 3.2447495746931463e+02 -1.9623420796420126e+02
2.7787400000000000e+00 3.2467056941351069e+02 -1.9629812152631902e+02
2.7797366666666665e+00 3.2486624508998358e+02 -1.9636209882065447e+02
2.7807333333333335e+00 3.2506198456228486e+02 -1.9642613991084548e+02
2.7817300000000000e+00 3.2525778789402926e+02 -1.9649024486054159e+02
2.7827266666666666e+00 3.2545365514889517e+02 -1.9655441373326087e+02
2.7837233333333335e+00 3.2564958639062439e+02 -1.9661864659281250e+02
2.7847200000000001e+00 3.2584558168302215e+02 -1.9668294350310265e+02
2.7857166666666666e+00 3.2604164108995758e+02 -1.9674730452786417e+02
2.7867133333333332e+00 3.2623776467536328e+02 -1.9681172973114556e+02
2.7877100000000001e+00 3.2643395250323584e+02 -1.9687621917688381e+02
2.7887066666666667e+00 3.2663020463763525e+02 -1.9694077292904169e+02
2.7897033333333332e+00 3.2682652114268569e+02 -1.9700539105182156e+02
2.7907000000000002e+00 3.2702290208257534e+02 -1.9707007360951775e+02
2.7916966666666667e+00 3.2721934752155613e+02 -1.9713482066635004e+02
2.7926933333333332e+00 3.2741585752394428e+02 -1.9719963228654890e+02
2.7936900000000002e+00 3.2761243215412020e+02 -1.9726450853452303e+02
2.7946866666666668e+00 3.2780907147652806e+02 -1.9732944947460612e+02
2.7956833333333333e+00 3.2800577555567668e+02 -1.9739445517147189e+02
2.7966799999999998e+00 3.2820254445613909e+02 -1.9745952568965370e+02
2.7976766666666668e+00 3.2839937824255287e+02 -1.9752466109377295e+02
2.7986733333333333e+00 3.2859627697961980e+02 -1.9758986144861973e+02
2.7996699999999999e+00 3.2879324073210643e+02 -1.9765512681888058e+02
2.8006666666666669e+00 3.2899026956484374e+02 -1.9772045726930659e+02
2.8016633333333334e+00 3.2918736354272721e+02 -1.9778585286483036e+02
2.8026599999999999e+00 3.2938452273071726e+02 -1.9785131367039500e+02
2.8036566666666669e+00 3.2958174719383908e+02 -1.9791683975117940e+02
2.8046533333333334e+00 3.2977903699718257e+02 -1.9798243117228736e+02
2.8056500000000000e+00 3.2997639220590275e+02 -1.9804808799864895e+02
2.8066466666666665e+00 3.3017381288521932e+02 -1.9811381029556739e+02
2.8076433333333335e+00 3.3037129910041733e+02 -1.9817959812840587e+02
2.8086400000000000e+00 3.3056885091684660e+02 -1.9824545156243929e+02
2.8096366666666666e+00 3.3076646839992230e+02 -1.9831137066306661e+02
2.8106333333333335e+00 3.3096415161512488e+02 -1.9837735549586640e+02
2.8116300000000001e+00 3.3116190062799990e+02 -1.9844340612634153e+02
2.8126266666666666e+00 3.3135971550415854e+02 -1.9850952262010634e+02
2.8136233333333331e+00 3.3155759630927724e+02 -1.9857570504283478e+02
2.8146200000000001e+00 3.3175554310909797e+02 -1.9864195346017544e+02
2.8156166666666667e+00 3.3195355596942801e+02 -1.9870826793800200e+02
2.8166133333333332e+00 3.3215163495614064e+02 -1.9877464854219795e+02
2.8176100000000002e+00 3.3234978013517474e+02 -1.9884109533876980e+02
2.8186066666666667e+00 3.3254799157253473e+02 -1.9890760839364847e+02
2.8196033333333332e+00 3.3274626933429107e+02 -1.9897418777294516e+02
2.8206000000000002e+00 3.3294461348658012e+02 -1.9904083354278092e+02
2.8215966666666668e+00 3.3314302409560389e+02 -1.9910754576922889e+02
2.8225933333333333e+00 3.3334150122763066e+02 -1.9917432451870150e+02
2.8235899999999998e+00 3.3354004494899476e+02 -1.9924116985747168e+02
2.8245866666666668e+00 3.3373865532609670e+02 -1.9930808185201522e+02
2.8255833333333333e+00 3.3393733242540304e+02 -1.9937506056883316e+02
2.8265799999999999e+00 3.3413607631344689e+02 -1.9944210607435045e+02
2.8275766666666668e+00 3.3433488705682748e+02 -1.9950921843508732e+02
2.8285733333333334e+00 3.3453376472221032e+02 -1.9957639771785855e+02
2.8295699999999999e+00 3.3473270937632770e+02 -1.9964364398934558e+02
2.8305666666666669e+00 3.3493172108597844e+02 -1.9971095731638235e+02
2.8315633333333334e+00 3.3513079991802772e+02 -1.9977833776584089e+02
2.8325600000000000e+00 3.3532994593940759e+02 -1.9984578540456087e+02
2.8335566666666665e+00 3.3552915921711684e+02 -1.9991330029969927e+02
2.8345533333333335e+00 3.3572843981822115e+02 -1.9998088251813149e+02
2.8355500000000000e+00 3.3592778780985265e+02 -2.0004853212704293e+02
2.8365466666666665e+00 3.3612720325921077e+02 -2.0011624919368498e+02
2.8375433333333335e+00 3.3632668623356204e+02 -2.0018403378534833e+02
2.8385400000000001e+00 3.3652623680023981e+02 -2.0025188596938969e+02
2.8395366666666666e+00 3.3672585502664475e+02 -2.0031980581311723e+02
2.8405333333333336e+00 3.3692554098024470e+02 -2.0038779338396446e+02
2.8415300000000001e+00 3.3712529472857454e+02 -2.0045584874954449e+02
2.8425266666666666e+00 3.3732511633923679e+02 -2.0052397197746697e+02
2.8435233333333332e+00 3.3752500587990130e+02 -2.0059216313528793e+02
2.8445200000000002e+00 3.3772496341830544e+02 -2.0066042229096666e+02
2.8455166666666667e+00 3.3792498902225401e+02 -2.0072874951220203e+02
2.8465133333333332e+00 3.3812508275961954e+02 -2.0079714486681522e+02
2.8475100000000002e+00 3.3832524469834226e+02 -2.0086560842275338e+02
2.8485066666666667e+00 3.3852547490642979e+02 -2.0093414024797187e+02
2.8495033333333333e+00 3.3872577345195799e+02 -2.0100274041067880e+02
2.8504999999999998e+00 3.3892614040307046e+02 -2.0107140897891512e+02
2.8514966666666668e+00 3.3912657582797880e+02 -2.0114014602101102e+02
2.8524933333333333e+00 3.3932707979496251e+02 -2.0120895160517873e+02
2.8534899999999999e+00 3.3952765237236929e+02 -2.0127782579975235e+02
2.8544866666666668e+00 3.3972829362861501e+02 -2.0134676867313561e+02
2.8554833333333334e+00 3.3992900363218348e+02 -2.0141578029379710e+02
2.8564799999999999e+00 3.4012978245162714e+02 -2.0148486073027075e+02
2.8574766666666669e+00 3.4033063015556667e+02 -2.0155401005130236e+02
2.8584733333333334e+00 3.4053154681269115e+02 -2.0162322832561750e+02
2.8594700000000000e+00 3.4073253249175821e+02 -2.0169251562173756e+02
2.8604666666666665e+00 3.4093358726159403e+02 -2.0176187200867298e+02
2.8614633333333335e+00 3.4113471119109340e+02 -2.0183129755521077e+02
2.8624600000000000e+00 3.4133590434921967e+02 -2.0190079233033271e+02
2.8634566666666665e+00 3.4153716680500514e+02 -2.0197035640311427e+02
2.8644533333333335e+00 3.4173849862755100e+02 -2.0203998984267221e+02
2.8654500000000001e+00 3.4193989988602715e+02 -2.0210969271821691e+02
2.8664466666666666e+00 3.4214137064967264e+02 -2.0217946509890891e+02
2.8674433333333336e+00 3.4234291098779556e+02 -2.0224930705403659e+02
2.8684400000000001e+00 3.4254452096977286e+02 -2.0231921865295249e+02
2.8694366666666666e+00 3.4274620066505088e+02 -2.0238919996514761e+02
2.8704333333333332e+00 3.4294795014314514e+02 -2.0245925106017410e+02
2.8714300000000001e+00 3.4314976947364067e+02 -2.0252937200764609e+02
2.8724266666666667e+00 3.4335165872619154e+02 -2.0259956287714454e+02
2.8734233333333332e+00 3.4355361797052160e+02 -2.0266982373842853e+02
2.8744200000000002e+00 3.4375564727642416e+02 -2.0274015466127150e+02
2.8754166666666667e+00 3.4395774671376188e+02 -2.0281055571548242e+02
2.8764133333333333e+00 3.4415991635246729e+02 -2.0288102697101996e+02
2.8774100000000002e+00 3.4436215626254273e+02 -2.0295156849794276e+02
2.8784066666666668e+00 3.4456446651406009e+02 -2.0302218036637353e+02
2.8794033333333333e+00 3.4476684717716142e+02 -2.0309286264637319e+02
2.8803999999999998e+00 3.4496929832205859e+02 -2.0316361540814981e+02
2.8813966666666668e+00 3.4517182001903348e+02 -2.0323443872194517e+02
2.8823933333333334e+00 3.4537441233843788e+02 -2.0330533265813864e+02
2.8833899999999999e+00 3.4557707535069392e+02 -2.0337629728717334e+02
2.8843866666666669e+00 3.4577980912629408e+02 -2.0344733267956454e+02
2.8853833333333334e+00 3.4598261373580078e+02 -2.0351843890589123e+02
2.8863799999999999e+00 3.4618548924984714e+02 -2.0358961603672722e+02
2.8873766666666665e+00 3.4638843573913658e+02 -2.0366086414285110e+02
2.8883733333333335e+00 3.4659145327444315e+02 -2.0373218329490413e+02
2.8893700000000000e+00 3.4679454192661103e+02 -2.0380357356377885e+02
2.8903666666666665e+00 3.4699770176655545e+02 -2.0387503502040298e+02
2.8913633333333335e+00 3.4720093286526236e+02 -2.0394656773583375e+02
2.8923600000000000e+00 3.4740423529378830e+02 -2.0401817178113512e+02
2.8933566666666666e+00 3.4760760912326083e+02 -2.0408984722734840e+02
2.8943533333333336e+00 3.4781105442487842e+02 -2.0416159414564541e+02
2.8953500000000001e+00 3.4801457126991028e+02 -2.0423341260728930e+02
2.8963466666666666e+00 3.4821815972969694e+02 -2.0430530268376631e+02
2.8973433333333332e+00 3.4842181987565010e+02 -2.0437726444636826e+02
2.8983400000000001e+00 3.4862555177925265e+02 -2.0444929796659221e+02
2.8993366666666667e+00 3.4882935551205844e+02 -2.0452140331604366e+02
2.9003333333333332e+00 3.4903323114569315e+02 -2.0459358056639118e+02
2.9013300000000002e+00 3.4923717875185372e+02 -2.0466582978917748e+02
2.9023266666666667e+00 3.4944119840230826e+02 -2.0473815105612215e+02
2.9033233333333333e+00 3.4964529016889679e+02 -2.0481054443926433e+02
2.9043200000000002e+00 3.4984945412353102e+02 -2.0488301001054597e+02
2.9053166666666668e+00 3.5005369033819409e+02 -2.0495554784180101e+02
2.9063133333333333e+00 3.5025799888494106e+02 -2.0502815800505684e+02
2.9073099999999998e+00 3.5046237983589890e+02 -2.0510084057263191e+02
2.9083066666666668e+00 3.5066683326326660e+02 -2.0517359561656559e+02
2.9093033333333334e+00 3.5087135923931470e+02 -2.0524642320906207e+02
2.9102999999999999e+00 3.5107595783638612e+02 -2.0531932342255951e+02
2.9112966666666669e+00 3.5128062912689603e+02 -2.0539229632959899e+02
2.9122933333333334e+00 3.5148537318333155e+02 -2.0546534200261328e+02
2.9132899999999999e+00 3.5169019007825233e+02 -2.0553846051404008e+02
2.9142866666666669e+00 3.5189507988429028e+02 -2.0561165193653497e+02
2.9152833333333334e+00 3.5210004267414945e+02 -2.0568491634275856e+02
2.9162800000000000e+00 3.5230507852060674e+02 -2.0575825380567909e+02
2.9172766666666665e+00 3.5251018749651155e+02 -2.0583166439801448e+02
2.9182733333333335e+00 3.5271536967478596e+02 -2.0590514819265948e+02
2.9192700000000000e+00 3.5292062512842455e+02 -2.0597870526275972e+02
2.9202666666666666e+00 3.5312595393049497e+02 -2.0605233568129449e+02
2.9212633333333335e+00 3.5333135615413767e+02 -2.0612603952131892e+02
2.9222600000000001e+00 3.5353683187256570e+02 -2.0619981685609235e+02
2.9232566666666666e+00 3.5374238115906547e+02 -2.0627366775892528e+02
2.9242533333333331e+00 3.5394800408699638e+02 -2.0634759230313415e+02
2.9252500000000001e+00 3.5415370072979107e+02 -2.0642159056229852e+02
2.9262466666666667e+00 3.5435947116095514e+02 -2.0649566260984921e+02
2.9272433333333332e+00 3.5456531545406779e+02 -2.0656980851930686e+02
2.9282400000000002e+00 3.5477123368278154e+02 -2.0664402836432583e+02
2.9292366666666667e+00 3.5497722592082204e+02 -2.0671832221865037e+02
2.9302333333333332e+00 3.5518329224198874e+02 -2.0679269015605786e+02
2.9312300000000002e+00 3.5538943272015473e+02 -2.0686713225043067e+02
2.9322266666666668e+00 3.5559564742926648e+02 -2.0694164857585545e+02
2.9332233333333333e+00 3.5580193644334452e+02 -2.0701623920621259e+02
2.9342199999999998e+00 3.5600829983648305e+02 -2.0709090421561689e+02
2.9352166666666668e+00 3.5621473768285023e+02 -2.0716564367824733e+02
2.9362133333333333e+00 3.5642125005668788e+02 -2.0724045766821888e+02
2.9372099999999999e+00 3.5662783703231207e+02 -2.0731534625999285e+02
2.9382066666666669e+00 3.5683449868411316e+02 -2.0739030952799405e+02
2.9392033333333334e+00 3.5704123508655533e+02 -2.0746534754662258e+02
2.9401999999999999e+00 3.5724804631417732e+02 -2.0754046039048228e+02
2.9411966666666669e+00 3.5745493244159212e+02 -2.0761564813408361e+02
2.9421933333333334e+00 3.5766189354348683e+02 -2.0769091085205477e+02
2.9431900000000000e+00 3.5786892969462338e+02 -2.0776624861933098e+02
2.9441866666666665e+00 3.5807604096983812e+02 -2.0784166151059753e+02
2.9451833333333335e+00 3.5828322744404210e+02 -2.0791714960088902e+02
2.9461800000000000e+00 3.5849048919222088e+02 -2.0799271296526166e+02
2.9471766666666666e+00 3.5869782628943506e+02 -2.0806835167857543e+02
2.9481733333333335e+00 3.5890523881081992e+02 -2.0814406581599707e+02
2.9491700000000001e+00 3.5911272683158552e+02 -2.0821985545281066e+02
2.9501666666666666e+00 3.5932029042701720e+02 -2.0829572066427551e+02
2.9511633333333336e+00 3.5952792967247530e+02 -2.0837166152575793e+02
2.9521600000000001e+00 3.5973564464339512e+02 -2.0844767811271339e+02
2.9531566666666667e+00 3.5994343541528741e+02 -2.0852377050061827e+02
2.9541533333333332e+00 3.6015130206373817e+02 -2.0859993876515608e+02
2.9551500000000002e+00 3.6035924466440883e+02 -2.0867618298181816e+02
2.9561466666666667e+00 3.6056726329303586e+02 -2.0875250322634497e+02
2.9571433333333332e+00 3.6077535802543167e+02 -2.0882889957467961e+02
2.9581400000000002e+00 3.6098352893748432e+02 -2.0890537210270224e+02
2.9591366666666667e+00 3.6119177610515715e+02 -2.0898192088635298e+02
2.9601333333333333e+00 3.6140009960448964e+02 -2.0905854600159296e+02
2.9611299999999998e+00 3.6160849951159685e+02 -2.0913524752464730e+02
2.9621266666666668e+00 3.6181697590266998e+02 -2.0921202553166358e+02
2.9631233333333333e+00 3.6202552885397580e+02 -2.0928888009880993e+02
2.9641199999999999e+00 3.6223415844185746e+02 -2.0936581130251398e+02
2.9651166666666668e+00 3.6244286474273423e+02 -2.0944281921925503e+02
2.9661133333333334e+00 3.6265164783310138e+02 -2.0951990392554353e+02
2.9671099999999999e+00 3.6286050778953069e+02 -2.0959706549789260e+02
2.9681066666666669e+00 3.6306944468867027e+02 -2.0967430401286711e+02
2.9691033333333334e+00 3.6327845860724432e+02 -2.0975161954717714e+02
2.9701000000000000e+00 3.6348754962205390e+02 -2.0982901217778152e+02
2.9710966666666665e+00 3.6369671780997658e+02 -2.0990648198150444e+02
2.9720933333333335e+00 3.6390596324796667e+02 -2.0998402903529202e+02
2.9730900000000000e+00 3.6411528601305497e+02 -2.1006165341616810e+02
2.9740866666666665e+00 3.6432468618234930e+02 -2.1013935520124406e+02
2.9750833333333335e+00 3.6453416383303437e+02 -2.1021713446771287e+02
2.9760800000000001e+00 3.6474371904237165e+02 -2.1029499129276905e+02
2.9770766666666666e+00 3.6495335188769980e+02 -2.1037292575372382e+02
2.9780733333333336e+00 3.6516306244643471e+02 -2.1045093792819767e+02
2.9790700000000001e+00 3.6537285079606920e+02 -2.1052902789361374e+02
2.9800666666666666e+00 3.6558271701417362e+02 -2.1060719572735812e+02
2.9810633333333332e+00 3.6579266117839558e+02 -2.1068544150733862e+02
2.9820600000000002e+00 3.6600268336646013e+02 -2.1076376531104373e+02
2.9830566666666667e+00 3.6621278365616956e+02 -2.1084216721635238e+02
2.9840533333333332e+00 3.6642296212540413e+02 -2.1092064730123144e+02
2.9850500000000002e+00 3.6663321885212167e+02 -2.1099920564352979e+02
2.9860466666666667e+00 3.6684355391435753e+02 -2.1107784232141196e+02
2.9870433333333333e+00 3.6705396739022513e+02 -2.1115655741295831e+02
2.9880400000000003e+00 3.6726445935791577e+02 -2.1123535099627483e+02
2.9890366666666668e+00 3.6747502989569841e+02 -2.1131422314958294e+02
2.9900333333333333e+00 3.6768567908192034e+02 -2.1139317395132366e+02
2.9910299999999999e+00 3.6789640699500688e+02 -2.1147220347994653e+02
2.9920266666666668e+00 3.6810721371346176e+02 -2.1155131181396686e+02
2.9930233333333334e+00 3.6831809931586662e+02 -2.1163049903191987e+02
2.9940199999999999e+00 3.6852906388088172e+02 -2.1170976521248443e+02
2.9950166666666669e+00 3.6874010748724584e+02 -2.1178911043439419e+02
2.9960133333333334e+00 3.6895123021377583e+02 -2.1186853477638385e+02
2.9970100000000000e+00 3.6916243213936758e+02 -2.1194803831743607e+02
2.9980066666666665e+00 3.6937371334299542e+02 -2.1202762113648524e+02
2.9990033333333335e+00 3.6958507390371261e+02 -2.1210728331264565e+02
3.0000000000000000e+00 3.6979651388458552e+02 -2.1218699268657204e+02
