# x energy force
0.0000000000000000e+00 3.0000124047590383e+01 -4.9961504402689673e+02
1.5707963267948967e-03 2.9221499074372144e+01 -4.9176106239292227e+02
3.1415926535897933e-03 2.8455211106655270e+01 -4.8390708075894810e+02
4.7123889803846897e-03 2.7701260144439750e+01 -4.7605309912497358e+02
6.2831853071795866e-03 2.6959646187725596e+01 -4.6819911749099884e+02
7.8539816339744835e-03 2.6230369236512807e+01 -4.6034513585702462e+02
9.4247779607693795e-03 2.5513429290801373e+01 -4.5249115422305016e+02
1.0995574287564277e-02 2.4808826350591303e+01 -4.4463717258907542e+02
1.2566370614359173e-02 2.4116560415882599e+01 -4.3678319095510119e+02
1.4137166941154069e-02 2.3436631486675253e+01 -4.2892920932112673e+02
1.5707963267948967e-02 2.2769039562969269e+01 -4.2107522768715194e+02
1.7278759594743863e-02 2.2113784644764639e+01 -4.1322124605317771e+02
1.8849555921538759e-02 2.1470866732061388e+01 -4.0536726441920325e+02
2.0420352248333655e-02 2.0840285824859482e+01 -3.9751328278522845e+02
2.1991148575128554e-02 2.0222041923158947e+01 -3.8965930115125423e+02
2.3561944901923450e-02 1.9616135026959768e+01 -3.8180531951727977e+02
2.5132741228718346e-02 1.9022565136261957e+01 -3.7395133788330531e+02
2.6703537555513242e-02 1.8441332251065504e+01 -3.6609735624933080e+02
2.8274333882308138e-02 1.7872436371370412e+01 -3.5824337461535606e+02
2.9845130209103038e-02 1.7315877497176686e+01 -3.5038939298138183e+02
3.1415926535897934e-02 1.6771655628484318e+01 -3.4253541134740738e+02
3.2986722862692830e-02 1.6239770765293311e+01 -3.3468142971343258e+02
3.4557519189487726e-02 1.5720222907603670e+01 -3.2682744807945841e+02
3.6128315516282622e-02 1.5213012055415387e+01 -3.1897346644548395e+02
3.7699111843077518e-02 1.4718138208728469e+01 -3.1111948481150915e+02
3.9269908169872414e-02 1.4235601367542909e+01 -3.0326550317753498e+02
4.0840704496667310e-02 1.3765401531858711e+01 -2.9541152154356047e+02
4.2411500823462213e-02 1.3307538701675876e+01 -2.8755753990958596e+02
4.3982297150257109e-02 1.2862012876994402e+01 -2.7970355827561150e+02
4.5553093477052005e-02 1.2428824057814291e+01 -2.7184957664163670e+02
4.7123889803846901e-02 1.2007972244135541e+01 -2.6399559500766253e+02
4.8694686130641797e-02 1.1599457435958154e+01 -2.5614161337368807e+02
5.0265482457436693e-02 1.1203279633282126e+01 -2.4828763173971328e+02
5.1836278784231589e-02 1.0819438836107462e+01 -2.4043365010573910e+02
5.3407075111026485e-02 1.0447935044434161e+01 -2.3257966847176462e+02
5.4977871437821381e-02 1.0088768258262217e+01 -2.2472568683778985e+02
5.6548667764616277e-02 9.7419384775916384e+00 -2.1687170520381565e+02
5.8119464091411173e-02 9.4074457024224198e+00 -2.0901772356984117e+02
5.9690260418206076e-02 9.0852899327545629e+00 -2.0116374193586637e+02
6.1261056745000972e-02 8.7754711685880675e+00 -1.9330976030189217e+02
6.2831853071795868e-02 8.4779894099229338e+00 -1.8545577866791768e+02
6.4402649398590764e-02 8.1928446567591635e+00 -1.7760179703394294e+02
6.5973445725385660e-02 7.9200369090967540e+00 -1.6974781539996874e+02
6.7544242052180556e-02 7.6595661669357060e+00 -1.6189383376599426e+02
6.9115038378975452e-02 7.4114324302760206e+00 -1.5403985213201949e+02
7.0685834705770348e-02 7.1756356991176968e+00 -1.4618587049804529e+02
7.2256631032565244e-02 6.9521759734607338e+00 -1.3833188886407081e+02
7.3827427359360140e-02 6.7410532533051324e+00 -1.3047790723009635e+02
7.5398223686155036e-02 6.5422675386508935e+00 -1.2262392559612186e+02
7.6969020012949932e-02 6.3558188294980162e+00 -1.1476994396214710e+02
7.8539816339744828e-02 6.1817071258464997e+00 -1.0691596232817290e+02
8.0110612666539724e-02 6.0199324276963457e+00 -9.9061980694198425e+01
8.1681408993334620e-02 5.8704947350475534e+00 -9.1207999060223656e+01
8.3252205320129516e-02 5.7333940479001226e+00 -8.3354017426249456e+01
8.4823001646924426e-02 5.6086303662540526e+00 -7.5500035792274915e+01
8.6393797973719322e-02 5.4962036901093452e+00 -6.7646054158300146e+01
8.7964594300514218e-02 5.3961140194659993e+00 -5.9792072524325945e+01
8.9535390627309114e-02 5.3083613543240151e+00 -5.1938090890351468e+01
9.1106186954104010e-02 5.2329456946833934e+00 -4.4084109256376991e+01
9.2676983280898906e-02 5.1698670405441325e+00 -3.6230127622402506e+01
9.4247779607693802e-02 5.1191253919062341e+00 -2.8376145988427748e+01
9.5818575934488698e-02 5.0807207487696964e+00 -2.0522164354453551e+01
9.7389372261283594e-02 5.0546531111345212e+00 -1.2668182720479070e+01
9.8960168588078490e-02 5.0409224790007068e+00 -4.8142010865043083e+00
1.0053096491487339e-01 5.0388240430161888e+00 3.8495597310298785e-01
1.0210176124166828e-01 5.0394287304447172e+00 3.8495597310298785e-01
1.0367255756846318e-01 5.0400334178732455e+00 3.8495597310327045e-01
1.0524335389525807e-01 5.0406381053017739e+00 3.8495597310298785e-01
1.0681415022205297e-01 5.0412427927303023e+00 3.8495597310298785e-01
1.0838494654884787e-01 5.0418474801588307e+00 3.8495597310327045e-01
1.0995574287564276e-01 5.0424521675873590e+00 3.8495597310298785e-01
1.1152653920243766e-01 5.0430568550158874e+00 3.8495597310298785e-01
1.1309733552923255e-01 5.0436615424444158e+00 3.8495597310327045e-01
1.1466813185602745e-01 5.0442662298729442e+00 3.8495597310298785e-01
1.1623892818282235e-01 5.0448709173014716e+00 3.8495597310298613e-01
1.1780972450961726e-01 5.0454756047300000e+00 3.8495597310326884e-01
1.1938052083641215e-01 5.0460802921585284e+00 3.8495597310298785e-01
1.2095131716320705e-01 5.0466849795870568e+00 3.8495597310298785e-01
1.2252211349000194e-01 5.0472896670155851e+00 3.8495597310298785e-01
1.2409290981679684e-01 5.0478943544441135e+00 3.8495597310298785e-01
1.2566370614359174e-01 5.0484990418726419e+00 3.8495597310327218e-01
1.2723450247038662e-01 5.0491037293011702e+00 3.8495597310298785e-01
1.2880529879718153e-01 5.0497084167296986e+00 3.8495597310298785e-01
1.3037609512397641e-01 5.0503131041582270e+00 3.8495597310327045e-01
1.3194689145077132e-01 5.0509177915867554e+00 3.8495597310298785e-01
1.3351768777756620e-01 5.0515224790152828e+00 3.8495597310298785e-01
1.3508848410436111e-01 5.0521271664438112e+00 3.8495597310298446e-01
1.3665928043115602e-01 5.0527318538723396e+00 3.8495597310298785e-01
1.3823007675795090e-01 5.0533365413008680e+00 3.8495597310327045e-01
1.3980087308474581e-01 5.0539412287293963e+00 3.8495597310298785e-01
1.4137166941154070e-01 5.0545459161579238e+00 3.8495597310298785e-01
1.4294246573833561e-01 5.0551506035864522e+00 3.8495597310327045e-01
1.4451326206513049e-01 5.0557552910149806e+00 3.8495597310298785e-01
1.4608405839192540e-01 5.0563599784435089e+00 3.8495597310298785e-01
1.4765485471872028e-01 5.0569646658720373e+00 3.8495597310327045e-01
1.4922565104551519e-01 5.0575693533005657e+00 3.8495597310298785e-01
1.5079644737231007e-01 5.0581740407290932e+00 3.8495597310298785e-01
1.5236724369910498e-01 5.0587787281576215e+00 3.8495597310327045e-01
1.5393804002589986e-01 5.0593834155861499e+00 3.8495597310298785e-01
1.5550883635269477e-01 5.0599881030146783e+00 3.8495597310298785e-01
1.5707963267948966e-01 5.0605927904432066e+00 3.8495597310327045e-01
1.5865042900628457e-01 5.0611974778717350e+00 3.8495597310298785e-01
1.6022122533307945e-01 5.0618021653002625e+00 3.8495597310298785e-01
1.6179202165987436e-01 5.0624068527287909e+00 3.8495597310327045e-01
1.6336281798666924e-01 5.0630115401573192e+00 3.8495597310298785e-01
1.6493361431346415e-01 5.0636162275858476e+00 3.8495597310298785e-01
1.6650441064025903e-01 5.0642209150143751e+00 3.8495597310298785e-01
1.6807520696705394e-01 5.0648256024429035e+00 3.8495597310298446e-01
1.6964600329384885e-01 5.0654302898714318e+00 3.8495597310327045e-01
1.7121679962064373e-01 5.0660349772999602e+00 3.8495597310298785e-01
1.7278759594743864e-01 5.0666396647284886e+00 3.8495597310298785e-01
1.7435839227423353e-01 5.0672443521570170e+00 3.8495597310327045e-01
1.7592918860102844e-01 5.0678490395855453e+00 3.8495597310298785e-01
1.7749998492782332e-01 5.0684537270140728e+00 3.8495597310298785e-01
1.7907078125461823e-01 5.0690584144426012e+00 3.8495597310327045e-01
1.8064157758141311e-01 5.0696631018711296e+00 3.8495597310298785e-01
1.8221237390820802e-01 5.0702677892996579e+00 3.8495597310298785e-01
1.8378317023500290e-01 5.0708724767281863e+00 3.8495597310327045e-01
1.8535396656179781e-01 5.0714771641567147e+00 3.8495597310298785e-01
1.8692476288859269e-01 5.0720818515852422e+00 3.8495597310298785e-01
1.8849555921538760e-01 5.0726865390137705e+00 3.8495597310298785e-01
1.9006635554218249e-01 5.0732912264422980e+00 3.8495597310298785e-01
1.9163715186897740e-01 5.0738959138708264e+00 3.8495597310327045e-01
1.9320794819577228e-01 5.0745006012993548e+00 3.8495597310298785e-01
1.9477874452256719e-01 5.0751052887278831e+00 3.8495597310298785e-01
1.9634954084936207e-01 5.0757099761564115e+00 3.8495597310327045e-01
1.9792033717615698e-01 5.0763146635849399e+00 3.8495597310298785e-01
1.9949113350295186e-01 5.0769193510134674e+00 3.8495597310298785e-01
2.0106192982974677e-01 5.0775240384419957e+00 3.8495597310326712e-01
2.0263272615654168e-01 5.0781287258705241e+00 3.8495597310298785e-01
2.0420352248333656e-01 5.0787334132990516e+00 3.8495597310298785e-01
2.0577431881013147e-01 5.0793381007275800e+00 3.8495597310327045e-01
2.0734511513692636e-01 5.0799427881561083e+00 3.8495597310298785e-01
2.0891591146372127e-01 5.0805474755846367e+00 3.8495597310298785e-01
2.1048670779051615e-01 5.0811521630131651e+00 3.8495597310327045e-01
2.1205750411731106e-01 5.0817568504416935e+00 3.8495597310298785e-01
2.1362830044410594e-01 5.0823615378702209e+00 3.8495597310298785e-01
2.1519909677090085e-01 5.0829662252987493e+00 3.8495597310298785e-01
2.1676989309769573e-01 5.0835709127272768e+00 3.8495597310298785e-01
2.1834068942449064e-01 5.0841756001558052e+00 3.8495597310327045e-01
2.1991148575128552e-01 5.0847802875843335e+00 3.8495597310298785e-01
2.2148228207808043e-01 5.0853849750128619e+00 3.8495597310298785e-01
2.2305307840487532e-01 5.0859896624413903e+00 3.8495597310327045e-01
2.2462387473167023e-01 5.0865943498699187e+00 3.8495597310298785e-01
2.2619467105846511e-01 5.0871990372984461e+00 3.8495597310298785e-01
2.2776546738526002e-01 5.0878037247269745e+00 3.8495597310327045e-01
2.2933626371205490e-01 5.0884084121555029e+00 3.8495597310298785e-01
2.3090706003884981e-01 5.0890130995840313e+00 3.8495597310298785e-01
2.3247785636564469e-01 5.0896177870125596e+00 3.8495597310327045e-01
2.3404865269243960e-01 5.0902224744410880e+00 3.8495597310298446e-01
2.3561944901923451e-01 5.0908271618696164e+00 3.8495597310298785e-01
2.3719024534602939e-01 5.0914318492981439e+00 3.8495597310298785e-01
2.3876104167282430e-01 5.0920365367266722e+00 3.8495597310298785e-01
2.4033183799961919e-01 5.0926412241552006e+00 3.8495597310327045e-01
2.4190263432641410e-01 5.0932459115837290e+00 3.8495597310298785e-01
2.4347343065320898e-01 5.0938505990122565e+00 3.8495597310298785e-01
2.4504422698000389e-01 5.0944552864407848e+00 3.8495597310327045e-01
2.4661502330679877e-01 5.0950599738693132e+00 3.8495597310298785e-01
2.4818581963359368e-01 5.0956646612978416e+00 3.8495597310298785e-01
2.4975661596038856e-01 5.0962693487263699e+00 3.8495597310327045e-01
2.5132741228718347e-01 5.0968740361548983e+00 3.8495597310298446e-01
2.5289820861397838e-01 5.0974787235834267e+00 3.8495597310299118e-01
2.5446900494077324e-01 5.0980834110119551e+00 3.8495597310327390e-01
2.5603980126756815e-01 5.0986880984404834e+00 3.8495597310298446e-01
2.5761059759436306e-01 5.0992927858690118e+00 3.8495597310298446e-01
2.5918139392115797e-01 5.0998974732975402e+00 3.8495597310327390e-01
2.6075219024795282e-01 5.1005021607260685e+00 3.8495597310299118e-01
2.6232298657474773e-01 5.1011068481545969e+00 3.8495597310298446e-01
2.6389378290154264e-01 5.1017115355831253e+00 3.8495597310298446e-01
2.6546457922833755e-01 5.1023162230116537e+00 3.8495597310299118e-01
2.6703537555513240e-01 5.1029209104401820e+00 3.8495597310327390e-01
2.6860617188192731e-01 5.1035255978687104e+00 3.8495597310298446e-01
2.7017696820872222e-01 5.1041302852972388e+00 3.8495597310298446e-01
2.7174776453551713e-01 5.1047349727257672e+00 3.8495597310326712e-01
2.7331856086231204e-01 5.1053396601542955e+00 3.8495597310299118e-01
2.7488935718910690e-01 5.1059443475828230e+00 3.8495597310299118e-01
2.7646015351590181e-01 5.1065490350113514e+00 3.8495597310326712e-01
2.7803094984269672e-01 5.1071537224398798e+00 3.8495597310298446e-01
2.7960174616949163e-01 5.1077584098684081e+00 3.8495597310299118e-01
2.8117254249628648e-01 5.1083630972969356e+00 3.8495597310299118e-01
2.8274333882308139e-01 5.1089677847254640e+00 3.8495597310298446e-01
2.8431413514987630e-01 5.1095724721539924e+00 3.8495597310326712e-01
2.8588493147667121e-01 5.1101771595825207e+00 3.8495597310299118e-01
2.8745572780346607e-01 5.1107818470110482e+00 3.8495597310299118e-01
2.8902652413026098e-01 5.1113865344395766e+00 3.8495597310326712e-01
2.9059732045705589e-01 5.1119912218681050e+00 3.8495597310298446e-01
2.9216811678385080e-01 5.1125959092966333e+00 3.8495597310299118e-01
2.9373891311064565e-01 5.1132005967251617e+00 3.8495597310327390e-01
2.9530970943744056e-01 5.1138052841536901e+00 3.8495597310298446e-01
2.9688050576423547e-01 5.1144099715822184e+00 3.8495597310298446e-01
2.9845130209103038e-01 5.1150146590107468e+00 3.8495597310327390e-01
3.0002209841782523e-01 5.1156193464392752e+00 3.8495597310299118e-01
3.0159289474462014e-01 5.1162240338678036e+00 3.8495597310298446e-01
3.0316369107141505e-01 5.1168287212963319e+00 3.8495597310326712e-01
3.0473448739820996e-01 5.1174334087248603e+00 3.8495597310298446e-01
3.0630528372500487e-01 5.1180380961533887e+00 3.8495597310299118e-01
3.0787608005179973e-01 5.1186427835819170e+00 3.8495597310327390e-01
3.0944687637859464e-01 5.1192474710104454e+00 3.8495597310298446e-01
3.1101767270538955e-01 5.1198521584389738e+00 3.8495597310298446e-01
3.1258846903218446e-01 5.1204568458675022e+00 3.8495597310299118e-01
3.1415926535897931e-01 5.1210615332960296e+00 3.8495597310299118e-01
3.1573006168577422e-01 5.1216662207245580e+00 3.8495597310326712e-01
3.1730085801256913e-01 5.1222709081530864e+00 3.8495597310298446e-01
3.1887165433936404e-01 5.1228755955816148e+00 3.8495597310299118e-01
3.2044245066615890e-01 5.1234802830101431e+00 3.8495597310327390e-01
3.2201324699295381e-01 5.1240849704386715e+00 3.8495597310298446e-01
3.2358404331974872e-01 5.1246896578671999e+00 3.8495597310298446e-01
3.2515483964654363e-01 5.1252943452957282e+00 3.8495597310327390e-01
3.2672563597333848e-01 5.1258990327242566e+00 3.8495597310299118e-01
3.2829643230013339e-01 5.1265037201527850e+00 3.8495597310298446e-01
3.2986722862692830e-01 5.1271084075813134e+00 3.8495597310298446e-01
3.3143802495372321e-01 5.1277130950098417e+00 3.8495597310299118e-01
3.3300882128051806e-01 5.1283177824383701e+00 3.8495597310327390e-01
3.3457961760731297e-01 5.1289224698668985e+00 3.8495597310298446e-01
3.3615041393410788e-01 5.1295271572954269e+00 3.8495597310298446e-01
3.3772121026090279e-01 5.1301318447239552e+00 3.8495597310326712e-01
3.3929200658769770e-01 5.1307365321524836e+00 3.8495597310299118e-01
3.4086280291449256e-01 5.1313412195810111e+00 3.8495597310299118e-01
3.4243359924128747e-01 5.1319459070095395e+00 3.8495597310326712e-01
3.4400439556808238e-01 5.1325505944380678e+00 3.8495597310298446e-01
3.4557519189487729e-01 5.1331552818665962e+00 3.8495597310299118e-01
3.4714598822167214e-01 5.1337599692951246e+00 3.8495597310327390e-01
3.4871678454846705e-01 5.1343646567236529e+00 3.8495597310298446e-01
3.5028758087526196e-01 5.1349693441521813e+00 3.8495597310298446e-01
3.5185837720205687e-01 5.1355740315807097e+00 3.8495597310327390e-01
3.5342917352885173e-01 5.1361787190092381e+00 3.8495597310299118e-01
3.5499996985564664e-01 5.1367834064377664e+00 3.8495597310298446e-01
3.5657076618244155e-01 5.1373880938662948e+00 3.8495597310298446e-01
3.5814156250923646e-01 5.1379927812948232e+00 3.8495597310299118e-01
3.5971235883603131e-01 5.1385974687233515e+00 3.8495597310327390e-01
3.6128315516282622e-01 5.1392021561518799e+00 3.8495597310298446e-01
3.6285395148962113e-01 5.1398068435804083e+00 3.8495597310298446e-01
3.6442474781641604e-01 5.1404115310089367e+00 3.8495597310327390e-01
3.6599554414321089e-01 5.1410162184374650e+00 3.8495597310299118e-01
3.6756634047000580e-01 5.1416209058659934e+00 3.8495597310298446e-01
3.6913713679680071e-01 5.1422255932945218e+00 3.8495597310326712e-01
3.7070793312359562e-01 5.1428302807230502e+00 3.8495597310298446e-01
3.7227872945039053e-01 5.1434349681515785e+00 3.8495597310299118e-01
3.7384952577718539e-01 5.1440396555801060e+00 3.8495597310299118e-01
3.7542032210398030e-01 5.1446443430086344e+00 3.8495597310298446e-01
3.7699111843077521e-01 5.1452490304371628e+00 3.8495597310326712e-01
3.7856191475757012e-01 5.1458537178656911e+00 3.8495597310299118e-01
3.8013271108436497e-01 5.1464584052942186e+00 3.8495597310299118e-01
3.8170350741115988e-01 5.1470630927227470e+00 3.8495597310326712e-01
3.8327430373795479e-01 5.1476677801512754e+00 3.8495597310298446e-01
3.8484510006474970e-01 5.1482724675798037e+00 3.8495597310299118e-01
3.8641589639154456e-01 5.1488771550083321e+00 3.8495597310327390e-01
3.8798669271833947e-01 5.1494818424368605e+00 3.8495597310298446e-01
3.8955748904513438e-01 5.1500865298653888e+00 3.8495597310298446e-01
3.9112828537192929e-01 5.1506912172939172e+00 3.8495597310327390e-01
3.9269908169872414e-01 5.1512959047224456e+00 3.8495597310299118e-01
3.9426987802551905e-01 5.1519005921509740e+00 3.8495597310298446e-01
3.9584067435231396e-01 5.1525052795795023e+00 3.8495597310326712e-01
3.9741147067910887e-01 5.1531099670080307e+00 3.8495597310299118e-01
3.9898226700590372e-01 5.1537146544365582e+00 3.8495597310299118e-01
4.0055306333269863e-01 5.1543193418650866e+00 3.8495597310326712e-01
4.0212385965949354e-01 5.1549240292936149e+00 3.8495597310298446e-01
4.0369465598628845e-01 5.1555287167221433e+00 3.8495597310298446e-01
4.0526545231308336e-01 5.1561334041506717e+00 3.8495597310299118e-01
4.0683624863987822e-01 5.1567380915791992e+00 3.8495597310299118e-01
4.0840704496667313e-01 5.1573427790077275e+00 3.8495597310326712e-01
4.0997784129346804e-01 5.1579474664362559e+00 3.8495597310298446e-01
4.1154863762026295e-01 5.1585521538647843e+00 3.8495597310299118e-01
4.1311943394705780e-01 5.1591568412933126e+00 3.8495597310327390e-01
4.1469023027385271e-01 5.1597615287218410e+00 3.8495597310298446e-01
4.1626102660064762e-01 5.1603662161503694e+00 3.8495597310298446e-01
4.1783182292744253e-01 5.1609709035788978e+00 3.8495597310327390e-01
4.1940261925423739e-01 5.1615755910074261e+00 3.8495597310299118e-01
4.2097341558103230e-01 5.1621802784359545e+00 3.8495597310298446e-01
4.2254421190782721e-01 5.1627849658644829e+00 3.8495597310326712e-01
4.2411500823462212e-01 5.1633896532930112e+00 3.8495597310299118e-01
4.2568580456141697e-01 5.1639943407215387e+00 3.8495597310299118e-01
4.2725660088821188e-01 5.1645990281500671e+00 3.8495597310298446e-01
4.2882739721500679e-01 5.1652037155785955e+00 3.8495597310298446e-01
4.3039819354180170e-01 5.1658084030071239e+00 3.8495597310327390e-01
4.3196898986859655e-01 5.1664130904356522e+00 3.8495597310299118e-01
4.3353978619539146e-01 5.1670177778641806e+00 3.8495597310298446e-01
4.3511058252218637e-01 5.1676224652927090e+00 3.8495597310326712e-01
4.3668137884898128e-01 5.1682271527212373e+00 3.8495597310298446e-01
4.3825217517577619e-01 5.1688318401497657e+00 3.8495597310299118e-01
4.3982297150257105e-01 5.1694365275782941e+00 3.8495597310327390e-01
4.4139376782936596e-01 5.1700412150068225e+00 3.8495597310298446e-01
4.4296456415616087e-01 5.1706459024353508e+00 3.8495597310298446e-01
4.4453536048295578e-01 5.1712505898638792e+00 3.8495597310327390e-01
4.4610615680975063e-01 5.1718552772924076e+00 3.8495597310299118e-01
4.4767695313654554e-01 5.1724599647209359e+00 3.8495597310298446e-01
4.4924774946334045e-01 5.1730646521494643e+00 3.8495597310298446e-01
4.5081854579013536e-01 5.1736693395779927e+00 3.8495597310299118e-01
4.5238934211693022e-01 5.1742740270065211e+00 3.8495597310327390e-01
4.5396013844372513e-01 5.1748787144350494e+00 3.8495597310298446e-01
4.5553093477052004e-01 5.1754834018635778e+00 3.8495597310298446e-01
4.5710173109731495e-01 5.1760880892921062e+00 3.8495597310327390e-01
4.5867252742410980e-01 5.1766927767206345e+00 3.8495597310299118e-01
4.6024332375090471e-01 5.1772974641491629e+00 3.8495597310298446e-01
4.6181412007769962e-01 5.1779021515776913e+00 3.8495597310326712e-01
4.6338491640449453e-01 5.1785068390062197e+00 3.8495597310299118e-01
4.6495571273128938e-01 5.1791115264347471e+00 3.8495597310299118e-01
4.6652650905808429e-01 5.1797162138632755e+00 3.8495597310326712e-01
4.6809730538487920e-01 5.1803209012918039e+00 3.8495597310298446e-01
4.6966810171167411e-01 5.1809255887203323e+00 3.8495597310298446e-01
4.7123889803846902e-01 5.1815302761488606e+00 3.8495597310299118e-01
4.7280969436526388e-01 5.1821349635773881e+00 3.8495597310299118e-01
4.7438049069205879e-01 5.1827396510059165e+00 3.8495597310326712e-01
4.7595128701885370e-01 5.1833443384344449e+00 3.8495597310298446e-01
4.7752208334564861e-01 5.1839490258629732e+00 3.8495597310299118e-01
4.7909287967244346e-01 5.1845537132915016e+00 3.8495597310327390e-01
4.8066367599923837e-01 5.1851584007200300e+00 3.8495597310298446e-01
4.8223447232603328e-01 5.1857630881485584e+00 3.8495597310298446e-01
4.8380526865282819e-01 5.1863677755770867e+00 3.8495597310327390e-01
4.8537606497962305e-01 5.1869724630056151e+00 3.8495597310299118e-01
4.8694686130641796e-01 5.1875771504341435e+00 3.8495597310298446e-01
4.8851765763321287e-01 5.1881818378626718e+00 3.8495597310326712e-01
4.9008845396000777e-01 5.1887865252912002e+00 3.8495597310299118e-01
4.9165925028680263e-01 5.1893912127197277e+00 3.8495597310299118e-01
4.9323004661359754e-01 5.1899959001482561e+00 3.8495597310326712e-01
4.9480084294039245e-01 5.1906005875767844e+00 3.8495597310298446e-01
4.9637163926718736e-01 5.1912052750053128e+00 3.8495597310299118e-01
4.9794243559398221e-01 5.1918099624338403e+00 3.8495597310299118e-01
4.9951323192077712e-01 5.1924146498623687e+00 3.8495597310298446e-01
5.0108402824757203e-01 5.1930193372908970e+00 3.8495597310326712e-01
5.0265482457436694e-01 5.1936240247194254e+00 3.8495597310298446e-01
5.0422562090116185e-01 5.1942287121479538e+00 3.8495597310298446e-01
5.0579641722795676e-01 5.1948333995764822e+00 3.8495597310326712e-01
5.0736721355475167e-01 5.1954380870050105e+00 3.8495597310299801e-01
5.0893800988154647e-01 5.1960427744335380e+00 3.8495597310299801e-01
5.1050880620834138e-01 5.1966474618620664e+00 3.8495597310326712e-01
5.1207960253513629e-01 5.1972521492905948e+00 3.8495597310298446e-01
5.1365039886193120e-01 5.1978568367191231e+00 3.8495597310298446e-01
5.1522119518872611e-01 5.1984615241476515e+00 3.8495597310326712e-01
5.1679199151552102e-01 5.1990662115761799e+00 3.8495597310298446e-01
5.1836278784231593e-01 5.1996708990047082e+00 3.8495597310298446e-01
5.1993358416911084e-01 5.2002755864332366e+00 3.8495597310299801e-01
5.2150438049590564e-01 5.2008802738617641e+00 3.8495597310299801e-01
5.2307517682270055e-01 5.2014849612902925e+00 3.8495597310326712e-01
5.2464597314949546e-01 5.2020896487188208e+00 3.8495597310298446e-01
5.2621676947629037e-01 5.2026943361473492e+00 3.8495597310298446e-01
5.2778756580308528e-01 5.2032990235758776e+00 3.8495597310326712e-01
5.2935836212988019e-01 5.2039037110044060e+00 3.8495597310298446e-01
5.3092915845667510e-01 5.2045083984329343e+00 3.8495597310298446e-01
5.3249995478347001e-01 5.2051130858614627e+00 3.8495597310328067e-01
5.3407075111026481e-01 5.2057177732899911e+00 3.8495597310299801e-01
5.3564154743705972e-01 5.2063224607185195e+00 3.8495597310298446e-01
5.3721234376385463e-01 5.2069271481470478e+00 3.8495597310326712e-01
5.3878314009064954e-01 5.2075318355755762e+00 3.8495597310298446e-01
5.4035393641744445e-01 5.2081365230041046e+00 3.8495597310298446e-01
5.4192473274423936e-01 5.2087412104326329e+00 3.8495597310326712e-01
5.4349552907103427e-01 5.2093458978611613e+00 3.8495597310298446e-01
5.4506632539782918e-01 5.2099505852896897e+00 3.8495597310298446e-01
5.4663712172462409e-01 5.2105552727182181e+00 3.8495597310299801e-01
5.4820791805141889e-01 5.2111599601467455e+00 3.8495597310299801e-01
5.4977871437821380e-01 5.2117646475752739e+00 3.8495597310326712e-01
5.5134951070500871e-01 5.2123693350038023e+00 3.8495597310298446e-01
5.5292030703180362e-01 5.2129740224323307e+00 3.8495597310298446e-01
5.5449110335859852e-01 5.2135787098608590e+00 3.8495597310326712e-01
5.5606189968539343e-01 5.2141833972893874e+00 3.8495597310298446e-01
5.5763269601218834e-01 5.2147880847179158e+00 3.8495597310298446e-01
5.5920349233898325e-01 5.2153927721464441e+00 3.8495597310328067e-01
5.6077428866577805e-01 5.2159974595749725e+00 3.8495597310299801e-01
5.6234508499257296e-01 5.2166021470035009e+00 3.8495597310298446e-01
5.6391588131936787e-01 5.2172068344320293e+00 3.8495597310326712e-01
5.6548667764616278e-01 5.2178115218605576e+00 3.8495597310298446e-01
5.6705747397295769e-01 5.2184162092890860e+00 3.8495597310298446e-01
5.6862827029975260e-01 5.2190208967176144e+00 3.8495597310298446e-01
5.7019906662654751e-01 5.2196255841461427e+00 3.8495597310298446e-01
5.7176986295334242e-01 5.2202302715746711e+00 3.8495597310326712e-01
5.7334065928013733e-01 5.2208349590031995e+00 3.8495597310299801e-01
5.7491145560693213e-01 5.2214396464317270e+00 3.8495597310299801e-01
5.7648225193372704e-01 5.2220443338602553e+00 3.8495597310326712e-01
5.7805304826052195e-01 5.2226490212887837e+00 3.8495597310298446e-01
5.7962384458731686e-01 5.2232537087173121e+00 3.8495597310298446e-01
5.8119464091411177e-01 5.2238583961458405e+00 3.8495597310326712e-01
5.8276543724090668e-01 5.2244630835743688e+00 3.8495597310298446e-01
5.8433623356770159e-01 5.2250677710028972e+00 3.8495597310298446e-01
5.8590702989449650e-01 5.2256724584314256e+00 3.8495597310328067e-01
5.8747782622129130e-01 5.2262771458599540e+00 3.8495597310299801e-01
5.8904862254808621e-01 5.2268818332884823e+00 3.8495597310298446e-01
5.9061941887488112e-01 5.2274865207170107e+00 3.8495597310326712e-01
5.9219021520167603e-01 5.2280912081455391e+00 3.8495597310298446e-01
5.9376101152847094e-01 5.2286958955740674e+00 3.8495597310298446e-01
5.9533180785526585e-01 5.2293005830025958e+00 3.8495597310298446e-01
5.9690260418206076e-01 5.2299052704311242e+00 3.8495597310298446e-01
5.9847340050885567e-01 5.2305099578596526e+00 3.8495597310328067e-01
6.0004419683565047e-01 5.2311146452881809e+00 3.8495597310299801e-01
6.0161499316244538e-01 5.2317193327167093e+00 3.8495597310298446e-01
6.0318578948924029e-01 5.2323240201452377e+00 3.8495597310326712e-01
6.0475658581603520e-01 5.2329287075737660e+00 3.8495597310298446e-01
6.0632738214283011e-01 5.2335333950022944e+00 3.8495597310298446e-01
6.0789817846962502e-01 5.2341380824308228e+00 3.8495597310326712e-01
6.0946897479641993e-01 5.2347427698593512e+00 3.8495597310298446e-01
6.1103977112321484e-01 5.2353474572878795e+00 3.8495597310298446e-01
6.1261056745000975e-01 5.2359521447164079e+00 3.8495597310299801e-01
6.1418136377680455e-01 5.2365568321449354e+00 3.8495597310299801e-01
6.1575216010359946e-01 5.2371615195734638e+00 3.8495597310326712e-01
6.1732295643039437e-01 5.2377662070019921e+00 3.8495597310298446e-01
6.1889375275718927e-01 5.2383708944305205e+00 3.8495597310298446e-01
6.2046454908398418e-01 5.2389755818590489e+00 3.8495597310326712e-01
6.2203534541077909e-01 5.2395802692875773e+00 3.8495597310298446e-01
6.2360614173757400e-01 5.2401849567161056e+00 3.8495597310298446e-01
6.2517693806436891e-01 5.2407896441446340e+00 3.8495597310328067e-01
6.2674773439116371e-01 5.2413943315731624e+00 3.8495597310299801e-01
6.2831853071795862e-01 5.2419990190016907e+00 3.8495597310298446e-01
6.2988932704475353e-01 5.2426037064302191e+00 3.8495597310326712e-01
6.3146012337154844e-01 5.2432083938587475e+00 3.8495597310298446e-01
6.3303091969834335e-01 5.2438130812872759e+00 3.8495597310298446e-01
6.3460171602513826e-01 5.2444177687158042e+00 3.8495597310326712e-01
6.3617251235193317e-01 5.2450224561443326e+00 3.8495597310298446e-01
6.3774330867872808e-01 5.2456271435728610e+00 3.8495597310298446e-01
6.3931410500552299e-01 5.2462318310013893e+00 3.8495597310299801e-01
6.4088490133231779e-01 5.2468365184299168e+00 3.8495597310299801e-01
6.4245569765911270e-01 5.2474412058584452e+00 3.8495597310326712e-01
6.4402649398590761e-01 5.2480458932869736e+00 3.8495597310298446e-01
6.4559729031270252e-01 5.2486505807155019e+00 3.8495597310298446e-01
6.4716808663949743e-01 5.2492552681440303e+00 3.8495597310326712e-01
6.4873888296629234e-01 5.2498599555725587e+00 3.8495597310298446e-01
6.5030967929308725e-01 5.2504646430010871e+00 3.8495597310298446e-01
6.5188047561988216e-01 5.2510693304296154e+00 3.8495597310328067e-01
6.5345127194667696e-01 5.2516740178581438e+00 3.8495597310299801e-01
6.5502206827347187e-01 5.2522787052866722e+00 3.8495597310298446e-01
6.5659286460026678e-01 5.2528833927152006e+00 3.8495597310326712e-01
6.5816366092706169e-01 5.2534880801437289e+00 3.8495597310298446e-01
6.5973445725385660e-01 5.2540927675722573e+00 3.8495597310298446e-01
6.6130525358065151e-01 5.2546974550007857e+00 3.8495597310298446e-01
6.6287604990744642e-01 5.2553021424293140e+00 3.8495597310298446e-01
6.6444684623424133e-01 5.2559068298578424e+00 3.8495597310328067e-01
6.6601764256103613e-01 5.2565115172863708e+00 3.8495597310299801e-01
6.6758843888783104e-01 5.2571162047148992e+00 3.8495597310298446e-01
6.6915923521462595e-01 5.2577208921434275e+00 3.8495597310326712e-01
6.7073003154142086e-01 5.2583255795719559e+00 3.8495597310298446e-01
6.7230082786821577e-01 5.2589302670004843e+00 3.8495597310298446e-01
6.7387162419501068e-01 5.2595349544290126e+00 3.8495597310326712e-01
6.7544242052180559e-01 5.2601396418575410e+00 3.8495597310298446e-01
6.7701321684860050e-01 5.2607443292860694e+00 3.8495597310298446e-01
6.7858401317539541e-01 5.2613490167145978e+00 3.8495597310328067e-01
6.8015480950219021e-01 5.2619537041431261e+00 3.8495597310299801e-01
6.8172560582898512e-01 5.2625583915716545e+00 3.8495597310298446e-01
6.8329640215578002e-01 5.2631630790001829e+00 3.8495597310326712e-01
6.8486719848257493e-01 5.2637677664287112e+00 3.8495597310298446e-01
6.8643799480936984e-01 5.2643724538572396e+00 3.8495597310298446e-01
6.8800879113616475e-01 5.2649771412857680e+00 3.8495597310326712e-01
6.8957958746295966e-01 5.2655818287142964e+00 3.8495597310298446e-01
6.9115038378975457e-01 5.2661865161428247e+00 3.8495597310299801e-01
6.9272118011654937e-01 5.2667912035713522e+00 3.8495597310299801e-01
6.9429197644334428e-01 5.2673958909998806e+00 3.8495597310298446e-01
6.9586277277013919e-01 5.2680005784284090e+00 3.8495597310326712e-01
6.9743356909693410e-01 5.2686052658569373e+00 3.8495597310298446e-01
6.9900436542372901e-01 5.2692099532854657e+00 3.8495597310298446e-01
7.0057516175052392e-01 5.2698146407139941e+00 3.8495597310326712e-01
7.0214595807731883e-01 5.2704193281425225e+00 3.8495597310298446e-01
7.0371675440411374e-01 5.2710240155710508e+00 3.8495597310298446e-01
7.0528755073090865e-01 5.2716287029995792e+00 3.8495597310328067e-01
7.0685834705770345e-01 5.2722333904281076e+00 3.8495597310299801e-01
7.0842914338449836e-01 5.2728380778566359e+00 3.8495597310298446e-01
7.0999993971129327e-01 5.2734427652851643e+00 3.8495597310298446e-01
7.1157073603808818e-01 5.2740474527136927e+00 3.8495597310298446e-01
7.1314153236488309e-01 5.2746521401422211e+00 3.8495597310326712e-01
7.1471232869167800e-01 5.2752568275707494e+00 3.8495597310298446e-01
7.1628312501847291e-01 5.2758615149992778e+00 3.8495597310298446e-01
7.1785392134526782e-01 5.2764662024278062e+00 3.8495597310328067e-01
7.1942471767206262e-01 5.2770708898563345e+00 3.8495597310299801e-01
7.2099551399885753e-01 5.2776755772848629e+00 3.8495597310298446e-01
7.2256631032565244e-01 5.2782802647133913e+00 3.8495597310326712e-01
7.2413710665244735e-01 5.2788849521419197e+00 3.8495597310298446e-01
7.2570790297924226e-01 5.2794896395704480e+00 3.8495597310298446e-01
7.2727869930603717e-01 5.2800943269989764e+00 3.8495597310326712e-01
7.2884949563283208e-01 5.2806990144275048e+00 3.8495597310298446e-01
7.3042029195962699e-01 5.2813037018560332e+00 3.8495597310299801e-01
7.3199108828642179e-01 5.2819083892845615e+00 3.8495597310328067e-01
7.3356188461321670e-01 5.2825130767130899e+00 3.8495597310298446e-01
7.3513268094001161e-01 5.2831177641416183e+00 3.8495597310298446e-01
7.3670347726680652e-01 5.2837224515701466e+00 3.8495597310298446e-01
7.3827427359360143e-01 5.2843271389986750e+00 3.8495597310298446e-01
7.3984506992039634e-01 5.2849318264272034e+00 3.8495597310326712e-01
7.4141586624719125e-01 5.2855365138557318e+00 3.8495597310298446e-01
7.4298666257398616e-01 5.2861412012842601e+00 3.8495597310298446e-01
7.4455745890078107e-01 5.2867458887127885e+00 3.8495597310328067e-01
7.4612825522757587e-01 5.2873505761413169e+00 3.8495597310299801e-01
7.4769905155437077e-01 5.2879552635698452e+00 3.8495597310298446e-01
7.4926984788116568e-01 5.2885599509983736e+00 3.8495597310326712e-01
7.5084064420796059e-01 5.2891646384269020e+00 3.8495597310298446e-01
7.5241144053475550e-01 5.2897693258554304e+00 3.8495597310298446e-01
7.5398223686155041e-01 5.2903740132839587e+00 3.8495597310326712e-01
7.5555303318834532e-01 5.2909787007124871e+00 3.8495597310298446e-01
7.5712382951514023e-01 5.2915833881410155e+00 3.8495597310299801e-01
7.5869462584193503e-01 5.2921880755695430e+00 3.8495597310299801e-01
7.6026542216872994e-01 5.2927927629980713e+00 3.8495597310298446e-01
7.6183621849552485e-01 5.2933974504265997e+00 3.8495597310326712e-01
7.6340701482231976e-01 5.2940021378551281e+00 3.8495597310298446e-01
7.6497781114911467e-01 5.2946068252836564e+00 3.8495597310298446e-01
7.6654860747590958e-01 5.2952115127121848e+00 3.8495597310326712e-01
7.6811940380270449e-01 5.2958162001407132e+00 3.8495597310298446e-01
7.6969020012949940e-01 5.2964208875692416e+00 3.8495597310298446e-01
7.7126099645629431e-01 5.2970255749977699e+00 3.8495597310328067e-01
7.7283179278308911e-01 5.2976302624262983e+00 3.8495597310299801e-01
7.7440258910988402e-01 5.2982349498548267e+00 3.8495597310298446e-01
7.7597338543667893e-01 5.2988396372833551e+00 3.8495597310326712e-01
7.7754418176347384e-01 5.2994443247118834e+00 3.8495597310298446e-01
7.7911497809026875e-01 5.3000490121404118e+00 3.8495597310298446e-01
7.8068577441706366e-01 5.3006536995689402e+00 3.8495597310326712e-01
7.8225657074385857e-01 5.3012583869974685e+00 3.8495597310298446e-01
7.8382736707065348e-01 5.3018630744259969e+00 3.8495597310299801e-01
7.8539816339744828e-01 5.3024677618545244e+00 3.8495597310299801e-01
7.8696895972424319e-01 5.3030724492830528e+00 3.8495597310298446e-01
7.8853975605103810e-01 5.3036771367115811e+00 3.8495597310326712e-01
7.9011055237783301e-01 5.3042818241401095e+00 3.8495597310298446e-01
7.9168134870462792e-01 5.3048865115686379e+00 3.8495597310298446e-01
7.9325214503142283e-01 5.3054911989971663e+00 3.8495597310326712e-01
7.9482294135821774e-01 5.3060958864256946e+00 3.8495597310298446e-01
7.9639373768501265e-01 5.3067005738542230e+00 3.8495597310299801e-01
7.9796453401180745e-01 5.3073052612827514e+00 3.8495597310328067e-01
7.9953533033860236e-01 5.3079099487112797e+00 3.8495597310298446e-01
8.0110612666539727e-01 5.3085146361398081e+00 3.8495597310298446e-01
8.0267692299219218e-01 5.3091193235683365e+00 3.8495597310298446e-01
8.0424771931898709e-01 5.3097240109968649e+00 3.8495597310298446e-01
8.0581851564578200e-01 5.3103286984253932e+00 3.8495597310326712e-01
8.0738931197257691e-01 5.3109333858539216e+00 3.8495597310298446e-01
8.0896010829937182e-01 5.3115380732824500e+00 3.8495597310298446e-01
8.1053090462616673e-01 5.3121427607109784e+00 3.8495597310328067e-01
8.1210170095296152e-01 5.3127474481395067e+00 3.8495597310299801e-01
8.1367249727975643e-01 5.3133521355680351e+00 3.8495597310298446e-01
8.1524329360655134e-01 5.3139568229965635e+00 3.8495597310326712e-01
8.1681408993334625e-01 5.3145615104250918e+00 3.8495597310298446e-01
8.1838488626014116e-01 5.3151661978536202e+00 3.8495597310298446e-01
8.1995568258693607e-01 5.3157708852821486e+00 3.8495597310326712e-01
8.2152647891373098e-01 5.3163755727106770e+00 3.8495597310298446e-01
8.2309727524052589e-01 5.3169802601392053e+00 3.8495597310299801e-01
8.2466807156732069e-01 5.3175849475677337e+00 3.8495597310328067e-01
8.2623886789411560e-01 5.3181896349962621e+00 3.8495597310298446e-01
8.2780966422091051e-01 5.3187943224247904e+00 3.8495597310298446e-01
8.2938046054770542e-01 5.3193990098533188e+00 3.8495597310298446e-01
8.3095125687450033e-01 5.3200036972818472e+00 3.8495597310298446e-01
8.3252205320129524e-01 5.3206083847103756e+00 3.8495597310326712e-01
8.3409284952809015e-01 5.3212130721389039e+00 3.8495597310298446e-01
8.3566364585488506e-01 5.3218177595674323e+00 3.8495597310299801e-01
8.3723444218167986e-01 5.3224224469959607e+00 3.8495597310328067e-01
8.3880523850847477e-01 5.3230271344244890e+00 3.8495597310298446e-01
8.4037603483526968e-01 5.3236318218530174e+00 3.8495597310298446e-01
8.4194683116206459e-01 5.3242365092815458e+00 3.8495597310326712e-01
8.4351762748885950e-01 5.3248411967100742e+00 3.8495597310298446e-01
8.4508842381565441e-01 5.3254458841386025e+00 3.8495597310298446e-01
8.4665922014244932e-01 5.3260505715671309e+00 3.8495597310326712e-01
8.4823001646924423e-01 5.3266552589956593e+00 3.8495597310298446e-01
8.4980081279603914e-01 5.3272599464241877e+00 3.8495597310299801e-01
8.5137160912283394e-01 5.3278646338527151e+00 3.8495597310299801e-01
8.5294240544962885e-01 5.3284693212812435e+00 3.8495597310298446e-01
8.5451320177642376e-01 5.3290740087097719e+00 3.8495597310326712e-01
8.5608399810321867e-01 5.3296786961383003e+00 3.8495597310298446e-01
8.5765479443001358e-01 5.3302833835668286e+00 3.8495597310298446e-01
8.5922559075680849e-01 5.3308880709953570e+00 3.8495597310326712e-01
8.6079638708360340e-01 5.3314927584238854e+00 3.8495597310298446e-01
8.6236718341039831e-01 5.3320974458524137e+00 3.8495597310299801e-01
8.6393797973719311e-01 5.3327021332809421e+00 3.8495597310328067e-01
8.6550877606398802e-01 5.3333068207094705e+00 3.8495597310298446e-01
8.6707957239078293e-01 5.3339115081379989e+00 3.8495597310298446e-01
8.6865036871757784e-01 5.3345161955665272e+00 3.8495597310326712e-01
8.7022116504437275e-01 5.3351208829950556e+00 3.8495597310298446e-01
8.7179196137116766e-01 5.3357255704235840e+00 3.8495597310298446e-01
8.7336275769796257e-01 5.3363302578521123e+00 3.8495597310326712e-01
8.7493355402475748e-01 5.3369349452806407e+00 3.8495597310298446e-01
8.7650435035155239e-01 5.3375396327091691e+00 3.8495597310299801e-01
8.7807514667834718e-01 5.3381443201376966e+00 3.8495597310299801e-01
8.7964594300514209e-01 5.3387490075662249e+00 3.8495597310298446e-01
8.8121673933193700e-01 5.3393536949947533e+00 3.8495597310326712e-01
8.8278753565873191e-01 5.3399583824232817e+00 3.8495597310298446e-01
8.8435833198552682e-01 5.3405630698518101e+00 3.8495597310298446e-01
8.8592912831232173e-01 5.3411677572803384e+00 3.8495597310326712e-01
8.8749992463911664e-01 5.3417724447088668e+00 3.8495597310298446e-01
8.8907072096591155e-01 5.3423771321373952e+00 3.8495597310299801e-01
8.9064151729270635e-01 5.3429818195659236e+00 3.8495597310328067e-01
8.9221231361950126e-01 5.3435865069944519e+00 3.8495597310298446e-01
8.9378310994629617e-01 5.3441911944229803e+00 3.8495597310298446e-01
8.9535390627309108e-01 5.3447958818515087e+00 3.8495597310326712e-01
8.9692470259988599e-01 5.3454005692800370e+00 3.8495597310298446e-01
8.9849549892668090e-01 5.3460052567085654e+00 3.8495597310298446e-01
9.0006629525347581e-01 5.3466099441370938e+00 3.8495597310298446e-01
9.0163709158027072e-01 5.3472146315656222e+00 3.8495597310299801e-01
9.0320788790706552e-01 5.3478193189941505e+00 3.8495597310328067e-01
9.0477868423386043e-01 5.3484240064226789e+00 3.8495597310298446e-01
9.0634948056065534e-01 5.3490286938512073e+00 3.8495597310298446e-01
9.0792027688745025e-01 5.3496333812797356e+00 3.8495597310326712e-01
9.0949107321424516e-01 5.3502380687082640e+00 3.8495597310298446e-01
9.1106186954104007e-01 5.3508427561367924e+00 3.8495597310298446e-01
9.1263266586783498e-01 5.3514474435653208e+00 3.8495597310326712e-01
9.1420346219462989e-01 5.3520521309938491e+00 3.8495597310298446e-01
9.1577425852142480e-01 5.3526568184223775e+00 3.8495597310299801e-01
9.1734505484821960e-01 5.3532615058509059e+00 3.8495597310328067e-01
9.1891585117501451e-01 5.3538661932794342e+00 3.8495597310298446e-01
9.2048664750180942e-01 5.3544708807079626e+00 3.8495597310298446e-01
9.2205744382860433e-01 5.3550755681364910e+00 3.8495597310326712e-01
9.2362824015539924e-01 5.3556802555650194e+00 3.8495597310298446e-01
9.2519903648219415e-01 5.3562849429935477e+00 3.8495597310298446e-01
9.2676983280898906e-01 5.3568896304220761e+00 3.8495597310298446e-01
9.2834062913578397e-01 5.3574943178506045e+00 3.8495597310299801e-01
9.2991142546257877e-01 5.3580990052791329e+00 3.8495597310328067e-01
9.3148222178937368e-01 5.3587036927076612e+00 3.8495597310298446e-01
9.3305301811616859e-01 5.3593083801361896e+00 3.8495597310298446e-01
9.3462381444296350e-01 5.3599130675647180e+00 3.8495597310326712e-01
9.3619461076975841e-01 5.3605177549932463e+00 3.8495597310298446e-01
9.3776540709655332e-01 5.3611224424217747e+00 3.8495597310298446e-01
9.3933620342334823e-01 5.3617271298503031e+00 3.8495597310326712e-01
9.4090699975014314e-01 5.3623318172788315e+00 3.8495597310298446e-01
9.4247779607693805e-01 5.3629365047073598e+00 3.8495597310299801e-01
9.4404859240373284e-01 5.3635411921358882e+00 3.8495597310328067e-01
9.4561938873052775e-01 5.3641458795644166e+00 3.8495597310298446e-01
9.4719018505732266e-01 5.3647505669929449e+00 3.8495597310298446e-01
9.4876098138411757e-01 5.3653552544214733e+00 3.8495597310298446e-01
9.5033177771091248e-01 5.3659599418500017e+00 3.8495597310298446e-01
9.5190257403770739e-01 5.3665646292785301e+00 3.8495597310326712e-01
9.5347337036450230e-01 5.3671693167070584e+00 3.8495597310298446e-01
9.5504416669129721e-01 5.3677740041355868e+00 3.8495597310299801e-01
9.5661496301809201e-01 5.3683786915641152e+00 3.8495597310328067e-01
9.5818575934488692e-01 5.3689833789926436e+00 3.8495597310298446e-01
9.5975655567168183e-01 5.3695880664211719e+00 3.8495597310298446e-01
9.6132735199847674e-01 5.3701927538497003e+00 3.8495597310326712e-01
9.6289814832527165e-01 5.3707974412782287e+00 3.8495597310298446e-01
9.6446894465206656e-01 5.3714021287067570e+00 3.8495597310298446e-01
9.6603974097886147e-01 5.3720068161352854e+00 3.8495597310326712e-01
9.6761053730565638e-01 5.3726115035638138e+00 3.8495597310299801e-01
9.6918133363245118e-01 5.3732161909923413e+00 3.8495597310299801e-01
9.7075212995924609e-01 5.3738208784208696e+00 3.8495597310298446e-01
9.7232292628604100e-01 5.3744255658493980e+00 3.8495597310298446e-01
9.7389372261283591e-01 5.3750302532779264e+00 3.8495597310326712e-01
9.7546451893963082e-01 5.3756349407064548e+00 3.8495597310298446e-01
9.7703531526642573e-01 5.3762396281349831e+00 3.8495597310298446e-01
9.7860611159322064e-01 5.3768443155635115e+00 3.8495597310326712e-01
9.8017690792001555e-01 5.3774490029920399e+00 3.8495597310298446e-01
9.8174770424681046e-01 5.3780536904205682e+00 3.8495597310299801e-01
9.8331850057360526e-01 5.3786583778490966e+00 3.8495597310328067e-01
9.8488929690040017e-01 5.3792630652776250e+00 3.8495597310298446e-01
9.8646009322719508e-01 5.3798677527061534e+00 3.8495597310298446e-01
9.8803088955398999e-01 5.3804724401346817e+00 3.8495597310326712e-01
9.8960168588078490e-01 5.3810771275632101e+00 3.8495597310298446e-01
9.9117248220757981e-01 5.3816818149917385e+00 3.8495597310298446e-01
9.9274327853437472e-01 5.3822865024202668e+00 3.8495597310326712e-01
9.9431407486116963e-01 5.3828911898487952e+00 3.8495597310299801e-01
9.9588487118796443e-01 5.3834958772773227e+00 3.8495597310299801e-01
9.9745566751475934e-01 5.3841005647058511e+00 3.8495597310298446e-01
9.9902646384155425e-01 5.3847052521343786e+00 3.8495597310297075e-01
1.0005972601683493e+00 5.3853099395629069e+00 3.8495597310326712e-01
1.0021680564951441e+00 5.3859146269914353e+00 3.8495597310301155e-01
1.0037388528219389e+00 5.3865193144199628e+00 3.8495597310298441e-01
1.0053096491487339e+00 5.3871240018484912e+00 3.8495597310326712e-01
1.0068804454755287e+00 5.3877286892770195e+00 3.8495597310298441e-01
1.0084512418023237e+00 5.3883333767055479e+00 3.8495597310298441e-01
1.0100220381291185e+00 5.3889380641340763e+00 3.8495597310326712e-01
1.0115928344559135e+00 5.3895427515626046e+00 3.8495597310298441e-01
1.0131636307827083e+00 5.3901474389911321e+00 3.8495597310298441e-01
1.0147344271095033e+00 5.3907521264196605e+00 3.8495597310326712e-01
1.0163052234362981e+00 5.3913568138481889e+00 3.8495597310301155e-01
1.0178760197630929e+00 5.3919615012767164e+00 3.8495597310298441e-01
1.0194468160898880e+00 5.3925661887052447e+00 3.8495597310298441e-01
1.0210176124166828e+00 5.3931708761337722e+00 3.8495597310298441e-01
1.0225884087434778e+00 5.3937755635623006e+00 3.8495597310326712e-01
1.0241592050702726e+00 5.3943802509908290e+00 3.8495597310298441e-01
1.0257300013970676e+00 5.3949849384193573e+00 3.8495597310298441e-01
1.0273007977238624e+00 5.3955896258478857e+00 3.8495597310329432e-01
1.0288715940506572e+00 5.3961943132764141e+00 3.8495597310298441e-01
1.0304423903774522e+00 5.3967990007049425e+00 3.8495597310298441e-01
1.0320131867042470e+00 5.3974036881334708e+00 3.8495597310326712e-01
1.0335839830310420e+00 5.3980083755619992e+00 3.8495597310298441e-01
1.0351547793578368e+00 5.3986130629905267e+00 3.8495597310298441e-01
1.0367255756846319e+00 5.3992177504190551e+00 3.8495597310326712e-01
1.0382963720114267e+00 5.3998224378475834e+00 3.8495597310298441e-01
1.0398671683382217e+00 5.4004271252761118e+00 3.8495597310298441e-01
1.0414379646650165e+00 5.4010318127046393e+00 3.8495597310301155e-01
1.0430087609918113e+00 5.4016365001331668e+00 3.8495597310298441e-01
1.0445795573186063e+00 5.4022411875616951e+00 3.8495597310326712e-01
1.0461503536454011e+00 5.4028458749902235e+00 3.8495597310298441e-01
1.0477211499721961e+00 5.4034505624187519e+00 3.8495597310298441e-01
1.0492919462989909e+00 5.4040552498472803e+00 3.8495597310326712e-01
1.0508627426257859e+00 5.4046599372758086e+00 3.8495597310298441e-01
1.0524335389525807e+00 5.4052646247043361e+00 3.8495597310298441e-01
1.0540043352793758e+00 5.4058693121328645e+00 3.8495597310326712e-01
1.0555751316061706e+00 5.4064739995613929e+00 3.8495597310301155e-01
1.0571459279329654e+00 5.4070786869899203e+00 3.8495597310298441e-01
1.0587167242597604e+00 5.4076833744184487e+00 3.8495597310326712e-01
1.0602875205865552e+00 5.4082880618469771e+00 3.8495597310298441e-01
1.0618583169133502e+00 5.4088927492755055e+00 3.8495597310298441e-01
1.0634291132401450e+00 5.4094974367040338e+00 3.8495597310326712e-01
1.0649999095669400e+00 5.4101021241325622e+00 3.8495597310298441e-01
1.0665707058937348e+00 5.4107068115610897e+00 3.8495597310301155e-01
1.0681415022205296e+00 5.4113114989896172e+00 3.8495597310298441e-01
1.0697122985473246e+00 5.4119161864181455e+00 3.8495597310298441e-01
1.0712830948741194e+00 5.4125208738466739e+00 3.8495597310326712e-01
1.0728538912009145e+00 5.4131255612752023e+00 3.8495597310298441e-01
1.0744246875277093e+00 5.4137302487037298e+00 3.8495597310298441e-01
1.0759954838545043e+00 5.4143349361322581e+00 3.8495597310326712e-01
1.0775662801812991e+00 5.4149396235607865e+00 3.8495597310298441e-01
1.0791370765080941e+00 5.4155443109893149e+00 3.8495597310298441e-01
1.0807078728348889e+00 5.4161489984178433e+00 3.8495597310329432e-01
1.0822786691616837e+00 5.4167536858463716e+00 3.8495597310298441e-01
1.0838494654884787e+00 5.4173583732749000e+00 3.8495597310298441e-01
1.0854202618152735e+00 5.4179630607034284e+00 3.8495597310326712e-01
1.0869910581420685e+00 5.4185677481319567e+00 3.8495597310298441e-01
1.0885618544688633e+00 5.4191724355604842e+00 3.8495597310298441e-01
1.0901326507956584e+00 5.4197771229890126e+00 3.8495597310298441e-01
1.0917034471224532e+00 5.4203818104175401e+00 3.8495597310298441e-01
1.0932742434492482e+00 5.4209864978460685e+00 3.8495597310326712e-01
1.0948450397760430e+00 5.4215911852745968e+00 3.8495597310301155e-01
1.0964158361028378e+00 5.4221958727031243e+00 3.8495597310298441e-01
1.0979866324296328e+00 5.4228005601316527e+00 3.8495597310326712e-01
1.0995574287564276e+00 5.4234052475601811e+00 3.8495597310298441e-01
1.1011282250832226e+00 5.4240099349887094e+00 3.8495597310298441e-01
1.1026990214100174e+00 5.4246146224172378e+00 3.8495597310326712e-01
1.1042698177368124e+00 5.4252193098457662e+00 3.8495597310298441e-01
1.1058406140636072e+00 5.4258239972742937e+00 3.8495597310298441e-01
1.1074114103904023e+00 5.4264286847028220e+00 3.8495597310326712e-01
1.1089822067171970e+00 5.4270333721313504e+00 3.8495597310301155e-01
1.1105530030439918e+00 5.4276380595598779e+00 3.8495597310298441e-01
1.1121237993707869e+00 5.4282427469884063e+00 3.8495597310298441e-01
1.1136945956975817e+00 5.4288474344169337e+00 3.8495597310298441e-01
1.1152653920243767e+00 5.4294521218454621e+00 3.8495597310326712e-01
1.1168361883511715e+00 5.4300568092739905e+00 3.8495597310298441e-01
1.1184069846779665e+00 5.4306614967025189e+00 3.8495597310298441e-01
1.1199777810047613e+00 5.4312661841310472e+00 3.8495597310329432e-01
1.1215485773315561e+00 5.4318708715595756e+00 3.8495597310298441e-01
1.1231193736583511e+00 5.4324755589881040e+00 3.8495597310298441e-01
1.1246901699851459e+00 5.4330802464166323e+00 3.8495597310326712e-01
1.1262609663119409e+00 5.4336849338451607e+00 3.8495597310298441e-01
1.1278317626387357e+00 5.4342896212736882e+00 3.8495597310298441e-01
1.1294025589655308e+00 5.4348943087022166e+00 3.8495597310326712e-01
1.1309733552923256e+00 5.4354989961307449e+00 3.8495597310298441e-01
1.1325441516191206e+00 5.4361036835592733e+00 3.8495597310298441e-01
1.1341149479459154e+00 5.4367083709878008e+00 3.8495597310301155e-01
1.1356857442727102e+00 5.4373130584163283e+00 3.8495597310298441e-01
1.1372565405995052e+00 5.4379177458448567e+00 3.8495597310326712e-01
1.1388273369263000e+00 5.4385224332733850e+00 3.8495597310298441e-01
1.1403981332530950e+00 5.4391271207019134e+00 3.8495597310298441e-01
1.1419689295798898e+00 5.4397318081304418e+00 3.8495597310326712e-01
1.1435397259066848e+00 5.4403364955589701e+00 3.8495597310298441e-01
1.1451105222334796e+00 5.4409411829874976e+00 3.8495597310298441e-01
1.1466813185602747e+00 5.4415458704160260e+00 3.8495597310326712e-01
1.1482521148870695e+00 5.4421505578445544e+00 3.8495597310301155e-01
1.1498229112138643e+00 5.4427552452730819e+00 3.8495597310298441e-01
1.1513937075406593e+00 5.4433599327016102e+00 3.8495597310326712e-01
1.1529645038674541e+00 5.4439646201301386e+00 3.8495597310298441e-01
1.1545353001942491e+00 5.4445693075586670e+00 3.8495597310298441e-01
1.1561060965210439e+00 5.4451739949871953e+00 3.8495597310326712e-01
1.1576768928478389e+00 5.4457786824157237e+00 3.8495597310298441e-01
1.1592476891746337e+00 5.4463833698442512e+00 3.8495597310301155e-01
1.1608184855014285e+00 5.4469880572727796e+00 3.8495597310326712e-01
1.1623892818282235e+00 5.4475927447013079e+00 3.8495597310298441e-01
1.1639600781550183e+00 5.4481974321298354e+00 3.8495597310298441e-01
1.1655308744818134e+00 5.4488021195583638e+00 3.8495597310298441e-01
1.1671016708086082e+00 5.4494068069868913e+00 3.8495597310298441e-01
1.1686724671354032e+00 5.4500114944154197e+00 3.8495597310326712e-01
1.1702432634621980e+00 5.4506161818439480e+00 3.8495597310298441e-01
1.1718140597889930e+00 5.4512208692724764e+00 3.8495597310298441e-01
1.1733848561157878e+00 5.4518255567010048e+00 3.8495597310329432e-01
1.1749556524425826e+00 5.4524302441295331e+00 3.8495597310298441e-01
1.1765264487693776e+00 5.4530349315580615e+00 3.8495597310298441e-01
1.1780972450961724e+00 5.4536396189865899e+00 3.8495597310326712e-01
1.1796680414229674e+00 5.4542443064151183e+00 3.8495597310298441e-01
1.1812388377497622e+00 5.4548489938436457e+00 3.8495597310298441e-01
1.1828096340765573e+00 5.4554536812721741e+00 3.8495597310298441e-01
1.1843804304033521e+00 5.4560583687007016e+00 3.8495597310298441e-01
1.1859512267301471e+00 5.4566630561292300e+00 3.8495597310326712e-01
1.1875220230569419e+00 5.4572677435577583e+00 3.8495597310301155e-01
1.1890928193837367e+00 5.4578724309862858e+00 3.8495597310298441e-01
1.1906636157105317e+00 5.4584771184148142e+00 3.8495597310326712e-01
1.1922344120373265e+00 5.4590818058433426e+00 3.8495597310298441e-01
1.1938052083641215e+00 5.4596864932718709e+00 3.8495597310298441e-01
1.1953760046909163e+00 5.4602911807003993e+00 3.8495597310326712e-01
1.1969468010177113e+00 5.4608958681289277e+00 3.8495597310298441e-01
1.1985175973445061e+00 5.4615005555574552e+00 3.8495597310301155e-01
1.2000883936713009e+00 5.4621052429859835e+00 3.8495597310326712e-01
1.2016591899980960e+00 5.4627099304145119e+00 3.8495597310298441e-01
1.2032299863248908e+00 5.4633146178430394e+00 3.8495597310298441e-01
1.2048007826516858e+00 5.4639193052715678e+00 3.8495597310326712e-01
1.2063715789784806e+00 5.4645239927000961e+00 3.8495597310298441e-01
1.2079423753052756e+00 5.4651286801286245e+00 3.8495597310298441e-01
1.2095131716320704e+00 5.4657333675571529e+00 3.8495597310326712e-01
1.2110839679588654e+00 5.4663380549856813e+00 3.8495597310298441e-01
1.2126547642856602e+00 5.4669427424142087e+00 3.8495597310301155e-01
1.2142255606124550e+00 5.4675474298427362e+00 3.8495597310298441e-01
1.2157963569392500e+00 5.4681521172712646e+00 3.8495597310298441e-01
1.2173671532660448e+00 5.4687568046997930e+00 3.8495597310326712e-01
1.2189379495928399e+00 5.4693614921283213e+00 3.8495597310298441e-01
1.2205087459196347e+00 5.4699661795568488e+00 3.8495597310298441e-01
1.2220795422464297e+00 5.4705708669853772e+00 3.8495597310326712e-01
1.2236503385732245e+00 5.4711755544139056e+00 3.8495597310298441e-01
1.2252211349000195e+00 5.4717802418424339e+00 3.8495597310298441e-01
1.2267919312268143e+00 5.4723849292709623e+00 3.8495597310329432e-01
1.2283627275536091e+00 5.4729896166994907e+00 3.8495597310298441e-01
1.2299335238804041e+00 5.4735943041280191e+00 3.8495597310298441e-01
1.2315043202071989e+00 5.4741989915565474e+00 3.8495597310326712e-01
1.2330751165339939e+00 5.4748036789850758e+00 3.8495597310298441e-01
1.2346459128607887e+00 5.4754083664136033e+00 3.8495597310298441e-01
1.2362167091875838e+00 5.4760130538421317e+00 3.8495597310298441e-01
1.2377875055143785e+00 5.4766177412706591e+00 3.8495597310301155e-01
1.2393583018411733e+00 5.4772224286991875e+00 3.8495597310326712e-01
1.2409290981679684e+00 5.4778271161277159e+00 3.8495597310298441e-01
1.2424998944947632e+00 5.4784318035562434e+00 3.8495597310298441e-01
1.2440706908215582e+00 5.4790364909847717e+00 3.8495597310326712e-01
1.2456414871483530e+00 5.4796411784133001e+00 3.8495597310298441e-01
1.2472122834751480e+00 5.4802458658418285e+00 3.8495597310298441e-01
1.2487830798019428e+00 5.4808505532703569e+00 3.8495597310326712e-01
1.2503538761287378e+00 5.4814552406988852e+00 3.8495597310298441e-01
1.2519246724555326e+00 5.4820599281274127e+00 3.8495597310301155e-01
1.2534954687823274e+00 5.4826646155559411e+00 3.8495597310326712e-01
1.2550662651091224e+00 5.4832693029844695e+00 3.8495597310298441e-01
1.2566370614359172e+00 5.4838739904129969e+00 3.8495597310298441e-01
1.2582078577627123e+00 5.4844786778415253e+00 3.8495597310298441e-01
1.2597786540895071e+00 5.4850833652700528e+00 3.8495597310298441e-01
1.2613494504163021e+00 5.4856880526985812e+00 3.8495597310326712e-01
1.2629202467430969e+00 5.4862927401271095e+00 3.8495597310298441e-01
1.2644910430698919e+00 5.4868974275556379e+00 3.8495597310298441e-01
1.2660618393966867e+00 5.4875021149841663e+00 3.8495597310329432e-01
1.2676326357234815e+00 5.4881068024126947e+00 3.8495597310298441e-01
1.2692034320502765e+00 5.4887114898412230e+00 3.8495597310298441e-01
1.2707742283770713e+00 5.4893161772697514e+00 3.8495597310326712e-01
1.2723450247038663e+00 5.4899208646982798e+00 3.8495597310298441e-01
1.2739158210306611e+00 5.4905255521268073e+00 3.8495597310298441e-01
1.2754866173574562e+00 5.4911302395553356e+00 3.8495597310326712e-01
1.2770574136842510e+00 5.4917349269838640e+00 3.8495597310298441e-01
1.2786282100110460e+00 5.4923396144123924e+00 3.8495597310298441e-01
1.2801990063378408e+00 5.4929443018409199e+00 3.8495597310301155e-01
1.2817698026646356e+00 5.4935489892694473e+00 3.8495597310298441e-01
1.2833405989914306e+00 5.4941536766979757e+00 3.8495597310326712e-01
1.2849113953182254e+00 5.4947583641265041e+00 3.8495597310298441e-01
1.2864821916450204e+00 5.4953630515550325e+00 3.8495597310298441e-01
1.2880529879718152e+00 5.4959677389835608e+00 3.8495597310326712e-01
1.2896237842986102e+00 5.4965724264120892e+00 3.8495597310298441e-01
1.2911945806254050e+00 5.4971771138406167e+00 3.8495597310301155e-01
1.2927653769521998e+00 5.4977818012691451e+00 3.8495597310326712e-01
1.2943361732789949e+00 5.4983864886976734e+00 3.8495597310298441e-01
1.2959069696057897e+00 5.4989911761262009e+00 3.8495597310298441e-01
1.2974777659325847e+00 5.4995958635547293e+00 3.8495597310326712e-01
1.2990485622593795e+00 5.5002005509832577e+00 3.8495597310298441e-01
1.3006193585861745e+00 5.5008052384117860e+00 3.8495597310298441e-01
1.3021901549129693e+00 5.5014099258403144e+00 3.8495597310326712e-01
1.3037609512397643e+00 5.5020146132688428e+00 3.8495597310298441e-01
1.3053317475665591e+00 5.5026193006973703e+00 3.8495597310301155e-01
1.3069025438933539e+00 5.5032239881258977e+00 3.8495597310298441e-01
1.3084733402201489e+00 5.5038286755544261e+00 3.8495597310298441e-01
1.3100441365469437e+00 5.5044333629829545e+00 3.8495597310326712e-01
1.3116149328737388e+00 5.5050380504114829e+00 3.8495597310298441e-01
1.3131857292005336e+00 5.5056427378400103e+00 3.8495597310298441e-01
1.3147565255273286e+00 5.5062474252685387e+00 3.8495597310326712e-01
1.3163273218541234e+00 5.5068521126970671e+00 3.8495597310298441e-01
1.3178981181809184e+00 5.5074568001255955e+00 3.8495597310298441e-01
1.3194689145077132e+00 5.5080614875541238e+00 3.8495597310329432e-01
1.3210397108345080e+00 5.5086661749826522e+00 3.8495597310298441e-01
1.3226105071613030e+00 5.5092708624111806e+00 3.8495597310298441e-01
1.3241813034880978e+00 5.5098755498397090e+00 3.8495597310326712e-01
1.3257520998148928e+00 5.5104802372682373e+00 3.8495597310298441e-01
1.3273228961416876e+00 5.5110849246967648e+00 3.8495597310298441e-01
1.3288936924684827e+00 5.5116896121252932e+00 3.8495597310298441e-01
1.3304644887952775e+00 5.5122942995538207e+00 3.8495597310301155e-01
1.3320352851220723e+00 5.5128989869823490e+00 3.8495597310326712e-01
1.3336060814488673e+00 5.5135036744108774e+00 3.8495597310298441e-01
1.3351768777756621e+00 5.5141083618394049e+00 3.8495597310298441e-01
1.3367476741024571e+00 5.5147130492679333e+00 3.8495597310326712e-01
1.3383184704292519e+00 5.5153177366964616e+00 3.8495597310298441e-01
1.3398892667560469e+00 5.5159224241249900e+00 3.8495597310298441e-01
1.3414600630828417e+00 5.5165271115535184e+00 3.8495597310326712e-01
1.3430308594096367e+00 5.5171317989820468e+00 3.8495597310298441e-01
1.3446016557364315e+00 5.5177364864105742e+00 3.8495597310301155e-01
1.3461724520632263e+00 5.5183411738391026e+00 3.8495597310326712e-01
1.3477432483900214e+00 5.5189458612676310e+00 3.8495597310298441e-01
1.3493140447168162e+00 5.5195505486961585e+00 3.8495597310298441e-01
1.3508848410436112e+00 5.5201552361246868e+00 3.8495597310298441e-01
1.3524556373704060e+00 5.5207599235532143e+00 3.8495597310298441e-01
1.3540264336972010e+00 5.5213646109817427e+00 3.8495597310326712e-01
1.3555972300239958e+00 5.5219692984102711e+00 3.8495597310298441e-01
1.3571680263507908e+00 5.5225739858387994e+00 3.8495597310298441e-01
1.3587388226775856e+00 5.5231786732673278e+00 3.8495597310329432e-01
1.3603096190043804e+00 5.5237833606958562e+00 3.8495597310298441e-01
1.3618804153311754e+00 5.5243880481243846e+00 3.8495597310298441e-01
1.3634512116579702e+00 5.5249927355529129e+00 3.8495597310326712e-01
1.3650220079847653e+00 5.5255974229814413e+00 3.8495597310298441e-01
1.3665928043115600e+00 5.5262021104099688e+00 3.8495597310298441e-01
1.3681636006383551e+00 5.5268067978384972e+00 3.8495597310326712e-01
1.3697343969651499e+00 5.5274114852670255e+00 3.8495597310301155e-01
1.3713051932919447e+00 5.5280161726955530e+00 3.8495597310298441e-01
1.3728759896187397e+00 5.5286208601240814e+00 3.8495597310298441e-01
1.3744467859455345e+00 5.5292255475526089e+00 3.8495597310298441e-01
1.3760175822723295e+00 5.5298302349811372e+00 3.8495597310326712e-01
1.3775883785991243e+00 5.5304349224096656e+00 3.8495597310298441e-01
1.3791591749259193e+00 5.5310396098381940e+00 3.8495597310298441e-01
1.3807299712527141e+00 5.5316442972667224e+00 3.8495597310326712e-01
1.3823007675795091e+00 5.5322489846952507e+00 3.8495597310298441e-01
1.3838715639063039e+00 5.5328536721237782e+00 3.8495597310301155e-01
1.3854423602330987e+00 5.5334583595523066e+00 3.8495597310326712e-01
1.3870131565598938e+00 5.5340630469808350e+00 3.8495597310298441e-01
1.3885839528866886e+00 5.5346677344093624e+00 3.8495597310298441e-01
1.3901547492134836e+00 5.5352724218378908e+00 3.8495597310326712e-01
1.3917255455402784e+00 5.5358771092664192e+00 3.8495597310298441e-01
1.3932963418670734e+00 5.5364817966949476e+00 3.8495597310298441e-01
1.3948671381938682e+00 5.5370864841234759e+00 3.8495597310326712e-01
1.3964379345206632e+00 5.5376911715520043e+00 3.8495597310298441e-01
1.3980087308474580e+00 5.5382958589805318e+00 3.8495597310301155e-01
1.3995795271742528e+00 5.5389005464090593e+00 3.8495597310298441e-01
1.4011503235010478e+00 5.5395052338375876e+00 3.8495597310298441e-01
1.4027211198278426e+00 5.5401099212661160e+00 3.8495597310326712e-01
1.4042919161546377e+00 5.5407146086946444e+00 3.8495597310298441e-01
1.4058627124814325e+00 5.5413192961231719e+00 3.8495597310298441e-01
1.4074335088082275e+00 5.5419239835517002e+00 3.8495597310326712e-01
1.4090043051350223e+00 5.5425286709802286e+00 3.8495597310298441e-01
1.4105751014618173e+00 5.5431333584087570e+00 3.8495597310298441e-01
1.4121458977886121e+00 5.5437380458372854e+00 3.8495597310329432e-01
1.4137166941154069e+00 5.5443427332658137e+00 3.8495597310298441e-01
1.4152874904422019e+00 5.5449474206943421e+00 3.8495597310298441e-01
1.4168582867689967e+00 5.5455521081228705e+00 3.8495597310326712e-01
1.4184290830957917e+00 5.5461567955513988e+00 3.8495597310298441e-01
1.4199998794225865e+00 5.5467614829799263e+00 3.8495597310298441e-01
1.4215706757493816e+00 5.5473661704084547e+00 3.8495597310298441e-01
1.4231414720761764e+00 5.5479708578369822e+00 3.8495597310301155e-01
1.4247122684029712e+00 5.5485755452655106e+00 3.8495597310326712e-01
1.4262830647297662e+00 5.5491802326940389e+00 3.8495597310298441e-01
1.4278538610565610e+00 5.5497849201225664e+00 3.8495597310298441e-01
1.4294246573833560e+00 5.5503896075510948e+00 3.8495597310326712e-01
1.4309954537101508e+00 5.5509942949796232e+00 3.8495597310298441e-01
1.4325662500369458e+00 5.5515989824081515e+00 3.8495597310298441e-01
1.4341370463637406e+00 5.5522036698366799e+00 3.8495597310326712e-01
1.4357078426905356e+00 5.5528083572652083e+00 3.8495597310298441e-01
1.4372786390173304e+00 5.5534130446937358e+00 3.8495597310301155e-01
1.4388494353441252e+00 5.5540177321222641e+00 3.8495597310326712e-01
1.4404202316709203e+00 5.5546224195507925e+00 3.8495597310298441e-01
1.4419910279977151e+00 5.5552271069793200e+00 3.8495597310298441e-01
1.4435618243245101e+00 5.5558317944078484e+00 3.8495597310298441e-01
1.4451326206513049e+00 5.5564364818363758e+00 3.8495597310298441e-01
1.4467034169780999e+00 5.5570411692649042e+00 3.8495597310326712e-01
1.4482742133048947e+00 5.5576458566934326e+00 3.8495597310298441e-01
1.4498450096316897e+00 5.5582505441219610e+00 3.8495597310298441e-01
1.4514158059584845e+00 5.5588552315504893e+00 3.8495597310329432e-01
1.4529866022852793e+00 5.5594599189790177e+00 3.8495597310298441e-01
1.4545573986120743e+00 5.5597622626932814e+00 0.0000000000000000e+00
1.4561281949388691e+00 5.5597622626932814e+00 0.0000000000000000e+00
1.4576989912656642e+00 5.5603679709245837e+00 7.7121167266502200e-01
1.4592697875924590e+00 5.5616116909431463e+00 8.1234183754802969e-01
1.4608405839192540e+00 5.5625747128769261e+00 4.1381577098765870e-01
1.4624113802460488e+00 5.5628997230234445e+00 0.0000000000000000e+00
1.4639821765728436e+00 5.5627356454384875e+00 -2.0891006957163805e-01
1.4655529728996386e+00 5.5621529051011072e+00 -5.3305797229303720e-01
1.4671237692264334e+00 5.5610481854035925e+00 -8.7351483243117301e-01
1.4686945655532284e+00 5.5593531065827682e+00 -1.2847265536852019e+00
1.4702653618800232e+00 5.5570469628769521e+00 -1.6515468084015605e+00
1.4718361582068182e+00 5.5541787553738660e+00 -2.0003684070336001e+00
1.4734069545336130e+00 5.5507731718595492e+00 -2.3357551962925180e+00
1.4749777508604081e+00 5.5468498331029954e+00 -2.6595948559434763e+00
1.4765485471872029e+00 5.5424252614351985e+00 -2.9739447600100872e+00
1.4781193435139977e+00 5.5375162939862888e+00 -3.2763467197599914e+00
1.4796901398407927e+00 5.5321507639524832e+00 -3.5552582977449032e+00
1.4812609361675875e+00 5.5263648914569963e+00 -3.8115433643045464e+00
1.4828317324943825e+00 5.5201785584026233e+00 -4.0651405174247985e+00
1.4844025288211773e+00 5.5135927191630714e+00 -4.3202104376422836e+00
1.4859733251479723e+00 5.5066150037275223e+00 -4.5640927868067118e+00
1.4875441214747671e+00 5.4992659514866382e+00 -4.7930111426122526e+00
1.4891149178015621e+00 5.4915674680452922e+00 -5.0090024093975609e+00
1.4906857141283569e+00 5.4835395429316431e+00 -5.2124693074738468e+00
1.4922565104551517e+00 5.4752017461864204e+00 -5.4035432245081987e+00
1.4938273067819468e+00 5.4665735044685162e+00 -5.5822753322601910e+00
1.4953981031087415e+00 5.4576741850724275e+00 -5.7486900440688515e+00
1.4969688994355366e+00 5.4485231223670603e+00 -5.9028048687551520e+00
1.4985396957623314e+00 5.4391396218247436e+00 -6.0446390897668438e+00
1.5001104920891264e+00 5.4295429539309072e+00 -6.1742179703553068e+00
1.5016812884159212e+00 5.4197523476927350e+00 -6.2915690590170756e+00
1.5032520847427160e+00 5.4097872973923042e+00 -6.3963270487669952e+00
1.5048228810695110e+00 5.3996690295770406e+00 -6.4866516578469255e+00
1.5063936773963058e+00 5.3894193355224154e+00 -6.5636641339401036e+00
1.5079644737231008e+00 5.3790627573543421e+00 -6.6227407377905552e+00
1.5095352700498956e+00 5.3686280514877884e+00 -6.6631394091869414e+00
1.5111060663766906e+00 5.3581349467928714e+00 -6.6970964354265954e+00
1.5126768627034854e+00 5.3475891779720515e+00 -6.7301934568778199e+00
1.5142476590302805e+00 5.3369910462456822e+00 -6.7637669574466868e+00
1.5158184553570753e+00 5.3263388845296067e+00 -6.7989865763759676e+00
1.5173892516838701e+00 5.3156304634124227e+00 -6.8353986517004710e+00
1.5189600480106651e+00 5.3048645179949654e+00 -6.8722287902659565e+00
1.5205308443374599e+00 5.2940410082657632e+00 -6.9086918097810930e+00
1.5221016406642549e+00 5.2831611298435464e+00 -6.9439996392948951e+00
1.5236724369910497e+00 5.2722273114662093e+00 -6.9773702936835935e+00
1.5252432333178447e+00 5.2612431970471523e+00 -7.0080385485548593e+00
1.5268140296446395e+00 5.2502136083874991e+00 -7.0352698950794412e+00
1.5283848259714345e+00 5.2391444802244287e+00 -7.0583818078828422e+00
1.5299556222982293e+00 5.2280427470038093e+00 -7.0767839437108462e+00
1.5315264186250241e+00 5.2169161186212891e+00 -7.0900793124876902e+00
1.5330972149518192e+00 5.2057724504839546e+00 -7.0984796333704088e+00
1.5346680112786140e+00 5.1946193826699973e+00 -7.1020473524742274e+00
1.5362388076054090e+00 5.1834701653388944e+00 -7.0935770463313528e+00
1.5378096039322038e+00 5.1723523098635820e+00 -7.0621161974878843e+00
1.5393804002589988e+00 5.1613357032576044e+00 -6.9646629820327250e+00
1.5409511965857936e+00 5.1505375098438888e+00 -6.7840238840097813e+00
1.5425219929125886e+00 5.1400444263165452e+00 -6.5761850092124119e+00
1.5440927892393834e+00 5.1298801120355364e+00 -6.3654218784854804e+00
1.5456635855661782e+00 5.1200569714364335e+00 -6.1417891857870339e+00
1.5472343818929732e+00 5.1105936032394572e+00 -5.9073454289915119e+00
1.5488051782197680e+00 5.1015017707696870e+00 -5.6687352056282645e+00
1.5503759745465631e+00 5.0927833288615325e+00 -5.4319298003098426e+00
1.5519467708733579e+00 5.0844316818555164e+00 -5.2017174314200894e+00
1.5535175672001529e+00 5.0764331935036351e+00 -4.9822742362985410e+00
1.5550883635269477e+00 5.0687676810331022e+00 -4.7777593718447413e+00
1.5566591598537425e+00 5.0614085329893301e+00 -4.5921989330463999e+00
1.5582299561805375e+00 5.0543286207213152e+00 -4.4222253398448057e+00
1.5598007525073323e+00 5.0475288611906093e+00 -4.2354973893401064e+00
1.5613715488341273e+00 5.0410897683949747e+00 -3.9630101902806221e+00
1.5629423451609221e+00 5.0351297884272288e+00 -3.6254719904836405e+00
1.5645131414877171e+00 5.0296989191766848e+00 -3.2893255015949294e+00
1.5660839378145119e+00 5.0247820747619771e+00 -2.9709952425216355e+00
1.5676547341413070e+00 5.0203487167266037e+00 -2.6737315240844342e+00
1.5692255304681018e+00 5.0163652156394818e+00 -2.3982195865347919e+00
1.5707963267948966e+00 5.0127965419473490e+00 -2.1455568805451715e+00
1.5723671231216916e+00 5.0096060714941535e+00 -1.9166762667722341e+00
1.5739379194484864e+00 5.0067558432170367e+00 -1.7123470871758999e+00
1.5755087157752814e+00 5.0042067756695312e+00 -1.5332265165087902e+00
1.5770795121020762e+00 5.0019187410233217e+00 -1.3799896747695313e+00
1.5786503084288712e+00 4.9998477594600876e+00 -1.2568659479572155e+00
1.5802211047556660e+00 4.9979231956072727e+00 -1.1935648558145886e+00
1.5817919010824610e+00 4.9960154133052628e+00 -1.2354990138503079e+00
1.5833626974092558e+00 4.9939476742165327e+00 -1.3972281621158051e+00
1.5849334937360506e+00 4.9915591892303679e+00 -1.6438853742759183e+00
1.5865042900628457e+00 4.9887527133706584e+00 -1.9294306716507497e+00
1.5880750863896405e+00 4.9854809327645961e+00 -2.2363297776851079e+00
1.5896458827164355e+00 4.9817159493056993e+00 -2.5573960474560016e+00
1.5912166790432303e+00 4.9774328056273349e+00 -2.8960718596205766e+00
1.5927874753700253e+00 4.9725838619414500e+00 -3.2777949914419886e+00
1.5943582716968201e+00 4.9671077523191576e+00 -3.6946043309660133e+00
1.5959290680236149e+00 4.9609829400854641e+00 -4.1037488090503400e+00
1.5974998643504099e+00 4.9542246938620274e+00 -4.5011175356860651e+00
1.5990706606772047e+00 4.9468437998548334e+00 -4.8965285897725703e+00
1.6006414570039997e+00 4.9388416383769540e+00 -5.2921398472191647e+00
1.6022122533307945e+00 4.9302177788381956e+00 -5.6880991457703658e+00
1.6037830496575896e+00 4.9209716430756938e+00 -6.0844465430359547e+00
1.6053538459843844e+00 4.9111025893672515e+00 -6.4812229076681875e+00
1.6069246423111794e+00 4.9006099118839153e+00 -6.8784689942668340e+00
1.6084954386379742e+00 4.8894928422024320e+00 -7.2762237457752041e+00
1.6100662349647690e+00 4.8777505535062957e+00 -7.6745225678429660e+00
1.6116370312915640e+00 4.8653821671485229e+00 -8.0733960474349011e+00
1.6132078276183588e+00 4.8523867607279181e+00 -8.4728693071851904e+00
1.6147786239451538e+00 4.8387633767010190e+00 -8.8729619689746695e+00
1.6163494202719486e+00 4.8245110306904424e+00 -9.2736885769410513e+00
1.6179202165987436e+00 4.8096265044661983e+00 -9.6778788164125213e+00
1.6194910129255384e+00 4.7940760493040449e+00 -1.0121575634673318e+01
1.6210618092523335e+00 4.7776478512227882e+00 -1.0795455811122727e+01
1.6226326055791283e+00 4.7597353716605362e+00 -1.2011421511798643e+01
1.6242034019059230e+00 4.7396943957804956e+00 -1.3505541493754336e+01
1.6257741982327181e+00 4.7172382773161168e+00 -1.5086476556347753e+01
1.6273449945595129e+00 4.6923946707344211e+00 -1.6545385777312269e+01
1.6289157908863079e+00 4.6662958135979373e+00 -1.6684711201249659e+01
1.6304865872131027e+00 4.6413037657350840e+00 -1.5136152441650756e+01
1.6320573835398977e+00 4.6198104477252819e+00 -1.2229989995995435e+01
1.6336281798666925e+00 4.6038199880909234e+00 -8.1296955489622604e+00
1.6351989761934873e+00 4.5953219625524815e+00 -2.6903266187515320e+00
1.6367697725202823e+00 4.5932089849671742e+00 0.0000000000000000e+00
1.6383405688470771e+00 4.5947631685436532e+00 1.9788479893511446e+00
1.6399113651738721e+00 4.5987322508929944e+00 3.0747446141395121e+00
1.6414821615006669e+00 4.6028547330646257e+00 2.1741627092469851e+00
1.6430529578274620e+00 4.6045623164633955e+00 0.0000000000000000e+00
1.6446237541542568e+00 4.6037542342061473e+00 -1.0288822853274333e+00
1.6461945504810518e+00 4.6018974929644170e+00 -1.3351940879837441e+00
1.6477653468078466e+00 4.6003577216462750e+00 -6.2530364412413419e-01
1.6493361431346414e+00 4.5998666093126142e+00 0.0000000000000000e+00
1.6509069394614364e+00 4.6007007212150972e+00 1.0620242589758628e+00
1.6524777357882312e+00 4.6028805320272452e+00 1.7133970670929122e+00
1.6540485321150262e+00 4.6058807105897079e+00 2.1065489199011815e+00
1.6556193284418210e+00 4.6093427460795331e+00 2.3014515710212260e+00
1.6571901247686160e+00 4.6128473995356529e+00 2.1608117999034473e+00
1.6587609210954108e+00 4.6160167437636099e+00 1.8745226020093302e+00
1.6603317174222059e+00 4.6186899406390411e+00 1.5290973706517812e+00
1.6619025137490007e+00 4.6208664645619280e+00 1.2421389580301414e+00
1.6634733100757955e+00 4.6226622273455726e+00 1.0442972310704512e+00
1.6650441064025905e+00 4.6242146428630857e+00 9.3229959568780030e-01
1.6666149027293853e+00 4.6256525190402247e+00 8.9846121347775354e-01
1.6681856990561803e+00 4.6270987465120426e+00 9.4293279432281463e-01
1.6697564953829751e+00 4.6286825412992378e+00 1.0736173594801928e+00
1.6713272917097701e+00 4.6305460335467661e+00 1.2990546613794260e+00
1.6728980880365649e+00 4.6328396987967393e+00 1.6213306372710066e+00
1.6744688843633597e+00 4.6357013392291675e+00 2.0222231241100941e+00
1.6760396806901547e+00 4.6392355013495985e+00 2.4776118451275488e+00
1.6776104770169495e+00 4.6435473321718064e+00 3.0123816679161943e+00
1.6791812733437446e+00 4.6487961426417108e+00 3.6706113851861080e+00
1.6807520696705394e+00 4.6551720380469623e+00 4.4474307778754962e+00
1.6823228659973344e+00 4.6628427142098401e+00 5.3191774475569913e+00
1.6838936623241292e+00 4.6719712128117115e+00 6.3035879564060036e+00
1.6854644586509242e+00 4.6828776526184424e+00 7.5829224977964218e+00
1.6870352549777190e+00 4.6963986247949112e+00 9.6325139605484846e+00
1.6886060513045138e+00 4.7136714649345812e+00 1.2359949155169126e+01
1.6901768476313088e+00 4.7347041443277886e+00 1.4419689979997086e+01
1.6917476439581036e+00 4.7578311928189043e+00 1.5026582711901192e+01
1.6933184402848986e+00 4.7806446859050942e+00 1.4020458838976008e+01
1.6948892366116934e+00 4.8006709585771485e+00 1.1477783460734143e+01
1.6964600329384885e+00 4.8158911592472453e+00 7.9011779112357781e+00
1.6980308292652833e+00 4.8252467664802898e+00 4.0107511828879412e+00
1.6996016255920783e+00 4.8284167356152672e+00 2.5378875354801489e-02
1.7011724219188731e+00 4.8284366681373596e+00 0.0000000000000000e+00
1.7027432182456679e+00 4.8262637356709677e+00 -2.7666635442493597e+00
1.7043140145724629e+00 4.8209485625596633e+00 -4.0008250481761465e+00
1.7058848108992577e+00 4.8143223086904090e+00 -4.4359834116127876e+00
1.7074556072260527e+00 4.8068664045009024e+00 -5.0571686442233252e+00
1.7090264035528475e+00 4.7976232721189440e+00 -6.7115530217084736e+00
1.7105971998796425e+00 4.7856368879023750e+00 -8.5499853612158550e+00
1.7121679962064373e+00 4.7719319471207626e+00 -8.8996872001877474e+00
1.7137387925332324e+00 4.7595507723664134e+00 -6.8645141073249079e+00
1.7153095888600272e+00 4.7513184974411171e+00 -3.6171438706951666e+00
1.7168803851868220e+00 4.7484775992883286e+00 0.0000000000000000e+00
1.7184511815136170e+00 4.7487288575449584e+00 3.1991194828274805e-01
1.7200219778404118e+00 4.7511290619634989e+00 2.7361232328515208e+00
1.7215927741672068e+00 4.7559702265862169e+00 3.4278390073650482e+00
1.7231635704940016e+00 4.7615021245115745e+00 3.6155921886389124e+00
1.7247343668207966e+00 4.7670435778420783e+00 3.4400053270626922e+00
1.7263051631475914e+00 4.7721750328683763e+00 3.0935661344507466e+00
1.7278759594743862e+00 4.7768393883890887e+00 2.8452757652241263e+00
1.7294467558011812e+00 4.7813445628849474e+00 2.8908905588350149e+00
1.7310175521279760e+00 4.7861271859443635e+00 3.1985342479764882e+00
1.7325883484547711e+00 4.7912922966183054e+00 3.3778889150194513e+00
1.7341591447815659e+00 4.7962418516014429e+00 2.9240802183528687e+00
1.7357299411083609e+00 4.7998614827488417e+00 1.6845772958695573e+00
1.7373007374351557e+00 4.8011845466631184e+00 0.0000000000000000e+00
1.7388715337619507e+00 4.8003886172373065e+00 -1.0134088197621025e+00
1.7404423300887455e+00 4.7954457455718593e+00 -5.2800508492364662e+00
1.7420131264155403e+00 4.7847151799180914e+00 -8.3825296785187771e+00
1.7435839227423353e+00 4.7701465737656967e+00 -1.0166795786380689e+01
1.7451547190691301e+00 4.7538335347601999e+00 -1.0603610570226174e+01
1.7467255153959251e+00 4.7379261425877131e+00 -9.6503101973927343e+00
1.7482963117227199e+00 4.7243400355621290e+00 -7.6480585265865226e+00
1.7498671080495150e+00 4.7142229289211368e+00 -5.2334417270259523e+00
1.7514379043763098e+00 4.7072505142522134e+00 -3.6441123517393632e+00
1.7530087007031048e+00 4.7022008974283089e+00 -2.7852594742149783e+00
1.7545794970298996e+00 4.6981172069134223e+00 -2.4142567777988515e+00
1.7561502933566944e+00 4.6942942125608758e+00 -2.4533308111625205e+00
1.7577210896834894e+00 4.6902126098706765e+00 -2.7435271398967229e+00
1.7592918860102842e+00 4.6858081933540152e+00 -2.8643501406010117e+00
1.7608626823370792e+00 4.6818201860554058e+00 -2.2133384566801100e+00
1.7624334786638740e+00 4.6790816158501887e+00 -1.2735174246363332e+00
1.7640042749906690e+00 4.6773152286688804e+00 -9.7551658591889034e-01
1.7655750713174638e+00 4.6755187892610017e+00 -1.3117811079134432e+00
1.7671458676442586e+00 4.6723415171279070e+00 -2.7336474163275062e+00
1.7687166639710536e+00 4.6661470020857232e+00 -5.1534540958370867e+00
1.7702874602978484e+00 4.6560140828677499e+00 -7.7481793560942931e+00
1.7718582566246435e+00 4.6411064446737269e+00 -1.1232815111138581e+01
1.7734290529514383e+00 4.6209657830567066e+00 -1.4411071716783374e+01
1.7749998492782333e+00 4.5973873189411254e+00 -1.5609961199291416e+01
1.7765706456050281e+00 4.5734224236288981e+00 -1.4903091197676275e+01
1.7781414419318231e+00 4.5519962103901399e+00 -1.2377610791836220e+01
1.7797122382586179e+00 4.5355408732653268e+00 -8.5739751574255845e+00
1.7812830345854127e+00 4.5241625619824690e+00 -5.9133407202161079e+00
1.7828538309122077e+00 4.5157450609808363e+00 -4.8041544229099493e+00
1.7844246272390025e+00 4.5085591606225011e+00 -4.3452180778493776e+00
1.7859954235657975e+00 4.5019922031596664e+00 -4.0160918524248554e+00
1.7875662198925923e+00 4.4959078114849804e+00 -3.7307962334435225e+00
1.7891370162193874e+00 4.4902565597786719e+00 -3.4646009162800993e+00
1.7907078125461822e+00 4.4850102827726301e+00 -3.2151664304470104e+00
1.7922786088729772e+00 4.4801426508559272e+00 -2.9824950151132756e+00
1.7938494051997720e+00 4.4756273487854363e+00 -2.7665661374603010e+00
1.7954202015265668e+00 4.4714381214429793e+00 -2.5673237768424566e+00
1.7969909978533618e+00 4.4675488394213536e+00 -2.3846638937188627e+00
1.7985617941801566e+00 4.4639335792158592e+00 -2.2184283644243785e+00
1.8001325905069516e+00 4.4605667005071226e+00 -2.0684147498655192e+00
1.8017033868337464e+00 4.4574228895178827e+00 -1.9344097228084274e+00
1.8032741831605414e+00 4.4544771335912250e+00 -1.8162432121502223e+00
1.8048449794873362e+00 4.4517046103492355e+00 -1.7138430182483575e+00
1.8064157758141310e+00 4.4490805139073455e+00 -1.6272603407654396e+00
1.8079865721409261e+00 4.4465798770121605e+00 -1.5566494412078702e+00
1.8095573684677209e+00 4.4441774521069002e+00 -1.5022129514266098e+00
1.8111281647945159e+00 4.4418476812284027e+00 -1.4641434612480784e+00
1.8126989611213107e+00 4.4395647404906109e+00 -1.4425869643957385e+00
1.8142697574481057e+00 4.4373026200731491e+00 -1.4376342060687854e+00
1.8158405537749005e+00 4.4350352031541957e+00 -1.4493306795447383e+00
1.8174113501016955e+00 4.4327356071182455e+00 -1.4786059303434895e+00
1.8189821464284903e+00 4.4303758382780956e+00 -1.5259450733698252e+00
1.8205529427552851e+00 4.4280440265973020e+00 -1.4430097694917070e+00
1.8221237390820801e+00 4.4264969179945455e+00 -5.2683008353744620e-01
1.8236945354088749e+00 4.4260831466145127e+00 0.0000000000000000e+00
1.8252653317356700e+00 4.4280875371605370e+00 2.5520693062915201e+00
1.8268361280624648e+00 4.4335323981870118e+00 4.3805430682040445e+00
1.8284069243892598e+00 4.4409464963343375e+00 5.0593798815183799e+00
1.8299777207160546e+00 4.4486904431297427e+00 4.8005194107169258e+00
1.8315485170428496e+00 4.4553135892551854e+00 3.6323321467557150e+00
1.8331193133696444e+00 4.4588515766540553e+00 8.7237331826011877e-01
1.8346901096964392e+00 4.4595367370560135e+00 0.0000000000000000e+00
1.8362609060232342e+00 4.4584270454588983e+00 -1.4129032239067949e+00
1.8378317023500290e+00 4.4555594523250255e+00 -2.2382297523519159e+00
1.8394024986768240e+00 4.4515232014732771e+00 -2.9008844445647775e+00
1.8409732950036188e+00 4.4464407027299444e+00 -3.5703539415131287e+00
1.8425440913304139e+00 4.4402997118182066e+00 -4.2485985311702255e+00
1.8441148876572087e+00 4.4330858669863398e+00 -4.9363539783466557e+00
1.8456856839840037e+00 4.4247837519212405e+00 -5.6342272274779708e+00
1.8472564803107985e+00 4.4153771144778791e+00 -6.3426755483973203e+00
1.8488272766375933e+00 4.4048474987442789e+00 -7.0640475944884304e+00
1.8503980729643883e+00 4.3931471994770330e+00 -7.8332361178038745e+00
1.8519688692911831e+00 4.3799980969585679e+00 -8.9087211864839428e+00
1.8535396656179781e+00 4.3642014890613785e+00 -1.1204144660891417e+01
1.8551104619447729e+00 4.3427425527174996e+00 -1.6118221680091150e+01
1.8566812582715679e+00 4.3113377849812471e+00 -2.3867570494925001e+01
1.8582520545983627e+00 4.2684400739007353e+00 -3.0751491631409756e+01
1.8598228509251575e+00 4.2192599881749810e+00 -3.1866538328089511e+01
1.8613936472519526e+00 4.1741175101290544e+00 -2.5610649867318287e+01
1.8629644435787474e+00 4.1431970334811128e+00 -1.3758523742903206e+01
1.8645352399055424e+00 4.1288395022668656e+00 -4.5220527638446510e+00
1.8661060362323372e+00 4.1242406218192444e+00 -1.3334236835762250e+00
1.8676768325591322e+00 4.1228203602006381e+00 -4.7490957310329696e-01
1.8692476288859270e+00 4.1224416899544272e+00 -7.2283587867312000e-03
1.8708184252127220e+00 4.1224360128147115e+00 0.0000000000000000e+00
1.8723892215395168e+00 4.1228346655352599e+00 5.0758040841807006e-01
1.8739600178663116e+00 4.1239679238625238e+00 9.3532890825462978e-01
1.8755308141931066e+00 4.1257269460149368e+00 1.3043276562625692e+00
1.8771016105199014e+00 4.1280547300710362e+00 1.6594990555668168e+00
1.8786724068466965e+00 4.1310766908818080e+00 2.1881809513473969e+00
1.8802432031734913e+00 4.1350716931127653e+00 2.8984138704128370e+00
1.8818139995002863e+00 4.1402289126280660e+00 3.6679619573476732e+00
1.8833847958270811e+00 4.1467876179494390e+00 4.6828410200900565e+00
1.8849555921538761e+00 4.1557434374135775e+00 6.7200624771594351e+00
1.8865263884806709e+00 4.1704631483798655e+00 1.2021655612191967e+01
1.8880971848074657e+00 4.1987108710879930e+00 2.3944461988511371e+01
1.8896679811342607e+00 4.2468087999840014e+00 3.7295723101741928e+01
1.8912387774610555e+00 4.3108885498338889e+00 4.4293148423877213e+01
1.8928095737878505e+00 4.3796428802527752e+00 4.3247583937229649e+01
1.8943803701146453e+00 4.4419772858207471e+00 3.6119046229477213e+01
1.8959511664414403e+00 4.4920972925621747e+00 2.7695728336096614e+01
1.8975219627682351e+00 4.5310530569614933e+00 2.1904291392505531e+01
1.8990927590950299e+00 4.5628436983003482e+00 1.8572810312619676e+01
1.9006635554218250e+00 4.5898383521406441e+00 1.5797850453278908e+01
1.9022343517486198e+00 4.6118459217764549e+00 1.2223057490549495e+01
1.9038051480754148e+00 4.6271809619303390e+00 7.3021220534755980e+00
1.9053759444022096e+00 4.6329160351800427e+00 0.0000000000000000e+00
1.9069467407290046e+00 4.6314340249532941e+00 -1.8869540263982685e+00
1.9085175370557994e+00 4.6213561704456509e+00 -1.0944568858821501e+01
1.9100883333825944e+00 4.5941001148337870e+00 -2.3758918979701637e+01
1.9116591297093892e+00 4.5471508563242793e+00 -3.6018733550601482e+01
1.9132299260361840e+00 4.4866575208541466e+00 -4.1003773362905974e+01
1.9148007223629790e+00 4.4232424451372392e+00 -3.9738808772228900e+01
1.9163715186897738e+00 4.3648954621454594e+00 -3.4550877288900118e+01
1.9179423150165689e+00 4.3145599943481541e+00 -2.9538230813367186e+01
1.9195131113433637e+00 4.2704668427779495e+00 -2.6602913417821917e+01
1.9210839076701587e+00 4.2299627142647642e+00 -2.4968544730196058e+01
1.9226547039969535e+00 4.1915914888104178e+00 -2.3887216898229426e+01
1.9242255003237485e+00 4.1546805395831532e+00 -2.3109263291632129e+01
1.9257962966505433e+00 4.1188149523303368e+00 -2.2556220693806225e+01
1.9273670929773381e+00 4.0836492041956634e+00 -2.2218200451459193e+01
1.9289378893041331e+00 4.0488455005740178e+00 -2.2095251302859261e+01
1.9305086856309279e+00 4.0140653722654704e+00 -2.2188183430549117e+01
1.9320794819577229e+00 3.9789686148242098e+00 -2.2498396035637938e+01
1.9336502782845177e+00 3.9432043149287663e+00 -2.3038124881011093e+01
1.9352210746113128e+00 3.9063605944978264e+00 -2.3872756946825096e+01
1.9367918709381076e+00 3.8678562170756674e+00 -2.5152539032478529e+01
1.9383626672649024e+00 3.8268000897518610e+00 -2.7121745829876790e+01
1.9399334635916974e+00 3.7820504915684143e+00 -2.9855212188292100e+01
1.9415042599184922e+00 3.7329155816276764e+00 -3.2705298175259891e+01
1.9430750562452872e+00 3.6800498695127000e+00 -3.4605417050107718e+01
1.9446458525720820e+00 3.6254325397024219e+00 -3.4935527092185403e+01
1.9462166488988770e+00 3.5714857412055339e+00 -3.3751670065906112e+01
1.9477874452256718e+00 3.5198857147836486e+00 -3.1947524083821403e+01
1.9493582415524668e+00 3.4718359557163434e+00 -2.9231329275663981e+01
1.9509290378792616e+00 3.4285398201998700e+00 -2.5895022598125834e+01
1.9524998342060564e+00 3.3900991202339030e+00 -2.3049196725846176e+01
1.9540706305328515e+00 3.3559144481929990e+00 -2.0476079540432135e+01
1.9556414268596463e+00 3.3258403947890227e+00 -1.7815394523989994e+01
1.9572122231864413e+00 3.2998317476713943e+00 -1.5299843491234297e+01
1.9587830195132361e+00 3.2772791755907424e+00 -1.3414983117343377e+01
1.9603538158400311e+00 3.2582498367019053e+00 -1.0813923666089027e+01
1.9619246121668259e+00 3.2433976386304901e+00 -8.0964822446769951e+00
1.9634954084936209e+00 3.2322087867456113e+00 -6.1496064353342552e+00
1.9650662048204157e+00 3.2237792605524582e+00 -4.5831996571695317e+00
1.9666370011472105e+00 3.2175421236919028e+00 -3.3581696396155718e+00
1.9682077974740055e+00 3.2125406912694716e+00 -3.0098519009438651e+00
1.9697785938008003e+00 3.2075015728500054e+00 -3.4061529413242515e+00
1.9713493901275954e+00 3.2025117257224083e+00 -2.9471177437149305e+00
1.9729201864543902e+00 3.1987186270100549e+00 -1.8824055339378309e+00
1.9744909827811852e+00 3.1962957458401458e+00 -1.2025025837843688e+00
1.9760617791079800e+00 3.1947898471191278e+00 -7.1486721818203913e-01
1.9776325754347750e+00 3.1942173283002862e+00 -1.4086382072086189e-02
1.9792033717615698e+00 3.1942062648816778e+00 0.0000000000000000e+00
1.9807741680883646e+00 3.1942062648816778e+00 0.0000000000000000e+00
1.9823449644151596e+00 3.1931978592956320e+00 -1.2839418692854256e+00
1.9839157607419544e+00 3.1897972167101871e+00 -3.0458907480136634e+00
1.9854865570687494e+00 3.1841269052449723e+00 -4.1737740404623294e+00
1.9870573533955442e+00 3.1768659234361420e+00 -5.0711951321435613e+00
1.9886281497223393e+00 3.1683435260011610e+00 -5.7798582980229121e+00
1.9901989460491341e+00 3.1589659674842556e+00 -6.1600200387696731e+00
1.9917697423759289e+00 3.1490381886121193e+00 -6.4804206126213861e+00
1.9933405387027239e+00 3.1385140366908022e+00 -6.9193457883987373e+00
1.9949113350295187e+00 3.1274901827734372e+00 -7.1166609545747770e+00
1.9964821313563137e+00 3.1162909619769357e+00 -7.1426298337504823e+00
1.9980529276831085e+00 3.1051465308849813e+00 -7.0469005361026538e+00
1.9996237240099035e+00 3.0943452163382354e+00 -6.7057602799362419e+00
2.0011945203366985e+00 3.0841797881547253e+00 -6.2372648724730997e+00
2.0027653166634933e+00 3.0745946967136120e+00 -5.9668525902555132e+00
2.0043361129902881e+00 3.0652597801016195e+00 -5.9187323869390189e+00
2.0059069093170829e+00 3.0560112618578343e+00 -5.8568467712536743e+00
2.0074777056438777e+00 3.0469929240155005e+00 -5.6256575973880540e+00
2.0090485019706730e+00 3.0384944403133280e+00 -5.1949479225026121e+00
2.0106192982974678e+00 3.0308507322691662e+00 -4.5373234277350178e+00
2.0121900946242626e+00 3.0241667067290683e+00 -3.9730422079381658e+00
2.0137608909510574e+00 3.0181671954873495e+00 -3.6657727541016087e+00
2.0153316872778526e+00 3.0126589563417316e+00 -3.3475351479555360e+00
2.0169024836046474e+00 3.0077687693470296e+00 -2.8788443148489353e+00
2.0184732799314422e+00 3.0037262768592354e+00 -2.2682169799058123e+00
2.0200440762582370e+00 3.0007276790334099e+00 -1.5497163506923364e+00
2.0216148725850318e+00 2.9989145308196097e+00 -7.5885565558401935e-01
2.0231856689118271e+00 2.9978011103082602e+00 -6.5879536938487604e-01
2.0247564652386218e+00 2.9965400908087800e+00 -9.4678452403561097e-01
2.0263272615654166e+00 2.9950645103040410e+00 -9.3198292603875976e-01
2.0278980578922114e+00 2.9943210015178425e+00 -1.4681862406968971e-02
2.0294688542190067e+00 2.9943094704100730e+00 0.0000000000000000e+00
2.0310396505458015e+00 2.9959005605687028e+00 2.0258389092067910e+00
2.0326104468725963e+00 3.0011828400745033e+00 4.6997682439231019e+00
2.0341812431993911e+00 3.0115593472234798e+00 8.5120109943818800e+00
2.0357520395261859e+00 3.0285540844559149e+00 1.3126360502338835e+01
2.0373228358529811e+00 3.0526370836681136e+00 1.7537066450451409e+01
2.0388936321797759e+00 3.0831796257100663e+00 2.1350905874101734e+01
2.0404644285065707e+00 3.1192224611867245e+00 2.4540257559165816e+01
2.0420352248333655e+00 3.1599974419786672e+00 2.7376060420955540e+01
2.0436060211601603e+00 3.2056157175714146e+00 3.0706932026361070e+01
2.0451768174869556e+00 3.2572400716550205e+00 3.5023237064281631e+01
2.0467476138137504e+00 3.3153992584455918e+00 3.9027339447117484e+01
2.0483184101405452e+00 3.3781675135707574e+00 4.0891685132273793e+01
2.0498892064673400e+00 3.4417011853145967e+00 4.0001898154210238e+01
2.0514600027941352e+00 3.5020005357836226e+00 3.6773619384781512e+01
2.0530307991209300e+00 3.5567233962503773e+00 3.2901690562519526e+01
2.0546015954477248e+00 3.6062087993480008e+00 3.0105081548538326e+01
2.0561723917745196e+00 3.6524697522067680e+00 2.8796193008377166e+01
2.0577431881013144e+00 3.6967877396367168e+00 2.7631221130513254e+01
2.0593139844281096e+00 3.7375716289729115e+00 2.4296439560420882e+01
2.0608847807549044e+00 3.7703328879507918e+00 1.7416490905528541e+01
2.0624555770816992e+00 3.7905748401989152e+00 8.3563631594246939e+00
2.0640263734084940e+00 3.7988245207544069e+00 2.1474563552607906e+00
2.0655971697352893e+00 3.8005111290318054e+00 0.0000000000000000e+00
2.0671679660620841e+00 3.7979081057469433e+00 -3.3142721821531942e+00
2.0687387623888789e+00 3.7894480553529166e+00 -7.4573985299744585e+00
2.0703095587156737e+00 3.7759307801444701e+00 -9.7533308024890619e+00
2.0718803550424685e+00 3.7595023094651867e+00 -1.1164047725897865e+01
2.0734511513692637e+00 3.7409049068408056e+00 -1.2514900724820517e+01
2.0750219476960585e+00 3.7203038063017813e+00 -1.3715235146531711e+01
2.0765927440228533e+00 3.6981305577767638e+00 -1.4516621710763017e+01
2.0781635403496481e+00 3.6742197236354737e+00 -1.5927597865533071e+01
2.0797343366764434e+00 3.6476499232080526e+00 -1.7902122734373194e+01
2.0813051330032382e+00 3.6186432392622780e+00 -1.9030334327023855e+01
2.0828759293300330e+00 3.5885800532066625e+00 -1.9247302999718670e+01
2.0844467256568278e+00 3.5582372014111501e+00 -1.9386415806368589e+01
2.0860175219836226e+00 3.5284738555918209e+00 -1.8509453074431413e+01
2.0875883183104178e+00 3.5009474611219487e+00 -1.6538240888581605e+01
2.0891591146372126e+00 3.4760978754715652e+00 -1.5101234231771961e+01
2.0907299109640074e+00 3.4531366588393699e+00 -1.4133894779571586e+01
2.0923007072908022e+00 3.4316359089214785e+00 -1.3241710257350872e+01
2.0938715036175974e+00 3.4111242328448288e+00 -1.2874566852232181e+01
2.0954422999443922e+00 3.3902857964127135e+00 -1.3657754463588720e+01
2.0970130962711870e+00 3.3684861952985661e+00 -1.4098359734398285e+01
2.0985838925979818e+00 3.3469608636863164e+00 -1.3308543687857542e+01
2.1001546889247766e+00 3.3270108019557481e+00 -1.2092663827411309e+01
2.1017254852515719e+00 3.3099196121803502e+00 -9.6685148611939162e+00
2.1032962815783667e+00 3.2979113137761162e+00 -5.6209255320579192e+00
2.1048670779051615e+00 3.2923272043963063e+00 -1.4889833524428784e+00
2.1064378742319563e+00 3.2911577596059685e+00 0.0000000000000000e+00
2.1080086705587515e+00 3.2925909530829633e+00 1.8247986101661886e+00
2.1095794668855463e+00 3.2993703107280945e+00 6.8069476315181507e+00
2.1111502632123411e+00 3.3149630025808894e+00 1.3046284244331400e+01
2.1127210595391359e+00 3.3392964831737695e+00 1.7936065507571371e+01
2.1142918558659307e+00 3.3705462234980539e+00 2.1852339636015053e+01
2.1158626521927260e+00 3.4082424321519094e+00 2.6143963908651248e+01
2.1174334485195208e+00 3.4536113650526410e+00 3.1621555563000133e+01
2.1190042448463156e+00 3.5078738362633426e+00 3.7467568577522748e+01
2.1205750411731104e+00 3.5704692193563905e+00 4.2231348494397601e+01
2.1221458374999056e+00 3.6379458663939568e+00 4.3682586859949780e+01
2.1237166338267004e+00 3.7040871124503445e+00 4.0531063157106665e+01
2.1252874301534952e+00 3.7621720025871994e+00 3.3424915916739060e+01
2.1268582264802900e+00 3.8086554575601443e+00 2.5759657130734361e+01
2.1284290228070848e+00 3.8459284010125883e+00 2.1697728421597766e+01
2.1299998191338800e+00 3.8791503986341080e+00 2.0601832705209475e+01
2.1315706154606748e+00 3.9108670122699585e+00 1.9781014001044021e+01
2.1331414117874696e+00 3.9400720039953581e+00 1.7403936367400092e+01
2.1347122081142644e+00 3.9639169497345939e+00 1.2956391489861256e+01
2.1362830044410592e+00 3.9804495735679870e+00 8.0935989530475076e+00
2.1378538007678545e+00 3.9897133551590649e+00 3.7014141024998199e+00
2.1394245970946493e+00 3.9926204389971414e+00 0.0000000000000000e+00
2.1409953934214441e+00 3.9899872588247525e+00 -3.3526691238982607e+00
2.1425661897482389e+00 3.9801235934870980e+00 -9.2061396400375077e+00
2.1441369860750341e+00 3.9628254043448163e+00 -1.2818598828219036e+01
2.1457077824018289e+00 3.9409930412897345e+00 -1.4979229168528088e+01
2.1472785787286237e+00 3.9162988663518705e+00 -1.6462370886970412e+01
2.1488493750554185e+00 3.8892425248772935e+00 -1.7986833014321547e+01
2.1504201713822133e+00 3.8595900931966880e+00 -1.9767815598985177e+01
2.1519909677090086e+00 3.8270474673188200e+00 -2.1666742558229302e+01
2.1535617640358033e+00 3.7918732210382968e+00 -2.3118498762389482e+01
2.1551325603625981e+00 3.7551465805286708e+00 -2.3643312279741441e+01
2.1567033566893929e+00 3.7182830610749029e+00 -2.3292778446912560e+01
2.1582741530161882e+00 3.6822483275142663e+00 -2.2588069306475173e+01
2.1598449493429830e+00 3.6468587892698920e+00 -2.2471290256182307e+01
2.1614157456697778e+00 3.6111809940676669e+00 -2.2955089464255842e+01
2.1629865419965726e+00 3.5750110453788162e+00 -2.3097919537433572e+01
2.1645573383233674e+00 3.5393251390653839e+00 -2.2338787570545232e+01
2.1661281346501626e+00 3.5056734809880958e+00 -2.0507834239354786e+01
2.1676989309769574e+00 3.4756230132886770e+00 -1.7753609573334234e+01
2.1692697273037522e+00 3.4500844071717895e+00 -1.4763153652104316e+01
2.1708405236305470e+00 3.4286108581483457e+00 -1.2577818130355276e+01
2.1724113199573423e+00 3.4099477972794783e+00 -1.1184728993680817e+01
2.1739821162841371e+00 3.3931925856635803e+00 -1.0148669016087803e+01
2.1755529126109319e+00 3.3778770674868177e+00 -9.3516543746776275e+00
2.1771237089377267e+00 3.3637364120582260e+00 -8.6527873054805955e+00
2.1786945052645215e+00 3.3510256318594878e+00 -7.5310806879909258e+00
2.1802653015913167e+00 3.3416190663223806e+00 -4.4457305339944764e+00
2.1818360979181115e+00 3.3381273977260215e+00 0.0000000000000000e+00
2.1834068942449063e+00 3.3391388631851666e+00 1.2878378207174801e+00
2.1849776905717011e+00 3.3426519867261923e+00 3.1852099972570418e+00
2.1865484868984963e+00 3.3471849634012254e+00 2.5863551607561113e+00
2.1881192832252911e+00 3.3492162819943765e+00 0.0000000000000000e+00
2.1896900795520859e+00 3.3472285481881592e+00 -2.5308612864828937e+00
2.1912608758788807e+00 3.3379543803936134e+00 -9.2773758940426898e+00
2.1928316722056755e+00 3.3188180911800185e+00 -1.5087704272196666e+01
2.1944024685324708e+00 3.2915299883096107e+00 -1.9656587403199655e+01
2.1959732648592656e+00 3.2578956336187943e+00 -2.3168003050799300e+01
2.1975440611860604e+00 3.2194366440077120e+00 -2.5799503372592472e+01
2.1991148575128552e+00 3.1773870231249228e+00 -2.7739736776499281e+01
2.2006856538396504e+00 3.1323011488505115e+00 -2.9665381258626585e+01
2.2022564501664452e+00 3.0832503992523388e+00 -3.2787972828673354e+01
2.2038272464932400e+00 3.0287956159935892e+00 -3.6546010616353122e+01
2.2053980428200348e+00 2.9695696315599469e+00 -3.8862854840434188e+01
2.2069688391468296e+00 2.9083160460003308e+00 -3.9127632550892898e+01
2.2085396354736249e+00 2.8483118750870511e+00 -3.7272050704925299e+01
2.2101104318004197e+00 2.7925909206724304e+00 -3.3674071926159684e+01
2.2116812281272145e+00 2.7425872628076413e+00 -2.9992562648701334e+01
2.2132520244540093e+00 2.6972415627784883e+00 -2.7743375812118146e+01
2.2148228207808045e+00 2.6548090559466901e+00 -2.6283369868360289e+01
2.2163936171075993e+00 2.6148883363678910e+00 -2.4545268953653345e+01
2.2179644134343941e+00 2.5780865401887838e+00 -2.2312233258872311e+01
2.2195352097611889e+00 2.5451961828824476e+00 -1.9565070304026687e+01
2.2211060060879837e+00 2.5170570739828477e+00 -1.6262755900555149e+01
2.2226768024147789e+00 2.4942825646639952e+00 -1.2734649976140810e+01
2.2242475987415737e+00 2.4767379152830586e+00 -9.6038914141820992e+00
2.2258183950683685e+00 2.4634988640995559e+00 -7.2525920874274119e+00
2.2273891913951633e+00 2.4532608309745094e+00 -5.7828765476909014e+00
2.2289599877219581e+00 2.4446440991722378e+00 -5.1882871293392379e+00
2.2305307840487534e+00 2.4362257590615108e+00 -5.5302764006662279e+00
2.2321015803755482e+00 2.4264260329738874e+00 -6.9471223816697112e+00
2.2336723767023430e+00 2.4137341572214774e+00 -9.2126757231650700e+00
2.2352431730291378e+00 2.3974794098166501e+00 -1.1483511462343790e+01
2.2368139693559330e+00 2.3783248170329103e+00 -1.2904873533207272e+01
2.2383847656827278e+00 2.3582927506758034e+00 -1.2600745515422025e+01
2.2399555620095226e+00 2.3402111178846443e+00 -1.0421504387663118e+01
2.2415263583363174e+00 2.3262064839333578e+00 -7.4097493686567022e+00
2.2430971546631122e+00 2.3162538490096325e+00 -5.2623389905435429e+00
2.2446679509899075e+00 2.3086693093843698e+00 -4.3945967889494035e+00
2.2462387473167023e+00 2.3019759269736633e+00 -4.1276823843976578e+00
2.2478095436434971e+00 2.2959117048718971e+00 -3.5935250036286028e+00
2.2493803399702919e+00 2.2914362517474385e+00 -2.1047988950410992e+00
2.2509511362970871e+00 2.2897831465609517e+00 0.0000000000000000e+00
2.2525219326238819e+00 2.2909553990998077e+00 1.4925582888874691e+00
2.2540927289506767e+00 2.2957291842851966e+00 4.5856137872209359e+00
2.2556635252774715e+00 2.3090193558642129e+00 1.2335958223499214e+01
2.2572343216042663e+00 2.3364236671809282e+00 2.2556294641177978e+01
2.2588051179310615e+00 2.3765044807999631e+00 2.8476182243725514e+01
2.2603759142578563e+00 2.4215689989544695e+00 2.8901744335031065e+01
2.2619467105846511e+00 2.4641478419675171e+00 2.5311322358255204e+01
2.2635175069114459e+00 2.5004752530027923e+00 2.0942173929708680e+01
2.2650883032382412e+00 2.5318387111997289e+00 1.8991021306270586e+01
2.2666590995650360e+00 2.5616419634136376e+00 1.8955657974195855e+01
2.2682298958918308e+00 2.5908557167376434e+00 1.8240448008068824e+01
2.2698006922186256e+00 2.6173442944930931e+00 1.5485856673963985e+01
2.2713714885454204e+00 2.6373208317816559e+00 9.9490605687121469e+00
2.2729422848722156e+00 2.6476733496039224e+00 3.2321745101703323e+00
2.2745130811990104e+00 2.6502118935279899e+00 0.0000000000000000e+00
2.2760838775258052e+00 2.6422173321787001e+00 -1.0178991652727907e+01
2.2776546738526000e+00 2.6144303224223084e+00 -2.5200527999053900e+01
2.2792254701793953e+00 2.5661720690701739e+00 -3.6243788528718703e+01
2.2807962665061901e+00 2.5038591105683161e+00 -4.3095534385292922e+01
2.2823670628329848e+00 2.4340210759520580e+00 -4.5825013014715687e+01
2.2839378591597796e+00 2.3617941990623055e+00 -4.6137102834040959e+01
2.2855086554865744e+00 2.2881248809930916e+00 -4.7661586165360355e+01
2.2870794518133697e+00 2.2099804804006471e+00 -5.1834954868544258e+01
2.2886502481401645e+00 2.1256881657308631e+00 -5.5489353486291243e+01
2.2902210444669593e+00 2.0386593976466623e+00 -5.5319115568105566e+01
2.2917918407937541e+00 1.9558120502365304e+00 -5.0165403330892943e+01
2.2933626371205493e+00 1.8845554186114559e+00 -4.0561357878758187e+01
2.2949334334473441e+00 1.8298404614827508e+00 -2.9103889226002575e+01
2.2965042297741389e+00 1.7903420473267240e+00 -2.1187053631780969e+01
2.2980750261009337e+00 1.7606877649857668e+00 -1.6569951315469506e+01
2.2996458224277285e+00 1.7377178921398300e+00 -1.2676199129517681e+01
2.3012166187545238e+00 1.7220999974781803e+00 -7.2091219591983844e+00
2.3027874150813186e+00 1.7150815262400323e+00 -1.7270731647986863e+00
2.3043582114081134e+00 1.7137250861483464e+00 0.0000000000000000e+00
2.3059290077349082e+00 1.7163588199121331e+00 3.3533739783575873e+00
2.3074998040617030e+00 1.7268921275959754e+00 1.0058049901573956e+01
2.3090706003884982e+00 1.7484671415998634e+00 1.7412111106385019e+01
2.3106413967152930e+00 1.7799679930147452e+00 2.2696018607871594e+01
2.3122121930420878e+00 1.8176978143160685e+00 2.5343081888767202e+01
2.3137829893688826e+00 1.8577109065552539e+00 2.5603169457302684e+01
2.3153537856956778e+00 1.8967914950552431e+00 2.4155781252394764e+01
2.3169245820224726e+00 1.9337734371827768e+00 2.2931089905491351e+01
2.3184953783492674e+00 1.9699506009063430e+00 2.3131105563714204e+01
2.3200661746760622e+00 2.0067655817692320e+00 2.3743183909587152e+01
2.3216369710028570e+00 2.0436893672056597e+00 2.3269639849391694e+01
2.3232077673296523e+00 2.0786028079954377e+00 2.1183533606913759e+01
2.3247785636564471e+00 2.1090318617185324e+00 1.7559940902203252e+01
2.3263493599832419e+00 2.1333771440518166e+00 1.3437435292278442e+01
2.3279201563100367e+00 2.1520677536302286e+00 1.0360187938162909e+01
2.3294909526368319e+00 2.1669767138259179e+00 8.6224897538668799e+00
2.3310617489636267e+00 2.1797959284186255e+00 7.6994411980154531e+00
2.3326325452904215e+00 2.1914940695840217e+00 7.1950947336623905e+00
2.3342033416172163e+00 2.2026373185564463e+00 6.9929305148588430e+00
2.3357741379440111e+00 2.2136464387978201e+00 7.0243167292033801e+00
2.3373449342708064e+00 2.2247172152563133e+00 7.0714336486699025e+00
2.3389157305976012e+00 2.2356899331032314e+00 6.8994646272484372e+00
2.3404865269243960e+00 2.2462786488615603e+00 6.5825070042168585e+00
2.3420573232511908e+00 2.2564448631759690e+00 6.3615190811419220e+00
2.3436281195779860e+00 2.2664193543708269e+00 6.3383975467610041e+00
2.3451989159047808e+00 2.2765357609441947e+00 6.5422113530702832e+00
2.3467697122315756e+00 2.2871873534216807e+00 7.0198174036692373e+00
2.3483405085583704e+00 2.2989428620313479e+00 7.9477610266346055e+00
2.3499113048851652e+00 2.3124707903163335e+00 9.2765322241512518e+00
2.3514821012119604e+00 2.3278495728551230e+00 1.0304341854113707e+01
2.3530528975387552e+00 2.3442037613424325e+00 1.0518457649982658e+01
2.3546236938655500e+00 2.3601701144753373e+00 9.8105345440390934e+00
2.3561944901923448e+00 2.3741927381513439e+00 8.0436244411929270e+00
2.3577652865191401e+00 2.3847845120620512e+00 5.4422409508108363e+00
2.3593360828459349e+00 2.3918564453935445e+00 3.5620242245774461e+00
2.3609068791727297e+00 2.3956700737887209e+00 1.2936382570864458e+00
2.3624776754995245e+00 2.3966860948999371e+00 0.0000000000000000e+00
2.3640484718263193e+00 2.3938161212450959e+00 -3.6541639496920113e+00
2.3656192681531145e+00 2.3856255515044440e+00 -6.7743933380147690e+00
2.3671900644799093e+00 2.3730688779402049e+00 -9.2132599943061528e+00
2.3687608608067041e+00 2.3565731619657520e+00 -1.1789737903088447e+01
2.3703316571334989e+00 2.3356702840537409e+00 -1.4824632853256636e+01
2.3719024534602942e+00 2.3097101901418111e+00 -1.8228785300443519e+01
2.3734732497870890e+00 2.2783980797593419e+00 -2.1639031867631090e+01
2.3750440461138838e+00 2.2421681013676205e+00 -2.4490409325612251e+01
2.3766148424406786e+00 2.2020607661806468e+00 -2.6575835868394023e+01
2.3781856387674734e+00 2.1590810214746932e+00 -2.8147674713851099e+01
2.3797564350942686e+00 2.1133999123311034e+00 -3.0015319895117777e+01
2.3813272314210634e+00 2.0640689142980575e+00 -3.2794857581812785e+01
2.3828980277478582e+00 2.0101963590519301e+00 -3.5797810133490501e+01
2.3844688240746530e+00 1.9522800726320444e+00 -3.7943496020520385e+01
2.3860396204014482e+00 1.8919720530510293e+00 -3.8843059374673530e+01
2.3876104167282430e+00 1.8312295798156979e+00 -3.8496659593572595e+01
2.3891812130550378e+00 1.7716981723338001e+00 -3.7301082566127150e+01
2.3907520093818326e+00 1.7138370085661192e+00 -3.6370039247286229e+01
2.3923228057086274e+00 1.6568842217196516e+00 -3.6144501148513569e+01
2.3938936020354227e+00 1.6003243293811966e+00 -3.5869790422754839e+01
2.3954643983622175e+00 1.5447019723334201e+00 -3.4950794141857315e+01
2.3970351946890123e+00 1.4911727971018289e+00 -3.3204668560066878e+01
2.3986059910158071e+00 1.4409718880975455e+00 -3.0713113965842343e+01
2.4001767873426019e+00 1.3950067043004506e+00 -2.7811575725642541e+01
2.4017475836693971e+00 1.3534663508809730e+00 -2.5079244950299341e+01
2.4033183799961919e+00 1.3157565666614530e+00 -2.2934343541426536e+01
2.4048891763229867e+00 1.2809338158979844e+00 -2.1403359787081147e+01
2.4064599726497815e+00 1.2481156540041103e+00 -2.0382021721722538e+01
2.4080307689765768e+00 1.2165562254033930e+00 -1.9800690781947754e+01
2.4096015653033716e+00 1.1856383306036566e+00 -1.9565195517040603e+01
2.4111723616301663e+00 1.1550858535646986e+00 -1.9335426438576381e+01
2.4127431579569611e+00 1.1252190671036961e+00 -1.8692147157735185e+01
2.4143139542837559e+00 1.0964953807169140e+00 -1.7879986220489076e+01
2.4158847506105512e+00 1.0688150009251705e+00 -1.7363767943639147e+01
2.4174555469373460e+00 1.0416126537555817e+00 -1.7271336182298068e+01
2.4190263432641408e+00 1.0142263801116962e+00 -1.7597950404037398e+01
2.4205971395909356e+00 9.8614469625783496e-01 -1.8156759961451893e+01
2.4221679359177308e+00 9.5712707352862991e-01 -1.8789624791569711e+01
2.4237387322445256e+00 9.2716487977850603e-01 -1.9359425138107127e+01
2.4253095285713204e+00 8.9643821331612272e-01 -1.9762981679689496e+01
2.4268803248981152e+00 8.6510112694387731e-01 -2.0136635906237213e+01
2.4284511212249100e+00 8.3311671622320282e-01 -2.0587180638379348e+01
2.4300219175517053e+00 8.0029650225525184e-01 -2.1200813652276043e+01
2.4315927138785001e+00 7.6624662851781877e-01 -2.2152832083465736e+01
2.4331635102052949e+00 7.3008359475459916e-01 -2.3891372561461214e+01
2.4347343065320897e+00 6.9090946322153457e-01 -2.5986680837096419e+01
2.4363051028588849e+00 6.4916843935747681e-01 -2.7159641384344376e+01
2.4378758991856797e+00 6.0667300348911390e-01 -2.6947228034015637e+01
2.4394466955124745e+00 5.6566176533208101e-01 -2.5269902166073511e+01
2.4410174918392693e+00 5.2816361036932835e-01 -2.2474231587113227e+01
2.4425882881660641e+00 4.9504681391271188e-01 -1.9691383256398858e+01
2.4441590844928593e+00 4.6532363858095566e-01 -1.8153338971081478e+01
2.4457298808196541e+00 4.3736193409107665e-01 -1.7448608923633422e+01
2.4473006771464489e+00 4.1068258057189821e-01 -1.6520599004955894e+01
2.4488714734732437e+00 3.8591491692486285e-01 -1.5014569781151017e+01
2.4504422698000390e+00 3.6407925705896654e-01 -1.2787455845488505e+01
2.4520130661268338e+00 3.4639658292889047e-01 -9.7268241135911673e+00
2.4535838624536286e+00 3.3393689354460726e-01 -6.1373451255961253e+00
2.4551546587804234e+00 3.2679541439321641e-01 -2.9554685378569570e+00
2.4567254551072182e+00 3.2374284793372421e-01 -9.3117979130095263e-01
2.4582962514340134e+00 3.2275809521084475e-01 -3.2264631725451376e-01
2.4598670477608082e+00 3.2222626742518246e-01 -3.5449785043973270e-01
2.4614378440876030e+00 3.2089644865187300e-01 -1.3386799990691565e+00
2.4630086404143978e+00 3.1705293327465084e-01 -3.5550357700080735e+00
2.4645794367411931e+00 3.0938686722226649e-01 -6.2057026804372981e+00
2.4661502330679879e+00 2.9805464006697363e-01 -8.2229370636041583e+00
2.4677210293947827e+00 2.8401038483628338e-01 -9.6587640724654324e+00
2.4692918257215775e+00 2.6802461306815456e-01 -1.0694952695828400e+01
2.4708626220483723e+00 2.5061596689977500e-01 -1.1470424026056097e+01
2.4724334183751675e+00 2.3206797563378997e-01 -1.2145611929193221e+01
2.4740042147019623e+00 2.1229155311676837e-01 -1.3034511272871155e+01
2.4755750110287571e+00 1.9077298346123292e-01 -1.4363782558696373e+01
2.4771458073555519e+00 1.6704715793819777e-01 -1.5844876728720681e+01
2.4787166036823467e+00 1.4144472995466092e-01 -1.6753147021154589e+01
2.4802874000091419e+00 1.1525840414191191e-01 -1.6588318534949256e+01
2.4818581963359367e+00 9.0171670185776209e-02 -1.5353103186255096e+01
2.4834289926627315e+00 6.7484275568560598e-02 -1.3533384807397290e+01
2.4849997889895263e+00 4.7917863904426525e-02 -1.1379344271947099e+01
2.4865705853163216e+00 3.1799619972626092e-02 -9.1430412937042540e+00
2.4881413816431164e+00 1.8978615360362844e-02 -7.1811687818622438e+00
2.4897121779699112e+00 9.2189241023028241e-03 -5.2452560723066171e+00
2.4912829742967060e+00 2.7733184920010717e-03 -2.9615438804969085e+00
2.4928537706235008e+00 2.2366368371902788e-04 -2.8477744683214168e-01
2.4944245669502960e+00 0.0000000000000000e+00 0.0000000000000000e+00
2.4959953632770908e+00 1.2577923689718843e-03 1.6014709832412233e+00
2.4975661596038856e+00 4.5665019568076181e-03 2.6113089060358763e+00
2.4991369559306804e+00 9.0340173893905945e-03 3.0769084094437407e+00
2.5007077522574757e+00 1.4404321642519900e-02 3.7607753328984175e+00
2.5022785485842705e+00 2.1174410059219426e-02 4.8591689605974198e+00
2.5038493449110653e+00 2.9752206285339283e-02 6.0624204011791010e+00
2.5054201412378601e+00 4.0569754055113705e-02 7.7109091963602179e+00
2.5069909375646549e+00 5.4788700728185660e-02 1.0393215992276602e+01
2.5085617338914501e+00 7.3922154037057458e-02 1.3968253387917452e+01
2.5101325302182449e+00 9.8346094265950187e-02 1.7129273149758689e+01
2.5117033265450397e+00 1.2660176638725440e-01 1.8846965958158943e+01
2.5132741228718345e+00 1.5636507099889468e-01 1.9048850455382258e+01
2.5148449191986297e+00 1.8576819205853887e-01 1.8388366016383706e+01
2.5164157155254245e+00 2.1437941332675650e-01 1.8040572325480994e+01
2.5179865118522193e+00 2.4310753854962602e-01 1.8537212754382406e+01
2.5195573081790141e+00 2.7260043734602207e-01 1.9014312282063443e+01
2.5211281045058089e+00 3.0167628905775562e-01 1.8006211914173573e+01
2.5226989008326042e+00 3.2721709719736131e-01 1.4513355013658906e+01
2.5242696971593990e+00 3.4518598529169026e-01 8.3653438829630105e+00
2.5258404934861938e+00 3.5333102714419823e-01 2.0052454971737634e+00
2.5274112898129886e+00 3.5490594327483943e-01 0.0000000000000000e+00
2.5289820861397838e+00 3.5130780433023295e-01 -4.5812927917236239e+00
2.5305528824665786e+00 3.4074046817098141e-01 -8.8734574887460589e+00
2.5321236787933734e+00 3.2503334548926405e-01 -1.1125472243624328e+01
2.5336944751201682e+00 3.0738001294911943e-01 -1.1351448842849262e+01
2.5352652714469630e+00 2.9064959311708205e-01 -9.9503832873234561e+00
2.5368360677737583e+00 2.7645073233395501e-01 -8.1281677519392215e+00
2.5384068641005531e+00 2.6428491718715524e-01 -7.3618291869052319e+00
2.5399776604273478e+00 2.5284941535555616e-01 -7.1983039589789781e+00
2.5415484567541426e+00 2.4211282519119603e-01 -6.4719472138997833e+00
2.5431192530809379e+00 2.3282813430559859e-01 -5.3496883822824017e+00
2.5446900494077327e+00 2.2571919711933511e-01 -3.7016915643071506e+00
2.5462608457345275e+00 2.2281189536326462e-01 0.0000000000000000e+00
2.5478316420613223e+00 2.2351569369631724e-01 8.9610386916132345e-01
2.5494024383881171e+00 2.2990083827136698e-01 7.2337147026436934e+00
2.5509732347149123e+00 2.4646861138067122e-01 1.3861029188317666e+01
2.5525440310417071e+00 2.7299792501039616e-01 1.9917142019731745e+01
2.5541148273685019e+00 3.0734688440358149e-01 2.3817311400176862e+01
2.5556856236952967e+00 3.4613853802705291e-01 2.5573755998899070e+01
2.5572564200220920e+00 3.8681835258163833e-01 2.6221392564480713e+01
2.5588272163488868e+00 4.2868196964429250e-01 2.7081020165343599e+01
2.5603980126756816e+00 4.7254316691637310e-01 2.8764790680902969e+01
2.5619688090024764e+00 5.1934467404080842e-01 3.0824738943136218e+01
2.5635396053292712e+00 5.6901197782786284e-01 3.2413636318919892e+01
2.5651104016560664e+00 6.2043684577064784e-01 3.3062539128603156e+01
2.5666811979828612e+00 6.7220238590116299e-01 3.2847393620147912e+01
2.5682519943096560e+00 7.2342370842982762e-01 3.2369619756985962e+01
2.5698227906364508e+00 7.7448200667001088e-01 3.2639824649301190e+01
2.5713935869632456e+00 8.2653628143671565e-01 3.3637736456181109e+01
2.5729643832900408e+00 8.7999828712298556e-01 3.4432203324418886e+01
2.5745351796168356e+00 9.3420164576714404e-01 3.4581656358790504e+01
2.5761059759436304e+00 9.8806069679480735e-01 3.3993817251543668e+01
2.5776767722704252e+00 1.0405741702303646e+00 3.2868413758011414e+01
2.5792475685972205e+00 1.0915120095084225e+00 3.1987657534161571e+01
2.5808183649240153e+00 1.1418445365150098e+00 3.2097706237079898e+01
2.5823891612508101e+00 1.1925739234096087e+00 3.2492955237296918e+01
2.5839599575776049e+00 1.2432454069757422e+00 3.2023981429506136e+01
2.5855307539043997e+00 1.2922668714738161e+00 3.0392085710276501e+01
2.5871015502311949e+00 1.3378298374248769e+00 2.7620484314023034e+01
2.5886723465579897e+00 1.3782853579979355e+00 2.3889084282445296e+01
2.5902431428847845e+00 1.4129863412053165e+00 2.0293579778385674e+01
2.5918139392115793e+00 1.4426593916298760e+00 1.7487321435086205e+01
2.5933847355383746e+00 1.4682221061316938e+00 1.5060137539396038e+01
2.5949555318651694e+00 1.4900162230666869e+00 1.2688993984821309e+01
2.5965263281919642e+00 1.5080602089646151e+00 1.0285322405066072e+01
2.5980971245187590e+00 1.5222155006004034e+00 7.7377546728795084e+00
2.5996679208455538e+00 1.5317259968890646e+00 4.3713852919017411e+00
2.6012387171723490e+00 1.5351592748688276e+00 0.0000000000000000e+00
2.6028095134991438e+00 1.5328625596778447e+00 -2.9242686041536565e+00
2.6043803098259386e+00 1.5250311204360461e+00 -7.0470295306956103e+00
2.6059511061527334e+00 1.5120703381749803e+00 -9.4551509747963536e+00
2.6075219024795286e+00 1.4964633687087385e+00 -1.0416259723092551e+01
2.6090926988063234e+00 1.4805416906137256e+00 -9.8558504460227958e+00
2.6106634951331182e+00 1.4657673780559175e+00 -8.9553885488569431e+00
2.6122342914599130e+00 1.4515112106657653e+00 -9.1961275286498623e+00
2.6138050877867078e+00 1.4363934039215411e+00 -1.0052461847761458e+01
2.6153758841135031e+00 1.4206734835600696e+00 -9.9627623965472019e+00
2.6169466804402979e+00 1.4059899555446966e+00 -8.7328861288535418e+00
2.6185174767670927e+00 1.3944278412360465e+00 -5.9884550296690229e+00
2.6200882730938875e+00 1.3890643416355850e+00 -8.4056475981027079e-01
2.6216590694206827e+00 1.3884041636170132e+00 0.0000000000000000e+00
2.6232298657474775e+00 1.3905320423244403e+00 2.7092993166961654e+00
2.6248006620742723e+00 1.3960087629046605e+00 4.2638779015055510e+00
2.6263714584010671e+00 1.4044554084532379e+00 6.4907252313050883e+00
2.6279422547278619e+00 1.4169780020279692e+00 9.4535361106902407e+00
2.6295130510546572e+00 1.4347327800181418e+00 1.3152549334385929e+01
2.6310838473814520e+00 1.4589695671127048e+00 1.7706686431740536e+01
2.6326546437082468e+00 1.4915124310821539e+00 2.3728174873101803e+01
2.6342254400350416e+00 1.5343364926790284e+00 3.0797113818216566e+01
2.6357962363618368e+00 1.5869534293235550e+00 3.6196850640404726e+01
2.6373670326886316e+00 1.6462620122433511e+00 3.9317182475288917e+01
2.6389378290154264e+00 1.7086173346253748e+00 4.0076079806218061e+01
2.6405086253422212e+00 1.7705639831402580e+00 3.8796842746745931e+01
2.6420794216690160e+00 1.8300197554645228e+00 3.6904597739283084e+01
2.6436502179958112e+00 1.8878862515702159e+00 3.6773313417732624e+01
2.6452210143226060e+00 1.9467049011501967e+00 3.8116917195423689e+01
2.6467918106494008e+00 2.0070238604537689e+00 3.8683567087160291e+01
2.6483626069761956e+00 2.0669893286584022e+00 3.7666838349542523e+01
2.6499334033029909e+00 2.1240878162215746e+00 3.5033213960441252e+01
2.6515041996297857e+00 2.1763515460239637e+00 3.1511033579318571e+01
2.6530749959565805e+00 2.2233626325287208e+00 2.8345340799507614e+01
2.6546457922833753e+00 2.2662078248779007e+00 2.6206852401255933e+01
2.6562165886101701e+00 2.3061318910156912e+00 2.4626047392003766e+01
2.6577873849369653e+00 2.3432523881294225e+00 2.2637237453415967e+01
2.6593581812637601e+00 2.3765278118133892e+00 1.9730347848829997e+01
2.6609289775905549e+00 2.4047315637305786e+00 1.6179784402038152e+01
2.6624997739173497e+00 2.4276059277441604e+00 1.2944760420722922e+01
2.6640705702441445e+00 2.4467380724416277e+00 1.1415042783689278e+01
2.6656413665709398e+00 2.4644729599751733e+00 1.1165717345446703e+01
2.6672121628977346e+00 2.4816889855945590e+00 1.0754407276330351e+01
2.6687829592245293e+00 2.4972323716827698e+00 9.0360465502674145e+00
2.6703537555513241e+00 2.5094120366401840e+00 6.4715845151383755e+00
2.6719245518781194e+00 2.5174176701066711e+00 3.7215045950462535e+00
2.6734953482049142e+00 2.5203405329806952e+00 0.0000000000000000e+00
2.6750661445317090e+00 2.5186552680502952e+00 -2.1457459527406169e+00
2.6766369408585038e+00 2.5105941917806578e+00 -8.1179351268885256e+00
2.6782077371852986e+00 2.4940080880264528e+00 -1.3000148066046659e+01
2.6797785335120938e+00 2.4717169931440686e+00 -1.5381755433642489e+01
2.6813493298388886e+00 2.4474578085943466e+00 -1.5505997658093579e+01
2.6829201261656834e+00 2.4240617781322089e+00 -1.4282753516130651e+01
2.6844909224924782e+00 2.4024639002088053e+00 -1.3216518738311382e+01
2.6860617188192735e+00 2.3817909572800167e+00 -1.3105089704669423e+01
2.6876325151460683e+00 2.3610192378987445e+00 -1.3342284823709560e+01
2.6892033114728631e+00 2.3406211795813245e+00 -1.2629329661844945e+01
2.6907741077996579e+00 2.3227829127758843e+00 -1.0083057044379792e+01
2.6923449041264527e+00 2.3104606768499001e+00 -5.6061010161406770e+00
2.6939157004532479e+00 2.3059691307226005e+00 -1.1271313013814481e-01
2.6954864967800427e+00 2.3058806060371992e+00 0.0000000000000000e+00
2.6970572931068375e+00 2.3092958504988785e+00 4.3484243035479375e+00
2.6986280894336323e+00 2.3177616740263907e+00 6.4305969904305735e+00
2.7001988857604275e+00 2.3285573357342462e+00 7.3148664075913690e+00
2.7017696820872223e+00 2.3397470970746213e+00 6.9323802271235380e+00
2.7033404784140171e+00 2.3493456904148657e+00 5.2889283875082080e+00
2.7049112747408119e+00 2.3558162161006297e+00 2.9496007908317687e+00
2.7064820710676067e+00 2.3597041423107412e+00 2.0006606068945922e+00
2.7080528673944020e+00 2.3627420813757571e+00 1.8673635451783899e+00
2.7096236637211968e+00 2.3657738541309299e+00 1.9928094173585229e+00
2.7111944600479916e+00 2.3690439981427560e+00 2.1708672554778281e+00
2.7127652563747864e+00 2.3725557069356897e+00 2.3003792492800743e+00
2.7143360527015816e+00 2.3761970748727435e+00 2.3359544051065138e+00
2.7159068490283764e+00 2.3789717341581196e+00 1.1968515202013246e+00
2.7174776453551712e+00 2.3799117391439450e+00 0.0000000000000000e+00
2.7190484416819660e+00 2.3780349426897796e+00 -2.3896114628621383e+00
2.7206192380087608e+00 2.3739414221466566e+00 -2.8224207698279815e+00
2.7221900343355561e+00 2.3715860212863569e+00 -1.7656874920833004e-01
2.7237608306623509e+00 2.3714473445150155e+00 0.0000000000000000e+00
2.7253316269891457e+00 2.3763799193733433e+00 6.2803493669895927e+00
2.7269024233159405e+00 2.3921728615985423e+00 1.3827849201853040e+01
2.7284732196427357e+00 2.4194550449635814e+00 2.0908905525222789e+01
2.7300440159695305e+00 2.4564934983678768e+00 2.6249918024959399e+01
2.7316148122963253e+00 2.4995579608686342e+00 2.8581458603772720e+01
2.7331856086231201e+00 2.5435937197979541e+00 2.7486611047465466e+01
2.7347564049499149e+00 2.5836570441325608e+00 2.3523597788909594e+01
2.7363272012767101e+00 2.6168614140653705e+00 1.8753519067549455e+01
2.7378979976035049e+00 2.6436944008757695e+00 1.5411300842809757e+01
2.7394687939302997e+00 2.6665889679925532e+00 1.3738967369874334e+01
2.7410395902570945e+00 2.6874866391893146e+00 1.2868773990716750e+01
2.7426103865838893e+00 2.7071089544675369e+00 1.2115133780778132e+01
2.7441811829106846e+00 2.7254558257900388e+00 1.1244828309193695e+01
2.7457519792374794e+00 2.7423063393708000e+00 1.0209911930929698e+01
2.7473227755642742e+00 2.7573945060439216e+00 9.0009385348449751e+00
2.7488935718910690e+00 2.7704378507087446e+00 7.6063636880188952e+00
2.7504643682178642e+00 2.7811194467981442e+00 5.9938668538899655e+00
2.7520351645446590e+00 2.7890055455257698e+00 4.0470258998091095e+00
2.7536059608714538e+00 2.7935084284707377e+00 1.6862227310380451e+00
2.7551767571982486e+00 2.7948327847067738e+00 0.0000000000000000e+00
2.7567475535250434e+00 2.7943933851692764e+00 -5.5946086708010656e-01
2.7583183498518387e+00 2.7921632251005359e+00 -2.2800671235291077e+00
2.7598891461786335e+00 2.7867621180542166e+00 -4.5968359531927465e+00
2.7614599425054283e+00 2.7778924908454004e+00 -6.6963241561320048e+00
2.7630307388322231e+00 2.7660272492687343e+00 -8.4109706271158018e+00
2.7646015351590183e+00 2.7517037952986110e+00 -9.8262173848352816e+00
2.7661723314858131e+00 2.7353829630645445e+00 -1.0954111618567623e+01
2.7677431278126079e+00 2.7175032141229378e+00 -1.1811091783824356e+01
2.7693139241394027e+00 2.6984833816553695e+00 -1.2405711048122994e+01
2.7708847204661975e+00 2.6787326079177105e+00 -1.2741755113782551e+01
2.7724555167929927e+00 2.6586555975859856e+00 -1.2821088380620706e+01
2.7740263131197875e+00 2.6386483589479428e+00 -1.2652919034290042e+01
2.7755971094465823e+00 2.6190424813991138e+00 -1.2310059570115818e+01
2.7771679057733771e+00 2.5999027608445506e+00 -1.2059389515136152e+01
2.7787387021001724e+00 2.5806406680122964e+00 -1.2465868793244343e+01
2.7803094984269672e+00 2.5597560732888369e+00 -1.4125223084433351e+01
2.7818802947537620e+00 2.5353297856248038e+00 -1.6975292300492377e+01
2.7834510910805568e+00 2.5062108210083252e+00 -2.0100124950954669e+01
2.7850218874073516e+00 2.4725868716972355e+00 -2.2711216962097797e+01
2.7865926837341468e+00 2.4355008801061744e+00 -2.4508134087346630e+01
2.7881634800609416e+00 2.3962473901611374e+00 -2.5470961579541889e+01
2.7897342763877364e+00 2.3561220275136368e+00 -2.5618236890098196e+01
2.7913050727145312e+00 2.3164028718749567e+00 -2.4953762752562852e+01
2.7928758690413265e+00 2.2783721537034833e+00 -2.3468451538024592e+01
2.7944466653681213e+00 2.2433379067411239e+00 -2.1138537114472221e+01
2.7960174616949161e+00 2.2125997860986031e+00 -1.7998453618428002e+01
2.7975882580217108e+00 2.1871379684040462e+00 -1.4420539551121633e+01
2.7991590543485056e+00 2.1669596626478418e+00 -1.1271277283436666e+01
2.8007298506753009e+00 2.1508610395162204e+00 -9.2261263035274208e+00
2.8023006470020957e+00 2.1371520266245909e+00 -8.2287310293806932e+00
2.8038714433288905e+00 2.1245252396111591e+00 -7.8481935190697980e+00
2.8054422396556853e+00 2.1123130666965699e+00 -7.7008279629296696e+00
2.8070130359824805e+00 2.1002930385080121e+00 -7.6035472555700885e+00
2.8085838323092753e+00 2.0884291441930980e+00 -7.5020321407379669e+00
2.8101546286360701e+00 2.0767520930980918e+00 -7.3656510793176633e+00
2.8117254249628649e+00 2.0653416075196787e+00 -7.1626303837494394e+00
2.8132962212896597e+00 2.0542951045113069e+00 -6.9022140775461409e+00
2.8148670176164550e+00 2.0436756607003996e+00 -6.6188817255908443e+00
2.8164378139432498e+00 2.0335064204670616e+00 -6.3289970794078858e+00
2.8180086102700446e+00 2.0237946394830995e+00 -6.0364265191804396e+00
2.8195794065968394e+00 2.0145440736913889e+00 -5.7417596580006460e+00
2.8211502029236346e+00 2.0057576758694484e+00 -5.4454295046664951e+00
2.8227209992504294e+00 1.9974377151656597e+00 -5.1478734740404075e+00
2.8242917955772242e+00 1.9895857710600486e+00 -4.8495322642743579e+00
2.8258625919040190e+00 1.9822027291417710e+00 -4.5508486665147823e+00
2.8274333882308138e+00 1.9752887788276083e+00 -4.2522662838117595e+00
2.8290041845576090e+00 1.9688434131929906e+00 -3.9542281224588813e+00
2.8305749808844038e+00 1.9628654311623124e+00 -3.6571749967173948e+00
2.8321457772111986e+00 1.9573529424278042e+00 -3.3615436499658355e+00
2.8337165735379934e+00 1.9523033756711183e+00 -3.0677644284271879e+00
2.8352873698647882e+00 1.9477134910157119e+00 -2.7762582206097162e+00
2.8368581661915835e+00 1.9435793982751999e+00 -2.4874321382115605e+00
2.8384289625183783e+00 1.9398965837671740e+00 -2.2016729293317536e+00
2.8399997588451731e+00 1.9366599508798381e+00 -1.9193360546149127e+00
2.8415705551719679e+00 1.9338638848078054e+00 -1.6407258379897769e+00
2.8431413514987631e+00 1.9315023642966160e+00 -1.3660554625591266e+00
2.8447121478255579e+00 1.9295691766107246e+00 -1.0953555465130909e+00
2.8462829441523527e+00 1.9280583980783947e+00 -8.2822742418620565e-01
2.8478537404791475e+00 1.9269657362742119e+00 -5.6299279392114565e-01
2.8494245368059423e+00 1.9262940623018661e+00 -2.9220906883904169e-01
2.8509953331327376e+00 1.9260645618358718e+00 0.0000000000000000e+00
2.8525661294595324e+00 1.9261085171426870e+00 5.5965634837991690e-02
2.8541369257863272e+00 1.9264350581217098e+00 3.5979925263031409e-01
2.8557077221131220e+00 1.9271897637970989e+00 6.0112185791115746e-01
2.8572785184399172e+00 1.9282658497462950e+00 7.6899332613870008e-01
2.8588493147667120e+00 1.9296189542407607e+00 9.5383282437399253e-01
2.8604201110935068e+00 1.9312918265748324e+00 1.1761343846597552e+00
2.8619909074203016e+00 1.9332951476963960e+00 1.3745732881182509e+00
2.8635617037470964e+00 1.9355879828062703e+00 1.5447550433310144e+00
2.8651325000738916e+00 1.9381393016666348e+00 1.7036850209129750e+00
2.8667032964006864e+00 1.9409426267411827e+00 1.8656193207491136e+00
2.8682740927274812e+00 1.9439978028737703e+00 2.0243517473928212e+00
2.8698448890542760e+00 1.9472931801813871e+00 2.1714529554881006e+00
2.8714156853810713e+00 1.9508101666552506e+00 2.3065133013326822e+00
2.8729864817078661e+00 1.9545307106998355e+00 2.4306305041619973e+00
2.8745572780346609e+00 1.9584378510289218e+00 2.5440950696604911e+00
2.8761280743614557e+00 1.9625149289038264e+00 2.6470017076331227e+00
2.8776988706882505e+00 1.9667453846530099e+00 2.7393818444798463e+00
2.8792696670150457e+00 1.9711126930877503e+00 2.8212479586857375e+00
2.8808404633418405e+00 1.9756003483200164e+00 2.8926121461734184e+00
2.8824112596686353e+00 1.9801918701964096e+00 2.9534950773673478e+00
2.8839820559954301e+00 1.9848708215034985e+00 3.0039307547086960e+00
2.8855528523222254e+00 1.9896208310272951e+00 3.0439692088564896e+00
2.8871236486490202e+00 1.9944256199769965e+00 3.0736780860102959e+00
2.8886944449758150e+00 1.9992690303959648e+00 3.0931435908028444e+00
2.8902652413026098e+00 2.0041350547386960e+00 3.1024710280068355e+00
2.8918360376294046e+00 2.0090078660896240e+00 3.1017850780292555e+00
2.8934068339561998e+00 2.0138718486672778e+00 3.0912298847411837e+00
2.8949776302829946e+00 2.0187116283563427e+00 3.0709690031824426e+00
2.8965484266097894e+00 2.0235121030708463e+00 3.0411852368254659e+00
2.8981192229365842e+00 2.0282584727898518e+00 3.0020803833464971e+00
2.8996900192633794e+00 2.0329362691315129e+00 2.9538749010726018e+00
2.9012608155901742e+00 2.0375313843468748e+00 2.8968075037408920e+00
2.9028316119169690e+00 2.0420300996242426e+00 2.8311346879083428e+00
2.9044024082437638e+00 2.0464191125995663e+00 2.7571301946296702e+00
2.9059732045705586e+00 2.0506855639688260e+00 2.6750844044012609e+00
2.9075440008973539e+00 2.0548170630944584e+00 2.5853036613916487e+00
2.9091147972241487e+00 2.0588017124885685e+00 2.4881095190943263e+00
2.9106855935509435e+00 2.0626281310389660e+00 2.3838378939803118e+00
2.9122563898777383e+00 2.0662854758163007e+00 2.2728381052533497e+00
2.9138271862045331e+00 2.0697634622555761e+00 2.1554717652850592e+00
2.9153979825313283e+00 2.0730523824321008e+00 2.0321114629424666e+00
2.9169687788581231e+00 2.0761431210310657e+00 1.9031391436991747e+00
2.9185395751849179e+00 2.0790271684055401e+00 1.7689440223716297e+00
2.9201103715117127e+00 2.0816966297610895e+00 1.6299197386563533e+00
2.9216811678385080e+00 2.0841442288597936e+00 1.4864602234708559e+00
2.9232519641653028e+00 2.0863633034171984e+00 1.3389532557331010e+00
2.9248227604920976e+00 2.0883477869555289e+00 1.1877696611453850e+00
2.9263935568188923e+00 2.0900921669280037e+00 1.0332439008538901e+00
2.9279643531456871e+00 2.0915913990169273e+00 8.7563768149970034e-01
2.9295351494724824e+00 2.0928407481966009e+00 7.1508309924306290e-01
2.9311059457992772e+00 2.0938306024613964e+00 5.4523849421939152e-01
2.9326767421260720e+00 2.0945479820236628e+00 3.6815753304285381e-01
2.9342475384528668e+00 2.0950488014622031e+00 2.6950558087862825e-01
2.9358183347796620e+00 2.0955634864356112e+00 3.8581168034567825e-01
2.9373891311064568e+00 2.0964181441488106e+00 7.0237231731295335e-01
2.9389599274332516e+00 2.0974141656664038e+00 5.6580166629380735e-01
2.9405307237600464e+00 2.0983029248455125e+00 5.6580166629366602e-01
2.9421015200868412e+00 2.0991916840246212e+00 5.6580166629372741e-01
2.9436723164136365e+00 2.1000804432037303e+00 5.6580166629386863e-01
2.9452431127404313e+00 2.1009692023828390e+00 5.6580166629380735e-01
2.9468139090672261e+00 2.1018579615619477e+00 5.6580166629366602e-01
2.9483847053940209e+00 2.1027467207410564e+00 5.6580166629372741e-01
2.9499555017208161e+00 2.1036354799201655e+00 5.6580166629386863e-01
2.9515262980476109e+00 2.1045242390992742e+00 5.6580166629380735e-01
2.9530970943744057e+00 2.1054129982783829e+00 5.6580166629380735e-01
2.9546678907012005e+00 2.1063017574574916e+00 5.6580166629366602e-01
2.9562386870279953e+00 2.1071905166366003e+00 5.6580166629372741e-01
2.9578094833547905e+00 2.1080792758157094e+00 5.6580166629386863e-01
2.9593802796815853e+00 2.1089680349948181e+00 5.6580166629380735e-01
2.9609510760083801e+00 2.1098567941739268e+00 5.6580166629366602e-01
2.9625218723351749e+00 2.1107455533530355e+00 5.6580166629372741e-01
2.9640926686619702e+00 2.1116343125321446e+00 5.6580166629386863e-01
2.9656634649887650e+00 2.1125230717112533e+00 5.6580166629380735e-01
2.9672342613155598e+00 2.1134118308903620e+00 5.6580166629366602e-01
2.9688050576423546e+00 2.1143005900694707e+00 5.6580166629366602e-01
2.9703758539691494e+00 2.1151893492485794e+00 5.6580166629386863e-01
2.9719466502959446e+00 2.1160781084276885e+00 5.6580166629386863e-01
2.9735174466227394e+00 2.1169668676067972e+00 5.6580166629366602e-01
2.9750882429495342e+00 2.1178556267859059e+00 5.6580166629366602e-01
2.9766590392763290e+00 2.1187443859650146e+00 5.6580166629386863e-01
2.9782298356031243e+00 2.1196331451441237e+00 5.6580166629386863e-01
2.9798006319299191e+00 2.1205219043232324e+00 5.6580166629380735e-01
2.9813714282567139e+00 2.1214106635023411e+00 5.6580166629366602e-01
2.9829422245835087e+00 2.1222994226814498e+00 5.6580166629366602e-01
2.9845130209103035e+00 2.1231881818605585e+00 5.6580166629386863e-01
2.9860838172370987e+00 2.1240769410396676e+00 5.6580166629386863e-01
2.9876546135638935e+00 2.1249657002187763e+00 5.6580166629366602e-01
2.9892254098906883e+00 2.1258544593978850e+00 5.6580166629366602e-01
2.9907962062174831e+00 2.1267432185769937e+00 5.6580166629386863e-01
2.9923670025442783e+00 2.1276319777561028e+00 5.6580166629386863e-01
2.9939377988710731e+00 2.1285207369352115e+00 5.6580166629366602e-01
2.9955085951978679e+00 2.1294094961143202e+00 5.6580166629366602e-01
2.9970793915246627e+00 2.1302982552934289e+00 5.6580166629380735e-01
2.9986501878514575e+00 2.1311870144725376e+00 5.6580166629386863e-01
3.0002209841782528e+00 2.1320757736516467e+00 5.6580166629372741e-01
3.0017917805050476e+00 2.1329645328307554e+00 5.6580166629366602e-01
3.0033625768318424e+00 2.1338532920098641e+00 5.6580166629380735e-01
3.0049333731586372e+00 2.1347420511889728e+00 5.6580166629380735e-01
3.0065041694854320e+00 2.1356308103680814e+00 5.6580166629372741e-01
3.0080749658122272e+00 2.1365195695471901e+00 5.6580166629372741e-01
3.0096457621390220e+00 2.1374083287262988e+00 5.6580166629380735e-01
3.0112165584658168e+00 2.1382970879054075e+00 5.6580166629380735e-01
3.0127873547926116e+00 2.1391858470845162e+00 5.6580166629386863e-01
3.0143581511194069e+00 2.1400746062636253e+00 5.6580166629372741e-01
3.0159289474462017e+00 2.1409633654427340e+00 5.6580166629366602e-01
3.0174997437729965e+00 2.1418521246218427e+00 5.6580166629380735e-01
3.0190705400997913e+00 2.1427408838009514e+00 5.6580166629380735e-01
3.0206413364265861e+00 2.1436296429800601e+00 5.6580166629372741e-01
3.0222121327533813e+00 2.1445184021591688e+00 5.6580166629372741e-01
3.0237829290801761e+00 2.1454071613382775e+00 5.6580166629380735e-01
3.0253537254069709e+00 2.1462959205173862e+00 5.6580166629380735e-01
3.0269245217337657e+00 2.1471846796964948e+00 5.6580166629372741e-01
3.0284953180605609e+00 2.1480734388756035e+00 5.6580166629372741e-01
3.0300661143873557e+00 2.1489621980547122e+00 5.6580166629380735e-01
3.0316369107141505e+00 2.1498509572338209e+00 5.6580166629380735e-01
3.0332077070409453e+00 2.1507397164129296e+00 5.6580166629380735e-01
3.0347785033677401e+00 2.1516284755920383e+00 5.6580166629372741e-01
3.0363492996945354e+00 2.1525172347711470e+00 5.6580166629372741e-01
3.0379200960213302e+00 2.1534059939502557e+00 5.6580166629380735e-01
3.0394908923481250e+00 2.1542947531293644e+00 5.6580166629380735e-01
3.0410616886749198e+00 2.1551835123084730e+00 5.6580166629372741e-01
3.0426324850017150e+00 2.1587753949006308e+00 5.7649587259036652e+00
3.0442032813285098e+00 2.1739994736420840e+00 1.3618940359877740e+01
3.0457740776553046e+00 2.2015605578848976e+00 2.1472921993851735e+01
3.0473448739820994e+00 2.2414586476290714e+00 2.9326903627825729e+01
3.0489156703088942e+00 2.2936937428746051e+00 3.7180885261799645e+01
3.0504864666356895e+00 2.3582658436215187e+00 4.5034866895775856e+01
3.0520572629624843e+00 2.4351749498697766e+00 5.2888848529749936e+01
3.0536280592892791e+00 2.5244210616193943e+00 6.0742830163723923e+01
3.0551988556160738e+00 2.6260041788703723e+00 6.8596811797697839e+01
3.0567696519428691e+00 2.7399243016227439e+00 7.6450793431674057e+01
3.0583404482696639e+00 2.8661814298764456e+00 8.4304775065648130e+01
3.0599112445964587e+00 3.0047755636315077e+00 9.2158756699622117e+01
3.0614820409232535e+00 3.1557067028879295e+00 1.0001273833359612e+02
3.0630528372500483e+00 3.3189748476457117e+00 1.0786671996757003e+02
3.0646236335768435e+00 3.4945799979049053e+00 1.1572070160154624e+02
3.0661944299036383e+00 3.6825221536654116e+00 1.2357468323552033e+02
3.0677652262304331e+00 3.8828013149272778e+00 1.3142866486949430e+02
3.0693360225572279e+00 4.0954174816905038e+00 1.3928264650346824e+02
3.0709068188840232e+00 4.3203706539551554e+00 1.4713662813744446e+02
3.0724776152108180e+00 4.5576608317211065e+00 1.5499060977141852e+02
3.0740484115376128e+00 4.8072880149884165e+00 1.6284459140539249e+02
3.0756192078644076e+00 5.0692522037570864e+00 1.7069857303936649e+02
3.0771900041912024e+00 5.3435533980271170e+00 1.7855255467334044e+02
3.0787608005179976e+00 5.6301915977985910e+00 1.8640653630731666e+02
3.0803315968447924e+00 5.9291668030713449e+00 1.9426051794129069e+02
3.0819023931715872e+00 6.2404790138454596e+00 2.0211449957526469e+02
3.0834731894983820e+00 6.5641282301209349e+00 2.0996848120923863e+02
3.0850439858251772e+00 6.9001144518978661e+00 2.1782246284321485e+02
3.0866147821519720e+00 7.2484376791760647e+00 2.2567644447718891e+02
3.0881855784787668e+00 7.6090979119556241e+00 2.3353042611116288e+02
3.0897563748055616e+00 7.9820951502365425e+00 2.4138440774513688e+02
3.0913271711323564e+00 8.3674293940188207e+00 2.4923838937911083e+02
3.0928979674591517e+00 8.7651006433025742e+00 2.5709237101308702e+02
3.0944687637859465e+00 9.1751088980875775e+00 2.6494635264706108e+02
3.0960395601127413e+00 9.5974541583739406e+00 2.7280033428103508e+02
3.0976103564395361e+00 1.0032136424161664e+01 2.8065431591500897e+02
3.0991811527663309e+00 1.0479155695450746e+01 2.8850829754898302e+02
3.1007519490931261e+00 1.0938511972241324e+01 2.9636227918295936e+02
3.1023227454199209e+00 1.1410205254533130e+01 3.0421626081693330e+02
3.1038935417467157e+00 1.1894235542326298e+01 3.1207024245090730e+02
3.1054643380735105e+00 1.2390602835620825e+01 3.1992422408488119e+02
3.1070351344003058e+00 1.2899307134416858e+01 3.2777820571885741e+02
3.1086059307271006e+00 1.3420348438714109e+01 3.3563218735283147e+02
3.1101767270538954e+00 1.3953726748512720e+01 3.4348616898680547e+02
3.1117475233806902e+00 1.4499442063812692e+01 3.5134015062077935e+02
3.1133183197074850e+00 1.5057494384614026e+01 3.5919413225475341e+02
3.1148891160342802e+00 1.5627883710916880e+01 3.6704811388872974e+02
3.1164599123610750e+00 1.6210610042720937e+01 3.7490209552270369e+02
3.1180307086878698e+00 1.6805673380026349e+01 3.8275607715667758e+02
3.1196015050146646e+00 1.7413073722833126e+01 3.9061005879065158e+02
3.1211723013414598e+00 1.8032811071141442e+01 3.9846404042462791e+02
3.1227430976682546e+00 1.8664885424950942e+01 4.0631802205860185e+02
3.1243138939950494e+00 1.9309296784261800e+01 4.1417200369257574e+02
3.1258846903218442e+00 1.9966045149074024e+01 4.2202598532654974e+02
3.1274554866486390e+00 2.0635130519387602e+01 4.2987996696052392e+02
3.1290262829754343e+00 2.1316552895202737e+01 4.3773394859450013e+02
3.1305970793022291e+00 2.2010312276519041e+01 4.4558793022847397e+02
3.1321678756290239e+00 2.2716408663336704e+01 4.5344191186244797e+02
3.1337386719558187e+00 2.3434842055655729e+01 4.6129589349642208e+02
3.1353094682826139e+00 2.4165612453476321e+01 4.6914987513039830e+02
3.1368802646094087e+00 2.4908719856798069e+01 4.7700385676437224e+02
3.1384510609362035e+00 2.5664164265621181e+01 4.8485783839834613e+02
3.1400218572629983e+00 2.6431945679945645e+01 4.9271182003232013e+02
3.1415926535897931e+00 2.7212064099771474e+01 5.0056580166629442e+02
