# x energy force
1.0000000000000000e-02 4.0886867787912294e+01 2.5460214115832881e+02
1.0996666666666667e-02 4.0633873550961496e+01 2.5307860188675357e+02
1.1993333333333333e-02 4.0382394368922732e+01 2.5156189718768945e+02
1.2990000000000002e-02 4.0132422329557542e+01 2.5005423531771146e+02
1.3986666666666668e-02 3.9883948447047111e+01 2.4855556236208639e+02
1.4983333333333335e-02 3.9636963789147480e+01 2.4706582472747922e+02
1.5980000000000001e-02 3.9391459476870125e+01 2.4558496914011587e+02
1.6976666666666668e-02 3.9147426684164422e+01 2.4411294264390600e+02
1.7973333333333334e-02 3.8904856637602016e+01 2.4264969259838338e+02
1.8970000000000001e-02 3.8663740616063123e+01 2.4119516667698204e+02
1.9966666666666667e-02 3.8424069950424624e+01 2.3974931286515150e+02
2.0963333333333334e-02 3.8185836023250047e+01 2.3831207945840933e+02
2.1960000000000000e-02 3.7949030268481430e+01 2.3688341506056130e+02
2.2956666666666667e-02 3.7713644171132970e+01 2.3546326858183016e+02
2.3953333333333333e-02 3.7479669266986534e+01 2.3405158923710229e+02
2.4950000000000000e-02 3.7247097142288965e+01 2.3264832654396923e+02
2.5946666666666666e-02 3.7015919433451238e+01 2.3125343032103405e+02
2.6943333333333333e-02 3.6786127826749322e+01 2.2986685068616109e+02
2.7940000000000000e-02 3.6557714058026882e+01 2.2848853805451753e+02
2.8936666666666666e-02 3.6330669912399806e+01 2.2711844313693746e+02
2.9933333333333333e-02 3.6104987223962382e+01 2.2575651693815624e+02
3.0929999999999999e-02 3.5880657875495295e+01 2.2440271075498970e+02
3.1926666666666666e-02 3.5657673798175360e+01 2.2305697617464463e+02
3.2923333333333332e-02 3.5436026971286957e+01 2.2171926507298525e+02
3.3920000000000006e-02 3.5215709421935223e+01 2.2038952961276826e+02
3.4916666666666672e-02 3.4996713224760938e+01 2.1906772224198576e+02
3.5913333333333339e-02 3.4779030501657104e+01 2.1775379569212805e+02
3.6910000000000005e-02 3.4562653421487219e+01 2.1644770297653153e+02
3.7906666666666672e-02 3.4347574199805230e+01 2.1514939738865922e+02
3.8903333333333338e-02 3.4133785098577171e+01 2.1385883250042085e+02
3.9900000000000005e-02 3.3921278425904433e+01 2.1257596216058903e+02
4.0896666666666671e-02 3.3710046535748695e+01 2.1130074049306003e+02
4.1893333333333338e-02 3.3500081827658519e+01 2.1003312189525002e+02
4.2890000000000005e-02 3.3291376746497534e+01 2.0877306103649789e+02
4.3886666666666671e-02 3.3083923782174246e+01 2.0752051285638606e+02
4.4883333333333338e-02 3.2877715469373513e+01 2.0627543256314070e+02
4.5880000000000004e-02 3.2672744387289569e+01 2.0503777563206626e+02
4.6876666666666671e-02 3.2469003159360632e+01 2.0380749780393100e+02
4.7873333333333337e-02 3.2266484453005127e+01 2.0258455508337360e+02
4.8870000000000004e-02 3.2065180979359475e+01 2.0136890373733831e+02
4.9866666666666670e-02 3.1865085493017432e+01 2.0016050029351712e+02
5.0863333333333337e-02 3.1666190791770990e+01 1.9895930153880664e+02
5.1860000000000003e-02 3.1468489716352828e+01 1.9776526451770687e+02
5.2856666666666670e-02 3.1271975150180300e+01 1.9657834653084672e+02
5.3853333333333336e-02 3.1076640019100910e+01 1.9539850513348208e+02
5.4850000000000003e-02 3.0882477291139359e+01 1.9422569813384206e+02
5.5846666666666669e-02 3.0689479976246101e+01 1.9305988359175805e+02
5.6843333333333336e-02 3.0497641126047334e+01 1.9190101981713687e+02
5.7840000000000009e-02 3.0306953833596538e+01 1.9074906536840237e+02
5.8836666666666676e-02 3.0117411233127495e+01 1.8960397905108476e+02
5.9833333333333343e-02 2.9929006499808743e+01 1.8846571991631330e+02
6.0830000000000009e-02 2.9741732849499524e+01 1.8733424725937942e+02
6.1826666666666676e-02 2.9555583538507182e+01 1.8620952061822936e+02
6.2823333333333342e-02 2.9370551863346016e+01 1.8509149977206945e+02
6.3820000000000002e-02 2.9186631160497534e+01 1.8398014473993899e+02
6.4816666666666675e-02 2.9003814806172173e+01 1.8287541577917932e+02
6.5813333333333335e-02 2.8822096216072456e+01 1.8177727338413629e+02
6.6810000000000008e-02 2.8641468845157487e+01 1.8068567828469250e+02
6.7806666666666668e-02 2.8461926187408938e+01 1.7960059144483603e+02
6.8803333333333341e-02 2.8283461775598365e+01 1.7852197406133129e+02
6.9800000000000001e-02 2.8106069181055940e+01 1.7744978756227044e+02
7.0796666666666674e-02 2.7929742013440563e+01 1.7638399360570804e+02
7.1793333333333334e-02 2.7754473920511359e+01 1.7532455407831702e+02
7.2789999999999994e-02 2.7580258587900484e+01 1.7427143109400794e+02
7.3786666666666667e-02 2.7407089738887340e+01 1.7322458699256597e+02
7.4783333333333341e-02 2.7234961134174114e+01 1.7218398433832269e+02
7.5780000000000000e-02 2.7063866571662651e+01 1.7114958591879483e+02
7.6776666666666674e-02 2.6893799886232671e+01 1.7012135474336807e+02
7.7773333333333333e-02 2.6724754949521309e+01 1.6909925404197526e+02
7.8770000000000007e-02 2.6556725669703940e+01 1.6808324726378055e+02
7.9766666666666666e-02 2.6389705991276351e+01 1.6707329807586956e+02
8.0763333333333340e-02 2.6223689894838174e+01 1.6606937036194287e+02
8.1759999999999999e-02 2.6058671396877656e+01 1.6507142822103816e+02
8.2756666666666673e-02 2.5894644549557661e+01 1.6407943596623798e+02
8.3753333333333332e-02 2.5731603440502997e+01 1.6309335812339370e+02
8.4750000000000006e-02 2.5569542192588951e+01 1.6211315942987088e+02
8.5746666666666665e-02 2.5408454963731153e+01 1.6113880483327111e+02
8.6743333333333339e-02 2.5248335946676644e+01 1.6017025949015786e+02
8.7739999999999999e-02 2.5089179368796216e+01 1.5920748876488054e+02
8.8736666666666672e-02 2.4930979491877963e+01 1.5825045822826684e+02
8.9733333333333332e-02 2.4773730611922101e+01 1.5729913365640556e+02
9.0730000000000005e-02 2.4617427058936972e+01 1.5635348102947023e+02
9.1726666666666665e-02 2.4462063196736292e+01 1.5541346653042805e+02
9.2723333333333338e-02 2.4307633422737588e+01 1.5447905654389018e+02
9.3719999999999998e-02 2.4154132167761869e+01 1.5355021765487970e+02
9.4716666666666671e-02 2.4001553895834444e+01 1.5262691664764350e+02
9.5713333333333331e-02 2.3849893103986968e+01 1.5170912050448430e+02
9.6710000000000004e-02 2.3699144322060640e+01 1.5079679640453472e+02
9.7706666666666664e-02 2.3549302112510606e+01 1.4988991172262573e+02
9.8703333333333337e-02 2.3400361070211492e+01 1.4898843402810073e+02
9.9699999999999997e-02 2.3252315822264134e+01 1.4809233108365814e+02
1.0069666666666667e-01 2.3105161027803412e+01 1.4720157084420964e+02
1.0169333333333333e-01 2.2958891377807280e+01 1.4631612145571887e+02
1.0269000000000000e-01 2.2813501594906906e+01 1.4543595125406213e+02
1.0368666666666666e-01 2.2668986433197954e+01 1.4456102876390412e+02
1.0468333333333334e-01 2.2525340678052984e+01 1.4369132269757552e+02
1.0568000000000001e-01 2.2382559145934973e+01 1.4282680195394843e+02
1.0667666666666667e-01 2.2240636684211953e+01 1.4196743561732796e+02
1.0767333333333334e-01 2.2099568170972741e+01 1.4111319295633632e+02
1.0867000000000000e-01 2.1959348514843796e+01 1.4026404342281677e+02
1.0966666666666668e-01 2.1819972654807135e+01 1.3941995665075115e+02
1.1066333333333334e-01 2.1681435560019349e+01 1.3858090245517437e+02
1.1166000000000001e-01 2.1543732229631694e+01 1.3774685083108733e+02
1.1265666666666667e-01 2.1406857692611268e+01 1.3691777195237657e+02
1.1365333333333334e-01 2.1270807007563238e+01 1.3609363617076144e+02
1.1465000000000000e-01 2.1135575262554138e+01 1.3527441401472598e+02
1.1564666666666668e-01 2.1001157574936212e+01 1.3446007618847139e+02
1.1664333333333333e-01 2.0867549091172805e+01 1.3365059357087299e+02
1.1764000000000001e-01 2.0734744986664801e+01 1.3284593721441470e+02
1.1863666666666667e-01 2.0602740465578101e+01 1.3204607834417860e+02
1.1963333333333334e-01 2.0471530760672110e+01 1.3125098835680708e+02
1.2063000000000000e-01 2.0341111133129264e+01 1.3046063881947322e+02
1.2162666666666667e-01 2.0211476872385564e+01 1.2967500146888801e+02
1.2262333333333333e-01 2.0082623295962122e+01 1.2889404821026270e+02
1.2362000000000001e-01 1.9954545749297719e+01 1.2811775111630035e+02
1.2461666666666667e-01 1.9827239605582356e+01 1.2734608242623264e+02
1.2561333333333335e-01 1.9700700265591792e+01 1.2657901454479706e+02
1.2661000000000000e-01 1.9574923157523081e+01 1.2581652004124768e+02
1.2760666666666667e-01 1.9449903736831068e+01 1.2505857164840836e+02
1.2860333333333335e-01 1.9325637486065883e+01 1.2430514226165927e+02
1.2960000000000002e-01 1.9202119914711403e+01 1.2355620493796684e+02
1.3059666666666667e-01 1.9079346559024660e+01 1.2281173289496523e+02
1.3159333333333334e-01 1.8957312981876203e+01 1.2207169950996450e+02
1.3259000000000001e-01 1.8836014772591440e+01 1.2133607831899066e+02
1.3358666666666669e-01 1.8715447546792912e+01 1.2060484301584606e+02
1.3458333333333333e-01 1.8595606946243503e+01 1.1987796745119765e+02
1.3558000000000001e-01 1.8476488638690569e+01 1.1915542563160973e+02
1.3657666666666668e-01 1.8358088317711044e+01 1.1843719171860715e+02
1.3757333333333335e-01 1.8240401702557421e+01 1.1772324002779334e+02
1.3857000000000003e-01 1.8123424538004670e+01 1.1701354502789080e+02
1.3956666666666670e-01 1.8007152594198082e+01 1.1630808133984330e+02
1.4056333333333335e-01 1.7891581666501999e+01 1.1560682373591420e+02
1.4156000000000002e-01 1.7776707575349445e+01 1.1490974713877698e+02
1.4255666666666669e-01 1.7662526166092675e+01 1.1421682662062749e+02
1.4355333333333337e-01 1.7549033308854600e+01 1.1352803740226477e+02
1.4455000000000001e-01 1.7436224898381109e+01 1.1284335485224003e+02
1.4554666666666669e-01 1.7324096853894240e+01 1.1216275448595806e+02
1.4654333333333336e-01 1.7212645118946273e+01 1.1148621196480526e+02
1.4754000000000003e-01 1.7101865661274662e+01 1.1081370309528661e+02
1.4853666666666668e-01 1.6991754472657824e+01 1.1014520382813548e+02
1.4953333333333335e-01 1.6882307568771825e+01 1.0948069025748178e+02
1.5053000000000002e-01 1.6773520989047885e+01 1.0882013861998578e+02
1.5152666666666670e-01 1.6665390796530758e+01 1.0816352529397996e+02
1.5252333333333334e-01 1.6557913077737936e+01 1.0751082679864058e+02
1.5352000000000002e-01 1.6451083942519695e+01 1.0686201979314674e+02
1.5451666666666669e-01 1.6344899523919988e+01 1.0621708107582518e+02
1.5551333333333336e-01 1.6239355978038169e+01 1.0557598758334214e+02
1.5651000000000001e-01 1.6134449483891522e+01 1.0493871638986744e+02
1.5750666666666668e-01 1.6030176243278618e+01 1.0430524470626169e+02
1.5850333333333336e-01 1.5926532480643498e+01 1.0367554987925777e+02
1.5950000000000003e-01 1.5823514442940661e+01 1.0304960939064715e+02
1.6049666666666668e-01 1.5721118399500844e+01 1.0242740085648120e+02
1.6149333333333335e-01 1.5619340641897605e+01 1.0180890202627059e+02
1.6249000000000002e-01 1.5518177483814723e+01 1.0119409078218663e+02
1.6348666666666670e-01 1.5417625260914368e+01 1.0058294513825646e+02
1.6448333333333334e-01 1.5317680330706066e+01 9.9975443239610058e+01
1.6548000000000002e-01 1.5218339072416427e+01 9.9371563361670923e+01
1.6647666666666669e-01 1.5119597886859681e+01 9.8771283909388657e+01
1.6747333333333336e-01 1.5021453196308961e+01 9.8174583416469687e+01
1.6847000000000001e-01 1.4923901444368367e+01 9.7581440544592084e+01
1.6946666666666668e-01 1.4826939095845779e+01 9.6991834082674657e+01
1.7046333333333336e-01 1.4730562636626445e+01 9.6405742946088964e+01
1.7146000000000003e-01 1.4634768573547310e+01 9.5823146175920428e+01
1.7245666666666670e-01 1.4539553434272101e+01 9.5244022938212652e+01
1.7345333333333335e-01 1.4444913767167153e+01 9.4668352523224414e+01
1.7445000000000002e-01 1.4350846141177973e+01 9.4096114344692481e+01
1.7544666666666670e-01 1.4257347145706557e+01 9.3527287939083365e+01
1.7644333333333337e-01 1.4164413390489413e+01 9.2961852964884088e+01
1.7744000000000001e-01 1.4072041505476324e+01 9.2399789201852428e+01
1.7843666666666669e-01 1.3980228140709833e+01 9.1841076550301722e+01
1.7943333333333336e-01 1.3888969966205460e+01 9.1285695030381106e+01
1.8043000000000003e-01 1.3798263671832604e+01 9.0733624781369528e+01
1.8142666666666668e-01 1.3708105967196179e+01 9.0184846060958051e+01
1.8242333333333335e-01 1.3618493581518939e+01 8.9639339244537823e+01
1.8342000000000003e-01 1.3529423263524528e+01 8.9097084824511029e+01
1.8441666666666670e-01 1.3440891781321204e+01 8.8558063409581976e+01
1.8541333333333335e-01 1.3352895922286269e+01 8.8022255724071798e+01
1.8641000000000002e-01 1.3265432492951170e+01 8.7489642607230024e+01
1.8740666666666669e-01 1.3178498318887318e+01 8.6960205012540513e+01
1.8840333333333337e-01 1.3092090244592557e+01 8.6433924007045363e+01
1.8940000000000001e-01 1.3006205133378332e+01 8.5910780770667799e+01
1.9039666666666669e-01 1.2920839867257504e+01 8.5390756595542413e+01
1.9139333333333336e-01 1.2835991346832861e+01 8.4873832885343973e+01
1.9239000000000003e-01 1.2751656491186280e+01 8.4359991154617035e+01
1.9338666666666668e-01 1.2667832237768552e+01 8.3849213028117532e+01
1.9438333333333335e-01 1.2584515542289857e+01 8.3341480240164159e+01
1.9538000000000003e-01 1.2501703378610911e+01 8.2836774633973505e+01
1.9637666666666670e-01 1.2419392738634739e+01 8.2335078161019339e+01
1.9737333333333335e-01 1.2337580632199110e+01 8.1836372880381759e+01
1.9837000000000002e-01 1.2256264086969598e+01 8.1340640958105283e+01
1.9936666666666669e-01 1.2175440148333301e+01 8.0847864666567389e+01
2.0036333333333337e-01 1.2095105879293184e+01 8.0358026383834328e+01
2.0136000000000004e-01 1.2015258360363038e+01 7.9871108593047154e+01
2.0235666666666668e-01 1.1935894689463087e+01 7.9387093881775499e+01
2.0335333333333336e-01 1.1857011981816200e+01 7.8905964941407419e+01
2.0435000000000003e-01 1.1778607369844744e+01 7.8427704566528988e+01
2.0534666666666671e-01 1.1700678003068028e+01 7.7952295654305161e+01
2.0634333333333335e-01 1.1623221048000369e+01 7.7479721203877304e+01
2.0734000000000002e-01 1.1546233688049758e+01 7.7009964315740135e+01
2.0833666666666670e-01 1.1469713123417158e+01 7.6543008191148445e+01
2.0933333333333337e-01 1.1393656570996363e+01 7.6078836131517107e+01
2.1033000000000002e-01 1.1318061264274480e+01 7.5617431537818206e+01
2.1132666666666669e-01 1.1242924453232989e+01 7.5158777909987933e+01
2.1232333333333336e-01 1.1168243404249418e+01 7.4702858846339467e+01
2.1332000000000004e-01 1.1094015399999574e+01 7.4249658042978581e+01
2.1431666666666668e-01 1.1020237739360372e+01 7.3799159293214615e+01
2.1531333333333336e-01 1.0946907737313239e+01 7.3351346486983601e+01
2.1631000000000003e-01 1.0874022724848107e+01 7.2906203610272598e+01
2.1730666666666670e-01 1.0801580048867955e+01 7.2463714744546138e+01
2.1830333333333335e-01 1.0729577072093944e+01 7.2023864066178533e+01
2.1930000000000002e-01 1.0658011172971097e+01 7.1586635845888622e+01
2.2029666666666670e-01 1.0586879745574556e+01 7.1152014448171911e+01
2.2129333333333337e-01 1.0516180199516395e+01 7.0719984330746939e+01
2.2229000000000002e-01 1.0445909959852983e+01 7.0290530043996313e+01
2.2328666666666669e-01 1.0376066466992897e+01 6.9863636230422031e+01
2.2428333333333336e-01 1.0306647176605402e+01 6.9439287624082780e+01
2.2528000000000004e-01 1.0237649559529457e+01 6.9017469050054842e+01
2.2627666666666668e-01 1.0169071101683272e+01 6.8598165423895267e+01
2.2727333333333335e-01 1.0100909303974404e+01 6.8181361751090932e+01
2.2827000000000003e-01 1.0033161682210386e+01 6.7767043126535981e+01
2.2926666666666670e-01 9.9658257670098926e+00 6.7355194733982756e+01
2.3026333333333335e-01 9.8988991037144380e+00 6.6945801845526020e+01
2.3126000000000002e-01 9.8323792523005835e+00 6.6538849821069903e+01
2.3225666666666669e-01 9.7662637872926972e+00 6.6134324107798008e+01
2.3325333333333337e-01 9.7005502976762088e+00 6.5732210239669513e+01
2.3425000000000004e-01 9.6352363868113891e+00 6.5332493836892695e+01
2.3524666666666669e-01 9.5703196723476474e+00 6.4935160605402629e+01
2.3624333333333336e-01 9.5057977861383343e+00 6.4540196336360594e+01
2.3724000000000003e-01 9.4416683741560679e+00 6.4147586905645824e+01
2.3823666666666671e-01 9.3779290964085362e+00 6.3757318273346009e+01
2.3923333333333335e-01 9.3145776268548310e+00 6.3369376483257234e+01
2.4023000000000003e-01 9.2516116533222519e+00 6.2983747662384083e+01
2.4122666666666670e-01 9.1890288774236417e+00 6.2600418020445957e+01
2.4222333333333337e-01 9.1268270144751789e+00 6.2219373849378897e+01
2.4322000000000002e-01 9.0650037934146859e+00 6.1840601522850918e+01
2.4421666666666669e-01 9.0035569567204039e+00 6.1464087495772567e+01
2.4521333333333337e-01 8.9424842603302785e+00 6.1089818303810546e+01
2.4621000000000004e-01 8.8817834735616970e+00 6.0717780562908992e+01
2.4720666666666669e-01 8.8214523790317241e+00 6.0347960968810355e+01
2.4820333333333336e-01 8.7614887725778043e+00 5.9980346296578290e+01
2.4920000000000003e-01 8.7018904631789464e+00 5.9614923400126280e+01
2.5019666666666668e-01 8.6426552728773647e+00 5.9251679211745625e+01
2.5119333333333332e-01 8.5837810367005947e+00 5.8890600741640249e+01
2.5219000000000003e-01 8.5252656025840743e+00 5.8531675077461635e+01
2.5318666666666667e-01 8.4671068312941902e+00 5.8174889383846626e+01
2.5418333333333337e-01 8.4093025963517629e+00 5.7820230901957579e+01
2.5518000000000002e-01 8.3518507839560225e+00 5.7467686949027353e+01
2.5617666666666666e-01 8.2947492929090014e+00 5.7117244917905339e+01
2.5717333333333336e-01 8.2379960345404015e+00 5.6768892276606771e+01
2.5817000000000001e-01 8.1815889326329074e+00 5.6422616567866001e+01
2.5916666666666666e-01 8.1255259233479258e+00 5.6078405408687473e+01
2.6016333333333336e-01 8.0698049551517919e+00 5.5736246489905426e+01
2.6116000000000000e-01 8.0144239887424114e+00 5.5396127575743982e+01
2.6215666666666670e-01 7.9593809969763134e+00 5.5058036503378887e+01
2.6315333333333335e-01 7.9046739647961841e+00 5.4721961182501708e+01
2.6415000000000005e-01 7.8503008891587829e+00 5.4387889594888705e+01
2.6514666666666670e-01 7.7962597789633357e+00 5.4055809793970425e+01
2.6614333333333334e-01 7.7425486549803129e+00 5.3725709904404660e+01
2.6714000000000004e-01 7.6891655497806584e+00 5.3397578121654021e+01
2.6813666666666669e-01 7.6361085076654422e+00 5.3071402711557916e+01
2.6913333333333339e-01 7.5833755845959052e+00 5.2747172009917996e+01
2.7013000000000004e-01 7.5309648481239595e+00 5.2424874422081643e+01
2.7112666666666668e-01 7.4788743773230655e+00 5.2104498422523271e+01
2.7212333333333338e-01 7.4271022627195462e+00 5.1786032554434769e+01
2.7312000000000003e-01 7.3756466062243113e+00 5.1469465429315505e+01
2.7411666666666668e-01 7.3245055210649657e+00 5.1154785726564462e+01
2.7511333333333338e-01 7.2736771317183431e+00 5.0841982193075864e+01
2.7611000000000002e-01 7.2231595738434473e+00 5.0531043642837538e+01
2.7710666666666672e-01 7.1729509942147613e+00 5.0221958956528120e+01
2.7810333333333337e-01 7.1230495506559990e+00 4.9914717081124166e+01
2.7910000000000001e-01 7.0734534119742047e+00 4.9609307029501792e+01
2.8009666666666672e-01 7.0241607578942817e+00 4.9305717880038962e+01
2.8109333333333336e-01 6.9751697789939060e+00 4.9003938776235941e+01
2.8209000000000001e-01 6.9264786766388005e+00 4.8703958926319466e+01
2.8308666666666671e-01 6.8780856629184255e+00 4.8405767602857800e+01
2.8408333333333335e-01 6.8299889605820496e+00 4.8109354142379338e+01
2.8508000000000006e-01 6.7821868029751782e+00 4.7814707944985201e+01
2.8607666666666670e-01 6.7346774339763940e+00 4.7521818473981156e+01
2.8707333333333335e-01 6.6874591079345409e+00 4.7230675255491683e+01
2.8807000000000005e-01 6.6405300896063073e+00 4.6941267878084780e+01
2.8906666666666669e-01 6.5938886540941795e+00 4.6653585992408097e+01
2.9006333333333334e-01 6.5475330867847426e+00 4.6367619310811939e+01
2.9106000000000004e-01 6.5014616832873742e+00 4.6083357606981394e+01
2.9205666666666669e-01 6.4556727493733010e+00 4.5800790715575395e+01
2.9305333333333339e-01 6.4101646009149951e+00 4.5519908531858370e+01
2.9405000000000003e-01 6.3649355638259681e+00 4.5240701011340789e+01
2.9504666666666668e-01 6.3199839740008894e+00 4.4963158169421135e+01
2.9604333333333338e-01 6.2753081772560817e+00 4.4687270081025225e+01
2.9704000000000003e-01 6.2309065292703778e+00 4.4413026880255444e+01
2.9803666666666673e-01 6.1867773955262972e+00 4.4140418760037349e+01
2.9903333333333337e-01 6.1429191512516166e+00 4.3869435971765988e+01
3.0003000000000002e-01 6.0993301813612497e+00 4.3600068824959259e+01
3.0102666666666672e-01 6.0560088803994994e+00 4.3332307686911044e+01
3.0202333333333337e-01 6.0129536524826523e+00 4.3066142982348310e+01
3.0302000000000001e-01 5.9701629112418946e+00 4.2801565193086674e+01
3.0401666666666671e-01 5.9276350797665902e+00 4.2538564857688755e+01
3.0501333333333336e-01 5.8853685905478965e+00 4.2277132571130153e+01
3.0601000000000006e-01 5.8433618854226923e+00 4.2017258984460859e+01
3.0700666666666671e-01 5.8016134155178767e+00 4.1758934804468460e+01
3.0800333333333335e-01 5.7601216411949654e+00 4.1502150793347894e+01
3.0900000000000005e-01 5.7188850319950379e+00 4.1246897768376350e+01
3.0999666666666670e-01 5.6779020665840125e+00 4.0993166601576391e+01
3.1099333333333334e-01 5.6371712326982317e+00 4.0740948219389296e+01
3.1199000000000005e-01 5.5966910270903920e+00 4.0490233602360256e+01
3.1298666666666669e-01 5.5564599554757876e+00 4.0241013784807159e+01
3.1398333333333339e-01 5.5164765324788636e+00 3.9993279854502362e+01
3.1498000000000004e-01 5.4767392815801124e+00 3.9747022952357170e+01
3.1597666666666668e-01 5.4372467350632601e+00 3.9502234272097660e+01
3.1697333333333338e-01 5.3979974339627850e+00 3.9258905059957307e+01
3.1797000000000003e-01 5.3589899280117503e+00 3.9017026614361207e+01
3.1896666666666668e-01 5.3202227755899312e+00 3.8776590285611690e+01
3.1996333333333338e-01 5.2816945436722662e+00 3.8537587475585696e+01
3.2096000000000002e-01 5.2434038077776188e+00 3.8300009637421368e+01
3.2195666666666672e-01 5.2053491519178205e+00 3.8063848275214262e+01
3.2295333333333337e-01 5.1675291685470555e+00 3.7829094943713443e+01
3.2395000000000002e-01 5.1299424585115077e+00 3.7595741248022165e+01
3.2494666666666672e-01 5.0925876309993336e+00 3.7363778843295066e+01
3.2594333333333336e-01 5.0554633034909315e+00 3.7133199434436541e+01
3.2694000000000001e-01 5.0185681017094916e+00 3.6903994775811512e+01
3.2793666666666671e-01 4.9819006595718562e+00 3.6676156670945090e+01
3.2893333333333336e-01 4.9454596191396742e+00 3.6449676972231181e+01
3.2993000000000006e-01 4.9092436305708249e+00 3.6224547580641115e+01
3.3092666666666670e-01 4.8732513520711649e+00 3.6000760445433414e+01
3.3192333333333335e-01 4.8374814498465302e+00 3.5778307563867799e+01
3.3292000000000005e-01 4.8019325980550454e+00 3.5557180980915007e+01
3.3391666666666669e-01 4.7666034787597162e+00 3.5337372788977291e+01
3.3491333333333340e-01 4.7314927818812862e+00 3.5118875127602699e+01
3.3591000000000004e-01 4.6965992051514025e+00 3.4901680183202338e+01
3.3690666666666669e-01 4.6619214540660332e+00 3.4685780188777137e+01
3.3790333333333339e-01 4.6274582418391805e+00 3.4471167423633482e+01
3.3890000000000003e-01 4.5932082893568715e+00 3.4257834213108140e+01
3.3989666666666668e-01 4.5591703251314035e+00 3.4045772928299982e+01
3.4089333333333338e-01 4.5253430852558809e+00 3.3834975985789342e+01
3.4189000000000003e-01 4.4917253133590238e+00 3.3625435847369374e+01
3.4288666666666673e-01 4.4583157605602262e+00 3.3417145019780534e+01
3.4388333333333337e-01 4.4251131854249088e+00 3.3210096054435368e+01
3.4488000000000002e-01 4.3921163539201151e+00 3.3004281547159003e+01
3.4587666666666672e-01 4.3593240393703825e+00 3.2799694137921115e+01
3.4687333333333337e-01 4.3267350224138843e+00 3.2596326510571160e+01
3.4787000000000001e-01 4.2943480909588150e+00 3.2394171392579828e+01
3.4886666666666671e-01 4.2621620401400477e+00 3.2193221554777281e+01
3.4986333333333336e-01 4.2301756722760544e+00 3.1993469811097253e+01
3.5086000000000006e-01 4.1983877968260632e+00 3.1794909018315003e+01
3.5185666666666671e-01 4.1667972303474992e+00 3.1597532075794394e+01
3.5285333333333335e-01 4.1354027964536515e+00 3.1401331925238289e+01
3.5385000000000005e-01 4.1042033257716088e+00 3.1206301550429998e+01
3.5484666666666670e-01 4.0731976559004481e+00 3.1012433976983552e+01
3.5584333333333334e-01 4.0423846313696572e+00 3.0819722272095866e+01
3.5684000000000005e-01 4.0117631035978194e+00 3.0628159544299059e+01
3.5783666666666669e-01 3.9813319308515434e+00 3.0437738943213219e+01
3.5883333333333339e-01 3.9510899782046227e+00 3.0248453659300690e+01
3.5983000000000004e-01 3.9210361174974655e+00 3.0060296923624623e+01
3.6082666666666668e-01 3.8911692272967371e+00 2.9873262007604360e+01
3.6182333333333339e-01 3.8614881928552633e+00 2.9687342222776053e+01
3.6282000000000003e-01 3.8319919060721710e+00 2.9502530920554683e+01
3.6381666666666673e-01 3.8026792654532495e+00 2.9318821491994399e+01
3.6481333333333338e-01 3.7735491760715760e+00 2.9136207367552448e+01
3.6581000000000002e-01 3.7446005495283465e+00 2.8954682016855354e+01
3.6680666666666673e-01 3.7158323039139609e+00 2.8774238948464674e+01
3.6780333333333337e-01 3.6872433637693369e+00 2.8594871709645140e+01
3.6880000000000002e-01 3.6588326600474415e+00 2.8416573886132731e+01
3.6979666666666672e-01 3.6305991300750668e+00 2.8239339101907767e+01
3.7079333333333336e-01 3.6025417175148329e+00 2.8063161018963882e+01
3.7179000000000006e-01 3.5746593723274014e+00 2.7888033337083669e+01
3.7278666666666671e-01 3.5469510507339383e+00 2.7713949793612546e+01
3.7378333333333336e-01 3.5194157151787766e+00 2.7540904163234753e+01
3.7478000000000006e-01 3.4920523342923175e+00 2.7368890257751378e+01
3.7577666666666670e-01 3.4648598828541535e+00 2.7197901925856893e+01
3.7677333333333335e-01 3.4378373417563957e+00 2.7027933052922410e+01
3.7777000000000005e-01 3.4109836979672354e+00 2.6858977560775259e+01
3.7876666666666670e-01 3.3842979444947212e+00 2.6691029407481565e+01
3.7976333333333340e-01 3.3577790803507392e+00 2.6524082587129431e+01
3.8076000000000004e-01 3.3314261105152281e+00 2.6358131129616236e+01
3.8175666666666669e-01 3.3052380459005870e+00 2.6193169100433888e+01
3.8275333333333339e-01 3.2792139033163092e+00 2.6029190600456573e+01
3.8375000000000004e-01 3.2533527054338265e+00 2.5866189765730262e+01
3.8474666666666668e-01 3.2276534807515525e+00 2.5704160767262245e+01
3.8574333333333338e-01 3.2021152635601440e+00 2.5543097810813489e+01
3.8674000000000003e-01 3.1767370939079718e+00 2.5382995136690528e+01
3.8773666666666673e-01 3.1515180175667821e+00 2.5223847019541381e+01
3.8873333333333338e-01 3.1264570859975840e+00 2.5065647768148573e+01
3.8973000000000002e-01 3.1015533563167197e+00 2.4908391725226068e+01
3.9072666666666672e-01 3.0768058912621505e+00 2.4752073267218545e+01
3.9172333333333337e-01 3.0522137591599448e+00 2.4596686804098660e+01
3.9272000000000007e-01 3.0277760338909490e+00 2.4442226779168404e+01
3.9371666666666671e-01 3.0034917948576831e+00 2.4288687668857975e+01
3.9471333333333336e-01 2.9793601269514083e+00 2.4136063982530974e+01
3.9571000000000006e-01 2.9553801205194064e+00 2.3984350262287521e+01
3.9670666666666671e-01 2.9315508713324543e+00 2.3833541082767788e+01
3.9770333333333335e-01 2.9078714805524806e+00 2.3683631050959640e+01
3.9870000000000005e-01 2.8839279228853405e+00 2.4363641859687867e+01
3.9969666666666670e-01 2.8599404410272746e+00 2.3771773240111198e+01
4.0069333333333340e-01 2.8371037237618397e+00 2.2054415252398854e+01
4.0169000000000005e-01 2.8152040866984640e+00 2.1891344740998218e+01
4.0268666666666669e-01 2.7929120950332762e+00 2.2841748901520251e+01
4.0368333333333339e-01 2.7694322302563137e+00 2.4275036604088104e+01
4.0468000000000004e-01 2.7444911233447398e+00 2.5774007365626332e+01
4.0567666666666669e-01 2.7180802431155646e+00 2.7224414498940558e+01
4.0667333333333339e-01 2.6902506100241035e+00 2.8621003075895779e+01
4.0767000000000003e-01 2.6610312269550764e+00 3.0013210440547333e+01
4.0866666666666673e-01 2.6303758496905263e+00 3.1502596779283596e+01
4.0966333333333338e-01 2.5981276994625673e+00 3.3209410367123994e+01
4.1066000000000003e-01 2.5639609252979638e+00 3.5352678257499655e+01
4.1165666666666673e-01 2.5272946276519930e+00 3.8225176550466138e+01
4.1265333333333337e-01 2.4873980584707698e+00 4.1834828495468550e+01
4.1365000000000002e-01 2.4437702272979687e+00 4.5712658807813504e+01
4.1464666666666672e-01 2.3963836430658136e+00 4.9377476775102565e+01
4.1564333333333336e-01 2.3456468521745992e+00 5.2435481535028437e+01
4.1664000000000007e-01 2.2923085804609524e+00 5.4597839629476120e+01
4.1763666666666671e-01 2.2371253527960460e+00 5.6137734280037357e+01
4.1863333333333336e-01 2.1802858902099431e+00 5.7921387966325007e+01
4.1963000000000006e-01 2.1209860611204778e+00 6.1074924587781830e+01
4.2062666666666670e-01 2.0579758078179333e+00 6.5367055283547828e+01
4.2162333333333335e-01 1.9912309485345618e+00 6.8569117191447958e+01
4.2262000000000005e-01 1.9230402973086209e+00 6.8268310017793510e+01
4.2361666666666670e-01 1.8574602318434119e+00 6.3330483557879461e+01
4.2461333333333340e-01 1.7986512092477036e+00 5.4680933022133260e+01
4.2561000000000004e-01 1.7489538701339318e+00 4.5046168878414257e+01
4.2660666666666669e-01 1.7079557085220616e+00 3.7224389540056173e+01
4.2760333333333339e-01 1.6737231076047219e+00 3.1469792902763540e+01
4.2860000000000004e-01 1.6449540279912997e+00 2.6260801639221654e+01
4.2959666666666674e-01 1.6218869947134424e+00 2.0027559453466814e+01
4.3059333333333338e-01 1.6059677543810658e+00 1.1917404424212647e+01
4.3159000000000003e-01 1.5995495366525094e+00 9.6196225516500056e-01
4.3258666666666673e-01 1.5990701587953522e+00 -0.0000000000000000e+00
4.3358333333333338e-01 1.6025616549115242e+00 -7.0063467214154223e+00
4.3458000000000002e-01 1.6151976623491822e+00 -1.8350189942781387e+01
4.3557666666666672e-01 1.6408181876449841e+00 -3.3062235399962994e+01
4.3657333333333337e-01 1.6773902969164853e+00 -4.0326612636495931e+01
4.3757000000000007e-01 1.7169974031788879e+00 -3.9152530364978013e+01
4.3856666666666672e-01 1.7530372465792041e+00 -3.3168225622280183e+01
4.3956333333333336e-01 1.7835185929203115e+00 -2.7998355664224022e+01
4.4056000000000006e-01 1.8101423194869466e+00 -2.5427182596580206e+01
4.4155666666666671e-01 1.8346212758827594e+00 -2.3694469033814315e+01
4.4255333333333335e-01 1.8568139868464768e+00 -2.0839399120803471e+01
4.4355000000000006e-01 1.8749516273839100e+00 -1.5557203964345252e+01
4.4454666666666670e-01 1.8867207732399098e+00 -8.0598111313070628e+00
4.4554333333333340e-01 1.8910742190012575e+00 -6.7620042992542029e-01
4.4654000000000005e-01 1.8914111922155037e+00 -0.0000000000000000e+00
4.4753666666666669e-01 1.8837791969675219e+00 1.5315040631401821e+01
4.4853333333333339e-01 1.8590575318905933e+00 3.4293651830660480e+01
4.4953000000000004e-01 1.8178933165799411e+00 4.8310124712455959e+01
4.5052666666666669e-01 1.7663418487882152e+00 5.5137636742514431e+01
4.5152333333333339e-01 1.7106024006872278e+00 5.6714098577189077e+01
4.5252000000000003e-01 1.6540741219387385e+00 5.6720574496704948e+01
4.5351666666666673e-01 1.5967679165756226e+00 5.8275155328941679e+01
4.5451333333333338e-01 1.5374557594906124e+00 6.0745895677770108e+01
4.5551000000000003e-01 1.4765235181819016e+00 6.1526160460113459e+01
4.5650666666666673e-01 1.4163458349414926e+00 5.9231732330000675e+01
4.5750333333333337e-01 1.3601670551650376e+00 5.3501605014058555e+01
4.5850000000000007e-01 1.3110543138626456e+00 4.5052390910470329e+01
4.5949666666666672e-01 1.2707872951452617e+00 3.5750991131104485e+01
4.6049333333333337e-01 1.2392119522501306e+00 2.7610900966150044e+01
4.6149000000000007e-01 1.2147812409802181e+00 2.1413937702568976e+01
4.6248666666666671e-01 1.1955400320351544e+00 1.7197183926322474e+01
4.6348333333333336e-01 1.1795111932850642e+00 1.4967709886568221e+01
4.6448000000000006e-01 1.1647316490082118e+00 1.4690238495074182e+01
4.6547666666666671e-01 1.1495056421761307e+00 1.5863621368634279e+01
4.6647333333333341e-01 1.1333185243598531e+00 1.6618889299480333e+01
4.6747000000000005e-01 1.1171600194397351e+00 1.5806204185706921e+01
4.6846666666666670e-01 1.1023921508309111e+00 1.3828314761766361e+01
4.6946333333333340e-01 1.0903544444608850e+00 1.0327617753335298e+01
4.7046000000000004e-01 1.0823257780620259e+00 5.7834184985564034e+00
4.7145666666666669e-01 1.0782034458683347e+00 2.4888200172119657e+00
4.7245333333333339e-01 1.0759838851538202e+00 1.9651479717805247e+00
4.7345000000000004e-01 1.0735051005039875e+00 3.0090018272146390e+00
4.7444666666666674e-01 1.0694496799888391e+00 5.1289657617115214e+00
4.7544333333333338e-01 1.0640117240905305e+00 5.7833203218512290e+00
4.7644000000000003e-01 1.0590368590802033e+00 4.1996863878354702e+00
4.7743666666666673e-01 1.0569440153635985e+00 -0.0000000000000000e+00
4.7843333333333338e-01 1.0580090523418380e+00 -2.1371979496444071e+00
4.7943000000000002e-01 1.0646592837391200e+00 -1.1207747998078945e+01
4.8042666666666672e-01 1.0807713813047222e+00 -2.1124220360987877e+01
4.8142333333333337e-01 1.1071042570842007e+00 -3.1717670835291134e+01
4.8242000000000007e-01 1.1431775020632915e+00 -4.0670111731443690e+01
4.8341666666666672e-01 1.1864443696370512e+00 -4.6153033901520679e+01
4.8441333333333336e-01 1.2336030331541630e+00 -4.8479735698036563e+01
4.8541000000000006e-01 1.2825069113027729e+00 -4.9655136840976873e+01
4.8640666666666671e-01 1.3331519889273002e+00 -5.1973781469113312e+01
4.8740333333333336e-01 1.3867041282893355e+00 -5.5488705545006582e+01
4.8840000000000006e-01 1.4433158776635275e+00 -5.8113467112231042e+01
4.8939666666666670e-01 1.5012475988379685e+00 -5.8137478388321981e+01
4.9039333333333340e-01 1.5574969528019920e+00 -5.4737479399012052e+01
4.9139000000000005e-01 1.6086194647987728e+00 -4.7849501196536984e+01
4.9238666666666669e-01 1.6514309330217860e+00 -3.8059799585431158e+01
4.9338333333333340e-01 1.6840960285085438e+00 -2.7488887010067138e+01
4.9438000000000004e-01 1.7071507099811343e+00 -1.8774687851319293e+01
4.9537666666666674e-01 1.7230807027430575e+00 -1.3191852808057046e+01
4.9637333333333339e-01 1.7349756567688186e+00 -1.0677620153337100e+01
4.9737000000000003e-01 1.7456207805092965e+00 -1.0683832168692623e+01
4.9836666666666674e-01 1.7572249885749402e+00 -1.2602204083434339e+01
4.9936333333333338e-01 1.7708992669525836e+00 -1.4837819416853835e+01
5.0036000000000003e-01 1.7860933407663186e+00 -1.5651960811377716e+01
5.0135666666666667e-01 1.8017128398457161e+00 -1.5691515602129327e+01
5.0235333333333332e-01 1.8175440909663758e+00 -1.6076881295516522e+01
5.0335000000000008e-01 1.8341342093914801e+00 -1.7214326246495649e+01
5.0434666666666672e-01 1.8522573884650160e+00 -1.9153257178660674e+01
5.0534333333333337e-01 1.8727143056658757e+00 -2.1897412789620791e+01
5.0634000000000001e-01 1.8964060117266301e+00 -2.5644472282128078e+01
5.0733666666666666e-01 1.9240018800764527e+00 -2.9731852165677292e+01
5.0833333333333330e-01 1.9550337446094628e+00 -3.2539447900565222e+01
5.0933000000000006e-01 1.9879673983877846e+00 -3.3548151654589425e+01
5.1032666666666671e-01 2.0210436722501779e+00 -3.2825642049211311e+01
5.1132333333333335e-01 2.0526690212022447e+00 -3.0636596650589631e+01
5.1232000000000000e-01 2.0815809055778818e+00 -2.7380562631626102e+01
5.1331666666666675e-01 2.1070437120491836e+00 -2.3715370086700858e+01
5.1431333333333340e-01 2.1290333787059339e+00 -2.0411051298082825e+01
5.1531000000000005e-01 2.1479860068627925e+00 -1.7620978448122102e+01
5.1630666666666669e-01 2.1643532191790888e+00 -1.5222925865516386e+01
5.1730333333333334e-01 2.1785733389132163e+00 -1.3312431460492137e+01
5.1830000000000009e-01 2.1912465852764504e+00 -1.2118832144657858e+01
5.1929666666666674e-01 2.2027608960873111e+00 -1.0986808278474481e+01
5.2029333333333339e-01 2.2129020609433709e+00 -9.3633553122814668e+00
5.2129000000000003e-01 2.2213002496026344e+00 -7.4891971812245277e+00
5.2228666666666668e-01 2.2275350199061670e+00 -5.0220475750281270e+00
5.2328333333333343e-01 2.2308941903458468e+00 -1.7187626718200915e+00
5.2428000000000008e-01 2.2317507070773037e+00 -0.0000000000000000e+00
5.2527666666666673e-01 2.2310735972913842e+00 1.3587487342864517e+00
5.2627333333333337e-01 2.2291819242099118e+00 2.4372507603070659e+00
5.2727000000000002e-01 2.2259541097391931e+00 4.0399689133758736e+00
5.2826666666666677e-01 2.2210732905961903e+00 5.7543169923141475e+00
5.2926333333333342e-01 2.2147242199220543e+00 6.9862930561196128e+00
5.3026000000000006e-01 2.2074472125578795e+00 7.6163973067730408e+00
5.3125666666666671e-01 2.1996955772020979e+00 7.9387238085082465e+00
5.3225333333333336e-01 2.1916814630861565e+00 8.1431105378625919e+00
5.3325000000000000e-01 2.1835108283911215e+00 8.2528119270909865e+00
5.3424666666666676e-01 2.1751975556894498e+00 8.4293406515131331e+00
5.3524333333333340e-01 2.1666999820665045e+00 8.6226465517220099e+00
5.3624000000000005e-01 2.1581953770401969e+00 8.4434504910356747e+00
5.3723666666666670e-01 2.1501813539976391e+00 7.6382010993818943e+00
5.3823333333333334e-01 2.1432760495165262e+00 6.2185971904772996e+00
5.3923000000000010e-01 2.1382585338222944e+00 3.8499961758735544e+00
5.4022666666666674e-01 2.1358405823065341e+00 1.0020804443810285e+00
5.4122333333333339e-01 2.1353412122184174e+00 -0.0000000000000000e+00
5.4222000000000004e-01 2.1354630574708424e+00 -2.4450552326113051e-01
5.4321666666666668e-01 2.1355849027232674e+00 -0.0000000000000000e+00
5.4421333333333344e-01 2.1344354050820002e+00 2.3066842299674639e+00
5.4521000000000008e-01 2.1302894521968323e+00 6.0129536666904801e+00
5.4620666666666673e-01 2.1223166665219102e+00 9.9859473532202880e+00
5.4720333333333337e-01 2.1108437480788429e+00 1.3036631462299423e+01
5.4820000000000002e-01 2.0965622399615884e+00 1.5621913254599461e+01
5.4919666666666667e-01 2.0798558861304612e+00 1.7902542593816687e+01
5.5019333333333342e-01 2.0609501914520361e+00 2.0035306259207264e+01
5.5119000000000007e-01 2.0398455671676499e+00 2.2315110364979553e+01
5.5218666666666671e-01 2.0160932819383346e+00 2.5348338255721011e+01
5.5318333333333336e-01 1.9886589753242914e+00 2.9703782040018819e+01
5.5418000000000001e-01 1.9566333726080845e+00 3.4561641470765821e+01
5.5517666666666676e-01 1.9204727339164538e+00 3.8001513094372747e+01
5.5617333333333341e-01 1.8820636984633916e+00 3.9073474436857197e+01
5.5717000000000005e-01 1.8437444561143010e+00 3.7821326263660751e+01
5.5816666666666670e-01 1.8073840650819417e+00 3.5142669119001845e+01
5.5916333333333335e-01 1.7737040230740035e+00 3.2442699458802032e+01
5.6016000000000010e-01 1.7423280883148105e+00 3.0519042532884278e+01
5.6115666666666675e-01 1.7127801469802502e+00 2.8774485228776410e+01
5.6215333333333339e-01 1.6855183034679293e+00 2.5931555264176136e+01
5.6315000000000004e-01 1.6619265240083103e+00 2.1409808199943139e+01
5.6414666666666669e-01 1.6432134231735060e+00 1.6141564712708380e+01
5.6514333333333344e-01 1.6292441848841379e+00 1.1890351587024538e+01
5.6614000000000009e-01 1.6189499923398871e+00 8.7668909766896412e+00
5.6713666666666673e-01 1.6115135503133367e+00 6.1557351635458328e+00
5.6813333333333338e-01 1.6067375283800074e+00 3.4282553381183178e+00
5.6913000000000002e-01 1.6044114929285236e+00 1.2393743304111673e+00
5.7012666666666667e-01 1.6037938713872020e+00 -0.0000000000000000e+00
5.7112333333333343e-01 1.6050832441778760e+00 -2.5873701485093590e+00
5.7212000000000007e-01 1.6104795263834080e+00 -8.2412897957021958e+00
5.7311666666666672e-01 1.6219144386459901e+00 -1.4705022436904336e+01
5.7411333333333336e-01 1.6400521509781596e+00 -2.1691724717951729e+01
5.7511000000000001e-01 1.6644862891133185e+00 -2.7339990603438334e+01
5.7610666666666677e-01 1.6930800064578346e+00 -3.0038706408963279e+01
5.7710333333333341e-01 1.7227355402875568e+00 -2.9470726025263204e+01
5.7810000000000006e-01 1.7507784536677886e+00 -2.6802678751122794e+01
5.7909666666666670e-01 1.7760056496665788e+00 -2.3820457032403848e+01
5.8009333333333335e-01 1.7986536088725913e+00 -2.1626952745548429e+01
5.8109000000000011e-01 1.8195033066018367e+00 -2.0211905574003620e+01
5.8208666666666675e-01 1.8389920540517120e+00 -1.8895948840462790e+01
5.8308333333333340e-01 1.8569417465284834e+00 -1.7123500945701355e+01
5.8408000000000004e-01 1.8728220249162029e+00 -1.4743278427649321e+01
5.8507666666666669e-01 1.8860801079137113e+00 -1.1861570396782808e+01
5.8607333333333345e-01 1.8962015834753947e+00 -8.4490829042524354e+00
5.8707000000000009e-01 1.9032018068565824e+00 -5.5981880947865656e+00
5.8806666666666674e-01 1.9081208919432271e+00 -4.2728856576781835e+00
5.8906333333333338e-01 1.9124659861445472e+00 -4.4463669202217542e+00
5.9006000000000003e-01 1.9178017670746215e+00 -6.2608857822685513e+00
5.9105666666666667e-01 1.9260177133170222e+00 -1.0225962864689984e+01
5.9205333333333343e-01 1.9395447912691506e+00 -1.6918675166334229e+01
5.9305000000000008e-01 1.9612994855253270e+00 -2.6736229695559231e+01
5.9404666666666672e-01 1.9936972417052414e+00 -3.8275990063467894e+01
5.9504333333333337e-01 2.0369871259251315e+00 -4.8593342819256733e+01
5.9604000000000001e-01 2.0892274392145418e+00 -5.6236717293274673e+01
5.9703666666666677e-01 2.1478059100085662e+00 -6.1312053530843976e+01
5.9803333333333342e-01 2.2108145815704101e+00 -6.5126752278878939e+01
5.9903000000000006e-01 2.2784121444266314e+00 -7.0520531044645054e+01
6.0002666666666671e-01 2.3527844093995052e+00 -7.8721472245405451e+01
6.0102333333333335e-01 2.4346686444934469e+00 -8.5594718578561412e+01
6.0202000000000011e-01 2.5198037070847659e+00 -8.5244871905675595e+01
6.0301666666666676e-01 2.5997453099965062e+00 -7.5173060358689526e+01
6.0401333333333340e-01 2.6659917856455615e+00 -5.7763011177879250e+01
6.0501000000000005e-01 2.7145033240655434e+00 -3.9584557557872252e+01
6.0600666666666669e-01 2.7481371673315165e+00 -2.7908104514315575e+01
6.0700333333333334e-01 2.7729671023069140e+00 -2.1917851958055454e+01
6.0800000000000010e-01 2.7928065211768129e+00 -1.7893690924681081e+01
6.0899666666666674e-01 2.8084004018329733e+00 -1.3398377281661462e+01
6.0999333333333339e-01 2.8190718424453429e+00 -8.0158848167397210e+00
6.1099000000000003e-01 2.8245257042214371e+00 -2.9283194162256190e+00
6.1198666666666668e-01 2.8259849833971895e+00 -0.0000000000000000e+00
6.1298333333333344e-01 2.8208798204027223e+00 1.0244474236388163e+01
6.1398000000000008e-01 2.7967229566970815e+00 3.8230837547507988e+01
6.1497666666666673e-01 2.7441870496179992e+00 6.7192387360351333e+01
6.1597333333333337e-01 2.6677064382763906e+00 8.6280411318465042e+01
6.1697000000000002e-01 2.5780351760425266e+00 9.3661920923406711e+01
6.1796666666666678e-01 2.4851276508458806e+00 9.2774584487905912e+01
6.1896333333333342e-01 2.3941068787298598e+00 8.9875794340233014e+01
6.1996000000000007e-01 2.3045324904172459e+00 8.9872142073042838e+01
6.2095666666666671e-01 2.2137388879144808e+00 9.2322377999399237e+01
6.2195333333333336e-01 2.1206795462462655e+00 9.4418775849865938e+01
6.2295000000000011e-01 2.0264840234391008e+00 9.4602340151116621e+01
6.2394666666666676e-01 1.9333175524451256e+00 9.2353788933787513e+01
6.2494333333333341e-01 1.8434071227252131e+00 8.8068478062696087e+01
6.2594000000000005e-01 1.7579115792325639e+00 8.3494485467707108e+01
6.2693666666666670e-01 1.6765127218551563e+00 7.9847703249502331e+01
6.2793333333333334e-01 1.5983604719676425e+00 7.6979554049859544e+01
6.2893000000000010e-01 1.5227529232250077e+00 7.4741279547387279e+01
6.2992666666666675e-01 1.4491086858515501e+00 7.3039798794002337e+01
6.3092333333333339e-01 1.3769743817064746e+00 7.1711313202807617e+01
6.3192000000000004e-01 1.3062108500008418e+00 7.0289084868699206e+01
6.3291666666666668e-01 1.2372888832416928e+00 6.8015865149662730e+01
6.3391333333333344e-01 1.1708625287230050e+00 6.5281167329297588e+01
6.3491000000000009e-01 1.1069016586309268e+00 6.3068404761831808e+01
6.3590666666666673e-01 1.0447360169685900e+00 6.1678702252893601e+01
6.3690333333333338e-01 9.8352176598053132e-01 6.1159259596056067e+01
6.3790000000000002e-01 9.2246082467651891e-01 6.1371057401964670e+01
6.3889666666666678e-01 8.6123375083743747e-01 6.1492635920595703e+01
6.3989333333333343e-01 8.0037086347602793e-01 6.0640248416683541e+01
6.4089000000000007e-01 7.4061215262769764e-01 5.9276897098362973e+01
6.4188666666666672e-01 6.8209784602768908e-01 5.8143116145803745e+01
6.4288333333333336e-01 6.2451912021025013e-01 5.7399477467788572e+01
6.4388000000000001e-01 5.6739236432603191e-01 5.7236153069106557e+01
6.4487666666666676e-01 5.0997893388063797e-01 5.7974744145720400e+01
6.4587333333333341e-01 4.5147487460623736e-01 5.9424705903246590e+01
6.4687000000000006e-01 3.9165414091802486e-01 6.0616900160058620e+01
6.4786666666666670e-01 3.3134903657107551e-01 6.0396687158236894e+01
6.4886333333333335e-01 2.7240152965462083e-01 5.7892624379801767e+01
6.4986000000000010e-01 2.1719309325898234e-01 5.2893535611436086e+01
6.5085666666666675e-01 1.6790486795156198e-01 4.6012602129208844e+01
6.5185333333333340e-01 1.2574133318330669e-01 3.8596497740201578e+01
6.5285000000000004e-01 9.0496423829994427e-02 3.2129072868453257e+01
6.5384666666666669e-01 6.1375091722721098e-02 2.6308382865206816e+01
6.5484333333333344e-01 3.8652963093404692e-02 1.9287861875892215e+01
6.5584000000000009e-01 2.4291769632475108e-02 9.5305865406894927e+00
6.5683666666666674e-01 1.8575654808573521e-02 1.9398779888791513e+00
6.5783333333333338e-01 1.7608948944115431e-02 -0.0000000000000000e+00
6.5883000000000003e-01 1.9433038961617639e-02 -3.6603813060245751e+00
6.5982666666666678e-01 2.6513501465818941e-02 -1.0547904655582100e+01
6.6082333333333343e-01 3.9765655493511659e-02 -1.6045046570557691e+01
6.6182000000000007e-01 5.7197490919389554e-02 -1.8935225187057554e+01
6.6281666666666672e-01 7.6012912138669800e-02 -1.8821472911833364e+01
6.6381333333333337e-01 9.3619992198516702e-02 -1.6510460318629381e+01
6.6481000000000001e-01 1.0865806584671457e-01 -1.3666276099159619e+01
6.6580666666666677e-01 1.2150581561175841e-01 -1.2115161556444409e+01
6.6680333333333341e-01 1.3358043184736879e-01 -1.2114837578560195e+01
6.6780000000000006e-01 1.4588361755108800e-01 -1.2573829385425386e+01
6.6879666666666671e-01 1.5805821401431910e-01 -1.1856798968885050e+01
6.6979333333333335e-01 1.6843681814009870e-01 -8.9698313838503516e+00
6.7079000000000011e-01 1.7521397148746634e-01 -4.6298074402975598e+00
6.7178666666666675e-01 1.7773962212754285e-01 -4.3838782407009902e-01
6.7278333333333340e-01 1.7795808539320446e-01 -0.0000000000000000e+00
6.7378000000000005e-01 1.7496620727380224e-01 6.0037688014761397e+00
6.7477666666666669e-01 1.6547140792992407e-01 1.3049340249784807e+01
6.7577333333333345e-01 1.5034962334242680e-01 1.7295377985992914e+01
6.7677000000000009e-01 1.3248404102065958e-01 1.8555288880430368e+01
6.7776666666666674e-01 1.1417175327641362e-01 1.8191776827087391e+01
6.7876333333333339e-01 9.6141285804033291e-02 1.7989763251268538e+01
6.7976000000000003e-01 7.7782774418192868e-02 1.8850058927676237e+01
6.8075666666666679e-01 5.8460422665040590e-02 1.9923891078645902e+01
6.8175333333333343e-01 3.8875550517100732e-02 1.9376855706518516e+01
6.8275000000000008e-01 2.1311373786160773e-02 1.5868983887341685e+01
6.8374666666666672e-01 8.6297523922627337e-03 9.5790857994107697e+00
6.8474333333333337e-01 1.9280873177782332e-03 3.8690715406921878e+00
6.8574000000000002e-01 0.0000000000000000e+00 -0.0000000000000000e+00
6.8673666666666677e-01 9.5553744933382265e-04 -1.9174664535125143e+00
6.8773333333333342e-01 7.3286659355086521e-03 -1.0871420140818516e+01
6.8873000000000006e-01 2.2351621160964518e-02 -1.9274978304912953e+01
6.8972666666666671e-01 4.4499045193407000e-02 -2.5168013064537789e+01
6.9072333333333336e-01 7.1666720364182451e-02 -2.9349060856751887e+01
6.9172000000000011e-01 1.0300630004698524e-01 -3.3539727804385159e+01
6.9271666666666676e-01 1.3926577521886677e-01 -3.9221760834843494e+01
6.9371333333333340e-01 1.8184934852327841e-01 -4.6230225729195055e+01
6.9471000000000005e-01 2.3102703968264338e-01 -5.2454104356489204e+01
6.9570666666666670e-01 2.8495422129146408e-01 -5.5760975794992795e+01
6.9670333333333345e-01 3.4036793573906216e-01 -5.5437113397501633e+01
6.9770000000000010e-01 3.9405207213455518e-01 -5.2290250606834405e+01
6.9869666666666674e-01 4.4415140682105908e-01 -4.8243531372774235e+01
6.9969333333333339e-01 4.9061465482685668e-01 -4.4993755595383469e+01
7.0069000000000004e-01 5.3451825891338800e-01 -4.3107122170233090e+01
7.0168666666666668e-01 5.7694834338852552e-01 -4.2036860054124908e+01
7.0268333333333344e-01 6.1835915313809631e-01 -4.1061754827949322e+01
7.0368000000000008e-01 6.5869725317718253e-01 -3.9884265317375942e+01
7.0467666666666673e-01 6.9760283359579933e-01 -3.8187133515970544e+01
7.0567333333333337e-01 7.3414311508417895e-01 -3.5137846059374702e+01
7.0667000000000002e-01 7.6719238494698072e-01 -3.1181759016483110e+01
7.0766666666666678e-01 7.9679138958121365e-01 -2.8214236905049166e+01
7.0866333333333342e-01 8.2446329880500713e-01 -2.7314677925306761e+01
7.0966000000000007e-01 8.5238677176263455e-01 -2.8719047073277963e+01
7.1065666666666671e-01 8.8282162830925082e-01 -3.2354243655719060e+01
7.1165333333333336e-01 9.1768725369873694e-01 -3.7610222008803113e+01
7.1265000000000012e-01 9.5777307321732796e-01 -4.2829549600402359e+01
7.1364666666666676e-01 1.0024370095483144e+00 -4.6797078488535519e+01
7.1464333333333341e-01 1.0506493828155810e+00 -4.9950158837084977e+01
7.1564000000000005e-01 1.1018221517719875e+00 -5.2737671844669514e+01
7.1663666666666670e-01 1.1556928831263782e+00 -5.5364130204277117e+01
7.1763333333333346e-01 1.2121662198132344e+00 -5.7960291240909029e+01
7.1863000000000010e-01 1.2713094604342627e+00 -6.0721796961826179e+01
7.1962666666666675e-01 1.3333830985121897e+00 -6.3840687475487996e+01
7.2062333333333339e-01 1.3985323859165009e+00 -6.6893668519787909e+01
7.2162000000000004e-01 1.4663714598098512e+00 -6.9238252336436517e+01
7.2261666666666668e-01 1.5360848647989271e+00 -7.0654868042982969e+01
7.2361333333333344e-01 1.6067293288958371e+00 -7.1106598372208097e+01
7.2461000000000009e-01 1.6774054053666774e+00 -7.0718304244865507e+01
7.2560666666666673e-01 1.7475321673679880e+00 -7.0004295088871075e+01
7.2660333333333338e-01 1.8169947421780523e+00 -6.9385487138685733e+01
7.2760000000000002e-01 1.8857951210800346e+00 -6.8675473868639159e+01
7.2859666666666678e-01 1.9537361212557325e+00 -6.7660981333417737e+01
7.2959333333333343e-01 2.0204756501283234e+00 -6.6264494665095540e+01
7.3059000000000007e-01 2.0856262482707670e+00 -6.4472491573924856e+01
7.3158666666666672e-01 2.1487998502463066e+00 -6.2297278276659199e+01
7.3258333333333336e-01 2.2094605210481788e+00 -5.9429820322418287e+01
7.3358000000000012e-01 2.2670567385618683e+00 -5.6147873684974492e+01
7.3457666666666677e-01 2.3215005335749770e+00 -5.3103888883139241e+01
7.3557333333333341e-01 2.3730884887522148e+00 -5.0417091405634523e+01
7.3657000000000006e-01 2.4221066650890304e+00 -4.7947142046171315e+01
7.3756666666666670e-01 2.4685882448273042e+00 -4.5326931007223045e+01
7.3856333333333335e-01 2.5118435177271290e+00 -4.1472947721524356e+01
7.3956000000000011e-01 2.5501794869378980e+00 -3.5455418587704315e+01
7.4055666666666675e-01 2.5826734480108220e+00 -2.9749854468331634e+01
7.4155333333333340e-01 2.6108301853903071e+00 -2.6751959671104736e+01
7.4255000000000004e-01 2.6375916013173053e+00 -2.6949878309494938e+01
7.4354666666666669e-01 2.6661634947547026e+00 -3.0385024909363803e+01
7.4454333333333345e-01 2.6996017149260516e+00 -3.6715082457885927e+01
7.4554000000000009e-01 2.7397758932636482e+00 -4.3901997818229674e+01
7.4653666666666674e-01 2.7862342406899816e+00 -4.9325455211203860e+01
7.4753333333333338e-01 2.8374338016212670e+00 -5.3416138630842873e+01
7.4853000000000003e-01 2.8925697991772985e+00 -5.7224659140459991e+01
7.4952666666666679e-01 2.9515242919708990e+00 -6.1078670880132108e+01
7.5052333333333343e-01 3.0145179521567687e+00 -6.5330011767100700e+01
7.5152000000000008e-01 3.0822234168988567e+00 -7.0533797079901163e+01
7.5251666666666672e-01 3.1560055953445318e+00 -7.7524086088680647e+01
7.5351333333333337e-01 3.2371248523464224e+00 -8.5257031640868803e+01
7.5451000000000013e-01 3.3248672607017080e+00 -9.0814690811193174e+01
7.5550666666666677e-01 3.4163239169981439e+00 -9.2710371991022853e+01
7.5650333333333342e-01 3.5077641466657599e+00 -9.0781727676438166e+01
7.5750000000000006e-01 3.5958423161807955e+00 -8.5963762989188993e+01
7.5849666666666671e-01 3.6787307083363832e+00 -8.0367458727713128e+01
7.5949333333333335e-01 3.7567936551732268e+00 -7.6280595125488304e+01
7.6049000000000011e-01 3.8310645989966310e+00 -7.2758088132165142e+01
7.6148666666666676e-01 3.9008717893250986e+00 -6.7323230252722681e+01
7.6248333333333340e-01 3.9638545606716744e+00 -5.9063601880876519e+01
7.6348000000000005e-01 4.0173200582710971e+00 -4.8225022064456120e+01
7.6447666666666669e-01 4.0593420393818125e+00 -3.6100023642666322e+01
7.6547333333333345e-01 4.0900473212246942e+00 -2.5515926543713086e+01
7.6647000000000010e-01 4.1116859747494958e+00 -1.7906120663246860e+01
7.6746666666666674e-01 4.1266777341217784e+00 -1.2177677408223976e+01
7.6846333333333339e-01 4.1363458840542533e+00 -7.2232923559406732e+00
7.6946000000000003e-01 4.1414734247691580e+00 -3.0660870050722155e+00
7.7045666666666679e-01 4.1433668389125407e+00 -7.3340625924126912e-01
7.7145333333333344e-01 4.1437323196983957e+00 -0.0000000000000000e+00
7.7245000000000008e-01 4.1432076755278526e+00 1.0527976666410708e+00
7.7344666666666673e-01 4.1410294923770650e+00 3.3181384218963248e+00
7.7444333333333337e-01 4.1372644206058284e+00 4.2371895471398071e+00
7.7544000000000013e-01 4.1338292234088474e+00 2.6561827544944765e+00
7.7643666666666677e-01 4.1322099228418061e+00 5.9324982150865990e-01
7.7743333333333342e-01 4.1319142866807539e+00 -0.0000000000000000e+00
7.7843000000000007e-01 4.1334520625145226e+00 -3.0858377935158083e+00
7.7942666666666671e-01 4.1394731910726863e+00 -8.9966944302237248e+00
7.8042333333333336e-01 4.1512101991423052e+00 -1.4555830124195600e+01
7.8142000000000011e-01 4.1678491505768731e+00 -1.8833370078946981e+01
7.8241666666666676e-01 4.1881367210962219e+00 -2.1877473772589610e+01
7.8341333333333341e-01 4.2109871106564043e+00 -2.3976150762894250e+01
7.8441000000000005e-01 4.2356708973364965e+00 -2.5556531538295012e+01
7.8540666666666670e-01 4.2619637248407027e+00 -2.7204995225999756e+01
7.8640333333333345e-01 4.2901923739944774e+00 -2.9441123477221030e+01
7.8740000000000010e-01 4.3209586902828239e+00 -3.2297303857254725e+01
7.8839666666666675e-01 4.3547117922673673e+00 -3.5434673369255925e+01
7.8939333333333339e-01 4.3915472700058791e+00 -3.8482673263211225e+01
7.9039000000000004e-01 4.4312919053228992e+00 -4.1272447774289631e+01
7.9138666666666679e-01 4.4737136646063123e+00 -4.3854828379709225e+01
7.9238333333333344e-01 4.5186193405830011e+00 -4.6256895988230447e+01
7.9338000000000009e-01 4.5659493316694499e+00 -4.8719674753809528e+01
7.9437666666666673e-01 4.6159342522800104e+00 -5.1584513762368040e+01
7.9537333333333338e-01 4.6689330908914606e+00 -5.4767670742217135e+01
7.9637000000000002e-01 4.7251316587335541e+00 -5.8005375094761696e+01
7.9736666666666678e-01 4.7845178273729596e+00 -6.1164194081292223e+01
7.9836333333333342e-01 4.8469831842213162e+00 -6.4184348089324899e+01
7.9936000000000007e-01 4.9123057589147239e+00 -6.6897741596445570e+01
8.0035666666666672e-01 4.9800856562223093e+00 -6.9115430258243705e+01
8.0135333333333336e-01 5.0497451633605026e+00 -7.0669533898668632e+01
8.0235000000000012e-01 5.1205336198143510e+00 -7.1380880389977733e+01
8.0334666666666676e-01 5.1916215009194273e+00 -7.1270386041616234e+01
8.0434333333333341e-01 5.2623506801035189e+00 -7.0661077204054735e+01
8.0534000000000006e-01 5.3324283165753021e+00 -6.9962942471767775e+01
8.0633666666666670e-01 5.4018218872838615e+00 -6.9288369986883140e+01
8.0733333333333346e-01 5.4703934768695355e+00 -6.8313482024489929e+01
8.0833000000000010e-01 5.5376039052657919e+00 -6.6556942850943230e+01
8.0932666666666675e-01 5.6025522899752040e+00 -6.3774263923799353e+01
8.1032333333333340e-01 5.6643039225117064e+00 -6.0142055547445459e+01
8.1132000000000004e-01 5.7222650168996925e+00 -5.6167832856541722e+01
8.1231666666666680e-01 5.7763529441175026e+00 -5.2369813734371334e+01
8.1331333333333344e-01 5.8268557542844777e+00 -4.8973618038825002e+01
8.1431000000000009e-01 5.8741437592783647e+00 -4.5918699674663380e+01
8.1530666666666674e-01 5.9185789931769213e+00 -4.3248993767258767e+01
8.1630333333333338e-01 5.9608542916236145e+00 -4.1584381042160310e+01
8.1730000000000003e-01 6.0025087417985388e+00 -4.2003144392472585e+01
8.1829666666666678e-01 6.0459230581656627e+00 -4.5115885106764850e+01
8.1929333333333343e-01 6.0913255883243362e+00 -4.5992871064488646e+01
8.2029000000000007e-01 6.1364712854279437e+00 -4.4600501049775623e+01
8.2128666666666672e-01 6.1809769297177812e+00 -4.4708484147224112e+01
8.2228333333333337e-01 6.2255902508202183e+00 -4.4816574921213885e+01
8.2328000000000012e-01 6.2703113561063892e+00 -4.4924773479120759e+01
8.2427666666666677e-01 6.3151403530544776e+00 -4.5033079928417052e+01
8.2527333333333341e-01 6.3600773492498570e+00 -4.5141494376694013e+01
8.2627000000000006e-01 6.4051224523851724e+00 -4.5250016931633688e+01
8.2726666666666671e-01 6.4502757702604594e+00 -4.5358647701051140e+01
8.2826333333333346e-01 6.4955374107832649e+00 -4.5467386792864041e+01
8.2926000000000011e-01 6.5409074819687136e+00 -4.5576234315061143e+01
8.3025666666666675e-01 6.5863860919396524e+00 -4.5685190375787734e+01
8.3125333333333340e-01 6.6319733489267536e+00 -4.5794255083280731e+01
8.3225000000000005e-01 6.6776693612686113e+00 -4.5903428545866475e+01
8.3324666666666669e-01 6.7234742374118452e+00 -4.6012710871996802e+01
8.3424333333333345e-01 6.7693880859112188e+00 -4.6122102170215364e+01
8.3524000000000009e-01 6.8154110154297260e+00 -4.6231602549198314e+01
8.3623666666666674e-01 6.8615431347387439e+00 -4.6341212117728176e+01
8.3723333333333338e-01 6.9077845527181037e+00 -4.6450930984667281e+01
8.3823000000000003e-01 6.9541353783562077e+00 -4.6560759259021985e+01
8.3922666666666679e-01 7.0005957207501472e+00 -4.6670697049877958e+01
8.4022333333333343e-01 7.0471656891057846e+00 -4.6780744466452504e+01
8.4122000000000008e-01 7.0938453927378982e+00 -4.6890901618057612e+01
8.4221666666666672e-01 7.1406349410702550e+00 -4.7001168614097644e+01
8.4321333333333337e-01 7.1875344436357391e+00 -4.7111545564133365e+01
8.4421000000000013e-01 7.2345440100764806e+00 -4.7222032577814339e+01
8.4520666666666677e-01 7.2816637501439203e+00 -4.7332629764875520e+01
8.4620333333333342e-01 7.3288937736989377e+00 -4.7443337235161273e+01
8.4720000000000006e-01 7.3762341907119717e+00 -4.7554155098688867e+01
8.4819666666666671e-01 7.4236851112631301e+00 -4.7665083465511415e+01
8.4919333333333347e-01 7.4712466455422755e+00 -4.7776122445808575e+01
8.5019000000000011e-01 7.5189189038491389e+00 -4.7887272149906124e+01
8.5118666666666676e-01 7.5667019965934674e+00 -4.7998532688213388e+01
8.5218333333333340e-01 7.6145960342950882e+00 -4.8109904171228500e+01
8.5318000000000005e-01 7.6626011275840344e+00 -4.8221386709601219e+01
8.5417666666666670e-01 7.7107173872006696e+00 -4.8332980414083771e+01
8.5517333333333345e-01 7.7589449239957808e+00 -4.8444685395494453e+01
8.5617000000000010e-01 7.8072838489306635e+00 -4.8556501764808061e+01
8.5716666666666674e-01 7.8557342730772968e+00 -4.8668429633120013e+01
8.5816333333333339e-01 7.9042963076184156e+00 -4.8780469111602201e+01
8.5916000000000003e-01 7.9529700638476122e+00 -4.8892620311537492e+01
8.6015666666666679e-01 8.0017556531694591e+00 -4.9004883344334424e+01
8.6115333333333344e-01 8.0506531870996092e+00 -4.9117258321520104e+01
8.6215000000000008e-01 8.0996627772649354e+00 -4.9229745354721665e+01
8.6314666666666673e-01 8.1487845354036033e+00 -4.9342344555651202e+01
8.6414333333333337e-01 8.1980185733652107e+00 -4.9455056036205633e+01
8.6514000000000013e-01 8.2473650031109056e+00 -4.9567879908323420e+01
8.6613666666666678e-01 8.2968239367134426e+00 -4.9680816284061748e+01
8.6713333333333342e-01 8.3463954863573520e+00 -4.9793865275623354e+01
8.6813000000000007e-01 8.3960797643390332e+00 -4.9907026995312478e+01
8.6912666666666671e-01 8.4458768830668731e+00 -5.0020301555538701e+01
8.7012333333333336e-01 8.4957869550613339e+00 -5.0133689068797700e+01
8.7112000000000012e-01 8.5458100929550831e+00 -5.0247189647748662e+01
8.7211666666666676e-01 8.5959464094931040e+00 -5.0360803405138824e+01
8.7311333333333341e-01 8.6461960175328105e+00 -5.0474530453805990e+01
8.7411000000000005e-01 8.6965590300441491e+00 -5.0588370906742426e+01
8.7510666666666670e-01 8.7470355601097189e+00 -5.0702324877012572e+01
8.7610333333333346e-01 8.7976257209248807e+00 -5.0816392477816365e+01
8.7710000000000010e-01 8.8483296257978594e+00 -5.0930573822476816e+01
8.7809666666666675e-01 8.8991473881498919e+00 -5.1044869024411661e+01
8.7909333333333339e-01 8.9500791215153050e+00 -5.1159278197155203e+01
8.8009000000000004e-01 9.0011249395416293e+00 -5.1273801454334752e+01
8.8108666666666680e-01 9.0522849559897320e+00 -5.1388438909743094e+01
8.8208333333333344e-01 9.1035592847339135e+00 -5.1503190677244987e+01
8.8308000000000009e-01 9.1549480397620329e+00 -5.1618056870823040e+01
8.8407666666666673e-01 9.2064513351756112e+00 -5.1733037604587231e+01
8.8507333333333338e-01 9.2580692851899489e+00 -5.1848132992746756e+01
8.8607000000000014e-01 9.3098020041342409e+00 -5.1963343149634539e+01
8.8706666666666678e-01 9.3616496064516763e+00 -5.2078668189703293e+01
8.8806333333333343e-01 9.4136122066995771e+00 -5.2194108227491874e+01
8.8906000000000007e-01 9.4656899195494848e+00 -5.2309663377674994e+01
8.9005666666666672e-01 9.5178828597873011e+00 -5.2425333755069936e+01
8.9105333333333336e-01 9.5701911423133978e+00 -5.2541119474556993e+01
8.9205000000000012e-01 9.6226148821427042e+00 -5.2657020651131162e+01
8.9304666666666677e-01 9.6751541944048238e+00 -5.2773037399945565e+01
8.9404333333333341e-01 9.7278091943441982e+00 -5.2889169836258979e+01
8.9504000000000006e-01 9.7805799973201850e+00 -5.3005418075422618e+01
8.9603666666666670e-01 9.8334667188071556e+00 -5.3121782232881714e+01
8.9703333333333346e-01 9.8864694743946302e+00 -5.3238262424249648e+01
8.9803000000000011e-01 9.9395883797873932e+00 -5.3354858765243883e+01
8.9902666666666675e-01 9.9928235508056176e+00 -5.3471571371661994e+01
9.0002333333333340e-01 1.0046175103384964e+01 -5.3588400359471080e+01
9.0102000000000004e-01 1.0099643153576707e+01 -5.3705345844696481e+01
9.0201666666666680e-01 1.0153227817547830e+01 -5.3822407943500600e+01
9.0301333333333345e-01 1.0206929211581150e+01 -5.3939586772192456e+01
9.0401000000000009e-01 1.0260747452075455e+01 -5.4056882447149867e+01
9.0500666666666674e-01 1.0314682655545594e+01 -5.4174295084903896e+01
9.0600333333333338e-01 1.0368734938622607e+01 -5.4291824802082289e+01
9.0700000000000014e-01 1.0422904418053836e+01 -5.4409471715424068e+01
9.0799666666666679e-01 1.0477191210703021e+01 -5.4527235941806801e+01
9.0899333333333343e-01 1.0531595433550461e+01 -5.4645117598207896e+01
9.0999000000000008e-01 1.0586117203693091e+01 -5.4763116801721779e+01
9.1098666666666672e-01 1.0640756638344609e+01 -5.4881233669552920e+01
9.1198333333333337e-01 1.0695513854835600e+01 -5.4999468319061329e+01
9.1298000000000012e-01 1.0750388970613660e+01 -5.5117820867670801e+01
9.1397666666666677e-01 1.0805382103243463e+01 -5.5236291432942096e+01
9.1497333333333342e-01 1.0860493370406948e+01 -5.5354880132580782e+01
9.1597000000000006e-01 1.0915722889903392e+01 -5.5473587084368241e+01
9.1696666666666671e-01 1.0971070779649539e+01 -5.5592412406230395e+01
9.1796333333333346e-01 1.1026537157679726e+01 -5.5711356216210241e+01
9.1896000000000011e-01 1.1082122142145971e+01 -5.5830418632445351e+01
9.1995666666666676e-01 1.1137825851318125e+01 -5.5949599773215752e+01
9.2095333333333340e-01 1.1193648403583968e+01 -5.6068899756906347e+01
9.2195000000000005e-01 1.1249589917449327e+01 -5.6188318702010555e+01
9.2294666666666680e-01 1.1305650511538209e+01 -5.6307856727172080e+01
9.2394333333333345e-01 1.1361830304592900e+01 -5.6427513951140646e+01
9.2494000000000010e-01 1.1418129415474105e+01 -5.6547290492752438e+01
9.2593666666666674e-01 1.1474547963161044e+01 -5.6667186471006104e+01
9.2693333333333339e-01 1.1531086066751586e+01 -5.6787202005001753e+01
9.2793000000000003e-01 1.1587743845462352e+01 -5.6907337213930461e+01
9.2892666666666679e-01 1.1644521418628845e+01 -5.7027592217146285e+01
9.2992333333333344e-01 1.1701418905705559e+01 -5.7147967134122467e+01
9.3092000000000008e-01 1.1758436426266130e+01 -5.7268462084416981e+01
9.3191666666666673e-01 1.1815574100003401e+01 -5.7389077187702249e+01
9.3291333333333337e-01 1.1872832046729579e+01 -5.7509812563828866e+01
9.3391000000000013e-01 1.1930210386376359e+01 -5.7630668332707977e+01
9.3490666666666677e-01 1.1987709238994995e+01 -5.7751644614391061e+01
9.3590333333333342e-01 1.2045328724756480e+01 -5.7872741529058949e+01
9.3690000000000007e-01 1.2103068963951626e+01 -5.7993959196988278e+01
9.3789666666666671e-01 1.2160930076991198e+01 -5.8115297738607985e+01
9.3889333333333347e-01 1.2218912184406038e+01 -5.8236757274440507e+01
9.3989000000000011e-01 1.2277015406847163e+01 -5.8358337925140717e+01
9.4088666666666676e-01 1.2335239865085905e+01 -5.8480039811468551e+01
9.4188333333333341e-01 1.2393585680014031e+01 -5.8601863054336881e+01
9.4288000000000005e-01 1.2452052972643859e+01 -5.8723807774753155e+01
9.4387666666666681e-01 1.2510641864108374e+01 -5.8845874093829565e+01
9.4487333333333345e-01 1.2569352475661333e+01 -5.8968062132847578e+01
9.4587000000000010e-01 1.2628184928677429e+01 -5.9090372013167645e+01
9.4686666666666675e-01 1.2687139344652376e+01 -5.9212803856292645e+01
9.4786333333333339e-01 1.2746215845203041e+01 -5.9335357783840934e+01
9.4886000000000004e-01 1.2805414552067562e+01 -5.9458033917541414e+01
9.4985666666666679e-01 1.2864735587105470e+01 -5.9580832379252506e+01
9.5085333333333344e-01 1.2924179072297800e+01 -5.9703753290977296e+01
9.5185000000000008e-01 1.2983745129747250e+01 -5.9826796774812337e+01
9.5284666666666673e-01 1.3043433881678261e+01 -5.9949962952970736e+01
9.5384333333333338e-01 1.3103245450437141e+01 -6.0073251947795590e+01
9.5484000000000013e-01 1.3163179958492215e+01 -6.0196663881771578e+01
9.5583666666666678e-01 1.3223237528433907e+01 -6.0320198877481360e+01
9.5683333333333342e-01 1.3283418282974905e+01 -6.0443857057634126e+01
9.5783000000000007e-01 1.3343722344950262e+01 -6.0567638545092102e+01
9.5882666666666672e-01 1.3404149837317515e+01 -6.0691543462776472e+01
9.5982333333333347e-01 1.3464700883156809e+01 -6.0815571933787879e+01
9.6082000000000012e-01 1.3525375605671003e+01 -6.0939724081321096e+01
9.6181666666666676e-01 1.3586174128185835e+01 -6.1064000028709998e+01
9.6281333333333341e-01 1.3647096574150014e+01 -6.1188399899409433e+01
9.6381000000000006e-01 1.3708143067135339e+01 -6.1312923816962332e+01
9.6480666666666670e-01 1.3769313730836837e+01 -6.1437571905109735e+01
9.6580333333333346e-01 1.3830608689072893e+01 -6.1562344287634360e+01
9.6680000000000010e-01 1.3892028065785325e+01 -6.1687241088488875e+01
9.6779666666666675e-01 1.3953571985039575e+01 -6.1812262431747200e+01
9.6879333333333340e-01 1.4015240571024789e+01 -6.1937408441592680e+01
9.6979000000000004e-01 1.4077033948053945e+01 -6.2062679242335186e+01
9.7078666666666680e-01 1.4138952240563988e+01 -6.2188074958409274e+01
9.7178333333333344e-01 1.4200995573115938e+01 -6.2313595714403569e+01
9.7278000000000009e-01 1.4263164070395041e+01 -6.2439241634968027e+01
9.7377666666666673e-01 1.4325457857210848e+01 -6.2565012844915529e+01
9.7477333333333338e-01 1.4387877058497388e+01 -6.2690909469214020e+01
9.7577000000000014e-01 1.4450421799313283e+01 -6.2816931632903746e+01
9.7676666666666678e-01 1.4513092204841818e+01 -6.2943079461150326e+01
9.7776333333333343e-01 1.4575888400391136e+01 -6.3069353079288248e+01
9.7876000000000007e-01 1.4638810511394325e+01 -6.3195752612734559e+01
9.7975666666666672e-01 1.4701858663409560e+01 -6.3322278187069450e+01
9.8075333333333348e-01 1.4765032982120221e+01 -6.3448929927958709e+01
9.8175000000000012e-01 1.4828333593334982e+01 -6.3575707961194496e+01
9.8274666666666677e-01 1.4891760622987997e+01 -6.3702612412750995e+01
9.8374333333333341e-01 1.4955314197139003e+01 -6.3829643408670066e+01
9.8474000000000006e-01 1.5018994441973422e+01 -6.3956801075117284e+01
9.8573666666666671e-01 1.5082801483802514e+01 -6.4084085538446317e+01
9.8673333333333346e-01 1.5146735449063504e+01 -6.4211496925066299e+01
9.8773000000000011e-01 1.5210796464319664e+01 -6.4339035361543694e+01
9.8872666666666675e-01 1.5274984656260500e+01 -6.4466700974584370e+01
9.8972333333333340e-01 1.5339300151701837e+01 -6.4594493890975016e+01
9.9072000000000005e-01 1.5403743077585943e+01 -6.4722414237670890e+01
9.9171666666666680e-01 1.5468313560981699e+01 -6.4850462141758172e+01
9.9271333333333345e-01 1.5533011729084675e+01 -6.4978637730439047e+01
9.9371000000000009e-01 1.5597837709217290e+01 -6.5106941130996574e+01
9.9470666666666674e-01 1.5662791628828897e+01 -6.5235372470893850e+01
9.9570333333333338e-01 1.5727873615495962e+01 -6.5363931877733947e+01
9.9670000000000014e-01 1.5793083796922170e+01 -6.5492619479193209e+01
9.9769666666666679e-01 1.5858422300938518e+01 -6.5621435403113409e+01
9.9869333333333343e-01 1.5923889255503504e+01 -6.5750379777462953e+01
9.9969000000000008e-01 1.5989484788703212e+01 -6.5879452730317198e+01
1.0006866666666667e+00 1.6055209028751445e+01 -6.6008654389884242e+01
1.0016833333333335e+00 1.6121062103989864e+01 -6.6137984884520435e+01
1.0026800000000000e+00 1.6187044142888077e+01 -6.6267444342683191e+01
1.0036766666666668e+00 1.6253155274043849e+01 -6.6397032892965697e+01
1.0046733333333333e+00 1.6319395626183123e+01 -6.6526750664121451e+01
1.0056700000000001e+00 1.6385765328160272e+01 -6.6656597784993167e+01
1.0066666666666666e+00 1.6452264508958088e+01 -6.6786574384553532e+01
1.0076633333333334e+00 1.6518893297688034e+01 -6.6916680591914002e+01
1.0086600000000001e+00 1.6585651823590283e+01 -6.7046916536329888e+01
1.0096566666666666e+00 1.6652540216033884e+01 -6.7177282347168614e+01
1.0106533333333334e+00 1.6719558604516930e+01 -6.7307778153916203e+01
1.0116500000000002e+00 1.6786707118666595e+01 -6.7438404086202382e+01
1.0126466666666667e+00 1.6853985888239315e+01 -6.7569160273786494e+01
1.0136433333333335e+00 1.6921395043120960e+01 -6.7700046846559587e+01
1.0146400000000000e+00 1.6988934713326866e+01 -6.7831063934542328e+01
1.0156366666666667e+00 1.7056605029002078e+01 -6.7962211667879814e+01
1.0166333333333335e+00 1.7124406120421359e+01 -6.8093490176820453e+01
1.0176300000000000e+00 1.7192338117989376e+01 -6.8224899591793388e+01
1.0186266666666668e+00 1.7260401152240892e+01 -6.8356440043340456e+01
1.0196233333333333e+00 1.7328595353840765e+01 -6.8488111662107741e+01
1.0206200000000001e+00 1.7396920853584202e+01 -6.8619914578894452e+01
1.0216166666666668e+00 1.7465377782396803e+01 -6.8751848924642388e+01
1.0226133333333334e+00 1.7533966271334723e+01 -6.8883914830397416e+01
1.0236100000000001e+00 1.7602686451584830e+01 -6.9016112427328494e+01
1.0246066666666667e+00 1.7671538454464748e+01 -6.9148441846775214e+01
1.0256033333333334e+00 1.7740522411423125e+01 -6.9280903220190666e+01
1.0266000000000002e+00 1.7809638454039639e+01 -6.9413496679155088e+01
1.0275966666666667e+00 1.7878886714025164e+01 -6.9546222355362701e+01
1.0285933333333335e+00 1.7948267323221959e+01 -6.9679080380667031e+01
1.0295900000000000e+00 1.8017780413603685e+01 -6.9812070887027929e+01
1.0305866666666668e+00 1.8087426117275673e+01 -6.9945194006579101e+01
1.0315833333333335e+00 1.8157204566474942e+01 -7.0078449871537487e+01
1.0325800000000001e+00 1.8227115893570357e+01 -7.0211838614265176e+01
1.0335766666666668e+00 1.8297160231062843e+01 -7.0345360367298639e+01
1.0345733333333333e+00 1.8367337711585382e+01 -7.0479015263233791e+01
1.0355700000000001e+00 1.8437648467903262e+01 -7.0612803434844324e+01
1.0365666666666669e+00 1.8508092632914128e+01 -7.0746725015036844e+01
1.0375633333333334e+00 1.8578670339648138e+01 -7.0880780136843654e+01
1.0385600000000001e+00 1.8649381721268163e+01 -7.1014968933428463e+01
1.0395566666666667e+00 1.8720226911069791e+01 -7.1149291538085905e+01
1.0405533333333334e+00 1.8791206042481583e+01 -7.1283748084225905e+01
1.0415500000000002e+00 1.8862319249065102e+01 -7.1418338705428880e+01
1.0425466666666667e+00 1.8933566664515109e+01 -7.1553063535404320e+01
1.0435433333333335e+00 1.9004948422659719e+01 -7.1687922707950392e+01
1.0445400000000000e+00 1.9076464657460427e+01 -7.1822916357037244e+01
1.0455366666666668e+00 1.9148115503012377e+01 -7.1958044616762677e+01
1.0465333333333335e+00 1.9219901093544379e+01 -7.2093307621357923e+01
1.0475300000000001e+00 1.9291821563419106e+01 -7.2228705505202257e+01
1.0485266666666668e+00 1.9363877047133251e+01 -7.2364238402771321e+01
1.0495233333333334e+00 1.9436067679317556e+01 -7.2499906448696422e+01
1.0505200000000001e+00 1.9508393594737075e+01 -7.2635709777753490e+01
1.0515166666666667e+00 1.9580854928291185e+01 -7.2771648524825267e+01
1.0525133333333334e+00 1.9653451815013842e+01 -7.2907722824971700e+01
1.0535100000000002e+00 1.9726184390073605e+01 -7.3043932813338884e+01
1.0545066666666667e+00 1.9799052788773817e+01 -7.3180278625232361e+01
1.0555033333333335e+00 1.9872057146552798e+01 -7.3316760396118866e+01
1.0565000000000000e+00 1.9945197598983857e+01 -7.3453378261540550e+01
1.0574966666666668e+00 2.0018474281775543e+01 -7.3590132357211431e+01
1.0584933333333335e+00 2.0091887330771687e+01 -7.3727022818985262e+01
1.0594900000000000e+00 2.0165436881951589e+01 -7.3864049782843040e+01
1.0604866666666668e+00 2.0239123071430182e+01 -7.4001213384885958e+01
1.0614833333333333e+00 2.0312946035458051e+01 -7.4138513761360102e+01
1.0624800000000001e+00 2.0386905910421731e+01 -7.4275951048687048e+01
1.0634766666666668e+00 2.0461002832843715e+01 -7.4413525383369588e+01
1.0644733333333334e+00 2.0535236939382607e+01 -7.4551236902053148e+01
1.0654700000000001e+00 2.0609608366833342e+01 -7.4689085741550215e+01
1.0664666666666667e+00 2.0684117252127201e+01 -7.4827072038787691e+01
1.0674633333333334e+00 2.0758763732332067e+01 -7.4965195930826965e+01
1.0684600000000002e+00 2.0833547944652448e+01 -7.5103457554874922e+01
1.0694566666666667e+00 2.0908470026429683e+01 -7.5241857048291592e+01
1.0704533333333335e+00 2.0983530115142113e+01 -7.5380394548543578e+01
1.0714500000000000e+00 2.1058728348405090e+01 -7.5519070193233247e+01
1.0724466666666668e+00 2.1134064863971251e+01 -7.5657884120117032e+01
1.0734433333333335e+00 2.1209539799730553e+01 -7.5796836467097108e+01
1.0744400000000001e+00 2.1285153293710469e+01 -7.5935927372217705e+01
1.0754366666666668e+00 2.1360905484076149e+01 -7.6075156973612067e+01
1.0764333333333334e+00 2.1436796509130428e+01 -7.6214525409579409e+01
1.0774300000000001e+00 2.1512826507314141e+01 -7.6354032818592557e+01
1.0784266666666669e+00 2.1588995617206123e+01 -7.6493679339215234e+01
1.0794233333333334e+00 2.1665303977523379e+01 -7.6633465110145451e+01
1.0804200000000002e+00 2.1741751727121294e+01 -7.6773390270268564e+01
1.0814166666666667e+00 2.1818339004993657e+01 -7.6913454958573780e+01
1.0824133333333334e+00 2.1895065950272919e+01 -7.7053659314180607e+01
1.0834100000000002e+00 2.1971932702230220e+01 -7.7194003476374888e+01
1.0844066666666667e+00 2.2048939400275572e+01 -7.7334487584551269e+01
1.0854033333333335e+00 2.2126086183958051e+01 -7.7475111778272506e+01
1.0864000000000000e+00 2.2203373192965831e+01 -7.7615876197224566e+01
1.0873966666666668e+00 2.2280800567126427e+01 -7.7756780981212970e+01
1.0883933333333333e+00 2.2358368446406722e+01 -7.7897826270238994e+01
1.0893900000000001e+00 2.2436076970913263e+01 -7.8039012204407925e+01
1.0903866666666668e+00 2.2513926280892225e+01 -7.8180338923927224e+01
1.0913833333333334e+00 2.2591916516729629e+01 -7.8321806569215980e+01
1.0923800000000001e+00 2.2670047818951563e+01 -7.8463415280806785e+01
1.0933766666666667e+00 2.2748320328224160e+01 -7.8605165199342537e+01
1.0943733333333334e+00 2.2826734185353878e+01 -7.8747056465630592e+01
1.0953700000000002e+00 2.2905289531287547e+01 -7.8889089220645019e+01
1.0963666666666667e+00 2.2983986507112544e+01 -7.9031263605457156e+01
1.0973633333333335e+00 2.3062825254056971e+01 -7.9173579761273132e+01
1.0983600000000000e+00 2.3141805913489698e+01 -7.9316037829500587e+01
1.0993566666666668e+00 2.3220928626920635e+01 -7.9458637951632966e+01
1.1003533333333335e+00 2.3300193536000751e+01 -7.9601380269323570e+01
1.1013500000000001e+00 2.3379600782522257e+01 -7.9744264924356500e+01
1.1023466666666668e+00 2.3459150508418801e+01 -7.9887292058663249e+01
1.1033433333333333e+00 2.3538842855765502e+01 -8.0030461814337770e+01
1.1043400000000001e+00 2.3618677966779220e+01 -8.0173774333580837e+01
1.1053366666666669e+00 2.3698655983818576e+01 -8.0317229758757293e+01
1.1063333333333334e+00 2.3778777049384146e+01 -8.0460828232376173e+01
1.1073300000000001e+00 2.3859041306118659e+01 -8.0604569897066199e+01
1.1083266666666667e+00 2.3939448896807008e+01 -8.0748454895626807e+01
1.1093233333333334e+00 2.4019999964376535e+01 -8.0892483370970126e+01
1.1103200000000002e+00 2.4100694651897051e+01 -8.1036655466168554e+01
1.1113166666666667e+00 2.4181533102581035e+01 -8.1180971324454646e+01
1.1123133333333335e+00 2.4262515459783820e+01 -8.1325431089145056e+01
1.1133100000000000e+00 2.4343641867003615e+01 -8.1470034903778966e+01
1.1143066666666668e+00 2.4424912467881814e+01 -8.1614782911988428e+01
1.1153033333333335e+00 2.4506327406202971e+01 -8.1759675257539371e+01
1.1163000000000001e+00 2.4587886825895016e+01 -8.1904712084380620e+01
1.1172966666666668e+00 2.4669590871029460e+01 -8.2049893536561427e+01
1.1182933333333334e+00 2.4751439685821392e+01 -8.2195219758308951e+01
1.1192900000000001e+00 2.4833433414629805e+01 -8.2340690894008887e+01
1.1202866666666669e+00 2.4915572201957577e+01 -8.2486307088128186e+01
1.1212833333333334e+00 2.4997856192451660e+01 -8.2632068485303122e+01
1.1222800000000002e+00 2.5080285530903314e+01 -8.2777975230374423e+01
1.1232766666666667e+00 2.5162860362248114e+01 -8.2924027468244844e+01
1.1242733333333335e+00 2.5245580831566219e+01 -8.3070225343993513e+01
1.1252700000000000e+00 2.5328447084082391e+01 -8.3216569002865455e+01
1.1262666666666667e+00 2.5411459265166283e+01 -8.3363058590213967e+01
1.1272633333333335e+00 2.5494617520332440e+01 -8.3509694251559594e+01
1.1282600000000000e+00 2.5577921995240512e+01 -8.3656476132552484e+01
1.1292566666666668e+00 2.5661372835695445e+01 -8.3803404379001250e+01
1.1302533333333333e+00 2.5744970187647514e+01 -8.3950479136876112e+01
1.1312500000000001e+00 2.5828714197192603e+01 -8.4097700552254096e+01
1.1322466666666668e+00 2.5912605010572218e+01 -8.4245068771370512e+01
1.1332433333333334e+00 2.5996642774173690e+01 -8.4392583940636371e+01
1.1342400000000001e+00 2.6080827634530387e+01 -8.4540246206564390e+01
1.1352366666666667e+00 2.6165159738321709e+01 -8.4688055715844825e+01
1.1362333333333334e+00 2.6249639232373408e+01 -8.4836012615306700e+01
1.1372300000000002e+00 2.6334266263657579e+01 -8.4984117051912804e+01
1.1382266666666667e+00 2.6419040979292873e+01 -8.5132369172777899e+01
1.1392233333333335e+00 2.6503963526544702e+01 -8.5280769125188186e+01
1.1402200000000000e+00 2.6589034052825248e+01 -8.5429317056531062e+01
1.1412166666666668e+00 2.6674252705693760e+01 -8.5578013114378294e+01
1.1422133333333335e+00 2.6759619632856580e+01 -8.5726857446450765e+01
1.1432100000000001e+00 2.6845134982167338e+01 -8.5875850200577418e+01
1.1442066666666668e+00 2.6930798901627142e+01 -8.6024991524770172e+01
1.1452033333333334e+00 2.7016611539384620e+01 -8.6174281567178895e+01
1.1462000000000001e+00 2.7102573043736200e+01 -8.6323720476108207e+01
1.1471966666666669e+00 2.7188683563126126e+01 -8.6473308399981107e+01
1.1481933333333334e+00 2.7274943246146655e+01 -8.6623045487394720e+01
1.1491900000000002e+00 2.7361352241538288e+01 -8.6772931887105813e+01
1.1501866666666667e+00 2.7447910698189776e+01 -8.6922967748009455e+01
1.1511833333333334e+00 2.7534618765138408e+01 -8.7073153219128301e+01
1.1521800000000002e+00 2.7621476591570012e+01 -8.7223488449627155e+01
1.1531766666666667e+00 2.7708484326819185e+01 -8.7373973588870868e+01
1.1541733333333335e+00 2.7795642120369504e+01 -8.7524608786336600e+01
1.1551700000000000e+00 2.7882950121853526e+01 -8.7675394191657020e+01
1.1561666666666668e+00 2.7970408481053095e+01 -8.7826329954623063e+01
1.1571633333333335e+00 2.8058017347899348e+01 -8.7977416225132188e+01
1.1581600000000001e+00 2.8145776872472922e+01 -8.8128653153297606e+01
1.1591566666666668e+00 2.8233687205004184e+01 -8.8280040889353998e+01
1.1601533333333334e+00 2.8321748495873223e+01 -8.8431579583655960e+01
1.1611500000000001e+00 2.8409960895610148e+01 -8.8583269386746323e+01
1.1621466666666669e+00 2.8498324554895124e+01 -8.8735110449312401e+01
1.1631433333333334e+00 2.8586839624558571e+01 -8.8887102922176652e+01
1.1641400000000002e+00 2.8675506255581357e+01 -8.9039246956309725e+01
1.1651366666666667e+00 2.8764324599094831e+01 -8.9191542702861142e+01
1.1661333333333335e+00 2.8853294806381133e+01 -8.9343990313112698e+01
1.1671300000000000e+00 2.8942417028873166e+01 -8.9496589938482984e+01
1.1681266666666668e+00 2.9031691418154921e+01 -8.9649341730571649e+01
1.1691233333333335e+00 2.9121118125961488e+01 -8.9802245841116118e+01
1.1701200000000000e+00 2.9210697304179249e+01 -8.9955302421975802e+01
1.1711166666666668e+00 2.9300429104846103e+01 -9.0108511625204997e+01
1.1721133333333333e+00 2.9390313680151486e+01 -9.0261873603015644e+01
1.1731100000000001e+00 2.9480351182436674e+01 -9.0415388507714866e+01
1.1741066666666669e+00 2.9570541764194779e+01 -9.0569056491811935e+01
1.1751033333333334e+00 2.9660885578070982e+01 -9.0722877707950317e+01
1.1761000000000001e+00 2.9751382776862734e+01 -9.0876852308925834e+01
1.1770966666666667e+00 2.9842033513519777e+01 -9.1030980447704323e+01
1.1780933333333334e+00 2.9932837941144442e+01 -9.1185262277359143e+01
1.1790900000000002e+00 3.0023796212991666e+01 -9.1339697951166272e+01
1.1800866666666667e+00 3.0114908482469207e+01 -9.1494287622522819e+01
1.1810833333333335e+00 3.0206174903137860e+01 -9.1649031444991081e+01
1.1820800000000000e+00 3.0297595628711470e+01 -9.1803929572306799e+01
1.1830766666666668e+00 3.0389170813057234e+01 -9.1958982158304309e+01
1.1840733333333335e+00 3.0480900610195718e+01 -9.2114189357029858e+01
1.1850700000000001e+00 3.0572785174301071e+01 -9.2269551322635891e+01
1.1860666666666668e+00 3.0664824659701239e+01 -9.2425068209460079e+01
1.1870633333333334e+00 3.0757019220877989e+01 -9.2580740172002891e+01
1.1880600000000001e+00 3.0849369012467207e+01 -9.2736567364873750e+01
1.1890566666666669e+00 3.0941874189258904e+01 -9.2892549942864278e+01
1.1900533333333334e+00 3.1034534906197454e+01 -9.3048688060942723e+01
1.1910500000000002e+00 3.1127351318381805e+01 -9.3204981874194019e+01
1.1920466666666667e+00 3.1220323581065465e+01 -9.3361431537856063e+01
1.1930433333333335e+00 3.1313451849656836e+01 -9.3518037207356528e+01
1.1940400000000002e+00 3.1406736279719240e+01 -9.3674799038255330e+01
1.1950366666666667e+00 3.1500177026971123e+01 -9.3831717186283456e+01
1.1960333333333335e+00 3.1593774247286262e+01 -9.3988791807290298e+01
1.1970300000000000e+00 3.1687528096693775e+01 -9.4146023057308852e+01
1.1980266666666668e+00 3.1781438731378458e+01 -9.4303411092541864e+01
1.1990233333333336e+00 3.1875506307680791e+01 -9.4460956069314207e+01
1.2000200000000001e+00 3.1969730982097150e+01 -9.4618658144138962e+01
1.2010166666666668e+00 3.2064112911280027e+01 -9.4776517473662352e+01
1.2020133333333334e+00 3.2158652252038031e+01 -9.4934534214669469e+01
1.2030100000000001e+00 3.2253349161336217e+01 -9.5092708524143532e+01
1.2040066666666667e+00 3.2348203796296083e+01 -9.5251040559227974e+01
1.2050033333333334e+00 3.2443216314195894e+01 -9.5409530477168119e+01
1.2060000000000002e+00 3.2538386872470674e+01 -9.5568178435411838e+01
1.2069966666666667e+00 3.2633715628712430e+01 -9.5726984591550377e+01
1.2079933333333335e+00 3.2729202740670395e+01 -9.5885949103338348e+01
1.2089900000000000e+00 3.2824848366251004e+01 -9.6045072128684055e+01
1.2099866666666668e+00 3.2920652663518247e+01 -9.6204353825627351e+01
1.2109833333333335e+00 3.3016615790693656e+01 -9.6363794352429338e+01
1.2119800000000001e+00 3.3112737906156546e+01 -9.6523393867447226e+01
1.2129766666666668e+00 3.3209019168444215e+01 -9.6683152529195169e+01
1.2139733333333333e+00 3.3305459736251962e+01 -9.6843070496404565e+01
1.2149700000000001e+00 3.3402059768433432e+01 -9.7003147927935288e+01
1.2159666666666669e+00 3.3498819424000608e+01 -9.7163384982761599e+01
1.2169633333333334e+00 3.3595738862124016e+01 -9.7323781820081550e+01
1.2179600000000002e+00 3.3692818242132972e+01 -9.7484338599211554e+01
1.2189566666666667e+00 3.3790057723515595e+01 -9.7645055479656406e+01
1.2199533333333334e+00 3.3887457465919120e+01 -9.7805932621049564e+01
1.2209500000000002e+00 3.3985017629149908e+01 -9.7966970183192331e+01
1.2219466666666667e+00 3.4082738373173683e+01 -9.8128168326077613e+01
1.2229433333333335e+00 3.4180619858115740e+01 -9.8289527209798777e+01
1.2239400000000000e+00 3.4278662244260950e+01 -9.8451046994659322e+01
1.2249366666666668e+00 3.4376865692054103e+01 -9.8612727841087306e+01
1.2259333333333335e+00 3.4475230362099929e+01 -9.8774569909707793e+01
1.2269300000000001e+00 3.4573756415163288e+01 -9.8936573361279841e+01
1.2279266666666668e+00 3.4672444012169436e+01 -9.9098738356720290e+01
1.2289233333333334e+00 3.4771293314203994e+01 -9.9261065057134658e+01
1.2299200000000001e+00 3.4870304482513312e+01 -9.9423553623745860e+01
1.2309166666666669e+00 3.4969477678504447e+01 -9.9586204217981262e+01
1.2319133333333334e+00 3.5068813063745424e+01 -9.9749017001390939e+01
1.2329100000000002e+00 3.5168310799965418e+01 -9.9911992135704551e+01
1.2339066666666667e+00 3.5267971049054808e+01 -1.0007512978282972e+02
1.2349033333333335e+00 3.5367793973065496e+01 -1.0023843010481610e+02
1.2359000000000002e+00 3.5467779734210893e+01 -1.0040189326386152e+02
1.2368966666666668e+00 3.5567928494866173e+01 -1.0056551942233892e+02
1.2378933333333335e+00 3.5668240417568484e+01 -1.0072930874281241e+02
1.2388900000000000e+00 3.5768715665016977e+01 -1.0089326138796652e+02
1.2398866666666668e+00 3.5869354400073114e+01 -1.0105737752065001e+02
1.2408833333333333e+00 3.5970156785760672e+01 -1.0122165730390738e+02
1.2418800000000001e+00 3.6071122985266086e+01 -1.0138610090091836e+02
1.2428766666666669e+00 3.6172253161938443e+01 -1.0155070847502516e+02
1.2438733333333334e+00 3.6273547479289704e+01 -1.0171548018974480e+02
1.2448700000000001e+00 3.6375006100994966e+01 -1.0188041620876059e+02
1.2458666666666667e+00 3.6476629190892439e+01 -1.0204551669589792e+02
1.2468633333333334e+00 3.6578416912983791e+01 -1.0221078181515955e+02
1.2478600000000002e+00 3.6680369431434166e+01 -1.0237621173071878e+02
1.2488566666666667e+00 3.6782486910572395e+01 -1.0254180660689772e+02
1.2498533333333335e+00 3.6884769514891261e+01 -1.0270756660819985e+02
1.2508500000000000e+00 3.6987217409047474e+01 -1.0287349189927377e+02
1.2518466666666668e+00 3.7089830757862018e+01 -1.0303958264494220e+02
1.2528433333333335e+00 3.7192609726320164e+01 -1.0320583901018058e+02
1.2538400000000001e+00 3.7295554479571699e+01 -1.0337226116014499e+02
1.2548366666666668e+00 3.7398665182931161e+01 -1.0353884926015873e+02
1.2558333333333334e+00 3.7501942001877858e+01 -1.0370560347571171e+02
1.2568300000000001e+00 3.7605385102056182e+01 -1.0387252397241437e+02
1.2578266666666669e+00 3.7708994649275624e+01 -1.0403961091608356e+02
1.2588233333333334e+00 3.7812770809511036e+01 -1.0420686447273066e+02
1.2598200000000002e+00 3.7916713748902843e+01 -1.0437428480846330e+02
1.2608166666666667e+00 3.8020823633757018e+01 -1.0454187208957698e+02
1.2618133333333335e+00 3.8125100630545482e+01 -1.0470962648257660e+02
1.2628100000000002e+00 3.8229544905906096e+01 -1.0487754815408869e+02
1.2638066666666667e+00 3.8334156626642873e+01 -1.0504563727090839e+02
1.2648033333333335e+00 3.8438935959726230e+01 -1.0521389400001681e+02
1.2658000000000000e+00 3.8543883072292978e+01 -1.0538231850853280e+02
1.2667966666666668e+00 3.8648998131646685e+01 -1.0555091096377760e+02
1.2677933333333335e+00 3.8754281305257706e+01 -1.0571967153323340e+02
1.2687900000000001e+00 3.8859732760763364e+01 -1.0588860038450429e+02
1.2697866666666668e+00 3.8965352665968211e+01 -1.0605769768540550e+02
1.2707833333333334e+00 3.9071141188844052e+01 -1.0622696360393283e+02
1.2717800000000001e+00 3.9177098497530274e+01 -1.0639639830819880e+02
1.2727766666666669e+00 3.9283224760333852e+01 -1.0656600196652344e+02
1.2737733333333334e+00 3.9389520145729605e+01 -1.0673577474739113e+02
1.2747700000000002e+00 3.9495984822360406e+01 -1.0690571681941209e+02
1.2757666666666667e+00 3.9602618959037187e+01 -1.0707582835141261e+02
1.2767633333333335e+00 3.9709422724739326e+01 -1.0724610951239393e+02
1.2777600000000000e+00 3.9816396288614605e+01 -1.0741656047147474e+02
1.2787566666666668e+00 3.9923539819979567e+01 -1.0758718139799340e+02
1.2797533333333335e+00 4.0030853488319522e+01 -1.0775797246142562e+02
1.2807500000000001e+00 4.0138337463288778e+01 -1.0792893383142069e+02
1.2817466666666668e+00 4.0245991914710892e+01 -1.0810006567781890e+02
1.2827433333333333e+00 4.0353817012578666e+01 -1.0827136817058721e+02
1.2837400000000001e+00 4.0461812927054503e+01 -1.0844284147989819e+02
1.2847366666666669e+00 4.0569979828470416e+01 -1.0861448577610086e+02
1.2857333333333334e+00 4.0678317887328291e+01 -1.0878630122969646e+02
1.2867300000000002e+00 4.0786827274300080e+01 -1.0895828801132726e+02
1.2877266666666667e+00 4.0895508160227813e+01 -1.0913044629184779e+02
1.2887233333333334e+00 4.1004360716124005e+01 -1.0930277624230030e+02
1.2897200000000002e+00 4.1113385113171624e+01 -1.0947527803383625e+02
1.2907166666666667e+00 4.1222581522724312e+01 -1.0964795183780117e+02
1.2917133333333335e+00 4.1331950116306658e+01 -1.0982079782574654e+02
1.2927100000000000e+00 4.1441491065614201e+01 -1.0999381616935747e+02
1.2937066666666668e+00 4.1551204542513794e+01 -1.1016700704050302e+02
1.2947033333333335e+00 4.1661090719043578e+01 -1.1034037061121894e+02
1.2957000000000001e+00 4.1771149767413249e+01 -1.1051390705370254e+02
1.2966966666666668e+00 4.1881381860004304e+01 -1.1068761654037141e+02
1.2976933333333334e+00 4.1991787169370042e+01 -1.1086149924374497e+02
1.2986900000000001e+00 4.2102365868235900e+01 -1.1103555533655459e+02
1.2996866666666669e+00 4.2213118129499499e+01 -1.1120978499171341e+02
1.3006833333333334e+00 4.2324044126230852e+01 -1.1138418838226310e+02
1.3016800000000002e+00 4.2435144031672621e+01 -1.1155876568146985e+02
1.3026766666666667e+00 4.2546418019240143e+01 -1.1173351706275473e+02
1.3036733333333335e+00 4.2657866262521772e+01 -1.1190844269969764e+02
1.3046700000000002e+00 4.2769488935278879e+01 -1.1208354276604946e+02
1.3056666666666668e+00 4.2881286211446096e+01 -1.1225881743575357e+02
1.3066633333333335e+00 4.2993258265131573e+01 -1.1243426688291385e+02
1.3076600000000000e+00 4.3105405270616977e+01 -1.1260989128181045e+02
1.3086566666666668e+00 4.3217727402357873e+01 -1.1278569080692145e+02
1.3096533333333336e+00 4.3330224834983703e+01 -1.1296166563285715e+02
1.3106500000000001e+00 4.3442897743298047e+01 -1.1313781593441600e+02
1.3116466666666668e+00 4.3555746302278848e+01 -1.1331414188657544e+02
1.3126433333333334e+00 4.3668770687078457e+01 -1.1349064366450307e+02
1.3136400000000001e+00 4.3781971073023968e+01 -1.1366732144353097e+02
1.3146366666666667e+00 4.3895347635617220e+01 -1.1384417539914756e+02
1.3156333333333334e+00 4.4008900550535138e+01 -1.1402120570702502e+02
1.3166300000000002e+00 4.4122629993629751e+01 -1.1419841254301437e+02
1.3176266666666667e+00 4.4236536140928443e+01 -1.1437579608315076e+02
1.3186233333333335e+00 4.4350619168634204e+01 -1.1455335650364489e+02
1.3196200000000000e+00 4.4464879253125638e+01 -1.1473109398086953e+02
1.3206166666666668e+00 4.4579316570957317e+01 -1.1490900869136979e+02
1.3216133333333335e+00 4.4693931298859788e+01 -1.1508710081189899e+02
1.3226100000000001e+00 4.4808723613739836e+01 -1.1526537051933678e+02
1.3236066666666668e+00 4.4923693692680715e+01 -1.1544381799077087e+02
1.3246033333333334e+00 4.5038841712942173e+01 -1.1562244340348991e+02
1.3256000000000001e+00 4.5154167851960814e+01 -1.1580124693490541e+02
1.3265966666666669e+00 4.5269672287350090e+01 -1.1598022876261564e+02
1.3275933333333334e+00 4.5385355196900555e+01 -1.1615938906443741e+02
1.3285900000000002e+00 4.5501216758580156e+01 -1.1633872801834973e+02
1.3295866666666667e+00 4.5617257150534186e+01 -1.1651824580247543e+02
1.3305833333333335e+00 4.5733476551085673e+01 -1.1669794259512766e+02
1.3315800000000002e+00 4.5849875138735378e+01 -1.1687781857482821e+02
1.3325766666666667e+00 4.5966453092162077e+01 -1.1705787392025630e+02
1.3335733333333335e+00 4.6083210590222798e+01 -1.1723810881026434e+02
1.3345700000000000e+00 4.6200147811952803e+01 -1.1741852342388405e+02
1.3355666666666668e+00 4.6317264936565977e+01 -1.1759911794032328e+02
1.3365633333333335e+00 4.6434562143454848e+01 -1.1777989253899169e+02
1.3375600000000001e+00 4.6552039612190825e+01 -1.1796084739945222e+02
1.3385566666666668e+00 4.6669697522524444e+01 -1.1814198270144135e+02
1.3395533333333334e+00 4.6787536054385399e+01 -1.1832329862492124e+02
1.3405500000000001e+00 4.6905555387882906e+01 -1.1850479534998358e+02
1.3415466666666669e+00 4.7023755703305675e+01 -1.1868647305689390e+02
1.3425433333333334e+00 4.7142137181122216e+01 -1.1886833192616288e+02
1.3435400000000002e+00 4.7260700001981071e+01 -1.1905037213841493e+02
1.3445366666666667e+00 4.7379444346710805e+01 -1.1923259387446745e+02
1.3455333333333335e+00 4.7498370396320418e+01 -1.1941499731537102e+02
1.3465300000000002e+00 4.7617478331999322e+01 -1.1959758264228266e+02
1.3475266666666668e+00 4.7736768335117603e+01 -1.1978035003656825e+02
1.3485233333333335e+00 4.7856240587226267e+01 -1.1996329967979320e+02
1.3495200000000001e+00 4.7975895270057272e+01 -1.2014643175369120e+02
1.3505166666666668e+00 4.8095732565523889e+01 -1.2032974644016105e+02
1.3515133333333336e+00 4.8215752655720706e+01 -1.2051324392132592e+02
1.3525100000000001e+00 4.8335955722923906e+01 -1.2069692437944281e+02
1.3535066666666669e+00 4.8456341949591483e+01 -1.2088078799694318e+02
1.3545033333333334e+00 4.8576911518363268e+01 -1.2106483495650546e+02
1.3555000000000001e+00 4.8697664612061345e+01 -1.2124906544095791e+02
1.3564966666666667e+00 4.8818601413689990e+01 -1.2143347963327118e+02
1.3574933333333334e+00 4.8939722106436037e+01 -1.2161807771663767e+02
1.3584900000000002e+00 4.9061026873668943e+01 -1.2180285987446447e+02
1.3594866666666667e+00 4.9182515898941020e+01 -1.2198782629026981e+02
1.3604833333333335e+00 4.9304189365987661e+01 -1.2217297714778297e+02
1.3614800000000000e+00 4.9426047458727375e+01 -1.2235831263094418e+02
1.3624766666666668e+00 4.9548090361262197e+01 -1.2254383292385839e+02
1.3634733333333335e+00 4.9670318257877639e+01 -1.2272953821078136e+02
1.3644700000000001e+00 4.9792731333042973e+01 -1.2291542867620392e+02
1.3654666666666668e+00 4.9915329771411514e+01 -1.2310150450479674e+02
1.3664633333333334e+00 5.0038113757820597e+01 -1.2328776588135906e+02
1.3674600000000001e+00 5.0161083477291960e+01 -1.2347421299091533e+02
1.3684566666666669e+00 5.0284239115031774e+01 -1.2366084601871611e+02
1.3694533333333334e+00 5.0407580856430897e+01 -1.2384766515012903e+02
1.3704500000000002e+00 5.0531108887065116e+01 -1.2403467057069086e+02
1.3714466666666667e+00 5.0654823392695157e+01 -1.2422186246620961e+02
1.3724433333333335e+00 5.0778724559267111e+01 -1.2440924102263297e+02
1.3734400000000002e+00 5.0902812572912389e+01 -1.2459680642606727e+02
1.3744366666666668e+00 5.1027087619948013e+01 -1.2478455886283862e+02
1.3754333333333335e+00 5.1151549886876872e+01 -1.2497249851946427e+02
1.3764300000000000e+00 5.1276199560387717e+01 -1.2516062558260060e+02
1.3774266666666668e+00 5.1401036827355561e+01 -1.2534894023913971e+02
1.3784233333333336e+00 5.1526061874841702e+01 -1.2553744267616855e+02
1.3794200000000001e+00 5.1651274890093951e+01 -1.2572613308088992e+02
1.3804166666666668e+00 5.1776676060546919e+01 -1.2591501164076203e+02
1.3814133333333334e+00 5.1902265573822021e+01 -1.2610407854342164e+02
1.3824100000000001e+00 5.2028043617727867e+01 -1.2629333397665548e+02
1.3834066666666669e+00 5.2154010380260260e+01 -1.2648277812845261e+02
1.3844033333333334e+00 5.2280166049602450e+01 -1.2667241118701705e+02
1.3854000000000002e+00 5.2406510814125440e+01 -1.2686223334070212e+02
1.3863966666666667e+00 5.2533044862387946e+01 -1.2705224477807819e+02
1.3873933333333335e+00 5.2659768383136836e+01 -1.2724244568789807e+02
1.3883900000000002e+00 5.2786681565307092e+01 -1.2743283625908501e+02
1.3893866666666668e+00 5.2913784598022104e+01 -1.2762341668076959e+02
1.3903833333333335e+00 5.3041077670593921e+01 -1.2781418714224610e+02
1.3913800000000001e+00 5.3168560972523252e+01 -1.2800514783304038e+02
1.3923766666666668e+00 5.3296234693499905e+01 -1.2819629894282838e+02
1.3933733333333334e+00 5.3424099023402704e+01 -1.2838764066148164e+02
1.3943700000000001e+00 5.3552154152299934e+01 -1.2857917317909659e+02
1.3953666666666669e+00 5.3680400270449340e+01 -1.2877089668591233e+02
1.3963633333333334e+00 5.3808837568298365e+01 -1.2896281137236710e+02
1.3973600000000002e+00 5.3937466236484440e+01 -1.2915491742910282e+02
1.3983566666666667e+00 5.4066286465834992e+01 -1.2934721504695710e+02
1.3993533333333334e+00 5.4195298447367854e+01 -1.2953970441696021e+02
1.4003500000000002e+00 5.4324502372291242e+01 -1.2973238573028547e+02
1.4013466666666667e+00 5.4453898432004031e+01 -1.2992525917835098e+02
1.4023433333333335e+00 5.4583486818096041e+01 -1.3011832495275425e+02
1.4033400000000000e+00 5.4713267722348036e+01 -1.3031158324525956e+02
1.4043366666666668e+00 5.4843241336732113e+01 -1.3050503424785595e+02
1.4053333333333335e+00 5.4973407853411729e+01 -1.3069867815268307e+02
1.4063300000000001e+00 5.5103767464741942e+01 -1.3089251515212118e+02
1.4073266666666668e+00 5.5234320363269717e+01 -1.3108654543871251e+02
1.4083233333333334e+00 5.5365066741733905e+01 -1.3128076920518018e+02
1.4093200000000001e+00 5.5496006793065661e+01 -1.3147518664447557e+02
1.4103166666666669e+00 5.5627140710388439e+01 -1.3166979794970464e+02
1.4113133333333334e+00 5.5758468687018265e+01 -1.3186460331419207e+02
1.4123100000000002e+00 5.5889990916464022e+01 -1.3205960293144949e+02
1.4133066666666667e+00 5.6021707592427433e+01 -1.3225479699516634e+02
1.4143033333333335e+00 5.6153618908803494e+01 -1.3245018569924900e+02
1.4153000000000002e+00 5.6285725059680466e+01 -1.3264576923779481e+02
1.4162966666666668e+00 5.6418026239340143e+01 -1.3284154780506555e+02
1.4172933333333335e+00 5.6550522642258130e+01 -1.3303752159554617e+02
1.4182900000000001e+00 5.6683214463103837e+01 -1.3323369080390270e+02
1.4192866666666668e+00 5.6816101896740918e+01 -1.3343005562499320e+02
1.4202833333333336e+00 5.6949185138227250e+01 -1.3362661625390982e+02
1.4212800000000001e+00 5.7082464382815225e+01 -1.3382337288586947e+02
1.4222766666666669e+00 5.7215939825951992e+01 -1.3402032571631236e+02
1.4232733333333334e+00 5.7349611663279497e+01 -1.3421747494092048e+02
1.4242700000000001e+00 5.7483480090634885e+01 -1.3441482075548939e+02
1.4252666666666669e+00 5.7617545304050495e+01 -1.3461236335607740e+02
1.4262633333333334e+00 5.7751807499754143e+01 -1.3481010293890273e+02
1.4272600000000002e+00 5.7886266874169401e+01 -1.3500803970038962e+02
1.4282566666666667e+00 5.8020923623915600e+01 -1.3520617383717186e+02
1.4292533333333335e+00 5.8155777945808246e+01 -1.3540450554603652e+02
1.4302500000000000e+00 5.8290830036858971e+01 -1.3560303502402010e+02
1.4312466666666668e+00 5.8426080094275996e+01 -1.3580176246831891e+02
1.4322433333333335e+00 5.8561528315464095e+01 -1.3600068807634278e+02
1.4332400000000001e+00 5.8697174898024883e+01 -1.3619981204568177e+02
1.4342366666666668e+00 5.8833020039757116e+01 -1.3639913457415400e+02
1.4352333333333334e+00 5.8969063938656653e+01 -1.3659865585974066e+02
1.4362300000000001e+00 5.9105306792916920e+01 -1.3679837610063589e+02
1.4372266666666669e+00 5.9241748800928882e+01 -1.3699829549525163e+02
1.4382233333333334e+00 5.9378390161281338e+01 -1.3719841424215420e+02
1.4392200000000002e+00 5.9515231072761189e+01 -1.3739873254012443e+02
1.4402166666666667e+00 5.9652271734353434e+01 -1.3759925058816276e+02
1.4412133333333335e+00 5.9789512345241633e+01 -1.3779996858545795e+02
1.4422100000000002e+00 5.9926953104807865e+01 -1.3800088673137390e+02
1.4432066666666667e+00 6.0064594212633025e+01 -1.3820200522551391e+02
1.4442033333333335e+00 6.0202435868497119e+01 -1.3840332426762853e+02
1.4452000000000000e+00 6.0340478272379237e+01 -1.3860484405772695e+02
1.4461966666666668e+00 6.0478721624458011e+01 -1.3880656479597101e+02
1.4471933333333336e+00 6.0617166125111581e+01 -1.3900848668273358e+02
1.4481900000000001e+00 6.0755811974917904e+01 -1.3921060991861947e+02
1.4491866666666668e+00 6.0894659374655042e+01 -1.3941293470437364e+02
1.4501833333333334e+00 6.1033708525301130e+01 -1.3961546124099647e+02
1.4511800000000001e+00 6.1172959628034853e+01 -1.3981818972966539e+02
1.4521766666666669e+00 6.1312412884235400e+01 -1.4002112037174115e+02
1.4531733333333334e+00 6.1452068495482756e+01 -1.4022425336881548e+02
1.4541700000000002e+00 6.1591926663558034e+01 -1.4042758892269228e+02
1.4551666666666667e+00 6.1731987590443424e+01 -1.4063112723532004e+02
1.4561633333333335e+00 6.1872251478322632e+01 -1.4083486850887769e+02
1.4571600000000002e+00 6.2012718529580887e+01 -1.4103881294578864e+02
1.4581566666666668e+00 6.2153388946805251e+01 -1.4124296074861741e+02
1.4591533333333335e+00 6.2294262932784861e+01 -1.4144731212013752e+02
1.4601500000000001e+00 6.2435340690510962e+01 -1.4165186726338464e+02
1.4611466666666668e+00 6.2576622423177348e+01 -1.4185662638151445e+02
1.4621433333333336e+00 6.2718108334180315e+01 -1.4206158967792359e+02
1.4631400000000001e+00 6.2859798627118984e+01 -1.4226675735623516e+02
1.4641366666666669e+00 6.3001693505795600e+01 -1.4247212962023141e+02
1.4651333333333334e+00 6.3143793174215503e+01 -1.4267770667392128e+02
1.4661300000000002e+00 6.3286097836587572e+01 -1.4288348872151693e+02
1.4671266666666667e+00 6.3428607697324217e+01 -1.4308947596744429e+02
1.4681233333333334e+00 6.3571322961041794e+01 -1.4329566861630241e+02
1.4691200000000002e+00 6.3714243832560591e+01 -1.4350206687289307e+02
1.4701166666666667e+00 6.3857370516905135e+01 -1.4370867094228223e+02
1.4711133333333335e+00 6.4000703219304512e+01 -1.4391548102969273e+02
1.4721100000000000e+00 6.4144242145192322e+01 -1.4412249734052347e+02
1.4731066666666668e+00 6.4287987500207109e+01 -1.4432972008043924e+02
1.4741033333333335e+00 6.4431939490192434e+01 -1.4453714945530086e+02
1.4751000000000001e+00 6.4576098321197080e+01 -1.4474478567110799e+02
1.4760966666666668e+00 6.4720464199475387e+01 -1.4495262893415267e+02
1.4770933333333334e+00 6.4865037331487258e+01 -1.4516067945090350e+02
1.4780900000000001e+00 6.5009817923898581e+01 -1.4536893742796960e+02
1.4790866666666669e+00 6.5154806183581215e+01 -1.4557740307228150e+02
1.4800833333333334e+00 6.5300002317613348e+01 -1.4578607659090787e+02
1.4810800000000002e+00 6.5445406533279737e+01 -1.4599495819111061e+02
1.4820766666666667e+00 6.5591019038071693e+01 -1.4620404808039893e+02
1.4830733333333335e+00 6.5736840039687564e+01 -1.4641334646647280e+02
1.4840700000000002e+00 6.5882869746032711e+01 -1.4662285355721127e+02
1.4850666666666668e+00 6.6029108365219813e+01 -1.4683256956075192e+02
1.4860633333333335e+00 6.6175556105569171e+01 -1.4704249468542625e+02
1.4870600000000000e+00 6.6322213175608681e+01 -1.4725262913972728e+02
1.4880566666666668e+00 6.6469079784074310e+01 -1.4746297313241698e+02
1.4890533333333336e+00 6.6616156139910075e+01 -1.4767352687242288e+02
1.4900500000000001e+00 6.6763442452268322e+01 -1.4788429056890880e+02
1.4910466666666669e+00 6.6910938930510085e+01 -1.4809526443124719e+02
1.4920433333333334e+00 6.7058645784205012e+01 -1.4830644866897904e+02
1.4930400000000001e+00 6.7206563223131866e+01 -1.4851784349190714e+02
1.4940366666666669e+00 6.7354691457278506e+01 -1.4872944911001440e+02
1.4950333333333334e+00 6.7503030696842160e+01 -1.4894126573346961e+02
1.4960300000000002e+00 6.7651581152229753e+01 -1.4915329357271455e+02
1.4970266666666667e+00 6.7800343034057917e+01 -1.4936553283836687e+02
1.4980233333333335e+00 6.7949316553153437e+01 -1.4957798374123439e+02
1.4990200000000002e+00 6.8098501920553190e+01 -1.4979064649236975e+02
1.5000166666666668e+00 6.8247899347504529e+01 -1.5000352130299655e+02
1.5010133333333335e+00 6.8397509045465526e+01 -1.5021660838459749e+02
1.5020100000000001e+00 6.8547331226105001e+01 -1.5042990794883116e+02
1.5030066666666668e+00 6.8697366101302961e+01 -1.5064342020756999e+02
1.5040033333333334e+00 6.8847613883150558e+01 -1.5085714537292156e+02
1.5050000000000001e+00 6.8998074783950571e+01 -1.5107108365717653e+02
1.5059966666666669e+00 6.9148749016217394e+01 -1.5128523527287078e+02
1.5069933333333334e+00 6.9299636792677319e+01 -1.5149960043270320e+02
1.5079900000000002e+00 6.9450738326268848e+01 -1.5171417934961104e+02
1.5089866666666667e+00 6.9602053830142708e+01 -1.5192897223677843e+02
1.5099833333333335e+00 6.9753583517662307e+01 -1.5214397930753674e+02
1.5109800000000002e+00 6.9905327602403673e+01 -1.5235920077545597e+02
1.5119766666666667e+00 7.0057286298155859e+01 -1.5257463685437520e+02
1.5129733333333335e+00 7.0209459818921175e+01 -1.5279028775825864e+02
1.5139700000000000e+00 7.0361848378915170e+01 -1.5300615370129540e+02
1.5149666666666668e+00 7.0514452192567148e+01 -1.5322223489795749e+02
1.5159633333333336e+00 7.0667271474520149e+01 -1.5343853156287756e+02
1.5169600000000001e+00 7.0820306439631239e+01 -1.5365504391091375e+02
1.5179566666666668e+00 7.0973557302971841e+01 -1.5387177215715670e+02
1.5189533333333334e+00 7.1127024279827708e+01 -1.5408871651685809e+02
1.5199500000000001e+00 7.1280707585699375e+01 -1.5430587720553027e+02
1.5209466666666669e+00 7.1434607436302187e+01 -1.5452325443887594e+02
1.5219433333333334e+00 7.1588724047566586e+01 -1.5474084843285772e+02
1.5229400000000002e+00 7.1743057635638436e+01 -1.5495865940360744e+02
1.5239366666666667e+00 7.1897608416878995e+01 -1.5517668756745289e+02
1.5249333333333335e+00 7.2052376607865398e+01 -1.5539493314101892e+02
1.5259300000000002e+00 7.2207362425390656e+01 -1.5561339634108475e+02
1.5269266666666668e+00 7.2362566086463957e+01 -1.5583207738463952e+02
1.5279233333333335e+00 7.2517987808310977e+01 -1.5605097648894125e+02
1.5289200000000001e+00 7.2673627808373880e+01 -1.5627009387143028e+02
1.5299166666666668e+00 7.2829486304311757e+01 -1.5648942974971487e+02
1.5309133333333336e+00 7.2985563514000674e+01 -1.5670898434171534e+02
1.5319100000000001e+00 7.3141859655533935e+01 -1.5692875786553265e+02
1.5329066666666669e+00 7.3298374947222428e+01 -1.5714875053943743e+02
1.5339033333333334e+00 7.3455109607594579e+01 -1.5736896258198180e+02
1.5349000000000002e+00 7.3612063855396897e+01 -1.5758939421194344e+02
1.5358966666666669e+00 7.3769237909593912e+01 -1.5781004564826949e+02
1.5368933333333334e+00 7.3926631989368474e+01 -1.5803091711008722e+02
1.5378900000000002e+00 7.4084246314122069e+01 -1.5825200881683637e+02
1.5388866666666667e+00 7.4242081103474888e+01 -1.5847332098818154e+02
1.5398833333333335e+00 7.4400136577266224e+01 -1.5869485384389807e+02
1.5408800000000002e+00 7.4558412955554473e+01 -1.5891660760407430e+02
1.5418766666666668e+00 7.4716910458617491e+01 -1.5913858248899197e+02
1.5428733333333335e+00 7.4875629306952888e+01 -1.5936077871912477e+02
1.5438700000000001e+00 7.5034569721277975e+01 -1.5958319651519949e+02
1.5448666666666668e+00 7.5193731922530304e+01 -1.5980583609814985e+02
1.5458633333333334e+00 7.5353116131867623e+01 -1.6002869768916599e+02
1.5468600000000001e+00 7.5512722570668359e+01 -1.6025178150959877e+02
1.5478566666666669e+00 7.5672551460531537e+01 -1.6047508778104117e+02
1.5488533333333334e+00 7.5832603023277187e+01 -1.6069861672532858e+02
1.5498500000000002e+00 7.5992877480946632e+01 -1.6092236856450333e+02
1.5508466666666667e+00 7.6153375055802456e+01 -1.6114634352081785e+02
1.5518433333333335e+00 7.6314095970329035e+01 -1.6137054181677055e+02
1.5528400000000002e+00 7.6475040447232473e+01 -1.6159496367504576e+02
1.5538366666666668e+00 7.6636208709440936e+01 -1.6181960931856187e+02
1.5548333333333335e+00 7.6797600980105017e+01 -1.6204447897052361e+02
1.5558300000000000e+00 7.6959217482597680e+01 -1.6226957285427409e+02
1.5568266666666668e+00 7.7121058440514773e+01 -1.6249489119338099e+02
1.5578233333333336e+00 7.7283124077674984e+01 -1.6272043421169806e+02
1.5588200000000001e+00 7.7445414618120196e+01 -1.6294620213325578e+02
1.5598166666666669e+00 7.7607930286115817e+01 -1.6317219518233517e+02
1.5608133333333334e+00 7.7770671306150732e+01 -1.6339841358341317e+02
1.5618100000000001e+00 7.7933637902937789e+01 -1.6362485756116212e+02
1.5628066666666669e+00 7.8096830301413846e+01 -1.6385152734059835e+02
1.5638033333333334e+00 7.8260248726740059e+01 -1.6407842314684268e+02
1.5648000000000002e+00 7.8423893404302191e+01 -1.6430554520524572e+02
1.5657966666666667e+00 7.8587764559710621e+01 -1.6453289374148900e+02
1.5667933333333335e+00 7.8751862418800854e+01 -1.6476046898135723e+02
1.5677900000000002e+00 7.8916187207633442e+01 -1.6498827115090768e+02
1.5687866666666668e+00 7.9080739152494388e+01 -1.6521630047646576e+02
1.5697833333333335e+00 7.9245518479895466e+01 -1.6544455718453000e+02
1.5707800000000001e+00 7.9410525416574146e+01 -1.6567304150182994e+02
1.5717766666666668e+00 7.9575760189494147e+01 -1.6590175365532633e+02
1.5727733333333336e+00 7.9741223025845372e+01 -1.6613069387218221e+02
1.5737700000000001e+00 7.9906914153044283e+01 -1.6635986237984855e+02
1.5747666666666669e+00 8.0072833798734251e+01 -1.6658925940601492e+02
1.5757633333333334e+00 8.0238982190785492e+01 -1.6681888517847298e+02
1.5767600000000002e+00 8.0405359557295569e+01 -1.6704873992531694e+02
1.5777566666666669e+00 8.0571966126589359e+01 -1.6727882387491482e+02
1.5787533333333335e+00 8.0738802127219500e+01 -1.6750913725584405e+02
1.5797500000000002e+00 8.0905867787966599e+01 -1.6773968029683488e+02
1.5807466666666667e+00 8.1073163337839233e+01 -1.6797045322688388e+02
1.5817433333333335e+00 8.1240689006074476e+01 -1.6820145627525878e+02
1.5827400000000000e+00 8.1408445022137897e+01 -1.6843268967144809e+02
1.5837366666666668e+00 8.1576431615723990e+01 -1.6866415364510021e+02
1.5847333333333335e+00 8.1744649016756171e+01 -1.6889584842614477e+02
1.5857300000000001e+00 8.1913097455387160e+01 -1.6912777424476994e+02
1.5867266666666668e+00 8.2081777161999270e+01 -1.6935993133133152e+02
1.5877233333333334e+00 8.2250688367204376e+01 -1.6959231991640891e+02
1.5887200000000001e+00 8.2419831301844468e+01 -1.6982494023089748e+02
1.5897166666666669e+00 8.2589206196991654e+01 -1.7005779250591141e+02
1.5907133333333334e+00 8.2758813283948427e+01 -1.7029087697262193e+02
1.5917100000000002e+00 8.2928652794248023e+01 -1.7052419386264671e+02
1.5927066666666667e+00 8.3098724959654419e+01 -1.7075774340777022e+02
1.5937033333333335e+00 8.3269030012162858e+01 -1.7099152583990016e+02
1.5947000000000002e+00 8.3439568183999782e+01 -1.7122554139134837e+02
1.5956966666666668e+00 8.3610339707623240e+01 -1.7145979029456916e+02
1.5966933333333335e+00 8.3781344815723173e+01 -1.7169427278218586e+02
1.5976900000000001e+00 8.3952583741221375e+01 -1.7192898908715867e+02
1.5986866666666668e+00 8.4124056717272083e+01 -1.7216393944265030e+02
1.5996833333333336e+00 8.4295763977261913e+01 -1.7239912408206362e+02
1.6006800000000001e+00 8.4467705754810197e+01 -1.7263454323896488e+02
1.6016766666666669e+00 8.4639882283769339e+01 -1.7287019714723183e+02
1.6026733333333334e+00 8.4812293798224772e+01 -1.7310608604098010e+02
1.6036700000000002e+00 8.4984940532495528e+01 -1.7334221015449126e+02
1.6046666666666669e+00 8.5157822721134167e+01 -1.7357856972233083e+02
1.6056633333333334e+00 8.5330940598927114e+01 -1.7381516497929053e+02
1.6066600000000002e+00 8.5504294400895063e+01 -1.7405199616037515e+02
1.6076566666666667e+00 8.5677884362292872e+01 -1.7428906350083346e+02
1.6086533333333335e+00 8.5851710718610164e+01 -1.7452636723617334e+02
1.6096500000000002e+00 8.6025773705571268e+01 -1.7476390760212968e+02
1.6106466666666668e+00 8.6200073559135589e+01 -1.7500168483467752e+02
1.6116433333333335e+00 8.6374610515497906e+01 -1.7523969916992661e+02
1.6126400000000001e+00 8.6549384811088345e+01 -1.7547795084438044e+02
1.6136366666666668e+00 8.6724396682573015e+01 -1.7571644009472317e+02
1.6146333333333336e+00 8.6899646366853872e+01 -1.7595516715778811e+02
1.6156300000000001e+00 8.7075134101069068e+01 -1.7619413227074725e+02
1.6166266666666669e+00 8.7250860122593366e+01 -1.7643333567095840e+02
1.6176233333333334e+00 8.7426824669038083e+01 -1.7667277759608697e+02
1.6186200000000002e+00 8.7603027978251646e+01 -1.7691245828392761e+02
1.6196166666666667e+00 8.7779470288319445e+01 -1.7715237797255912e+02
1.6206133333333335e+00 8.7956151837564462e+01 -1.7739253690036222e+02
1.6216100000000002e+00 8.8133072864547245e+01 -1.7763293530586745e+02
1.6226066666666668e+00 8.8310233608066184e+01 -1.7787357342785063e+02
1.6236033333333335e+00 8.8487634307157904e+01 -1.7811445150533763e+02
1.6246000000000000e+00 8.8665275201097245e+01 -1.7835556977765523e+02
1.6255966666666668e+00 8.8843156529397817e+01 -1.7859692848431735e+02
1.6265933333333336e+00 8.9021278531811916e+01 -1.7883852786501717e+02
1.6275900000000001e+00 8.9199641448330922e+01 -1.7908036815979878e+02
1.6285866666666668e+00 8.9378245519185668e+01 -1.7932244960889338e+02
1.6295833333333334e+00 8.9557090984846354e+01 -1.7956477245271833e+02
1.6305800000000001e+00 8.9736178086023102e+01 -1.7980733693202797e+02
1.6315766666666669e+00 8.9915507063665984e+01 -1.8005014328776335e+02
1.6325733333333334e+00 9.0095078158965336e+01 -1.8029319176113756e+02
1.6335700000000002e+00 9.0274891613352096e+01 -1.8053648259354387e+02
1.6345666666666667e+00 9.0454947668497795e+01 -1.8078001602664716e+02
1.6355633333333335e+00 9.0635246566315132e+01 -1.8102379230242079e+02
1.6365600000000002e+00 9.0815788548957897e+01 -1.8126781166296846e+02
1.6375566666666668e+00 9.0996573858821336e+01 -1.8151207435067892e+02
1.6385533333333335e+00 9.1177602738542532e+01 -1.8175658060820035e+02
1.6395500000000001e+00 9.1358875431000357e+01 -1.8200133067844533e+02
1.6405466666666668e+00 9.1540392179316044e+01 -1.8224632480450651e+02
1.6415433333333336e+00 9.1722153226853123e+01 -1.8249156322972797e+02
1.6425400000000001e+00 9.1904158817217791e+01 -1.8273704619774622e+02
1.6435366666666669e+00 9.2086409194259289e+01 -1.8298277395238549e+02
1.6445333333333334e+00 9.2268904602069867e+01 -1.8322874673779199e+02
1.6455300000000002e+00 9.2451645284985347e+01 -1.8347496479825574e+02
1.6465266666666669e+00 9.2634631487585025e+01 -1.8372142837832635e+02
1.6475233333333335e+00 9.2817863454692102e+01 -1.8396813772288706e+02
1.6485200000000002e+00 9.3001341431374058e+01 -1.8421509307700313e+02
1.6495166666666667e+00 9.3185065662942577e+01 -1.8446229468594706e+02
1.6505133333333335e+00 9.3369036394954065e+01 -1.8470974279525620e+02
1.6515100000000003e+00 9.3553253873209712e+01 -1.8495743765082082e+02
1.6525066666666668e+00 9.3737718343755830e+01 -1.8520537949863638e+02
1.6535033333333335e+00 9.3922430052884181e+01 -1.8545356858497968e+02
1.6545000000000001e+00 9.4107389247131948e+01 -1.8570200515639971e+02
1.6554966666666668e+00 9.4292596173282305e+01 -1.8595068945965903e+02
1.6564933333333334e+00 9.4478051078364373e+01 -1.8619962174185528e+02
1.6574900000000001e+00 9.4663754209653774e+01 -1.8644880225020813e+02
1.6584866666666669e+00 9.4849705814672546e+01 -1.8669823123224137e+02
1.6594833333333334e+00 9.5035906141189557e+01 -1.8694790893572443e+02
1.6604800000000002e+00 9.5222355437220870e+01 -1.8719783560867424e+02
1.6614766666666667e+00 9.5409053951029705e+01 -1.8744801149940045e+02
1.6624733333333335e+00 9.5596001931127006e+01 -1.8769843685636314e+02
1.6634700000000002e+00 9.5783199626271383e+01 -1.8794911192830520e+02
1.6644666666666668e+00 9.5970647285469497e+01 -1.8820003696428640e+02
1.6654633333333335e+00 9.6158345157976456e+01 -1.8845121221351442e+02
1.6664600000000001e+00 9.6346293493295718e+01 -1.8870263792553197e+02
1.6674566666666668e+00 9.6534492541179745e+01 -1.8895431435008243e+02
1.6684533333333336e+00 9.6722942551629899e+01 -1.8920624173713534e+02
1.6694500000000001e+00 9.6911643774896817e+01 -1.8945842033698329e+02
1.6704466666666669e+00 9.7100596461480819e+01 -1.8971085040011735e+02
1.6714433333333334e+00 9.7289800862131855e+01 -1.8996353217727105e+02
1.6724400000000001e+00 9.7479257227850070e+01 -1.9021646591944204e+02
1.6734366666666669e+00 9.7668965809885748e+01 -1.9046965187787663e+02
1.6744333333333334e+00 9.7858926859739753e+01 -1.9072309030412868e+02
1.6754300000000002e+00 9.8049140629163858e+01 -1.9097678144990167e+02
1.6764266666666667e+00 9.8239607370160670e+01 -1.9123072556716917e+02
1.6774233333333335e+00 9.8430327334984270e+01 -1.9148492290824797e+02
1.6784200000000002e+00 9.8621300776140174e+01 -1.9173937372564637e+02
1.6794166666666668e+00 9.8812527946385686e+01 -1.9199407827208026e+02
1.6804133333333335e+00 9.9004009098730236e+01 -1.9224903680055738e+02
1.6814100000000001e+00 9.9195744486435387e+01 -1.9250424956434932e+02
1.6824066666666668e+00 9.9387734363015440e+01 -1.9275971681699139e+02
1.6834033333333336e+00 9.9579978982237364e+01 -1.9301543881226169e+02
1.6844000000000001e+00 9.9772478598121168e+01 -1.9327141580411583e+02
1.6853966666666669e+00 9.9965233464940255e+01 -1.9352764804686652e+02
1.6863933333333334e+00 1.0015824383722146e+02 -1.9378413579507566e+02
1.6873900000000002e+00 1.0035150996974559e+02 -1.9404087930346915e+02
1.6883866666666669e+00 1.0054503211754734e+02 -1.9429787882707288e+02
1.6893833333333335e+00 1.0073881053591570e+02 -1.9455513462121814e+02
1.6903800000000002e+00 1.0093284548039446e+02 -1.9481264694146537e+02
1.6913766666666668e+00 1.0112713720678198e+02 -1.9507041604355987e+02
1.6923733333333335e+00 1.0132168597113186e+02 -1.9532844218356797e+02
1.6933700000000000e+00 1.0151649202975287e+02 -1.9558672561783393e+02
1.6943666666666668e+00 1.0171155563920954e+02 -1.9584526660287284e+02
1.6953633333333336e+00 1.0190687705632210e+02 -1.9610406539554336e+02
1.6963600000000001e+00 1.0210245653816689e+02 -1.9636312225290865e+02
1.6973566666666668e+00 1.0229829434207670e+02 -1.9662243743228308e+02
1.6983533333333334e+00 1.0249439072564074e+02 -1.9688201119126555e+02
1.6993500000000001e+00 1.0269074594670529e+02 -1.9714184378772552e+02
1.7003466666666669e+00 1.0288736026337359e+02 -1.9740193547974144e+02
1.7013433333333334e+00 1.0308423393400628e+02 -1.9766228652570882e+02
1.7023400000000002e+00 1.0328136721722173e+02 -1.9792289718419727e+02
1.7033366666666667e+00 1.0347876037189602e+02 -1.9818376771409569e+02
1.7043333333333335e+00 1.0367641365716355e+02 -1.9844489837457130e+02
1.7053300000000002e+00 1.0387432733241701e+02 -1.9870628942497166e+02
1.7063266666666668e+00 1.0407250165730773e+02 -1.9896794112499674e+02
1.7073233333333335e+00 1.0427093689174606e+02 -1.9922985373450643e+02
1.7083200000000001e+00 1.0446963329590139e+02 -1.9949202751370879e+02
1.7093166666666668e+00 1.0466859113020271e+02 -1.9975446272301829e+02
1.7103133333333336e+00 1.0486781065533856e+02 -2.0001715962311619e+02
1.7113100000000001e+00 1.0506729213225739e+02 -2.0028011847493539e+02
1.7123066666666669e+00 1.0526703582216805e+02 -2.0054333953974725e+02
1.7133033333333334e+00 1.0546704198653970e+02 -2.0080682307897948e+02
1.7143000000000002e+00 1.0566731088710230e+02 -2.0107056935431478e+02
1.7152966666666669e+00 1.0586784278584676e+02 -2.0133457862783968e+02
1.7162933333333334e+00 1.0606863794502523e+02 -2.0159885116176974e+02
1.7172900000000002e+00 1.0626969662715145e+02 -2.0186338721857445e+02
1.7182866666666667e+00 1.0647101909500077e+02 -2.0212818706105682e+02
1.7192833333333335e+00 1.0667260561161078e+02 -2.0239325095229029e+02
1.7202800000000003e+00 1.0687445644028119e+02 -2.0265857915553775e+02
1.7212766666666668e+00 1.0707657184457429e+02 -2.0292417193434761e+02
1.7222733333333335e+00 1.0727895208831529e+02 -2.0319002955258671e+02
1.7232700000000001e+00 1.0748159743559235e+02 -2.0345615227433447e+02
1.7242666666666668e+00 1.0768450815075710e+02 -2.0372254036391857e+02
1.7252633333333336e+00 1.0788768449842463e+02 -2.0398919408595711e+02
1.7262600000000001e+00 1.0809112674347394e+02 -2.0425611370533105e+02
1.7272566666666669e+00 1.0829483515104825e+02 -2.0452329948722644e+02
1.7282533333333334e+00 1.0849880998655502e+02 -2.0479075169698450e+02
1.7292500000000002e+00 1.0870305151566653e+02 -2.0505847060031721e+02
1.7302466666666667e+00 1.0890756000431981e+02 -2.0532645646317198e+02
1.7312433333333335e+00 1.0911233571871723e+02 -2.0559470955170138e+02
1.7322400000000002e+00 1.0931737892532651e+02 -2.0586323013241324e+02
1.7332366666666668e+00 1.0952268989088104e+02 -2.0613201847204158e+02
1.7342333333333335e+00 1.0972826888238035e+02 -2.0640107483756921e+02
1.7352300000000001e+00 1.0993411616709001e+02 -2.0667039949624788e+02
1.7362266666666668e+00 1.1014023201254230e+02 -2.0693999271565585e+02
1.7372233333333336e+00 1.1034661668653614e+02 -2.0720985476358487e+02
1.7382200000000001e+00 1.1055327045713747e+02 -2.0747998590803746e+02
1.7392166666666669e+00 1.1076019359267968e+02 -2.0775038641742222e+02
1.7402133333333334e+00 1.1096738636176357e+02 -2.0802105656032427e+02
1.7412100000000001e+00 1.1117484903325793e+02 -2.0829199660555500e+02
1.7422066666666669e+00 1.1138258187629950e+02 -2.0856320682231097e+02
1.7432033333333334e+00 1.1159058516029344e+02 -2.0883468747997028e+02
1.7442000000000002e+00 1.1179885915491369e+02 -2.0910643884823207e+02
1.7451966666666667e+00 1.1200740413010288e+02 -2.0937846119703596e+02
1.7461933333333335e+00 1.1221622035607305e+02 -2.0965075479657622e+02
1.7471900000000002e+00 1.1242530810330551e+02 -2.0992331991734039e+02
1.7481866666666668e+00 1.1263466764255126e+02 -2.1019615683005341e+02
1.7491833333333335e+00 1.1284429924483148e+02 -2.1046926580578338e+02
1.7501800000000001e+00 1.1305420318143737e+02 -2.1074264711579593e+02
1.7511766666666668e+00 1.1326437972393087e+02 -2.1101630103165411e+02
1.7521733333333336e+00 1.1347482914414456e+02 -2.1129022782522881e+02
1.7531700000000001e+00 1.1368555171418210e+02 -2.1156442776854931e+02
1.7541666666666669e+00 1.1389654770641856e+02 -2.1183890113400977e+02
1.7551633333333334e+00 1.1410781739350048e+02 -2.1211364819433018e+02
1.7561600000000002e+00 1.1431936104834649e+02 -2.1238866922237113e+02
1.7571566666666669e+00 1.1453117894414716e+02 -2.1266396449129417e+02
1.7581533333333335e+00 1.1474327135436546e+02 -2.1293953427458953e+02
1.7591500000000002e+00 1.1495563855273726e+02 -2.1321537884604192e+02
1.7601466666666667e+00 1.1516828081327117e+02 -2.1349149847958333e+02
1.7611433333333335e+00 1.1538119841024920e+02 -2.1376789344953528e+02
1.7621400000000003e+00 1.1559439161822677e+02 -2.1404456403050034e+02
1.7631366666666668e+00 1.1580786071203303e+02 -2.1432151049718723e+02
1.7641333333333336e+00 1.1602160596677133e+02 -2.1459873312479223e+02
1.7651300000000001e+00 1.1623562765781919e+02 -2.1487623218868757e+02
1.7661266666666668e+00 1.1644992606082886e+02 -2.1515400796445655e+02
1.7671233333333336e+00 1.1666450145172735e+02 -2.1543206072812060e+02
1.7681200000000001e+00 1.1687935410671683e+02 -2.1571039075584270e+02
1.7691166666666669e+00 1.1709448430227499e+02 -2.1598899832405255e+02
1.7701133333333334e+00 1.1730989231515505e+02 -2.1626788370956223e+02
1.7711100000000002e+00 1.1752557842238639e+02 -2.1654704718941224e+02
1.7721066666666667e+00 1.1774154290127444e+02 -2.1682648904084959e+02
1.7731033333333335e+00 1.1795778602940132e+02 -2.1710620954148209e+02
1.7741000000000002e+00 1.1817430808462584e+02 -2.1738620896921410e+02
1.7750966666666668e+00 1.1839110934508386e+02 -2.1766648760213249e+02
1.7760933333333335e+00 1.1860819008918872e+02 -2.1794704571861377e+02
1.7770900000000001e+00 1.1882555059563119e+02 -2.1822788359741605e+02
1.7780866666666668e+00 1.1904319114338016e+02 -2.1850900151752336e+02
1.7790833333333336e+00 1.1926111201168253e+02 -2.1879039975810204e+02
1.7800800000000001e+00 1.1947931348006365e+02 -2.1907207859872156e+02
1.7810766666666669e+00 1.1969779582832777e+02 -2.1935403831921278e+02
1.7820733333333334e+00 1.1991655933655795e+02 -2.1963627919961735e+02
1.7830700000000002e+00 1.2013560428511673e+02 -2.1991880152030186e+02
1.7840666666666669e+00 1.2035493095464605e+02 -2.2020160556192332e+02
1.7850633333333334e+00 1.2057453962606775e+02 -2.2048469160541941e+02
1.7860600000000002e+00 1.2079443058058389e+02 -2.2076805993196879e+02
1.7870566666666667e+00 1.2101460409967676e+02 -2.2105171082301015e+02
1.7880533333333335e+00 1.2123506046510951e+02 -2.2133564456040006e+02
1.7890500000000003e+00 1.2145579995892615e+02 -2.2161986142613640e+02
1.7900466666666668e+00 1.2167682286345190e+02 -2.2190436170252502e+02
1.7910433333333335e+00 1.2189812946129366e+02 -2.2218914567219909e+02
1.7920400000000001e+00 1.2211972003533992e+02 -2.2247421361800184e+02
1.7930366666666668e+00 1.2234159486876148e+02 -2.2275956582320123e+02
1.7940333333333336e+00 1.2256375424501137e+02 -2.2304520257117866e+02
1.7950300000000001e+00 1.2278619844782521e+02 -2.2333112414562967e+02
1.7960266666666669e+00 1.2300892776122176e+02 -2.2361733083067045e+02
1.7970233333333334e+00 1.2323194246950278e+02 -2.2390382291058447e+02
1.7980200000000002e+00 1.2345524285725372e+02 -2.2419060066986574e+02
1.7990166666666669e+00 1.2367882920934363e+02 -2.2447766439346418e+02
1.8000133333333335e+00 1.2390270181092568e+02 -2.2476501436655832e+02
1.8010100000000002e+00 1.2412686094743751e+02 -2.2505265087451880e+02
1.8020066666666668e+00 1.2435130690460115e+02 -2.2534057420308361e+02
1.8030033333333335e+00 1.2457603996842376e+02 -2.2562878463824359e+02
1.8040000000000003e+00 1.2480106042519758e+02 -2.2591728246636811e+02
1.8049966666666668e+00 1.2502636856150032e+02 -2.2620606797397528e+02
1.8059933333333336e+00 1.2525196466419557e+02 -2.2649514144789038e+02
1.8069900000000001e+00 1.2547784902043279e+02 -2.2678450317534839e+02
1.8079866666666669e+00 1.2570402191764801e+02 -2.2707415344376992e+02
1.8089833333333334e+00 1.2593048364356363e+02 -2.2736409254082480e+02
1.8099800000000001e+00 1.2615723448618917e+02 -2.2765432075453549e+02
1.8109766666666669e+00 1.2638427473382119e+02 -2.2794483837321121e+02
1.8119733333333334e+00 1.2661160467504372e+02 -2.2823564568545814e+02
1.8129700000000002e+00 1.2683922459872876e+02 -2.2852674298014088e+02
1.8139666666666667e+00 1.2706713479403612e+02 -2.2881813054638349e+02
1.8149633333333335e+00 1.2729533555041414e+02 -2.2910980867368426e+02
1.8159600000000002e+00 1.2752382715759965e+02 -2.2940177765172876e+02
1.8169566666666668e+00 1.2775260990561841e+02 -2.2969403777059114e+02
1.8179533333333335e+00 1.2798168408478551e+02 -2.2998658932053380e+02
1.8189500000000001e+00 1.2821104998570533e+02 -2.3027943259221314e+02
1.8199466666666668e+00 1.2844070789927227e+02 -2.3057256787651087e+02
1.8209433333333336e+00 1.2867065811667058e+02 -2.3086599546455264e+02
1.8219400000000001e+00 1.2890090092937496e+02 -2.3115971564794526e+02
1.8229366666666669e+00 1.2913143662915084e+02 -2.3145372871831270e+02
1.8239333333333334e+00 1.2936226550805435e+02 -2.3174803496772327e+02
1.8249300000000002e+00 1.2959338785843315e+02 -2.3204263468867620e+02
1.8259266666666669e+00 1.2982480397292622e+02 -2.3233752817366027e+02
1.8269233333333335e+00 1.3005651414446433e+02 -2.3263271571559270e+02
1.8279200000000002e+00 1.3028851866627053e+02 -2.3292819760782322e+02
1.8289166666666667e+00 1.3052081783186009e+02 -2.3322397414383181e+02
1.8299133333333335e+00 1.3075341193504107e+02 -2.3352004561731550e+02
1.8309100000000003e+00 1.3098630126991441e+02 -2.3381641232245929e+02
1.8319066666666668e+00 1.3121948613087434e+02 -2.3411307455373517e+02
1.8329033333333336e+00 1.3145296681260879e+02 -2.3441003260564756e+02
1.8339000000000001e+00 1.3168674361009926e+02 -2.3470728677328745e+02
1.8348966666666668e+00 1.3192081681862172e+02 -2.3500483735200569e+02
1.8358933333333336e+00 1.3215518673374638e+02 -2.3530268463722885e+02
1.8368900000000001e+00 1.3238985365133811e+02 -2.3560082892482507e+02
1.8378866666666669e+00 1.3262481786755703e+02 -2.3589927051108123e+02
1.8388833333333334e+00 1.3286007967885843e+02 -2.3619800969242920e+02
1.8398800000000002e+00 1.3309563938199332e+02 -2.3649704676548825e+02
1.8408766666666669e+00 1.3333149727400846e+02 -2.3679638202739613e+02
1.8418733333333335e+00 1.3356765365224689e+02 -2.3709601577553261e+02
1.8428700000000002e+00 1.3380410881434827e+02 -2.3739594830748183e+02
1.8438666666666668e+00 1.3404086305824885e+02 -2.3769617992114436e+02
1.8448633333333335e+00 1.3427791668218211e+02 -2.3799671091480525e+02
1.8458600000000001e+00 1.3451526998467887e+02 -2.3829754158709218e+02
1.8468566666666668e+00 1.3475292326456773e+02 -2.3859867223664895e+02
1.8478533333333336e+00 1.3499087682097507e+02 -2.3890010316265301e+02
1.8488500000000001e+00 1.3522913095332567e+02 -2.3920183466466466e+02
1.8498466666666669e+00 1.3546768596134297e+02 -2.3950386704223652e+02
1.8508433333333334e+00 1.3570654214504901e+02 -2.3980620059539288e+02
1.8518400000000002e+00 1.3594569980476535e+02 -2.4010883562467393e+02
1.8528366666666669e+00 1.3618515924111287e+02 -2.4041177243048452e+02
1.8538333333333334e+00 1.3642492075501204e+02 -2.4071501131372383e+02
1.8548300000000002e+00 1.3666498464768367e+02 -2.4101855257581272e+02
1.8558266666666667e+00 1.3690535122064878e+02 -2.4132239651813046e+02
1.8568233333333335e+00 1.3714602077572920e+02 -2.4162654344250001e+02
1.8578200000000002e+00 1.3738699361504752e+02 -2.4193099365106593e+02
1.8588166666666668e+00 1.3762827004102766e+02 -2.4223574744628169e+02
1.8598133333333335e+00 1.3786985035639529e+02 -2.4254080513083713e+02
1.8608100000000001e+00 1.3811173486417763e+02 -2.4284616700772236e+02
1.8618066666666668e+00 1.3835392386770442e+02 -2.4315183338041433e+02
1.8628033333333336e+00 1.3859641767060762e+02 -2.4345780455239876e+02
1.8638000000000001e+00 1.3883921657682194e+02 -2.4376408082756811e+02
1.8647966666666669e+00 1.3908232089058535e+02 -2.4407066251030943e+02
1.8657933333333334e+00 1.3932573091643903e+02 -2.4437754990518130e+02
1.8667900000000002e+00 1.3956944695922806e+02 -2.4468474331688705e+02
1.8677866666666669e+00 1.3981346932410119e+02 -2.4499224305058013e+02
1.8687833333333335e+00 1.4005779831651159e+02 -2.4530004941185030e+02
1.8697800000000002e+00 1.4030243424221720e+02 -2.4560816270638165e+02
1.8707766666666668e+00 1.4054737740728055e+02 -2.4591658324017328e+02
1.8717733333333335e+00 1.4079262811806959e+02 -2.4622531131972420e+02
1.8727700000000003e+00 1.4103818668125766e+02 -2.4653434725161534e+02
1.8737666666666668e+00 1.4128405340382383e+02 -2.4684369134276091e+02
1.8747633333333336e+00 1.4153022859305347e+02 -2.4715334390059957e+02
1.8757600000000001e+00 1.4177671255653820e+02 -2.4746330523269845e+02
1.8767566666666669e+00 1.4202350560217653e+02 -2.4777357564684024e+02
1.8777533333333336e+00 1.4227060803817378e+02 -2.4808415545128790e+02
1.8787500000000001e+00 1.4251802017304271e+02 -2.4839504495468134e+02
1.8797466666666669e+00 1.4276574231560389e+02 -2.4870624446568516e+02
1.8807433333333334e+00 1.4301377477498545e+02 -2.4901775429336374e+02
1.8817400000000002e+00 1.4326211786062407e+02 -2.4932957474732365e+02
1.8827366666666667e+00 1.4351077188226492e+02 -2.4964170613735666e+02
1.8837333333333335e+00 1.4375973714996206e+02 -2.4995414877328415e+02
1.8847300000000002e+00 1.4400901397407861e+02 -2.5026690296556538e+02
1.8857266666666668e+00 1.4425860266528724e+02 -2.5057996902503541e+02
1.8867233333333335e+00 1.4450850353457054e+02 -2.5089334726248379e+02
1.8877200000000001e+00 1.4475871689322091e+02 -2.5120703798915608e+02
1.8887166666666668e+00 1.4500924305284144e+02 -2.5152104151688383e+02
1.8897133333333336e+00 1.4526008232534585e+02 -2.5183535815746808e+02
1.8907100000000001e+00 1.4551123502295874e+02 -2.5214998822301146e+02
1.8917066666666669e+00 1.4576270145821630e+02 -2.5246493202621437e+02
1.8927033333333334e+00 1.4601448194396616e+02 -2.5278018987993394e+02
1.8937000000000002e+00 1.4626657679336813e+02 -2.5309576209719930e+02
1.8946966666666669e+00 1.4651898631989403e+02 -2.5341164899152238e+02
1.8956933333333335e+00 1.4677171083732838e+02 -2.5372785087680251e+02
1.8966900000000002e+00 1.4702475065976876e+02 -2.5404436806702333e+02
1.8976866666666667e+00 1.4727810610162561e+02 -2.5436120087655326e+02
1.8986833333333335e+00 1.4753177747762322e+02 -2.5467834962027467e+02
1.8996800000000003e+00 1.4778576510279956e+02 -2.5499581461311220e+02
1.9006766666666668e+00 1.4804006929250662e+02 -2.5531359617036131e+02
1.9016733333333335e+00 1.4829469036241110e+02 -2.5563169460784536e+02
1.9026700000000001e+00 1.4854962862849433e+02 -2.5595011024150139e+02
1.9036666666666668e+00 1.4880488440705284e+02 -2.5626884338753757e+02
1.9046633333333336e+00 1.4906045801469836e+02 -2.5658789436261821e+02
1.9056600000000001e+00 1.4931634976835841e+02 -2.5690726348373556e+02
1.9066566666666669e+00 1.4957255998527674e+02 -2.5722695106805315e+02
1.9076533333333334e+00 1.4982908898301309e+02 -2.5754695743306229e+02
1.9086500000000002e+00 1.5008593707944416e+02 -2.5786728289679564e+02
1.9096466666666669e+00 1.5034310459276352e+02 -2.5818792777743010e+02
1.9106433333333335e+00 1.5060059184148193e+02 -2.5850889239333986e+02
1.9116400000000002e+00 1.5085839914442792e+02 -2.5883017706345692e+02
1.9126366666666668e+00 1.5111652682074782e+02 -2.5915178210696916e+02
1.9136333333333335e+00 1.5137497518990637e+02 -2.5947370784322146e+02
1.9146300000000003e+00 1.5163374457168661e+02 -2.5979595459201579e+02
1.9156266666666668e+00 1.5189283528619060e+02 -2.6011852267360854e+02
1.9166233333333336e+00 1.5215224765383977e+02 -2.6044141240828640e+02
1.9176200000000001e+00 1.5241198199537470e+02 -2.6076462411671992e+02
1.9186166666666669e+00 1.5267203863185605e+02 -2.6108815812007930e+02
1.9196133333333334e+00 1.5293241788466455e+02 -2.6141201473983381e+02
1.9206100000000002e+00 1.5319312007550150e+02 -2.6173619429749544e+02
1.9216066666666669e+00 1.5345414552638883e+02 -2.6206069711513385e+02
1.9226033333333334e+00 1.5371549455966959e+02 -2.6238552351522918e+02
1.9236000000000002e+00 1.5397716749800850e+02 -2.6271067382032095e+02
1.9245966666666667e+00 1.5423916466439167e+02 -2.6303614835331859e+02
1.9255933333333335e+00 1.5450148638212755e+02 -2.6336194743770079e+02
1.9265900000000002e+00 1.5476413297484692e+02 -2.6368807139707889e+02
1.9275866666666668e+00 1.5502710476650313e+02 -2.6401452055525772e+02
1.9285833333333335e+00 1.5529040208137280e+02 -2.6434129523665916e+02
1.9295800000000001e+00 1.5555402524405568e+02 -2.6466839576586091e+02
1.9305766666666668e+00 1.5581797457947545e+02 -2.6499582246772519e+02
1.9315733333333336e+00 1.5608225041287955e+02 -2.6532357566753092e+02
1.9325700000000001e+00 1.5634685306983980e+02 -2.6565165569090823e+02
1.9335666666666669e+00 1.5661178287625285e+02 -2.6598006286364813e+02
1.9345633333333334e+00 1.5687704015834001e+02 -2.6630879751198171e+02
1.9355600000000002e+00 1.5714262524264819e+02 -2.6663785996258196e+02
1.9365566666666669e+00 1.5740853845604977e+02 -2.6696725054221184e+02
1.9375533333333335e+00 1.5767478012574298e+02 -2.6729696957804015e+02
1.9385500000000002e+00 1.5794135057925257e+02 -2.6762701739768318e+02
1.9395466666666668e+00 1.5820825014442968e+02 -2.6795739432905481e+02
1.9405433333333335e+00 1.5847547914945258e+02 -2.6828810070011139e+02
1.9415400000000003e+00 1.5874303792282649e+02 -2.6861913683942618e+02
1.9425366666666668e+00 1.5901092679338436e+02 -2.6895050307609324e+02
1.9435333333333336e+00 1.5927914609028721e+02 -2.6928219973894102e+02
1.9445300000000001e+00 1.5954769614302390e+02 -2.6961422715749410e+02
1.9455266666666668e+00 1.5981657728141221e+02 -2.6994658566181869e+02
1.9465233333333336e+00 1.6008578983559866e+02 -2.7027927558185854e+02
1.9475200000000001e+00 1.6035533413605884e+02 -2.7061229724803218e+02
1.9485166666666669e+00 1.6062521051359815e+02 -2.7094565099134974e+02
1.9495133333333334e+00 1.6089541929935166e+02 -2.7127933714287650e+02
1.9505100000000002e+00 1.6116596082478480e+02 -2.7161335603394696e+02
1.9515066666666669e+00 1.6143683542169333e+02 -2.7194770799647273e+02
1.9525033333333335e+00 1.6170804342220390e+02 -2.7228239336262629e+02
1.9535000000000002e+00 1.6197958515877460e+02 -2.7261741246478647e+02
1.9544966666666668e+00 1.6225146096419462e+02 -2.7295276563568666e+02
1.9554933333333335e+00 1.6252367117158536e+02 -2.7328845320854322e+02
1.9564900000000003e+00 1.6279621611440018e+02 -2.7362447551682288e+02
1.9574866666666668e+00 1.6306909612642499e+02 -2.7396083289423700e+02
1.9584833333333336e+00 1.6334231154177868e+02 -2.7429752567497565e+02
1.9594800000000001e+00 1.6361586269491309e+02 -2.7463455419345468e+02
1.9604766666666669e+00 1.6388974992061378e+02 -2.7497191878444676e+02
1.9614733333333334e+00 1.6416397355399988e+02 -2.7530961978305214e+02
1.9624700000000002e+00 1.6443853393052498e+02 -2.7564765752481100e+02
1.9634666666666669e+00 1.6471343138597703e+02 -2.7598603234545817e+02
1.9644633333333335e+00 1.6498866625647869e+02 -2.7632474458101382e+02
1.9654600000000002e+00 1.6526423887848804e+02 -2.7666379456814917e+02
1.9664566666666667e+00 1.6554014958879853e+02 -2.7700318264357600e+02
1.9674533333333335e+00 1.6581639872453951e+02 -2.7734290914427436e+02
1.9684500000000003e+00 1.6609298662317636e+02 -2.7768297440787541e+02
1.9694466666666668e+00 1.6636991362251106e+02 -2.7802337877221026e+02
1.9704433333333335e+00 1.6664718006068259e+02 -2.7836412257530475e+02
1.9714400000000001e+00 1.6692478627616677e+02 -2.7870520615556700e+02
1.9724366666666668e+00 1.6720273260777725e+02 -2.7904662985201600e+02
1.9734333333333336e+00 1.6748101939466540e+02 -2.7938839400375264e+02
1.9744300000000001e+00 1.6775964697632068e+02 -2.7973049895007534e+02
1.9754266666666669e+00 1.6803861569257128e+02 -2.8007294503102071e+02
1.9764233333333334e+00 1.6831792588358411e+02 -2.8041573258676516e+02
1.9774200000000002e+00 1.6859757788986545e+02 -2.8075886195765372e+02
1.9784166666666669e+00 1.6887757205226086e+02 -2.8110233348459775e+02
1.9794133333333335e+00 1.6915790871195591e+02 -2.8144614750889212e+02
1.9804100000000002e+00 1.6943858821047655e+02 -2.8179030437195655e+02
1.9814066666666668e+00 1.6971961088968897e+02 -2.8213480441557846e+02
1.9824033333333335e+00 1.7000097709180051e+02 -2.8247964798212718e+02
1.9834000000000003e+00 1.7028268715935965e+02 -2.8282483541411233e+02
1.9843966666666668e+00 1.7056474143525637e+02 -2.8317036705429604e+02
1.9853933333333336e+00 1.7084714026272275e+02 -2.8351624324608031e+02
1.9863900000000001e+00 1.7112988398533298e+02 -2.8386246433304950e+02
1.9873866666666669e+00 1.7141297294700402e+02 -2.8420903065892713e+02
1.9883833333333336e+00 1.7169640749199550e+02 -2.8455594256807643e+02
1.9893800000000001e+00 1.7198018796491047e+02 -2.8490320040518463e+02
1.9903766666666669e+00 1.7226431471069577e+02 -2.8525080451507949e+02
1.9913733333333334e+00 1.7254878807464189e+02 -2.8559875524307040e+02
1.9923700000000002e+00 1.7283360840238393e+02 -2.8594705293487681e+02
1.9933666666666670e+00 1.7311877603990149e+02 -2.8629569793643162e+02
1.9943633333333335e+00 1.7340429133351910e+02 -2.8664469059396077e+02
1.9953600000000002e+00 1.7369015462990683e+02 -2.8699403125427415e+02
1.9963566666666668e+00 1.7397636627608026e+02 -2.8734372026440656e+02
1.9973533333333335e+00 1.7426292661940118e+02 -2.8769375797153555e+02
1.9983500000000001e+00 1.7454983600757748e+02 -2.8804414472345087e+02
1.9993466666666668e+00 1.7483709478866407e+02 -2.8839488086831420e+02
2.0003433333333334e+00 1.7512470331106272e+02 -2.8874596675447543e+02
2.0013399999999999e+00 1.7541266192352276e+02 -2.8909740273062289e+02
2.0023366666666669e+00 1.7570097097514130e+02 -2.8944918914587709e+02
2.0033333333333334e+00 1.7598963081536326e+02 -2.8980132634973944e+02
2.0043299999999999e+00 1.7627864179398230e+02 -2.9015381469191720e+02
2.0053266666666669e+00 1.7656800426114094e+02 -2.9050665452259011e+02
2.0063233333333335e+00 1.7685771856733047e+02 -2.9085984619227202e+02
2.0073200000000000e+00 1.7714778506339206e+02 -2.9121339005178925e+02
2.0083166666666665e+00 1.7743820410051657e+02 -2.9156728645232556e+02
2.0093133333333335e+00 1.7772897603024521e+02 -2.9192153574542272e+02
2.0103100000000000e+00 1.7802010120446931e+02 -2.9227613828297780e+02
2.0113066666666666e+00 1.7831157997543156e+02 -2.9263109441722787e+02
2.0123033333333331e+00 1.7860341269572567e+02 -2.9298640450079671e+02
2.0133000000000001e+00 1.7889559971829712e+02 -2.9334206888656740e+02
2.0142966666666666e+00 1.7918814139644294e+02 -2.9369808792789087e+02
2.0152933333333332e+00 1.7948103808381288e+02 -2.9405446197842133e+02
2.0162900000000001e+00 1.7977429013440928e+02 -2.9441119139209127e+02
2.0172866666666667e+00 1.8006789790258711e+02 -2.9476827652332116e+02
2.0182833333333332e+00 1.8036186174305504e+02 -2.9512571772679973e+02
2.0192799999999997e+00 1.8065618201087540e+02 -2.9548351535760304e+02
2.0202766666666667e+00 1.8095085906146466e+02 -2.9584166977113910e+02
2.0212733333333333e+00 1.8124589325059327e+02 -2.9620018132316847e+02
2.0222699999999998e+00 1.8154128493438691e+02 -2.9655905036982455e+02
2.0232666666666668e+00 1.8183703446932631e+02 -2.9691827726757953e+02
2.0242633333333333e+00 1.8213314221224729e+02 -2.9727786237326370e+02
2.0252599999999998e+00 1.8242960852034190e+02 -2.9763780604407884e+02
2.0262566666666668e+00 1.8272643375115840e+02 -2.9799810863763884e+02
2.0272533333333334e+00 1.8302361826260113e+02 -2.9835877051172918e+02
2.0282499999999999e+00 1.8332116241293173e+02 -2.9871979202467242e+02
2.0292466666666664e+00 1.8361906656076897e+02 -2.9908117353509550e+02
2.0302433333333334e+00 1.8391733106508937e+02 -2.9944291540195792e+02
2.0312399999999999e+00 1.8421595628522698e+02 -2.9980501798462785e+02
2.0322366666666665e+00 1.8451485911918928e+02 -3.0000000000000000e+02
2.0332333333333334e+00 1.8481385911918937e+02 -3.0000000000000000e+02
2.0342300000000000e+00 1.8511285911918932e+02 -3.0000000000000000e+02
2.0352266666666665e+00 1.8541185911918927e+02 -3.0000000000000000e+02
2.0362233333333335e+00 1.8571085911918937e+02 -3.0000000000000000e+02
2.0372200000000000e+00 1.8600985911918931e+02 -3.0000000000000000e+02
2.0382166666666666e+00 1.8630885911918926e+02 -3.0000000000000000e+02
2.0392133333333331e+00 1.8660785911918921e+02 -3.0000000000000000e+02
2.0402100000000001e+00 1.8690685911918931e+02 -3.0000000000000000e+02
2.0412066666666666e+00 1.8720585911918926e+02 -3.0000000000000000e+02
2.0422033333333331e+00 1.8750485911918921e+02 -3.0000000000000000e+02
2.0432000000000001e+00 1.8780385911918930e+02 -3.0000000000000000e+02
2.0441966666666667e+00 1.8810285911918925e+02 -3.0000000000000000e+02
2.0451933333333332e+00 1.8840185911918920e+02 -3.0000000000000000e+02
2.0461900000000002e+00 1.8870085911918929e+02 -3.0000000000000000e+02
2.0471866666666667e+00 1.8899985911918924e+02 -3.0000000000000000e+02
2.0481833333333332e+00 1.8929885911918919e+02 -3.0000000000000000e+02
2.0491799999999998e+00 1.8959785911918914e+02 -3.0000000000000000e+02
2.0501766666666668e+00 1.8989685911918923e+02 -3.0000000000000000e+02
2.0511733333333333e+00 1.9019585911918918e+02 -3.0000000000000000e+02
2.0521699999999998e+00 1.9049485911918913e+02 -3.0000000000000000e+02
2.0531666666666668e+00 1.9079385911918922e+02 -3.0000000000000000e+02
2.0541633333333333e+00 1.9109285911918917e+02 -3.0000000000000000e+02
2.0551599999999999e+00 1.9139185911918912e+02 -3.0000000000000000e+02
2.0561566666666664e+00 1.9169085911918907e+02 -3.0000000000000000e+02
2.0571533333333334e+00 1.9198985911918916e+02 -3.0000000000000000e+02
2.0581499999999999e+00 1.9228885911918911e+02 -3.0000000000000000e+02
2.0591466666666665e+00 1.9258785911918906e+02 -3.0000000000000000e+02
2.0601433333333334e+00 1.9288685911918915e+02 -3.0000000000000000e+02
2.0611400000000000e+00 1.9318585911918910e+02 -3.0000000000000000e+02
2.0621366666666665e+00 1.9348485911918905e+02 -3.0000000000000000e+02
2.0631333333333335e+00 1.9378385911918915e+02 -3.0000000000000000e+02
2.0641300000000000e+00 1.9408285911918910e+02 -3.0000000000000000e+02
2.0651266666666666e+00 1.9438185911918904e+02 -3.0000000000000000e+02
2.0661233333333331e+00 1.9468085911918899e+02 -3.0000000000000000e+02
2.0671200000000001e+00 1.9497985911918909e+02 -3.0000000000000000e+02
2.0681166666666666e+00 1.9527885911918904e+02 -3.0000000000000000e+02
2.0691133333333331e+00 1.9557785911918899e+02 -3.0000000000000000e+02
2.0701100000000001e+00 1.9587685911918908e+02 -3.0000000000000000e+02
2.0711066666666667e+00 1.9617585911918903e+02 -3.0000000000000000e+02
2.0721033333333332e+00 1.9647485911918898e+02 -3.0000000000000000e+02
2.0731000000000002e+00 1.9677385911918907e+02 -3.0000000000000000e+02
2.0740966666666667e+00 1.9707285911918902e+02 -3.0000000000000000e+02
2.0750933333333332e+00 1.9737185911918897e+02 -3.0000000000000000e+02
2.0760899999999998e+00 1.9767085911918892e+02 -3.0000000000000000e+02
2.0770866666666667e+00 1.9796985911918901e+02 -3.0000000000000000e+02
2.0780833333333333e+00 1.9826885911918896e+02 -3.0000000000000000e+02
2.0790799999999998e+00 1.9856785911918891e+02 -3.0000000000000000e+02
2.0800766666666668e+00 1.9886685911918900e+02 -3.0000000000000000e+02
2.0810733333333333e+00 1.9916585911918895e+02 -3.0000000000000000e+02
2.0820699999999999e+00 1.9946485911918890e+02 -3.0000000000000000e+02
2.0830666666666668e+00 1.9976385911918899e+02 -3.0000000000000000e+02
2.0840633333333334e+00 2.0006285911918894e+02 -3.0000000000000000e+02
2.0850599999999999e+00 2.0036185911918889e+02 -3.0000000000000000e+02
2.0860566666666664e+00 2.0066085911918884e+02 -3.0000000000000000e+02
2.0870533333333334e+00 2.0095985911918893e+02 -3.0000000000000000e+02
2.0880500000000000e+00 2.0125885911918888e+02 -3.0000000000000000e+02
2.0890466666666665e+00 2.0155785911918883e+02 -3.0000000000000000e+02
2.0900433333333335e+00 2.0185685911918893e+02 -3.0000000000000000e+02
2.0910400000000000e+00 2.0215585911918888e+02 -3.0000000000000000e+02
2.0920366666666665e+00 2.0245485911918882e+02 -3.0000000000000000e+02
2.0930333333333331e+00 2.0275385911918877e+02 -3.0000000000000000e+02
2.0940300000000001e+00 2.0305285911918887e+02 -3.0000000000000000e+02
2.0950266666666666e+00 2.0335185911918882e+02 -3.0000000000000000e+02
2.0960233333333331e+00 2.0365085911918877e+02 -3.0000000000000000e+02
2.0970200000000001e+00 2.0394985911918886e+02 -3.0000000000000000e+02
2.0980166666666666e+00 2.0424885911918881e+02 -3.0000000000000000e+02
2.0990133333333332e+00 2.0454785911918876e+02 -3.0000000000000000e+02
2.1000100000000002e+00 2.0484685911918885e+02 -3.0000000000000000e+02
2.1010066666666667e+00 2.0514585911918880e+02 -3.0000000000000000e+02
2.1020033333333332e+00 2.0544485911918875e+02 -3.0000000000000000e+02
2.1029999999999998e+00 2.0574385911918870e+02 -3.0000000000000000e+02
2.1039966666666667e+00 2.0604285911918879e+02 -3.0000000000000000e+02
2.1049933333333333e+00 2.0634185911918874e+02 -3.0000000000000000e+02
2.1059899999999998e+00 2.0664085911918869e+02 -3.0000000000000000e+02
2.1069866666666668e+00 2.0693985911918878e+02 -3.0000000000000000e+02
2.1079833333333333e+00 2.0723885911918873e+02 -3.0000000000000000e+02
2.1089799999999999e+00 2.0753785911918868e+02 -3.0000000000000000e+02
2.1099766666666668e+00 2.0783685911918877e+02 -3.0000000000000000e+02
2.1109733333333334e+00 2.0813585911918872e+02 -3.0000000000000000e+02
2.1119699999999999e+00 2.0843485911918867e+02 -3.0000000000000000e+02
2.1129666666666664e+00 2.0873385911918862e+02 -3.0000000000000000e+02
2.1139633333333334e+00 2.0903285911918871e+02 -3.0000000000000000e+02
2.1149600000000000e+00 2.0933185911918866e+02 -3.0000000000000000e+02
2.1159566666666665e+00 2.0963085911918861e+02 -3.0000000000000000e+02
2.1169533333333335e+00 2.0992985911918871e+02 -3.0000000000000000e+02
2.1179500000000000e+00 2.1022885911918866e+02 -3.0000000000000000e+02
2.1189466666666665e+00 2.1052785911918861e+02 -3.0000000000000000e+02
2.1199433333333335e+00 2.1082685911918870e+02 -3.0000000000000000e+02
2.1209400000000000e+00 2.1112585911918865e+02 -3.0000000000000000e+02
2.1219366666666666e+00 2.1142485911918860e+02 -3.0000000000000000e+02
2.1229333333333331e+00 2.1172385911918855e+02 -3.0000000000000000e+02
2.1239300000000001e+00 2.1202285911918864e+02 -3.0000000000000000e+02
2.1249266666666666e+00 2.1232185911918859e+02 -3.0000000000000000e+02
2.1259233333333332e+00 2.1262085911918854e+02 -3.0000000000000000e+02
2.1269200000000001e+00 2.1291985911918863e+02 -3.0000000000000000e+02
2.1279166666666667e+00 2.1321885911918858e+02 -3.0000000000000000e+02
2.1289133333333332e+00 2.1351785911918853e+02 -3.0000000000000000e+02
2.1299099999999997e+00 2.1381685911918848e+02 -3.0000000000000000e+02
2.1309066666666667e+00 2.1411585911918857e+02 -3.0000000000000000e+02
2.1319033333333333e+00 2.1441485911918852e+02 -3.0000000000000000e+02
2.1328999999999998e+00 2.1471385911918847e+02 -3.0000000000000000e+02
2.1338966666666668e+00 2.1501285911918856e+02 -3.0000000000000000e+02
2.1348933333333333e+00 2.1531185911918851e+02 -3.0000000000000000e+02
2.1358899999999998e+00 2.1561085911918846e+02 -3.0000000000000000e+02
2.1368866666666668e+00 2.1590985911918855e+02 -3.0000000000000000e+02
2.1378833333333334e+00 2.1620885911918850e+02 -3.0000000000000000e+02
2.1388799999999999e+00 2.1650785911918845e+02 -3.0000000000000000e+02
2.1398766666666664e+00 2.1680685911918840e+02 -3.0000000000000000e+02
2.1408733333333334e+00 2.1710585911918849e+02 -3.0000000000000000e+02
2.1418699999999999e+00 2.1740485911918844e+02 -3.0000000000000000e+02
2.1428666666666665e+00 2.1770385911918839e+02 -3.0000000000000000e+02
2.1438633333333335e+00 2.1800285911918849e+02 -3.0000000000000000e+02
2.1448600000000000e+00 2.1830185911918844e+02 -3.0000000000000000e+02
2.1458566666666665e+00 2.1860085911918839e+02 -3.0000000000000000e+02
2.1468533333333335e+00 2.1889985911918848e+02 -3.0000000000000000e+02
2.1478500000000000e+00 2.1919885911918843e+02 -3.0000000000000000e+02
2.1488466666666666e+00 2.1949785911918838e+02 -3.0000000000000000e+02
2.1498433333333331e+00 2.1979685911918833e+02 -3.0000000000000000e+02
2.1508400000000001e+00 2.2009585911918842e+02 -3.0000000000000000e+02
2.1518366666666666e+00 2.2039485911918837e+02 -3.0000000000000000e+02
2.1528333333333332e+00 2.2069385911918832e+02 -3.0000000000000000e+02
2.1538300000000001e+00 2.2099285911918841e+02 -3.0000000000000000e+02
2.1548266666666667e+00 2.2129185911918836e+02 -3.0000000000000000e+02
2.1558233333333332e+00 2.2159085911918831e+02 -3.0000000000000000e+02
2.1568200000000002e+00 2.2188985911918840e+02 -3.0000000000000000e+02
2.1578166666666667e+00 2.2218885911918835e+02 -3.0000000000000000e+02
2.1588133333333333e+00 2.2248785911918830e+02 -3.0000000000000000e+02
2.1598099999999998e+00 2.2278685911918825e+02 -3.0000000000000000e+02
2.1608066666666668e+00 2.2308585911918834e+02 -3.0000000000000000e+02
2.1618033333333333e+00 2.2338485911918829e+02 -3.0000000000000000e+02
2.1627999999999998e+00 2.2368385911918824e+02 -3.0000000000000000e+02
2.1637966666666668e+00 2.2398285911918833e+02 -3.0000000000000000e+02
2.1647933333333333e+00 2.2428185911918828e+02 -3.0000000000000000e+02
2.1657899999999999e+00 2.2458085911918823e+02 -3.0000000000000000e+02
2.1667866666666664e+00 2.2487985911918818e+02 -3.0000000000000000e+02
2.1677833333333334e+00 2.2517885911918827e+02 -3.0000000000000000e+02
2.1687799999999999e+00 2.2547785911918822e+02 -3.0000000000000000e+02
2.1697766666666665e+00 2.2577685911918817e+02 -3.0000000000000000e+02
2.1707733333333334e+00 2.2607585911918827e+02 -3.0000000000000000e+02
2.1717700000000000e+00 2.2637485911918822e+02 -3.0000000000000000e+02
2.1727666666666665e+00 2.2667385911918817e+02 -3.0000000000000000e+02
2.1737633333333335e+00 2.2697285911918826e+02 -3.0000000000000000e+02
2.1747600000000000e+00 2.2727185911918821e+02 -3.0000000000000000e+02
2.1757566666666666e+00 2.2757085911918816e+02 -3.0000000000000000e+02
2.1767533333333331e+00 2.2786985911918811e+02 -3.0000000000000000e+02
2.1777500000000001e+00 2.2816885911918820e+02 -3.0000000000000000e+02
2.1787466666666666e+00 2.2846785911918815e+02 -3.0000000000000000e+02
2.1797433333333331e+00 2.2876685911918810e+02 -3.0000000000000000e+02
2.1807400000000001e+00 2.2906585911918819e+02 -3.0000000000000000e+02
2.1817366666666667e+00 2.2936485911918814e+02 -3.0000000000000000e+02
2.1827333333333332e+00 2.2966385911918809e+02 -3.0000000000000000e+02
2.1837300000000002e+00 2.2996285911918818e+02 -3.0000000000000000e+02
2.1847266666666667e+00 2.3026185911918813e+02 -3.0000000000000000e+02
2.1857233333333332e+00 2.3056085911918808e+02 -3.0000000000000000e+02
2.1867199999999998e+00 2.3085985911918803e+02 -3.0000000000000000e+02
2.1877166666666668e+00 2.3115885911918812e+02 -3.0000000000000000e+02
2.1887133333333333e+00 2.3145785911918807e+02 -3.0000000000000000e+02
2.1897099999999998e+00 2.3175685911918802e+02 -3.0000000000000000e+02
2.1907066666666668e+00 2.3205585911918811e+02 -3.0000000000000000e+02
2.1917033333333333e+00 2.3235485911918806e+02 -3.0000000000000000e+02
2.1926999999999999e+00 2.3265385911918801e+02 -3.0000000000000000e+02
2.1936966666666669e+00 2.3295285911918810e+02 -3.0000000000000000e+02
2.1946933333333334e+00 2.3325185911918805e+02 -3.0000000000000000e+02
2.1956899999999999e+00 2.3355085911918800e+02 -3.0000000000000000e+02
2.1966866666666665e+00 2.3384985911918795e+02 -3.0000000000000000e+02
2.1976833333333334e+00 2.3414885911918805e+02 -3.0000000000000000e+02
2.1986800000000000e+00 2.3444785911918800e+02 -3.0000000000000000e+02
2.1996766666666665e+00 2.3474685911918795e+02 -3.0000000000000000e+02
2.2006733333333335e+00 2.3504585911918804e+02 -3.0000000000000000e+02
2.2016700000000000e+00 2.3534485911918799e+02 -3.0000000000000000e+02
2.2026666666666666e+00 2.3564385911918794e+02 -3.0000000000000000e+02
2.2036633333333331e+00 2.3594285911918789e+02 -3.0000000000000000e+02
2.2046600000000001e+00 2.3624185911918798e+02 -3.0000000000000000e+02
2.2056566666666666e+00 2.3654085911918793e+02 -3.0000000000000000e+02
2.2066533333333331e+00 2.3683985911918788e+02 -3.0000000000000000e+02
2.2076500000000001e+00 2.3713885911918797e+02 -3.0000000000000000e+02
2.2086466666666666e+00 2.3743785911918792e+02 -3.0000000000000000e+02
2.2096433333333332e+00 2.3773685911918787e+02 -3.0000000000000000e+02
2.2106400000000002e+00 2.3803585911918796e+02 -3.0000000000000000e+02
2.2116366666666667e+00 2.3833485911918791e+02 -3.0000000000000000e+02
2.2126333333333332e+00 2.3863385911918786e+02 -3.0000000000000000e+02
2.2136299999999998e+00 2.3893285911918781e+02 -3.0000000000000000e+02
2.2146266666666667e+00 2.3923185911918790e+02 -3.0000000000000000e+02
2.2156233333333333e+00 2.3953085911918785e+02 -3.0000000000000000e+02
2.2166199999999998e+00 2.3982985911918780e+02 -3.0000000000000000e+02
2.2176166666666668e+00 2.4012885911918789e+02 -3.0000000000000000e+02
2.2186133333333333e+00 2.4042785911918784e+02 -3.0000000000000000e+02
2.2196099999999999e+00 2.4072685911918779e+02 -3.0000000000000000e+02
2.2206066666666668e+00 2.4102585911918788e+02 -3.0000000000000000e+02
2.2216033333333334e+00 2.4132485911918783e+02 -3.0000000000000000e+02
2.2225999999999999e+00 2.4162385911918778e+02 -3.0000000000000000e+02
2.2235966666666664e+00 2.4192285911918773e+02 -3.0000000000000000e+02
2.2245933333333334e+00 2.4222185911918783e+02 -3.0000000000000000e+02
2.2255900000000000e+00 2.4252085911918778e+02 -3.0000000000000000e+02
2.2265866666666665e+00 2.4281985911918773e+02 -3.0000000000000000e+02
2.2275833333333335e+00 2.4311885911918782e+02 -3.0000000000000000e+02
2.2285800000000000e+00 2.4341785911918777e+02 -3.0000000000000000e+02
2.2295766666666665e+00 2.4371685911918772e+02 -3.0000000000000000e+02
2.2305733333333335e+00 2.4401585911918781e+02 -3.0000000000000000e+02
2.2315700000000001e+00 2.4431485911918776e+02 -3.0000000000000000e+02
2.2325666666666666e+00 2.4461385911918771e+02 -3.0000000000000000e+02
2.2335633333333331e+00 2.4491285911918766e+02 -3.0000000000000000e+02
2.2345600000000001e+00 2.4521185911918775e+02 -3.0000000000000000e+02
2.2355566666666666e+00 2.4551085911918770e+02 -3.0000000000000000e+02
2.2365533333333332e+00 2.4580985911918765e+02 -3.0000000000000000e+02
2.2375500000000001e+00 2.4610885911918774e+02 -3.0000000000000000e+02
2.2385466666666667e+00 2.4640785911918769e+02 -3.0000000000000000e+02
2.2395433333333332e+00 2.4670685911918764e+02 -3.0000000000000000e+02
2.2405399999999998e+00 2.4700585911918759e+02 -3.0000000000000000e+02
2.2415366666666667e+00 2.4730485911918768e+02 -3.0000000000000000e+02
2.2425333333333333e+00 2.4760385911918763e+02 -3.0000000000000000e+02
2.2435299999999998e+00 2.4790285911918758e+02 -3.0000000000000000e+02
2.2445266666666668e+00 2.4820185911918767e+02 -3.0000000000000000e+02
2.2455233333333333e+00 2.4850085911918762e+02 -3.0000000000000000e+02
2.2465199999999999e+00 2.4879985911918757e+02 -3.0000000000000000e+02
2.2475166666666668e+00 2.4909885911918767e+02 -3.0000000000000000e+02
2.2485133333333334e+00 2.4939785911918761e+02 -3.0000000000000000e+02
2.2495099999999999e+00 2.4969685911918756e+02 -3.0000000000000000e+02
2.2505066666666664e+00 2.4999585911918751e+02 -3.0000000000000000e+02
2.2515033333333334e+00 2.5029485911918761e+02 -3.0000000000000000e+02
2.2524999999999999e+00 2.5059385911918756e+02 -3.0000000000000000e+02
2.2534966666666665e+00 2.5089285911918751e+02 -3.0000000000000000e+02
2.2544933333333335e+00 2.5119185911918760e+02 -3.0000000000000000e+02
2.2554900000000000e+00 2.5149085911918755e+02 -3.0000000000000000e+02
2.2564866666666665e+00 2.5178985911918750e+02 -3.0000000000000000e+02
2.2574833333333335e+00 2.5208885911918759e+02 -3.0000000000000000e+02
2.2584800000000000e+00 2.5238785911918754e+02 -3.0000000000000000e+02
2.2594766666666666e+00 2.5268685911918749e+02 -3.0000000000000000e+02
2.2604733333333331e+00 2.5298585911918744e+02 -3.0000000000000000e+02
2.2614700000000001e+00 2.5328485911918753e+02 -3.0000000000000000e+02
2.2624666666666666e+00 2.5358385911918748e+02 -3.0000000000000000e+02
2.2634633333333332e+00 2.5388285911918743e+02 -3.0000000000000000e+02
2.2644600000000001e+00 2.5418185911918752e+02 -3.0000000000000000e+02
2.2654566666666667e+00 2.5448085911918747e+02 -3.0000000000000000e+02
2.2664533333333332e+00 2.5477985911918742e+02 -3.0000000000000000e+02
2.2674500000000002e+00 2.5507885911918751e+02 -3.0000000000000000e+02
2.2684466666666667e+00 2.5537785911918746e+02 -3.0000000000000000e+02
2.2694433333333333e+00 2.5567685911918741e+02 -3.0000000000000000e+02
2.2704399999999998e+00 2.5597585911918736e+02 -3.0000000000000000e+02
2.2714366666666668e+00 2.5627485911918745e+02 -3.0000000000000000e+02
2.2724333333333333e+00 2.5657385911918743e+02 -3.0000000000000000e+02
2.2734299999999998e+00 2.5687285911918741e+02 -3.0000000000000000e+02
2.2744266666666668e+00 2.5717185911918750e+02 -3.0000000000000000e+02
2.2754233333333334e+00 2.5747085911918748e+02 -3.0000000000000000e+02
2.2764199999999999e+00 2.5776985911918746e+02 -3.0000000000000000e+02
2.2774166666666669e+00 2.5806885911918755e+02 -3.0000000000000000e+02
2.2784133333333334e+00 2.5836785911918753e+02 -3.0000000000000000e+02
2.2794099999999999e+00 2.5866685911918751e+02 -3.0000000000000000e+02
2.2804066666666665e+00 2.5896585911918748e+02 -3.0000000000000000e+02
2.2814033333333334e+00 2.5926485911918758e+02 -3.0000000000000000e+02
2.2824000000000000e+00 2.5956385911918755e+02 -3.0000000000000000e+02
2.2833966666666665e+00 2.5986285911918753e+02 -3.0000000000000000e+02
2.2843933333333335e+00 2.6016185911918762e+02 -3.0000000000000000e+02
2.2853900000000000e+00 2.6046085911918760e+02 -3.0000000000000000e+02
2.2863866666666666e+00 2.6075985911918758e+02 -3.0000000000000000e+02
2.2873833333333331e+00 2.6105885911918756e+02 -3.0000000000000000e+02
2.2883800000000001e+00 2.6135785911918765e+02 -3.0000000000000000e+02
2.2893766666666666e+00 2.6165685911918763e+02 -3.0000000000000000e+02
2.2903733333333332e+00 2.6195585911918761e+02 -3.0000000000000000e+02
2.2913700000000001e+00 2.6225485911918770e+02 -3.0000000000000000e+02
2.2923666666666667e+00 2.6255385911918768e+02 -3.0000000000000000e+02
2.2933633333333332e+00 2.6285285911918766e+02 -3.0000000000000000e+02
2.2943600000000002e+00 2.6315185911918775e+02 -3.0000000000000000e+02
2.2953566666666667e+00 2.6345085911918773e+02 -3.0000000000000000e+02
2.2963533333333332e+00 2.6374985911918770e+02 -3.0000000000000000e+02
2.2973499999999998e+00 2.6404885911918768e+02 -3.0000000000000000e+02
2.2983466666666668e+00 2.6434785911918777e+02 -3.0000000000000000e+02
2.2993433333333333e+00 2.6464685911918775e+02 -3.0000000000000000e+02
2.3003399999999998e+00 2.6494585911918773e+02 -3.0000000000000000e+02
2.3013366666666668e+00 2.6524485911918782e+02 -3.0000000000000000e+02
2.3023333333333333e+00 2.6554385911918780e+02 -3.0000000000000000e+02
2.3033299999999999e+00 2.6584285911918778e+02 -3.0000000000000000e+02
2.3043266666666669e+00 2.6614185911918787e+02 -3.0000000000000000e+02
2.3053233333333334e+00 2.6644085911918785e+02 -3.0000000000000000e+02
2.3063199999999999e+00 2.6673985911918783e+02 -3.0000000000000000e+02
2.3073166666666665e+00 2.6703885911918780e+02 -3.0000000000000000e+02
2.3083133333333334e+00 2.6733785911918790e+02 -3.0000000000000000e+02
2.3093100000000000e+00 2.6763685911918787e+02 -3.0000000000000000e+02
2.3103066666666665e+00 2.6793585911918785e+02 -3.0000000000000000e+02
2.3113033333333335e+00 2.6823485911918794e+02 -3.0000000000000000e+02
2.3123000000000000e+00 2.6853385911918792e+02 -3.0000000000000000e+02
2.3132966666666666e+00 2.6883285911918790e+02 -3.0000000000000000e+02
2.3142933333333335e+00 2.6913185911918799e+02 -3.0000000000000000e+02
2.3152900000000001e+00 2.6943085911918797e+02 -3.0000000000000000e+02
2.3162866666666666e+00 2.6972985911918795e+02 -3.0000000000000000e+02
2.3172833333333331e+00 2.7002885911918793e+02 -3.0000000000000000e+02
2.3182800000000001e+00 2.7032785911918802e+02 -3.0000000000000000e+02
2.3192766666666667e+00 2.7062685911918800e+02 -3.0000000000000000e+02
2.3202733333333332e+00 2.7092585911918798e+02 -3.0000000000000000e+02
2.3212700000000002e+00 2.7122485911918807e+02 -3.0000000000000000e+02
2.3222666666666667e+00 2.7152385911918805e+02 -3.0000000000000000e+02
2.3232633333333332e+00 2.7182285911918802e+02 -3.0000000000000000e+02
2.3242599999999998e+00 2.7212185911918800e+02 -3.0000000000000000e+02
2.3252566666666667e+00 2.7242085911918809e+02 -3.0000000000000000e+02
2.3262533333333333e+00 2.7271985911918807e+02 -3.0000000000000000e+02
2.3272499999999998e+00 2.7301885911918805e+02 -3.0000000000000000e+02
2.3282466666666668e+00 2.7331785911918814e+02 -3.0000000000000000e+02
2.3292433333333333e+00 2.7361685911918812e+02 -3.0000000000000000e+02
2.3302399999999999e+00 2.7391585911918810e+02 -3.0000000000000000e+02
2.3312366666666668e+00 2.7421485911918819e+02 -3.0000000000000000e+02
2.3322333333333334e+00 2.7451385911918817e+02 -3.0000000000000000e+02
2.3332299999999999e+00 2.7481285911918815e+02 -3.0000000000000000e+02
2.3342266666666664e+00 2.7511185911918813e+02 -3.0000000000000000e+02
2.3352233333333334e+00 2.7541085911918822e+02 -3.0000000000000000e+02
2.3362200000000000e+00 2.7570985911918820e+02 -3.0000000000000000e+02
2.3372166666666665e+00 2.7600885911918817e+02 -3.0000000000000000e+02
2.3382133333333335e+00 2.7630785911918827e+02 -3.0000000000000000e+02
2.3392100000000000e+00 2.7660685911918824e+02 -3.0000000000000000e+02
2.3402066666666665e+00 2.7690585911918822e+02 -3.0000000000000000e+02
2.3412033333333335e+00 2.7720485911918831e+02 -3.0000000000000000e+02
2.3422000000000001e+00 2.7750385911918829e+02 -3.0000000000000000e+02
2.3431966666666666e+00 2.7780285911918827e+02 -3.0000000000000000e+02
2.3441933333333331e+00 2.7810185911918825e+02 -3.0000000000000000e+02
2.3451900000000001e+00 2.7840085911918834e+02 -3.0000000000000000e+02
2.3461866666666666e+00 2.7869985911918832e+02 -3.0000000000000000e+02
2.3471833333333332e+00 2.7899885911918830e+02 -3.0000000000000000e+02
2.3481800000000002e+00 2.7929785911918839e+02 -3.0000000000000000e+02
2.3491766666666667e+00 2.7959685911918837e+02 -3.0000000000000000e+02
2.3501733333333332e+00 2.7989585911918834e+02 -3.0000000000000000e+02
2.3511700000000002e+00 2.8019485911918844e+02 -3.0000000000000000e+02
2.3521666666666667e+00 2.8049385911918841e+02 -3.0000000000000000e+02
2.3531633333333333e+00 2.8079285911918839e+02 -3.0000000000000000e+02
2.3541599999999998e+00 2.8109185911918837e+02 -3.0000000000000000e+02
2.3551566666666668e+00 2.8139085911918846e+02 -3.0000000000000000e+02
2.3561533333333333e+00 2.8168985911918844e+02 -3.0000000000000000e+02
2.3571499999999999e+00 2.8198885911918842e+02 -3.0000000000000000e+02
2.3581466666666668e+00 2.8228785911918851e+02 -3.0000000000000000e+02
2.3591433333333334e+00 2.8258685911918849e+02 -3.0000000000000000e+02
2.3601399999999999e+00 2.8288585911918847e+02 -3.0000000000000000e+02
2.3611366666666664e+00 2.8318485911918845e+02 -3.0000000000000000e+02
2.3621333333333334e+00 2.8348385911918854e+02 -3.0000000000000000e+02
2.3631300000000000e+00 2.8378285911918852e+02 -3.0000000000000000e+02
2.3641266666666665e+00 2.8408185911918849e+02 -3.0000000000000000e+02
2.3651233333333335e+00 2.8438085911918859e+02 -3.0000000000000000e+02
2.3661200000000000e+00 2.8467985911918856e+02 -3.0000000000000000e+02
2.3671166666666665e+00 2.8497885911918854e+02 -3.0000000000000000e+02
2.3681133333333335e+00 2.8527785911918863e+02 -3.0000000000000000e+02
2.3691100000000000e+00 2.8557685911918861e+02 -3.0000000000000000e+02
2.3701066666666666e+00 2.8587585911918859e+02 -3.0000000000000000e+02
2.3711033333333331e+00 2.8617485911918857e+02 -3.0000000000000000e+02
2.3721000000000001e+00 2.8647385911918866e+02 -3.0000000000000000e+02
2.3730966666666666e+00 2.8677285911918864e+02 -3.0000000000000000e+02
2.3740933333333332e+00 2.8707185911918862e+02 -3.0000000000000000e+02
2.3750900000000001e+00 2.8737085911918871e+02 -3.0000000000000000e+02
2.3760866666666667e+00 2.8766985911918869e+02 -3.0000000000000000e+02
2.3770833333333332e+00 2.8796885911918866e+02 -3.0000000000000000e+02
2.3780800000000002e+00 2.8826785911918876e+02 -3.0000000000000000e+02
2.3790766666666667e+00 2.8856685911918873e+02 -3.0000000000000000e+02
2.3800733333333333e+00 2.8886585911918871e+02 -3.0000000000000000e+02
2.3810699999999998e+00 2.8916485911918869e+02 -3.0000000000000000e+02
2.3820666666666668e+00 2.8946385911918878e+02 -3.0000000000000000e+02
2.3830633333333333e+00 2.8976285911918876e+02 -3.0000000000000000e+02
2.3840599999999998e+00 2.9006185911918874e+02 -3.0000000000000000e+02
2.3850566666666668e+00 2.9036085911918883e+02 -3.0000000000000000e+02
2.3860533333333334e+00 2.9065985911918881e+02 -3.0000000000000000e+02
2.3870499999999999e+00 2.9095885911918879e+02 -3.0000000000000000e+02
2.3880466666666669e+00 2.9125785911918888e+02 -3.0000000000000000e+02
2.3890433333333334e+00 2.9155685911918886e+02 -3.0000000000000000e+02
2.3900399999999999e+00 2.9185585911918884e+02 -3.0000000000000000e+02
2.3910366666666665e+00 2.9215485911918881e+02 -3.0000000000000000e+02
2.3920333333333335e+00 2.9245385911918891e+02 -3.0000000000000000e+02
2.3930300000000000e+00 2.9275285911918888e+02 -3.0000000000000000e+02
2.3940266666666665e+00 2.9305185911918886e+02 -3.0000000000000000e+02
2.3950233333333335e+00 2.9335085911918895e+02 -3.0000000000000000e+02
2.3960200000000000e+00 2.9364985911918893e+02 -3.0000000000000000e+02
2.3970166666666666e+00 2.9394885911918891e+02 -3.0000000000000000e+02
2.3980133333333331e+00 2.9424785911918889e+02 -3.0000000000000000e+02
2.3990100000000001e+00 2.9454685911918898e+02 -3.0000000000000000e+02
2.4000066666666666e+00 2.9484585911918896e+02 -3.0000000000000000e+02
2.4010033333333332e+00 2.9514485911918894e+02 -3.0000000000000000e+02
2.4020000000000001e+00 2.9544385911918903e+02 -3.0000000000000000e+02
2.4029966666666667e+00 2.9574285911918901e+02 -3.0000000000000000e+02
2.4039933333333332e+00 2.9604185911918898e+02 -3.0000000000000000e+02
2.4049900000000002e+00 2.9634085911918908e+02 -3.0000000000000000e+02
2.4059866666666667e+00 2.9663985911918905e+02 -3.0000000000000000e+02
2.4069833333333333e+00 2.9693885911918903e+02 -3.0000000000000000e+02
2.4079799999999998e+00 2.9723785911918901e+02 -3.0000000000000000e+02
2.4089766666666668e+00 2.9753685911918910e+02 -3.0000000000000000e+02
2.4099733333333333e+00 2.9783585911918908e+02 -3.0000000000000000e+02
2.4109699999999998e+00 2.9813485911918906e+02 -3.0000000000000000e+02
2.4119666666666668e+00 2.9843385911918915e+02 -3.0000000000000000e+02
2.4129633333333333e+00 2.9873285911918913e+02 -3.0000000000000000e+02
2.4139599999999999e+00 2.9903185911918911e+02 -3.0000000000000000e+02
2.4149566666666669e+00 2.9933085911918920e+02 -3.0000000000000000e+02
2.4159533333333334e+00 2.9962985911918918e+02 -3.0000000000000000e+02
2.4169499999999999e+00 2.9992885911918916e+02 -3.0000000000000000e+02
2.4179466666666665e+00 3.0022785911918913e+02 -3.0000000000000000e+02
2.4189433333333334e+00 3.0052685911918923e+02 -3.0000000000000000e+02
2.4199400000000000e+00 3.0082585911918920e+02 -3.0000000000000000e+02
2.4209366666666665e+00 3.0112485911918918e+02 -3.0000000000000000e+02
2.4219333333333335e+00 3.0142385911918927e+02 -3.0000000000000000e+02
2.4229300000000000e+00 3.0172285911918925e+02 -3.0000000000000000e+02
2.4239266666666666e+00 3.0202185911918923e+02 -3.0000000000000000e+02
2.4249233333333335e+00 3.0232085911918932e+02 -3.0000000000000000e+02
2.4259200000000001e+00 3.0261985911918930e+02 -3.0000000000000000e+02
2.4269166666666666e+00 3.0291885911918928e+02 -3.0000000000000000e+02
2.4279133333333331e+00 3.0321785911918926e+02 -3.0000000000000000e+02
2.4289100000000001e+00 3.0351685911918935e+02 -3.0000000000000000e+02
2.4299066666666667e+00 3.0381585911918933e+02 -3.0000000000000000e+02
2.4309033333333332e+00 3.0411485911918930e+02 -3.0000000000000000e+02
2.4319000000000002e+00 3.0441385911918940e+02 -3.0000000000000000e+02
2.4328966666666667e+00 3.0471285911918937e+02 -3.0000000000000000e+02
2.4338933333333332e+00 3.0501185911918935e+02 -3.0000000000000000e+02
2.4348899999999998e+00 3.0531085911918933e+02 -3.0000000000000000e+02
2.4358866666666668e+00 3.0560985911918942e+02 -3.0000000000000000e+02
2.4368833333333333e+00 3.0590885911918940e+02 -3.0000000000000000e+02
2.4378799999999998e+00 3.0620785911918938e+02 -3.0000000000000000e+02
2.4388766666666668e+00 3.0650685911918947e+02 -3.0000000000000000e+02
2.4398733333333333e+00 3.0680585911918945e+02 -3.0000000000000000e+02
2.4408699999999999e+00 3.0710485911918943e+02 -3.0000000000000000e+02
2.4418666666666669e+00 3.0740385911918952e+02 -3.0000000000000000e+02
2.4428633333333334e+00 3.0770285911918950e+02 -3.0000000000000000e+02
2.4438599999999999e+00 3.0800185911918948e+02 -3.0000000000000000e+02
2.4448566666666665e+00 3.0830085911918945e+02 -3.0000000000000000e+02
2.4458533333333334e+00 3.0859985911918955e+02 -3.0000000000000000e+02
2.4468500000000000e+00 3.0889885911918952e+02 -3.0000000000000000e+02
2.4478466666666665e+00 3.0919785911918950e+02 -3.0000000000000000e+02
2.4488433333333335e+00 3.0949685911918959e+02 -3.0000000000000000e+02
2.4498400000000000e+00 3.0979585911918957e+02 -3.0000000000000000e+02
2.4508366666666666e+00 3.1009485911918955e+02 -3.0000000000000000e+02
2.4518333333333335e+00 3.1039385911918964e+02 -3.0000000000000000e+02
2.4528300000000001e+00 3.1069285911918962e+02 -3.0000000000000000e+02
2.4538266666666666e+00 3.1099185911918960e+02 -3.0000000000000000e+02
2.4548233333333331e+00 3.1129085911918958e+02 -3.0000000000000000e+02
2.4558200000000001e+00 3.1158985911918967e+02 -3.0000000000000000e+02
2.4568166666666666e+00 3.1188885911918965e+02 -3.0000000000000000e+02
2.4578133333333332e+00 3.1218785911918962e+02 -3.0000000000000000e+02
2.4588100000000002e+00 3.1248685911918972e+02 -3.0000000000000000e+02
2.4598066666666667e+00 3.1278585911918969e+02 -3.0000000000000000e+02
2.4608033333333332e+00 3.1308485911918967e+02 -3.0000000000000000e+02
2.4618000000000002e+00 3.1338385911918976e+02 -3.0000000000000000e+02
2.4627966666666667e+00 3.1368285911918974e+02 -3.0000000000000000e+02
2.4637933333333333e+00 3.1398185911918972e+02 -3.0000000000000000e+02
2.4647899999999998e+00 3.1428085911918970e+02 -3.0000000000000000e+02
2.4657866666666668e+00 3.1457985911918979e+02 -3.0000000000000000e+02
2.4667833333333333e+00 3.1487885911918977e+02 -3.0000000000000000e+02
2.4677799999999999e+00 3.1517785911918975e+02 -3.0000000000000000e+02
2.4687766666666668e+00 3.1547685911918984e+02 -3.0000000000000000e+02
2.4697733333333334e+00 3.1577585911918982e+02 -3.0000000000000000e+02
2.4707699999999999e+00 3.1607485911918980e+02 -3.0000000000000000e+02
2.4717666666666664e+00 3.1637385911918977e+02 -3.0000000000000000e+02
2.4727633333333334e+00 3.1667285911918987e+02 -3.0000000000000000e+02
2.4737600000000000e+00 3.1697185911918984e+02 -3.0000000000000000e+02
2.4747566666666665e+00 3.1727085911918982e+02 -3.0000000000000000e+02
2.4757533333333335e+00 3.1756985911918991e+02 -3.0000000000000000e+02
2.4767500000000000e+00 3.1786885911918989e+02 -3.0000000000000000e+02
2.4777466666666665e+00 3.1816785911918987e+02 -3.0000000000000000e+02
2.4787433333333335e+00 3.1846685911918996e+02 -3.0000000000000000e+02
2.4797400000000001e+00 3.1876585911918994e+02 -3.0000000000000000e+02
2.4807366666666666e+00 3.1906485911918992e+02 -3.0000000000000000e+02
2.4817333333333331e+00 3.1936385911918990e+02 -3.0000000000000000e+02
2.4827300000000001e+00 3.1966285911918999e+02 -3.0000000000000000e+02
2.4837266666666666e+00 3.1996185911918997e+02 -3.0000000000000000e+02
2.4847233333333332e+00 3.2026085911918994e+02 -3.0000000000000000e+02
2.4857200000000002e+00 3.2055985911919004e+02 -3.0000000000000000e+02
2.4867166666666667e+00 3.2085885911919002e+02 -3.0000000000000000e+02
2.4877133333333332e+00 3.2115785911918999e+02 -3.0000000000000000e+02
2.4887100000000002e+00 3.2145685911919009e+02 -3.0000000000000000e+02
2.4897066666666667e+00 3.2175585911919006e+02 -3.0000000000000000e+02
2.4907033333333333e+00 3.2205485911919004e+02 -3.0000000000000000e+02
2.4916999999999998e+00 3.2235385911919002e+02 -3.0000000000000000e+02
2.4926966666666668e+00 3.2265285911919011e+02 -3.0000000000000000e+02
2.4936933333333333e+00 3.2295185911919009e+02 -3.0000000000000000e+02
2.4946899999999999e+00 3.2325085911919007e+02 -3.0000000000000000e+02
2.4956866666666668e+00 3.2354985911919016e+02 -3.0000000000000000e+02
2.4966833333333334e+00 3.2384885911919014e+02 -3.0000000000000000e+02
2.4976799999999999e+00 3.2414785911919012e+02 -3.0000000000000000e+02
2.4986766666666669e+00 3.2444685911919021e+02 -3.0000000000000000e+02
2.4996733333333334e+00 3.2474585911919019e+02 -3.0000000000000000e+02
2.5006699999999999e+00 3.2504485911919016e+02 -3.0000000000000000e+02
2.5016666666666665e+00 3.2534385911919014e+02 -3.0000000000000000e+02
2.5026633333333335e+00 3.2564285911919023e+02 -3.0000000000000000e+02
2.5036600000000000e+00 3.2594185911919021e+02 -3.0000000000000000e+02
2.5046566666666665e+00 3.2624085911919019e+02 -3.0000000000000000e+02
2.5056533333333335e+00 3.2653985911919028e+02 -3.0000000000000000e+02
2.5066500000000000e+00 3.2683885911919026e+02 -3.0000000000000000e+02
2.5076466666666666e+00 3.2713785911919024e+02 -3.0000000000000000e+02
2.5086433333333331e+00 3.2743685911919022e+02 -3.0000000000000000e+02
2.5096400000000001e+00 3.2773585911919031e+02 -3.0000000000000000e+02
2.5106366666666666e+00 3.2803485911919029e+02 -3.0000000000000000e+02
2.5116333333333332e+00 3.2833385911919027e+02 -3.0000000000000000e+02
2.5126300000000001e+00 3.2863285911919036e+02 -3.0000000000000000e+02
2.5136266666666667e+00 3.2893185911919034e+02 -3.0000000000000000e+02
2.5146233333333332e+00 3.2923085911919031e+02 -3.0000000000000000e+02
2.5156200000000002e+00 3.2952985911919041e+02 -3.0000000000000000e+02
2.5166166666666667e+00 3.2982885911919038e+02 -3.0000000000000000e+02
2.5176133333333333e+00 3.3012785911919036e+02 -3.0000000000000000e+02
2.5186099999999998e+00 3.3042685911919034e+02 -3.0000000000000000e+02
2.5196066666666668e+00 3.3072585911919043e+02 -3.0000000000000000e+02
2.5206033333333333e+00 3.3102485911919041e+02 -3.0000000000000000e+02
2.5215999999999998e+00 3.3132385911919039e+02 -3.0000000000000000e+02
2.5225966666666668e+00 3.3162285911919048e+02 -3.0000000000000000e+02
2.5235933333333334e+00 3.3192185911919046e+02 -3.0000000000000000e+02
2.5245899999999999e+00 3.3222085911919044e+02 -3.0000000000000000e+02
2.5255866666666669e+00 3.3251985911919053e+02 -3.0000000000000000e+02
2.5265833333333334e+00 3.3281885911919051e+02 -3.0000000000000000e+02
2.5275799999999999e+00 3.3311785911919048e+02 -3.0000000000000000e+02
2.5285766666666665e+00 3.3341685911919046e+02 -3.0000000000000000e+02
2.5295733333333335e+00 3.3371585911919055e+02 -3.0000000000000000e+02
2.5305700000000000e+00 3.3401485911919053e+02 -3.0000000000000000e+02
2.5315666666666665e+00 3.3431385911919051e+02 -3.0000000000000000e+02
2.5325633333333335e+00 3.3461285911919060e+02 -3.0000000000000000e+02
2.5335600000000000e+00 3.3491185911919058e+02 -3.0000000000000000e+02
2.5345566666666666e+00 3.3521085911919056e+02 -3.0000000000000000e+02
2.5355533333333335e+00 3.3550985911919065e+02 -3.0000000000000000e+02
2.5365500000000001e+00 3.3580885911919063e+02 -3.0000000000000000e+02
2.5375466666666666e+00 3.3610785911919061e+02 -3.0000000000000000e+02
2.5385433333333332e+00 3.3640685911919059e+02 -3.0000000000000000e+02
2.5395400000000001e+00 3.3670585911919068e+02 -3.0000000000000000e+02
2.5405366666666667e+00 3.3700485911919066e+02 -3.0000000000000000e+02
2.5415333333333332e+00 3.3730385911919063e+02 -3.0000000000000000e+02
2.5425300000000002e+00 3.3760285911919073e+02 -3.0000000000000000e+02
2.5435266666666667e+00 3.3790185911919070e+02 -3.0000000000000000e+02
2.5445233333333332e+00 3.3820085911919068e+02 -3.0000000000000000e+02
2.5455199999999998e+00 3.3849985911919066e+02 -3.0000000000000000e+02
2.5465166666666668e+00 3.3879885911919075e+02 -3.0000000000000000e+02
2.5475133333333333e+00 3.3909785911919073e+02 -3.0000000000000000e+02
2.5485099999999998e+00 3.3939685911919071e+02 -3.0000000000000000e+02
2.5495066666666668e+00 3.3969585911919080e+02 -3.0000000000000000e+02
2.5505033333333333e+00 3.3999485911919078e+02 -3.0000000000000000e+02
2.5514999999999999e+00 3.4029385911919076e+02 -3.0000000000000000e+02
2.5524966666666669e+00 3.4059285911919085e+02 -3.0000000000000000e+02
2.5534933333333334e+00 3.4089185911919083e+02 -3.0000000000000000e+02
2.5544899999999999e+00 3.4119085911919080e+02 -3.0000000000000000e+02
2.5554866666666665e+00 3.4148985911919078e+02 -3.0000000000000000e+02
2.5564833333333334e+00 3.4178885911919087e+02 -3.0000000000000000e+02
2.5574800000000000e+00 3.4208785911919085e+02 -3.0000000000000000e+02
2.5584766666666665e+00 3.4238685911919083e+02 -3.0000000000000000e+02
2.5594733333333335e+00 3.4268585911919092e+02 -3.0000000000000000e+02
2.5604700000000000e+00 3.4298485911919090e+02 -3.0000000000000000e+02
2.5614666666666666e+00 3.4328385911919088e+02 -3.0000000000000000e+02
2.5624633333333335e+00 3.4358285911919097e+02 -3.0000000000000000e+02
2.5634600000000001e+00 3.4388185911919095e+02 -3.0000000000000000e+02
2.5644566666666666e+00 3.4418085911919093e+02 -3.0000000000000000e+02
2.5654533333333331e+00 3.4447985911919091e+02 -3.0000000000000000e+02
2.5664500000000001e+00 3.4477885911919100e+02 -3.0000000000000000e+02
2.5674466666666667e+00 3.4507785911919098e+02 -3.0000000000000000e+02
2.5684433333333332e+00 3.4537685911919095e+02 -3.0000000000000000e+02
2.5694400000000002e+00 3.4567585911919105e+02 -3.0000000000000000e+02
2.5704366666666667e+00 3.4597485911919102e+02 -3.0000000000000000e+02
2.5714333333333332e+00 3.4627385911919100e+02 -3.0000000000000000e+02
2.5724300000000002e+00 3.4657285911919109e+02 -3.0000000000000000e+02
2.5734266666666668e+00 3.4687185911919107e+02 -3.0000000000000000e+02
2.5744233333333333e+00 3.4717085911919105e+02 -3.0000000000000000e+02
2.5754199999999998e+00 3.4746985911919103e+02 -3.0000000000000000e+02
2.5764166666666668e+00 3.4776885911919112e+02 -3.0000000000000000e+02
2.5774133333333333e+00 3.4806785911919110e+02 -3.0000000000000000e+02
2.5784099999999999e+00 3.4836685911919108e+02 -3.0000000000000000e+02
2.5794066666666668e+00 3.4866585911919117e+02 -3.0000000000000000e+02
2.5804033333333334e+00 3.4896485911919115e+02 -3.0000000000000000e+02
2.5813999999999999e+00 3.4926385911919112e+02 -3.0000000000000000e+02
2.5823966666666665e+00 3.4956285911919110e+02 -3.0000000000000000e+02
2.5833933333333334e+00 3.4986185911919119e+02 -3.0000000000000000e+02
2.5843900000000000e+00 3.5016085911919117e+02 -3.0000000000000000e+02
2.5853866666666665e+00 3.5045985911919115e+02 -3.0000000000000000e+02
2.5863833333333335e+00 3.5075885911919124e+02 -3.0000000000000000e+02
2.5873800000000000e+00 3.5105785911919122e+02 -3.0000000000000000e+02
2.5883766666666665e+00 3.5135685911919120e+02 -3.0000000000000000e+02
2.5893733333333335e+00 3.5165585911919129e+02 -3.0000000000000000e+02
2.5903700000000001e+00 3.5195485911919127e+02 -3.0000000000000000e+02
2.5913666666666666e+00 3.5225385911919125e+02 -3.0000000000000000e+02
2.5923633333333331e+00 3.5255285911919123e+02 -3.0000000000000000e+02
2.5933600000000001e+00 3.5285185911919132e+02 -3.0000000000000000e+02
2.5943566666666666e+00 3.5315085911919130e+02 -3.0000000000000000e+02
2.5953533333333332e+00 3.5344985911919127e+02 -3.0000000000000000e+02
2.5963500000000002e+00 3.5374885911919137e+02 -3.0000000000000000e+02
2.5973466666666667e+00 3.5404785911919134e+02 -3.0000000000000000e+02
2.5983433333333332e+00 3.5434685911919132e+02 -3.0000000000000000e+02
2.5993400000000002e+00 3.5464585911919141e+02 -3.0000000000000000e+02
2.6003366666666667e+00 3.5494485911919139e+02 -3.0000000000000000e+02
2.6013333333333333e+00 3.5524385911919137e+02 -3.0000000000000000e+02
2.6023299999999998e+00 3.5554285911919135e+02 -3.0000000000000000e+02
2.6033266666666668e+00 3.5584185911919144e+02 -3.0000000000000000e+02
2.6043233333333333e+00 3.5614085911919142e+02 -3.0000000000000000e+02
2.6053199999999999e+00 3.5643985911919140e+02 -3.0000000000000000e+02
2.6063166666666668e+00 3.5673885911919149e+02 -3.0000000000000000e+02
2.6073133333333334e+00 3.5703785911919147e+02 -3.0000000000000000e+02
2.6083099999999999e+00 3.5733685911919144e+02 -3.0000000000000000e+02
2.6093066666666669e+00 3.5763585911919154e+02 -3.0000000000000000e+02
2.6103033333333334e+00 3.5793485911919151e+02 -3.0000000000000000e+02
2.6113000000000000e+00 3.5823385911919149e+02 -3.0000000000000000e+02
2.6122966666666665e+00 3.5853285911919147e+02 -3.0000000000000000e+02
2.6132933333333335e+00 3.5883185911919156e+02 -3.0000000000000000e+02
2.6142900000000000e+00 3.5913085911919154e+02 -3.0000000000000000e+02
2.6152866666666665e+00 3.5942985911919152e+02 -3.0000000000000000e+02
2.6162833333333335e+00 3.5972885911919161e+02 -3.0000000000000000e+02
2.6172800000000001e+00 3.6002785911919159e+02 -3.0000000000000000e+02
2.6182766666666666e+00 3.6032685911919157e+02 -3.0000000000000000e+02
2.6192733333333331e+00 3.6062585911919155e+02 -3.0000000000000000e+02
2.6202700000000001e+00 3.6092485911919164e+02 -3.0000000000000000e+02
2.6212666666666666e+00 3.6122385911919162e+02 -3.0000000000000000e+02
2.6222633333333332e+00 3.6152285911919159e+02 -3.0000000000000000e+02
2.6232600000000001e+00 3.6182185911919169e+02 -3.0000000000000000e+02
2.6242566666666667e+00 3.6212085911919166e+02 -3.0000000000000000e+02
2.6252533333333332e+00 3.6241985911919164e+02 -3.0000000000000000e+02
2.6262500000000002e+00 3.6271885911919173e+02 -3.0000000000000000e+02
2.6272466666666667e+00 3.6301785911919171e+02 -3.0000000000000000e+02
2.6282433333333333e+00 3.6331685911919169e+02 -3.0000000000000000e+02
2.6292399999999998e+00 3.6361585911919167e+02 -3.0000000000000000e+02
2.6302366666666668e+00 3.6391485911919176e+02 -3.0000000000000000e+02
2.6312333333333333e+00 3.6421385911919174e+02 -3.0000000000000000e+02
2.6322299999999998e+00 3.6451285911919172e+02 -3.0000000000000000e+02
2.6332266666666668e+00 3.6481185911919181e+02 -3.0000000000000000e+02
2.6342233333333334e+00 3.6511085911919179e+02 -3.0000000000000000e+02
2.6352199999999999e+00 3.6540985911919176e+02 -3.0000000000000000e+02
2.6362166666666669e+00 3.6570885911919186e+02 -3.0000000000000000e+02
2.6372133333333334e+00 3.6600785911919183e+02 -3.0000000000000000e+02
2.6382099999999999e+00 3.6630685911919181e+02 -3.0000000000000000e+02
2.6392066666666665e+00 3.6660585911919179e+02 -3.0000000000000000e+02
2.6402033333333335e+00 3.6690485911919188e+02 -3.0000000000000000e+02
2.6412000000000000e+00 3.6720385911919186e+02 -3.0000000000000000e+02
2.6421966666666665e+00 3.6750285911919184e+02 -3.0000000000000000e+02
2.6431933333333335e+00 3.6780185911919193e+02 -3.0000000000000000e+02
2.6441900000000000e+00 3.6810085911919191e+02 -3.0000000000000000e+02
2.6451866666666666e+00 3.6839985911919189e+02 -3.0000000000000000e+02
2.6461833333333336e+00 3.6869885911919198e+02 -3.0000000000000000e+02
2.6471800000000001e+00 3.6899785911919196e+02 -3.0000000000000000e+02
2.6481766666666666e+00 3.6929685911919194e+02 -3.0000000000000000e+02
2.6491733333333332e+00 3.6959585911919191e+02 -3.0000000000000000e+02
2.6501700000000001e+00 3.6989485911919201e+02 -3.0000000000000000e+02
2.6511666666666667e+00 3.7019385911919198e+02 -3.0000000000000000e+02
2.6521633333333332e+00 3.7049285911919196e+02 -3.0000000000000000e+02
2.6531600000000002e+00 3.7079185911919205e+02 -3.0000000000000000e+02
2.6541566666666667e+00 3.7109085911919203e+02 -3.0000000000000000e+02
2.6551533333333333e+00 3.7138985911919201e+02 -3.0000000000000000e+02
2.6561499999999998e+00 3.7168885911919199e+02 -3.0000000000000000e+02
2.6571466666666668e+00 3.7198785911919208e+02 -3.0000000000000000e+02
2.6581433333333333e+00 3.7228685911919206e+02 -3.0000000000000000e+02
2.6591399999999998e+00 3.7258585911919204e+02 -3.0000000000000000e+02
2.6601366666666668e+00 3.7288485911919213e+02 -3.0000000000000000e+02
2.6611333333333334e+00 3.7318385911919211e+02 -3.0000000000000000e+02
2.6621299999999999e+00 3.7348285911919209e+02 -3.0000000000000000e+02
2.6631266666666669e+00 3.7378185911919218e+02 -3.0000000000000000e+02
2.6641233333333334e+00 3.7408085911919216e+02 -3.0000000000000000e+02
2.6651199999999999e+00 3.7437985911919213e+02 -3.0000000000000000e+02
2.6661166666666665e+00 3.7467885911919211e+02 -3.0000000000000000e+02
2.6671133333333334e+00 3.7497785911919220e+02 -3.0000000000000000e+02
2.6681100000000000e+00 3.7527685911919218e+02 -3.0000000000000000e+02
2.6691066666666665e+00 3.7557585911919216e+02 -3.0000000000000000e+02
2.6701033333333335e+00 3.7587485911919225e+02 -3.0000000000000000e+02
2.6711000000000000e+00 3.7617385911919223e+02 -3.0000000000000000e+02
2.6720966666666666e+00 3.7647285911919221e+02 -3.0000000000000000e+02
2.6730933333333335e+00 3.7677185911919230e+02 -3.0000000000000000e+02
2.6740900000000001e+00 3.7707085911919228e+02 -3.0000000000000000e+02
2.6750866666666666e+00 3.7736985911919226e+02 -3.0000000000000000e+02
2.6760833333333331e+00 3.7766885911919223e+02 -3.0000000000000000e+02
2.6770800000000001e+00 3.7796785911919233e+02 -3.0000000000000000e+02
2.6780766666666667e+00 3.7826685911919230e+02 -3.0000000000000000e+02
2.6790733333333332e+00 3.7856585911919228e+02 -3.0000000000000000e+02
2.6800700000000002e+00 3.7886485911919237e+02 -3.0000000000000000e+02
2.6810666666666667e+00 3.7916385911919235e+02 -3.0000000000000000e+02
2.6820633333333332e+00 3.7946285911919233e+02 -3.0000000000000000e+02
2.6830600000000002e+00 3.7976185911919242e+02 -3.0000000000000000e+02
2.6840566666666668e+00 3.8006085911919240e+02 -3.0000000000000000e+02
2.6850533333333333e+00 3.8035985911919238e+02 -3.0000000000000000e+02
2.6860499999999998e+00 3.8065885911919236e+02 -3.0000000000000000e+02
2.6870466666666668e+00 3.8095785911919245e+02 -3.0000000000000000e+02
2.6880433333333333e+00 3.8125685911919243e+02 -3.0000000000000000e+02
2.6890399999999999e+00 3.8155585911919241e+02 -3.0000000000000000e+02
2.6900366666666669e+00 3.8185485911919250e+02 -3.0000000000000000e+02
2.6910333333333334e+00 3.8215385911919248e+02 -3.0000000000000000e+02
2.6920299999999999e+00 3.8245285911919245e+02 -3.0000000000000000e+02
2.6930266666666669e+00 3.8275185911919255e+02 -3.0000000000000000e+02
2.6940233333333334e+00 3.8305085911919252e+02 -3.0000000000000000e+02
2.6950200000000000e+00 3.8334985911919250e+02 -3.0000000000000000e+02
2.6960166666666665e+00 3.8364885911919248e+02 -3.0000000000000000e+02
2.6970133333333335e+00 3.8394785911919257e+02 -3.0000000000000000e+02
2.6980100000000000e+00 3.8424685911919255e+02 -3.0000000000000000e+02
2.6990066666666666e+00 3.8454585911919253e+02 -3.0000000000000000e+02
2.7000033333333335e+00 3.8484485911919262e+02 -3.0000000000000000e+02
2.7010000000000001e+00 3.8514385911919260e+02 -3.0000000000000000e+02
2.7019966666666666e+00 3.8544285911919258e+02 -3.0000000000000000e+02
2.7029933333333331e+00 3.8574185911919255e+02 -3.0000000000000000e+02
2.7039900000000001e+00 3.8604085911919265e+02 -3.0000000000000000e+02
2.7049866666666667e+00 3.8633985911919262e+02 -3.0000000000000000e+02
2.7059833333333332e+00 3.8663885911919260e+02 -3.0000000000000000e+02
2.7069800000000002e+00 3.8693785911919269e+02 -3.0000000000000000e+02
2.7079766666666667e+00 3.8723685911919267e+02 -3.0000000000000000e+02
2.7089733333333332e+00 3.8753585911919265e+02 -3.0000000000000000e+02
2.7099700000000002e+00 3.8783485911919274e+02 -3.0000000000000000e+02
2.7109666666666667e+00 3.8813385911919272e+02 -3.0000000000000000e+02
2.7119633333333333e+00 3.8843285911919270e+02 -3.0000000000000000e+02
2.7129599999999998e+00 3.8873185911919268e+02 -3.0000000000000000e+02
2.7139566666666668e+00 3.8903085911919277e+02 -3.0000000000000000e+02
2.7149533333333333e+00 3.8932985911919275e+02 -3.0000000000000000e+02
2.7159499999999999e+00 3.8962885911919273e+02 -3.0000000000000000e+02
2.7169466666666668e+00 3.8992785911919282e+02 -3.0000000000000000e+02
2.7179433333333334e+00 3.9022685911919280e+02 -3.0000000000000000e+02
2.7189399999999999e+00 3.9052585911919277e+02 -3.0000000000000000e+02
2.7199366666666669e+00 3.9082485911919287e+02 -3.0000000000000000e+02
2.7209333333333334e+00 3.9112385911919284e+02 -3.0000000000000000e+02
2.7219300000000000e+00 3.9142285911919282e+02 -3.0000000000000000e+02
2.7229266666666665e+00 3.9172185911919280e+02 -3.0000000000000000e+02
2.7239233333333335e+00 3.9202085911919289e+02 -3.0000000000000000e+02
2.7249200000000000e+00 3.9231985911919287e+02 -3.0000000000000000e+02
2.7259166666666665e+00 3.9261885911919285e+02 -3.0000000000000000e+02
2.7269133333333335e+00 3.9291785911919294e+02 -3.0000000000000000e+02
2.7279100000000001e+00 3.9321685911919292e+02 -3.0000000000000000e+02
2.7289066666666666e+00 3.9351585911919290e+02 -3.0000000000000000e+02
2.7299033333333336e+00 3.9381485911919299e+02 -3.0000000000000000e+02
2.7309000000000001e+00 3.9411385911919297e+02 -3.0000000000000000e+02
2.7318966666666666e+00 3.9441285911919294e+02 -3.0000000000000000e+02
2.7328933333333332e+00 3.9471185911919292e+02 -3.0000000000000000e+02
2.7338900000000002e+00 3.9501085911919301e+02 -3.0000000000000000e+02
2.7348866666666667e+00 3.9530985911919299e+02 -3.0000000000000000e+02
2.7358833333333332e+00 3.9560885911919297e+02 -3.0000000000000000e+02
2.7368800000000002e+00 3.9590785911919306e+02 -3.0000000000000000e+02
2.7378766666666667e+00 3.9620685911919304e+02 -3.0000000000000000e+02
2.7388733333333333e+00 3.9650585911919302e+02 -3.0000000000000000e+02
2.7398699999999998e+00 3.9680485911919300e+02 -3.0000000000000000e+02
2.7408666666666668e+00 3.9710385911919309e+02 -3.0000000000000000e+02
2.7418633333333333e+00 3.9740285911919307e+02 -3.0000000000000000e+02
2.7428599999999999e+00 3.9770185911919305e+02 -3.0000000000000000e+02
2.7438566666666668e+00 3.9800085911919314e+02 -3.0000000000000000e+02
2.7448533333333334e+00 3.9829985911919312e+02 -3.0000000000000000e+02
2.7458499999999999e+00 3.9859885911919309e+02 -3.0000000000000000e+02
2.7468466666666669e+00 3.9889785911919319e+02 -3.0000000000000000e+02
2.7478433333333334e+00 3.9919685911919316e+02 -3.0000000000000000e+02
2.7488400000000000e+00 3.9949585911919314e+02 -3.0000000000000000e+02
2.7498366666666665e+00 3.9979485911919312e+02 -3.0000000000000000e+02
2.7508333333333335e+00 4.0009385911919321e+02 -3.0000000000000000e+02
2.7518300000000000e+00 4.0039285911919319e+02 -3.0000000000000000e+02
2.7528266666666665e+00 4.0069185911919317e+02 -3.0000000000000000e+02
2.7538233333333335e+00 4.0099085911919326e+02 -3.0000000000000000e+02
2.7548200000000000e+00 4.0128985911919324e+02 -3.0000000000000000e+02
2.7558166666666666e+00 4.0158885911919322e+02 -3.0000000000000000e+02
2.7568133333333336e+00 4.0188785911919331e+02 -3.0000000000000000e+02
2.7578100000000001e+00 4.0218685911919329e+02 -3.0000000000000000e+02
2.7588066666666666e+00 4.0248585911919326e+02 -3.0000000000000000e+02
2.7598033333333332e+00 4.0278485911919324e+02 -3.0000000000000000e+02
2.7608000000000001e+00 4.0308385911919333e+02 -3.0000000000000000e+02
2.7617966666666667e+00 4.0338285911919331e+02 -3.0000000000000000e+02
2.7627933333333332e+00 4.0368185911919329e+02 -3.0000000000000000e+02
2.7637900000000002e+00 4.0398085911919338e+02 -3.0000000000000000e+02
2.7647866666666667e+00 4.0427985911919336e+02 -3.0000000000000000e+02
2.7657833333333333e+00 4.0457885911919334e+02 -3.0000000000000000e+02
2.7667800000000002e+00 4.0487785911919343e+02 -3.0000000000000000e+02
2.7677766666666668e+00 4.0517685911919341e+02 -3.0000000000000000e+02
2.7687733333333333e+00 4.0547585911919339e+02 -3.0000000000000000e+02
2.7697699999999998e+00 4.0577485911919337e+02 -3.0000000000000000e+02
2.7707666666666668e+00 4.0607385911919346e+02 -3.0000000000000000e+02
2.7717633333333334e+00 4.0637285911919344e+02 -3.0000000000000000e+02
2.7727599999999999e+00 4.0667185911919341e+02 -3.0000000000000000e+02
2.7737566666666669e+00 4.0697085911919351e+02 -3.0000000000000000e+02
2.7747533333333334e+00 4.0726985911919348e+02 -3.0000000000000000e+02
2.7757499999999999e+00 4.0756885911919346e+02 -3.0000000000000000e+02
2.7767466666666665e+00 4.0786785911919344e+02 -3.0000000000000000e+02
2.7777433333333335e+00 4.0816685911919353e+02 -3.0000000000000000e+02
2.7787400000000000e+00 4.0846585911919351e+02 -3.0000000000000000e+02
2.7797366666666665e+00 4.0876485911919349e+02 -3.0000000000000000e+02
2.7807333333333335e+00 4.0906385911919358e+02 -3.0000000000000000e+02
2.7817300000000000e+00 4.0936285911919356e+02 -3.0000000000000000e+02
2.7827266666666666e+00 4.0966185911919354e+02 -3.0000000000000000e+02
2.7837233333333335e+00 4.0996085911919363e+02 -3.0000000000000000e+02
2.7847200000000001e+00 4.1025985911919361e+02 -3.0000000000000000e+02
2.7857166666666666e+00 4.1055885911919358e+02 -3.0000000000000000e+02
2.7867133333333332e+00 4.1085785911919356e+02 -3.0000000000000000e+02
2.7877100000000001e+00 4.1115685911919365e+02 -3.0000000000000000e+02
2.7887066666666667e+00 4.1145585911919363e+02 -3.0000000000000000e+02
2.7897033333333332e+00 4.1175485911919361e+02 -3.0000000000000000e+02
2.7907000000000002e+00 4.1205385911919370e+02 -3.0000000000000000e+02
2.7916966666666667e+00 4.1235285911919368e+02 -3.0000000000000000e+02
2.7926933333333332e+00 4.1265185911919366e+02 -3.0000000000000000e+02
2.7936900000000002e+00 4.1295085911919375e+02 -3.0000000000000000e+02
2.7946866666666668e+00 4.1324985911919373e+02 -3.0000000000000000e+02
2.7956833333333333e+00 4.1354885911919371e+02 -3.0000000000000000e+02
2.7966799999999998e+00 4.1384785911919369e+02 -3.0000000000000000e+02
2.7976766666666668e+00 4.1414685911919378e+02 -3.0000000000000000e+02
2.7986733333333333e+00 4.1444585911919376e+02 -3.0000000000000000e+02
2.7996699999999999e+00 4.1474485911919373e+02 -3.0000000000000000e+02
2.8006666666666669e+00 4.1504385911919383e+02 -3.0000000000000000e+02
2.8016633333333334e+00 4.1534285911919380e+02 -3.0000000000000000e+02
2.8026599999999999e+00 4.1564185911919378e+02 -3.0000000000000000e+02
2.8036566666666669e+00 4.1594085911919387e+02 -3.0000000000000000e+02
2.8046533333333334e+00 4.1623985911919385e+02 -3.0000000000000000e+02
2.8056500000000000e+00 4.1653885911919383e+02 -3.0000000000000000e+02
2.8066466666666665e+00 4.1683785911919381e+02 -3.0000000000000000e+02
2.8076433333333335e+00 4.1713685911919390e+02 -3.0000000000000000e+02
2.8086400000000000e+00 4.1743585911919388e+02 -3.0000000000000000e+02
2.8096366666666666e+00 4.1773485911919386e+02 -3.0000000000000000e+02
2.8106333333333335e+00 4.1803385911919395e+02 -3.0000000000000000e+02
2.8116300000000001e+00 4.1833285911919393e+02 -3.0000000000000000e+02
2.8126266666666666e+00 4.1863185911919390e+02 -3.0000000000000000e+02
2.8136233333333331e+00 4.1893085911919388e+02 -3.0000000000000000e+02
2.8146200000000001e+00 4.1922985911919397e+02 -3.0000000000000000e+02
2.8156166666666667e+00 4.1952885911919395e+02 -3.0000000000000000e+02
2.8166133333333332e+00 4.1982785911919393e+02 -3.0000000000000000e+02
2.8176100000000002e+00 4.2012685911919402e+02 -3.0000000000000000e+02
2.8186066666666667e+00 4.2042585911919400e+02 -3.0000000000000000e+02
2.8196033333333332e+00 4.2072485911919398e+02 -3.0000000000000000e+02
2.8206000000000002e+00 4.2102385911919407e+02 -3.0000000000000000e+02
2.8215966666666668e+00 4.2132285911919405e+02 -3.0000000000000000e+02
2.8225933333333333e+00 4.2162185911919403e+02 -3.0000000000000000e+02
2.8235899999999998e+00 4.2192085911919401e+02 -3.0000000000000000e+02
2.8245866666666668e+00 4.2221985911919410e+02 -3.0000000000000000e+02
2.8255833333333333e+00 4.2251885911919408e+02 -3.0000000000000000e+02
2.8265799999999999e+00 4.2281785911919405e+02 -3.0000000000000000e+02
2.8275766666666668e+00 4.2311685911919415e+02 -3.0000000000000000e+02
2.8285733333333334e+00 4.2341585911919412e+02 -3.0000000000000000e+02
2.8295699999999999e+00 4.2371485911919410e+02 -3.0000000000000000e+02
2.8305666666666669e+00 4.2401385911919419e+02 -3.0000000000000000e+02
2.8315633333333334e+00 4.2431285911919417e+02 -3.0000000000000000e+02
2.8325600000000000e+00 4.2461185911919415e+02 -3.0000000000000000e+02
2.8335566666666665e+00 4.2491085911919413e+02 -3.0000000000000000e+02
2.8345533333333335e+00 4.2520985911919422e+02 -3.0000000000000000e+02
2.8355500000000000e+00 4.2550885911919420e+02 -3.0000000000000000e+02
2.8365466666666665e+00 4.2580785911919418e+02 -3.0000000000000000e+02
2.8375433333333335e+00 4.2610685911919427e+02 -3.0000000000000000e+02
2.8385400000000001e+00 4.2640585911919425e+02 -3.0000000000000000e+02
2.8395366666666666e+00 4.2670485911919423e+02 -3.0000000000000000e+02
2.8405333333333336e+00 4.2700385911919432e+02 -3.0000000000000000e+02
2.8415300000000001e+00 4.2730285911919430e+02 -3.0000000000000000e+02
2.8425266666666666e+00 4.2760185911919427e+02 -3.0000000000000000e+02
2.8435233333333332e+00 4.2790085911919425e+02 -3.0000000000000000e+02
2.8445200000000002e+00 4.2819985911919434e+02 -3.0000000000000000e+02
2.8455166666666667e+00 4.2849885911919432e+02 -3.0000000000000000e+02
2.8465133333333332e+00 4.2879785911919430e+02 -3.0000000000000000e+02
2.8475100000000002e+00 4.2909685911919439e+02 -3.0000000000000000e+02
2.8485066666666667e+00 4.2939585911919437e+02 -3.0000000000000000e+02
2.8495033333333333e+00 4.2969485911919435e+02 -3.0000000000000000e+02
2.8504999999999998e+00 4.2999385911919433e+02 -3.0000000000000000e+02
2.8514966666666668e+00 4.3029285911919442e+02 -3.0000000000000000e+02
2.8524933333333333e+00 4.3059185911919440e+02 -3.0000000000000000e+02
2.8534899999999999e+00 4.3089085911919437e+02 -3.0000000000000000e+02
2.8544866666666668e+00 4.3118985911919447e+02 -3.0000000000000000e+02
2.8554833333333334e+00 4.3148885911919444e+02 -3.0000000000000000e+02
2.8564799999999999e+00 4.3178785911919442e+02 -3.0000000000000000e+02
2.8574766666666669e+00 4.3208685911919451e+02 -3.0000000000000000e+02
2.8584733333333334e+00 4.3238585911919449e+02 -3.0000000000000000e+02
2.8594700000000000e+00 4.3268485911919447e+02 -3.0000000000000000e+02
2.8604666666666665e+00 4.3298385911919445e+02 -3.0000000000000000e+02
2.8614633333333335e+00 4.3328285911919454e+02 -3.0000000000000000e+02
2.8624600000000000e+00 4.3358185911919452e+02 -3.0000000000000000e+02
2.8634566666666665e+00 4.3388085911919450e+02 -3.0000000000000000e+02
2.8644533333333335e+00 4.3417985911919459e+02 -3.0000000000000000e+02
2.8654500000000001e+00 4.3447885911919457e+02 -3.0000000000000000e+02
2.8664466666666666e+00 4.3477785911919455e+02 -3.0000000000000000e+02
2.8674433333333336e+00 4.3507685911919464e+02 -3.0000000000000000e+02
2.8684400000000001e+00 4.3537585911919462e+02 -3.0000000000000000e+02
2.8694366666666666e+00 4.3567485911919459e+02 -3.0000000000000000e+02
2.8704333333333332e+00 4.3597385911919457e+02 -3.0000000000000000e+02
2.8714300000000001e+00 4.3627285911919466e+02 -3.0000000000000000e+02
2.8724266666666667e+00 4.3657185911919464e+02 -3.0000000000000000e+02
2.8734233333333332e+00 4.3687085911919462e+02 -3.0000000000000000e+02
2.8744200000000002e+00 4.3716985911919471e+02 -3.0000000000000000e+02
2.8754166666666667e+00 4.3746885911919469e+02 -3.0000000000000000e+02
2.8764133333333333e+00 4.3776785911919467e+02 -3.0000000000000000e+02
2.8774100000000002e+00 4.3806685911919476e+02 -3.0000000000000000e+02
2.8784066666666668e+00 4.3836585911919474e+02 -3.0000000000000000e+02
2.8794033333333333e+00 4.3866485911919472e+02 -3.0000000000000000e+02
2.8803999999999998e+00 4.3896385911919469e+02 -3.0000000000000000e+02
2.8813966666666668e+00 4.3926285911919479e+02 -3.0000000000000000e+02
2.8823933333333334e+00 4.3956185911919476e+02 -3.0000000000000000e+02
2.8833899999999999e+00 4.3986085911919474e+02 -3.0000000000000000e+02
2.8843866666666669e+00 4.4015985911919483e+02 -3.0000000000000000e+02
2.8853833333333334e+00 4.4045885911919481e+02 -3.0000000000000000e+02
2.8863799999999999e+00 4.4075785911919479e+02 -3.0000000000000000e+02
2.8873766666666665e+00 4.4105685911919477e+02 -3.0000000000000000e+02
2.8883733333333335e+00 4.4135585911919486e+02 -3.0000000000000000e+02
2.8893700000000000e+00 4.4165485911919484e+02 -3.0000000000000000e+02
2.8903666666666665e+00 4.4195385911919482e+02 -3.0000000000000000e+02
2.8913633333333335e+00 4.4225285911919491e+02 -3.0000000000000000e+02
2.8923600000000000e+00 4.4255185911919489e+02 -3.0000000000000000e+02
2.8933566666666666e+00 4.4285085911919487e+02 -3.0000000000000000e+02
2.8943533333333336e+00 4.4314985911919496e+02 -3.0000000000000000e+02
2.8953500000000001e+00 4.4344885911919494e+02 -3.0000000000000000e+02
2.8963466666666666e+00 4.4374785911919491e+02 -3.0000000000000000e+02
2.8973433333333332e+00 4.4404685911919489e+02 -3.0000000000000000e+02
2.8983400000000001e+00 4.4434585911919498e+02 -3.0000000000000000e+02
2.8993366666666667e+00 4.4464485911919496e+02 -3.0000000000000000e+02
2.9003333333333332e+00 4.4494385911919494e+02 -3.0000000000000000e+02
2.9013300000000002e+00 4.4524285911919503e+02 -3.0000000000000000e+02
2.9023266666666667e+00 4.4554185911919501e+02 -3.0000000000000000e+02
2.9033233333333333e+00 4.4584085911919499e+02 -3.0000000000000000e+02
2.9043200000000002e+00 4.4613985911919508e+02 -3.0000000000000000e+02
2.9053166666666668e+00 4.4643885911919506e+02 -3.0000000000000000e+02
2.9063133333333333e+00 4.4673785911919504e+02 -3.0000000000000000e+02
2.9073099999999998e+00 4.4703685911919501e+02 -3.0000000000000000e+02
2.9083066666666668e+00 4.4733585911919511e+02 -3.0000000000000000e+02
2.9093033333333334e+00 4.4763485911919508e+02 -3.0000000000000000e+02
2.9102999999999999e+00 4.4793385911919506e+02 -3.0000000000000000e+02
2.9112966666666669e+00 4.4823285911919515e+02 -3.0000000000000000e+02
2.9122933333333334e+00 4.4853185911919513e+02 -3.0000000000000000e+02
2.9132899999999999e+00 4.4883085911919511e+02 -3.0000000000000000e+02
2.9142866666666669e+00 4.4912985911919520e+02 -3.0000000000000000e+02
2.9152833333333334e+00 4.4942885911919518e+02 -3.0000000000000000e+02
2.9162800000000000e+00 4.4972785911919516e+02 -3.0000000000000000e+02
2.9172766666666665e+00 4.5002685911919514e+02 -3.0000000000000000e+02
2.9182733333333335e+00 4.5032585911919523e+02 -3.0000000000000000e+02
2.9192700000000000e+00 4.5062485911919521e+02 -3.0000000000000000e+02
2.9202666666666666e+00 4.5092385911919519e+02 -3.0000000000000000e+02
2.9212633333333335e+00 4.5122285911919528e+02 -3.0000000000000000e+02
2.9222600000000001e+00 4.5152185911919526e+02 -3.0000000000000000e+02
2.9232566666666666e+00 4.5182085911919523e+02 -3.0000000000000000e+02
2.9242533333333331e+00 4.5211985911919521e+02 -3.0000000000000000e+02
2.9252500000000001e+00 4.5241885911919530e+02 -3.0000000000000000e+02
2.9262466666666667e+00 4.5271785911919528e+02 -3.0000000000000000e+02
2.9272433333333332e+00 4.5301685911919526e+02 -3.0000000000000000e+02
2.9282400000000002e+00 4.5331585911919535e+02 -3.0000000000000000e+02
2.9292366666666667e+00 4.5361485911919533e+02 -3.0000000000000000e+02
2.9302333333333332e+00 4.5391385911919531e+02 -3.0000000000000000e+02
2.9312300000000002e+00 4.5421285911919540e+02 -3.0000000000000000e+02
2.9322266666666668e+00 4.5451185911919538e+02 -3.0000000000000000e+02
2.9332233333333333e+00 4.5481085911919536e+02 -3.0000000000000000e+02
2.9342199999999998e+00 4.5510985911919533e+02 -3.0000000000000000e+02
2.9352166666666668e+00 4.5540885911919543e+02 -3.0000000000000000e+02
2.9362133333333333e+00 4.5570785911919540e+02 -3.0000000000000000e+02
2.9372099999999999e+00 4.5600685911919538e+02 -3.0000000000000000e+02
2.9382066666666669e+00 4.5630585911919547e+02 -3.0000000000000000e+02
2.9392033333333334e+00 4.5660485911919545e+02 -3.0000000000000000e+02
2.9401999999999999e+00 4.5690385911919543e+02 -3.0000000000000000e+02
2.9411966666666669e+00 4.5720285911919552e+02 -3.0000000000000000e+02
2.9421933333333334e+00 4.5750185911919550e+02 -3.0000000000000000e+02
2.9431900000000000e+00 4.5780085911919548e+02 -3.0000000000000000e+02
2.9441866666666665e+00 4.5809985911919546e+02 -3.0000000000000000e+02
2.9451833333333335e+00 4.5839885911919555e+02 -3.0000000000000000e+02
2.9461800000000000e+00 4.5869785911919553e+02 -3.0000000000000000e+02
2.9471766666666666e+00 4.5899685911919551e+02 -3.0000000000000000e+02
2.9481733333333335e+00 4.5929585911919560e+02 -3.0000000000000000e+02
2.9491700000000001e+00 4.5959485911919558e+02 -3.0000000000000000e+02
2.9501666666666666e+00 4.5989385911919555e+02 -3.0000000000000000e+02
2.9511633333333336e+00 4.6019285911919565e+02 -3.0000000000000000e+02
2.9521600000000001e+00 4.6049185911919562e+02 -3.0000000000000000e+02
2.9531566666666667e+00 4.6079085911919560e+02 -3.0000000000000000e+02
2.9541533333333332e+00 4.6108985911919558e+02 -3.0000000000000000e+02
2.9551500000000002e+00 4.6138885911919567e+02 -3.0000000000000000e+02
2.9561466666666667e+00 4.6168785911919565e+02 -3.0000000000000000e+02
2.9571433333333332e+00 4.6198685911919563e+02 -3.0000000000000000e+02
2.9581400000000002e+00 4.6228585911919572e+02 -3.0000000000000000e+02
2.9591366666666667e+00 4.6258485911919570e+02 -3.0000000000000000e+02
2.9601333333333333e+00 4.6288385911919568e+02 -3.0000000000000000e+02
2.9611299999999998e+00 4.6318285911919565e+02 -3.0000000000000000e+02
2.9621266666666668e+00 4.6348185911919575e+02 -3.0000000000000000e+02
2.9631233333333333e+00 4.6378085911919572e+02 -3.0000000000000000e+02
2.9641199999999999e+00 4.6407985911919570e+02 -3.0000000000000000e+02
2.9651166666666668e+00 4.6437885911919579e+02 -3.0000000000000000e+02
2.9661133333333334e+00 4.6467785911919577e+02 -3.0000000000000000e+02
2.9671099999999999e+00 4.6497685911919575e+02 -3.0000000000000000e+02
2.9681066666666669e+00 4.6527585911919584e+02 -3.0000000000000000e+02
2.9691033333333334e+00 4.6557485911919582e+02 -3.0000000000000000e+02
2.9701000000000000e+00 4.6587385911919580e+02 -3.0000000000000000e+02
2.9710966666666665e+00 4.6617285911919578e+02 -3.0000000000000000e+02
2.9720933333333335e+00 4.6647185911919587e+02 -3.0000000000000000e+02
2.9730900000000000e+00 4.6677085911919585e+02 -3.0000000000000000e+02
2.9740866666666665e+00 4.6706985911919583e+02 -3.0000000000000000e+02
2.9750833333333335e+00 4.6736885911919592e+02 -3.0000000000000000e+02
2.9760800000000001e+00 4.6766785911919590e+02 -3.0000000000000000e+02
2.9770766666666666e+00 4.6796685911919587e+02 -3.0000000000000000e+02
2.9780733333333336e+00 4.6826585911919597e+02 -3.0000000000000000e+02
2.9790700000000001e+00 4.6856485911919594e+02 -3.0000000000000000e+02
2.9800666666666666e+00 4.6886385911919592e+02 -3.0000000000000000e+02
2.9810633333333332e+00 4.6916285911919590e+02 -3.0000000000000000e+02
2.9820600000000002e+00 4.6946185911919599e+02 -3.0000000000000000e+02
2.9830566666666667e+00 4.6976085911919597e+02 -3.0000000000000000e+02
2.9840533333333332e+00 4.7005985911919595e+02 -3.0000000000000000e+02
2.9850500000000002e+00 4.7035885911919604e+02 -3.0000000000000000e+02
2.9860466666666667e+00 4.7065785911919602e+02 -3.0000000000000000e+02
2.9870433333333333e+00 4.7095685911919600e+02 -3.0000000000000000e+02
2.9880400000000003e+00 4.7125585911919609e+02 -3.0000000000000000e+02
2.9890366666666668e+00 4.7155485911919607e+02 -3.0000000000000000e+02
2.9900333333333333e+00 4.7185385911919604e+02 -3.0000000000000000e+02
2.9910299999999999e+00 4.7215285911919602e+02 -3.0000000000000000e+02
2.9920266666666668e+00 4.7245185911919611e+02 -3.0000000000000000e+02
2.9930233333333334e+00 4.7275085911919609e+02 -3.0000000000000000e+02
2.9940199999999999e+00 4.7304985911919607e+02 -3.0000000000000000e+02
2.9950166666666669e+00 4.7334885911919616e+02 -3.0000000000000000e+02
2.9960133333333334e+00 4.7364785911919614e+02 -3.0000000000000000e+02
2.9970100000000000e+00 4.7394685911919612e+02 -3.0000000000000000e+02
2.9980066666666665e+00 4.7424585911919610e+02 -3.0000000000000000e+02
2.9990033333333335e+00 4.7454485911919619e+02 -3.0000000000000000e+02
3.0000000000000000e+00 4.7484385911919617e+02 -3.0000000000000000e+02
