# x energy force
0.0000000000000000e+00 4.0423334386965685e+01 -5.0573899570828513e+02
1.5707963267948967e-03 3.9635089932940851e+01 -4.9788501407431295e+02
3.1415926535897933e-03 3.8859182484417374e+01 -4.9003103244033849e+02
4.7123889803846897e-03 3.8095612041395256e+01 -4.8217705080636284e+02
6.2831853071795866e-03 3.7344378603874510e+01 -4.7432306917238952e+02
7.8539816339744835e-03 3.6605482171855122e+01 -4.6646908753841615e+02
9.4247779607693795e-03 3.5878922745337093e+01 -4.5861510590444055e+02
1.0995574287564277e-02 3.5164700324320421e+01 -4.5076112427046496e+02
1.2566370614359173e-02 3.4462814908805122e+01 -4.4290714263649159e+02
1.4137166941154069e-02 3.3773266498791173e+01 -4.3505316100251713e+02
1.5707963267948967e-02 3.3096055094278597e+01 -4.2719917936854148e+02
1.7278759594743863e-02 3.2431180695267372e+01 -4.1934519773456810e+02
1.8849555921538759e-02 3.1778643301757519e+01 -4.1149121610059422e+02
2.0420352248333655e-02 3.1138442913749017e+01 -4.0363723446661913e+02
2.1991148575128554e-02 3.0510579531241881e+01 -3.9578325283264462e+02
2.3561944901923450e-02 2.9895053154236109e+01 -3.8792927119867016e+02
2.5132741228718346e-02 2.9291863782731696e+01 -3.8007528956469514e+02
2.6703537555513242e-02 2.8701011416728647e+01 -3.7222130793072063e+02
2.8274333882308138e-02 2.8122496056226961e+01 -3.6436732629674674e+02
2.9845130209103038e-02 2.7556317701226632e+01 -3.5651334466277223e+02
3.1415926535897934e-02 2.7002476351727672e+01 -3.4865936302879777e+02
3.2986722862692830e-02 2.6460972007730067e+01 -3.4080538139482326e+02
3.4557519189487726e-02 2.5931804669233827e+01 -3.3295139976084880e+02
3.6128315516282622e-02 2.5414974336238949e+01 -3.2509741812687435e+02
3.7699111843077518e-02 2.4910481008745428e+01 -3.1724343649289983e+02
3.9269908169872414e-02 2.4418324686753273e+01 -3.0938945485892481e+02
4.0840704496667310e-02 2.3938505370262479e+01 -3.0153547322495029e+02
4.2411500823462213e-02 2.3471023059273044e+01 -2.9368149159097635e+02
4.3982297150257109e-02 2.3015877753784977e+01 -2.8582750995700189e+02
4.5553093477052005e-02 2.2573069453798265e+01 -2.7797352832302738e+02
4.7123889803846901e-02 2.2142598159312918e+01 -2.7011954668905292e+02
4.8694686130641797e-02 2.1724463870328933e+01 -2.6226556505507847e+02
5.0265482457436693e-02 2.1318666586846309e+01 -2.5441158342110396e+02
5.1836278784231589e-02 2.0925206308865047e+01 -2.4655760178712893e+02
5.3407075111026485e-02 2.0544083036385146e+01 -2.3870362015315445e+02
5.4977871437821381e-02 2.0175296769406607e+01 -2.3084963851918053e+02
5.6548667764616277e-02 1.9818847507929430e+01 -2.2299565688520605e+02
5.8119464091411173e-02 1.9474735251953614e+01 -2.1514167525123156e+02
5.9690260418206076e-02 1.9142960001479160e+01 -2.0728769361725705e+02
6.1261056745000972e-02 1.8823521756506064e+01 -1.9943371198328256e+02
6.2831853071795868e-02 1.8516420517034334e+01 -1.9157973034930808e+02
6.4402649398590764e-02 1.8221656283063965e+01 -1.8372574871533305e+02
6.5973445725385660e-02 1.7939229054594961e+01 -1.7587176708135857e+02
6.7544242052180556e-02 1.7669138831627315e+01 -1.6801778544738465e+02
6.9115038378975452e-02 1.7411385614161031e+01 -1.6016380381341017e+02
7.0685834705770348e-02 1.7165969402196108e+01 -1.5230982217943568e+02
7.2256631032565244e-02 1.6932890195732547e+01 -1.4445584054546120e+02
7.3827427359360140e-02 1.6712147994770351e+01 -1.3660185891148674e+02
7.5398223686155036e-02 1.6503742799309514e+01 -1.2874787727751226e+02
7.6969020012949932e-02 1.6307674609350038e+01 -1.2089389564353777e+02
7.8539816339744828e-02 1.6123943424891923e+01 -1.1303991400956274e+02
8.0110612666539724e-02 1.5952549245935174e+01 -1.0518593237558827e+02
8.1681408993334620e-02 1.5793492072479783e+01 -9.7331950741614349e+01
8.3252205320129516e-02 1.5646771904525753e+01 -8.9477969107639836e+01
8.4823001646924426e-02 1.5512388742073085e+01 -8.1623987473665295e+01
8.6393797973719322e-02 1.5390342585121781e+01 -7.3770005839690839e+01
8.7964594300514218e-02 1.5280633433671836e+01 -6.5916024205716354e+01
8.9535390627309114e-02 1.5183261287723255e+01 -5.8062042571741870e+01
9.1106186954104010e-02 1.5098226147276035e+01 -5.0208060937766831e+01
9.2676983280898906e-02 1.5025528012330179e+01 -4.2354079303792346e+01
9.4247779607693802e-02 1.4965166882885681e+01 -3.4500097669818430e+01
9.5818575934488698e-02 1.4917142758942546e+01 -2.6646116035843949e+01
9.7389372261283594e-02 1.4881455640500773e+01 -1.8792134401869468e+01
9.8960168588078490e-02 1.4858105527560362e+01 -1.0938152767894991e+01
1.0053096491487339e-01 1.4846387610769245e+01 -5.7389957082874119e+00
1.0210176124166828e-01 1.4837372817391175e+01 -5.7389957082874119e+00
1.0367255756846318e-01 1.4828358024013106e+01 -5.7389957082874119e+00
1.0524335389525807e-01 1.4819343230635036e+01 -5.7389957082868470e+00
1.0681415022205297e-01 1.4810328437256969e+01 -5.7389957082868470e+00
1.0838494654884787e-01 1.4801313643878899e+01 -5.7389957082874119e+00
1.0995574287564276e-01 1.4792298850500829e+01 -5.7389957082874119e+00
1.1152653920243766e-01 1.4783284057122760e+01 -5.7389957082874119e+00
1.1309733552923255e-01 1.4774269263744690e+01 -5.7389957082874119e+00
1.1466813185602745e-01 1.4765254470366621e+01 -5.7389957082874119e+00
1.1623892818282235e-01 1.4756239676988551e+01 -5.7389957082873870e+00
1.1780972450961726e-01 1.4747224883610482e+01 -5.7389957082873870e+00
1.1938052083641215e-01 1.4738210090232412e+01 -5.7389957082868470e+00
1.2095131716320705e-01 1.4729195296854344e+01 -5.7389957082868470e+00
1.2252211349000194e-01 1.4720180503476275e+01 -5.7389957082874119e+00
1.2409290981679684e-01 1.4711165710098205e+01 -5.7389957082874119e+00
1.2566370614359174e-01 1.4702150916720136e+01 -5.7389957082874377e+00
1.2723450247038662e-01 1.4693136123342066e+01 -5.7389957082874128e+00
1.2880529879718153e-01 1.4684121329963997e+01 -5.7389957082868479e+00
1.3037609512397641e-01 1.4675106536585929e+01 -5.7389957082868479e+00
1.3194689145077132e-01 1.4666091743207859e+01 -5.7389957082874128e+00
1.3351768777756620e-01 1.4657076949829790e+01 -5.7389957082874128e+00
1.3508848410436111e-01 1.4648062156451720e+01 -5.7389957082873622e+00
1.3665928043115602e-01 1.4639047363073651e+01 -5.7389957082874128e+00
1.3823007675795090e-01 1.4630032569695581e+01 -5.7389957082874128e+00
1.3980087308474581e-01 1.4621017776317512e+01 -5.7389957082874128e+00
1.4137166941154070e-01 1.4612002982939442e+01 -5.7389957082874128e+00
1.4294246573833561e-01 1.4602988189561373e+01 -5.7389957082868479e+00
1.4451326206513049e-01 1.4593973396183305e+01 -5.7389957082868479e+00
1.4608405839192540e-01 1.4584958602805235e+01 -5.7389957082874128e+00
1.4765485471872028e-01 1.4575943809427166e+01 -5.7389957082874128e+00
1.4922565104551519e-01 1.4566929016049096e+01 -5.7389957082874128e+00
1.5079644737231007e-01 1.4557914222671027e+01 -5.7389957082874128e+00
1.5236724369910498e-01 1.4548899429292957e+01 -5.7389957082874128e+00
1.5393804002589986e-01 1.4539884635914888e+01 -5.7389957082874128e+00
1.5550883635269477e-01 1.4530869842536818e+01 -5.7389957082874128e+00
1.5707963267948966e-01 1.4521855049158749e+01 -5.7389957082868479e+00
1.5865042900628457e-01 1.4512840255780679e+01 -5.7389957082868479e+00
1.6022122533307945e-01 1.4503825462402610e+01 -5.7389957082874128e+00
1.6179202165987436e-01 1.4494810669024540e+01 -5.7389957082874128e+00
1.6336281798666924e-01 1.4485795875646470e+01 -5.7389957082874128e+00
1.6493361431346415e-01 1.4476781082268401e+01 -5.7389957082874128e+00
1.6650441064025903e-01 1.4467766288890331e+01 -5.7389957082874128e+00
1.6807520696705394e-01 1.4458751495512262e+01 -5.7389957082873622e+00
1.6964600329384885e-01 1.4449736702134192e+01 -5.7389957082868479e+00
1.7121679962064373e-01 1.4440721908756124e+01 -5.7389957082868479e+00
1.7278759594743864e-01 1.4431707115378055e+01 -5.7389957082874128e+00
1.7435839227423353e-01 1.4422692321999985e+01 -5.7389957082874128e+00
1.7592918860102844e-01 1.4413677528621916e+01 -5.7389957082874128e+00
1.7749998492782332e-01 1.4404662735243846e+01 -5.7389957082874128e+00
1.7907078125461823e-01 1.4395647941865777e+01 -5.7389957082874128e+00
1.8064157758141311e-01 1.4386633148487707e+01 -5.7389957082874128e+00
1.8221237390820802e-01 1.4377618355109638e+01 -5.7389957082874128e+00
1.8378317023500290e-01 1.4368603561731568e+01 -5.7389957082868479e+00
1.8535396656179781e-01 1.4359588768353499e+01 -5.7389957082868479e+00
1.8692476288859269e-01 1.4350573974975429e+01 -5.7389957082874128e+00
1.8849555921538760e-01 1.4341559181597360e+01 -5.7389957082874128e+00
1.9006635554218249e-01 1.4332544388219290e+01 -5.7389957082874128e+00
1.9163715186897740e-01 1.4323529594841220e+01 -5.7389957082874128e+00
1.9320794819577228e-01 1.4314514801463151e+01 -5.7389957082874128e+00
1.9477874452256719e-01 1.4305500008085081e+01 -5.7389957082874128e+00
1.9634954084936207e-01 1.4296485214707012e+01 -5.7389957082874128e+00
1.9792033717615698e-01 1.4287470421328942e+01 -5.7389957082868479e+00
1.9949113350295186e-01 1.4278455627950875e+01 -5.7389957082868479e+00
2.0106192982974677e-01 1.4269440834572805e+01 -5.7389957082873622e+00
2.0263272615654168e-01 1.4260426041194735e+01 -5.7389957082874128e+00
2.0420352248333656e-01 1.4251411247816666e+01 -5.7389957082874128e+00
2.0577431881013147e-01 1.4242396454438596e+01 -5.7389957082874128e+00
2.0734511513692636e-01 1.4233381661060527e+01 -5.7389957082874128e+00
2.0891591146372127e-01 1.4224366867682457e+01 -5.7389957082868479e+00
2.1048670779051615e-01 1.4215352074304388e+01 -5.7389957082874128e+00
2.1205750411731106e-01 1.4206337280926318e+01 -5.7389957082874128e+00
2.1362830044410594e-01 1.4197322487548249e+01 -5.7389957082868479e+00
2.1519909677090085e-01 1.4188307694170179e+01 -5.7389957082874128e+00
2.1676989309769573e-01 1.4179292900792110e+01 -5.7389957082874128e+00
2.1834068942449064e-01 1.4170278107414040e+01 -5.7389957082874128e+00
2.1991148575128552e-01 1.4161263314035970e+01 -5.7389957082874128e+00
2.2148228207808043e-01 1.4152248520657901e+01 -5.7389957082868479e+00
2.2305307840487532e-01 1.4143233727279833e+01 -5.7389957082868479e+00
2.2462387473167023e-01 1.4134218933901764e+01 -5.7389957082874128e+00
2.2619467105846511e-01 1.4125204140523694e+01 -5.7389957082874128e+00
2.2776546738526002e-01 1.4116189347145625e+01 -5.7389957082874128e+00
2.2933626371205490e-01 1.4107174553767555e+01 -5.7389957082874128e+00
2.3090706003884981e-01 1.4098159760389485e+01 -5.7389957082874128e+00
2.3247785636564469e-01 1.4089144967011416e+01 -5.7389957082874128e+00
2.3404865269243960e-01 1.4080130173633346e+01 -5.7389957082873622e+00
2.3561944901923451e-01 1.4071115380255277e+01 -5.7389957082868479e+00
2.3719024534602939e-01 1.4062100586877209e+01 -5.7389957082868479e+00
2.3876104167282430e-01 1.4053085793499140e+01 -5.7389957082874128e+00
2.4033183799961919e-01 1.4044071000121070e+01 -5.7389957082874128e+00
2.4190263432641410e-01 1.4035056206743000e+01 -5.7389957082874128e+00
2.4347343065320898e-01 1.4026041413364931e+01 -5.7389957082874128e+00
2.4504422698000389e-01 1.4017026619986861e+01 -5.7389957082874128e+00
2.4661502330679877e-01 1.4008011826608792e+01 -5.7389957082874128e+00
2.4818581963359368e-01 1.3998997033230722e+01 -5.7389957082868479e+00
2.4975661596038856e-01 1.3989982239852655e+01 -5.7389957082868479e+00
2.5132741228718347e-01 1.3980967446474585e+01 -5.7389957082873622e+00
2.5289820861397838e-01 1.3971952653096515e+01 -5.7389957082874643e+00
2.5446900494077324e-01 1.3962937859718446e+01 -5.7389957082874643e+00
2.5603980126756815e-01 1.3953923066340376e+01 -5.7389957082873622e+00
2.5761059759436306e-01 1.3944908272962307e+01 -5.7389957082873622e+00
2.5918139392115797e-01 1.3935893479584237e+01 -5.7389957082874643e+00
2.6075219024795282e-01 1.3926878686206168e+01 -5.7389957082874643e+00
2.6232298657474773e-01 1.3917863892828098e+01 -5.7389957082867973e+00
2.6389378290154264e-01 1.3908849099450030e+01 -5.7389957082867973e+00
2.6546457922833755e-01 1.3899834306071961e+01 -5.7389957082874643e+00
2.6703537555513240e-01 1.3890819512693891e+01 -5.7389957082874643e+00
2.6860617188192731e-01 1.3881804719315822e+01 -5.7389957082873622e+00
2.7017696820872222e-01 1.3872789925937752e+01 -5.7389957082873622e+00
2.7174776453551713e-01 1.3863775132559683e+01 -5.7389957082873622e+00
2.7331856086231204e-01 1.3854760339181613e+01 -5.7389957082874643e+00
2.7488935718910690e-01 1.3845745545803544e+01 -5.7389957082874643e+00
2.7646015351590181e-01 1.3836730752425474e+01 -5.7389957082867973e+00
2.7803094984269672e-01 1.3827715959047405e+01 -5.7389957082867973e+00
2.7960174616949163e-01 1.3818701165669335e+01 -5.7389957082874643e+00
2.8117254249628648e-01 1.3809686372291265e+01 -5.7389957082874643e+00
2.8274333882308139e-01 1.3800671578913196e+01 -5.7389957082873622e+00
2.8431413514987630e-01 1.3791656785535126e+01 -5.7389957082873622e+00
2.8588493147667121e-01 1.3782641992157057e+01 -5.7389957082868976e+00
2.8745572780346607e-01 1.3773627198778989e+01 -5.7389957082868976e+00
2.8902652413026098e-01 1.3764612405400920e+01 -5.7389957082879279e+00
2.9059732045705589e-01 1.3755597612022850e+01 -5.7389957082873622e+00
2.9216811678385080e-01 1.3746582818644780e+01 -5.7389957082868985e+00
2.9373891311064565e-01 1.3737568025266711e+01 -5.7389957082874643e+00
2.9530970943744056e-01 1.3728553231888641e+01 -5.7389957082873622e+00
2.9688050576423547e-01 1.3719538438510572e+01 -5.7389957082873622e+00
2.9845130209103038e-01 1.3710523645132502e+01 -5.7389957082874643e+00
3.0002209841782523e-01 1.3701508851754433e+01 -5.7389957082868985e+00
3.0159289474462014e-01 1.3692494058376363e+01 -5.7389957082867973e+00
3.0316369107141505e-01 1.3683479264998294e+01 -5.7389957082879279e+00
3.0473448739820996e-01 1.3674464471620224e+01 -5.7389957082873622e+00
3.0630528372500487e-01 1.3665449678242155e+01 -5.7389957082868985e+00
3.0787608005179973e-01 1.3656434884864085e+01 -5.7389957082874643e+00
3.0944687637859464e-01 1.3647420091486016e+01 -5.7389957082873622e+00
3.1101767270538955e-01 1.3638405298107946e+01 -5.7389957082873622e+00
3.1258846903218446e-01 1.3629390504729876e+01 -5.7389957082868976e+00
3.1415926535897931e-01 1.3620375711351809e+01 -5.7389957082868976e+00
3.1573006168577422e-01 1.3611360917973739e+01 -5.7389957082873622e+00
3.1730085801256913e-01 1.3602346124595670e+01 -5.7389957082879279e+00
3.1887165433936404e-01 1.3593331331217600e+01 -5.7389957082874643e+00
3.2044245066615890e-01 1.3584316537839531e+01 -5.7389957082868976e+00
3.2201324699295381e-01 1.3575301744461461e+01 -5.7389957082873622e+00
3.2358404331974872e-01 1.3566286951083391e+01 -5.7389957082873622e+00
3.2515483964654363e-01 1.3557272157705322e+01 -5.7389957082874643e+00
3.2672563597333848e-01 1.3548257364327252e+01 -5.7389957082874643e+00
3.2829643230013339e-01 1.3539242570949183e+01 -5.7389957082867973e+00
3.2986722862692830e-01 1.3530227777571113e+01 -5.7389957082873622e+00
3.3143802495372321e-01 1.3521212984193044e+01 -5.7389957082874643e+00
3.3300882128051806e-01 1.3512198190814974e+01 -5.7389957082868976e+00
3.3457961760731297e-01 1.3503183397436905e+01 -5.7389957082873622e+00
3.3615041393410788e-01 1.3494168604058835e+01 -5.7389957082873622e+00
3.3772121026090279e-01 1.3485153810680766e+01 -5.7389957082873622e+00
3.3929200658769770e-01 1.3476139017302696e+01 -5.7389957082874643e+00
3.4086280291449256e-01 1.3467124223924626e+01 -5.7389957082874643e+00
3.4243359924128747e-01 1.3458109430546557e+01 -5.7389957082867973e+00
3.4400439556808238e-01 1.3449094637168487e+01 -5.7389957082867973e+00
3.4557519189487729e-01 1.3440079843790418e+01 -5.7389957082874643e+00
3.4714598822167214e-01 1.3431065050412348e+01 -5.7389957082874643e+00
3.4871678454846705e-01 1.3422050257034279e+01 -5.7389957082873622e+00
3.5028758087526196e-01 1.3413035463656209e+01 -5.7389957082873622e+00
3.5185837720205687e-01 1.3404020670278140e+01 -5.7389957082874643e+00
3.5342917352885173e-01 1.3395005876900070e+01 -5.7389957082874643e+00
3.5499996985564664e-01 1.3385991083522001e+01 -5.7389957082873622e+00
3.5657076618244155e-01 1.3376976290143931e+01 -5.7389957082867973e+00
3.5814156250923646e-01 1.3367961496765862e+01 -5.7389957082868985e+00
3.5971235883603131e-01 1.3358946703387792e+01 -5.7389957082874643e+00
3.6128315516282622e-01 1.3349931910009722e+01 -5.7389957082873622e+00
3.6285395148962113e-01 1.3340917116631653e+01 -5.7389957082873622e+00
3.6442474781641604e-01 1.3331902323253583e+01 -5.7389957082868976e+00
3.6599554414321089e-01 1.3322887529875514e+01 -5.7389957082874643e+00
3.6756634047000580e-01 1.3313872736497444e+01 -5.7389957082873622e+00
3.6913713679680071e-01 1.3304857943119375e+01 -5.7389957082873622e+00
3.7070793312359562e-01 1.3295843149741305e+01 -5.7389957082873622e+00
3.7227872945039053e-01 1.3286828356363236e+01 -5.7389957082868985e+00
3.7384952577718539e-01 1.3277813562985166e+01 -5.7389957082874643e+00
3.7542032210398030e-01 1.3268798769607097e+01 -5.7389957082873622e+00
3.7699111843077521e-01 1.3259783976229027e+01 -5.7389957082873622e+00
3.7856191475757012e-01 1.3250769182850958e+01 -5.7389957082868976e+00
3.8013271108436497e-01 1.3241754389472888e+01 -5.7389957082874643e+00
3.8170350741115988e-01 1.3232739596094818e+01 -5.7389957082873622e+00
3.8327430373795479e-01 1.3223724802716749e+01 -5.7389957082867973e+00
3.8484510006474970e-01 1.3214710009338679e+01 -5.7389957082874643e+00
3.8641589639154456e-01 1.3205695215960610e+01 -5.7389957082874643e+00
3.8798669271833947e-01 1.3196680422582540e+01 -5.7389957082873622e+00
3.8955748904513438e-01 1.3187665629204471e+01 -5.7389957082873622e+00
3.9112828537192929e-01 1.3178650835826401e+01 -5.7389957082874643e+00
3.9269908169872414e-01 1.3169636042448332e+01 -5.7389957082868985e+00
3.9426987802551905e-01 1.3160621249070262e+01 -5.7389957082873622e+00
3.9584067435231396e-01 1.3151606455692193e+01 -5.7389957082873622e+00
3.9741147067910887e-01 1.3142591662314123e+01 -5.7389957082868985e+00
3.9898226700590372e-01 1.3133576868936053e+01 -5.7389957082874643e+00
4.0055306333269863e-01 1.3124562075557984e+01 -5.7389957082873622e+00
4.0212385965949354e-01 1.3115547282179914e+01 -5.7389957082873622e+00
4.0369465598628845e-01 1.3106532488801845e+01 -5.7389957082873622e+00
4.0526545231308336e-01 1.3097517695423775e+01 -5.7389957082874643e+00
4.0683624863987822e-01 1.3088502902045706e+01 -5.7389957082868985e+00
4.0840704496667313e-01 1.3079488108667636e+01 -5.7389957082873622e+00
4.0997784129346804e-01 1.3070473315289567e+01 -5.7389957082873622e+00
4.1154863762026295e-01 1.3061458521911497e+01 -5.7389957082868985e+00
4.1311943394705780e-01 1.3052443728533428e+01 -5.7389957082874643e+00
4.1469023027385271e-01 1.3043428935155358e+01 -5.7389957082873622e+00
4.1626102660064762e-01 1.3034414141777289e+01 -5.7389957082873622e+00
4.1783182292744253e-01 1.3025399348399219e+01 -5.7389957082874643e+00
4.1940261925423739e-01 1.3016384555021149e+01 -5.7389957082874643e+00
4.2097341558103230e-01 1.3007369761643080e+01 -5.7389957082867973e+00
4.2254421190782721e-01 1.2998354968265012e+01 -5.7389957082867973e+00
4.2411500823462212e-01 1.2989340174886943e+01 -5.7389957082874643e+00
4.2568580456141697e-01 1.2980325381508873e+01 -5.7389957082874643e+00
4.2725660088821188e-01 1.2971310588130804e+01 -5.7389957082873622e+00
4.2882739721500679e-01 1.2962295794752734e+01 -5.7389957082873622e+00
4.3039819354180170e-01 1.2953281001374664e+01 -5.7389957082874643e+00
4.3196898986859655e-01 1.2944266207996595e+01 -5.7389957082874643e+00
4.3353978619539146e-01 1.2935251414618525e+01 -5.7389957082873622e+00
4.3511058252218637e-01 1.2926236621240456e+01 -5.7389957082867973e+00
4.3668137884898128e-01 1.2917221827862388e+01 -5.7389957082867973e+00
4.3825217517577619e-01 1.2908207034484318e+01 -5.7389957082874643e+00
4.3982297150257105e-01 1.2899192241106249e+01 -5.7389957082874643e+00
4.4139376782936596e-01 1.2890177447728179e+01 -5.7389957082873622e+00
4.4296456415616087e-01 1.2881162654350110e+01 -5.7389957082873622e+00
4.4453536048295578e-01 1.2872147860972040e+01 -5.7389957082874643e+00
4.4610615680975063e-01 1.2863133067593971e+01 -5.7389957082868985e+00
4.4767695313654554e-01 1.2854118274215901e+01 -5.7389957082873622e+00
4.4924774946334045e-01 1.2845103480837832e+01 -5.7389957082873622e+00
4.5081854579013536e-01 1.2836088687459762e+01 -5.7389957082868985e+00
4.5238934211693022e-01 1.2827073894081693e+01 -5.7389957082874643e+00
4.5396013844372513e-01 1.2818059100703623e+01 -5.7389957082873622e+00
4.5553093477052004e-01 1.2809044307325554e+01 -5.7389957082873622e+00
4.5710173109731495e-01 1.2800029513947484e+01 -5.7389957082868976e+00
4.5867252742410980e-01 1.2791014720569414e+01 -5.7389957082874643e+00
4.6024332375090471e-01 1.2781999927191345e+01 -5.7389957082873622e+00
4.6181412007769962e-01 1.2772985133813275e+01 -5.7389957082867973e+00
4.6338491640449453e-01 1.2763970340435206e+01 -5.7389957082874643e+00
4.6495571273128938e-01 1.2754955547057136e+01 -5.7389957082874643e+00
4.6652650905808429e-01 1.2745940753679067e+01 -5.7389957082873622e+00
4.6809730538487920e-01 1.2736925960300997e+01 -5.7389957082873622e+00
4.6966810171167411e-01 1.2727911166922928e+01 -5.7389957082873622e+00
4.7123889803846902e-01 1.2718896373544858e+01 -5.7389957082868976e+00
4.7280969436526388e-01 1.2709881580166789e+01 -5.7389957082874643e+00
4.7438049069205879e-01 1.2700866786788719e+01 -5.7389957082873622e+00
4.7595128701885370e-01 1.2691851993410650e+01 -5.7389957082867973e+00
4.7752208334564861e-01 1.2682837200032580e+01 -5.7389957082874643e+00
4.7909287967244346e-01 1.2673822406654510e+01 -5.7389957082874643e+00
4.8066367599923837e-01 1.2664807613276441e+01 -5.7389957082873622e+00
4.8223447232603328e-01 1.2655792819898371e+01 -5.7389957082873622e+00
4.8380526865282819e-01 1.2646778026520302e+01 -5.7389957082874643e+00
4.8537606497962305e-01 1.2637763233142232e+01 -5.7389957082868985e+00
4.8694686130641796e-01 1.2628748439764163e+01 -5.7389957082873622e+00
4.8851765763321287e-01 1.2619733646386093e+01 -5.7389957082873622e+00
4.9008845396000777e-01 1.2610718853008024e+01 -5.7389957082868985e+00
4.9165925028680263e-01 1.2601704059629954e+01 -5.7389957082874643e+00
4.9323004661359754e-01 1.2592689266251885e+01 -5.7389957082873622e+00
4.9480084294039245e-01 1.2583674472873815e+01 -5.7389957082873622e+00
4.9637163926718736e-01 1.2574659679495745e+01 -5.7389957082874643e+00
4.9794243559398221e-01 1.2565644886117676e+01 -5.7389957082874643e+00
4.9951323192077712e-01 1.2556630092739606e+01 -5.7389957082867973e+00
5.0108402824757203e-01 1.2547615299361537e+01 -5.7389957082867973e+00
5.0265482457436694e-01 1.2538600505983467e+01 -5.7389957082873622e+00
5.0422562090116185e-01 1.2529585712605398e+01 -5.7389957082873622e+00
5.0579641722795676e-01 1.2520570919227328e+01 -5.7389957082873622e+00
5.0736721355475167e-01 1.2511556125849259e+01 -5.7389957082870007e+00
5.0893800988154647e-01 1.2502541332471189e+01 -5.7389957082875656e+00
5.1050880620834138e-01 1.2493526539093120e+01 -5.7389957082873622e+00
5.1207960253513629e-01 1.2484511745715050e+01 -5.7389957082873622e+00
5.1365039886193120e-01 1.2475496952336981e+01 -5.7389957082873622e+00
5.1522119518872611e-01 1.2466482158958911e+01 -5.7389957082867973e+00
5.1679199151552102e-01 1.2457467365580841e+01 -5.7389957082873622e+00
5.1836278784231593e-01 1.2448452572202772e+01 -5.7389957082873622e+00
5.1993358416911084e-01 1.2439437778824702e+01 -5.7389957082875656e+00
5.2150438049590564e-01 1.2430422985446633e+01 -5.7389957082869998e+00
5.2307517682270055e-01 1.2421408192068563e+01 -5.7389957082873622e+00
5.2464597314949546e-01 1.2412393398690494e+01 -5.7389957082873622e+00
5.2621676947629037e-01 1.2403378605312424e+01 -5.7389957082873622e+00
5.2778756580308528e-01 1.2394363811934355e+01 -5.7389957082873622e+00
5.2935836212988019e-01 1.2385349018556285e+01 -5.7389957082867973e+00
5.3092915845667510e-01 1.2376334225178216e+01 -5.7389957082873622e+00
5.3249995478347001e-01 1.2367319431800146e+01 -5.7389957082875656e+00
5.3407075111026481e-01 1.2358304638422076e+01 -5.7389957082875656e+00
5.3564154743705972e-01 1.2349289845044007e+01 -5.7389957082867973e+00
5.3721234376385463e-01 1.2340275051665937e+01 -5.7389957082873622e+00
5.3878314009064954e-01 1.2331260258287868e+01 -5.7389957082873622e+00
5.4035393641744445e-01 1.2322245464909798e+01 -5.7389957082867973e+00
5.4192473274423936e-01 1.2313230671531729e+01 -5.7389957082873622e+00
5.4349552907103427e-01 1.2304215878153659e+01 -5.7389957082873622e+00
5.4506632539782918e-01 1.2295201084775590e+01 -5.7389957082873622e+00
5.4663712172462409e-01 1.2286186291397520e+01 -5.7389957082875656e+00
5.4820791805141889e-01 1.2277171498019451e+01 -5.7389957082875656e+00
5.4977871437821380e-01 1.2268156704641381e+01 -5.7389957082867973e+00
5.5134951070500871e-01 1.2259141911263312e+01 -5.7389957082873622e+00
5.5292030703180362e-01 1.2250127117885242e+01 -5.7389957082873622e+00
5.5449110335859852e-01 1.2241112324507172e+01 -5.7389957082867973e+00
5.5606189968539343e-01 1.2232097531129103e+01 -5.7389957082873622e+00
5.5763269601218834e-01 1.2223082737751033e+01 -5.7389957082873622e+00
5.5920349233898325e-01 1.2214067944372964e+01 -5.7389957082875656e+00
5.6077428866577805e-01 1.2205053150994894e+01 -5.7389957082875656e+00
5.6234508499257296e-01 1.2196038357616825e+01 -5.7389957082873622e+00
5.6391588131936787e-01 1.2187023564238755e+01 -5.7389957082867973e+00
5.6548667764616278e-01 1.2178008770860686e+01 -5.7389957082873622e+00
5.6705747397295769e-01 1.2168993977482616e+01 -5.7389957082873622e+00
5.6862827029975260e-01 1.2159979184104547e+01 -5.7389957082867973e+00
5.7019906662654751e-01 1.2150964390726477e+01 -5.7389957082873622e+00
5.7176986295334242e-01 1.2141949597348408e+01 -5.7389957082873622e+00
5.7334065928013733e-01 1.2132934803970338e+01 -5.7389957082875656e+00
5.7491145560693213e-01 1.2123920010592268e+01 -5.7389957082875656e+00
5.7648225193372704e-01 1.2114905217214199e+01 -5.7389957082873622e+00
5.7805304826052195e-01 1.2105890423836129e+01 -5.7389957082867973e+00
5.7962384458731686e-01 1.2096875630458062e+01 -5.7389957082867973e+00
5.8119464091411177e-01 1.2087860837079992e+01 -5.7389957082873622e+00
5.8276543724090668e-01 1.2078846043701922e+01 -5.7389957082873622e+00
5.8433623356770159e-01 1.2069831250323853e+01 -5.7389957082873622e+00
5.8590702989449650e-01 1.2060816456945783e+01 -5.7389957082870007e+00
5.8747782622129130e-01 1.2051801663567714e+01 -5.7389957082875656e+00
5.8904862254808621e-01 1.2042786870189644e+01 -5.7389957082873622e+00
5.9061941887488112e-01 1.2033772076811575e+01 -5.7389957082873622e+00
5.9219021520167603e-01 1.2024757283433505e+01 -5.7389957082873622e+00
5.9376101152847094e-01 1.2015742490055436e+01 -5.7389957082867973e+00
5.9533180785526585e-01 1.2006727696677366e+01 -5.7389957082873622e+00
5.9690260418206076e-01 1.1997712903299297e+01 -5.7389957082873622e+00
5.9847340050885567e-01 1.1988698109921227e+01 -5.7389957082875656e+00
6.0004419683565047e-01 1.1979683316543158e+01 -5.7389957082869998e+00
6.0161499316244538e-01 1.1970668523165088e+01 -5.7389957082873622e+00
6.0318578948924029e-01 1.1961653729787018e+01 -5.7389957082873622e+00
6.0475658581603520e-01 1.1952638936408949e+01 -5.7389957082867973e+00
6.0632738214283011e-01 1.1943624143030879e+01 -5.7389957082873622e+00
6.0789817846962502e-01 1.1934609349652810e+01 -5.7389957082873622e+00
6.0946897479641993e-01 1.1925594556274740e+01 -5.7389957082873622e+00
6.1103977112321484e-01 1.1916579762896671e+01 -5.7389957082873622e+00
6.1261056745000975e-01 1.1907564969518601e+01 -5.7389957082875656e+00
6.1418136377680455e-01 1.1898550176140532e+01 -5.7389957082869998e+00
6.1575216010359946e-01 1.1889535382762462e+01 -5.7389957082873622e+00
6.1732295643039437e-01 1.1880520589384393e+01 -5.7389957082873622e+00
6.1889375275718927e-01 1.1871505796006323e+01 -5.7389957082867973e+00
6.2046454908398418e-01 1.1862491002628254e+01 -5.7389957082873622e+00
6.2203534541077909e-01 1.1853476209250184e+01 -5.7389957082873622e+00
6.2360614173757400e-01 1.1844461415872114e+01 -5.7389957082873622e+00
6.2517693806436891e-01 1.1835446622494045e+01 -5.7389957082875656e+00
6.2674773439116371e-01 1.1826431829115975e+01 -5.7389957082875656e+00
6.2831853071795862e-01 1.1817417035737906e+01 -5.7389957082867973e+00
6.2988932704475353e-01 1.1808402242359836e+01 -5.7389957082873622e+00
6.3146012337154844e-01 1.1799387448981767e+01 -5.7389957082873622e+00
6.3303091969834335e-01 1.1790372655603697e+01 -5.7389957082867973e+00
6.3460171602513826e-01 1.1781357862225628e+01 -5.7389957082873622e+00
6.3617251235193317e-01 1.1772343068847558e+01 -5.7389957082873622e+00
6.3774330867872808e-01 1.1763328275469489e+01 -5.7389957082873622e+00
6.3931410500552299e-01 1.1754313482091419e+01 -5.7389957082875656e+00
6.4088490133231779e-01 1.1745298688713349e+01 -5.7389957082875656e+00
6.4245569765911270e-01 1.1736283895335280e+01 -5.7389957082867973e+00
6.4402649398590761e-01 1.1727269101957212e+01 -5.7389957082867973e+00
6.4559729031270252e-01 1.1718254308579143e+01 -5.7389957082873622e+00
6.4716808663949743e-01 1.1709239515201073e+01 -5.7389957082873622e+00
6.4873888296629234e-01 1.1700224721823004e+01 -5.7389957082873622e+00
6.5030967929308725e-01 1.1691209928444934e+01 -5.7389957082873622e+00
6.5188047561988216e-01 1.1682195135066864e+01 -5.7389957082875656e+00
6.5345127194667696e-01 1.1673180341688795e+01 -5.7389957082875656e+00
6.5502206827347187e-01 1.1664165548310725e+01 -5.7389957082873622e+00
6.5659286460026678e-01 1.1655150754932656e+01 -5.7389957082867973e+00
6.5816366092706169e-01 1.1646135961554586e+01 -5.7389957082867973e+00
6.5973445725385660e-01 1.1637121168176517e+01 -5.7389957082873622e+00
6.6130525358065151e-01 1.1628106374798447e+01 -5.7389957082873622e+00
6.6287604990744642e-01 1.1619091581420378e+01 -5.7389957082873622e+00
6.6444684623424133e-01 1.1610076788042308e+01 -5.7389957082870007e+00
6.6601764256103613e-01 1.1601061994664239e+01 -5.7389957082875656e+00
6.6758843888783104e-01 1.1592047201286169e+01 -5.7389957082873622e+00
6.6915923521462595e-01 1.1583032407908100e+01 -5.7389957082873622e+00
6.7073003154142086e-01 1.1574017614530030e+01 -5.7389957082873622e+00
6.7230082786821577e-01 1.1565002821151960e+01 -5.7389957082867973e+00
6.7387162419501068e-01 1.1555988027773891e+01 -5.7389957082873622e+00
6.7544242052180559e-01 1.1546973234395821e+01 -5.7389957082873622e+00
6.7701321684860050e-01 1.1537958441017752e+01 -5.7389957082873622e+00
6.7858401317539541e-01 1.1528943647639682e+01 -5.7389957082870007e+00
6.8015480950219021e-01 1.1519928854261613e+01 -5.7389957082875656e+00
6.8172560582898512e-01 1.1510914060883543e+01 -5.7389957082873622e+00
6.8329640215578002e-01 1.1501899267505474e+01 -5.7389957082867973e+00
6.8486719848257493e-01 1.1492884474127404e+01 -5.7389957082873622e+00
6.8643799480936984e-01 1.1483869680749335e+01 -5.7389957082873622e+00
6.8800879113616475e-01 1.1474854887371265e+01 -5.7389957082873622e+00
6.8957958746295966e-01 1.1465840093993195e+01 -5.7389957082873622e+00
6.9115038378975457e-01 1.1456825300615126e+01 -5.7389957082875656e+00
6.9272118011654937e-01 1.1447810507237056e+01 -5.7389957082869998e+00
6.9429197644334428e-01 1.1438795713858987e+01 -5.7389957082873622e+00
6.9586277277013919e-01 1.1429780920480917e+01 -5.7389957082873622e+00
6.9743356909693410e-01 1.1420766127102848e+01 -5.7389957082867973e+00
6.9900436542372901e-01 1.1411751333724778e+01 -5.7389957082873622e+00
7.0057516175052392e-01 1.1402736540346709e+01 -5.7389957082873622e+00
7.0214595807731883e-01 1.1393721746968639e+01 -5.7389957082873622e+00
7.0371675440411374e-01 1.1384706953590570e+01 -5.7389957082873622e+00
7.0528755073090865e-01 1.1375692160212500e+01 -5.7389957082875656e+00
7.0685834705770345e-01 1.1366677366834431e+01 -5.7389957082869998e+00
7.0842914338449836e-01 1.1357662573456361e+01 -5.7389957082873622e+00
7.0999993971129327e-01 1.1348647780078291e+01 -5.7389957082873622e+00
7.1157073603808818e-01 1.1339632986700222e+01 -5.7389957082867973e+00
7.1314153236488309e-01 1.1330618193322152e+01 -5.7389957082873622e+00
7.1471232869167800e-01 1.1321603399944083e+01 -5.7389957082873622e+00
7.1628312501847291e-01 1.1312588606566013e+01 -5.7389957082873622e+00
7.1785392134526782e-01 1.1303573813187944e+01 -5.7389957082870007e+00
7.1942471767206262e-01 1.1294559019809874e+01 -5.7389957082875656e+00
7.2099551399885753e-01 1.1285544226431805e+01 -5.7389957082873622e+00
7.2256631032565244e-01 1.1276529433053735e+01 -5.7389957082867973e+00
7.2413710665244735e-01 1.1267514639675666e+01 -5.7389957082873622e+00
7.2570790297924226e-01 1.1258499846297596e+01 -5.7389957082873622e+00
7.2727869930603717e-01 1.1249485052919526e+01 -5.7389957082873622e+00
7.2884949563283208e-01 1.1240470259541457e+01 -5.7389957082873622e+00
7.3042029195962699e-01 1.1231455466163387e+01 -5.7389957082875656e+00
7.3199108828642179e-01 1.1222440672785318e+01 -5.7389957082869998e+00
7.3356188461321670e-01 1.1213425879407248e+01 -5.7389957082873622e+00
7.3513268094001161e-01 1.1204411086029179e+01 -5.7389957082873622e+00
7.3670347726680652e-01 1.1195396292651109e+01 -5.7389957082867973e+00
7.3827427359360143e-01 1.1186381499273040e+01 -5.7389957082873622e+00
7.3984506992039634e-01 1.1177366705894970e+01 -5.7389957082873622e+00
7.4141586624719125e-01 1.1168351912516901e+01 -5.7389957082873622e+00
7.4298666257398616e-01 1.1159337119138831e+01 -5.7389957082873622e+00
7.4455745890078107e-01 1.1150322325760762e+01 -5.7389957082875656e+00
7.4612825522757587e-01 1.1141307532382692e+01 -5.7389957082869998e+00
7.4769905155437077e-01 1.1132292739004622e+01 -5.7389957082873622e+00
7.4926984788116568e-01 1.1123277945626553e+01 -5.7389957082873622e+00
7.5084064420796059e-01 1.1114263152248483e+01 -5.7389957082867973e+00
7.5241144053475550e-01 1.1105248358870414e+01 -5.7389957082873622e+00
7.5398223686155041e-01 1.1096233565492344e+01 -5.7389957082873622e+00
7.5555303318834532e-01 1.1087218772114275e+01 -5.7389957082873622e+00
7.5712382951514023e-01 1.1078203978736205e+01 -5.7389957082870007e+00
7.5869462584193503e-01 1.1069189185358136e+01 -5.7389957082875656e+00
7.6026542216872994e-01 1.1060174391980066e+01 -5.7389957082873622e+00
7.6183621849552485e-01 1.1051159598601997e+01 -5.7389957082867973e+00
7.6340701482231976e-01 1.1042144805223927e+01 -5.7389957082873622e+00
7.6497781114911467e-01 1.1033130011845858e+01 -5.7389957082873622e+00
7.6654860747590958e-01 1.1024115218467788e+01 -5.7389957082873622e+00
7.6811940380270449e-01 1.1015100425089718e+01 -5.7389957082873622e+00
7.6969020012949940e-01 1.1006085631711649e+01 -5.7389957082873622e+00
7.7126099645629431e-01 1.0997070838333579e+01 -5.7389957082870007e+00
7.7283179278308911e-01 1.0988056044955510e+01 -5.7389957082875656e+00
7.7440258910988402e-01 1.0979041251577440e+01 -5.7389957082873622e+00
7.7597338543667893e-01 1.0970026458199371e+01 -5.7389957082867973e+00
7.7754418176347384e-01 1.0961011664821301e+01 -5.7389957082873622e+00
7.7911497809026875e-01 1.0951996871443232e+01 -5.7389957082873622e+00
7.8068577441706366e-01 1.0942982078065162e+01 -5.7389957082873622e+00
7.8225657074385857e-01 1.0933967284687093e+01 -5.7389957082873622e+00
7.8382736707065348e-01 1.0924952491309023e+01 -5.7389957082875656e+00
7.8539816339744828e-01 1.0915937697930953e+01 -5.7389957082869998e+00
7.8696895972424319e-01 1.0906922904552884e+01 -5.7389957082873622e+00
7.8853975605103810e-01 1.0897908111174814e+01 -5.7389957082873622e+00
7.9011055237783301e-01 1.0888893317796745e+01 -5.7389957082867973e+00
7.9168134870462792e-01 1.0879878524418675e+01 -5.7389957082873622e+00
7.9325214503142283e-01 1.0870863731040606e+01 -5.7389957082873622e+00
7.9482294135821774e-01 1.0861848937662536e+01 -5.7389957082873622e+00
7.9639373768501265e-01 1.0852834144284467e+01 -5.7389957082870007e+00
7.9796453401180745e-01 1.0843819350906397e+01 -5.7389957082875656e+00
7.9953533033860236e-01 1.0834804557528328e+01 -5.7389957082873622e+00
8.0110612666539727e-01 1.0825789764150258e+01 -5.7389957082867973e+00
8.0267692299219218e-01 1.0816774970772189e+01 -5.7389957082873622e+00
8.0424771931898709e-01 1.0807760177394119e+01 -5.7389957082873622e+00
8.0581851564578200e-01 1.0798745384016049e+01 -5.7389957082873622e+00
8.0738931197257691e-01 1.0789730590637980e+01 -5.7389957082873622e+00
8.0896010829937182e-01 1.0780715797259910e+01 -5.7389957082873622e+00
8.1053090462616673e-01 1.0771701003881841e+01 -5.7389957082870007e+00
8.1210170095296152e-01 1.0762686210503771e+01 -5.7389957082875656e+00
8.1367249727975643e-01 1.0753671417125702e+01 -5.7389957082873622e+00
8.1524329360655134e-01 1.0744656623747632e+01 -5.7389957082867973e+00
8.1681408993334625e-01 1.0735641830369563e+01 -5.7389957082873622e+00
8.1838488626014116e-01 1.0726627036991493e+01 -5.7389957082873622e+00
8.1995568258693607e-01 1.0717612243613424e+01 -5.7389957082873622e+00
8.2152647891373098e-01 1.0708597450235354e+01 -5.7389957082873622e+00
8.2309727524052589e-01 1.0699582656857284e+01 -5.7389957082875656e+00
8.2466807156732069e-01 1.0690567863479215e+01 -5.7389957082869998e+00
8.2623886789411560e-01 1.0681553070101145e+01 -5.7389957082873622e+00
8.2780966422091051e-01 1.0672538276723076e+01 -5.7389957082873622e+00
8.2938046054770542e-01 1.0663523483345006e+01 -5.7389957082867973e+00
8.3095125687450033e-01 1.0654508689966937e+01 -5.7389957082873622e+00
8.3252205320129524e-01 1.0645493896588867e+01 -5.7389957082873622e+00
8.3409284952809015e-01 1.0636479103210798e+01 -5.7389957082873622e+00
8.3566364585488506e-01 1.0627464309832728e+01 -5.7389957082870007e+00
8.3723444218167986e-01 1.0618449516454659e+01 -5.7389957082875656e+00
8.3880523850847477e-01 1.0609434723076589e+01 -5.7389957082873622e+00
8.4037603483526968e-01 1.0600419929698520e+01 -5.7389957082867973e+00
8.4194683116206459e-01 1.0591405136320450e+01 -5.7389957082873622e+00
8.4351762748885950e-01 1.0582390342942380e+01 -5.7389957082873622e+00
8.4508842381565441e-01 1.0573375549564311e+01 -5.7389957082873622e+00
8.4665922014244932e-01 1.0564360756186241e+01 -5.7389957082873622e+00
8.4823001646924423e-01 1.0555345962808172e+01 -5.7389957082873622e+00
8.4980081279603914e-01 1.0546331169430102e+01 -5.7389957082870007e+00
8.5137160912283394e-01 1.0537316376052033e+01 -5.7389957082875656e+00
8.5294240544962885e-01 1.0528301582673963e+01 -5.7389957082873622e+00
8.5451320177642376e-01 1.0519286789295894e+01 -5.7389957082867973e+00
8.5608399810321867e-01 1.0510271995917824e+01 -5.7389957082873622e+00
8.5765479443001358e-01 1.0501257202539755e+01 -5.7389957082873622e+00
8.5922559075680849e-01 1.0492242409161685e+01 -5.7389957082873622e+00
8.6079638708360340e-01 1.0483227615783616e+01 -5.7389957082873622e+00
8.6236718341039831e-01 1.0474212822405546e+01 -5.7389957082875656e+00
8.6393797973719311e-01 1.0465198029027476e+01 -5.7389957082869998e+00
8.6550877606398802e-01 1.0456183235649407e+01 -5.7389957082873622e+00
8.6707957239078293e-01 1.0447168442271337e+01 -5.7389957082873622e+00
8.6865036871757784e-01 1.0438153648893268e+01 -5.7389957082867973e+00
8.7022116504437275e-01 1.0429138855515198e+01 -5.7389957082873622e+00
8.7179196137116766e-01 1.0420124062137129e+01 -5.7389957082873622e+00
8.7336275769796257e-01 1.0411109268759059e+01 -5.7389957082873622e+00
8.7493355402475748e-01 1.0402094475380990e+01 -5.7389957082873622e+00
8.7650435035155239e-01 1.0393079682002920e+01 -5.7389957082875656e+00
8.7807514667834718e-01 1.0384064888624851e+01 -5.7389957082869998e+00
8.7964594300514209e-01 1.0375050095246781e+01 -5.7389957082867973e+00
8.8121673933193700e-01 1.0366035301868711e+01 -5.7389957082873622e+00
8.8278753565873191e-01 1.0357020508490642e+01 -5.7389957082873622e+00
8.8435833198552682e-01 1.0348005715112572e+01 -5.7389957082873622e+00
8.8592912831232173e-01 1.0338990921734503e+01 -5.7389957082873622e+00
8.8749992463911664e-01 1.0329976128356433e+01 -5.7389957082873622e+00
8.8907072096591155e-01 1.0320961334978364e+01 -5.7389957082870007e+00
8.9064151729270635e-01 1.0311946541600294e+01 -5.7389957082875656e+00
8.9221231361950126e-01 1.0302931748222225e+01 -5.7389957082873622e+00
8.9378310994629617e-01 1.0293916954844155e+01 -5.7389957082867973e+00
8.9535390627309108e-01 1.0284902161466086e+01 -5.7389957082873622e+00
8.9692470259988599e-01 1.0275887368088016e+01 -5.7389957082873622e+00
8.9849549892668090e-01 1.0266872574709947e+01 -5.7389957082873622e+00
9.0006629525347581e-01 1.0257857781331877e+01 -5.7389957082873622e+00
9.0163709158027072e-01 1.0248842987953807e+01 -5.7389957082875656e+00
9.0320788790706552e-01 1.0239828194575738e+01 -5.7389957082869998e+00
9.0477868423386043e-01 1.0230813401197668e+01 -5.7389957082867973e+00
9.0634948056065534e-01 1.0221798607819599e+01 -5.7389957082873622e+00
9.0792027688745025e-01 1.0212783814441529e+01 -5.7389957082873622e+00
9.0949107321424516e-01 1.0203769021063460e+01 -5.7389957082873622e+00
9.1106186954104007e-01 1.0194754227685390e+01 -5.7389957082873622e+00
9.1263266586783498e-01 1.0185739434307321e+01 -5.7389957082873622e+00
9.1420346219462989e-01 1.0176724640929251e+01 -5.7389957082873622e+00
9.1577425852142480e-01 1.0167709847551182e+01 -5.7389957082875656e+00
9.1734505484821960e-01 1.0158695054173112e+01 -5.7389957082869998e+00
9.1891585117501451e-01 1.0149680260795042e+01 -5.7389957082867973e+00
9.2048664750180942e-01 1.0140665467416973e+01 -5.7389957082873622e+00
9.2205744382860433e-01 1.0131650674038903e+01 -5.7389957082873622e+00
9.2362824015539924e-01 1.0122635880660834e+01 -5.7389957082873622e+00
9.2519903648219415e-01 1.0113621087282764e+01 -5.7389957082873622e+00
9.2676983280898906e-01 1.0104606293904695e+01 -5.7389957082873622e+00
9.2834062913578397e-01 1.0095591500526625e+01 -5.7389957082870007e+00
9.2991142546257877e-01 1.0086576707148556e+01 -5.7389957082875656e+00
9.3148222178937368e-01 1.0077561913770486e+01 -5.7389957082873622e+00
9.3305301811616859e-01 1.0068547120392417e+01 -5.7389957082867973e+00
9.3462381444296350e-01 1.0059532327014347e+01 -5.7389957082873622e+00
9.3619461076975841e-01 1.0050517533636278e+01 -5.7389957082873622e+00
9.3776540709655332e-01 1.0041502740258208e+01 -5.7389957082873622e+00
9.3933620342334823e-01 1.0032487946880138e+01 -5.7389957082873622e+00
9.4090699975014314e-01 1.0023473153502069e+01 -5.7389957082873622e+00
9.4247779607693805e-01 1.0014458360123999e+01 -5.7389957082870007e+00
9.4404859240373284e-01 1.0005443566745932e+01 -5.7389957082870007e+00
9.4561938873052775e-01 9.9964287733678621e+00 -5.7389957082873622e+00
9.4719018505732266e-01 9.9874139799897925e+00 -5.7389957082873622e+00
9.4876098138411757e-01 9.9783991866117230e+00 -5.7389957082873622e+00
9.5033177771091248e-01 9.9693843932336534e+00 -5.7389957082873622e+00
9.5190257403770739e-01 9.9603695998555839e+00 -5.7389957082873622e+00
9.5347337036450230e-01 9.9513548064775144e+00 -5.7389957082873622e+00
9.5504416669129721e-01 9.9423400130994448e+00 -5.7389957082875656e+00
9.5661496301809201e-01 9.9333252197213753e+00 -5.7389957082869998e+00
9.5818575934488692e-01 9.9243104263433057e+00 -5.7389957082867973e+00
9.5975655567168183e-01 9.9152956329652362e+00 -5.7389957082873622e+00
9.6132735199847674e-01 9.9062808395871667e+00 -5.7389957082873622e+00
9.6289814832527165e-01 9.8972660462090971e+00 -5.7389957082873622e+00
9.6446894465206656e-01 9.8882512528310276e+00 -5.7389957082873622e+00
9.6603974097886147e-01 9.8792364594529580e+00 -5.7389957082873622e+00
9.6761053730565638e-01 9.8702216660748885e+00 -5.7389957082870007e+00
9.6918133363245118e-01 9.8612068726968189e+00 -5.7389957082875656e+00
9.7075212995924609e-01 9.8521920793187494e+00 -5.7389957082873622e+00
9.7232292628604100e-01 9.8431772859406799e+00 -5.7389957082867973e+00
9.7389372261283591e-01 9.8341624925626103e+00 -5.7389957082873622e+00
9.7546451893963082e-01 9.8251476991845408e+00 -5.7389957082873622e+00
9.7703531526642573e-01 9.8161329058064712e+00 -5.7389957082873622e+00
9.7860611159322064e-01 9.8071181124284017e+00 -5.7389957082873622e+00
9.8017690792001555e-01 9.7981033190503322e+00 -5.7389957082873622e+00
9.8174770424681046e-01 9.7890885256722626e+00 -5.7389957082870007e+00
9.8331850057360526e-01 9.7800737322941949e+00 -5.7389957082870007e+00
9.8488929690040017e-01 9.7710589389161253e+00 -5.7389957082873622e+00
9.8646009322719508e-01 9.7620441455380558e+00 -5.7389957082873622e+00
9.8803088955398999e-01 9.7530293521599862e+00 -5.7389957082873622e+00
9.8960168588078490e-01 9.7440145587819167e+00 -5.7389957082873622e+00
9.9117248220757981e-01 9.7349997654038471e+00 -5.7389957082873622e+00
9.9274327853437472e-01 9.7259849720257776e+00 -5.7389957082873622e+00
9.9431407486116963e-01 9.7169701786477081e+00 -5.7389957082875656e+00
9.9588487118796443e-01 9.7079553852696385e+00 -5.7389957082869998e+00
9.9745566751475934e-01 9.6989405918915690e+00 -5.7389957082867973e+00
9.9902646384155425e-01 9.6899257985134994e+00 -5.7389957082871597e+00
1.0005972601683493e+00 9.6809110051354299e+00 -5.7389957082873622e+00
1.0021680564951441e+00 9.6718962117573604e+00 -5.7389957082877689e+00
1.0037388528219389e+00 9.6628814183792908e+00 -5.7389957082873622e+00
1.0053096491487339e+00 9.6538666250012213e+00 -5.7389957082873622e+00
1.0068804454755287e+00 9.6448518316231535e+00 -5.7389957082867973e+00
1.0084512418023237e+00 9.6358370382450840e+00 -5.7389957082873622e+00
1.0100220381291185e+00 9.6268222448670144e+00 -5.7389957082873622e+00
1.0115928344559135e+00 9.6178074514889449e+00 -5.7389957082867973e+00
1.0131636307827083e+00 9.6087926581108771e+00 -5.7389957082873622e+00
1.0147344271095033e+00 9.5997778647328076e+00 -5.7389957082873622e+00
1.0163052234362981e+00 9.5907630713547380e+00 -5.7389957082877689e+00
1.0178760197630929e+00 9.5817482779766685e+00 -5.7389957082873622e+00
1.0194468160898880e+00 9.5727334845985990e+00 -5.7389957082873622e+00
1.0210176124166828e+00 9.5637186912205294e+00 -5.7389957082873622e+00
1.0225884087434778e+00 9.5547038978424599e+00 -5.7389957082867973e+00
1.0241592050702726e+00 9.5456891044643921e+00 -5.7389957082867973e+00
1.0257300013970676e+00 9.5366743110863226e+00 -5.7389957082873622e+00
1.0273007977238624e+00 9.5276595177082530e+00 -5.7389957082877689e+00
1.0288715940506572e+00 9.5186447243301835e+00 -5.7389957082873622e+00
1.0304423903774522e+00 9.5096299309521140e+00 -5.7389957082873622e+00
1.0320131867042470e+00 9.5006151375740444e+00 -5.7389957082873622e+00
1.0335839830310420e+00 9.4916003441959749e+00 -5.7389957082867973e+00
1.0351547793578368e+00 9.4825855508179071e+00 -5.7389957082867973e+00
1.0367255756846319e+00 9.4735707574398376e+00 -5.7389957082873622e+00
1.0382963720114267e+00 9.4645559640617680e+00 -5.7389957082873622e+00
1.0398671683382217e+00 9.4555411706836985e+00 -5.7389957082873622e+00
1.0414379646650165e+00 9.4465263773056289e+00 -5.7389957082877689e+00
1.0430087609918113e+00 9.4375115839275594e+00 -5.7389957082873622e+00
1.0445795573186063e+00 9.4284967905494899e+00 -5.7389957082873622e+00
1.0461503536454011e+00 9.4194819971714203e+00 -5.7389957082873622e+00
1.0477211499721961e+00 9.4104672037933508e+00 -5.7389957082867973e+00
1.0492919462989909e+00 9.4014524104152830e+00 -5.7389957082867973e+00
1.0508627426257859e+00 9.3924376170372135e+00 -5.7389957082873622e+00
1.0524335389525807e+00 9.3834228236591439e+00 -5.7389957082873622e+00
1.0540043352793758e+00 9.3744080302810744e+00 -5.7389957082873622e+00
1.0555751316061706e+00 9.3653932369030048e+00 -5.7389957082877689e+00
1.0571459279329654e+00 9.3563784435249353e+00 -5.7389957082873622e+00
1.0587167242597604e+00 9.3473636501468658e+00 -5.7389957082873622e+00
1.0602875205865552e+00 9.3383488567687962e+00 -5.7389957082873622e+00
1.0618583169133502e+00 9.3293340633907267e+00 -5.7389957082867973e+00
1.0634291132401450e+00 9.3203192700126589e+00 -5.7389957082867973e+00
1.0649999095669400e+00 9.3113044766345894e+00 -5.7389957082873622e+00
1.0665707058937348e+00 9.3022896832565198e+00 -5.7389957082877689e+00
1.0681415022205296e+00 9.2932748898784503e+00 -5.7389957082873622e+00
1.0697122985473246e+00 9.2842600965003808e+00 -5.7389957082873622e+00
1.0712830948741194e+00 9.2752453031223112e+00 -5.7389957082873622e+00
1.0728538912009145e+00 9.2662305097442417e+00 -5.7389957082867973e+00
1.0744246875277093e+00 9.2572157163661739e+00 -5.7389957082867973e+00
1.0759954838545043e+00 9.2482009229881044e+00 -5.7389957082873622e+00
1.0775662801812991e+00 9.2391861296100348e+00 -5.7389957082873622e+00
1.0791370765080941e+00 9.2301713362319653e+00 -5.7389957082873622e+00
1.0807078728348889e+00 9.2211565428538957e+00 -5.7389957082877689e+00
1.0822786691616837e+00 9.2121417494758262e+00 -5.7389957082873622e+00
1.0838494654884787e+00 9.2031269560977567e+00 -5.7389957082873622e+00
1.0854202618152735e+00 9.1941121627196871e+00 -5.7389957082873622e+00
1.0869910581420685e+00 9.1850973693416176e+00 -5.7389957082867973e+00
1.0885618544688633e+00 9.1760825759635498e+00 -5.7389957082867973e+00
1.0901326507956584e+00 9.1670677825854803e+00 -5.7389957082873622e+00
1.0917034471224532e+00 9.1580529892074107e+00 -5.7389957082873622e+00
1.0932742434492482e+00 9.1490381958293412e+00 -5.7389957082873622e+00
1.0948450397760430e+00 9.1400234024512717e+00 -5.7389957082877689e+00
1.0964158361028378e+00 9.1310086090732021e+00 -5.7389957082873622e+00
1.0979866324296328e+00 9.1219938156951326e+00 -5.7389957082867973e+00
1.0995574287564276e+00 9.1129790223170648e+00 -5.7389957082873622e+00
1.1011282250832226e+00 9.1039642289389953e+00 -5.7389957082873622e+00
1.1026990214100174e+00 9.0949494355609275e+00 -5.7389957082867973e+00
1.1042698177368124e+00 9.0859346421828580e+00 -5.7389957082873622e+00
1.1058406140636072e+00 9.0769198488047884e+00 -5.7389957082873622e+00
1.1074114103904023e+00 9.0679050554267189e+00 -5.7389957082873622e+00
1.1089822067171970e+00 9.0588902620486493e+00 -5.7389957082877689e+00
1.1105530030439918e+00 9.0498754686705798e+00 -5.7389957082873622e+00
1.1121237993707869e+00 9.0408606752925103e+00 -5.7389957082867973e+00
1.1136945956975817e+00 9.0318458819144425e+00 -5.7389957082867973e+00
1.1152653920243767e+00 9.0228310885363729e+00 -5.7389957082873622e+00
1.1168361883511715e+00 9.0138162951583034e+00 -5.7389957082873622e+00
1.1184069846779665e+00 9.0048015017802339e+00 -5.7389957082873622e+00
1.1199777810047613e+00 8.9957867084021643e+00 -5.7389957082877689e+00
1.1215485773315561e+00 8.9867719150240948e+00 -5.7389957082873622e+00
1.1231193736583511e+00 8.9777571216460252e+00 -5.7389957082873622e+00
1.1246901699851459e+00 8.9687423282679557e+00 -5.7389957082873622e+00
1.1262609663119409e+00 8.9597275348898862e+00 -5.7389957082867973e+00
1.1278317626387357e+00 8.9507127415118184e+00 -5.7389957082867973e+00
1.1294025589655308e+00 8.9416979481337489e+00 -5.7389957082873622e+00
1.1309733552923256e+00 8.9326831547556793e+00 -5.7389957082873622e+00
1.1325441516191206e+00 8.9236683613776098e+00 -5.7389957082873622e+00
1.1341149479459154e+00 8.9146535679995402e+00 -5.7389957082877689e+00
1.1356857442727102e+00 8.9056387746214707e+00 -5.7389957082873622e+00
1.1372565405995052e+00 8.8966239812434011e+00 -5.7389957082867973e+00
1.1388273369263000e+00 8.8876091878653334e+00 -5.7389957082873622e+00
1.1403981332530950e+00 8.8785943944872638e+00 -5.7389957082873622e+00
1.1419689295798898e+00 8.8695796011091961e+00 -5.7389957082867973e+00
1.1435397259066848e+00 8.8605648077311265e+00 -5.7389957082873622e+00
1.1451105222334796e+00 8.8515500143530570e+00 -5.7389957082873622e+00
1.1466813185602747e+00 8.8425352209749875e+00 -5.7389957082873622e+00
1.1482521148870695e+00 8.8335204275969179e+00 -5.7389957082877689e+00
1.1498229112138643e+00 8.8245056342188484e+00 -5.7389957082873622e+00
1.1513937075406593e+00 8.8154908408407788e+00 -5.7389957082867973e+00
1.1529645038674541e+00 8.8064760474627111e+00 -5.7389957082867973e+00
1.1545353001942491e+00 8.7974612540846415e+00 -5.7389957082873622e+00
1.1561060965210439e+00 8.7884464607065720e+00 -5.7389957082873622e+00
1.1576768928478389e+00 8.7794316673285024e+00 -5.7389957082873622e+00
1.1592476891746337e+00 8.7704168739504329e+00 -5.7389957082877689e+00
1.1608184855014285e+00 8.7614020805723634e+00 -5.7389957082873622e+00
1.1623892818282235e+00 8.7523872871942938e+00 -5.7389957082873622e+00
1.1639600781550183e+00 8.7433724938162243e+00 -5.7389957082873622e+00
1.1655308744818134e+00 8.7343577004381547e+00 -5.7389957082867973e+00
1.1671016708086082e+00 8.7253429070600870e+00 -5.7389957082867973e+00
1.1686724671354032e+00 8.7163281136820174e+00 -5.7389957082873622e+00
1.1702432634621980e+00 8.7073133203039479e+00 -5.7389957082873622e+00
1.1718140597889930e+00 8.6982985269258783e+00 -5.7389957082873622e+00
1.1733848561157878e+00 8.6892837335478088e+00 -5.7389957082877689e+00
1.1749556524425826e+00 8.6802689401697393e+00 -5.7389957082873622e+00
1.1765264487693776e+00 8.6712541467916697e+00 -5.7389957082867973e+00
1.1780972450961724e+00 8.6622393534136020e+00 -5.7389957082873622e+00
1.1796680414229674e+00 8.6532245600355324e+00 -5.7389957082873622e+00
1.1812388377497622e+00 8.6442097666574647e+00 -5.7389957082867973e+00
1.1828096340765573e+00 8.6351949732793951e+00 -5.7389957082873622e+00
1.1843804304033521e+00 8.6261801799013256e+00 -5.7389957082873622e+00
1.1859512267301471e+00 8.6171653865232560e+00 -5.7389957082873622e+00
1.1875220230569419e+00 8.6081505931451865e+00 -5.7389957082877689e+00
1.1890928193837367e+00 8.5991357997671169e+00 -5.7389957082873622e+00
1.1906636157105317e+00 8.5901210063890474e+00 -5.7389957082867973e+00
1.1922344120373265e+00 8.5811062130109796e+00 -5.7389957082867973e+00
1.1938052083641215e+00 8.5720914196329101e+00 -5.7389957082873622e+00
1.1953760046909163e+00 8.5630766262548406e+00 -5.7389957082873622e+00
1.1969468010177113e+00 8.5540618328767710e+00 -5.7389957082873622e+00
1.1985175973445061e+00 8.5450470394987015e+00 -5.7389957082877689e+00
1.2000883936713009e+00 8.5360322461206319e+00 -5.7389957082873622e+00
1.2016591899980960e+00 8.5270174527425624e+00 -5.7389957082873622e+00
1.2032299863248908e+00 8.5180026593644929e+00 -5.7389957082873622e+00
1.2048007826516858e+00 8.5089878659864233e+00 -5.7389957082867973e+00
1.2063715789784806e+00 8.4999730726083556e+00 -5.7389957082867973e+00
1.2079423753052756e+00 8.4909582792302860e+00 -5.7389957082873622e+00
1.2095131716320704e+00 8.4819434858522165e+00 -5.7389957082873622e+00
1.2110839679588654e+00 8.4729286924741469e+00 -5.7389957082873622e+00
1.2126547642856602e+00 8.4639138990960774e+00 -5.7389957082877689e+00
1.2142255606124550e+00 8.4548991057180078e+00 -5.7389957082873622e+00
1.2157963569392500e+00 8.4458843123399383e+00 -5.7389957082867973e+00
1.2173671532660448e+00 8.4368695189618705e+00 -5.7389957082873622e+00
1.2189379495928399e+00 8.4278547255838010e+00 -5.7389957082873622e+00
1.2205087459196347e+00 8.4188399322057332e+00 -5.7389957082867973e+00
1.2220795422464297e+00 8.4098251388276637e+00 -5.7389957082873622e+00
1.2236503385732245e+00 8.4008103454495942e+00 -5.7389957082873622e+00
1.2252211349000195e+00 8.3917955520715246e+00 -5.7389957082873622e+00
1.2267919312268143e+00 8.3827807586934551e+00 -5.7389957082877689e+00
1.2283627275536091e+00 8.3737659653153855e+00 -5.7389957082873622e+00
1.2299335238804041e+00 8.3647511719373160e+00 -5.7389957082867973e+00
1.2315043202071989e+00 8.3557363785592482e+00 -5.7389957082867973e+00
1.2330751165339939e+00 8.3467215851811787e+00 -5.7389957082873622e+00
1.2346459128607887e+00 8.3377067918031091e+00 -5.7389957082873622e+00
1.2362167091875838e+00 8.3286919984250396e+00 -5.7389957082873622e+00
1.2377875055143785e+00 8.3196772050469701e+00 -5.7389957082877689e+00
1.2393583018411733e+00 8.3106624116689005e+00 -5.7389957082873622e+00
1.2409290981679684e+00 8.3016476182908310e+00 -5.7389957082873622e+00
1.2424998944947632e+00 8.2926328249127614e+00 -5.7389957082873622e+00
1.2440706908215582e+00 8.2836180315346919e+00 -5.7389957082867973e+00
1.2456414871483530e+00 8.2746032381566241e+00 -5.7389957082867973e+00
1.2472122834751480e+00 8.2655884447785546e+00 -5.7389957082873622e+00
1.2487830798019428e+00 8.2565736514004850e+00 -5.7389957082873622e+00
1.2503538761287378e+00 8.2475588580224155e+00 -5.7389957082873622e+00
1.2519246724555326e+00 8.2385440646443460e+00 -5.7389957082877689e+00
1.2534954687823274e+00 8.2295292712662764e+00 -5.7389957082873622e+00
1.2550662651091224e+00 8.2205144778882069e+00 -5.7389957082867973e+00
1.2566370614359172e+00 8.2114996845101391e+00 -5.7389957082873622e+00
1.2582078577627123e+00 8.2024848911320696e+00 -5.7389957082873622e+00
1.2597786540895071e+00 8.1934700977540018e+00 -5.7389957082867973e+00
1.2613494504163021e+00 8.1844553043759323e+00 -5.7389957082873622e+00
1.2629202467430969e+00 8.1754405109978627e+00 -5.7389957082873622e+00
1.2644910430698919e+00 8.1664257176197932e+00 -5.7389957082873622e+00
1.2660618393966867e+00 8.1574109242417236e+00 -5.7389957082877689e+00
1.2676326357234815e+00 8.1483961308636541e+00 -5.7389957082873622e+00
1.2692034320502765e+00 8.1393813374855846e+00 -5.7389957082867973e+00
1.2707742283770713e+00 8.1303665441075168e+00 -5.7389957082867973e+00
1.2723450247038663e+00 8.1213517507294473e+00 -5.7389957082873622e+00
1.2739158210306611e+00 8.1123369573513777e+00 -5.7389957082873622e+00
1.2754866173574562e+00 8.1033221639733082e+00 -5.7389957082873622e+00
1.2770574136842510e+00 8.0943073705952386e+00 -5.7389957082873622e+00
1.2786282100110460e+00 8.0852925772171691e+00 -5.7389957082873622e+00
1.2801990063378408e+00 8.0762777838390996e+00 -5.7389957082877689e+00
1.2817698026646356e+00 8.0672629904610300e+00 -5.7389957082873622e+00
1.2833405989914306e+00 8.0582481970829605e+00 -5.7389957082867973e+00
1.2849113953182254e+00 8.0492334037048927e+00 -5.7389957082867973e+00
1.2864821916450204e+00 8.0402186103268232e+00 -5.7389957082873622e+00
1.2880529879718152e+00 8.0312038169487536e+00 -5.7389957082873622e+00
1.2896237842986102e+00 8.0221890235706841e+00 -5.7389957082873622e+00
1.2911945806254050e+00 8.0131742301926145e+00 -5.7389957082877689e+00
1.2927653769521998e+00 8.0041594368145450e+00 -5.7389957082873622e+00
1.2943361732789949e+00 7.9951446434364755e+00 -5.7389957082867973e+00
1.2959069696057897e+00 7.9861298500584077e+00 -5.7389957082867973e+00
1.2974777659325847e+00 7.9771150566803382e+00 -5.7389957082873622e+00
1.2990485622593795e+00 7.9681002633022695e+00 -5.7389957082873622e+00
1.3006193585861745e+00 7.9590854699241991e+00 -5.7389957082873622e+00
1.3021901549129693e+00 7.9500706765461304e+00 -5.7389957082873622e+00
1.3037609512397643e+00 7.9410558831680600e+00 -5.7389957082873622e+00
1.3053317475665591e+00 7.9320410897899905e+00 -5.7389957082877689e+00
1.3069025438933539e+00 7.9230262964119209e+00 -5.7389957082873622e+00
1.3084733402201489e+00 7.9140115030338514e+00 -5.7389957082867973e+00
1.3100441365469437e+00 7.9049967096557836e+00 -5.7389957082867973e+00
1.3116149328737388e+00 7.8959819162777141e+00 -5.7389957082873622e+00
1.3131857292005336e+00 7.8869671228996454e+00 -5.7389957082873622e+00
1.3147565255273286e+00 7.8779523295215750e+00 -5.7389957082873622e+00
1.3163273218541234e+00 7.8689375361435063e+00 -5.7389957082873622e+00
1.3178981181809184e+00 7.8599227427654359e+00 -5.7389957082873622e+00
1.3194689145077132e+00 7.8509079493873664e+00 -5.7389957082877689e+00
1.3210397108345080e+00 7.8418931560092968e+00 -5.7389957082873622e+00
1.3226105071613030e+00 7.8328783626312273e+00 -5.7389957082867973e+00
1.3241813034880978e+00 7.8238635692531595e+00 -5.7389957082867973e+00
1.3257520998148928e+00 7.8148487758750900e+00 -5.7389957082873622e+00
1.3273228961416876e+00 7.8058339824970213e+00 -5.7389957082873622e+00
1.3288936924684827e+00 7.7968191891189509e+00 -5.7389957082873622e+00
1.3304644887952775e+00 7.7878043957408813e+00 -5.7389957082877689e+00
1.3320352851220723e+00 7.7787896023628118e+00 -5.7389957082873622e+00
1.3336060814488673e+00 7.7697748089847423e+00 -5.7389957082867973e+00
1.3351768777756621e+00 7.7607600156066745e+00 -5.7389957082867973e+00
1.3367476741024571e+00 7.7517452222286050e+00 -5.7389957082873622e+00
1.3383184704292519e+00 7.7427304288505363e+00 -5.7389957082873622e+00
1.3398892667560469e+00 7.7337156354724659e+00 -5.7389957082873622e+00
1.3414600630828417e+00 7.7247008420943972e+00 -5.7389957082873622e+00
1.3430308594096367e+00 7.7156860487163268e+00 -5.7389957082873622e+00
1.3446016557364315e+00 7.7066712553382573e+00 -5.7389957082877689e+00
1.3461724520632263e+00 7.6976564619601877e+00 -5.7389957082873622e+00
1.3477432483900214e+00 7.6886416685821182e+00 -5.7389957082867973e+00
1.3493140447168162e+00 7.6796268752040504e+00 -5.7389957082867973e+00
1.3508848410436112e+00 7.6706120818259809e+00 -5.7389957082873622e+00
1.3524556373704060e+00 7.6615972884479122e+00 -5.7389957082873622e+00
1.3540264336972010e+00 7.6525824950698418e+00 -5.7389957082873622e+00
1.3555972300239958e+00 7.6435677016917731e+00 -5.7389957082873622e+00
1.3571680263507908e+00 7.6345529083137027e+00 -5.7389957082873622e+00
1.3587388226775856e+00 7.6255381149356332e+00 -5.7389957082877689e+00
1.3603096190043804e+00 7.6165233215575636e+00 -5.7389957082873622e+00
1.3618804153311754e+00 7.6075085281794941e+00 -5.7389957082867973e+00
1.3634512116579702e+00 7.5984937348014263e+00 -5.7389957082867973e+00
1.3650220079847653e+00 7.5894789414233568e+00 -5.7389957082873622e+00
1.3665928043115600e+00 7.5804641480452881e+00 -5.7389957082873622e+00
1.3681636006383551e+00 7.5714493546672177e+00 -5.7389957082873622e+00
1.3697343969651499e+00 7.5624345612891481e+00 -5.7389957082877689e+00
1.3713051932919447e+00 7.5534197679110786e+00 -5.7389957082873622e+00
1.3728759896187397e+00 7.5444049745330091e+00 -5.7389957082867973e+00
1.3744467859455345e+00 7.5353901811549404e+00 -5.7389957082873622e+00
1.3760175822723295e+00 7.5263753877768700e+00 -5.7389957082873622e+00
1.3775883785991243e+00 7.5173605943988013e+00 -5.7389957082867973e+00
1.3791591749259193e+00 7.5083458010207318e+00 -5.7389957082873622e+00
1.3807299712527141e+00 7.4993310076426631e+00 -5.7389957082873622e+00
1.3823007675795091e+00 7.4903162142645927e+00 -5.7389957082873622e+00
1.3838715639063039e+00 7.4813014208865241e+00 -5.7389957082872032e+00
1.3854423602330987e+00 7.4722866275084554e+00 -5.7389957082873622e+00
1.3870131565598938e+00 7.4632718341303850e+00 -5.7389957082873622e+00
1.3885839528866886e+00 7.4542570407523163e+00 -5.7389957082867973e+00
1.3901547492134836e+00 7.4452422473742468e+00 -5.7389957082873622e+00
1.3917255455402784e+00 7.4362274539961781e+00 -5.7389957082873622e+00
1.3932963418670734e+00 7.4272126606181077e+00 -5.7389957082873622e+00
1.3948671381938682e+00 7.4181978672400390e+00 -5.7389957082873622e+00
1.3964379345206632e+00 7.4091830738619686e+00 -5.7389957082873622e+00
1.3980087308474580e+00 7.4001682804839000e+00 -5.7389957082872032e+00
1.3995795271742528e+00 7.3911534871058313e+00 -5.7389957082873622e+00
1.4011503235010478e+00 7.3821386937277609e+00 -5.7389957082873622e+00
1.4027211198278426e+00 7.3731239003496922e+00 -5.7389957082867973e+00
1.4042919161546377e+00 7.3641091069716227e+00 -5.7389957082873622e+00
1.4058627124814325e+00 7.3550943135935540e+00 -5.7389957082873622e+00
1.4074335088082275e+00 7.3460795202154836e+00 -5.7389957082873622e+00
1.4090043051350223e+00 7.3370647268374150e+00 -5.7389957082873622e+00
1.4105751014618173e+00 7.3280499334593445e+00 -5.7389957082873622e+00
1.4121458977886121e+00 7.3190351400812759e+00 -5.7389957082874856e+00
1.4137166941154069e+00 7.3100203467032072e+00 -5.7389957082870797e+00
1.4152874904422019e+00 7.3010055533251377e+00 -5.7389957082870797e+00
1.4168582867689967e+00 7.2919907599470690e+00 -5.7389957082873622e+00
1.4184290830957917e+00 7.2829759665689986e+00 -5.7389957082873622e+00
1.4199998794225865e+00 7.2739611731909299e+00 -5.7389957082870797e+00
1.4215706757493816e+00 7.2649463798128604e+00 -5.7389957082873622e+00
1.4231414720761764e+00 7.2559315864347917e+00 -5.7389957082874856e+00
1.4247122684029712e+00 7.2469167930567231e+00 -5.7389957082873622e+00
1.4262830647297662e+00 7.2379019996786536e+00 -5.7389957082870797e+00
1.4278538610565610e+00 7.2288872063005849e+00 -5.7389957082870797e+00
1.4294246573833560e+00 7.2198724129225154e+00 -5.7389957082873622e+00
1.4309954537101508e+00 7.2108576195444467e+00 -5.7389957082873622e+00
1.4325662500369458e+00 7.2018428261663763e+00 -5.7389957082873622e+00
1.4341370463637406e+00 7.1928280327883076e+00 -5.7389957082870797e+00
1.4357078426905356e+00 7.1838132394102381e+00 -5.7389957082873622e+00
1.4372786390173304e+00 7.1747984460321694e+00 -5.7389957082874856e+00
1.4388494353441252e+00 7.1657836526541008e+00 -5.7389957082870797e+00
1.4404202316709203e+00 7.1567688592760312e+00 -5.7389957082870797e+00
1.4419910279977151e+00 7.1477540658979626e+00 -5.7389957082873622e+00
1.4435618243245101e+00 7.1387392725198922e+00 -5.7389957082873622e+00
1.4451326206513049e+00 7.1297244791418235e+00 -5.7389957082873622e+00
1.4467034169780999e+00 7.1207096857637531e+00 -5.7389957082873622e+00
1.4482742133048947e+00 7.1116948923856844e+00 -5.7389957082870797e+00
1.4498450096316897e+00 7.1026800990076149e+00 -5.7389957082873622e+00
1.4514158059584845e+00 7.0936653056295462e+00 -5.7389957082874856e+00
1.4529866022852793e+00 7.0846505122514776e+00 -5.7389957082870797e+00
1.4545573986120743e+00 7.0756357188734080e+00 -5.7389957082870797e+00
1.4561281949388691e+00 7.0666209254953394e+00 -5.7389957082873622e+00
1.4576989912656642e+00 7.0576061321172689e+00 -5.7389957082873622e+00
1.4592697875924590e+00 7.0485913387392003e+00 -5.7389957082870797e+00
1.4608405839192540e+00 7.0395765453611308e+00 -5.7389957082873622e+00
1.4624113802460488e+00 7.0305617519830621e+00 -5.7389957082874856e+00
1.4639821765728436e+00 7.0215469586049934e+00 -5.7389957082873622e+00
1.4655529728996386e+00 7.0125321652269239e+00 -5.7389957082870797e+00
1.4671237692264334e+00 7.0035173718488553e+00 -5.7389957082870797e+00
1.4686945655532284e+00 6.9945025784707857e+00 -5.7389957082873622e+00
1.4702653618800232e+00 6.9854877850927171e+00 -5.7389957082873622e+00
1.4718361582068182e+00 6.9764729917146466e+00 -5.7389957082873622e+00
1.4734069545336130e+00 6.9674581983365780e+00 -5.7389957082870797e+00
1.4749777508604081e+00 6.9584434049585084e+00 -5.7389957082873622e+00
1.4765485471872029e+00 6.9494286115804398e+00 -5.7389957082874856e+00
1.4781193435139977e+00 6.9404138182023711e+00 -5.7389957082870797e+00
1.4796901398407927e+00 6.9313990248243016e+00 -5.7389957082870797e+00
1.4812609361675875e+00 6.9223842314462329e+00 -5.7389957082873622e+00
1.4828317324943825e+00 6.9133694380681625e+00 -5.7389957082873622e+00
1.4844025288211773e+00 6.9043546446900939e+00 -5.7389957082873622e+00
1.4859733251479723e+00 6.8953398513120234e+00 -5.7389957082873622e+00
1.4875441214747671e+00 6.8863250579339548e+00 -5.7389957082870797e+00
1.4891149178015621e+00 6.8773102645558852e+00 -5.7389957082873622e+00
1.4906857141283569e+00 6.8682954711778166e+00 -5.7389957082872032e+00
1.4922565104551517e+00 6.8592806777997479e+00 -5.7389957082870797e+00
1.4938273067819468e+00 6.8502658844216784e+00 -5.7389957082873622e+00
1.4953981031087415e+00 6.8412510910436097e+00 -5.7389957082873622e+00
1.4969688994355366e+00 6.8322362976655393e+00 -5.7389957082873622e+00
1.4985396957623314e+00 6.8232215042874707e+00 -5.7389957082870797e+00
1.5001104920891264e+00 6.8142067109094011e+00 -5.7389957082873622e+00
1.5016812884159212e+00 6.8051919175313325e+00 -5.7389957082874856e+00
1.5032520847427160e+00 6.7961771241532638e+00 -5.7389957082873622e+00
1.5048228810695110e+00 6.7871623307751943e+00 -5.7389957082870797e+00
1.5063936773963058e+00 6.7781475373971256e+00 -5.7389957082870797e+00
1.5079644737231008e+00 6.7691327440190561e+00 -5.7389957082873622e+00
1.5095352700498956e+00 6.7601179506409874e+00 -5.7389957082873622e+00
1.5111060663766906e+00 6.7511031572629170e+00 -5.7389957082873622e+00
1.5126768627034854e+00 6.7420883638848483e+00 -5.7389957082870797e+00
1.5142476590302805e+00 6.7330735705067788e+00 -5.7389957082873622e+00
1.5158184553570753e+00 6.7240587771287101e+00 -5.7389957082874856e+00
1.5173892516838701e+00 6.7150439837506415e+00 -5.7389957082870797e+00
1.5189600480106651e+00 6.7060291903725719e+00 -5.7389957082870797e+00
1.5205308443374599e+00 6.6970143969945033e+00 -5.7389957082873622e+00
1.5221016406642549e+00 6.6879996036164329e+00 -5.7389957082873622e+00
1.5236724369910497e+00 6.6789848102383642e+00 -5.7389957082873622e+00
1.5252432333178447e+00 6.6699700168602938e+00 -5.7389957082873622e+00
1.5268140296446395e+00 6.6609552234822251e+00 -5.7389957082870797e+00
1.5283848259714345e+00 6.6519404301041556e+00 -5.7389957082873622e+00
1.5299556222982293e+00 6.6429256367260869e+00 -5.7389957082872032e+00
1.5315264186250241e+00 6.6339108433480183e+00 -5.7389957082870797e+00
1.5330972149518192e+00 6.6248960499699487e+00 -5.7389957082873622e+00
1.5346680112786140e+00 6.6158812565918801e+00 -5.7389957082873622e+00
1.5362388076054090e+00 6.6068664632138097e+00 -5.7389957082873622e+00
1.5378096039322038e+00 6.5978516698357410e+00 -5.7389957082870797e+00
1.5393804002589988e+00 6.5888368764576715e+00 -5.7389957082873622e+00
1.5409511965857936e+00 6.5798220830796028e+00 -5.7389957082873622e+00
1.5425219929125886e+00 6.5708072897015333e+00 -5.7389957082870797e+00
1.5440927892393834e+00 6.5617924963234646e+00 -5.7389957082872023e+00
1.5456635855661782e+00 6.5527777029453960e+00 -5.7389957082873622e+00
1.5472343818929732e+00 6.5437629095673255e+00 -5.7389957082873622e+00
1.5488051782197680e+00 6.5347481161892569e+00 -5.7389957082873622e+00
1.5503759745465631e+00 6.5257333228111865e+00 -5.7389957082873622e+00
1.5519467708733579e+00 6.5167185294331178e+00 -5.7389957082870797e+00
1.5535175672001529e+00 6.5077037360550483e+00 -5.7389957082873622e+00
1.5550883635269477e+00 6.4986889426769796e+00 -5.7389957082874856e+00
1.5566591598537425e+00 6.4896741492989110e+00 -5.7389957082870797e+00
1.5582299561805375e+00 6.4806593559208414e+00 -5.7389957082870797e+00
1.5598007525073323e+00 6.4716445625427728e+00 -5.7389957082873622e+00
1.5613715488341273e+00 6.4626297691647023e+00 -5.7389957082873622e+00
1.5629423451609221e+00 6.4536149757866337e+00 -5.7389957082873622e+00
1.5645131414877171e+00 6.4446001824085632e+00 -5.7389957082873622e+00
1.5660839378145119e+00 6.4355853890304946e+00 -5.7389957082870797e+00
1.5676547341413070e+00 6.4265705956524251e+00 -5.7389957082873622e+00
1.5692255304681018e+00 6.4175558022743564e+00 -5.7389957082874856e+00
1.5707963267948966e+00 6.4085410088962877e+00 -5.7389957082870797e+00
1.5723671231216916e+00 6.3995262155182182e+00 -5.7389957082870797e+00
1.5739379194484864e+00 6.3905114221401496e+00 -5.7389957082873622e+00
1.5755087157752814e+00 6.3814966287620791e+00 -5.7389957082873622e+00
1.5770795121020762e+00 6.3724818353840105e+00 -5.7389957082870797e+00
1.5786503084288712e+00 6.3634670420059409e+00 -5.7389957082873622e+00
1.5802211047556660e+00 6.3544522486278723e+00 -5.7389957082873622e+00
1.5817919010824610e+00 6.3454374552498027e+00 -5.7389957082870797e+00
1.5833626974092558e+00 6.3364226618717341e+00 -5.7389957082872023e+00
1.5849334937360506e+00 6.3274078684936654e+00 -5.7389957082873622e+00
1.5865042900628457e+00 6.3183930751155950e+00 -5.7389957082873622e+00
1.5880750863896405e+00 6.3093782817375264e+00 -5.7389957082873622e+00
1.5896458827164355e+00 6.3003634883594559e+00 -5.7389957082873622e+00
1.5912166790432303e+00 6.2913486949813873e+00 -5.7389957082870797e+00
1.5927874753700253e+00 6.2823339016033177e+00 -5.7389957082873622e+00
1.5943582716968201e+00 6.2733191082252491e+00 -5.7389957082874856e+00
1.5959290680236149e+00 6.2643043148471804e+00 -5.7389957082870797e+00
1.5974998643504099e+00 6.2552895214691109e+00 -5.7389957082870797e+00
1.5990706606772047e+00 6.2462747280910422e+00 -5.7389957082873622e+00
1.6006414570039997e+00 6.2372599347129718e+00 -5.7389957082873622e+00
1.6022122533307945e+00 6.2282451413349031e+00 -5.7389957082873622e+00
1.6037830496575896e+00 6.2192303479568327e+00 -5.7389957082873622e+00
1.6053538459843844e+00 6.2102155545787641e+00 -5.7389957082870797e+00
1.6069246423111794e+00 6.2012007612006945e+00 -5.7389957082873622e+00
1.6084954386379742e+00 6.1921859678226259e+00 -5.7389957082874856e+00
1.6100662349647690e+00 6.1831711744445572e+00 -5.7389957082870797e+00
1.6116370312915640e+00 6.1741563810664877e+00 -5.7389957082870797e+00
1.6132078276183588e+00 6.1651415876884190e+00 -5.7389957082873622e+00
1.6147786239451538e+00 6.1561267943103486e+00 -5.7389957082873622e+00
1.6163494202719486e+00 6.1471120009322799e+00 -5.7389957082870797e+00
1.6179202165987436e+00 6.1380972075542104e+00 -5.7389957082873622e+00
1.6194910129255384e+00 6.1290824141761417e+00 -5.7389957082873622e+00
1.6210618092523335e+00 6.1200676207980722e+00 -5.7389957082870797e+00
1.6226326055791283e+00 6.1110528274200036e+00 -5.7389957082872023e+00
1.6242034019059230e+00 6.1020380340419349e+00 -5.7389957082873622e+00
1.6257741982327181e+00 6.0930232406638645e+00 -5.7389957082873622e+00
1.6273449945595129e+00 6.0840084472857958e+00 -5.7389957082873622e+00
1.6289157908863079e+00 6.0749936539077254e+00 -5.7389957082873622e+00
1.6304865872131027e+00 6.0659788605296567e+00 -5.7389957082870797e+00
1.6320573835398977e+00 6.0569640671515872e+00 -5.7389957082873622e+00
1.6336281798666925e+00 6.0479492737735185e+00 -5.7389957082874856e+00
1.6351989761934873e+00 6.0389344803954499e+00 -5.7389957082870797e+00
1.6367697725202823e+00 6.0299196870173803e+00 -5.7389957082870797e+00
1.6383405688470771e+00 6.0209048936393117e+00 -5.7389957082873622e+00
1.6399113651738721e+00 6.0118901002612413e+00 -5.7389957082873622e+00
1.6414821615006669e+00 6.0028753068831726e+00 -5.7389957082873622e+00
1.6430529578274620e+00 5.9938605135051022e+00 -5.7389957082873622e+00
1.6446237541542568e+00 5.9848457201270335e+00 -5.7389957082870797e+00
1.6461945504810518e+00 5.9758309267489640e+00 -5.7389957082870797e+00
1.6477653468078466e+00 5.9668161333708953e+00 -5.7389957082874856e+00
1.6493361431346414e+00 5.9578013399928267e+00 -5.7389957082873622e+00
1.6509069394614364e+00 5.9487865466147571e+00 -5.7389957082870797e+00
1.6524777357882312e+00 5.9397717532366885e+00 -5.7389957082873622e+00
1.6540485321150262e+00 5.9307569598586181e+00 -5.7389957082873622e+00
1.6556193284418210e+00 5.9217421664805494e+00 -5.7389957082870797e+00
1.6571901247686160e+00 5.9127273731024799e+00 -5.7389957082873622e+00
1.6587609210954108e+00 5.9037125797244112e+00 -5.7389957082873622e+00
1.6603317174222059e+00 5.8946977863463417e+00 -5.7389957082870797e+00
1.6619025137490007e+00 5.8856829929682730e+00 -5.7389957082872023e+00
1.6634733100757955e+00 5.8766681995902044e+00 -5.7389957082873622e+00
1.6650441064025905e+00 5.8676534062121339e+00 -5.7389957082873622e+00
1.6666149027293853e+00 5.8586386128340653e+00 -5.7389957082873622e+00
1.6681856990561803e+00 5.8496238194559949e+00 -5.7389957082873622e+00
1.6697564953829751e+00 5.8406090260779262e+00 -5.7389957082870797e+00
1.6713272917097701e+00 5.8315942326998567e+00 -5.7389957082873622e+00
1.6728980880365649e+00 5.8225794393217880e+00 -5.7389957082874856e+00
1.6744688843633597e+00 5.8135646459437194e+00 -5.7389957082870797e+00
1.6760396806901547e+00 5.8045498525656498e+00 -5.7389957082870797e+00
1.6776104770169495e+00 5.7955350591875812e+00 -5.7389957082873622e+00
1.6791812733437446e+00 5.7865202658095107e+00 -5.7389957082873622e+00
1.6807520696705394e+00 5.7775054724314421e+00 -5.7389957082873622e+00
1.6823228659973344e+00 5.7684906790533717e+00 -5.7389957082873622e+00
1.6838936623241292e+00 5.7594758856753030e+00 -5.7389957082870797e+00
1.6854644586509242e+00 5.7504610922972335e+00 -5.7389957082870797e+00
1.6870352549777190e+00 5.7414462989191648e+00 -5.7389957082874856e+00
1.6886060513045138e+00 5.7324315055410962e+00 -5.7389957082873622e+00
1.6901768476313088e+00 5.7234167121630266e+00 -5.7389957082870797e+00
1.6917476439581036e+00 5.7144019187849580e+00 -5.7389957082873622e+00
1.6933184402848986e+00 5.7053871254068875e+00 -5.7389957082873622e+00
1.6948892366116934e+00 5.6963723320288189e+00 -5.7389957082870797e+00
1.6964600329384885e+00 5.6873575386507493e+00 -5.7389957082873622e+00
1.6980308292652833e+00 5.6783427452726807e+00 -5.7389957082873622e+00
1.6996016255920783e+00 5.6693279518946111e+00 -5.7389957082870797e+00
1.7011724219188731e+00 5.6603131585165425e+00 -5.7389957082872023e+00
1.7027432182456679e+00 5.6512983651384738e+00 -5.7389957082873622e+00
1.7043140145724629e+00 5.6422835717604034e+00 -5.7389957082873622e+00
1.7058848108992577e+00 5.6332687783823348e+00 -5.7389957082873622e+00
1.7074556072260527e+00 5.6242539850042643e+00 -5.7389957082873622e+00
1.7090264035528475e+00 5.6152391916261957e+00 -5.7389957082870797e+00
1.7105971998796425e+00 5.6062243982481261e+00 -5.7389957082873622e+00
1.7121679962064373e+00 5.5972096048700575e+00 -5.7389957082873622e+00
1.7137387925332324e+00 5.5881948114919879e+00 -5.7389957082870797e+00
1.7153095888600272e+00 5.5791800181139193e+00 -5.7389957082872023e+00
1.7168803851868220e+00 5.5694764623674438e+00 -6.6159551926683990e+00
1.7184511815136170e+00 5.5622378188479091e+00 -2.6005719866436277e+00
1.7200219778404118e+00 5.5585281084894032e+00 -2.1227779413199506e+00
1.7215927741672068e+00 5.5537247743844045e+00 -3.9930169877394315e+00
1.7231635704940016e+00 5.5461108554998484e+00 -5.7013256264840022e+00
1.7247343668207966e+00 5.5358931319273710e+00 -7.3082840831655842e+00
1.7263051631475914e+00 5.5232188125901267e+00 -8.8291604996167763e+00
1.7278759594743862e+00 5.5082186798861992e+00 -1.0269601635300509e+01
1.7294467558011812e+00 5.4910170609139515e+00 -1.1632179873629644e+01
1.7310175521279760e+00 5.4717352104836614e+00 -1.2918234589885872e+01
1.7325883484547711e+00 5.4504927299778858e+00 -1.4128531618331225e+01
1.7341591447815659e+00 5.4274082506473800e+00 -1.5263540334892378e+01
1.7357299411083609e+00 5.4025997967347914e+00 -1.6323564230352549e+01
1.7373007374351557e+00 5.3761849933315711e+00 -1.7308808029034640e+01
1.7388715337619507e+00 5.3482811925071578e+00 -1.8219414629018804e+01
1.7404423300887455e+00 5.3190055535521914e+00 -1.9055486585836260e+01
1.7420131264155403e+00 5.2884750960792815e+00 -1.9817099187529966e+01
1.7435839227423353e+00 5.2568067363633855e+00 -2.0504308719643802e+01
1.7451547190691301e+00 5.2241173129547809e+00 -2.1117157858785191e+01
1.7467255153959251e+00 5.1905236052167281e+00 -2.1655679287575886e+01
1.7482963117227199e+00 5.1558851800449128e+00 -2.2447333408531481e+01
1.7498671080495150e+00 5.1166540911206821e+00 -2.7503240392817094e+01
1.7514379043763098e+00 5.0646352733870357e+00 -3.8729175416036917e+01
1.7530087007031048e+00 4.9971555197596897e+00 -4.7188715371278754e+01
1.7545794970298996e+00 4.9208150525328636e+00 -5.0010986365481529e+01
1.7561502933566944e+00 4.8443765453233318e+00 -4.7313543754223893e+01
1.7577210896834894e+00 4.7765979655949948e+00 -3.8984824241872673e+01
1.7592918860102842e+00 4.7249963261552557e+00 -2.6716423665973313e+01
1.7608626823370792e+00 4.6882590585952189e+00 -2.0058918156977963e+01
1.7624334786638740e+00 4.6586780475251759e+00 -1.7604794910651503e+01
1.7640042749906690e+00 4.6323672702304224e+00 -1.5895127193746195e+01
1.7655750713174638e+00 4.6085658069233233e+00 -1.4409837111417042e+01
1.7671458676442586e+00 4.5869213856831177e+00 -1.3148695934520486e+01
1.7687166639710536e+00 4.5670821937836452e+00 -1.2111347727474991e+01
1.7702874602978484e+00 4.5486970781948726e+00 -1.1297308474678458e+01
1.7718582566246435e+00 4.5314157163550908e+00 -1.0706004806606906e+01
1.7734290529514383e+00 4.5148886868443521e+00 -1.0336862723472056e+01
1.7749998492782333e+00 4.4987673714400804e+00 -1.0189433562392717e+01
1.7765706456050281e+00 4.4827036634734378e+00 -1.0263514655815520e+01
1.7781414419318231e+00 4.4663495340453760e+00 -1.0559209651708539e+01
1.7797122382586179e+00 4.4493708001036696e+00 -1.1058785822410483e+01
1.7812830345854127e+00 4.4318526015864501e+00 -1.1246077282235316e+01
1.7828538309122077e+00 4.4144732731158642e+00 -1.0881970987455006e+01
1.7844246272390025e+00 4.3976673939316377e+00 -1.0515938973944587e+01
1.7859954235657975e+00 4.3812583126830544e+00 -1.0376752164521836e+01
1.7875662198925923e+00 4.3648898539290064e+00 -1.0464216807500303e+01
1.7891370162193874e+00 4.3482058976022708e+00 -1.0778456150331944e+01
1.7907078125461822e+00 4.3309279595964991e+00 -1.1220497770100989e+01
1.7922786088729772e+00 4.3132530451044255e+00 -1.1283902311018057e+01
1.7938494051997720e+00 4.2956668480172917e+00 -1.1107539261828837e+01
1.7954202015265668e+00 4.2780585193879608e+00 -1.1312081065729389e+01
1.7969909978533618e+00 4.2597642498047685e+00 -1.1980906409634956e+01
1.7985617941801566e+00 4.2400525471037636e+00 -1.3116812963349600e+01
1.8001325905069516e+00 4.2181871608008858e+00 -1.4723061538382419e+01
1.8017033868337464e+00 4.1931679886146691e+00 -1.7132337865649070e+01
1.8032741831605414e+00 4.1634473978542994e+00 -2.0709093583340941e+01
1.8048449794873362e+00 4.1279249741995132e+00 -2.4519460938771573e+01
1.8064157758141310e+00 4.0871868694043565e+00 -2.7349905063990793e+01
1.8079865721409261e+00 4.0427733951835174e+00 -2.9199086633053305e+01
1.8095573684677209e+00 3.9962197063738296e+00 -3.0074910912739721e+01
1.8111281647945159e+00 3.9490292793454165e+00 -3.0009806912770404e+01
1.8126989611213107e+00 3.9014898320912121e+00 -3.0519297266137901e+01
1.8142697574481057e+00 3.8520952504949557e+00 -3.2371837317858713e+01
1.8158405537749005e+00 3.7999800851302630e+00 -3.3983252104884713e+01
1.8174113501016955e+00 3.7462742146850689e+00 -3.4397185930354183e+01
1.8189821464284903e+00 3.6928574305902018e+00 -3.3615175931815131e+01
1.8205529427552851e+00 3.6416106619362392e+00 -3.1634236458308209e+01
1.8221237390820801e+00 3.5942222686166847e+00 -2.8702539877607389e+01
1.8236945354088749e+00 3.5507365317001098e+00 -2.6665219996529110e+01
1.8252653317356700e+00 3.5095761146914657e+00 -2.5741850616662379e+01
1.8268361280624648e+00 3.4699981977321421e+00 -2.4650318354195971e+01
1.8284069243892598e+00 3.4324864247395270e+00 -2.3111154413126222e+01
1.8299777207160546e+00 3.3977456665185599e+00 -2.1122152767894921e+01
1.8315485170428496e+00 3.3664857774679908e+00 -1.8679174135320078e+01
1.8331193133696444e+00 3.3391842823279116e+00 -1.6082169107425578e+01
1.8346901096964392e+00 3.3154541619761058e+00 -1.4131958525820306e+01
1.8362609060232342e+00 3.2943056084419311e+00 -1.2795216147837056e+01
1.8378317023500290e+00 3.2750702567318046e+00 -1.1695994306386893e+01
1.8394024986768240e+00 3.2573887733654563e+00 -1.0816769525223128e+01
1.8409732950036188e+00 3.2409160415633731e+00 -1.0156964015006988e+01
1.8425440913304139e+00 3.2253093018763175e+00 -9.7141541189384846e+00
1.8441148876572087e+00 3.2104405859482408e+00 -9.2172829801235263e+00
1.8456856839840037e+00 3.1965121395214098e+00 -8.5169658072412933e+00
1.8472564803107985e+00 3.1836071991200803e+00 -7.9141146341826314e+00
1.8488272766375933e+00 3.1714340493396151e+00 -7.5852210502906479e+00
1.8503980729643883e+00 3.1595632447023974e+00 -7.5291568416392360e+00
1.8519688692911831e+00 3.1475663966556571e+00 -7.7457045036502965e+00
1.8535396656179781e+00 3.1350388552139088e+00 -8.2048566582906517e+00
1.8551104619447729e+00 3.1218524581432661e+00 -8.5845855446328443e+00
1.8566812582715679e+00 3.1082488633278498e+00 -8.7360493249080911e+00
1.8582520545983627e+00 3.0943839713029400e+00 -8.9172794846913206e+00
1.8598228509251575e+00 3.0801548438118629e+00 -9.1998083240272415e+00
1.8613936472519526e+00 3.0654022886679173e+00 -9.5837282711286544e+00
1.8629644435787474e+00 3.0499669590378140e+00 -1.0069143799942578e+01
1.8645352399055424e+00 3.0336923800888917e+00 -1.0652293691738095e+01
1.8661060362323372e+00 3.0164567932861939e+00 -1.1292737002173661e+01
1.8676768325591322e+00 2.9982178518484575e+00 -1.1929804490459203e+01
1.8692476288859270e+00 2.9789985270816555e+00 -1.2540999825742601e+01
1.8708184252127220e+00 2.9588396105206853e+00 -1.3126129918698913e+01
1.8723892215395168e+00 2.9377820279998512e+00 -1.3685216863352625e+01
1.8739600178663116e+00 2.9158666422767117e+00 -1.4218318877474839e+01
1.8755308141931066e+00 2.8930552705548838e+00 -1.4826021668407522e+01
1.8771016105199014e+00 2.8691653152669034e+00 -1.5591614126205760e+01
1.8786724068466965e+00 2.8440489036618528e+00 -1.6387594351187534e+01
1.8802432031734913e+00 2.8177456876408034e+00 -1.7102700440526192e+01
1.8818139995002863e+00 2.7903826397728717e+00 -1.7737014169402823e+01
1.8833847958270811e+00 2.7620866212217323e+00 -1.8290595608469911e+01
1.8849555921538761e+00 2.7329645826157853e+00 -1.8788735567923098e+01
1.8865263884806709e+00 2.7028684848951570e+00 -1.9530806192196994e+01
1.8880971848074657e+00 2.6714115019590792e+00 -2.0521468440078696e+01
1.8896679811342607e+00 2.6385361886030596e+00 -2.1336680570362027e+01
1.8912387774610555e+00 2.6046121101790640e+00 -2.1856797597768512e+01
1.8928095737878505e+00 2.5701025574040726e+00 -2.2082129666472465e+01
1.8943803701146453e+00 2.5354704805839359e+00 -2.2012800057234521e+01
1.8959511664414403e+00 2.5009895470034462e+00 -2.1889688116828008e+01
1.8975219627682351e+00 2.4661829505223802e+00 -2.2427446940507512e+01
1.8990927590950299e+00 2.4303004621704987e+00 -2.3259556192610020e+01
1.9006635554218250e+00 2.3936768923967668e+00 -2.3371021112669144e+01
1.9022343517486198e+00 2.3575095446004357e+00 -2.2678676329812568e+01
1.9038051480754148e+00 2.3230631195530966e+00 -2.1179874215212084e+01
1.9053759444022096e+00 2.2916101662546633e+00 -1.8867269723063789e+01
1.9069467407290046e+00 2.2634020939949324e+00 -1.7048363358769777e+01
1.9085175370557994e+00 2.2368310188220875e+00 -1.6782980297429045e+01
1.9100883333825944e+00 2.2105026778279808e+00 -1.6739304603536638e+01
1.9116591297093892e+00 2.1852492984072405e+00 -1.5414296713153103e+01
1.9132299260361840e+00 2.1631089929771763e+00 -1.2775615692920875e+01
1.9148007223629790e+00 2.1462372489830335e+00 -8.7061559490680320e+00
1.9163715186897738e+00 2.1372813823971781e+00 -2.6968075454158016e+00
1.9179423150165689e+00 2.1351633147039721e+00 0.0000000000000000e+00
1.9195131113433637e+00 2.1353944820005681e+00 2.9433134347530920e-01
1.9210839076701587e+00 2.1360523266138434e+00 5.4326243243759587e-01
1.9226547039969535e+00 2.1370521459430267e+00 7.2974707506919767e-01
1.9242255003237485e+00 2.1383051450704502e+00 8.6562096348465700e-01
1.9257962966505433e+00 2.1397339855413828e+00 9.5363522722476668e-01
1.9273670929773381e+00 2.1413295758657380e+00 1.0779334709412447e+00
1.9289378893041331e+00 2.1433542260119416e+00 1.4999311594587588e+00
1.9305086856309279e+00 2.1463204317047775e+00 2.2767592264787657e+00
1.9320794819577229e+00 2.1502011061434181e+00 2.6642689290412478e+00
1.9336502782845177e+00 2.1543498782784565e+00 2.6181118153853062e+00
1.9352210746113128e+00 2.1580825293654340e+00 2.1344471552527824e+00
1.9367918709381076e+00 2.1606528872310289e+00 1.1382341233437738e+00
1.9383626672649024e+00 2.1615468542210192e+00 0.0000000000000000e+00
1.9399334635916974e+00 2.1586528699606009e+00 -3.6847352022053372e+00
1.9415042599184922e+00 2.1482368127125944e+00 -9.5774007861830022e+00
1.9430750562452872e+00 2.1299684103877659e+00 -1.3682651472918728e+01
1.9446458525720820e+00 2.1062540345623426e+00 -1.6511429606723407e+01
1.9462166488988770e+00 2.0790241309461766e+00 -1.8158760476703637e+01
1.9477874452256718e+00 2.0500584427172392e+00 -1.8721499216851722e+01
1.9493582415524668e+00 2.0193292620087768e+00 -2.0404108838472620e+01
1.9509290378792616e+00 1.9840695684120107e+00 -2.4489927384177964e+01
1.9524998342060564e+00 1.9423406904918907e+00 -2.8640930141148122e+01
1.9540706305328515e+00 1.8951401019659104e+00 -3.1456725704898066e+01
1.9556414268596463e+00 1.8445482176306494e+00 -3.2958862073427831e+01
1.9572122231864413e+00 1.7926221828579338e+00 -3.3155418800481399e+01
1.9587830195132361e+00 1.7411593651749384e+00 -3.2369075757008424e+01
1.9603538158400311e+00 1.6902159485053017e+00 -3.2494096890688461e+01
1.9619246121668259e+00 1.6381885661848969e+00 -3.3749223688709883e+01
1.9634954084936209e+00 1.5845932429474407e+00 -3.4490461270077418e+01
1.9650662048204157e+00 1.5304661036943183e+00 -3.4426352870389231e+01
1.9666370011472105e+00 1.4770722657075808e+00 -3.3556793099511729e+01
1.9682077974740055e+00 1.4256781323978396e+00 -3.1880249797836150e+01
1.9697785938008003e+00 1.3771073700782044e+00 -2.9961965505459887e+01
1.9713493901275954e+00 1.3308721772533854e+00 -2.8906510357550591e+01
1.9729201864543902e+00 1.2859143415569783e+00 -2.8335583896824708e+01
1.9744909827811852e+00 1.2421904681695894e+00 -2.7335380748987699e+01
1.9760617791079800e+00 1.2003946997998773e+00 -2.5880644341924143e+01
1.9776325754347750e+00 1.1612422963209243e+00 -2.3969744038901545e+01
1.9792033717615698e+00 1.1254464213123865e+00 -2.1606979560368877e+01
1.9807741680883646e+00 1.0932521958040664e+00 -1.9383981468948278e+01
1.9823449644151596e+00 1.0640642575297343e+00 -1.7779255771217361e+01
1.9839157607419544e+00 1.0371126799307651e+00 -1.6536558620790782e+01
1.9854865570687494e+00 1.0120086642398274e+00 -1.5426866888560522e+01
1.9870573533955442e+00 9.8854333978918485e-01 -1.4450112132040219e+01
1.9886281497223393e+00 9.6650796114989379e-01 -1.3606203334715488e+01
1.9901989460491341e+00 9.4573357972182015e-01 -1.2844560616921221e+01
1.9917697423759289e+00 9.2635031344769136e-01 -1.1834980509432464e+01
1.9933405387027239e+00 9.0860883755007993e-01 -1.0754168185370366e+01
1.9949113350295187e+00 8.9227364627207562e-01 -1.0044443320599004e+01
1.9964821313563137e+00 8.7670489624846293e-01 -9.7783048715596408e+00
1.9980529276831085e+00 8.6120701706403724e-01 -9.9542077655803425e+00
1.9996237240099035e+00 8.4508483182101179e-01 -1.0573196033383708e+01
2.0011945203366985e+00 8.2771542498627271e-01 -1.1542219617197505e+01
2.0027653166634933e+00 8.0885285830088194e-01 -1.2474346201847574e+01
2.0043361129902881e+00 7.8873082825938934e-01 -1.3145818167331308e+01
2.0059069093170829e+00 7.6765792531068855e-01 -1.3685035189322399e+01
2.0074777056438777e+00 7.4583458218022702e-01 -1.4101308282707400e+01
2.0090485019706730e+00 7.2345382991350915e-01 -1.4394750544192613e+01
2.0106192982974678e+00 7.0070726313269793e-01 -1.4567077788097173e+01
2.0121900946242626e+00 6.7746849104791718e-01 -1.5021445801335167e+01
2.0137608909510574e+00 6.5315998692011767e-01 -1.5929102927538990e+01
2.0153316872778526e+00 6.2757419570259387e-01 -1.6647738233942707e+01
2.0169024836046474e+00 6.0134175338217577e-01 -1.6752444683399951e+01
2.0184732799314422e+00 5.7542668197321600e-01 -1.6243649039125266e+01
2.0200440762582370e+00 5.5079440226719301e-01 -1.5119143559562607e+01
2.0216148725850318e+00 5.2834253684678023e-01 -1.3467459346780734e+01
2.0231856689118271e+00 5.0810544926683221e-01 -1.2299200830272236e+01
2.0247564652386218e+00 4.8919175632557171e-01 -1.1782460959520472e+01
2.0263272615654166e+00 4.7113464834435403e-01 -1.1208562985720263e+01
2.0278980578922114e+00 4.5419171766840388e-01 -1.0363846354607258e+01
2.0294688542190067e+00 4.3879012310667270e-01 -9.2460728933625873e+00
2.0310396505458015e+00 4.2536248370447854e-01 -7.8505285859560887e+00
2.0326104468725963e+00 4.1425160738059214e-01 -6.2962785262785896e+00
2.0341812431993911e+00 4.0530943683414833e-01 -5.0892466292204315e+00
2.0357520395261859e+00 3.9793223184676185e-01 -4.3037024903380869e+00
2.0373228358529811e+00 3.9157088750657204e-01 -3.7958126812669852e+00
2.0388936321797759e+00 3.8580355469333305e-01 -3.5473835241980263e+00
2.0404644285065707e+00 3.8022524699263138e-01 -3.5551384330364950e+00
2.0420352248333655e+00 3.7443345721179677e-01 -3.8191973507156036e+00
2.0436060211601603e+00 3.6817858284392324e-01 -4.1447560418118075e+00
2.0451768174869556e+00 3.6159555473514055e-01 -4.2370156703916271e+00
2.0467476138137504e+00 3.5493476386830858e-01 -4.2437666604701789e+00
2.0483184101405452e+00 3.4817314042526371e-01 -4.3653996938234281e+00
2.0498892064673400e+00 3.4113003162775846e-01 -4.6021649450329614e+00
2.0514600027941352e+00 3.3362427890512825e-01 -4.9544562344213174e+00
2.0530307991209300e+00 3.2546675471005831e-01 -5.4320261578762228e+00
2.0546015954477248e+00 3.1638469441444333e-01 -6.1316121581705803e+00
2.0561723917745196e+00 3.0608733204282229e-01 -6.9793968198459799e+00
2.0577431881013144e+00 2.9457757097201065e-01 -7.6752861259656120e+00
2.0593139844281096e+00 2.8215164496736145e-01 -8.1458942431032426e+00
2.0608847807549044e+00 2.6916235733830207e-01 -8.3925804241553941e+00
2.0624555770816992e+00 2.5596099646390186e-01 -8.4159142854515494e+00
2.0640263734084940e+00 2.4280874247903522e-01 -8.3300555904823383e+00
2.0655971697352893e+00 2.2956094646652897e-01 -8.5375621732217226e+00
2.0671679660620841e+00 2.1582782237951653e-01 -8.9479944871185921e+00
2.0687387623888789e+00 2.0165838907423239e-01 -9.0930883236577458e+00
2.0703095587156737e+00 1.8750534283767639e-01 -8.9271298231916312e+00
2.0718803550424685e+00 1.7385775918154084e-01 -8.4495133778825462e+00
2.0734511513692637e+00 1.6120683754216064e-01 -7.6581403307185756e+00
2.0750219476960585e+00 1.4973067671394658e-01 -6.9537614575051148e+00
2.0765927440228533e+00 1.3896981907457195e-01 -6.7473880242129791e+00
2.0781635403496481e+00 1.2844002517145148e-01 -6.6595619711520690e+00
2.0797343366764434e+00 1.1832776108208629e-01 -6.2157725542301447e+00
2.0813051330032382e+00 1.0919752331900338e-01 -5.4092072185620452e+00
2.0828759293300330e+00 1.0163055120638184e-01 -4.2253609091364801e+00
2.0844467256568278e+00 9.6233988975083312e-02 -2.6457555293774644e+00
2.0860175219836226e+00 9.2912730141673283e-02 -1.5830025556214291e+00
2.0875883183104178e+00 9.0789378190705330e-02 -1.1205331157409371e+00
2.0891591146372126e+00 8.9211222673137303e-02 -8.8883689696879642e-01
2.0907299109640074e+00 8.7922447499756085e-02 -7.5208261805319299e-01
2.0923007072908022e+00 8.6776562941600369e-02 -7.0690291509213843e-01
2.0938715036175974e+00 8.5631257167759572e-02 -7.5134568697515491e-01
2.0954422999443922e+00 8.4362833419289851e-02 -8.6366158905780654e-01
2.0970130962711870e+00 8.2974693021996809e-02 -9.0377365842017854e-01
2.0985838925979818e+00 8.1588604246085786e-02 -8.6104938358339900e-01
2.1001546889247766e+00 8.0227876294588107e-02 -8.7148325389002279e-01
2.1017254852515719e+00 7.8795528029671269e-02 -9.5223919883449404e-01
2.1032962815783667e+00 7.7180132687564990e-02 -1.1045460311163415e+00
2.1048670779051615e+00 7.5268303983637902e-02 -1.3296698774835516e+00
2.1064378742319563e+00 7.2819106366189143e-02 -1.7887453819235437e+00
2.1080086705587515e+00 6.9230121934751185e-02 -2.7808915216211068e+00
2.1095794668855463e+00 6.3915759766615135e-02 -3.9855645458946234e+00
2.1111502632123411e+00 5.7101448723057231e-02 -4.6906857448893664e+00
2.1127210595391359e+00 4.9550789041653873e-02 -4.9231127503113923e+00
2.1142918558659307e+00 4.2000834336501626e-02 -4.6897881412483464e+00
2.1158626521927260e+00 3.5176137974789690e-02 -3.9996851472915624e+00
2.1174334485195208e+00 2.9263114036097944e-02 -3.5290107604169063e+00
2.1190042448463156e+00 2.3736037942092111e-02 -3.5082810892321188e+00
2.1205750411731104e+00 1.8238766329319062e-02 -3.4910625163010063e+00
2.1221458374999056e+00 1.2996763281304832e-02 -3.1832630580514967e+00
2.1237166338267004e+00 8.4729763869409985e-03 -2.5766013078075649e+00
2.1252874301534952e+00 5.1649595851701608e-03 -1.6352964988556669e+00
2.1268582264802900e+00 3.6865601428515329e-03 -2.4706013401893817e-01
2.1284290228070848e+00 3.4925195673443433e-03 0.0000000000000000e+00
2.1299998191338800e+00 3.8138353028288495e-03 4.0911190076444642e-01
2.1315706154606748e+00 4.6009019641048820e-03 5.9301249671493639e-01
2.1331414117874696e+00 5.5690637560332707e-03 6.3968938247002116e-01
2.1347122081142644e+00 6.5082333932086666e-03 5.5609853879634208e-01
2.1362830044410592e+00 7.2019792756869089e-03 3.2720615277220366e-01
2.1378538007678545e+00 7.4589663871265990e-03 0.0000000000000000e+00
2.1394245970946493e+00 7.2999227507713213e-03 -2.0250064714603169e-01
2.1409953934214441e+00 6.6838696881579831e-03 -5.8188247382852631e-01
2.1425661897482389e+00 5.6208195285668899e-03 -7.7163502739996326e-01
2.1441369860750341e+00 4.3716208987971562e-03 -8.1889406725149061e-01
2.1457077824018289e+00 3.1564869614929382e-03 -7.2826251387407370e-01
2.1472785787286237e+00 2.1988061349866692e-03 -4.9109458566843833e-01
2.1488493750554185e+00 1.5771448140328222e-03 -3.0042919160234699e-01
2.1504201713822133e+00 1.1565498965587910e-03 -2.3508888964024521e-01
2.1519909677090086e+00 8.0496533708013934e-04 -2.1256247480616711e-01
2.1535617640358033e+00 4.9607649211728271e-04 -1.8072701752813511e-01
2.1551325603625981e+00 2.4484267447104959e-04 -1.3915381407385158e-01
2.1567033566893929e+00 6.7775762233861255e-05 -8.6294780650701106e-02
2.1582741530161882e+00 0.0000000000000000e+00 0.0000000000000000e+00
2.1598449493429830e+00 3.5259140625770697e-04 4.4893332158112154e-01
2.1614157456697778e+00 3.2652958394426904e-03 3.2596371448756476e+00
2.1629865419965726e+00 1.0020009294174282e-02 5.3407311390438181e+00
2.1645573383233674e+00 1.9456265802295973e-02 6.6738838013620105e+00
2.1661281346501626e+00 3.0470113474228195e-02 7.3493825942283122e+00
2.1676989309769574e+00 4.2044209842653182e-02 7.3872145966269391e+00
2.1692697273037522e+00 5.3522781438164649e-02 7.2277566758529579e+00
2.1708405236305470e+00 6.5367501555397070e-02 7.8534093737284145e+00
2.1724113199573423e+00 7.8628480224428990e-02 9.0309930695687690e+00
2.1739821162841371e+00 9.3192716112394741e-02 9.5127680018414207e+00
2.1755529126109319e+00 1.0792116730045007e-01 9.2400784834933756e+00
2.1771237089377267e+00 1.2162443212802754e-01 8.2074601869578174e+00
2.1786945052645215e+00 1.3308615751262454e-01 6.3860618236068145e+00
2.1802653015913167e+00 1.4191198743193506e-01 4.8513338447636309e+00
2.1818360979181115e+00 1.4905744402783833e-01 4.2465440583296630e+00
2.1834068942449063e+00 1.5550926248109720e-01 3.9681663318120841e+00
2.1849776905717011e+00 1.6135264266323307e-01 3.4718563910055247e+00
2.1865484868984963e+00 1.6623912866429258e-01 2.7498108203368661e+00
2.1881192832252911e+00 1.6979209846689983e-01 1.7739708335928530e+00
2.1896900795520859e+00 1.7138328854062945e-01 2.5199529146990163e-01
2.1912608758788807e+00 1.7158120517973471e-01 0.0000000000000000e+00
2.1928316722056755e+00 1.6976125418951790e-01 -2.3172335702240927e+00
2.1944024685324708e+00 1.6483281483776460e-01 -3.9578503062557382e+00
2.1959732648592656e+00 1.5775302046563350e-01 -5.0564238569356030e+00
2.1975440611860604e+00 1.4931381848454447e-01 -5.6887018313949254e+00
2.1991148575128552e+00 1.4023414809330970e-01 -5.8718935638869132e+00
2.2006856538396504e+00 1.3098768440762498e-01 -5.9010696496818964e+00
2.2022564501664452e+00 1.2117626288685932e-01 -6.5912202206233292e+00
2.2038272464932400e+00 1.0984592891380875e-01 -7.8350090489218260e+00
2.2053980428200348e+00 9.7018900486010681e-02 -8.4968707867937958e+00
2.2069688391468296e+00 8.3671037038433149e-02 -8.4981567923879968e+00
2.2085396354736249e+00 7.0839950030190765e-02 -7.8388905884401989e+00
2.2101104318004197e+00 5.9574919986915942e-02 -6.5041911352878596e+00
2.2116812281272145e+00 5.0325252217990654e-02 -5.2728516437708137e+00
2.2132520244540093e+00 4.2395865280171044e-02 -4.8231573709682012e+00
2.2148228207808045e+00 3.4947951049119866e-02 -4.6598215537998451e+00
2.2163936171075993e+00 2.7996499781723361e-02 -4.1910410931493001e+00
2.2179644134343941e+00 2.2028426309659614e-02 -3.4077460573676182e+00
2.2195352097611889e+00 1.7562687152116237e-02 -2.2782096344892548e+00
2.2211060060879837e+00 1.5360132257485070e-02 -5.2617035680530955e-01
2.2226768024147789e+00 1.4946879025615908e-02 0.0000000000000000e+00
2.2242475987415737e+00 1.7056842237059559e-02 2.6864885987466223e+00
2.2258183950683685e+00 2.2983430669080769e-02 4.8594781582732134e+00
2.2273891913951633e+00 3.1858753130116518e-02 6.4409333713944061e+00
2.2289599877219581e+00 4.2834614713628823e-02 7.5339676342738349e+00
2.2305307840487534e+00 5.5162636323555753e-02 8.1625569878313122e+00
2.2321015803755482e+00 6.8344261632732883e-02 8.6208096196959261e+00
2.2336723767023430e+00 8.2967774743018238e-02 9.9984255552736396e+00
2.2352431730291378e+00 1.0058726175274810e-01 1.2435402063463306e+01
2.2368139693559330e+00 1.2171465476299817e-01 1.4464830194342422e+01
2.2383847656827278e+00 1.4558803608447826e-01 1.5931702970709729e+01
2.2399555620095226e+00 1.7133029793495619e-01 1.6844362788248159e+01
2.2415263583363174e+00 1.9807367780031412e-01 1.7206366016201798e+01
2.2430971546631122e+00 2.2533579040847573e-01 1.7504833829534771e+01
2.2446679509899075e+00 2.5358977204507333e-01 1.8469252886394472e+01
2.2462387473167023e+00 2.8361300415352653e-01 1.9757513494853008e+01
2.2478095436434971e+00 3.1536009088448469e-01 2.0664132761142380e+01
2.2493803399702919e+00 3.4822814841639615e-01 2.1184777847120273e+01
2.2509511362970871e+00 3.8161132866331460e-01 2.1320007372268666e+01
2.2525219326238819e+00 4.1492539642381138e-01 2.1096781096385239e+01
2.2540927289506767e+00 4.4817088030140906e-01 2.1232683660430059e+01
2.2556635252774715e+00 4.8207718349865525e-01 2.1938162386086766e+01
2.2572343216042663e+00 5.1688579112229638e-01 2.2381533337505786e+01
2.2588051179310615e+00 5.5189481637801852e-01 2.2193342040701847e+01
2.2603759142578563e+00 5.8611184473941469e-01 2.1373131572355124e+01
2.2619467105846511e+00 6.1854234527635377e-01 1.9918664166833207e+01
2.2635175069114459e+00 6.4841194479250897e-01 1.8112491122540217e+01
2.2650883032382412e+00 6.7624783899725016e-01 1.7329270141992794e+01
2.2666590995650360e+00 7.0344746294091609e-01 1.7302366665010176e+01
2.2682298958918308e+00 7.3008450397148383e-01 1.6612967329843876e+01
2.2698006922186256e+00 7.5494586506241956e-01 1.5041500747077611e+01
2.2713714885454204e+00 7.7663104571880526e-01 1.2568928799360389e+01
2.2729422848722156e+00 7.9367749163789925e-01 9.1352802420146304e+00
2.2745130811990104e+00 8.0546067797151311e-01 5.8675385609264277e+00
2.2760838775258052e+00 8.1362313597196123e-01 4.5252257474847291e+00
2.2776546738526000e+00 8.2035080061056664e-01 4.0407029141046626e+00
2.2792254701793953e+00 8.2622807396129683e-01 3.4424739312615587e+00
2.2807962665061901e+00 8.3105188676067909e-01 2.6993952813119741e+00
2.2823670628329848e+00 8.3458045823331217e-01 1.7933214540690936e+00
2.2839378591597796e+00 8.3647514191090444e-01 6.1906472900584963e-01
2.2855086554865744e+00 8.3696135421208973e-01 0.0000000000000000e+00
2.2870794518133697e+00 8.3625579378407755e-01 -8.9834743814516871e-01
2.2886502481401645e+00 8.3430168059157706e-01 -1.5897067534352611e+00
2.2902210444669593e+00 8.3159785470078251e-01 -1.8529112928033538e+00
2.2917918407937541e+00 8.2877779767495818e-01 -1.7376968308846059e+00
2.2933626371205493e+00 8.2644910499199753e-01 -1.2272867805955983e+00
2.2949334334473441e+00 8.2548519620855587e-01 0.0000000000000000e+00
2.2965042297741389e+00 8.2555742436733637e-01 9.1963748002777790e-02
2.2980750261009337e+00 8.2741910549277331e-01 2.2784022805908100e+00
2.2996458224277285e+00 8.3220353452867024e-01 3.8133219668927216e+00
2.3012166187545238e+00 8.3910811392955831e-01 4.9778615660798939e+00
2.3027874150813186e+00 8.4759404488227408e-01 5.8267612968106226e+00
2.3043582114081134e+00 8.5717665877065963e-01 6.3742016478110255e+00
2.3059290077349082e+00 8.6774142800134180e-01 7.0772803176956742e+00
2.3074998040617030e+00 8.8026951344317339e-01 8.8739734866662214e+00
2.3090706003884982e+00 8.9635666301220118e-01 1.1608821506684611e+01
2.3106413967152930e+00 9.1627891760665159e-01 1.3756980863252990e+01
2.3122121930420878e+00 9.3909286882166432e-01 1.5290643995361885e+01
2.3137829893688826e+00 9.6384230965850315e-01 1.6221322788186562e+01
2.3153537856956778e+00 9.8958747074742015e-01 1.6558434395792275e+01
2.3169245820224726e+00 1.0160179441301056e+00 1.7093889501115168e+01
2.3184953783492674e+00 1.0439456506413778e+00 1.8464770822796361e+01
2.3200661746760622e+00 1.0741404666559871e+00 1.9980462973009079e+01
2.3216369710028570e+00 1.1063430717727383e+00 2.1021167305131993e+01
2.3232077673296523e+00 1.1398088951356711e+00 2.1588842397666678e+01
2.3247785636564471e+00 1.1737955955660726e+00 2.1684368585390875e+01
2.3263493599832419e+00 1.2076094323428181e+00 2.1368745557984294e+01
2.3279201563100367e+00 1.2410874588033063e+00 2.1256801611201997e+01
2.3294909526368319e+00 1.2747066678899266e+00 2.1548504860593368e+01
2.3310617489636267e+00 1.3087336006021073e+00 2.1775931454600432e+01
2.3326325452904215e+00 1.3429622525104588e+00 2.1805341718089988e+01
2.3342033416172163e+00 1.3770815860206209e+00 2.1636742947058643e+01
2.3357741379440111e+00 1.4107805358856864e+00 2.1270092637193109e+01
2.3373449342708064e+00 1.4438015915195244e+00 2.0773621204699797e+01
2.3389157305976012e+00 1.4761262434657230e+00 2.0383403923003225e+01
2.3404865269243960e+00 1.5079452728065255e+00 2.0129842508797324e+01
2.3420573232511908e+00 1.5393643512842545e+00 1.9874170668187404e+01
2.3436281195779860e+00 1.5703722362352905e+00 1.9606294650061180e+01
2.3451989159047808e+00 1.6009497570227045e+00 1.9326213996438248e+01
2.3467697122315756e+00 1.6310777723995586e+00 1.9033966585763906e+01
2.3483405085583704e+00 1.6608337762489702e+00 1.8852554208600935e+01
2.3499113048851652e+00 1.6904245175695527e+00 1.8823547798795875e+01
2.3514821012119604e+00 1.7199127997988599e+00 1.8722099241860963e+01
2.3530528975387552e+00 1.7490685709303755e+00 1.8400181520034771e+01
2.3546236938655500e+00 1.7775454074983548e+00 1.7857652907278954e+01
2.3561944901923448e+00 1.8049965636612204e+00 1.7094244667984235e+01
2.3577652865191401e+00 1.8311101602600894e+00 1.6154619176950192e+01
2.3593360828459349e+00 1.8560476457934225e+00 1.5596773550352390e+01
2.3609068791727297e+00 1.8804163933695717e+00 1.5430479519271687e+01
2.3624776754995245e+00 1.9043391116190247e+00 1.5028871373491446e+01
2.3640484718263193e+00 1.9272993432089822e+00 1.4205003443121722e+01
2.3656192681531145e+00 1.9486318967350724e+00 1.2956447296469799e+01
2.3671900644799093e+00 1.9676655043716564e+00 1.1277894625403679e+01
2.3687608608067041e+00 1.9839964709851563e+00 9.5153378706552871e+00
2.3703316571334989e+00 1.9983262287790795e+00 8.7298764190457590e+00
2.3719024534602942e+00 2.0118730083153089e+00 8.5184189902865661e+00
2.3734732497870890e+00 2.0247350355465992e+00 7.8580227060535961e+00
2.3750440461138838e+00 2.0361238374992192e+00 6.6426503071804524e+00
2.3766148424406786e+00 2.0451397389787118e+00 4.8367519879462941e+00
2.3781856387674734e+00 2.0507138651644761e+00 2.2604458991129661e+00
2.3797564350942686e+00 2.0524892152220993e+00 0.0000000000000000e+00
2.3813272314210634e+00 2.0524695989635684e+00 -2.4976196081478819e-02
2.3828980277478582e+00 2.0523981980199113e+00 -6.5934308913961334e-02
2.3844688240746530e+00 2.0522793192867947e+00 -8.5426795118244719e-02
2.3860396204014482e+00 2.0521405332252050e+00 -9.1281106755722083e-02
2.3876104167282430e+00 2.0520029265902484e+00 -8.3925102489127087e-02
2.3891812130550378e+00 2.0518869677639771e+00 -6.3718260680880406e-02
2.3907520093818326e+00 2.0517976304934398e+00 -5.0029484985953519e-02
2.3923228057086274e+00 2.0517218878515728e+00 -4.6409041861560342e-02
2.3938936020354227e+00 2.0516506391735567e+00 -4.4307592498825064e-02
2.3954643983622175e+00 2.0515851384773525e+00 -3.9090484116305786e-02
2.3970351946890123e+00 2.0515303738073665e+00 -3.0638059364355017e-02
2.3986059910158071e+00 2.0514918142372549e+00 -1.8457510129542533e-02
2.4001767873426019e+00 2.0514773177426981e+00 0.0000000000000000e+00
2.4017475836693971e+00 2.0527038660353996e+00 1.5616897897943851e+00
2.4033183799961919e+00 2.0595383157386413e+00 7.1402018388768047e+00
2.4048891763229867e+00 2.0740552867155344e+00 1.1343379678677064e+01
2.4064599726497815e+00 2.0942992136973997e+00 1.4431988695366297e+01
2.4080307689765768e+00 2.1186245807658191e+00 1.6540030596336720e+01
2.4096015653033716e+00 2.1455193718224286e+00 1.7703480924330343e+01
2.4111723616301663e+00 2.1746142895513145e+00 1.9341318878905781e+01
2.4127431579569611e+00 2.2083083111783464e+00 2.3559241877795429e+01
2.4143139542837559e+00 2.2498906144397703e+00 2.9384990995823010e+01
2.4158847506105512e+00 2.2995114115956774e+00 3.3794170184345781e+01
2.4174555469373460e+00 2.3549547703155733e+00 3.6798506630767221e+01
2.4190263432641408e+00 2.4140282215924396e+00 3.8416147578929319e+01
2.4205971395909356e+00 2.4746082204963868e+00 3.8716702645593834e+01
2.4221679359177308e+00 2.5363032373820720e+00 3.9835832566346710e+01
2.4237387322445256e+00 2.6012394623778614e+00 4.2843536984117684e+01
2.4253095285713204e+00 2.6707241567315330e+00 4.5627123620818409e+01
2.4268803248981152e+00 2.7434918225871425e+00 4.7023546124624168e+01
2.4284511212249100e+00 2.8173665930338267e+00 4.7036732966332593e+01
2.4300219175517053e+00 2.8901757135475203e+00 4.5666718489069574e+01
2.4315927138785001e+00 2.9599833910894580e+00 4.3215177083451920e+01
2.4331635102052949e+00 3.0265881099531633e+00 4.1588584839791110e+01
2.4347343065320897e+00 3.0915101889772623e+00 4.1072773500118217e+01
2.4363051028588849e+00 3.1554196426856200e+00 4.0299270243766010e+01
2.4378758991856797e+00 3.2177116007439399e+00 3.9013314075075854e+01
2.4394466955124745e+00 3.2775805335732748e+00 3.7214178704331324e+01
2.4410174918392693e+00 3.3342193699984288e+00 3.4900627599965603e+01
2.4425882881660641e+00 3.3869846116233018e+00 3.2282164624332573e+01
2.4441590844928593e+00 3.4359005549549755e+00 2.9999548793565069e+01
2.4457298808196541e+00 3.4816542155264059e+00 2.8255821162373518e+01
2.4473006771464489e+00 3.5249585482550123e+00 2.6880967726061037e+01
2.4488714734732437e+00 3.5663871305631512e+00 2.5867541550979894e+01
2.4504422698000390e+00 3.6065073142980286e+00 2.5215062922295459e+01
2.4520130661268338e+00 3.6458928759387765e+00 2.4932191650312053e+01
2.4535838624536286e+00 3.6855033237058406e+00 2.5501396831383509e+01
2.4551546587804234e+00 3.7264451515734578e+00 2.6627357443410045e+01
2.4567254551072182e+00 3.7685101034065238e+00 2.6931402677832871e+01
2.4582962514340134e+00 3.8099600585650113e+00 2.5844319357441258e+01
2.4598670477608082e+00 3.8486022876534909e+00 2.3356494814729256e+01
2.4614378440876030e+00 3.8822117001835208e+00 1.9436338293824736e+01
2.4630086404143978e+00 3.9087844631517541e+00 1.4397154330206142e+01
2.4645794367411931e+00 3.9290721894995273e+00 1.1433981128538505e+01
2.4661502330679879e+00 3.9462293330083562e+00 1.0411172461600231e+01
2.4677210293947827e+00 3.9621184845778590e+00 9.8195236489828606e+00
2.4692918257215775e+00 3.9770983561335216e+00 9.2534411907413237e+00
2.4708626220483723e+00 3.9912091082410188e+00 8.7129263984805263e+00
2.4724334183751675e+00 4.0044909035145357e+00 8.1979805688346143e+00
2.4740042147019623e+00 4.0169839065554012e+00 7.7086049352924233e+00
2.4755750110287571e+00 4.0287282838011684e+00 7.2448006023074640e+00
2.4771458073555519e+00 4.0397642032539682e+00 6.8065684575100498e+00
2.4787166036823467e+00 4.0501318340503500e+00 6.3939090576587638e+00
2.4802874000091419e+00 4.0598713458281921e+00 6.0068224843005193e+00
2.4818581963359367e+00 4.0690229078409175e+00 5.6453081663977382e+00
2.4834289926627315e+00 4.0776266877671326e+00 5.3093646698581756e+00
2.4849997889895263e+00 4.0857228501672598e+00 4.9989894585825843e+00
2.4865705853163216e+00 4.0933515545518082e+00 4.7141786389165476e+00
2.4881413816431164e+00 4.1005529530524401e+00 4.4549267094851146e+00
2.4897121779699112e+00 4.1073671877314695e+00 4.2212263509610812e+00
2.4912829742967060e+00 4.1138343876301278e+00 4.0130683037184980e+00
2.4928537706235008e+00 4.1199946657398874e+00 3.8304413921945484e+00
2.4944245669502960e+00 4.1258915932438454e+00 3.6777598982799575e+00
2.4959953632770908e+00 4.1316038070237919e+00 3.5952565743298401e+00
2.4975661596038856e+00 4.1372334313508103e+00 3.5726037408338338e+00
2.4991369559306804e+00 4.1428301038135915e+00 3.5533009577104129e+00
2.5007077522574757e+00 4.1483886154652474e+00 3.5240158870471037e+00
2.5022785485842705e+00 4.1538932855957293e+00 3.4847478038050776e+00
2.5038493449110653e+00 4.1593284321240755e+00 3.4354956875156373e+00
2.5054201412378601e+00 4.1646783710972120e+00 3.3762581750013561e+00
2.5069909375646549e+00 4.1699274160993482e+00 3.3070334938135493e+00
2.5085617338914501e+00 4.1750598775366754e+00 3.2278193700182456e+00
2.5101325302182449e+00 4.1800600617495638e+00 3.1386129007919767e+00
2.5117033265450397e+00 4.1849122698857304e+00 3.0394103774610635e+00
2.5132741228718345e+00 4.1896007964392252e+00 2.9302070369898163e+00
2.5148449191986297e+00 4.1941099273158819e+00 2.8109967075543478e+00
2.5164157155254245e+00 4.1984239372156500e+00 2.6817712932097444e+00
2.5179865118522193e+00 4.2025270860078923e+00 2.5425200070055087e+00
2.5195573081790141e+00 4.2064036135831886e+00 2.3932281981179595e+00
2.5211281045058089e+00 4.2100377323291092e+00 2.2338754994516359e+00
2.5226989008326042e+00 4.2134136157643969e+00 2.0644327887718754e+00
2.5242696971593990e+00 4.2165153806894917e+00 1.8848569723313893e+00
2.5258404934861938e+00 4.2193270578106636e+00 1.6950815253725939e+00
2.5274112898129886e+00 4.2218325405155168e+00 1.4949981330970052e+00
2.5289820861397838e+00 4.2240154887235999e+00 1.2844178495422720e+00
2.5305528824665786e+00 4.2258591299205257e+00 1.0629790286862408e+00
2.5321236787933734e+00 4.2273457871464171e+00 8.2989174078472461e-01
2.5336944751201682e+00 4.2284554991181560e+00 5.8303742489896881e-01
2.5352652714469630e+00 4.2291601480346497e+00 3.1414944073516032e-01
2.5368360677737583e+00 4.2297084000697280e+00 3.8390673080799043e-01
2.5384068641005531e+00 4.2307585247957720e+00 9.5315359729521354e-01
2.5399776604273478e+00 4.2321637594648749e+00 8.3604675304000031e-01
2.5415484567541426e+00 4.2334770186335788e+00 8.3604675303988218e-01
2.5431192530809379e+00 4.2347902778022828e+00 8.3604675303988218e-01
2.5446900494077327e+00 4.2361035369709867e+00 8.3604675304000031e-01
2.5462608457345275e+00 4.2374167961396907e+00 8.3604675304000031e-01
2.5478316420613223e+00 4.2387300553083946e+00 8.3604675303971765e-01
2.5494024383881171e+00 4.2400433144770986e+00 8.3604675303988218e-01
2.5509732347149123e+00 4.2413565736458025e+00 8.3604675303988218e-01
2.5525440310417071e+00 4.2426698328145065e+00 8.3604675303971765e-01
2.5541148273685019e+00 4.2439830919832104e+00 8.3604675304000031e-01
2.5556856236952967e+00 4.2452963511519144e+00 8.3604675303988218e-01
2.5572564200220920e+00 4.2466096103206183e+00 8.3604675303988218e-01
2.5588272163488868e+00 4.2479228694893223e+00 8.3604675304000031e-01
2.5603980126756816e+00 4.2492361286580262e+00 8.3604675304000031e-01
2.5619688090024764e+00 4.2505493878267302e+00 8.3604675304000031e-01
2.5635396053292712e+00 4.2518626469954341e+00 8.3604675303988218e-01
2.5651104016560664e+00 4.2531759061641381e+00 8.3604675303988218e-01
2.5666811979828612e+00 4.2544891653328420e+00 8.3604675304000031e-01
2.5682519943096560e+00 4.2558024245015460e+00 8.3604675304000031e-01
2.5698227906364508e+00 4.2571156836702500e+00 8.3604675304000031e-01
2.5713935869632456e+00 4.2584289428389539e+00 8.3604675303988218e-01
2.5729643832900408e+00 4.2597422020076579e+00 8.3604675303988218e-01
2.5745351796168356e+00 4.2610554611763618e+00 8.3604675303971765e-01
2.5761059759436304e+00 4.2623687203450658e+00 8.3604675303971765e-01
2.5776767722704252e+00 4.2636819795137697e+00 8.3604675304016496e-01
2.5792475685972205e+00 4.2649952386824737e+00 8.3604675303988218e-01
2.5808183649240153e+00 4.2663084978511776e+00 8.3604675303971765e-01
2.5823891612508101e+00 4.2676217570198816e+00 8.3604675304000031e-01
2.5839599575776049e+00 4.2689350161885855e+00 8.3604675304000031e-01
2.5855307539043997e+00 4.2702482753572895e+00 8.3604675303988218e-01
2.5871015502311949e+00 4.2715615345259934e+00 8.3604675303988218e-01
2.5886723465579897e+00 4.2728747936946974e+00 8.3604675304000031e-01
2.5902431428847845e+00 4.2741880528634013e+00 8.3604675304000031e-01
2.5918139392115793e+00 4.2755013120321053e+00 8.3604675303988218e-01
2.5933847355383746e+00 4.2768145712008092e+00 8.3604675303988218e-01
2.5949555318651694e+00 4.2781278303695132e+00 8.3604675304000031e-01
2.5965263281919642e+00 4.2794410895382171e+00 8.3604675304000031e-01
2.5980971245187590e+00 4.2807543487069211e+00 8.3604675303971765e-01
2.5996679208455538e+00 4.2820676078756250e+00 8.3604675303988218e-01
2.6012387171723490e+00 4.2833808670443290e+00 8.3604675304016496e-01
2.6028095134991438e+00 4.2846941262130329e+00 8.3604675303971765e-01
2.6043803098259386e+00 4.2860073853817369e+00 8.3604675303971765e-01
2.6059511061527334e+00 4.2873206445504408e+00 8.3604675304016496e-01
2.6075219024795286e+00 4.2886339037191448e+00 8.3604675303988218e-01
2.6090926988063234e+00 4.2899471628878487e+00 8.3604675303971765e-01
2.6106634951331182e+00 4.2912604220565527e+00 8.3604675304000031e-01
2.6122342914599130e+00 4.2925736812252566e+00 8.3604675304000031e-01
2.6138050877867078e+00 4.2938869403939606e+00 8.3604675303988218e-01
2.6153758841135031e+00 4.2952001995626645e+00 8.3604675303988218e-01
2.6169466804402979e+00 4.2965134587313685e+00 8.3604675304000031e-01
2.6185174767670927e+00 4.2978267179000724e+00 8.3604675304000031e-01
2.6200882730938875e+00 4.2991399770687764e+00 8.3604675303988218e-01
2.6216590694206827e+00 4.3004532362374803e+00 8.3604675303988218e-01
2.6232298657474775e+00 4.3017664954061843e+00 8.3604675304000031e-01
2.6248006620742723e+00 4.3030797545748882e+00 8.3604675304000031e-01
2.6263714584010671e+00 4.3043930137435922e+00 8.3604675303971765e-01
2.6279422547278619e+00 4.3057062729122961e+00 8.3604675303988218e-01
2.6295130510546572e+00 4.3070195320810001e+00 8.3604675303988218e-01
2.6310838473814520e+00 4.3083327912497040e+00 8.3604675303971765e-01
2.6326546437082468e+00 4.3096460504184080e+00 8.3604675304000031e-01
2.6342254400350416e+00 4.3109593095871119e+00 8.3604675303988218e-01
2.6357962363618368e+00 4.3122725687558159e+00 8.3604675303988218e-01
2.6373670326886316e+00 4.3135858279245198e+00 8.3604675304000031e-01
2.6389378290154264e+00 4.3148990870932238e+00 8.3604675304000031e-01
2.6405086253422212e+00 4.3162123462619277e+00 8.3604675304000031e-01
2.6420794216690160e+00 4.3175256054306317e+00 8.3604675303988218e-01
2.6436502179958112e+00 4.3188388645993356e+00 8.3604675303988218e-01
2.6452210143226060e+00 4.3201521237680396e+00 8.3604675304000031e-01
2.6467918106494008e+00 4.3214653829367435e+00 8.3604675304000031e-01
2.6483626069761956e+00 4.3227786421054475e+00 8.3604675303988218e-01
2.6499334033029909e+00 4.3240919012741514e+00 8.3604675303988218e-01
2.6515041996297857e+00 4.3254051604428554e+00 8.3604675304000031e-01
2.6530749959565805e+00 4.3267184196115593e+00 8.3604675303971765e-01
2.6546457922833753e+00 4.3280316787802633e+00 8.3604675303971765e-01
2.6562165886101701e+00 4.3293449379489672e+00 8.3604675304016496e-01
2.6577873849369653e+00 4.3306581971176712e+00 8.3604675303988218e-01
2.6593581812637601e+00 4.3319714562863751e+00 8.3604675303971765e-01
2.6609289775905549e+00 4.3332847154550791e+00 8.3604675304000031e-01
2.6624997739173497e+00 4.3345979746237830e+00 8.3604675304000031e-01
2.6640705702441445e+00 4.3359112337924870e+00 8.3604675303988218e-01
2.6656413665709398e+00 4.3372244929611909e+00 8.3604675303988218e-01
2.6672121628977346e+00 4.3385377521298949e+00 8.3604675304000031e-01
2.6687829592245293e+00 4.3398510112985988e+00 8.3604675304000031e-01
2.6703537555513241e+00 4.3411642704673028e+00 8.3604675303988218e-01
2.6719245518781194e+00 4.3424775296360068e+00 8.3604675303988218e-01
2.6734953482049142e+00 4.3437907888047107e+00 8.3604675304000031e-01
2.6750661445317090e+00 4.3451040479734147e+00 8.3604675304000031e-01
2.6766369408585038e+00 4.3464173071421186e+00 8.3604675303971765e-01
2.6782077371852986e+00 4.3477305663108226e+00 8.3604675303988218e-01
2.6797785335120938e+00 4.3490438254795265e+00 8.3604675304016496e-01
2.6813493298388886e+00 4.3503570846482305e+00 8.3604675303971765e-01
2.6829201261656834e+00 4.3516703438169344e+00 8.3604675303971765e-01
2.6844909224924782e+00 4.3529836029856384e+00 8.3604675304016496e-01
2.6860617188192735e+00 4.3542968621543423e+00 8.3604675303988218e-01
2.6876325151460683e+00 4.3556101213230463e+00 8.3604675303971765e-01
2.6892033114728631e+00 4.3569233804917502e+00 8.3604675304000031e-01
2.6907741077996579e+00 4.3582366396604542e+00 8.3604675304000031e-01
2.6923449041264527e+00 4.3595498988291581e+00 8.3604675303988218e-01
2.6939157004532479e+00 4.3608631579978621e+00 8.3604675303988218e-01
2.6954864967800427e+00 4.3621764171665660e+00 8.3604675304000031e-01
2.6970572931068375e+00 4.3634896763352700e+00 8.3604675304000031e-01
2.6986280894336323e+00 4.3648029355039739e+00 8.3604675303988218e-01
2.7001988857604275e+00 4.3661161946726779e+00 8.3604675303988218e-01
2.7017696820872223e+00 4.3674294538413818e+00 8.3604675304000031e-01
2.7033404784140171e+00 4.3687427130100858e+00 8.3604675303971765e-01
2.7049112747408119e+00 4.3700559721787897e+00 8.3604675303971765e-01
2.7064820710676067e+00 4.3713692313474937e+00 8.3604675304016496e-01
2.7080528673944020e+00 4.3726824905161976e+00 8.3604675303988218e-01
2.7096236637211968e+00 4.3739957496849016e+00 8.3604675303971765e-01
2.7111944600479916e+00 4.3753090088536055e+00 8.3604675304000031e-01
2.7127652563747864e+00 4.3766222680223095e+00 8.3604675303988218e-01
2.7143360527015816e+00 4.3779355271910134e+00 8.3604675303988218e-01
2.7159068490283764e+00 4.3792487863597174e+00 8.3604675304000031e-01
2.7174776453551712e+00 4.3805620455284213e+00 8.3604675304000031e-01
2.7190484416819660e+00 4.3818753046971253e+00 8.3604675304000031e-01
2.7206192380087608e+00 4.3831885638658292e+00 8.3604675303988218e-01
2.7221900343355561e+00 4.3845018230345332e+00 8.3604675303988218e-01
2.7237608306623509e+00 4.3858150822032371e+00 8.3604675304000031e-01
2.7253316269891457e+00 4.3871283413719411e+00 8.3604675304000031e-01
2.7269024233159405e+00 4.3884416005406450e+00 8.3604675303988218e-01
2.7284732196427357e+00 4.3897548597093490e+00 8.3604675303988218e-01
2.7300440159695305e+00 4.3910681188780529e+00 8.3604675304000031e-01
2.7316148122963253e+00 4.3923813780467569e+00 8.3604675303971765e-01
2.7331856086231201e+00 4.3936946372154608e+00 8.3604675303971765e-01
2.7347564049499149e+00 4.3950078963841648e+00 8.3604675304016496e-01
2.7363272012767101e+00 4.3963211555528687e+00 8.3604675303988218e-01
2.7378979976035049e+00 4.3976344147215727e+00 8.3604675303971765e-01
2.7394687939302997e+00 4.3989476738902766e+00 8.3604675304000031e-01
2.7410395902570945e+00 4.4002609330589806e+00 8.3604675304000031e-01
2.7426103865838893e+00 4.4015741922276845e+00 8.3604675303988218e-01
2.7441811829106846e+00 4.4028874513963885e+00 8.3604675303988218e-01
2.7457519792374794e+00 4.4042007105650924e+00 8.3604675304000031e-01
2.7473227755642742e+00 4.4055139697337964e+00 8.3604675304000031e-01
2.7488935718910690e+00 4.4068272289025003e+00 8.3604675303988218e-01
2.7504643682178642e+00 4.4081404880712043e+00 8.3604675303988218e-01
2.7520351645446590e+00 4.4094537472399082e+00 8.3604675304000031e-01
2.7536059608714538e+00 4.4107670064086122e+00 8.3604675304000031e-01
2.7551767571982486e+00 4.4120802655773161e+00 8.3604675303971765e-01
2.7567475535250434e+00 4.4133935247460201e+00 8.3604675303988218e-01
2.7583183498518387e+00 4.4147067839147240e+00 8.3604675304016496e-01
2.7598891461786335e+00 4.4160200430834280e+00 8.3604675303971765e-01
2.7614599425054283e+00 4.4173333022521319e+00 8.3604675303971765e-01
2.7630307388322231e+00 4.4186465614208359e+00 8.3604675303988218e-01
2.7646015351590183e+00 4.4199598205895398e+00 8.3604675303988218e-01
2.7661723314858131e+00 4.4212730797582438e+00 8.3604675304000031e-01
2.7677431278126079e+00 4.4225863389269477e+00 8.3604675304000031e-01
2.7693139241394027e+00 4.4238995980956517e+00 8.3604675304000031e-01
2.7708847204661975e+00 4.4252128572643556e+00 8.3604675303988218e-01
2.7724555167929927e+00 4.4265261164330596e+00 8.3604675303988218e-01
2.7740263131197875e+00 4.4278393756017635e+00 8.3604675304000031e-01
2.7755971094465823e+00 4.4291526347704675e+00 8.3604675304000031e-01
2.7771679057733771e+00 4.4304658939391715e+00 8.3604675303988218e-01
2.7787387021001724e+00 4.4317791531078754e+00 8.3604675303988218e-01
2.7803094984269672e+00 4.4330924122765794e+00 8.3604675304000031e-01
2.7818802947537620e+00 4.4344056714452833e+00 8.3604675304000031e-01
2.7834510910805568e+00 4.4357189306139873e+00 8.3604675303971765e-01
2.7850218874073516e+00 4.4370321897826912e+00 8.3604675303988218e-01
2.7865926837341468e+00 4.4383454489513952e+00 8.3604675303988218e-01
2.7881634800609416e+00 4.4396587081200991e+00 8.3604675303971765e-01
2.7897342763877364e+00 4.4409719672888031e+00 8.3604675304000031e-01
2.7913050727145312e+00 4.4422852264575070e+00 8.3604675303988218e-01
2.7928758690413265e+00 4.4435984856262110e+00 8.3604675303988218e-01
2.7944466653681213e+00 4.4449117447949149e+00 8.3604675304000031e-01
2.7960174616949161e+00 4.4462250039636189e+00 8.3604675304000031e-01
2.7975882580217108e+00 4.4475382631323228e+00 8.3604675304000031e-01
2.7991590543485056e+00 4.4488515223010268e+00 8.3604675303988218e-01
2.8007298506753009e+00 4.4501647814697307e+00 8.3604675303988218e-01
2.8023006470020957e+00 4.4514780406384347e+00 8.3604675304000031e-01
2.8038714433288905e+00 4.4527912998071386e+00 8.3604675304000031e-01
2.8054422396556853e+00 4.4541045589758426e+00 8.3604675303988218e-01
2.8070130359824805e+00 4.4554178181445465e+00 8.3604675303988218e-01
2.8085838323092753e+00 4.4567310773132505e+00 8.3604675304000031e-01
2.8101546286360701e+00 4.4580443364819544e+00 8.3604675303971765e-01
2.8117254249628649e+00 4.4593575956506584e+00 8.3604675303971765e-01
2.8132962212896597e+00 4.4606708548193623e+00 8.3604675304016496e-01
2.8148670176164550e+00 4.4619841139880663e+00 8.3604675303988218e-01
2.8164378139432498e+00 4.4632973731567702e+00 8.3604675303971765e-01
2.8180086102700446e+00 4.4646106323254742e+00 8.3604675304000031e-01
2.8195794065968394e+00 4.4659238914941781e+00 8.3604675303988218e-01
2.8211502029236346e+00 4.4672371506628821e+00 8.3604675303988218e-01
2.8227209992504294e+00 4.4685504098315860e+00 8.3604675304000031e-01
2.8242917955772242e+00 4.4698636690002900e+00 8.3604675304000031e-01
2.8258625919040190e+00 4.4711769281689939e+00 8.3604675304000031e-01
2.8274333882308138e+00 4.4724901873376979e+00 8.3604675303988218e-01
2.8290041845576090e+00 4.4738034465064018e+00 8.3604675303988218e-01
2.8305749808844038e+00 4.4751167056751058e+00 8.3604675304000031e-01
2.8321457772111986e+00 4.4764299648438097e+00 8.3604675304000031e-01
2.8337165735379934e+00 4.4777432240125137e+00 8.3604675303971765e-01
2.8352873698647882e+00 4.4790564831812176e+00 8.3604675303988218e-01
2.8368581661915835e+00 4.4803697423499216e+00 8.3604675304016496e-01
2.8384289625183783e+00 4.4816830015186255e+00 8.3604675303971765e-01
2.8399997588451731e+00 4.4829962606873295e+00 8.3604675303971765e-01
2.8415705551719679e+00 4.4843095198560334e+00 8.3604675304016496e-01
2.8431413514987631e+00 4.4856227790247374e+00 8.3604675303988218e-01
2.8447121478255579e+00 4.4869360381934413e+00 8.3604675303971765e-01
2.8462829441523527e+00 4.4882492973621453e+00 8.3604675304000031e-01
2.8478537404791475e+00 4.4895625565308492e+00 8.3604675304000031e-01
2.8494245368059423e+00 4.4908758156995532e+00 8.3604675303988218e-01
2.8509953331327376e+00 4.4921890748682571e+00 8.3604675303988218e-01
2.8525661294595324e+00 4.4935023340369611e+00 8.3604675304000031e-01
2.8541369257863272e+00 4.4948155932056650e+00 8.3604675304000031e-01
2.8557077221131220e+00 4.4961288523743690e+00 8.3604675303988218e-01
2.8572785184399172e+00 4.4974421115430729e+00 8.3604675303988218e-01
2.8588493147667120e+00 4.4987553707117769e+00 8.3604675304000031e-01
2.8604201110935068e+00 4.5000686298804808e+00 8.3604675303971765e-01
2.8619909074203016e+00 4.5013818890491848e+00 8.3604675303971765e-01
2.8635617037470964e+00 4.5026951482178887e+00 8.3604675304016496e-01
2.8651325000738916e+00 4.5040084073865927e+00 8.3604675303988218e-01
2.8667032964006864e+00 4.5053216665552966e+00 8.3604675303971765e-01
2.8682740927274812e+00 4.5066349257240006e+00 8.3604675304000031e-01
2.8698448890542760e+00 4.5079481848927045e+00 8.3604675303988218e-01
2.8714156853810713e+00 4.5092614440614085e+00 8.3604675303988218e-01
2.8729864817078661e+00 4.5105747032301124e+00 8.3604675304000031e-01
2.8745572780346609e+00 4.5118879623988164e+00 8.3604675304000031e-01
2.8761280743614557e+00 4.5132012215675203e+00 8.3604675304000031e-01
2.8776988706882505e+00 4.5145144807362243e+00 8.3604675303988218e-01
2.8792696670150457e+00 4.5158277399049283e+00 8.3604675303988218e-01
2.8808404633418405e+00 4.5171409990736322e+00 8.3604675304000031e-01
2.8824112596686353e+00 4.5184542582423362e+00 8.3604675304000031e-01
2.8839820559954301e+00 4.5197675174110401e+00 8.3604675303988218e-01
2.8855528523222254e+00 4.5210807765797441e+00 8.3604675303988218e-01
2.8871236486490202e+00 4.5223940357484480e+00 8.3604675304000031e-01
2.8886944449758150e+00 4.5237072949171520e+00 8.3604675303971765e-01
2.8902652413026098e+00 4.5250205540858559e+00 8.3604675303971765e-01
2.8918360376294046e+00 4.5263338132545599e+00 8.3604675304016496e-01
2.8934068339561998e+00 4.5276470724232638e+00 8.3604675303988218e-01
2.8949776302829946e+00 4.5289603315919678e+00 8.3604675303971765e-01
2.8965484266097894e+00 4.5302735907606717e+00 8.3604675304000031e-01
2.8981192229365842e+00 4.5315868499293757e+00 8.3604675303988218e-01
2.8996900192633794e+00 4.5329001090980796e+00 8.3604675303988218e-01
2.9012608155901742e+00 4.5342133682667836e+00 8.3604675304000031e-01
2.9028316119169690e+00 4.5355266274354875e+00 8.3604675304000031e-01
2.9044024082437638e+00 4.5368398866041915e+00 8.3604675304000031e-01
2.9059732045705586e+00 4.5381531457728954e+00 8.3604675303988218e-01
2.9075440008973539e+00 4.5394664049415994e+00 8.3604675303988218e-01
2.9091147972241487e+00 4.5407796641103033e+00 8.3604675304000031e-01
2.9106855935509435e+00 4.5420929232790073e+00 8.3604675304000031e-01
2.9122563898777383e+00 4.5434061824477112e+00 8.3604675303971765e-01
2.9138271862045331e+00 4.5447194416164152e+00 8.3604675303988218e-01
2.9153979825313283e+00 4.5460327007851191e+00 8.3604675303988218e-01
2.9169687788581231e+00 4.5473459599538231e+00 8.3604675303971765e-01
2.9185395751849179e+00 4.5486592191225270e+00 8.3604675304000031e-01
2.9201103715117127e+00 4.5499724782912310e+00 8.3604675303988218e-01
2.9216811678385080e+00 4.5512857374599349e+00 8.3604675303988218e-01
2.9232519641653028e+00 4.5525989966286389e+00 8.3604675304000031e-01
2.9248227604920976e+00 4.5539122557973428e+00 8.3604675304000031e-01
2.9263935568188923e+00 4.5552255149660468e+00 8.3604675304000031e-01
2.9279643531456871e+00 4.5565387741347507e+00 8.3604675303988218e-01
2.9295351494724824e+00 4.5578520333034547e+00 8.3604675303988218e-01
2.9311059457992772e+00 4.5591652924721586e+00 8.3604675304000031e-01
2.9326767421260720e+00 4.5604785516408626e+00 8.3604675304000031e-01
2.9342475384528668e+00 4.5617918108095665e+00 8.3604675303988218e-01
2.9358183347796620e+00 4.5631050699782705e+00 8.3604675303988218e-01
2.9373891311064568e+00 4.5644183291469744e+00 8.3604675304000031e-01
2.9389599274332516e+00 4.5657315883156784e+00 8.3604675304000031e-01
2.9405307237600464e+00 4.5670448474843823e+00 8.3604675303971765e-01
2.9421015200868412e+00 4.5683581066530863e+00 8.3604675303988218e-01
2.9436723164136365e+00 4.5696713658217902e+00 8.3604675303988218e-01
2.9452431127404313e+00 4.5709846249904942e+00 8.3604675303971765e-01
2.9468139090672261e+00 4.5722978841591981e+00 8.3604675304000031e-01
2.9483847053940209e+00 4.5736111433279021e+00 8.3604675303988218e-01
2.9499555017208161e+00 4.5749244024966060e+00 8.3604675303988218e-01
2.9515262980476109e+00 4.5762376616653100e+00 8.3604675304000031e-01
2.9530970943744057e+00 4.5775509208340139e+00 8.3604675304000031e-01
2.9546678907012005e+00 4.5788641800027179e+00 8.3604675304000031e-01
2.9562386870279953e+00 4.5801774391714218e+00 8.3604675303988218e-01
2.9578094833547905e+00 4.5814906983401258e+00 8.3604675303988218e-01
2.9593802796815853e+00 4.5828039575088297e+00 8.3604675304000031e-01
2.9609510760083801e+00 4.5841172166775337e+00 8.3604675304000031e-01
2.9625218723351749e+00 4.5854304758462376e+00 8.3604675303988218e-01
2.9640926686619702e+00 4.5867437350149416e+00 8.3604675303988218e-01
2.9656634649887650e+00 4.5880569941836455e+00 8.3604675304000031e-01
2.9672342613155598e+00 4.5893702533523495e+00 8.3604675303971765e-01
2.9688050576423546e+00 4.5906835125210534e+00 8.3604675303971765e-01
2.9703758539691494e+00 4.5919967716897574e+00 8.3604675304016496e-01
2.9719466502959446e+00 4.5933100308584613e+00 8.3604675303988218e-01
2.9735174466227394e+00 4.5946232900271653e+00 8.3604675303971765e-01
2.9750882429495342e+00 4.5959365491958692e+00 8.3604675304000031e-01
2.9766590392763290e+00 4.5972498083645732e+00 8.3604675303988218e-01
2.9782298356031243e+00 4.5985630675332771e+00 8.3604675303988218e-01
2.9798006319299191e+00 4.5998763267019811e+00 8.3604675304000031e-01
2.9813714282567139e+00 4.6011895858706851e+00 8.3604675304000031e-01
2.9829422245835087e+00 4.6025028450393890e+00 8.3604675304000031e-01
2.9845130209103035e+00 4.6038161042080930e+00 8.3604675303988218e-01
2.9860838172370987e+00 4.6051293633767969e+00 8.3604675303988218e-01
2.9876546135638935e+00 4.6064426225455009e+00 8.3604675304000031e-01
2.9892254098906883e+00 4.6077558817142048e+00 8.3604675304000031e-01
2.9907962062174831e+00 4.6090691408829088e+00 8.3604675303988218e-01
2.9923670025442783e+00 4.6103824000516127e+00 8.3604675303988218e-01
2.9939377988710731e+00 4.6116956592203167e+00 8.3604675304000031e-01
2.9955085951978679e+00 4.6130089183890206e+00 8.3604675303971765e-01
2.9970793915246627e+00 4.6143221775577246e+00 8.3604675303971765e-01
2.9986501878514575e+00 4.6156354367264285e+00 8.3604675304016496e-01
3.0002209841782528e+00 4.6169486958951325e+00 8.3604675303988218e-01
3.0017917805050476e+00 4.6182619550638364e+00 8.3604675303971765e-01
3.0033625768318424e+00 4.6195752142325404e+00 8.3604675304000031e-01
3.0049333731586372e+00 4.6208884734012443e+00 8.3604675304000031e-01
3.0065041694854320e+00 4.6222017325699483e+00 8.3604675303988218e-01
3.0080749658122272e+00 4.6235149917386522e+00 8.3604675303988218e-01
3.0096457621390220e+00 4.6248282509073562e+00 8.3604675304000031e-01
3.0112165584658168e+00 4.6261415100760601e+00 8.3604675304000031e-01
3.0127873547926116e+00 4.6274547692447641e+00 8.3604675303988218e-01
3.0143581511194069e+00 4.6287680284134680e+00 8.3604675303988218e-01
3.0159289474462017e+00 4.6300812875821720e+00 8.3604675304000031e-01
3.0174997437729965e+00 4.6313945467508759e+00 8.3604675303971765e-01
3.0190705400997913e+00 4.6327078059195799e+00 8.3604675303971765e-01
3.0206413364265861e+00 4.6340210650882838e+00 8.3604675304016496e-01
3.0222121327533813e+00 4.6353343242569878e+00 8.3604675303988218e-01
3.0237829290801761e+00 4.6366475834256917e+00 8.3604675303971765e-01
3.0253537254069709e+00 4.6379608425943957e+00 8.3604675304000031e-01
3.0269245217337657e+00 4.6392741017630996e+00 8.3604675303988218e-01
3.0284953180605609e+00 4.6405873609318036e+00 8.3604675303988218e-01
3.0300661143873557e+00 4.6419006201005075e+00 8.3604675304000031e-01
3.0316369107141505e+00 4.6432138792692115e+00 8.3604675304000031e-01
3.0332077070409453e+00 4.6445271384379154e+00 8.3604675304000031e-01
3.0347785033677401e+00 4.6458403976066194e+00 8.3604675303988218e-01
3.0363492996945354e+00 4.6471536567753233e+00 8.3604675303988218e-01
3.0379200960213302e+00 4.6484669159440273e+00 8.3604675304000031e-01
3.0394908923481250e+00 4.6497801751127312e+00 8.3604675304000031e-01
3.0410616886749198e+00 4.6510934342814352e+00 8.3604675303988218e-01
3.0426324850017150e+00 4.6551098168631881e+00 6.0352038126498204e+00
3.0442032813285098e+00 4.6707583955942367e+00 1.3889185446623932e+01
3.0457740776553046e+00 4.6987439798266459e+00 2.1743167080597644e+01
3.0473448739820994e+00 4.7390665695604142e+00 2.9597148714571638e+01
3.0489156703088942e+00 4.7917261647955431e+00 3.7451130348546080e+01
3.0504864666356895e+00 4.8567227655320524e+00 4.5305111982522007e+01
3.0520572629624843e+00 4.9340563717699055e+00 5.3159093616495845e+01
3.0536280592892791e+00 5.0237269835091185e+00 6.1013075250470116e+01
3.0551988556160738e+00 5.1257346007496913e+00 6.8867056884443997e+01
3.0567696519428691e+00 5.2400792234916587e+00 7.6721038518420215e+01
3.0583404482696639e+00 5.3667608517349557e+00 8.4575020152394316e+01
3.0599112445964587e+00 5.5057794854796125e+00 9.2429001786368303e+01
3.0614820409232535e+00 5.6571351247256301e+00 1.0028298342034230e+02
3.0630528372500483e+00 5.8208277694730075e+00 1.0813696505431619e+02
3.0646236335768435e+00 5.9968574197217963e+00 1.1599094668829240e+02
3.0661944299036383e+00 6.1852240754718979e+00 1.2384492832226651e+02
3.0677652262304331e+00 6.3859277367233593e+00 1.3169890995624050e+02
3.0693360225572279e+00 6.5989684034761815e+00 1.3955289159021439e+02
3.0709068188840232e+00 6.8243460757304275e+00 1.4740687322419060e+02
3.0724776152108180e+00 7.0620607534859730e+00 1.5526085485816444e+02
3.0740484115376128e+00 7.3121124367428791e+00 1.6311483649213841e+02
3.0756192078644076e+00 7.5745011255011443e+00 1.7096881812611269e+02
3.0771900041912024e+00 7.8492268197607711e+00 1.7882279976008658e+02
3.0787608005179976e+00 8.1362895195218385e+00 1.8667678139406280e+02
3.0803315968447924e+00 8.4356892247841895e+00 1.9453076302803689e+02
3.0819023931715872e+00 8.7474259355478985e+00 2.0238474466201089e+02
3.0834731894983820e+00 9.0714996518129691e+00 2.1023872629598478e+02
3.0850439858251772e+00 9.4079103735794956e+00 2.1809270792996099e+02
3.0866147821519720e+00 9.7566581008472895e+00 2.2594668956393511e+02
3.0881855784787668e+00 1.0117742833616443e+01 2.3380067119790908e+02
3.0897563748055616e+00 1.0491164571886959e+01 2.4165465283188308e+02
3.0913271711323564e+00 1.0876923315658832e+01 2.4950863446585697e+02
3.0928979674591517e+00 1.1275019064932181e+01 2.5736261609983319e+02
3.0944687637859465e+00 1.1685451819706778e+01 2.6521659773380730e+02
3.0960395601127413e+00 1.2108221579982736e+01 2.7307057936778131e+02
3.0976103564395361e+00 1.2543328345760056e+01 2.8092456100175502e+02
3.0991811527663309e+00 1.2990772117038734e+01 2.8877854263572920e+02
3.1007519490931261e+00 1.3450552893818905e+01 2.9663252426970541e+02
3.1023227454199209e+00 1.3922670676100307e+01 3.0448650590367924e+02
3.1038935417467157e+00 1.4407125463883069e+01 3.1234048753765353e+02
3.1054643380735105e+00 1.4903917257167192e+01 3.2019446917162736e+02
3.1070351344003058e+00 1.5413046055952821e+01 3.2804845080560358e+02
3.1086059307271006e+00 1.5934511860239667e+01 3.3590243243957769e+02
3.1101767270538954e+00 1.6468314670027873e+01 3.4375641407355170e+02
3.1117475233806902e+00 1.7014454485317440e+01 3.5161039570752570e+02
3.1133183197074850e+00 1.7572931306108369e+01 3.5946437734149958e+02
3.1148891160342802e+00 1.8143745132400817e+01 3.6731835897547580e+02
3.1164599123610750e+00 1.8726895964194469e+01 3.7517234060944992e+02
3.1180307086878698e+00 1.9322383801489480e+01 3.8302632224342392e+02
3.1196015050146646e+00 1.9930208644285852e+01 3.9088030387739775e+02
3.1211723013414598e+00 2.0550370492583760e+01 3.9873428551137397e+02
3.1227430976682546e+00 2.1182869346382855e+01 4.0658826714534808e+02
3.1243138939950494e+00 2.1827705205683309e+01 4.1444224877932180e+02
3.1258846903218442e+00 2.2484878070485127e+01 4.2229623041329580e+02
3.1274554866486390e+00 2.3154387940788300e+01 4.3015021204726997e+02
3.1290262829754343e+00 2.3836234816593031e+01 4.3800419368124619e+02
3.1305970793022291e+00 2.4530418697898931e+01 4.4585817531522031e+02
3.1321678756290239e+00 2.5236939584706189e+01 4.5371215694919431e+02
3.1337386719558187e+00 2.5955797477014809e+01 4.6156613858316814e+02
3.1353094682826139e+00 2.6686992374824996e+01 4.6942012021714436e+02
3.1368802646094087e+00 2.7430524278136339e+01 4.7727410185111847e+02
3.1384510609362035e+00 2.8186393186949047e+01 4.8512808348509247e+02
3.1400218572629983e+00 2.8954599101263106e+01 4.9298206511906648e+02
3.1415926535897931e+00 2.9735142021078531e+01 5.0083604675304048e+02
