# x energy force
0.0000000000000000e+00 4.3441472511434903e+01 -5.0754103009263201e+02
1.5707963267948967e-03 4.2650397428418380e+01 -4.9968704845865756e+02
3.1415926535897933e-03 4.1871659350903215e+01 -4.9183306682468310e+02
4.7123889803846897e-03 4.1105258278889416e+01 -4.8397908519070859e+02
6.2831853071795866e-03 4.0351194212376981e+01 -4.7612510355673413e+02
7.8539816339744835e-03 3.9609467151365905e+01 -4.6827112192275962e+02
9.4247779607693795e-03 3.8880077095856187e+01 -4.6041714028878516e+02
1.0995574287564277e-02 3.8163024045847834e+01 -4.5256315865481071e+02
1.2566370614359173e-02 3.7458308001340839e+01 -4.4470917702083619e+02
1.4137166941154069e-02 3.6765928962335209e+01 -4.3685519538686060e+02
1.5707963267948967e-02 3.6085886928830945e+01 -4.2900121375288722e+02
1.7278759594743863e-02 3.5418181900828031e+01 -4.2114723211891271e+02
1.8849555921538759e-02 3.4762813878326497e+01 -4.1329325048493826e+02
2.0420352248333655e-02 3.4119782861326300e+01 -4.0543926885096374e+02
2.1991148575128554e-02 3.3489088849827482e+01 -3.9758528721698923e+02
2.3561944901923450e-02 3.2870731843830022e+01 -3.8973130558301477e+02
2.5132741228718346e-02 3.2264711843333927e+01 -3.8187732394903918e+02
2.6703537555513242e-02 3.1671028848339191e+01 -3.7402334231506580e+02
2.8274333882308138e-02 3.1089682858845812e+01 -3.6616936068109248e+02
2.9845130209103038e-02 3.0520673874853799e+01 -3.5831537904711683e+02
3.1415926535897934e-02 2.9964001896363150e+01 -3.5046139741314238e+02
3.2986722862692830e-02 2.9419666923373860e+01 -3.4260741577916787e+02
3.4557519189487726e-02 2.8887668955885935e+01 -3.3475343414519341e+02
3.6128315516282622e-02 2.8368007993899369e+01 -3.2689945251121895e+02
3.7699111843077518e-02 2.7860684037414163e+01 -3.1904547087724444e+02
3.9269908169872414e-02 2.7365697086430320e+01 -3.1119148924326998e+02
4.0840704496667310e-02 2.6883047140947838e+01 -3.0333750760929547e+02
4.2411500823462213e-02 2.6412734200966717e+01 -2.9548352597532096e+02
4.3982297150257109e-02 2.5954758266486962e+01 -2.8762954434134650e+02
4.5553093477052005e-02 2.5509119337508565e+01 -2.7977556270737199e+02
4.7123889803846901e-02 2.5075817414031530e+01 -2.7192158107339753e+02
4.8694686130641797e-02 2.4654852496055859e+01 -2.6406759943942308e+02
5.0265482457436693e-02 2.4246224583581547e+01 -2.5621361780544856e+02
5.1836278784231589e-02 2.3849933676608597e+01 -2.4835963617147411e+02
5.3407075111026485e-02 2.3465979775137011e+01 -2.4050565453749851e+02
5.4977871437821381e-02 2.3094362879166784e+01 -2.3265167290352517e+02
5.6548667764616277e-02 2.2735082988697918e+01 -2.2479769126955068e+02
5.8119464091411173e-02 2.2388140103730418e+01 -2.1694370963557617e+02
5.9690260418206076e-02 2.2053534224264276e+01 -2.0908972800160166e+02
6.1261056745000972e-02 2.1731265350299495e+01 -2.0123574636762720e+02
6.2831853071795868e-02 2.1421333481836079e+01 -1.9338176473365272e+02
6.4402649398590764e-02 2.1123738618874022e+01 -1.8552778309967826e+02
6.5973445725385660e-02 2.0838480761413329e+01 -1.7767380146570378e+02
6.7544242052180556e-02 2.0565559909453999e+01 -1.6981981983172929e+02
6.9115038378975452e-02 2.0304976062996026e+01 -1.6196583819775481e+02
7.0685834705770348e-02 2.0056729222039419e+01 -1.5411185656378032e+02
7.2256631032565244e-02 1.9820819386584169e+01 -1.4625787492980584e+02
7.3827427359360140e-02 1.9597246556630285e+01 -1.3840389329583138e+02
7.5398223686155036e-02 1.9386010732177763e+01 -1.3054991166185690e+02
7.6969020012949932e-02 1.9187111913226598e+01 -1.2269593002788240e+02
7.8539816339744828e-02 1.9000550099776799e+01 -1.1484194839390678e+02
8.0110612666539724e-02 1.8826325291828361e+01 -1.0698796675993344e+02
8.1681408993334620e-02 1.8664437489381282e+01 -9.9133985125958958e+01
8.3252205320129516e-02 1.8514886692435567e+01 -9.1280003491984445e+01
8.4823001646924426e-02 1.8377672900991215e+01 -8.3426021858009904e+01
8.6393797973719322e-02 1.8252796115048220e+01 -7.5572040224035447e+01
8.7964594300514218e-02 1.8140256334606590e+01 -6.7718058590060963e+01
8.9535390627309114e-02 1.8040053559666323e+01 -5.9864076956086485e+01
9.1106186954104010e-02 1.7952187790227416e+01 -5.2010095322112008e+01
9.2676983280898906e-02 1.7876659026289872e+01 -4.4156113688137523e+01
9.4247779607693802e-02 1.7813467267853689e+01 -3.6302132054163046e+01
9.5818575934488698e-02 1.7762612514918867e+01 -2.8448150420188565e+01
9.7389372261283594e-02 1.7724094767485404e+01 -2.0594168786214084e+01
9.8960168588078490e-02 1.7697914025553306e+01 -1.2740187152239606e+01
1.0053096491487339e-01 1.7683365479770504e+01 -7.5410300926320266e+00
1.0210176124166828e-01 1.7671520057400748e+01 -7.5410300926320266e+00
1.0367255756846318e-01 1.7659674635030992e+01 -7.5410300926320266e+00
1.0524335389525807e-01 1.7647829212661236e+01 -7.5410300926320266e+00
1.0681415022205297e-01 1.7635983790291480e+01 -7.5410300926320266e+00
1.0838494654884787e-01 1.7624138367921724e+01 -7.5410300926320266e+00
1.0995574287564276e-01 1.7612292945551967e+01 -7.5410300926320266e+00
1.1152653920243766e-01 1.7600447523182211e+01 -7.5410300926320266e+00
1.1309733552923255e-01 1.7588602100812455e+01 -7.5410300926320266e+00
1.1466813185602745e-01 1.7576756678442699e+01 -7.5410300926320266e+00
1.1623892818282235e-01 1.7564911256072943e+01 -7.5410300926319946e+00
1.1780972450961726e-01 1.7553065833703187e+01 -7.5410300926319946e+00
1.1938052083641215e-01 1.7541220411333430e+01 -7.5410300926320266e+00
1.2095131716320705e-01 1.7529374988963674e+01 -7.5410300926308969e+00
1.2252211349000194e-01 1.7517529566593918e+01 -7.5410300926320284e+00
1.2409290981679684e-01 1.7505684144224162e+01 -7.5410300926320284e+00
1.2566370614359174e-01 1.7493838721854406e+01 -7.5410300926320613e+00
1.2723450247038662e-01 1.7481993299484650e+01 -7.5410300926320284e+00
1.2880529879718153e-01 1.7470147877114893e+01 -7.5410300926320284e+00
1.3037609512397641e-01 1.7458302454745137e+01 -7.5410300926320284e+00
1.3194689145077132e-01 1.7446457032375381e+01 -7.5410300926320284e+00
1.3351768777756620e-01 1.7434611610005625e+01 -7.5410300926320284e+00
1.3508848410436111e-01 1.7422766187635869e+01 -7.5410300926319618e+00
1.3665928043115602e-01 1.7410920765266113e+01 -7.5410300926320284e+00
1.3823007675795090e-01 1.7399075342896356e+01 -7.5410300926320284e+00
1.3980087308474581e-01 1.7387229920526600e+01 -7.5410300926320284e+00
1.4137166941154070e-01 1.7375384498156844e+01 -7.5410300926320284e+00
1.4294246573833561e-01 1.7363539075787088e+01 -7.5410300926308969e+00
1.4451326206513049e-01 1.7351693653417332e+01 -7.5410300926320266e+00
1.4608405839192540e-01 1.7339848231047576e+01 -7.5410300926320266e+00
1.4765485471872028e-01 1.7328002808677820e+01 -7.5410300926320266e+00
1.4922565104551519e-01 1.7316157386308063e+01 -7.5410300926320266e+00
1.5079644737231007e-01 1.7304311963938307e+01 -7.5410300926320266e+00
1.5236724369910498e-01 1.7292466541568551e+01 -7.5410300926320266e+00
1.5393804002589986e-01 1.7280621119198795e+01 -7.5410300926320266e+00
1.5550883635269477e-01 1.7268775696829039e+01 -7.5410300926320266e+00
1.5707963267948966e-01 1.7256930274459283e+01 -7.5410300926320266e+00
1.5865042900628457e-01 1.7245084852089526e+01 -7.5410300926320266e+00
1.6022122533307945e-01 1.7233239429719770e+01 -7.5410300926320266e+00
1.6179202165987436e-01 1.7221394007350014e+01 -7.5410300926320266e+00
1.6336281798666924e-01 1.7209548584980258e+01 -7.5410300926320266e+00
1.6493361431346415e-01 1.7197703162610502e+01 -7.5410300926320266e+00
1.6650441064025903e-01 1.7185857740240746e+01 -7.5410300926320266e+00
1.6807520696705394e-01 1.7174012317870989e+01 -7.5410300926319600e+00
1.6964600329384885e-01 1.7162166895501233e+01 -7.5410300926320266e+00
1.7121679962064373e-01 1.7150321473131477e+01 -7.5410300926320266e+00
1.7278759594743864e-01 1.7138476050761721e+01 -7.5410300926320266e+00
1.7435839227423353e-01 1.7126630628391965e+01 -7.5410300926320266e+00
1.7592918860102844e-01 1.7114785206022209e+01 -7.5410300926320266e+00
1.7749998492782332e-01 1.7102939783652452e+01 -7.5410300926320266e+00
1.7907078125461823e-01 1.7091094361282696e+01 -7.5410300926320266e+00
1.8064157758141311e-01 1.7079248938912940e+01 -7.5410300926320266e+00
1.8221237390820802e-01 1.7067403516543184e+01 -7.5410300926320266e+00
1.8378317023500290e-01 1.7055558094173428e+01 -7.5410300926320266e+00
1.8535396656179781e-01 1.7043712671803672e+01 -7.5410300926308969e+00
1.8692476288859269e-01 1.7031867249433915e+01 -7.5410300926320284e+00
1.8849555921538760e-01 1.7020021827064159e+01 -7.5410300926320284e+00
1.9006635554218249e-01 1.7008176404694403e+01 -7.5410300926320284e+00
1.9163715186897740e-01 1.6996330982324647e+01 -7.5410300926320284e+00
1.9320794819577228e-01 1.6984485559954891e+01 -7.5410300926320284e+00
1.9477874452256719e-01 1.6972640137585135e+01 -7.5410300926320284e+00
1.9634954084936207e-01 1.6960794715215378e+01 -7.5410300926320284e+00
1.9792033717615698e-01 1.6948949292845622e+01 -7.5410300926320284e+00
1.9949113350295186e-01 1.6937103870475866e+01 -7.5410300926320284e+00
2.0106192982974677e-01 1.6925258448106110e+01 -7.5410300926319618e+00
2.0263272615654168e-01 1.6913413025736354e+01 -7.5410300926320284e+00
2.0420352248333656e-01 1.6901567603366598e+01 -7.5410300926320284e+00
2.0577431881013147e-01 1.6889722180996841e+01 -7.5410300926320284e+00
2.0734511513692636e-01 1.6877876758627085e+01 -7.5410300926320284e+00
2.0891591146372127e-01 1.6866031336257329e+01 -7.5410300926320284e+00
2.1048670779051615e-01 1.6854185913887573e+01 -7.5410300926320284e+00
2.1205750411731106e-01 1.6842340491517817e+01 -7.5410300926320284e+00
2.1362830044410594e-01 1.6830495069148061e+01 -7.5410300926308969e+00
2.1519909677090085e-01 1.6818649646778304e+01 -7.5410300926320266e+00
2.1676989309769573e-01 1.6806804224408548e+01 -7.5410300926320266e+00
2.1834068942449064e-01 1.6794958802038792e+01 -7.5410300926320266e+00
2.1991148575128552e-01 1.6783113379669036e+01 -7.5410300926320266e+00
2.2148228207808043e-01 1.6771267957299280e+01 -7.5410300926320266e+00
2.2305307840487532e-01 1.6759422534929524e+01 -7.5410300926320266e+00
2.2462387473167023e-01 1.6747577112559767e+01 -7.5410300926320266e+00
2.2619467105846511e-01 1.6735731690190011e+01 -7.5410300926320266e+00
2.2776546738526002e-01 1.6723886267820255e+01 -7.5410300926320266e+00
2.2933626371205490e-01 1.6712040845450499e+01 -7.5410300926320266e+00
2.3090706003884981e-01 1.6700195423080743e+01 -7.5410300926320266e+00
2.3247785636564469e-01 1.6688350000710987e+01 -7.5410300926320266e+00
2.3404865269243960e-01 1.6676504578341230e+01 -7.5410300926319600e+00
2.3561944901923451e-01 1.6664659155971474e+01 -7.5410300926320266e+00
2.3719024534602939e-01 1.6652813733601718e+01 -7.5410300926320266e+00
2.3876104167282430e-01 1.6640968311231962e+01 -7.5410300926320266e+00
2.4033183799961919e-01 1.6629122888862206e+01 -7.5410300926320266e+00
2.4190263432641410e-01 1.6617277466492450e+01 -7.5410300926320266e+00
2.4347343065320898e-01 1.6605432044122693e+01 -7.5410300926320266e+00
2.4504422698000389e-01 1.6593586621752937e+01 -7.5410300926320266e+00
2.4661502330679877e-01 1.6581741199383181e+01 -7.5410300926320266e+00
2.4818581963359368e-01 1.6569895777013425e+01 -7.5410300926320266e+00
2.4975661596038856e-01 1.6558050354643669e+01 -7.5410300926308969e+00
2.5132741228718347e-01 1.6546204932273913e+01 -7.5410300926319618e+00
2.5289820861397838e-01 1.6534359509904156e+01 -7.5410300926320941e+00
2.5446900494077324e-01 1.6522514087534400e+01 -7.5410300926320941e+00
2.5603980126756815e-01 1.6510668665164644e+01 -7.5410300926319618e+00
2.5761059759436306e-01 1.6498823242794888e+01 -7.5410300926319618e+00
2.5918139392115797e-01 1.6486977820425132e+01 -7.5410300926320941e+00
2.6075219024795282e-01 1.6475132398055376e+01 -7.5410300926320941e+00
2.6232298657474773e-01 1.6463286975685619e+01 -7.5410300926319618e+00
2.6389378290154264e-01 1.6451441553315863e+01 -7.5410300926319618e+00
2.6546457922833755e-01 1.6439596130946107e+01 -7.5410300926320941e+00
2.6703537555513240e-01 1.6427750708576351e+01 -7.5410300926320941e+00
2.6860617188192731e-01 1.6415905286206595e+01 -7.5410300926319618e+00
2.7017696820872222e-01 1.6404059863836839e+01 -7.5410300926319618e+00
2.7174776453551713e-01 1.6392214441467083e+01 -7.5410300926319618e+00
2.7331856086231204e-01 1.6380369019097326e+01 -7.5410300926320941e+00
2.7488935718910690e-01 1.6368523596727570e+01 -7.5410300926320941e+00
2.7646015351590181e-01 1.6356678174357814e+01 -7.5410300926319618e+00
2.7803094984269672e-01 1.6344832751988058e+01 -7.5410300926308302e+00
2.7960174616949163e-01 1.6332987329618302e+01 -7.5410300926320941e+00
2.8117254249628648e-01 1.6321141907248546e+01 -7.5410300926320941e+00
2.8274333882308139e-01 1.6309296484878789e+01 -7.5410300926319600e+00
2.8431413514987630e-01 1.6297451062509033e+01 -7.5410300926319600e+00
2.8588493147667121e-01 1.6285605640139277e+01 -7.5410300926320941e+00
2.8745572780346607e-01 1.6273760217769521e+01 -7.5410300926320941e+00
2.8902652413026098e-01 1.6261914795399765e+01 -7.5410300926319600e+00
2.9059732045705589e-01 1.6250069373030009e+01 -7.5410300926319600e+00
2.9216811678385080e-01 1.6238223950660252e+01 -7.5410300926320941e+00
2.9373891311064565e-01 1.6226378528290496e+01 -7.5410300926320941e+00
2.9530970943744056e-01 1.6214533105920740e+01 -7.5410300926319600e+00
2.9688050576423547e-01 1.6202687683550984e+01 -7.5410300926319600e+00
2.9845130209103038e-01 1.6190842261181228e+01 -7.5410300926320941e+00
3.0002209841782523e-01 1.6178996838811472e+01 -7.5410300926320941e+00
3.0159289474462014e-01 1.6167151416441715e+01 -7.5410300926319600e+00
3.0316369107141505e-01 1.6155305994071959e+01 -7.5410300926319600e+00
3.0473448739820996e-01 1.6143460571702203e+01 -7.5410300926319600e+00
3.0630528372500487e-01 1.6131615149332447e+01 -7.5410300926320941e+00
3.0787608005179973e-01 1.6119769726962691e+01 -7.5410300926320941e+00
3.0944687637859464e-01 1.6107924304592935e+01 -7.5410300926319600e+00
3.1101767270538955e-01 1.6096078882223178e+01 -7.5410300926319600e+00
3.1258846903218446e-01 1.6084233459853422e+01 -7.5410300926320941e+00
3.1415926535897931e-01 1.6072388037483666e+01 -7.5410300926309626e+00
3.1573006168577422e-01 1.6060542615113910e+01 -7.5410300926319618e+00
3.1730085801256913e-01 1.6048697192744154e+01 -7.5410300926330924e+00
3.1887165433936404e-01 1.6036851770374398e+01 -7.5410300926320941e+00
3.2044245066615890e-01 1.6025006348004641e+01 -7.5410300926309626e+00
3.2201324699295381e-01 1.6013160925634885e+01 -7.5410300926319618e+00
3.2358404331974872e-01 1.6001315503265129e+01 -7.5410300926319618e+00
3.2515483964654363e-01 1.5989470080895371e+01 -7.5410300926320941e+00
3.2672563597333848e-01 1.5977624658525615e+01 -7.5410300926320941e+00
3.2829643230013339e-01 1.5965779236155859e+01 -7.5410300926319618e+00
3.2986722862692830e-01 1.5953933813786103e+01 -7.5410300926319618e+00
3.3143802495372321e-01 1.5942088391416346e+01 -7.5410300926315292e+00
3.3300882128051806e-01 1.5930242969046590e+01 -7.5410300926320941e+00
3.3457961760731297e-01 1.5918397546676834e+01 -7.5410300926319618e+00
3.3615041393410788e-01 1.5906552124307078e+01 -7.5410300926319618e+00
3.3772121026090279e-01 1.5894706701937322e+01 -7.5410300926319618e+00
3.3929200658769770e-01 1.5882861279567566e+01 -7.5410300926320941e+00
3.4086280291449256e-01 1.5871015857197809e+01 -7.5410300926320941e+00
3.4243359924128747e-01 1.5859170434828053e+01 -7.5410300926313969e+00
3.4400439556808238e-01 1.5847325012458297e+01 -7.5410300926319618e+00
3.4557519189487729e-01 1.5835479590088541e+01 -7.5410300926320941e+00
3.4714598822167214e-01 1.5823634167718785e+01 -7.5410300926320941e+00
3.4871678454846705e-01 1.5811788745349029e+01 -7.5410300926319618e+00
3.5028758087526196e-01 1.5799943322979273e+01 -7.5410300926319618e+00
3.5185837720205687e-01 1.5788097900609516e+01 -7.5410300926320941e+00
3.5342917352885173e-01 1.5776252478239760e+01 -7.5410300926320941e+00
3.5499996985564664e-01 1.5764407055870004e+01 -7.5410300926319618e+00
3.5657076618244155e-01 1.5752561633500248e+01 -7.5410300926319618e+00
3.5814156250923646e-01 1.5740716211130492e+01 -7.5410300926320941e+00
3.5971235883603131e-01 1.5728870788760736e+01 -7.5410300926320941e+00
3.6128315516282622e-01 1.5717025366390979e+01 -7.5410300926319618e+00
3.6285395148962113e-01 1.5705179944021223e+01 -7.5410300926319618e+00
3.6442474781641604e-01 1.5693334521651467e+01 -7.5410300926315292e+00
3.6599554414321089e-01 1.5681489099281711e+01 -7.5410300926320941e+00
3.6756634047000580e-01 1.5669643676911955e+01 -7.5410300926325267e+00
3.6913713679680071e-01 1.5657798254542199e+01 -7.5410300926319618e+00
3.7070793312359562e-01 1.5645952832172442e+01 -7.5410300926313969e+00
3.7227872945039053e-01 1.5634107409802686e+01 -7.5410300926320941e+00
3.7384952577718539e-01 1.5622261987432930e+01 -7.5410300926320941e+00
3.7542032210398030e-01 1.5610416565063174e+01 -7.5410300926319618e+00
3.7699111843077521e-01 1.5598571142693418e+01 -7.5410300926319618e+00
3.7856191475757012e-01 1.5586725720323662e+01 -7.5410300926315292e+00
3.8013271108436497e-01 1.5574880297953905e+01 -7.5410300926320941e+00
3.8170350741115988e-01 1.5563034875584149e+01 -7.5410300926325267e+00
3.8327430373795479e-01 1.5551189453214393e+01 -7.5410300926319618e+00
3.8484510006474970e-01 1.5539344030844637e+01 -7.5410300926315292e+00
3.8641589639154456e-01 1.5527498608474881e+01 -7.5410300926320941e+00
3.8798669271833947e-01 1.5515653186105125e+01 -7.5410300926319618e+00
3.8955748904513438e-01 1.5503807763735368e+01 -7.5410300926319618e+00
3.9112828537192929e-01 1.5491962341365612e+01 -7.5410300926320941e+00
3.9269908169872414e-01 1.5480116918995856e+01 -7.5410300926315292e+00
3.9426987802551905e-01 1.5468271496626100e+01 -7.5410300926319618e+00
3.9584067435231396e-01 1.5456426074256344e+01 -7.5410300926325267e+00
3.9741147067910887e-01 1.5444580651886588e+01 -7.5410300926320941e+00
3.9898226700590372e-01 1.5432735229516831e+01 -7.5410300926315292e+00
4.0055306333269863e-01 1.5420889807147075e+01 -7.5410300926319618e+00
4.0212385965949354e-01 1.5409044384777319e+01 -7.5410300926319618e+00
4.0369465598628845e-01 1.5397198962407563e+01 -7.5410300926319618e+00
4.0526545231308336e-01 1.5385353540037807e+01 -7.5410300926320941e+00
4.0683624863987822e-01 1.5373508117668051e+01 -7.5410300926315292e+00
4.0840704496667313e-01 1.5361662695298294e+01 -7.5410300926319618e+00
4.0997784129346804e-01 1.5349817272928538e+01 -7.5410300926325267e+00
4.1154863762026295e-01 1.5337971850558782e+01 -7.5410300926320941e+00
4.1311943394705780e-01 1.5326126428189026e+01 -7.5410300926315292e+00
4.1469023027385271e-01 1.5314281005819270e+01 -7.5410300926319618e+00
4.1626102660064762e-01 1.5302435583449514e+01 -7.5410300926319618e+00
4.1783182292744253e-01 1.5290590161079757e+01 -7.5410300926320941e+00
4.1940261925423739e-01 1.5278744738710001e+01 -7.5410300926320941e+00
4.2097341558103230e-01 1.5266899316340245e+01 -7.5410300926319618e+00
4.2254421190782721e-01 1.5255053893970489e+01 -7.5410300926319618e+00
4.2411500823462212e-01 1.5243208471600733e+01 -7.5410300926320941e+00
4.2568580456141697e-01 1.5231363049230977e+01 -7.5410300926320941e+00
4.2725660088821188e-01 1.5219517626861220e+01 -7.5410300926319618e+00
4.2882739721500679e-01 1.5207672204491464e+01 -7.5410300926319618e+00
4.3039819354180170e-01 1.5195826782121708e+01 -7.5410300926320941e+00
4.3196898986859655e-01 1.5183981359751952e+01 -7.5410300926320941e+00
4.3353978619539146e-01 1.5172135937382196e+01 -7.5410300926319618e+00
4.3511058252218637e-01 1.5160290515012440e+01 -7.5410300926313969e+00
4.3668137884898128e-01 1.5148445092642683e+01 -7.5410300926319618e+00
4.3825217517577619e-01 1.5136599670272927e+01 -7.5410300926320941e+00
4.3982297150257105e-01 1.5124754247903171e+01 -7.5410300926320941e+00
4.4139376782936596e-01 1.5112908825533415e+01 -7.5410300926319618e+00
4.4296456415616087e-01 1.5101063403163659e+01 -7.5410300926319618e+00
4.4453536048295578e-01 1.5089217980793903e+01 -7.5410300926320941e+00
4.4610615680975063e-01 1.5077372558424146e+01 -7.5410300926320941e+00
4.4767695313654554e-01 1.5065527136054390e+01 -7.5410300926319618e+00
4.4924774946334045e-01 1.5053681713684634e+01 -7.5410300926313969e+00
4.5081854579013536e-01 1.5041836291314878e+01 -7.5410300926320941e+00
4.5238934211693022e-01 1.5029990868945122e+01 -7.5410300926320941e+00
4.5396013844372513e-01 1.5018145446575366e+01 -7.5410300926319618e+00
4.5553093477052004e-01 1.5006300024205609e+01 -7.5410300926319618e+00
4.5710173109731495e-01 1.4994454601835853e+01 -7.5410300926315292e+00
4.5867252742410980e-01 1.4982609179466097e+01 -7.5410300926320941e+00
4.6024332375090471e-01 1.4970763757096341e+01 -7.5410300926325267e+00
4.6181412007769962e-01 1.4958918334726585e+01 -7.5410300926319618e+00
4.6338491640449453e-01 1.4947072912356829e+01 -7.5410300926315292e+00
4.6495571273128938e-01 1.4935227489987073e+01 -7.5410300926320941e+00
4.6652650905808429e-01 1.4923382067617316e+01 -7.5410300926319618e+00
4.6809730538487920e-01 1.4911536645247560e+01 -7.5410300926319618e+00
4.6966810171167411e-01 1.4899691222877804e+01 -7.5410300926319618e+00
4.7123889803846902e-01 1.4887845800508048e+01 -7.5410300926315292e+00
4.7280969436526388e-01 1.4876000378138292e+01 -7.5410300926320941e+00
4.7438049069205879e-01 1.4864154955768536e+01 -7.5410300926325267e+00
4.7595128701885370e-01 1.4852309533398779e+01 -7.5410300926319618e+00
4.7752208334564861e-01 1.4840464111029023e+01 -7.5410300926315292e+00
4.7909287967244346e-01 1.4828618688659267e+01 -7.5410300926320941e+00
4.8066367599923837e-01 1.4816773266289511e+01 -7.5410300926319618e+00
4.8223447232603328e-01 1.4804927843919755e+01 -7.5410300926319618e+00
4.8380526865282819e-01 1.4793082421549999e+01 -7.5410300926320941e+00
4.8537606497962305e-01 1.4781236999180242e+01 -7.5410300926320941e+00
4.8694686130641796e-01 1.4769391576810486e+01 -7.5410300926319618e+00
4.8851765763321287e-01 1.4757546154440730e+01 -7.5410300926325267e+00
4.9008845396000777e-01 1.4745700732070974e+01 -7.5410300926320941e+00
4.9165925028680263e-01 1.4733855309701218e+01 -7.5410300926315292e+00
4.9323004661359754e-01 1.4722009887331462e+01 -7.5410300926319618e+00
4.9480084294039245e-01 1.4710164464961705e+01 -7.5410300926319618e+00
4.9637163926718736e-01 1.4698319042591949e+01 -7.5410300926320941e+00
4.9794243559398221e-01 1.4686473620222193e+01 -7.5410300926320941e+00
4.9951323192077712e-01 1.4674628197852437e+01 -7.5410300926313969e+00
5.0108402824757203e-01 1.4662782775482681e+01 -7.5410300926319618e+00
5.0265482457436694e-01 1.4650937353112925e+01 -7.5410300926325267e+00
5.0422562090116185e-01 1.4639091930743168e+01 -7.5410300926319618e+00
5.0579641722795676e-01 1.4627246508373412e+01 -7.5410300926313969e+00
5.0736721355475167e-01 1.4615401086003656e+01 -7.5410300926316616e+00
5.0893800988154647e-01 1.4603555663633900e+01 -7.5410300926322273e+00
5.1050880620834138e-01 1.4591710241264144e+01 -7.5410300926325267e+00
5.1207960253513629e-01 1.4579864818894388e+01 -7.5410300926319618e+00
5.1365039886193120e-01 1.4568019396524631e+01 -7.5410300926313969e+00
5.1522119518872611e-01 1.4556173974154875e+01 -7.5410300926319618e+00
5.1679199151552102e-01 1.4544328551785119e+01 -7.5410300926325267e+00
5.1836278784231593e-01 1.4532483129415363e+01 -7.5410300926319618e+00
5.1993358416911084e-01 1.4520637707045607e+01 -7.5410300926316616e+00
5.2150438049590564e-01 1.4508792284675852e+01 -7.5410300926316616e+00
5.2307517682270055e-01 1.4496946862306096e+01 -7.5410300926319618e+00
5.2464597314949546e-01 1.4485101439936340e+01 -7.5410300926325267e+00
5.2621676947629037e-01 1.4473256017566584e+01 -7.5410300926319618e+00
5.2778756580308528e-01 1.4461410595196828e+01 -7.5410300926313969e+00
5.2935836212988019e-01 1.4449565172827072e+01 -7.5410300926319618e+00
5.3092915845667510e-01 1.4437719750457315e+01 -7.5410300926325267e+00
5.3249995478347001e-01 1.4425874328087559e+01 -7.5410300926322273e+00
5.3407075111026481e-01 1.4414028905717803e+01 -7.5410300926316616e+00
5.3564154743705972e-01 1.4402183483348047e+01 -7.5410300926313969e+00
5.3721234376385463e-01 1.4390338060978291e+01 -7.5410300926319618e+00
5.3878314009064954e-01 1.4378492638608535e+01 -7.5410300926325267e+00
5.4035393641744445e-01 1.4366647216238778e+01 -7.5410300926319618e+00
5.4192473274423936e-01 1.4354801793869022e+01 -7.5410300926313969e+00
5.4349552907103427e-01 1.4342956371499266e+01 -7.5410300926319618e+00
5.4506632539782918e-01 1.4331110949129510e+01 -7.5410300926325267e+00
5.4663712172462409e-01 1.4319265526759754e+01 -7.5410300926322273e+00
5.4820791805141889e-01 1.4307420104389998e+01 -7.5410300926316616e+00
5.4977871437821380e-01 1.4295574682020241e+01 -7.5410300926319618e+00
5.5134951070500871e-01 1.4283729259650485e+01 -7.5410300926319618e+00
5.5292030703180362e-01 1.4271883837280729e+01 -7.5410300926325267e+00
5.5449110335859852e-01 1.4260038414910973e+01 -7.5410300926319618e+00
5.5606189968539343e-01 1.4248192992541217e+01 -7.5410300926313969e+00
5.5763269601218834e-01 1.4236347570171461e+01 -7.5410300926319618e+00
5.5920349233898325e-01 1.4224502147801704e+01 -7.5410300926322273e+00
5.6077428866577805e-01 1.4212656725431948e+01 -7.5410300926322273e+00
5.6234508499257296e-01 1.4200811303062192e+01 -7.5410300926319618e+00
5.6391588131936787e-01 1.4188965880692436e+01 -7.5410300926313969e+00
5.6548667764616278e-01 1.4177120458322680e+01 -7.5410300926319618e+00
5.6705747397295769e-01 1.4165275035952924e+01 -7.5410300926325267e+00
5.6862827029975260e-01 1.4153429613583167e+01 -7.5410300926319618e+00
5.7019906662654751e-01 1.4141584191213411e+01 -7.5410300926313969e+00
5.7176986295334242e-01 1.4129738768843655e+01 -7.5410300926319618e+00
5.7334065928013733e-01 1.4117893346473899e+01 -7.5410300926322273e+00
5.7491145560693213e-01 1.4106047924104143e+01 -7.5410300926322273e+00
5.7648225193372704e-01 1.4094202501734387e+01 -7.5410300926319618e+00
5.7805304826052195e-01 1.4082357079364630e+01 -7.5410300926313969e+00
5.7962384458731686e-01 1.4070511656994874e+01 -7.5410300926319618e+00
5.8119464091411177e-01 1.4058666234625118e+01 -7.5410300926325267e+00
5.8276543724090668e-01 1.4046820812255362e+01 -7.5410300926319618e+00
5.8433623356770159e-01 1.4034975389885606e+01 -7.5410300926313969e+00
5.8590702989449650e-01 1.4023129967515850e+01 -7.5410300926316616e+00
5.8747782622129130e-01 1.4011284545146093e+01 -7.5410300926322273e+00
5.8904862254808621e-01 1.3999439122776337e+01 -7.5410300926325267e+00
5.9061941887488112e-01 1.3987593700406581e+01 -7.5410300926319618e+00
5.9219021520167603e-01 1.3975748278036825e+01 -7.5410300926313969e+00
5.9376101152847094e-01 1.3963902855667069e+01 -7.5410300926319618e+00
5.9533180785526585e-01 1.3952057433297313e+01 -7.5410300926325267e+00
5.9690260418206076e-01 1.3940212010927556e+01 -7.5410300926319618e+00
5.9847340050885567e-01 1.3928366588557800e+01 -7.5410300926316616e+00
6.0004419683565047e-01 1.3916521166188046e+01 -7.5410300926316616e+00
6.0161499316244538e-01 1.3904675743818290e+01 -7.5410300926319618e+00
6.0318578948924029e-01 1.3892830321448534e+01 -7.5410300926325267e+00
6.0475658581603520e-01 1.3880984899078777e+01 -7.5410300926319618e+00
6.0632738214283011e-01 1.3869139476709021e+01 -7.5410300926313969e+00
6.0789817846962502e-01 1.3857294054339265e+01 -7.5410300926319618e+00
6.0946897479641993e-01 1.3845448631969509e+01 -7.5410300926325267e+00
6.1103977112321484e-01 1.3833603209599753e+01 -7.5410300926319618e+00
6.1261056745000975e-01 1.3821757787229997e+01 -7.5410300926316616e+00
6.1418136377680455e-01 1.3809912364860240e+01 -7.5410300926322273e+00
6.1575216010359946e-01 1.3798066942490484e+01 -7.5410300926319618e+00
6.1732295643039437e-01 1.3786221520120728e+01 -7.5410300926325267e+00
6.1889375275718927e-01 1.3774376097750972e+01 -7.5410300926319618e+00
6.2046454908398418e-01 1.3762530675381216e+01 -7.5410300926313969e+00
6.2203534541077909e-01 1.3750685253011460e+01 -7.5410300926319618e+00
6.2360614173757400e-01 1.3738839830641703e+01 -7.5410300926325267e+00
6.2517693806436891e-01 1.3726994408271947e+01 -7.5410300926322273e+00
6.2674773439116371e-01 1.3715148985902191e+01 -7.5410300926316616e+00
6.2831853071795862e-01 1.3703303563532435e+01 -7.5410300926313969e+00
6.2988932704475353e-01 1.3691458141162679e+01 -7.5410300926319618e+00
6.3146012337154844e-01 1.3679612718792923e+01 -7.5410300926325267e+00
6.3303091969834335e-01 1.3667767296423166e+01 -7.5410300926319618e+00
6.3460171602513826e-01 1.3655921874053410e+01 -7.5410300926313969e+00
6.3617251235193317e-01 1.3644076451683654e+01 -7.5410300926319618e+00
6.3774330867872808e-01 1.3632231029313898e+01 -7.5410300926325267e+00
6.3931410500552299e-01 1.3620385606944142e+01 -7.5410300926322273e+00
6.4088490133231779e-01 1.3608540184574386e+01 -7.5410300926316616e+00
6.4245569765911270e-01 1.3596694762204629e+01 -7.5410300926313969e+00
6.4402649398590761e-01 1.3584849339834873e+01 -7.5410300926319618e+00
6.4559729031270252e-01 1.3573003917465117e+01 -7.5410300926325267e+00
6.4716808663949743e-01 1.3561158495095361e+01 -7.5410300926319618e+00
6.4873888296629234e-01 1.3549313072725605e+01 -7.5410300926313969e+00
6.5030967929308725e-01 1.3537467650355849e+01 -7.5410300926319618e+00
6.5188047561988216e-01 1.3525622227986092e+01 -7.5410300926322273e+00
6.5345127194667696e-01 1.3513776805616336e+01 -7.5410300926322273e+00
6.5502206827347187e-01 1.3501931383246580e+01 -7.5410300926319618e+00
6.5659286460026678e-01 1.3490085960876824e+01 -7.5410300926319618e+00
6.5816366092706169e-01 1.3478240538507068e+01 -7.5410300926319618e+00
6.5973445725385660e-01 1.3466395116137312e+01 -7.5410300926319618e+00
6.6130525358065151e-01 1.3454549693767555e+01 -7.5410300926319618e+00
6.6287604990744642e-01 1.3442704271397799e+01 -7.5410300926319618e+00
6.6444684623424133e-01 1.3430858849028043e+01 -7.5410300926316616e+00
6.6601764256103613e-01 1.3419013426658287e+01 -7.5410300926322273e+00
6.6758843888783104e-01 1.3407168004288531e+01 -7.5410300926325267e+00
6.6915923521462595e-01 1.3395322581918775e+01 -7.5410300926319618e+00
6.7073003154142086e-01 1.3383477159549019e+01 -7.5410300926313969e+00
6.7230082786821577e-01 1.3371631737179262e+01 -7.5410300926319618e+00
6.7387162419501068e-01 1.3359786314809506e+01 -7.5410300926325267e+00
6.7544242052180559e-01 1.3347940892439750e+01 -7.5410300926319618e+00
6.7701321684860050e-01 1.3336095470069994e+01 -7.5410300926313969e+00
6.7858401317539541e-01 1.3324250047700239e+01 -7.5410300926310967e+00
6.8015480950219021e-01 1.3312404625330485e+01 -7.5410300926322273e+00
6.8172560582898512e-01 1.3300559202960727e+01 -7.5410300926330924e+00
6.8329640215578002e-01 1.3288713780590971e+01 -7.5410300926319618e+00
6.8486719848257493e-01 1.3276868358221215e+01 -7.5410300926308320e+00
6.8643799480936984e-01 1.3265022935851459e+01 -7.5410300926319618e+00
6.8800879113616475e-01 1.3253177513481702e+01 -7.5410300926330924e+00
6.8957958746295966e-01 1.3241332091111946e+01 -7.5410300926319618e+00
6.9115038378975457e-01 1.3229486668742190e+01 -7.5410300926310967e+00
6.9272118011654937e-01 1.3217641246372436e+01 -7.5410300926316616e+00
6.9429197644334428e-01 1.3205795824002680e+01 -7.5410300926319618e+00
6.9586277277013919e-01 1.3193950401632923e+01 -7.5410300926325267e+00
6.9743356909693410e-01 1.3182104979263167e+01 -7.5410300926319618e+00
6.9900436542372901e-01 1.3170259556893411e+01 -7.5410300926313969e+00
7.0057516175052392e-01 1.3158414134523655e+01 -7.5410300926319618e+00
7.0214595807731883e-01 1.3146568712153899e+01 -7.5410300926325267e+00
7.0371675440411374e-01 1.3134723289784143e+01 -7.5410300926319618e+00
7.0528755073090865e-01 1.3122877867414386e+01 -7.5410300926316616e+00
7.0685834705770345e-01 1.3111032445044630e+01 -7.5410300926322273e+00
7.0842914338449836e-01 1.3099187022674874e+01 -7.5410300926319618e+00
7.0999993971129327e-01 1.3087341600305118e+01 -7.5410300926319618e+00
7.1157073603808818e-01 1.3075496177935362e+01 -7.5410300926319618e+00
7.1314153236488309e-01 1.3063650755565606e+01 -7.5410300926319618e+00
7.1471232869167800e-01 1.3051805333195849e+01 -7.5410300926319618e+00
7.1628312501847291e-01 1.3039959910826093e+01 -7.5410300926325267e+00
7.1785392134526782e-01 1.3028114488456337e+01 -7.5410300926322273e+00
7.1942471767206262e-01 1.3016269066086581e+01 -7.5410300926316616e+00
7.2099551399885753e-01 1.3004423643716825e+01 -7.5410300926319618e+00
7.2256631032565244e-01 1.2992578221347069e+01 -7.5410300926319618e+00
7.2413710665244735e-01 1.2980732798977312e+01 -7.5410300926319618e+00
7.2570790297924226e-01 1.2968887376607556e+01 -7.5410300926319618e+00
7.2727869930603717e-01 1.2957041954237800e+01 -7.5410300926319618e+00
7.2884949563283208e-01 1.2945196531868044e+01 -7.5410300926319618e+00
7.3042029195962699e-01 1.2933351109498288e+01 -7.5410300926322273e+00
7.3199108828642179e-01 1.2921505687128532e+01 -7.5410300926322273e+00
7.3356188461321670e-01 1.2909660264758775e+01 -7.5410300926319618e+00
7.3513268094001161e-01 1.2897814842389019e+01 -7.5410300926319618e+00
7.3670347726680652e-01 1.2885969420019263e+01 -7.5410300926319618e+00
7.3827427359360143e-01 1.2874123997649507e+01 -7.5410300926319618e+00
7.3984506992039634e-01 1.2862278575279751e+01 -7.5410300926319618e+00
7.4141586624719125e-01 1.2850433152909995e+01 -7.5410300926319618e+00
7.4298666257398616e-01 1.2838587730540238e+01 -7.5410300926319618e+00
7.4455745890078107e-01 1.2826742308170482e+01 -7.5410300926316616e+00
7.4612825522757587e-01 1.2814896885800728e+01 -7.5410300926316616e+00
7.4769905155437077e-01 1.2803051463430972e+01 -7.5410300926319618e+00
7.4926984788116568e-01 1.2791206041061216e+01 -7.5410300926319618e+00
7.5084064420796059e-01 1.2779360618691459e+01 -7.5410300926319618e+00
7.5241144053475550e-01 1.2767515196321703e+01 -7.5410300926319618e+00
7.5398223686155041e-01 1.2755669773951947e+01 -7.5410300926319618e+00
7.5555303318834532e-01 1.2743824351582191e+01 -7.5410300926319618e+00
7.5712382951514023e-01 1.2731978929212435e+01 -7.5410300926316616e+00
7.5869462584193503e-01 1.2720133506842680e+01 -7.5410300926316616e+00
7.6026542216872994e-01 1.2708288084472924e+01 -7.5410300926319618e+00
7.6183621849552485e-01 1.2696442662103168e+01 -7.5410300926319618e+00
7.6340701482231976e-01 1.2684597239733412e+01 -7.5410300926319618e+00
7.6497781114911467e-01 1.2672751817363656e+01 -7.5410300926319618e+00
7.6654860747590958e-01 1.2660906394993900e+01 -7.5410300926319618e+00
7.6811940380270449e-01 1.2649060972624143e+01 -7.5410300926319618e+00
7.6969020012949940e-01 1.2637215550254387e+01 -7.5410300926319618e+00
7.7126099645629431e-01 1.2625370127884631e+01 -7.5410300926322273e+00
7.7283179278308911e-01 1.2613524705514875e+01 -7.5410300926322273e+00
7.7440258910988402e-01 1.2601679283145119e+01 -7.5410300926319618e+00
7.7597338543667893e-01 1.2589833860775363e+01 -7.5410300926319618e+00
7.7754418176347384e-01 1.2577988438405606e+01 -7.5410300926319618e+00
7.7911497809026875e-01 1.2566143016035850e+01 -7.5410300926319618e+00
7.8068577441706366e-01 1.2554297593666094e+01 -7.5410300926319618e+00
7.8225657074385857e-01 1.2542452171296338e+01 -7.5410300926319618e+00
7.8382736707065348e-01 1.2530606748926582e+01 -7.5410300926322273e+00
7.8539816339744828e-01 1.2518761326556826e+01 -7.5410300926322273e+00
7.8696895972424319e-01 1.2506915904187069e+01 -7.5410300926319618e+00
7.8853975605103810e-01 1.2495070481817313e+01 -7.5410300926319618e+00
7.9011055237783301e-01 1.2483225059447557e+01 -7.5410300926319618e+00
7.9168134870462792e-01 1.2471379637077801e+01 -7.5410300926319618e+00
7.9325214503142283e-01 1.2459534214708045e+01 -7.5410300926319618e+00
7.9482294135821774e-01 1.2447688792338289e+01 -7.5410300926319618e+00
7.9639373768501265e-01 1.2435843369968532e+01 -7.5410300926322273e+00
7.9796453401180745e-01 1.2423997947598776e+01 -7.5410300926322273e+00
7.9953533033860236e-01 1.2412152525229020e+01 -7.5410300926319618e+00
8.0110612666539727e-01 1.2400307102859264e+01 -7.5410300926319618e+00
8.0267692299219218e-01 1.2388461680489508e+01 -7.5410300926319618e+00
8.0424771931898709e-01 1.2376616258119752e+01 -7.5410300926319618e+00
8.0581851564578200e-01 1.2364770835749995e+01 -7.5410300926319618e+00
8.0738931197257691e-01 1.2352925413380239e+01 -7.5410300926319618e+00
8.0896010829937182e-01 1.2341079991010483e+01 -7.5410300926319618e+00
8.1053090462616673e-01 1.2329234568640727e+01 -7.5410300926316616e+00
8.1210170095296152e-01 1.2317389146270973e+01 -7.5410300926316616e+00
8.1367249727975643e-01 1.2305543723901216e+01 -7.5410300926319618e+00
8.1524329360655134e-01 1.2293698301531460e+01 -7.5410300926319618e+00
8.1681408993334625e-01 1.2281852879161704e+01 -7.5410300926319618e+00
8.1838488626014116e-01 1.2270007456791948e+01 -7.5410300926319618e+00
8.1995568258693607e-01 1.2258162034422192e+01 -7.5410300926319618e+00
8.2152647891373098e-01 1.2246316612052436e+01 -7.5410300926319618e+00
8.2309727524052589e-01 1.2234471189682679e+01 -7.5410300926316616e+00
8.2466807156732069e-01 1.2222625767312925e+01 -7.5410300926316616e+00
8.2623886789411560e-01 1.2210780344943169e+01 -7.5410300926319618e+00
8.2780966422091051e-01 1.2198934922573413e+01 -7.5410300926319618e+00
8.2938046054770542e-01 1.2187089500203657e+01 -7.5410300926319618e+00
8.3095125687450033e-01 1.2175244077833900e+01 -7.5410300926319618e+00
8.3252205320129524e-01 1.2163398655464144e+01 -7.5410300926319618e+00
8.3409284952809015e-01 1.2151553233094388e+01 -7.5410300926319618e+00
8.3566364585488506e-01 1.2139707810724632e+01 -7.5410300926322273e+00
8.3723444218167986e-01 1.2127862388354876e+01 -7.5410300926322273e+00
8.3880523850847477e-01 1.2116016965985120e+01 -7.5410300926319618e+00
8.4037603483526968e-01 1.2104171543615363e+01 -7.5410300926319618e+00
8.4194683116206459e-01 1.2092326121245607e+01 -7.5410300926319618e+00
8.4351762748885950e-01 1.2080480698875851e+01 -7.5410300926319618e+00
8.4508842381565441e-01 1.2068635276506095e+01 -7.5410300926319618e+00
8.4665922014244932e-01 1.2056789854136339e+01 -7.5410300926319618e+00
8.4823001646924423e-01 1.2044944431766583e+01 -7.5410300926319618e+00
8.4980081279603914e-01 1.2033099009396826e+01 -7.5410300926322273e+00
8.5137160912283394e-01 1.2021253587027070e+01 -7.5410300926322273e+00
8.5294240544962885e-01 1.2009408164657314e+01 -7.5410300926319618e+00
8.5451320177642376e-01 1.1997562742287558e+01 -7.5410300926319618e+00
8.5608399810321867e-01 1.1985717319917802e+01 -7.5410300926319618e+00
8.5765479443001358e-01 1.1973871897548046e+01 -7.5410300926319618e+00
8.5922559075680849e-01 1.1962026475178289e+01 -7.5410300926319618e+00
8.6079638708360340e-01 1.1950181052808533e+01 -7.5410300926319618e+00
8.6236718341039831e-01 1.1938335630438777e+01 -7.5410300926322273e+00
8.6393797973719311e-01 1.1926490208069021e+01 -7.5410300926322273e+00
8.6550877606398802e-01 1.1914644785699265e+01 -7.5410300926319618e+00
8.6707957239078293e-01 1.1902799363329509e+01 -7.5410300926319618e+00
8.6865036871757784e-01 1.1890953940959752e+01 -7.5410300926319618e+00
8.7022116504437275e-01 1.1879108518589996e+01 -7.5410300926319618e+00
8.7179196137116766e-01 1.1867263096220240e+01 -7.5410300926319618e+00
8.7336275769796257e-01 1.1855417673850484e+01 -7.5410300926319618e+00
8.7493355402475748e-01 1.1843572251480728e+01 -7.5410300926319618e+00
8.7650435035155239e-01 1.1831726829110972e+01 -7.5410300926316616e+00
8.7807514667834718e-01 1.1819881406741217e+01 -7.5410300926316616e+00
8.7964594300514209e-01 1.1808035984371461e+01 -7.5410300926319618e+00
8.8121673933193700e-01 1.1796190562001705e+01 -7.5410300926319618e+00
8.8278753565873191e-01 1.1784345139631949e+01 -7.5410300926319618e+00
8.8435833198552682e-01 1.1772499717262193e+01 -7.5410300926319618e+00
8.8592912831232173e-01 1.1760654294892436e+01 -7.5410300926319618e+00
8.8749992463911664e-01 1.1748808872522680e+01 -7.5410300926319618e+00
8.8907072096591155e-01 1.1736963450152924e+01 -7.5410300926316616e+00
8.9064151729270635e-01 1.1725118027783170e+01 -7.5410300926316616e+00
8.9221231361950126e-01 1.1713272605413414e+01 -7.5410300926319618e+00
8.9378310994629617e-01 1.1701427183043657e+01 -7.5410300926319618e+00
8.9535390627309108e-01 1.1689581760673901e+01 -7.5410300926319618e+00
8.9692470259988599e-01 1.1677736338304145e+01 -7.5410300926319618e+00
8.9849549892668090e-01 1.1665890915934389e+01 -7.5410300926319618e+00
9.0006629525347581e-01 1.1654045493564633e+01 -7.5410300926319618e+00
9.0163709158027072e-01 1.1642200071194877e+01 -7.5410300926322273e+00
9.0320788790706552e-01 1.1630354648825120e+01 -7.5410300926322273e+00
9.0477868423386043e-01 1.1618509226455364e+01 -7.5410300926319618e+00
9.0634948056065534e-01 1.1606663804085608e+01 -7.5410300926319618e+00
9.0792027688745025e-01 1.1594818381715852e+01 -7.5410300926319618e+00
9.0949107321424516e-01 1.1582972959346096e+01 -7.5410300926319618e+00
9.1106186954104007e-01 1.1571127536976340e+01 -7.5410300926319618e+00
9.1263266586783498e-01 1.1559282114606583e+01 -7.5410300926319618e+00
9.1420346219462989e-01 1.1547436692236827e+01 -7.5410300926319618e+00
9.1577425852142480e-01 1.1535591269867071e+01 -7.5410300926322273e+00
9.1734505484821960e-01 1.1523745847497315e+01 -7.5410300926322273e+00
9.1891585117501451e-01 1.1511900425127559e+01 -7.5410300926319618e+00
9.2048664750180942e-01 1.1500055002757803e+01 -7.5410300926319618e+00
9.2205744382860433e-01 1.1488209580388046e+01 -7.5410300926319618e+00
9.2362824015539924e-01 1.1476364158018290e+01 -7.5410300926319618e+00
9.2519903648219415e-01 1.1464518735648534e+01 -7.5410300926319618e+00
9.2676983280898906e-01 1.1452673313278778e+01 -7.5410300926319618e+00
9.2834062913578397e-01 1.1440827890909022e+01 -7.5410300926322273e+00
9.2991142546257877e-01 1.1428982468539266e+01 -7.5410300926322273e+00
9.3148222178937368e-01 1.1417137046169509e+01 -7.5410300926319618e+00
9.3305301811616859e-01 1.1405291623799753e+01 -7.5410300926319618e+00
9.3462381444296350e-01 1.1393446201429997e+01 -7.5410300926319618e+00
9.3619461076975841e-01 1.1381600779060241e+01 -7.5410300926319618e+00
9.3776540709655332e-01 1.1369755356690485e+01 -7.5410300926319618e+00
9.3933620342334823e-01 1.1357909934320729e+01 -7.5410300926319618e+00
9.4090699975014314e-01 1.1346064511950972e+01 -7.5410300926319618e+00
9.4247779607693805e-01 1.1334219089581216e+01 -7.5410300926316616e+00
9.4404859240373284e-01 1.1322373667211462e+01 -7.5410300926316616e+00
9.4561938873052775e-01 1.1310528244841706e+01 -7.5410300926319618e+00
9.4719018505732266e-01 1.1298682822471950e+01 -7.5410300926319618e+00
9.4876098138411757e-01 1.1286837400102193e+01 -7.5410300926319618e+00
9.5033177771091248e-01 1.1274991977732437e+01 -7.5410300926319618e+00
9.5190257403770739e-01 1.1263146555362681e+01 -7.5410300926319618e+00
9.5347337036450230e-01 1.1251301132992925e+01 -7.5410300926319618e+00
9.5504416669129721e-01 1.1239455710623169e+01 -7.5410300926316616e+00
9.5661496301809201e-01 1.1227610288253414e+01 -7.5410300926316616e+00
9.5818575934488692e-01 1.1215764865883658e+01 -7.5410300926319618e+00
9.5975655567168183e-01 1.1203919443513902e+01 -7.5410300926319618e+00
9.6132735199847674e-01 1.1192074021144146e+01 -7.5410300926319618e+00
9.6289814832527165e-01 1.1180228598774390e+01 -7.5410300926319618e+00
9.6446894465206656e-01 1.1168383176404634e+01 -7.5410300926319618e+00
9.6603974097886147e-01 1.1156537754034877e+01 -7.5410300926319618e+00
9.6761053730565638e-01 1.1144692331665121e+01 -7.5410300926322273e+00
9.6918133363245118e-01 1.1132846909295365e+01 -7.5410300926322273e+00
9.7075212995924609e-01 1.1121001486925609e+01 -7.5410300926319618e+00
9.7232292628604100e-01 1.1109156064555853e+01 -7.5410300926319618e+00
9.7389372261283591e-01 1.1097310642186097e+01 -7.5410300926319618e+00
9.7546451893963082e-01 1.1085465219816340e+01 -7.5410300926319618e+00
9.7703531526642573e-01 1.1073619797446584e+01 -7.5410300926319618e+00
9.7860611159322064e-01 1.1061774375076828e+01 -7.5410300926319618e+00
9.8017690792001555e-01 1.1049928952707072e+01 -7.5410300926319618e+00
9.8174770424681046e-01 1.1038083530337316e+01 -7.5410300926322273e+00
9.8331850057360526e-01 1.1026238107967560e+01 -7.5410300926322273e+00
9.8488929690040017e-01 1.1014392685597803e+01 -7.5410300926319618e+00
9.8646009322719508e-01 1.1002547263228047e+01 -7.5410300926319618e+00
9.8803088955398999e-01 1.0990701840858291e+01 -7.5410300926319618e+00
9.8960168588078490e-01 1.0978856418488535e+01 -7.5410300926319618e+00
9.9117248220757981e-01 1.0967010996118779e+01 -7.5410300926319618e+00
9.9274327853437472e-01 1.0955165573749023e+01 -7.5410300926319618e+00
9.9431407486116963e-01 1.0943320151379266e+01 -7.5410300926322273e+00
9.9588487118796443e-01 1.0931474729009510e+01 -7.5410300926322273e+00
9.9745566751475934e-01 1.0919629306639754e+01 -7.5410300926319618e+00
9.9902646384155425e-01 1.0907783884269998e+01 -7.5410300926316953e+00
1.0005972601683493e+00 1.0895938461900242e+01 -7.5410300926319636e+00
1.0021680564951441e+00 1.0884093039530486e+01 -7.5410300926319307e+00
1.0037388528219389e+00 1.0872247617160729e+01 -7.5410300926319636e+00
1.0053096491487339e+00 1.0860402194790973e+01 -7.5410300926319636e+00
1.0068804454755287e+00 1.0848556772421217e+01 -7.5410300926319636e+00
1.0084512418023237e+00 1.0836711350051461e+01 -7.5410300926319636e+00
1.0100220381291185e+00 1.0824865927681705e+01 -7.5410300926319636e+00
1.0115928344559135e+00 1.0813020505311949e+01 -7.5410300926319636e+00
1.0131636307827083e+00 1.0801175082942192e+01 -7.5410300926319636e+00
1.0147344271095033e+00 1.0789329660572436e+01 -7.5410300926319636e+00
1.0163052234362981e+00 1.0777484238202682e+01 -7.5410300926313649e+00
1.0178760197630929e+00 1.0765638815832927e+01 -7.5410300926319636e+00
1.0194468160898880e+00 1.0753793393463171e+01 -7.5410300926319636e+00
1.0210176124166828e+00 1.0741947971093415e+01 -7.5410300926319636e+00
1.0225884087434778e+00 1.0730102548723659e+01 -7.5410300926319636e+00
1.0241592050702726e+00 1.0718257126353903e+01 -7.5410300926319636e+00
1.0257300013970676e+00 1.0706411703984147e+01 -7.5410300926319636e+00
1.0273007977238624e+00 1.0694566281614390e+01 -7.5410300926319307e+00
1.0288715940506572e+00 1.0682720859244634e+01 -7.5410300926319636e+00
1.0304423903774522e+00 1.0670875436874878e+01 -7.5410300926319636e+00
1.0320131867042470e+00 1.0659030014505122e+01 -7.5410300926319636e+00
1.0335839830310420e+00 1.0647184592135366e+01 -7.5410300926319636e+00
1.0351547793578368e+00 1.0635339169765610e+01 -7.5410300926319636e+00
1.0367255756846319e+00 1.0623493747395854e+01 -7.5410300926319636e+00
1.0382963720114267e+00 1.0611648325026097e+01 -7.5410300926325284e+00
1.0398671683382217e+00 1.0599802902656339e+01 -7.5410300926319636e+00
1.0414379646650165e+00 1.0587957480286583e+01 -7.5410300926319307e+00
1.0430087609918113e+00 1.0576112057916827e+01 -7.5410300926319636e+00
1.0445795573186063e+00 1.0564266635547071e+01 -7.5410300926319636e+00
1.0461503536454011e+00 1.0552421213177315e+01 -7.5410300926319636e+00
1.0477211499721961e+00 1.0540575790807559e+01 -7.5410300926319636e+00
1.0492919462989909e+00 1.0528730368437802e+01 -7.5410300926319636e+00
1.0508627426257859e+00 1.0516884946068046e+01 -7.5410300926319636e+00
1.0524335389525807e+00 1.0505039523698290e+01 -7.5410300926319636e+00
1.0540043352793758e+00 1.0493194101328534e+01 -7.5410300926319636e+00
1.0555751316061706e+00 1.0481348678958778e+01 -7.5410300926324956e+00
1.0571459279329654e+00 1.0469503256589022e+01 -7.5410300926319636e+00
1.0587167242597604e+00 1.0457657834219265e+01 -7.5410300926319636e+00
1.0602875205865552e+00 1.0445812411849509e+01 -7.5410300926319636e+00
1.0618583169133502e+00 1.0433966989479753e+01 -7.5410300926319636e+00
1.0634291132401450e+00 1.0422121567109997e+01 -7.5410300926319636e+00
1.0649999095669400e+00 1.0410276144740241e+01 -7.5410300926319636e+00
1.0665707058937348e+00 1.0398430722370485e+01 -7.5410300926319307e+00
1.0681415022205296e+00 1.0386585300000728e+01 -7.5410300926319636e+00
1.0697122985473246e+00 1.0374739877630972e+01 -7.5410300926319636e+00
1.0712830948741194e+00 1.0362894455261216e+01 -7.5410300926319636e+00
1.0728538912009145e+00 1.0351049032891460e+01 -7.5410300926319636e+00
1.0744246875277093e+00 1.0339203610521704e+01 -7.5410300926319636e+00
1.0759954838545043e+00 1.0327358188151948e+01 -7.5410300926319636e+00
1.0775662801812991e+00 1.0315512765782191e+01 -7.5410300926319636e+00
1.0791370765080941e+00 1.0303667343412435e+01 -7.5410300926319636e+00
1.0807078728348889e+00 1.0291821921042681e+01 -7.5410300926313649e+00
1.0822786691616837e+00 1.0279976498672927e+01 -7.5410300926319636e+00
1.0838494654884787e+00 1.0268131076303170e+01 -7.5410300926319636e+00
1.0854202618152735e+00 1.0256285653933414e+01 -7.5410300926319636e+00
1.0869910581420685e+00 1.0244440231563658e+01 -7.5410300926319636e+00
1.0885618544688633e+00 1.0232594809193902e+01 -7.5410300926319636e+00
1.0901326507956584e+00 1.0220749386824146e+01 -7.5410300926319636e+00
1.0917034471224532e+00 1.0208903964454390e+01 -7.5410300926319636e+00
1.0932742434492482e+00 1.0197058542084633e+01 -7.5410300926319636e+00
1.0948450397760430e+00 1.0185213119714877e+01 -7.5410300926319307e+00
1.0964158361028378e+00 1.0173367697345121e+01 -7.5410300926319636e+00
1.0979866324296328e+00 1.0161522274975365e+01 -7.5410300926319636e+00
1.0995574287564276e+00 1.0149676852605609e+01 -7.5410300926319636e+00
1.1011282250832226e+00 1.0137831430235853e+01 -7.5410300926319636e+00
1.1026990214100174e+00 1.0125986007866096e+01 -7.5410300926325284e+00
1.1042698177368124e+00 1.0114140585496338e+01 -7.5410300926319636e+00
1.1058406140636072e+00 1.0102295163126582e+01 -7.5410300926319636e+00
1.1074114103904023e+00 1.0090449740756826e+01 -7.5410300926319636e+00
1.1089822067171970e+00 1.0078604318387070e+01 -7.5410300926319307e+00
1.1105530030439918e+00 1.0066758896017314e+01 -7.5410300926319636e+00
1.1121237993707869e+00 1.0054913473647558e+01 -7.5410300926319636e+00
1.1136945956975817e+00 1.0043068051277801e+01 -7.5410300926319636e+00
1.1152653920243767e+00 1.0031222628908045e+01 -7.5410300926319636e+00
1.1168361883511715e+00 1.0019377206538289e+01 -7.5410300926319636e+00
1.1184069846779665e+00 1.0007531784168533e+01 -7.5410300926319636e+00
1.1199777810047613e+00 9.9956863617987768e+00 -7.5410300926324956e+00
1.1215485773315561e+00 9.9838409394290206e+00 -7.5410300926319636e+00
1.1231193736583511e+00 9.9719955170592645e+00 -7.5410300926319636e+00
1.1246901699851459e+00 9.9601500946895083e+00 -7.5410300926319636e+00
1.1262609663119409e+00 9.9483046723197521e+00 -7.5410300926319636e+00
1.1278317626387357e+00 9.9364592499499960e+00 -7.5410300926319636e+00
1.1294025589655308e+00 9.9246138275802398e+00 -7.5410300926319636e+00
1.1309733552923256e+00 9.9127684052104836e+00 -7.5410300926319636e+00
1.1325441516191206e+00 9.9009229828407275e+00 -7.5410300926319636e+00
1.1341149479459154e+00 9.8890775604709713e+00 -7.5410300926319307e+00
1.1356857442727102e+00 9.8772321381012151e+00 -7.5410300926319636e+00
1.1372565405995052e+00 9.8653867157314590e+00 -7.5410300926319636e+00
1.1388273369263000e+00 9.8535412933617028e+00 -7.5410300926319636e+00
1.1403981332530950e+00 9.8416958709919466e+00 -7.5410300926319636e+00
1.1419689295798898e+00 9.8298504486221905e+00 -7.5410300926319636e+00
1.1435397259066848e+00 9.8180050262524343e+00 -7.5410300926319636e+00
1.1451105222334796e+00 9.8061596038826782e+00 -7.5410300926319636e+00
1.1466813185602747e+00 9.7943141815129220e+00 -7.5410300926319636e+00
1.1482521148870695e+00 9.7824687591431676e+00 -7.5410300926313649e+00
1.1498229112138643e+00 9.7706233367734132e+00 -7.5410300926319636e+00
1.1513937075406593e+00 9.7587779144036571e+00 -7.5410300926319636e+00
1.1529645038674541e+00 9.7469324920339009e+00 -7.5410300926319636e+00
1.1545353001942491e+00 9.7350870696641447e+00 -7.5410300926319636e+00
1.1561060965210439e+00 9.7232416472943886e+00 -7.5410300926319636e+00
1.1576768928478389e+00 9.7113962249246324e+00 -7.5410300926319636e+00
1.1592476891746337e+00 9.6995508025548762e+00 -7.5410300926319307e+00
1.1608184855014285e+00 9.6877053801851201e+00 -7.5410300926319636e+00
1.1623892818282235e+00 9.6758599578153639e+00 -7.5410300926319636e+00
1.1639600781550183e+00 9.6640145354456077e+00 -7.5410300926319636e+00
1.1655308744818134e+00 9.6521691130758516e+00 -7.5410300926319636e+00
1.1671016708086082e+00 9.6403236907060954e+00 -7.5410300926325284e+00
1.1686724671354032e+00 9.6284782683363375e+00 -7.5410300926319636e+00
1.1702432634621980e+00 9.6166328459665813e+00 -7.5410300926319636e+00
1.1718140597889930e+00 9.6047874235968251e+00 -7.5410300926319636e+00
1.1733848561157878e+00 9.5929420012270690e+00 -7.5410300926319307e+00
1.1749556524425826e+00 9.5810965788573128e+00 -7.5410300926319636e+00
1.1765264487693776e+00 9.5692511564875566e+00 -7.5410300926319636e+00
1.1780972450961724e+00 9.5574057341178005e+00 -7.5410300926319636e+00
1.1796680414229674e+00 9.5455603117480443e+00 -7.5410300926319636e+00
1.1812388377497622e+00 9.5337148893782881e+00 -7.5410300926319636e+00
1.1828096340765573e+00 9.5218694670085320e+00 -7.5410300926319636e+00
1.1843804304033521e+00 9.5100240446387758e+00 -7.5410300926319636e+00
1.1859512267301471e+00 9.4981786222690197e+00 -7.5410300926319636e+00
1.1875220230569419e+00 9.4863331998992635e+00 -7.5410300926324956e+00
1.1890928193837367e+00 9.4744877775295073e+00 -7.5410300926319636e+00
1.1906636157105317e+00 9.4626423551597512e+00 -7.5410300926319636e+00
1.1922344120373265e+00 9.4507969327899950e+00 -7.5410300926319636e+00
1.1938052083641215e+00 9.4389515104202388e+00 -7.5410300926319636e+00
1.1953760046909163e+00 9.4271060880504827e+00 -7.5410300926319636e+00
1.1969468010177113e+00 9.4152606656807265e+00 -7.5410300926319636e+00
1.1985175973445061e+00 9.4034152433109703e+00 -7.5410300926319307e+00
1.2000883936713009e+00 9.3915698209412142e+00 -7.5410300926319636e+00
1.2016591899980960e+00 9.3797243985714580e+00 -7.5410300926319636e+00
1.2032299863248908e+00 9.3678789762017018e+00 -7.5410300926319636e+00
1.2048007826516858e+00 9.3560335538319457e+00 -7.5410300926319636e+00
1.2063715789784806e+00 9.3441881314621895e+00 -7.5410300926319636e+00
1.2079423753052756e+00 9.3323427090924334e+00 -7.5410300926319636e+00
1.2095131716320704e+00 9.3204972867226772e+00 -7.5410300926319636e+00
1.2110839679588654e+00 9.3086518643529210e+00 -7.5410300926319636e+00
1.2126547642856602e+00 9.2968064419831649e+00 -7.5410300926319307e+00
1.2142255606124550e+00 9.2849610196134087e+00 -7.5410300926319636e+00
1.2157963569392500e+00 9.2731155972436525e+00 -7.5410300926319636e+00
1.2173671532660448e+00 9.2612701748738964e+00 -7.5410300926319636e+00
1.2189379495928399e+00 9.2494247525041402e+00 -7.5410300926319636e+00
1.2205087459196347e+00 9.2375793301343840e+00 -7.5410300926319636e+00
1.2220795422464297e+00 9.2257339077646279e+00 -7.5410300926319636e+00
1.2236503385732245e+00 9.2138884853948717e+00 -7.5410300926319636e+00
1.2252211349000195e+00 9.2020430630251155e+00 -7.5410300926319636e+00
1.2267919312268143e+00 9.1901976406553594e+00 -7.5410300926319307e+00
1.2283627275536091e+00 9.1783522182856032e+00 -7.5410300926319636e+00
1.2299335238804041e+00 9.1665067959158471e+00 -7.5410300926319636e+00
1.2315043202071989e+00 9.1546613735460909e+00 -7.5410300926319636e+00
1.2330751165339939e+00 9.1428159511763347e+00 -7.5410300926319636e+00
1.2346459128607887e+00 9.1309705288065786e+00 -7.5410300926319636e+00
1.2362167091875838e+00 9.1191251064368224e+00 -7.5410300926319636e+00
1.2377875055143785e+00 9.1072796840670662e+00 -7.5410300926319307e+00
1.2393583018411733e+00 9.0954342616973101e+00 -7.5410300926319636e+00
1.2409290981679684e+00 9.0835888393275539e+00 -7.5410300926319636e+00
1.2424998944947632e+00 9.0717434169577977e+00 -7.5410300926319636e+00
1.2440706908215582e+00 9.0598979945880416e+00 -7.5410300926319636e+00
1.2456414871483530e+00 9.0480525722182854e+00 -7.5410300926319636e+00
1.2472122834751480e+00 9.0362071498485292e+00 -7.5410300926319636e+00
1.2487830798019428e+00 9.0243617274787731e+00 -7.5410300926319636e+00
1.2503538761287378e+00 9.0125163051090169e+00 -7.5410300926319636e+00
1.2519246724555326e+00 9.0006708827392607e+00 -7.5410300926324956e+00
1.2534954687823274e+00 8.9888254603695046e+00 -7.5410300926319636e+00
1.2550662651091224e+00 8.9769800379997484e+00 -7.5410300926319636e+00
1.2566370614359172e+00 8.9651346156299923e+00 -7.5410300926319636e+00
1.2582078577627123e+00 8.9532891932602361e+00 -7.5410300926319636e+00
1.2597786540895071e+00 8.9414437708904799e+00 -7.5410300926319636e+00
1.2613494504163021e+00 8.9295983485207238e+00 -7.5410300926319636e+00
1.2629202467430969e+00 8.9177529261509676e+00 -7.5410300926319636e+00
1.2644910430698919e+00 8.9059075037812114e+00 -7.5410300926319636e+00
1.2660618393966867e+00 8.8940620814114553e+00 -7.5410300926319307e+00
1.2676326357234815e+00 8.8822166590416991e+00 -7.5410300926319636e+00
1.2692034320502765e+00 8.8703712366719429e+00 -7.5410300926319636e+00
1.2707742283770713e+00 8.8585258143021868e+00 -7.5410300926319636e+00
1.2723450247038663e+00 8.8466803919324306e+00 -7.5410300926319636e+00
1.2739158210306611e+00 8.8348349695626744e+00 -7.5410300926319636e+00
1.2754866173574562e+00 8.8229895471929183e+00 -7.5410300926319636e+00
1.2770574136842510e+00 8.8111441248231621e+00 -7.5410300926319636e+00
1.2786282100110460e+00 8.7992987024534060e+00 -7.5410300926319636e+00
1.2801990063378408e+00 8.7874532800836498e+00 -7.5410300926319307e+00
1.2817698026646356e+00 8.7756078577138936e+00 -7.5410300926319636e+00
1.2833405989914306e+00 8.7637624353441375e+00 -7.5410300926319636e+00
1.2849113953182254e+00 8.7519170129743813e+00 -7.5410300926319636e+00
1.2864821916450204e+00 8.7400715906046251e+00 -7.5410300926319636e+00
1.2880529879718152e+00 8.7282261682348690e+00 -7.5410300926319636e+00
1.2896237842986102e+00 8.7163807458651128e+00 -7.5410300926319636e+00
1.2911945806254050e+00 8.7045353234953566e+00 -7.5410300926319307e+00
1.2927653769521998e+00 8.6926899011256005e+00 -7.5410300926319636e+00
1.2943361732789949e+00 8.6808444787558443e+00 -7.5410300926319636e+00
1.2959069696057897e+00 8.6689990563860881e+00 -7.5410300926319636e+00
1.2974777659325847e+00 8.6571536340163320e+00 -7.5410300926319636e+00
1.2990485622593795e+00 8.6453082116465758e+00 -7.5410300926319636e+00
1.3006193585861745e+00 8.6334627892768196e+00 -7.5410300926319636e+00
1.3021901549129693e+00 8.6216173669070635e+00 -7.5410300926319636e+00
1.3037609512397643e+00 8.6097719445373073e+00 -7.5410300926319636e+00
1.3053317475665591e+00 8.5979265221675512e+00 -7.5410300926319307e+00
1.3069025438933539e+00 8.5860810997977950e+00 -7.5410300926319636e+00
1.3084733402201489e+00 8.5742356774280388e+00 -7.5410300926319636e+00
1.3100441365469437e+00 8.5623902550582827e+00 -7.5410300926319636e+00
1.3116149328737388e+00 8.5505448326885265e+00 -7.5410300926319636e+00
1.3131857292005336e+00 8.5386994103187703e+00 -7.5410300926319636e+00
1.3147565255273286e+00 8.5268539879490142e+00 -7.5410300926319636e+00
1.3163273218541234e+00 8.5150085655792580e+00 -7.5410300926319636e+00
1.3178981181809184e+00 8.5031631432095018e+00 -7.5410300926319636e+00
1.3194689145077132e+00 8.4913177208397457e+00 -7.5410300926324956e+00
1.3210397108345080e+00 8.4794722984699895e+00 -7.5410300926319636e+00
1.3226105071613030e+00 8.4676268761002333e+00 -7.5410300926319636e+00
1.3241813034880978e+00 8.4557814537304772e+00 -7.5410300926319636e+00
1.3257520998148928e+00 8.4439360313607210e+00 -7.5410300926319636e+00
1.3273228961416876e+00 8.4320906089909649e+00 -7.5410300926319636e+00
1.3288936924684827e+00 8.4202451866212087e+00 -7.5410300926319636e+00
1.3304644887952775e+00 8.4083997642514525e+00 -7.5410300926319307e+00
1.3320352851220723e+00 8.3965543418816964e+00 -7.5410300926319636e+00
1.3336060814488673e+00 8.3847089195119402e+00 -7.5410300926319636e+00
1.3351768777756621e+00 8.3728634971421840e+00 -7.5410300926319636e+00
1.3367476741024571e+00 8.3610180747724279e+00 -7.5410300926319636e+00
1.3383184704292519e+00 8.3491726524026717e+00 -7.5410300926319636e+00
1.3398892667560469e+00 8.3373272300329155e+00 -7.5410300926319636e+00
1.3414600630828417e+00 8.3254818076631594e+00 -7.5410300926319636e+00
1.3430308594096367e+00 8.3136363852934032e+00 -7.5410300926319636e+00
1.3446016557364315e+00 8.3017909629236470e+00 -7.5410300926319307e+00
1.3461724520632263e+00 8.2899455405538909e+00 -7.5410300926319636e+00
1.3477432483900214e+00 8.2781001181841347e+00 -7.5410300926319636e+00
1.3493140447168162e+00 8.2662546958143786e+00 -7.5410300926319636e+00
1.3508848410436112e+00 8.2544092734446224e+00 -7.5410300926319636e+00
1.3524556373704060e+00 8.2425638510748662e+00 -7.5410300926319636e+00
1.3540264336972010e+00 8.2307184287051101e+00 -7.5410300926319636e+00
1.3555972300239958e+00 8.2188730063353539e+00 -7.5410300926319636e+00
1.3571680263507908e+00 8.2070275839655977e+00 -7.5410300926319636e+00
1.3587388226775856e+00 8.1951821615958416e+00 -7.5410300926319307e+00
1.3603096190043804e+00 8.1833367392260854e+00 -7.5410300926319636e+00
1.3618804153311754e+00 8.1714913168563292e+00 -7.5410300926319636e+00
1.3634512116579702e+00 8.1596458944865731e+00 -7.5410300926319636e+00
1.3650220079847653e+00 8.1478004721168169e+00 -7.5410300926319636e+00
1.3665928043115600e+00 8.1359550497470607e+00 -7.5410300926319636e+00
1.3681636006383551e+00 8.1241096273773046e+00 -7.5410300926319636e+00
1.3697343969651499e+00 8.1122642050075484e+00 -7.5410300926319307e+00
1.3713051932919447e+00 8.1004187826377922e+00 -7.5410300926319636e+00
1.3728759896187397e+00 8.0885733602680361e+00 -7.5410300926319636e+00
1.3744467859455345e+00 8.0767279378982799e+00 -7.5410300926319636e+00
1.3760175822723295e+00 8.0648825155285238e+00 -7.5410300926319636e+00
1.3775883785991243e+00 8.0530370931587676e+00 -7.5410300926319636e+00
1.3791591749259193e+00 8.0411916707890114e+00 -7.5410300926319636e+00
1.3807299712527141e+00 8.0293462484192553e+00 -7.5410300926319636e+00
1.3823007675795091e+00 8.0175008260494991e+00 -7.5410300926319636e+00
1.3838715639063039e+00 8.0056554036797429e+00 -7.5410300926324956e+00
1.3854423602330987e+00 7.9938099813099877e+00 -7.5410300926319636e+00
1.3870131565598938e+00 7.9819645589402306e+00 -7.5410300926319636e+00
1.3885839528866886e+00 7.9701191365704753e+00 -7.5410300926319636e+00
1.3901547492134836e+00 7.9582737142007183e+00 -7.5410300926319636e+00
1.3917255455402784e+00 7.9464282918309630e+00 -7.5410300926319636e+00
1.3932963418670734e+00 7.9345828694612059e+00 -7.5410300926316793e+00
1.3948671381938682e+00 7.9227374470914507e+00 -7.5410300926319600e+00
1.3964379345206632e+00 7.9108920247216936e+00 -7.5410300926319600e+00
1.3980087308474580e+00 7.8990466023519383e+00 -7.5410300926319289e+00
1.3995795271742528e+00 7.8872011799821831e+00 -7.5410300926319600e+00
1.4011503235010478e+00 7.8753557576124260e+00 -7.5410300926319600e+00
1.4027211198278426e+00 7.8635103352426707e+00 -7.5410300926319600e+00
1.4042919161546377e+00 7.8516649128729137e+00 -7.5410300926319600e+00
1.4058627124814325e+00 7.8398194905031584e+00 -7.5410300926319600e+00
1.4074335088082275e+00 7.8279740681334014e+00 -7.5410300926319600e+00
1.4090043051350223e+00 7.8161286457636461e+00 -7.5410300926319600e+00
1.4105751014618173e+00 7.8042832233938890e+00 -7.5410300926319600e+00
1.4121458977886121e+00 7.7924378010241337e+00 -7.5410300926322131e+00
1.4137166941154069e+00 7.7805923786543785e+00 -7.5410300926319636e+00
1.4152874904422019e+00 7.7687469562846214e+00 -7.5410300926319636e+00
1.4168582867689967e+00 7.7569015339148661e+00 -7.5410300926319636e+00
1.4184290830957917e+00 7.7450561115451091e+00 -7.5410300926319636e+00
1.4199998794225865e+00 7.7332106891753538e+00 -7.5410300926319636e+00
1.4215706757493816e+00 7.7213652668055968e+00 -7.5410300926319636e+00
1.4231414720761764e+00 7.7095198444358415e+00 -7.5410300926319307e+00
1.4247122684029712e+00 7.6976744220660862e+00 -7.5410300926319636e+00
1.4262830647297662e+00 7.6858289996963292e+00 -7.5410300926319636e+00
1.4278538610565610e+00 7.6739835773265739e+00 -7.5410300926319636e+00
1.4294246573833560e+00 7.6621381549568168e+00 -7.5410300926319636e+00
1.4309954537101508e+00 7.6502927325870616e+00 -7.5410300926319636e+00
1.4325662500369458e+00 7.6384473102173045e+00 -7.5410300926319636e+00
1.4341370463637406e+00 7.6266018878475492e+00 -7.5410300926319636e+00
1.4357078426905356e+00 7.6147564654777922e+00 -7.5410300926319636e+00
1.4372786390173304e+00 7.6029110431080369e+00 -7.5410300926319307e+00
1.4388494353441252e+00 7.5910656207382816e+00 -7.5410300926319636e+00
1.4404202316709203e+00 7.5792201983685246e+00 -7.5410300926319636e+00
1.4419910279977151e+00 7.5673747759987693e+00 -7.5410300926322442e+00
1.4435618243245101e+00 7.5555293536290122e+00 -7.5410300926319600e+00
1.4451326206513049e+00 7.5436839312592570e+00 -7.5410300926319600e+00
1.4467034169780999e+00 7.5318385088894999e+00 -7.5410300926319600e+00
1.4482742133048947e+00 7.5199930865197446e+00 -7.5410300926319600e+00
1.4498450096316897e+00 7.5081476641499876e+00 -7.5410300926319600e+00
1.4514158059584845e+00 7.4963022417802323e+00 -7.5410300926319289e+00
1.4529866022852793e+00 7.4844568194104770e+00 -7.5410300926319600e+00
1.4545573986120743e+00 7.4726113970407200e+00 -7.5410300926319600e+00
1.4561281949388691e+00 7.4607659746709647e+00 -7.5410300926319600e+00
1.4576989912656642e+00 7.4489205523012076e+00 -7.5410300926319600e+00
1.4592697875924590e+00 7.4370751299314524e+00 -7.5410300926319600e+00
1.4608405839192540e+00 7.4252297075616953e+00 -7.5410300926319600e+00
1.4624113802460488e+00 7.4133842851919400e+00 -7.5410300926319289e+00
1.4639821765728436e+00 7.4015388628221848e+00 -7.5410300926319600e+00
1.4655529728996386e+00 7.3896934404524277e+00 -7.5410300926319600e+00
1.4671237692264334e+00 7.3778480180826724e+00 -7.5410300926319600e+00
1.4686945655532284e+00 7.3660025957129154e+00 -7.5410300926319600e+00
1.4702653618800232e+00 7.3541571733431601e+00 -7.5410300926319600e+00
1.4718361582068182e+00 7.3423117509734031e+00 -7.5410300926319600e+00
1.4734069545336130e+00 7.3304663286036478e+00 -7.5410300926319600e+00
1.4749777508604081e+00 7.3186209062338907e+00 -7.5410300926319600e+00
1.4765485471872029e+00 7.3067754838641354e+00 -7.5410300926319289e+00
1.4781193435139977e+00 7.2949300614943802e+00 -7.5410300926319600e+00
1.4796901398407927e+00 7.2830846391246231e+00 -7.5410300926322442e+00
1.4812609361675875e+00 7.2712392167548678e+00 -7.5410300926319636e+00
1.4828317324943825e+00 7.2593937943851108e+00 -7.5410300926319636e+00
1.4844025288211773e+00 7.2475483720153555e+00 -7.5410300926319636e+00
1.4859733251479723e+00 7.2357029496455985e+00 -7.5410300926319636e+00
1.4875441214747671e+00 7.2238575272758432e+00 -7.5410300926319636e+00
1.4891149178015621e+00 7.2120121049060861e+00 -7.5410300926319636e+00
1.4906857141283569e+00 7.2001666825363309e+00 -7.5410300926319307e+00
1.4922565104551517e+00 7.1883212601665756e+00 -7.5410300926319636e+00
1.4938273067819468e+00 7.1764758377968185e+00 -7.5410300926319636e+00
1.4953981031087415e+00 7.1646304154270632e+00 -7.5410300926319636e+00
1.4969688994355366e+00 7.1527849930573062e+00 -7.5410300926322442e+00
1.4985396957623314e+00 7.1409395706875509e+00 -7.5410300926319600e+00
1.5001104920891264e+00 7.1290941483177939e+00 -7.5410300926319600e+00
1.5016812884159212e+00 7.1172487259480386e+00 -7.5410300926319289e+00
1.5032520847427160e+00 7.1054033035782833e+00 -7.5410300926319600e+00
1.5048228810695110e+00 7.0935578812085263e+00 -7.5410300926319600e+00
1.5063936773963058e+00 7.0817124588387710e+00 -7.5410300926319600e+00
1.5079644737231008e+00 7.0698670364690139e+00 -7.5410300926319600e+00
1.5095352700498956e+00 7.0580216140992587e+00 -7.5410300926319600e+00
1.5111060663766906e+00 7.0461761917295016e+00 -7.5410300926319600e+00
1.5126768627034854e+00 7.0343307693597463e+00 -7.5410300926319600e+00
1.5142476590302805e+00 7.0224853469899893e+00 -7.5410300926319600e+00
1.5158184553570753e+00 7.0106399246202340e+00 -7.5410300926319289e+00
1.5173892516838701e+00 6.9987945022504787e+00 -7.5410300926319600e+00
1.5189600480106651e+00 6.9869490798807217e+00 -7.5410300926319600e+00
1.5205308443374599e+00 6.9751036575109664e+00 -7.5410300926319600e+00
1.5221016406642549e+00 6.9632582351412093e+00 -7.5410300926319600e+00
1.5236724369910497e+00 6.9514128127714541e+00 -7.5410300926319600e+00
1.5252432333178447e+00 6.9395673904016970e+00 -7.5410300926319600e+00
1.5268140296446395e+00 6.9277219680319417e+00 -7.5410300926319600e+00
1.5283848259714345e+00 6.9158765456621847e+00 -7.5410300926319600e+00
1.5299556222982293e+00 6.9040311232924294e+00 -7.5410300926319289e+00
1.5315264186250241e+00 6.8921857009226741e+00 -7.5410300926319600e+00
1.5330972149518192e+00 6.8803402785529171e+00 -7.5410300926319600e+00
1.5346680112786140e+00 6.8684948561831618e+00 -7.5410300926319600e+00
1.5362388076054090e+00 6.8566494338134047e+00 -7.5410300926319600e+00
1.5378096039322038e+00 6.8448040114436495e+00 -7.5410300926319600e+00
1.5393804002589988e+00 6.8329585890738924e+00 -7.5410300926319600e+00
1.5409511965857936e+00 6.8211131667041371e+00 -7.5410300926319600e+00
1.5425219929125886e+00 6.8092677443343801e+00 -7.5410300926319600e+00
1.5440927892393834e+00 6.7974223219646248e+00 -7.5410300926322131e+00
1.5456635855661782e+00 6.7855768995948695e+00 -7.5410300926319636e+00
1.5472343818929732e+00 6.7737314772251125e+00 -7.5410300926319636e+00
1.5488051782197680e+00 6.7618860548553572e+00 -7.5410300926319636e+00
1.5503759745465631e+00 6.7500406324856002e+00 -7.5410300926319636e+00
1.5519467708733579e+00 6.7381952101158449e+00 -7.5410300926319636e+00
1.5535175672001529e+00 6.7263497877460878e+00 -7.5410300926319636e+00
1.5550883635269477e+00 6.7145043653763326e+00 -7.5410300926319307e+00
1.5566591598537425e+00 6.7026589430065773e+00 -7.5410300926319636e+00
1.5582299561805375e+00 6.6908135206368202e+00 -7.5410300926319636e+00
1.5598007525073323e+00 6.6789680982670649e+00 -7.5410300926319636e+00
1.5613715488341273e+00 6.6671226758973079e+00 -7.5410300926322442e+00
1.5629423451609221e+00 6.6552772535275526e+00 -7.5410300926319600e+00
1.5645131414877171e+00 6.6434318311577956e+00 -7.5410300926319600e+00
1.5660839378145119e+00 6.6315864087880403e+00 -7.5410300926319600e+00
1.5676547341413070e+00 6.6197409864182832e+00 -7.5410300926319600e+00
1.5692255304681018e+00 6.6078955640485280e+00 -7.5410300926319289e+00
1.5707963267948966e+00 6.5960501416787727e+00 -7.5410300926319600e+00
1.5723671231216916e+00 6.5842047193090156e+00 -7.5410300926319600e+00
1.5739379194484864e+00 6.5723592969392604e+00 -7.5410300926319600e+00
1.5755087157752814e+00 6.5605138745695033e+00 -7.5410300926319600e+00
1.5770795121020762e+00 6.5486684521997480e+00 -7.5410300926319600e+00
1.5786503084288712e+00 6.5368230298299910e+00 -7.5410300926319600e+00
1.5802211047556660e+00 6.5249776074602357e+00 -7.5410300926319600e+00
1.5817919010824610e+00 6.5131321850904786e+00 -7.5410300926319600e+00
1.5833626974092558e+00 6.5012867627207234e+00 -7.5410300926319289e+00
1.5849334937360506e+00 6.4894413403509681e+00 -7.5410300926319600e+00
1.5865042900628457e+00 6.4775959179812110e+00 -7.5410300926319600e+00
1.5880750863896405e+00 6.4657504956114558e+00 -7.5410300926319600e+00
1.5896458827164355e+00 6.4539050732416987e+00 -7.5410300926319600e+00
1.5912166790432303e+00 6.4420596508719434e+00 -7.5410300926319600e+00
1.5927874753700253e+00 6.4302142285021864e+00 -7.5410300926319600e+00
1.5943582716968201e+00 6.4183688061324311e+00 -7.5410300926319289e+00
1.5959290680236149e+00 6.4065233837626758e+00 -7.5410300926319600e+00
1.5974998643504099e+00 6.3946779613929188e+00 -7.5410300926319600e+00
1.5990706606772047e+00 6.3828325390231635e+00 -7.5410300926319600e+00
1.6006414570039997e+00 6.3709871166534064e+00 -7.5410300926319600e+00
1.6022122533307945e+00 6.3591416942836512e+00 -7.5410300926319600e+00
1.6037830496575896e+00 6.3472962719138941e+00 -7.5410300926319600e+00
1.6053538459843844e+00 6.3354508495441388e+00 -7.5410300926319600e+00
1.6069246423111794e+00 6.3236054271743818e+00 -7.5410300926319600e+00
1.6084954386379742e+00 6.3117600048046265e+00 -7.5410300926319289e+00
1.6100662349647690e+00 6.2999145824348712e+00 -7.5410300926319600e+00
1.6116370312915640e+00 6.2880691600651142e+00 -7.5410300926319600e+00
1.6132078276183588e+00 6.2762237376953589e+00 -7.5410300926319600e+00
1.6147786239451538e+00 6.2643783153256019e+00 -7.5410300926322442e+00
1.6163494202719486e+00 6.2525328929558466e+00 -7.5410300926319636e+00
1.6179202165987436e+00 6.2406874705860895e+00 -7.5410300926319636e+00
1.6194910129255384e+00 6.2288420482163342e+00 -7.5410300926319636e+00
1.6210618092523335e+00 6.2169966258465772e+00 -7.5410300926319636e+00
1.6226326055791283e+00 6.2051512034768219e+00 -7.5410300926322131e+00
1.6242034019059230e+00 6.1933057811070666e+00 -7.5410300926319600e+00
1.6257741982327181e+00 6.1814603587373096e+00 -7.5410300926319600e+00
1.6273449945595129e+00 6.1696149363675543e+00 -7.5410300926319600e+00
1.6289157908863079e+00 6.1577695139977973e+00 -7.5410300926319600e+00
1.6304865872131027e+00 6.1459240916280420e+00 -7.5410300926319600e+00
1.6320573835398977e+00 6.1340786692582849e+00 -7.5410300926319600e+00
1.6336281798666925e+00 6.1222332468885297e+00 -7.5410300926319289e+00
1.6351989761934873e+00 6.1103878245187744e+00 -7.5410300926319600e+00
1.6367697725202823e+00 6.0985424021490173e+00 -7.5410300926319600e+00
1.6383405688470771e+00 6.0866969797792621e+00 -7.5410300926319600e+00
1.6399113651738721e+00 6.0748515574095050e+00 -7.5410300926319600e+00
1.6414821615006669e+00 6.0630061350397497e+00 -7.5410300926319600e+00
1.6430529578274620e+00 6.0511607126699927e+00 -7.5410300926319600e+00
1.6446237541542568e+00 6.0393152903002374e+00 -7.5410300926319600e+00
1.6461945504810518e+00 6.0274698679304803e+00 -7.5410300926319600e+00
1.6477653468078466e+00 6.0156244455607251e+00 -7.5410300926319289e+00
1.6493361431346414e+00 6.0037790231909698e+00 -7.5410300926319600e+00
1.6509069394614364e+00 5.9919336008212127e+00 -7.5410300926319600e+00
1.6524777357882312e+00 5.9800881784514575e+00 -7.5410300926319600e+00
1.6540485321150262e+00 5.9682427560817004e+00 -7.5410300926319600e+00
1.6556193284418210e+00 5.9563973337119451e+00 -7.5410300926319600e+00
1.6571901247686160e+00 5.9445519113421881e+00 -7.5410300926319600e+00
1.6587609210954108e+00 5.9327064889724328e+00 -7.5410300926319600e+00
1.6603317174222059e+00 5.9208610666026757e+00 -7.5410300926319600e+00
1.6619025137490007e+00 5.9090156442329205e+00 -7.5410300926319289e+00
1.6634733100757955e+00 5.8971702218631652e+00 -7.5410300926319600e+00
1.6650441064025905e+00 5.8853247994934081e+00 -7.5410300926319600e+00
1.6666149027293853e+00 5.8734793771236529e+00 -7.5410300926319600e+00
1.6681856990561803e+00 5.8616339547538958e+00 -7.5410300926319600e+00
1.6697564953829751e+00 5.8497885323841405e+00 -7.5410300926319600e+00
1.6713272917097701e+00 5.8379431100143835e+00 -7.5410300926319600e+00
1.6728980880365649e+00 5.8260976876446282e+00 -7.5410300926319289e+00
1.6744688843633597e+00 5.8142522652748729e+00 -7.5410300926319600e+00
1.6760396806901547e+00 5.8024068429051159e+00 -7.5410300926319600e+00
1.6776104770169495e+00 5.7905614205353606e+00 -7.5410300926319600e+00
1.6791812733437446e+00 5.7787159981656036e+00 -7.5410300926319600e+00
1.6807520696705394e+00 5.7668705757958483e+00 -7.5410300926319600e+00
1.6823228659973344e+00 5.7550251534260912e+00 -7.5410300926322442e+00
1.6838936623241292e+00 5.7431797310563359e+00 -7.5410300926319636e+00
1.6854644586509242e+00 5.7313343086865789e+00 -7.5410300926319636e+00
1.6870352549777190e+00 5.7194888863168236e+00 -7.5410300926322131e+00
1.6886060513045138e+00 5.7076434639470683e+00 -7.5410300926319600e+00
1.6901768476313088e+00 5.6957980415773113e+00 -7.5410300926319600e+00
1.6917476439581036e+00 5.6839526192075560e+00 -7.5410300926319600e+00
1.6933184402848986e+00 5.6721071968377990e+00 -7.5410300926319600e+00
1.6948892366116934e+00 5.6602617744680437e+00 -7.5410300926319600e+00
1.6964600329384885e+00 5.6484163520982866e+00 -7.5410300926319600e+00
1.6980308292652833e+00 5.6365709297285314e+00 -7.5410300926319600e+00
1.6996016255920783e+00 5.6247255073587743e+00 -7.5410300926319600e+00
1.7011724219188731e+00 5.6128800849890190e+00 -7.5410300926319289e+00
1.7027432182456679e+00 5.6010346626192637e+00 -7.5410300926319600e+00
1.7043140145724629e+00 5.5891892402495067e+00 -7.5410300926319600e+00
1.7058848108992577e+00 5.5773438178797514e+00 -7.5410300926319600e+00
1.7074556072260527e+00 5.5654983955099944e+00 -7.5410300926319600e+00
1.7090264035528475e+00 5.5536529731402391e+00 -7.5410300926319600e+00
1.7105971998796425e+00 5.5418075507704820e+00 -7.5410300926319600e+00
1.7121679962064373e+00 5.5299621284007268e+00 -7.5410300926319600e+00
1.7137387925332324e+00 5.5181167060309697e+00 -7.5410300926319600e+00
1.7153095888600272e+00 5.5062712836612144e+00 -7.5410300926319289e+00
1.7168803851868220e+00 5.4930958605492703e+00 -9.2344396321135953e+00
1.7184511815136170e+00 5.4813337280340582e+00 -5.7415726166683365e+00
1.7200219778404118e+00 5.4736898258902009e+00 -3.9909458689773940e+00
1.7215927741672068e+00 5.4666064077590200e+00 -5.0279422075354612e+00
1.7231635704940016e+00 5.4570298439175531e+00 -7.1653175781020275e+00
1.7247343668207966e+00 5.4440158182366902e+00 -9.4046545549699410e+00
1.7263051631475914e+00 5.4276042526881554e+00 -1.1491199692439128e+01
1.7278759594743862e+00 5.4080051014564745e+00 -1.3463214698983831e+01
1.7294467558011812e+00 5.3853879839983110e+00 -1.5333793636667567e+01
1.7310175521279760e+00 5.3599076885433004e+00 -1.7108726148189426e+01
1.7325883484547711e+00 5.3317122632117320e+00 -1.8790804364588652e+01
1.7341591447815659e+00 5.3009465556929785e+00 -2.0381311070046777e+01
1.7357299411083609e+00 5.2677540919266281e+00 -2.1880646384456085e+01
1.7373007374351557e+00 5.2322782257545919e+00 -2.3288629309515688e+01
1.7388715337619507e+00 5.1946629254915626e+00 -2.4604658472455885e+01
1.7404423300887455e+00 5.1550533607805864e+00 -2.5827805667309125e+01
1.7420131264155403e+00 5.1135963695700664e+00 -2.6956874947665977e+01
1.7435839227423353e+00 5.0704408468881121e+00 -2.7990443104709495e+01
1.7451547190691301e+00 5.0257229526605274e+00 -2.8946148183139631e+01
1.7467255153959251e+00 4.9793287753384154e+00 -3.0124753028823637e+01
1.7482963117227199e+00 4.9300712515468756e+00 -3.2591874138302195e+01
1.7498671080495150e+00 4.8750244589407279e+00 -3.7495879018674685e+01
1.7514379043763098e+00 4.8105158724028465e+00 -4.4639004336331269e+01
1.7530087007031048e+00 4.7351144770233784e+00 -5.1365033989011330e+01
1.7545794970298996e+00 4.6524044307915329e+00 -5.3944667620254990e+01
1.7561502933566944e+00 4.5700561494310836e+00 -5.0904420648852941e+01
1.7577210896834894e+00 4.4958990904818714e+00 -4.3515279326533502e+01
1.7592918860102842e+00 4.4337608986803554e+00 -3.5601523713500249e+01
1.7608626823370792e+00 4.3822995240603593e+00 -2.9921133479104498e+01
1.7624334786638740e+00 4.3378255288354399e+00 -2.6704915953629168e+01
1.7640042749906690e+00 4.2972618667957745e+00 -2.4942342634541276e+01
1.7655750713174638e+00 4.2590703257068352e+00 -2.3684637754276675e+01
1.7671458676442586e+00 4.2227017440873205e+00 -2.2621278549621021e+01
1.7687166639710536e+00 4.1878857405350045e+00 -2.1707833962823887e+01
1.7702874602978484e+00 4.1543999739961261e+00 -2.0927568180247839e+01
1.7718582566246435e+00 4.1220488150925672e+00 -2.0263206653771064e+01
1.7734290529514383e+00 4.0906640233974425e+00 -1.9697151235740105e+01
1.7749998492782333e+00 4.0601050721993239e+00 -1.9211713875333519e+01
1.7765706456050281e+00 4.0302600154060082e+00 -1.8788192648785266e+01
1.7781414419318231e+00 4.0010758892653593e+00 -1.8370190832024925e+01
1.7797122382586179e+00 3.9727242985494713e+00 -1.7728175623591749e+01
1.7812830345854127e+00 3.9458569234195271e+00 -1.6480428855089148e+01
1.7828538309122077e+00 3.9213644762089279e+00 -1.4704323480781925e+01
1.7844246272390025e+00 3.8996375612660761e+00 -1.2959243809556066e+01
1.7859954235657975e+00 3.8803102593451944e+00 -1.1649041289144614e+01
1.7875662198925923e+00 3.8625859992273606e+00 -1.0918187594055130e+01
1.7891370162193874e+00 3.8455647568347335e+00 -1.0753931320758170e+01
1.7907078125461822e+00 3.8286363256175253e+00 -1.0800016735321769e+01
1.7922786088729772e+00 3.8121959976227786e+00 -1.0132458996004864e+01
1.7938494051997720e+00 3.7971303163877659e+00 -9.0497621207891008e+00
1.7954202015265668e+00 3.7832116857105782e+00 -8.6719888659710467e+00
1.7969909978533618e+00 3.7690072463389663e+00 -9.4136650527566594e+00
1.7985617941801566e+00 3.7526090701298513e+00 -1.1465141358225434e+01
1.8001325905069516e+00 3.7317631275694474e+00 -1.5076737056956548e+01
1.8017033868337464e+00 3.7039818760705350e+00 -2.0295450953693841e+01
1.8032741831605414e+00 3.6674673810434792e+00 -2.6196248070785451e+01
1.8048449794873362e+00 3.6219319027643362e+00 -3.1781323562652407e+01
1.8064157758141310e+00 3.5682175886158691e+00 -3.6609865329507755e+01
1.8079865721409261e+00 3.5080396713396134e+00 -4.0011038666416269e+01
1.8095573684677209e+00 3.4436489264013002e+00 -4.1973804104004458e+01
1.8111281647945159e+00 3.3767172369283633e+00 -4.3246269728866352e+01
1.8126989611213107e+00 3.3069043978124415e+00 -4.5642197763764862e+01
1.8142697574481057e+00 3.2320253229799283e+00 -4.9696801386166904e+01
1.8158405537749005e+00 3.1510943926129622e+00 -5.3347659549268549e+01
1.8174113501016955e+00 3.0663661443212780e+00 -5.4531696731835041e+01
1.8189821464284903e+00 2.9822798226042107e+00 -5.2530333249665041e+01
1.8205529427552851e+00 2.9037589327294429e+00 -4.7445568826690284e+01
1.8221237390820801e+00 2.8344477096082783e+00 -4.0804221345131829e+01
1.8236945354088749e+00 2.7743324440912995e+00 -3.5736911953344489e+01
1.8252653317356700e+00 2.7204556228286521e+00 -3.2861187422881301e+01
1.8268361280624648e+00 2.6705799050162145e+00 -3.0642548817970326e+01
1.8284069243892598e+00 2.6244280049789981e+00 -2.8119875374073345e+01
1.8299777207160546e+00 2.5826289320313869e+00 -2.5100357236098279e+01
1.8315485170428496e+00 2.5459239765912418e+00 -2.1633843518032496e+01
1.8331193133696444e+00 2.5149769115403080e+00 -1.7769183498310305e+01
1.8346901096964392e+00 2.4902413867948905e+00 -1.3725064767332494e+01
1.8362609060232342e+00 2.4714976799540804e+00 -1.0140163997308091e+01
1.8378317023500290e+00 2.4577086124590903e+00 -7.4166220223365436e+00
1.8394024986768240e+00 2.4474939097607211e+00 -5.5891413909390959e+00
1.8409732950036188e+00 2.4395031532043929e+00 -4.5850058489302778e+00
1.8425440913304139e+00 2.4326182486173935e+00 -4.1811269329653475e+00
1.8441148876572087e+00 2.4257321522566886e+00 -4.5865232623416672e+00
1.8456856839840037e+00 2.4175851246259250e+00 -5.7865944891956813e+00
1.8472564803107985e+00 2.4077385834732805e+00 -6.7504110852139947e+00
1.8488272766375933e+00 2.3969465247530772e+00 -6.9904648464535137e+00
1.8503980729643883e+00 2.3862573870424035e+00 -6.6193679858947698e+00
1.8519688692911831e+00 2.3766607889998839e+00 -5.5994001367698116e+00
1.8535396656179781e+00 2.3692349765463536e+00 -3.8554379308510063e+00
1.8551104619447729e+00 2.3640643549177662e+00 -2.7280019975299825e+00
1.8566812582715679e+00 2.3601448820042257e+00 -2.2624259105076052e+00
1.8582520545983627e+00 2.3567371663622860e+00 -2.0764124020228780e+00
1.8598228509251575e+00 2.3534409689814146e+00 -2.1204364505551805e+00
1.8613936472519526e+00 2.3498634590418566e+00 -2.4345906761730634e+00
1.8629644435787474e+00 2.3455727964626227e+00 -3.0284505928233809e+00
1.8645352399055424e+00 2.3403342176041719e+00 -3.6415151679692066e+00
1.8661060362323372e+00 2.3347980169554425e+00 -3.4073944255820749e+00
1.8676768325591322e+00 2.3299501017817446e+00 -2.7651628830913624e+00
1.8692476288859270e+00 2.3258434910843873e+00 -2.4635362516166541e+00
1.8708184252127220e+00 2.3219166659419908e+00 -2.5362528049426811e+00
1.8723892215395168e+00 2.3175736617054969e+00 -2.9934319319137814e+00
1.8739600178663116e+00 2.3121756676768892e+00 -3.8795075275543183e+00
1.8755308141931066e+00 2.3052607668202993e+00 -4.9248176909784416e+00
1.8771016105199014e+00 2.2970183672386719e+00 -5.5697313998590285e+00
1.8786724068466965e+00 2.2878455354049829e+00 -6.1094808279986097e+00
1.8802432031734913e+00 2.2776321090816403e+00 -6.8946574541211794e+00
1.8818139995002863e+00 2.2660208200608265e+00 -7.8892948925270856e+00
1.8833847958270811e+00 2.2526736823469609e+00 -9.1048086537937110e+00
1.8849555921538761e+00 2.2372309329507307e+00 -1.0557510556920077e+01
1.8865263884806709e+00 2.2196592145529341e+00 -1.1815496176106162e+01
1.8880971848074657e+00 2.2004273450292469e+00 -1.2671280620640946e+01
1.8896679811342607e+00 2.1797683802672791e+00 -1.3632530267584617e+01
1.8912387774610555e+00 2.1574485208057457e+00 -1.4785997431772897e+01
1.8928095737878505e+00 2.1331940687661946e+00 -1.6095730040863533e+01
1.8943803701146453e+00 2.1067029965895014e+00 -1.7633750636937410e+01
1.8959511664414403e+00 2.0776267046566419e+00 -1.9387334066240211e+01
1.8975219627682351e+00 2.0461135788136851e+00 -2.0736423935230732e+01
1.8990927590950299e+00 2.0130274389838974e+00 -2.1390157678694912e+01
1.9006635554218250e+00 1.9792799805490204e+00 -2.1578440934893052e+01
1.9022343517486198e+00 1.9457595503981961e+00 -2.1101096289671908e+01
1.9038051480754148e+00 1.9135071297005619e+00 -1.9963961155987537e+01
1.9053759444022096e+00 1.8832266273844873e+00 -1.8590371827285626e+01
1.9069467407290046e+00 1.8548085496327980e+00 -1.7592648551520941e+01
1.9085175370557994e+00 1.8275481554557860e+00 -1.7116363319720922e+01
1.9100883333825944e+00 1.8010951997447955e+00 -1.6564585966637406e+01
1.9116591297093892e+00 1.7762962583197768e+00 -1.5010406923269281e+01
1.9132299260361840e+00 1.7553370092289782e+00 -1.1675737847091778e+01
1.9148007223629790e+00 1.7412200502441302e+00 -6.2985325838197310e+00
1.9163715186897738e+00 1.7356544837683421e+00 -7.8776674200656238e-01
1.9179423150165689e+00 1.7350357732159845e+00 0.0000000000000000e+00
1.9195131113433637e+00 1.7370578877051639e+00 2.5746361316052897e+00
1.9210839076701587e+00 1.7423736582617912e+00 4.1936131518309452e+00
1.9226547039969535e+00 1.7498582302423489e+00 5.3360398692323967e+00
1.9242255003237485e+00 1.7587872913989062e+00 6.0327938926542233e+00
1.9257962966505433e+00 1.7685370076728024e+00 6.3809304172191492e+00
1.9273670929773381e+00 1.7788643288422930e+00 6.7682232869576788e+00
1.9289378893041331e+00 1.7904859719114381e+00 8.0289122434741458e+00
1.9305086856309279e+00 1.8047137117536247e+00 1.0086408755803003e+01
1.9320794819577229e+00 1.8214566088679249e+00 1.1231309943554496e+01
1.9336502782845177e+00 1.8387312369130921e+00 1.0763429604144722e+01
1.9352210746113128e+00 1.8538421744943934e+00 8.4764136823913123e+00
1.9367918709381076e+00 1.8640012421404915e+00 4.4585129822612073e+00
1.9383626672649024e+00 1.8675029500482430e+00 0.0000000000000000e+00
1.9399334635916974e+00 1.8664840236602454e+00 -1.2973373703725615e+00
1.9415042599184922e+00 1.8600073082940247e+00 -6.9490727538938168e+00
1.9430750562452872e+00 1.8449306958802694e+00 -1.2247066371942930e+01
1.9446458525720820e+00 1.8229122573517789e+00 -1.5787680275853164e+01
1.9462166488988770e+00 1.7964092161344287e+00 -1.7957039857820448e+01
1.9477874452256718e+00 1.7668066404125637e+00 -1.9734130177277535e+01
1.9493582415524668e+00 1.7333564065853602e+00 -2.2856030312152633e+01
1.9509290378792616e+00 1.6933627578490642e+00 -2.8065464797150113e+01
1.9524998342060564e+00 1.6450301255092821e+00 -3.3473553999009923e+01
1.9540706305328515e+00 1.5895968297902912e+00 -3.7106310205402153e+01
1.9556414268596463e+00 1.5303700641646381e+00 -3.8303549895945153e+01
1.9572122231864413e+00 1.4710402746537254e+00 -3.7237484290156253e+01
1.9587830195132361e+00 1.4143376561879375e+00 -3.4958531830519661e+01
1.9603538158400311e+00 1.3605143398258395e+00 -3.3571442990489167e+01
1.9619246121668259e+00 1.3077354250953463e+00 -3.3628758372584137e+01
1.9634954084936209e+00 1.2546448270526624e+00 -3.3968290508994890e+01
1.9650662048204157e+00 1.2013896108441529e+00 -3.3838356731104668e+01
1.9666370011472105e+00 1.1488374238165369e+00 -3.3073165954778261e+01
1.9682077974740055e+00 1.0977846192101144e+00 -3.1929283739751071e+01
1.9697785938008003e+00 1.0481658133529990e+00 -3.1247342040068869e+01
1.9713493901275954e+00 9.9873509119915260e-01 -3.1689808131019785e+01
1.9729201864543902e+00 9.4835124445248264e-01 -3.2460897962720445e+01
1.9744909827811852e+00 8.9750989813489357e-01 -3.2272314676404271e+01
1.9760617791079800e+00 8.4804904684381233e-01 -3.0703197103669510e+01
1.9776325754347750e+00 8.0216485167620677e-01 -2.7718374662067287e+01
1.9792033717615698e+00 7.6183389526860434e-01 -2.3632593913085341e+01
1.9807741680883646e+00 7.2781234822557184e-01 -1.9684985155174051e+01
1.9823449644151596e+00 6.9919078959202730e-01 -1.6757115129008117e+01
1.9839157607419544e+00 6.7457393742521998e-01 -1.4586034516672401e+01
1.9854865570687494e+00 6.5306532840482245e-01 -1.2799577040343033e+01
1.9870573533955442e+00 6.3413131154035718e-01 -1.1307961972178171e+01
1.9886281497223393e+00 6.1737074043045315e-01 -1.0032259957295681e+01
1.9901989460491341e+00 6.0283217467908412e-01 -8.4788168810807498e+00
1.9917697423759289e+00 5.9209013937563837e-01 -5.1983672582084655e+00
1.9933405387027239e+00 5.8701031256492953e-01 -1.2694691175914357e+00
1.9949113350295187e+00 5.8601327385148350e-01 0.0000000000000000e+00
1.9964821313563137e+00 5.8666143464765974e-01 8.2526395703861621e-01
1.9980529276831085e+00 5.8730959544383599e-01 0.0000000000000000e+00
1.9996237240099035e+00 5.8620637719910473e-01 -1.4046610956650110e+00
2.0011945203366985e+00 5.8102532173405486e-01 -5.1920636059022192e+00
2.0027653166634933e+00 5.7071437603218178e-01 -7.9362402053403853e+00
2.0043361129902881e+00 5.5732658531821211e-01 -9.1096243483250579e+00
2.0059069093170829e+00 5.4226742612703227e-01 -1.0064292644348226e+01
2.0074777056438777e+00 5.2566139265047840e-01 -1.1079165859197381e+01
2.0090485019706730e+00 5.0738087794639652e-01 -1.2196308360147169e+01
2.0106192982974678e+00 4.8723281783333372e-01 -1.3456998525507258e+01
2.0121900946242626e+00 4.6472740974039989e-01 -1.5197777028820623e+01
2.0137608909510574e+00 4.3906867081908901e-01 -1.7471944033829676e+01
2.0153316872778526e+00 4.1014698449810572e-01 -1.9352290690464155e+01
2.0169024836046474e+00 3.7910081228623049e-01 -2.0176923482355757e+01
2.0184732799314422e+00 3.4766373441724258e-01 -1.9850007231360745e+01
2.0200440762582370e+00 3.1760361357227507e-01 -1.8423727347972022e+01
2.0216148725850318e+00 2.9047733919620045e-01 -1.6114517888984476e+01
2.0231856689118271e+00 2.6693717434208603e-01 -1.3857750892852261e+01
2.0247564652386218e+00 2.4662128646660147e-01 -1.2009240936621886e+01
2.0263272615654166e+00 2.2914900522848897e-01 -1.0237158472478608e+01
2.0278980578922114e+00 2.1453585402096656e-01 -8.3688835181344832e+00
2.0294688542190067e+00 2.0297890441259167e-01 -6.3458817397567397e+00
2.0310396505458015e+00 1.9476657600892622e-01 -4.1103795381425563e+00
2.0326104468725963e+00 1.9037043424134831e-01 -1.4869620045999197e+00
2.0341812431993911e+00 1.8920257701389381e-01 0.0000000000000000e+00
2.0357520395261859e+00 1.8983483827493552e-01 8.0502004016249273e-01
2.0373228358529811e+00 1.9209175003512552e-01 2.0685692618886300e+00
2.0388936321797759e+00 1.9584749677365992e-01 2.7133960056237942e+00
2.0404644285065707e+00 1.9992944013427022e-01 2.4838957004747009e+00
2.0420352248333655e+00 2.0317637267711988e-01 1.6502272121692607e+00
2.0436060211601603e+00 2.0513074047744428e-01 8.3815115616098990e-01
2.0451768174869556e+00 2.0612027769508917e-01 4.2176676033139870e-01
2.0467476138137504e+00 2.0660306125235858e-01 1.9293235633195688e-01
2.0483184101405452e+00 2.0675458997068163e-01 0.0000000000000000e+00
2.0498892064673400e+00 2.0656060394110654e-01 -2.4699068398120461e-01
2.0514600027941352e+00 2.0574480579253931e-01 -7.9171577929606551e-01
2.0530307991209300e+00 2.0403267776472533e-01 -1.3882333313662620e+00
2.0546015954477248e+00 2.0142202136066989e-01 -1.9357576399934402e+00
2.0561723917745196e+00 1.9808685477945309e-01 -2.3107083394912298e+00
2.0577431881013144e+00 1.9415155254144467e-01 -2.6998740904261949e+00
2.0593139844281096e+00 1.8959857302574984e-01 -3.0971594753243465e+00
2.0608847807549044e+00 1.8444047662089413e-01 -3.4703328428946074e+00
2.0624555770816992e+00 1.7868606663777348e-01 -3.8564095042338691e+00
2.0640263734084940e+00 1.7229294360869957e-01 -4.2835675507405915e+00
2.0655971697352893e+00 1.6532381670076565e-01 -4.5898004207168119e+00
2.0671679660620841e+00 1.5797762979350793e-01 -4.7636552526200129e+00
2.0687387623888789e+00 1.5035041793018086e-01 -4.9476125078417708e+00
2.0703095587156737e+00 1.4248340308924942e-01 -5.0689818866511835e+00
2.0718803550424685e+00 1.3448643250480008e-01 -5.1130772995542015e+00
2.0734511513692637e+00 1.2639778306575319e-01 -5.1857110297379245e+00
2.0750219476960585e+00 1.1810566973294530e-01 -5.3721355750194304e+00
2.0765927440228533e+00 1.0952068312704979e-01 -5.5586088626291090e+00
2.0781635403496481e+00 1.0079455177596094e-01 -5.5518466461311862e+00
2.0797343366764434e+00 9.2370343041338357e-02 -5.1741890478912964e+00
2.0813051330032382e+00 8.4963406213670600e-02 -4.2566158264510987e+00
2.0828759293300330e+00 7.9437179831342311e-02 -2.7795941366884556e+00
2.0844467256568278e+00 7.6555757598478408e-02 -8.8914659527319118e-01
2.0860175219836226e+00 7.5857423495559795e-02 0.0000000000000000e+00
2.0875883183104178e+00 7.6873898242186517e-02 1.2942158436295033e+00
2.0891591146372126e+00 7.9526785726292543e-02 2.0835454088674794e+00
2.0907299109640074e+00 8.3086112220570815e-02 2.4483298362714812e+00
2.0923007072908022e+00 8.6977869523362658e-02 2.5068094601552580e+00
2.0938715036175974e+00 9.0679911222305148e-02 2.2067764271958290e+00
2.0954422999443922e+00 9.3683407423912041e-02 1.6173937091521513e+00
2.0970130962711870e+00 9.5956439450122194e-02 1.2767205530682930e+00
2.0985838925979818e+00 9.7826652153104515e-02 1.1045082174349912e+00
2.1001546889247766e+00 9.9283995118151072e-02 7.5103847590400008e-01
2.1017254852515719e+00 9.9873859357767020e-02 0.0000000000000000e+00
2.1032962815783667e+00 9.9739724712353178e-02 -1.7078553485993825e-01
2.1048670779051615e+00 9.8425257977836911e-02 -1.5028454917651686e+00
2.1064378742319563e+00 9.4674119804040183e-02 -3.2732519688787667e+00
2.1080086705587515e+00 8.7748623550001292e-02 -5.5445637286768354e+00
2.1095794668855463e+00 7.7297540460095626e-02 -7.7621685467048440e+00
2.1111502632123411e+00 6.3994597074192860e-02 -9.1756650336006835e+00
2.1127210595391359e+00 4.9511268818654468e-02 -9.2650812407320942e+00
2.1142918558659307e+00 3.5905721669344630e-02 -8.0580394175290344e+00
2.1158626521927260e+00 2.4765628687975910e-02 -6.1259674983731252e+00
2.1174334485195208e+00 1.6468238186326513e-02 -4.4385982064374732e+00
2.1190042448463156e+00 1.0330664058399044e-02 -3.3760038819836948e+00
2.1205750411731104e+00 5.6090018475217383e-03 -2.6358031617873219e+00
2.1221458374999056e+00 2.1254548249156850e-03 -1.7995866633381630e+00
2.1237166338267004e+00 3.5603138232771867e-04 -4.5331323514640337e-01
2.1252874301534952e+00 0.0000000000000000e+00 0.0000000000000000e+00
2.1268582264802900e+00 1.2017246449606365e-03 1.5300833398468010e+00
2.1284290228070848e+00 4.7299287023744056e-03 2.9621655879477395e+00
2.1299998191338800e+00 1.1445363751603734e-02 5.5881918768296810e+00
2.1315706154606748e+00 2.1876801442984872e-02 7.6935271002784820e+00
2.1331414117874696e+00 3.4312855241869153e-02 8.1405483769159162e+00
2.1347122081142644e+00 4.6249196710806309e-02 7.0572736007980197e+00
2.1362830044410592e+00 5.5262873743693583e-02 4.4192964409458737e+00
2.1378538007678545e+00 6.0102291519575364e-02 1.7424416447997431e+00
2.1394245970946493e+00 6.2086182600298571e-02 7.8352693162458020e-01
2.1409953934214441e+00 6.2701563213368922e-02 0.0000000000000000e+00
2.1425661897482389e+00 6.2565539263330888e-02 -1.7319107221950630e-01
2.1441369860750341e+00 6.1841820738971237e-02 -7.4827597225237574e-01
2.1457077824018289e+00 6.0417765471813004e-02 -1.0648875077819964e+00
2.1472785787286237e+00 5.8505936249045098e-02 -1.3693290614265443e+00
2.1488493750554185e+00 5.5723855484471480e-02 -2.1729261846758439e+00
2.1504201713822133e+00 5.0715230569107879e-02 -4.2042531223112931e+00
2.1519909677090086e+00 4.2508276716233681e-02 -6.2451650649824364e+00
2.1535617640358033e+00 3.1997409835094880e-02 -7.1376862975314639e+00
2.1551325603625981e+00 2.1100392961106509e-02 -6.7368265060777386e+00
2.1567033566893929e+00 1.1938489497637095e-02 -4.9284712886582946e+00
2.1582741530161882e+00 6.7846082360202547e-03 -1.6336541425003699e+00
2.1598449493429830e+00 5.5015392728739107e-03 0.0000000000000000e+00
2.1614157456697778e+00 7.1432813923767869e-03 2.0903309888085126e+00
2.1629865419965726e+00 1.2757008864154425e-02 5.0572888216253702e+00
2.1645573383233674e+00 2.2482904286589812e-02 7.3261058381788384e+00
2.1661281346501626e+00 3.4860634999359257e-02 8.4337103793986952e+00
2.1676989309769574e+00 4.8421975984062761e-02 8.8331252419645754e+00
2.1692697273037522e+00 6.2527229831174813e-02 9.1262417447073823e+00
2.1708405236305470e+00 7.7524660549504049e-02 9.9690801152964603e+00
2.1724113199573423e+00 9.4143790970998953e-02 1.1191053936457346e+01
2.1739821162841371e+00 1.1225748020730078e-01 1.1872011500247249e+01
2.1755529126109319e+00 1.3062845161773948e-01 1.1518635774723853e+01
2.1771237089377267e+00 1.4759145483937261e-01 1.0079330724530768e+01
2.1786945052645215e+00 1.6176083316630524e-01 7.9616820856343331e+00
2.1802653015913167e+00 1.7267583129463124e-01 5.9357251620575653e+00
2.1818360979181115e+00 1.8089117170989411e-01 4.5243711281167691e+00
2.1834068942449063e+00 1.8728054324675891e-01 3.6108293786252879e+00
2.1849776905717011e+00 1.9238143673061567e-01 2.8838299185034568e+00
2.1865484868984963e+00 1.9632066399429637e-01 2.1317500093125910e+00
2.1881192832252911e+00 1.9911077523473611e-01 1.4207299562255693e+00
2.1896900795520859e+00 2.0090171363570694e-01 8.5956363807540226e-01
2.1912608758788807e+00 2.0188531515291688e-01 3.9279670989787280e-01
2.1928316722056755e+00 2.0219381696745922e-01 0.0000000000000000e+00
2.1944024685324708e+00 2.0128851385099686e-01 -1.1526677278516020e+00
2.1959732648592656e+00 1.9815992563849838e-01 -2.8307745034940157e+00
2.1975440611860604e+00 1.9289508690813045e-01 -3.8726263646641237e+00
2.1991148575128552e+00 1.8612746502836888e-01 -4.7441774364637723e+00
2.2006856538396504e+00 1.7791665150833602e-01 -5.7101550316858747e+00
2.2022564501664452e+00 1.6798068303272262e-01 -6.9407129467078521e+00
2.2038272464932400e+00 1.5605390117510370e-01 -8.2449373558433887e+00
2.2053980428200348e+00 1.4239410988517431e-01 -9.1472490873247434e+00
2.2069688391468296e+00 1.2789278363526874e-01 -9.3164129451622522e+00
2.2085396354736249e+00 1.1374304657905798e-01 -8.6995918224058144e+00
2.2101104318004197e+00 1.0093386959482877e-01 -7.6095588494273372e+00
2.2116812281272145e+00 8.9715595935986284e-02 -6.6739907966726282e+00
2.2132520244540093e+00 7.9589699807711259e-02 -6.2187005797286066e+00
2.2148228207808045e+00 7.0026582723697023e-02 -5.9574382625680444e+00
2.2163936171075993e+00 6.1096845731469049e-02 -5.4122560000217472e+00
2.2179644134343941e+00 5.3489466867082815e-02 -4.2737596018978801e+00
2.2195352097611889e+00 4.8226550590576990e-02 -2.4271935219800902e+00
2.2211060060879837e+00 4.5883915871746513e-02 -5.5554164090459512e-01
2.2226768024147789e+00 4.5447594487289140e-02 0.0000000000000000e+00
2.2242475987415737e+00 4.7526714866479539e-02 2.6472182850501422e+00
2.2258183950683685e+00 5.4287112846123545e-02 5.9603877607808409e+00
2.2273891913951633e+00 6.5463011495429616e-02 8.2692083474688278e+00
2.2289599877219581e+00 7.9410803980707961e-02 9.4896726065485986e+00
2.2305307840487534e+00 9.4690470536986926e-02 9.9650030832688277e+00
2.2321015803755482e+00 1.1056693243408774e-01 1.0249536034602244e+01
2.2336723767023430e+00 1.2743048737510024e-01 1.1221808981110234e+01
2.2352431730291378e+00 1.4652752905152605e-01 1.3093299668772108e+01
2.2368139693559330e+00 1.6866276868955626e-01 1.5090162770550977e+01
2.2383847656827278e+00 1.9359524044957599e-01 1.6654846222300808e+01
2.2399555620095226e+00 2.2054255768549291e-01 1.7655543706994202e+01
2.2415263583363174e+00 2.4875166756004194e-01 1.8261410507063005e+01
2.2430971546631122e+00 2.7776829046631657e-01 1.8683701231876277e+01
2.2446679509899075e+00 3.0741648672575705e-01 1.9065554675704139e+01
2.2462387473167023e+00 3.3778858143648877e-01 1.9605397366443519e+01
2.2478095436434971e+00 3.6910880017077025e-01 2.0272743675801213e+01
2.2493803399702919e+00 4.0141490733175011e-01 2.0860669498012744e+01
2.2509511362970871e+00 4.3458422753315457e-01 2.1371820654389001e+01
2.2525219326238819e+00 4.6866647989266846e-01 2.2023050823390101e+01
2.2540927289506767e+00 5.0392059040229875e-01 2.2863876791937521e+01
2.2556635252774715e+00 5.4048056670928568e-01 2.3685730796701741e+01
2.2572343216042663e+00 5.7811958390436935e-01 2.4237754321048595e+01
2.2588051179310615e+00 6.1615971137652004e-01 2.4196440263249418e+01
2.2603759142578563e+00 6.5354729770096931e-01 2.3406913127241932e+01
2.2619467105846511e+00 6.8923838691987338e-01 2.2036393060940355e+01
2.2635175069114459e+00 7.2278147242015500e-01 2.0671989850453492e+01
2.2650883032382412e+00 7.5466358006946777e-01 1.9921570378145994e+01
2.2666590995650360e+00 7.8567131826928949e-01 1.9558708090664560e+01
2.2682298958918308e+00 8.1573388434453697e-01 1.8718139852556682e+01
2.2698006922186256e+00 8.4361501161986996e-01 1.6781213946193684e+01
2.2713714885454204e+00 8.6747609887834454e-01 1.3599665931674330e+01
2.2729422848722156e+00 8.8569279264560963e-01 9.5945489471330117e+00
2.2745130811990104e+00 8.9742741546968419e-01 5.3464368750315279e+00
2.2760838775258052e+00 9.0227908301200432e-01 8.3089809775894841e-01
2.2776546738526000e+00 9.0293166885195464e-01 0.0000000000000000e+00
2.2792254701793953e+00 9.0095993450181056e-01 -2.5104901463155795e+00
2.2807962665061901e+00 8.9611808383136315e-01 -3.6543455970008631e+00
2.2823670628329848e+00 8.8990700855759131e-01 -4.2538410568927443e+00
2.2839378591597796e+00 8.8319098259466156e-01 -4.2972687825780236e+00
2.2855086554865744e+00 8.7646496628726878e-01 -4.2665611585285106e+00
2.2870794518133697e+00 8.6935459990582720e-01 -4.7866384958763604e+00
2.2886502481401645e+00 8.6133965706948656e-01 -5.4183036721450311e+00
2.2902210444669593e+00 8.5283837198903900e-01 -5.4058686733485155e+00
2.2917918407937541e+00 8.4508021676897938e-01 -4.4721213470255252e+00
2.2933626371205493e+00 8.3961868417242902e-01 -2.4817179297609058e+00
2.2949334334473441e+00 8.3743295505658022e-01 -3.0123881461693020e-01
2.2965042297741389e+00 8.3719636264483610e-01 0.0000000000000000e+00
2.2980750261009337e+00 8.3901473663823634e-01 2.3152256755153786e+00
2.2996458224277285e+00 8.4455163403962319e-01 4.7345710510721055e+00
2.3012166187545238e+00 8.5323154407847257e-01 6.3170336551322723e+00
2.3027874150813186e+00 8.6375434186232902e-01 7.0810086045261915e+00
2.3043582114081134e+00 8.7508823499325006e-01 7.3497523255655546e+00
2.3059290077349082e+00 8.8685533433685271e-01 7.6325838855373771e+00
2.3074998040617030e+00 8.9960929885415208e-01 8.6062680900382791e+00
2.3090706003884982e+00 9.1452295272802031e-01 1.0382385778659330e+01
2.3106413967152930e+00 9.3233506803148380e-01 1.2296703801094131e+01
2.3122121930420878e+00 9.5289200872569690e-01 1.3877206009555158e+01
2.3137829893688826e+00 9.7560683000528781e-01 1.5044202695213521e+01
2.3153537856956778e+00 1.0000103718211497e+00 1.6027351776333152e+01
2.3169245820224726e+00 1.0262653635320318e+00 1.7401541916657838e+01
2.3184953783492674e+00 1.0551715721704706e+00 1.9402986010169954e+01
2.3200661746760622e+00 1.0872132555348488e+00 2.1393752329241561e+01
2.3216369710028570e+00 1.1218822900774219e+00 2.2748233428154482e+01
2.3232077673296523e+00 1.1580172281693588e+00 2.3260198697046288e+01
2.3247785636564471e+00 1.1943039623793685e+00 2.2941506248435310e+01
2.3263493599832419e+00 1.2296088530885101e+00 2.2010076724999429e+01
2.3279201563100367e+00 1.2635732570696461e+00 2.1234745537145930e+01
2.3294909526368319e+00 1.2967121342610264e+00 2.0958983371032378e+01
2.3310617489636267e+00 1.3295336313333406e+00 2.0830644618849949e+01
2.3326325452904215e+00 1.3621132328053727e+00 2.0650992327055921e+01
2.3342033416172163e+00 1.3943314404694538e+00 2.0370503731344236e+01
2.3357741379440111e+00 1.4260326935135821e+00 1.9992785262098291e+01
2.3373449342708064e+00 1.4567888126569535e+00 1.9167121873819831e+01
2.3389157305976012e+00 1.4852685686844238e+00 1.7094429724767245e+01
2.3404865269243960e+00 1.5102846752667487e+00 1.4757066431160499e+01
2.3420573232511908e+00 1.5323154981363893e+00 1.3293448449523559e+01
2.3436281195779860e+00 1.5527848483827316e+00 1.2768937739147921e+01
2.3451989159047808e+00 1.5731623477871264e+00 1.3176500325346497e+01
2.3467697122315756e+00 1.5948988398434865e+00 1.4499260924634608e+01
2.3483405085583704e+00 1.6188863849796149e+00 1.6042630123805711e+01
2.3499113048851652e+00 1.6446008875574785e+00 1.6698091431526414e+01
2.3514821012119604e+00 1.6708371494538874e+00 1.6706954721002340e+01
2.3530528975387552e+00 1.6970032994313939e+00 1.6608822163832084e+01
2.3546236938655500e+00 1.7229309246585442e+00 1.6403255576450654e+01
2.3561944901923448e+00 1.7484876465302290e+00 1.6136573344378526e+01
2.3577652865191401e+00 1.7737831151653549e+00 1.6070617624464546e+01
2.3593360828459349e+00 1.7994541718845674e+00 1.6614786945578128e+01
2.3609068791727297e+00 1.8263285095136479e+00 1.7602682462333476e+01
2.3624776754995245e+00 1.8545131548534397e+00 1.8283122538627396e+01
2.3640484718263193e+00 1.8831545133600966e+00 1.8184187726987282e+01
2.3656192681531145e+00 1.9109461473998801e+00 1.7201219745265149e+01
2.3671900644799093e+00 1.9366572525971610e+00 1.5535176130760746e+01
2.3687608608067041e+00 1.9597678343136327e+00 1.3890130412486071e+01
2.3703316571334989e+00 1.9810184211873632e+00 1.3166957143979145e+01
2.3719024534602942e+00 2.0017029404791677e+00 1.3169390782178096e+01
2.3734732497870890e+00 2.0222038139216458e+00 1.2933131986397635e+01
2.3750440461138838e+00 2.0417175774900760e+00 1.1912563455541745e+01
2.3766148424406786e+00 2.0589186951835798e+00 9.9885798054724226e+00
2.3781856387674734e+00 2.0728848614133488e+00 7.7936953266151576e+00
2.3797564350942686e+00 2.0840844162138934e+00 6.4660207288633567e+00
2.3813272314210634e+00 2.0940646937159868e+00 6.2412632542331972e+00
2.3828980277478582e+00 2.1040551221587194e+00 6.4789453079016894e+00
2.3844688240746530e+00 2.1140636578551666e+00 6.2643181257093650e+00
2.3860396204014482e+00 2.1230764878280586e+00 5.2111734057486583e+00
2.3876104167282430e+00 2.1295710069272382e+00 3.0579051353652118e+00
2.3891812130550378e+00 2.1322317083243867e+00 3.2980510021631460e-01
2.3907520093818326e+00 2.1324907366443755e+00 0.0000000000000000e+00
2.3923228057086274e+00 2.1315179555424111e+00 -1.2385833673921265e+00
2.3938936020354227e+00 2.1292296426652437e+00 -1.6749870785435470e+00
2.3954643983622175e+00 2.1265171508546223e+00 -1.7786647595102161e+00
2.3970351946890123e+00 2.1238820008522028e+00 -1.5765124298797450e+00
2.3986059910158071e+00 2.1218318223368704e+00 -1.0338559296079488e+00
2.4001767873426019e+00 2.1210198337885386e+00 0.0000000000000000e+00
2.4017475836693971e+00 2.1212877408912116e+00 3.4110991743875740e-01
2.4033183799961919e+00 2.1233920131247701e+00 2.3381327032164849e+00
2.4048891763229867e+00 2.1294695154025782e+00 5.3999835301071011e+00
2.4064599726497815e+00 2.1401644761374143e+00 8.2172634068771817e+00
2.4080307689765768e+00 2.1548191953212803e+00 1.0441704575006110e+01
2.4096015653033716e+00 2.1729628153428484e+00 1.2659469921104590e+01
2.4111723616301663e+00 2.1952766240665444e+00 1.5751353739563323e+01
2.4127431579569611e+00 2.2238240266881237e+00 2.0596328177709875e+01
2.4143139542837559e+00 2.2609175981738838e+00 2.6632673893423593e+01
2.4158847506105512e+00 2.3071358489258116e+00 3.2214230652403572e+01
2.4174555469373460e+00 2.3611543223999059e+00 3.6564225921044802e+01
2.4190263432641408e+00 2.4209651893882680e+00 3.9589335133437274e+01
2.4205971395909356e+00 2.4848845131679944e+00 4.1795275575645910e+01
2.4221679359177308e+00 2.5526723656729771e+00 4.4514898886353549e+01
2.4237387322445256e+00 2.6254478886860251e+00 4.8145774902649094e+01
2.4253095285713204e+00 2.7034140000922053e+00 5.1123761288933096e+01
2.4268803248981152e+00 2.7846128147284581e+00 5.2261780491570768e+01
2.4284511212249100e+00 2.8658829522053075e+00 5.1214572350023403e+01
2.4300219175517053e+00 2.9439266849148691e+00 4.8153794354509337e+01
2.4315927138785001e+00 3.0163240350850367e+00 4.4025374816192738e+01
2.4331635102052949e+00 3.0831489242986496e+00 4.1058716703130976e+01
2.4347343065320897e+00 3.1465310998718534e+00 3.9641975668024095e+01
2.4363051028588849e+00 3.2078726699641225e+00 3.8460537109579597e+01
2.4378758991856797e+00 3.2670710122116691e+00 3.6913133222767748e+01
2.4394466955124745e+00 3.3234463493010735e+00 3.4866175307241541e+01
2.4410174918392693e+00 3.3762072359968287e+00 3.2311072049089660e+01
2.4425882881660641e+00 3.4241043025937268e+00 2.8673367218898591e+01
2.4441590844928593e+00 3.4650563329629205e+00 2.3468377284342882e+01
2.4457298808196541e+00 3.4981057149225232e+00 1.8611402755683052e+01
2.4473006771464489e+00 3.5248814613398367e+00 1.5480536422643416e+01
2.4488714734732437e+00 3.5480908534012565e+00 1.4070579359220245e+01
2.4504422698000390e+00 3.5703492955013587e+00 1.4269749326821600e+01
2.4520130661268338e+00 3.5940889498924653e+00 1.5956517422283207e+01
2.4535838624536286e+00 3.6208446534071186e+00 1.8109902339784949e+01
2.4551546587804234e+00 3.6502550068173005e+00 1.9336522646697901e+01
2.4567254551072182e+00 3.6808866272150138e+00 1.9664867762989175e+01
2.4582962514340134e+00 3.7113751841770033e+00 1.9154368622917634e+01
2.4598670477608082e+00 3.7402304900475749e+00 1.7585347886925131e+01
2.4614378440876030e+00 3.7659911514127637e+00 1.5214144861766714e+01
2.4630086404143978e+00 3.7881755142359315e+00 1.3031863159444683e+01
2.4645794367411931e+00 3.8074236284068372e+00 1.1475596964524479e+01
2.4661502330679879e+00 3.8247672598136968e+00 1.0607000392001376e+01
2.4677210293947827e+00 3.8411697160892357e+00 1.0277255568805447e+01
2.4692918257215775e+00 3.8571757997293883e+00 1.0102323078176351e+01
2.4708626220483723e+00 3.8728904066091263e+00 9.9061358310743302e+00
2.4724334183751675e+00 3.8882647148900800e+00 9.6690414451807403e+00
2.4740042147019623e+00 3.9032380408538527e+00 9.3955892881057892e+00
2.4755750110287571e+00 3.9177569807205259e+00 9.0904990977756359e+00
2.4771458073555519e+00 3.9317756501535790e+00 8.7586251889589697e+00
2.4787166036823467e+00 3.9452558671151898e+00 8.4049201181749265e+00
2.4802874000091419e+00 3.9581672773247591e+00 8.0343979389425400e+00
2.4818581963359367e+00 3.9704874217686794e+00 7.6520971639070998e+00
2.4834289926627315e+00 3.9822017458775099e+00 7.2630435313011494e+00
2.4849997889895263e+00 3.9933035501214795e+00 6.8722126500306704e+00
2.4865705853163216e+00 4.0037938818713963e+00 6.4844925713514892e+00
2.4881413816431164e+00 4.0136813684271138e+00 6.1046463094258332e+00
2.4897121779699112e+00 4.0229819911385931e+00 5.7372743174918890e+00
2.4912829742967060e+00 4.0317190500303166e+00 5.3870945681306628e+00
2.4928537706235008e+00 4.0399265047622599e+00 5.0629613582038475e+00
2.4944245669502960e+00 4.0476642549271764e+00 4.7890481390463107e+00
2.4959953632770908e+00 4.0550405463829673e+00 4.6027378359588909e+00
2.4975661596038856e+00 4.0621870886616325e+00 4.4965224013604592e+00
2.4991369559306804e+00 4.0691906532181745e+00 4.4206929461346771e+00
2.5007077522574757e+00 4.0760742944785893e+00 4.3438313183936161e+00
2.5022785485842705e+00 4.0828300461676781e+00 4.2578588865666820e+00
2.5038493449110653e+00 4.0894430626548814e+00 4.1620952149262225e+00
2.5054201412378601e+00 4.0958980558889131e+00 4.0566574316409110e+00
2.5069909375646549e+00 4.1021799200571225e+00 3.9416604419788315e+00
2.5085617338914501e+00 4.1082737276770116e+00 3.8172163976702658e+00
2.5101325302182449e+00 4.1141647247746267e+00 3.6834340649341377e+00
2.5117033265450397e+00 4.1198383249561994e+00 3.5404180472617104e+00
2.5132741228718345e+00 4.1252801020913372e+00 3.3882677948313882e+00
2.5148449191986297e+00 4.1304757811876982e+00 3.2270762924077387e+00
2.5164157155254245e+00 4.1354112268134822e+00 3.0569282492311021e+00
2.5179865118522193e+00 4.1400724280517585e+00 2.8778974933114179e+00
2.5195573081790141e+00 4.1444454783273477e+00 2.6900430486845903e+00
2.5211281045058089e+00 4.1485165472864045e+00 2.4934029393302946e+00
2.5226989008326042e+00 4.1522718397026974e+00 2.2879838671367216e+00
2.5242696971593990e+00 4.1556975319149334e+00 2.0737429255737503e+00
2.5258404934861938e+00 4.1587796664875079e+00 1.8505526944231561e+00
2.5274112898129886e+00 4.1615039618674361e+00 1.6181279148415624e+00
2.5289820861397838e+00 4.1638554263997651e+00 1.3758497157615899e+00
2.5305528824665786e+00 4.1658174292671086e+00 1.1222499218243374e+00
2.5321236787933734e+00 4.1673686381840955e+00 8.5281061342942643e-01
2.5336944751201682e+00 4.1685127494180119e+00 6.0391705316887512e-01
2.5352652714469630e+00 4.1693614425211249e+00 4.7667256705828470e-01
2.5368360677737583e+00 4.1702701308625549e+00 6.8030536309031941e-01
2.5384068641005531e+00 4.1716714682447504e+00 1.1039328074370207e+00
2.5399776604273478e+00 4.1732461279233100e+00 9.0098616480521887e-01
2.5415484567541426e+00 4.1746613936814789e+00 9.0098616480509142e-01
2.5431192530809379e+00 4.1760766594396479e+00 9.0098616480509142e-01
2.5446900494077327e+00 4.1774919251978169e+00 9.0098616480521887e-01
2.5462608457345275e+00 4.1789071909559858e+00 9.0098616480493599e-01
2.5478316420613223e+00 4.1803224567141539e+00 9.0098616480493599e-01
2.5494024383881171e+00 4.1817377224723229e+00 9.0098616480537397e-01
2.5509732347149123e+00 4.1831529882304919e+00 9.0098616480509142e-01
2.5525440310417071e+00 4.1845682539886608e+00 9.0098616480493599e-01
2.5541148273685019e+00 4.1859835197468298e+00 9.0098616480521887e-01
2.5556856236952967e+00 4.1873987855049988e+00 9.0098616480509142e-01
2.5572564200220920e+00 4.1888140512631677e+00 9.0098616480509142e-01
2.5588272163488868e+00 4.1902293170213367e+00 9.0098616480521887e-01
2.5603980126756816e+00 4.1916445827795057e+00 9.0098616480521887e-01
2.5619688090024764e+00 4.1930598485376747e+00 9.0098616480521887e-01
2.5635396053292712e+00 4.1944751142958436e+00 9.0098616480509142e-01
2.5651104016560664e+00 4.1958903800540126e+00 9.0098616480509142e-01
2.5666811979828612e+00 4.1973056458121816e+00 9.0098616480521887e-01
2.5682519943096560e+00 4.1987209115703505e+00 9.0098616480521887e-01
2.5698227906364508e+00 4.2001361773285195e+00 9.0098616480521887e-01
2.5713935869632456e+00 4.2015514430866885e+00 9.0098616480509142e-01
2.5729643832900408e+00 4.2029667088448575e+00 9.0098616480509142e-01
2.5745351796168356e+00 4.2043819746030264e+00 9.0098616480521887e-01
2.5761059759436304e+00 4.2057972403611954e+00 9.0098616480493599e-01
2.5776767722704252e+00 4.2072125061193644e+00 9.0098616480509142e-01
2.5792475685972205e+00 4.2086277718775333e+00 9.0098616480537397e-01
2.5808183649240153e+00 4.2100430376357023e+00 9.0098616480521887e-01
2.5823891612508101e+00 4.2114583033938713e+00 9.0098616480493599e-01
2.5839599575776049e+00 4.2128735691520394e+00 9.0098616480493599e-01
2.5855307539043997e+00 4.2142888349102083e+00 9.0098616480537397e-01
2.5871015502311949e+00 4.2157041006683773e+00 9.0098616480509142e-01
2.5886723465579897e+00 4.2171193664265463e+00 9.0098616480493599e-01
2.5902431428847845e+00 4.2185346321847152e+00 9.0098616480521887e-01
2.5918139392115793e+00 4.2199498979428842e+00 9.0098616480509142e-01
2.5933847355383746e+00 4.2213651637010532e+00 9.0098616480509142e-01
2.5949555318651694e+00 4.2227804294592222e+00 9.0098616480521887e-01
2.5965263281919642e+00 4.2241956952173911e+00 9.0098616480521887e-01
2.5980971245187590e+00 4.2256109609755601e+00 9.0098616480521887e-01
2.5996679208455538e+00 4.2270262267337291e+00 9.0098616480509142e-01
2.6012387171723490e+00 4.2284414924918980e+00 9.0098616480509142e-01
2.6028095134991438e+00 4.2298567582500670e+00 9.0098616480521887e-01
2.6043803098259386e+00 4.2312720240082360e+00 9.0098616480521887e-01
2.6059511061527334e+00 4.2326872897664050e+00 9.0098616480509142e-01
2.6075219024795286e+00 4.2341025555245739e+00 9.0098616480509142e-01
2.6090926988063234e+00 4.2355178212827429e+00 9.0098616480521887e-01
2.6106634951331182e+00 4.2369330870409119e+00 9.0098616480521887e-01
2.6122342914599130e+00 4.2383483527990808e+00 9.0098616480493599e-01
2.6138050877867078e+00 4.2397636185572498e+00 9.0098616480509142e-01
2.6153758841135031e+00 4.2411788843154188e+00 9.0098616480537397e-01
2.6169466804402979e+00 4.2425941500735878e+00 9.0098616480493599e-01
2.6185174767670927e+00 4.2440094158317558e+00 9.0098616480493599e-01
2.6200882730938875e+00 4.2454246815899248e+00 9.0098616480537397e-01
2.6216590694206827e+00 4.2468399473480938e+00 9.0098616480509142e-01
2.6232298657474775e+00 4.2482552131062628e+00 9.0098616480493599e-01
2.6248006620742723e+00 4.2496704788644317e+00 9.0098616480521887e-01
2.6263714584010671e+00 4.2510857446226007e+00 9.0098616480521887e-01
2.6279422547278619e+00 4.2525010103807697e+00 9.0098616480509142e-01
2.6295130510546572e+00 4.2539162761389386e+00 9.0098616480509142e-01
2.6310838473814520e+00 4.2553315418971076e+00 9.0098616480521887e-01
2.6326546437082468e+00 4.2567468076552766e+00 9.0098616480521887e-01
2.6342254400350416e+00 4.2581620734134455e+00 9.0098616480509142e-01
2.6357962363618368e+00 4.2595773391716145e+00 9.0098616480509142e-01
2.6373670326886316e+00 4.2609926049297835e+00 9.0098616480521887e-01
2.6389378290154264e+00 4.2624078706879525e+00 9.0098616480521887e-01
2.6405086253422212e+00 4.2638231364461214e+00 9.0098616480521887e-01
2.6420794216690160e+00 4.2652384022042904e+00 9.0098616480509142e-01
2.6436502179958112e+00 4.2666536679624594e+00 9.0098616480509142e-01
2.6452210143226060e+00 4.2680689337206283e+00 9.0098616480521887e-01
2.6467918106494008e+00 4.2694841994787973e+00 9.0098616480521887e-01
2.6483626069761956e+00 4.2708994652369663e+00 9.0098616480509142e-01
2.6499334033029909e+00 4.2723147309951353e+00 9.0098616480509142e-01
2.6515041996297857e+00 4.2737299967533042e+00 9.0098616480521887e-01
2.6530749959565805e+00 4.2751452625114732e+00 9.0098616480493599e-01
2.6546457922833753e+00 4.2765605282696413e+00 9.0098616480493599e-01
2.6562165886101701e+00 4.2779757940278103e+00 9.0098616480537397e-01
2.6577873849369653e+00 4.2793910597859792e+00 9.0098616480509142e-01
2.6593581812637601e+00 4.2808063255441482e+00 9.0098616480493599e-01
2.6609289775905549e+00 4.2822215913023172e+00 9.0098616480521887e-01
2.6624997739173497e+00 4.2836368570604861e+00 9.0098616480521887e-01
2.6640705702441445e+00 4.2850521228186551e+00 9.0098616480509142e-01
2.6656413665709398e+00 4.2864673885768241e+00 9.0098616480509142e-01
2.6672121628977346e+00 4.2878826543349930e+00 9.0098616480521887e-01
2.6687829592245293e+00 4.2892979200931620e+00 9.0098616480521887e-01
2.6703537555513241e+00 4.2907131858513310e+00 9.0098616480509142e-01
2.6719245518781194e+00 4.2921284516095000e+00 9.0098616480509142e-01
2.6734953482049142e+00 4.2935437173676689e+00 9.0098616480521887e-01
2.6750661445317090e+00 4.2949589831258379e+00 9.0098616480521887e-01
2.6766369408585038e+00 4.2963742488840069e+00 9.0098616480521887e-01
2.6782077371852986e+00 4.2977895146421758e+00 9.0098616480509142e-01
2.6797785335120938e+00 4.2992047804003448e+00 9.0098616480509142e-01
2.6813493298388886e+00 4.3006200461585138e+00 9.0098616480521887e-01
2.6829201261656834e+00 4.3020353119166828e+00 9.0098616480493599e-01
2.6844909224924782e+00 4.3034505776748517e+00 9.0098616480509142e-01
2.6860617188192735e+00 4.3048658434330207e+00 9.0098616480537397e-01
2.6876325151460683e+00 4.3062811091911897e+00 9.0098616480493599e-01
2.6892033114728631e+00 4.3076963749493578e+00 9.0098616480493599e-01
2.6907741077996579e+00 4.3091116407075267e+00 9.0098616480521887e-01
2.6923449041264527e+00 4.3105269064656957e+00 9.0098616480509142e-01
2.6939157004532479e+00 4.3119421722238647e+00 9.0098616480509142e-01
2.6954864967800427e+00 4.3133574379820336e+00 9.0098616480521887e-01
2.6970572931068375e+00 4.3147727037402026e+00 9.0098616480521887e-01
2.6986280894336323e+00 4.3161879694983716e+00 9.0098616480509142e-01
2.7001988857604275e+00 4.3176032352565406e+00 9.0098616480509142e-01
2.7017696820872223e+00 4.3190185010147095e+00 9.0098616480521887e-01
2.7033404784140171e+00 4.3204337667728785e+00 9.0098616480521887e-01
2.7049112747408119e+00 4.3218490325310475e+00 9.0098616480521887e-01
2.7064820710676067e+00 4.3232642982892164e+00 9.0098616480509142e-01
2.7080528673944020e+00 4.3246795640473854e+00 9.0098616480509142e-01
2.7096236637211968e+00 4.3260948298055544e+00 9.0098616480521887e-01
2.7111944600479916e+00 4.3275100955637233e+00 9.0098616480521887e-01
2.7127652563747864e+00 4.3289253613218923e+00 9.0098616480509142e-01
2.7143360527015816e+00 4.3303406270800613e+00 9.0098616480509142e-01
2.7159068490283764e+00 4.3317558928382303e+00 9.0098616480521887e-01
2.7174776453551712e+00 4.3331711585963992e+00 9.0098616480521887e-01
2.7190484416819660e+00 4.3345864243545682e+00 9.0098616480493599e-01
2.7206192380087608e+00 4.3360016901127372e+00 9.0098616480509142e-01
2.7221900343355561e+00 4.3374169558709061e+00 9.0098616480537397e-01
2.7237608306623509e+00 4.3388322216290751e+00 9.0098616480493599e-01
2.7253316269891457e+00 4.3402474873872432e+00 9.0098616480493599e-01
2.7269024233159405e+00 4.3416627531454122e+00 9.0098616480537397e-01
2.7284732196427357e+00 4.3430780189035811e+00 9.0098616480509142e-01
2.7300440159695305e+00 4.3444932846617501e+00 9.0098616480493599e-01
2.7316148122963253e+00 4.3459085504199191e+00 9.0098616480521887e-01
2.7331856086231201e+00 4.3473238161780881e+00 9.0098616480521887e-01
2.7347564049499149e+00 4.3487390819362570e+00 9.0098616480509142e-01
2.7363272012767101e+00 4.3501543476944260e+00 9.0098616480509142e-01
2.7378979976035049e+00 4.3515696134525950e+00 9.0098616480521887e-01
2.7394687939302997e+00 4.3529848792107639e+00 9.0098616480521887e-01
2.7410395902570945e+00 4.3544001449689329e+00 9.0098616480521887e-01
2.7426103865838893e+00 4.3558154107271019e+00 9.0098616480509142e-01
2.7441811829106846e+00 4.3572306764852708e+00 9.0098616480509142e-01
2.7457519792374794e+00 4.3586459422434398e+00 9.0098616480521887e-01
2.7473227755642742e+00 4.3600612080016088e+00 9.0098616480521887e-01
2.7488935718910690e+00 4.3614764737597778e+00 9.0098616480509142e-01
2.7504643682178642e+00 4.3628917395179467e+00 9.0098616480509142e-01
2.7520351645446590e+00 4.3643070052761157e+00 9.0098616480521887e-01
2.7536059608714538e+00 4.3657222710342847e+00 9.0098616480493599e-01
2.7551767571982486e+00 4.3671375367924528e+00 9.0098616480493599e-01
2.7567475535250434e+00 4.3685528025506217e+00 9.0098616480537397e-01
2.7583183498518387e+00 4.3699680683087907e+00 9.0098616480509142e-01
2.7598891461786335e+00 4.3713833340669597e+00 9.0098616480493599e-01
2.7614599425054283e+00 4.3727985998251286e+00 9.0098616480521887e-01
2.7630307388322231e+00 4.3742138655832976e+00 9.0098616480537397e-01
2.7646015351590183e+00 4.3756291313414666e+00 9.0098616480509142e-01
2.7661723314858131e+00 4.3770443970996356e+00 9.0098616480493599e-01
2.7677431278126079e+00 4.3784596628578045e+00 9.0098616480521887e-01
2.7693139241394027e+00 4.3798749286159735e+00 9.0098616480521887e-01
2.7708847204661975e+00 4.3812901943741425e+00 9.0098616480509142e-01
2.7724555167929927e+00 4.3827054601323114e+00 9.0098616480509142e-01
2.7740263131197875e+00 4.3841207258904804e+00 9.0098616480521887e-01
2.7755971094465823e+00 4.3855359916486494e+00 9.0098616480521887e-01
2.7771679057733771e+00 4.3869512574068183e+00 9.0098616480509142e-01
2.7787387021001724e+00 4.3883665231649873e+00 9.0098616480509142e-01
2.7803094984269672e+00 4.3897817889231563e+00 9.0098616480521887e-01
2.7818802947537620e+00 4.3911970546813253e+00 9.0098616480521887e-01
2.7834510910805568e+00 4.3926123204394942e+00 9.0098616480493599e-01
2.7850218874073516e+00 4.3940275861976632e+00 9.0098616480509142e-01
2.7865926837341468e+00 4.3954428519558322e+00 9.0098616480537397e-01
2.7881634800609416e+00 4.3968581177140011e+00 9.0098616480521887e-01
2.7897342763877364e+00 4.3982733834721701e+00 9.0098616480493599e-01
2.7913050727145312e+00 4.3996886492303391e+00 9.0098616480509142e-01
2.7928758690413265e+00 4.4011039149885081e+00 9.0098616480537397e-01
2.7944466653681213e+00 4.4025191807466770e+00 9.0098616480493599e-01
2.7960174616949161e+00 4.4039344465048451e+00 9.0098616480493599e-01
2.7975882580217108e+00 4.4053497122630141e+00 9.0098616480521887e-01
2.7991590543485056e+00 4.4067649780211831e+00 9.0098616480509142e-01
2.8007298506753009e+00 4.4081802437793520e+00 9.0098616480509142e-01
2.8023006470020957e+00 4.4095955095375210e+00 9.0098616480521887e-01
2.8038714433288905e+00 4.4110107752956900e+00 9.0098616480521887e-01
2.8054422396556853e+00 4.4124260410538589e+00 9.0098616480509142e-01
2.8070130359824805e+00 4.4138413068120279e+00 9.0098616480509142e-01
2.8085838323092753e+00 4.4152565725701969e+00 9.0098616480521887e-01
2.8101546286360701e+00 4.4166718383283659e+00 9.0098616480521887e-01
2.8117254249628649e+00 4.4180871040865348e+00 9.0098616480521887e-01
2.8132962212896597e+00 4.4195023698447038e+00 9.0098616480509142e-01
2.8148670176164550e+00 4.4209176356028728e+00 9.0098616480509142e-01
2.8164378139432498e+00 4.4223329013610417e+00 9.0098616480521887e-01
2.8180086102700446e+00 4.4237481671192107e+00 9.0098616480521887e-01
2.8195794065968394e+00 4.4251634328773797e+00 9.0098616480509142e-01
2.8211502029236346e+00 4.4265786986355486e+00 9.0098616480509142e-01
2.8227209992504294e+00 4.4279939643937176e+00 9.0098616480521887e-01
2.8242917955772242e+00 4.4294092301518866e+00 9.0098616480493599e-01
2.8258625919040190e+00 4.4308244959100547e+00 9.0098616480493599e-01
2.8274333882308138e+00 4.4322397616682236e+00 9.0098616480537397e-01
2.8290041845576090e+00 4.4336550274263935e+00 9.0098616480537397e-01
2.8305749808844038e+00 4.4350702931845625e+00 9.0098616480493599e-01
2.8321457772111986e+00 4.4364855589427306e+00 9.0098616480493599e-01
2.8337165735379934e+00 4.4379008247008995e+00 9.0098616480521887e-01
2.8352873698647882e+00 4.4393160904590685e+00 9.0098616480509142e-01
2.8368581661915835e+00 4.4407313562172375e+00 9.0098616480509142e-01
2.8384289625183783e+00 4.4421466219754064e+00 9.0098616480521887e-01
2.8399997588451731e+00 4.4435618877335754e+00 9.0098616480521887e-01
2.8415705551719679e+00 4.4449771534917444e+00 9.0098616480509142e-01
2.8431413514987631e+00 4.4463924192499134e+00 9.0098616480509142e-01
2.8447121478255579e+00 4.4478076850080823e+00 9.0098616480521887e-01
2.8462829441523527e+00 4.4492229507662513e+00 9.0098616480521887e-01
2.8478537404791475e+00 4.4506382165244203e+00 9.0098616480521887e-01
2.8494245368059423e+00 4.4520534822825892e+00 9.0098616480509142e-01
2.8509953331327376e+00 4.4534687480407582e+00 9.0098616480509142e-01
2.8525661294595324e+00 4.4548840137989272e+00 9.0098616480521887e-01
2.8541369257863272e+00 4.4562992795570961e+00 9.0098616480493599e-01
2.8557077221131220e+00 4.4577145453152651e+00 9.0098616480509142e-01
2.8572785184399172e+00 4.4591298110734341e+00 9.0098616480537397e-01
2.8588493147667120e+00 4.4605450768316031e+00 9.0098616480521887e-01
2.8604201110935068e+00 4.4619603425897720e+00 9.0098616480493599e-01
2.8619909074203016e+00 4.4633756083479401e+00 9.0098616480493599e-01
2.8635617037470964e+00 4.4647908741061091e+00 9.0098616480537397e-01
2.8651325000738916e+00 4.4662061398642781e+00 9.0098616480509142e-01
2.8667032964006864e+00 4.4676214056224470e+00 9.0098616480493599e-01
2.8682740927274812e+00 4.4690366713806160e+00 9.0098616480521887e-01
2.8698448890542760e+00 4.4704519371387850e+00 9.0098616480509142e-01
2.8714156853810713e+00 4.4718672028969539e+00 9.0098616480509142e-01
2.8729864817078661e+00 4.4732824686551229e+00 9.0098616480521887e-01
2.8745572780346609e+00 4.4746977344132919e+00 9.0098616480521887e-01
2.8761280743614557e+00 4.4761130001714609e+00 9.0098616480521887e-01
2.8776988706882505e+00 4.4775282659296298e+00 9.0098616480509142e-01
2.8792696670150457e+00 4.4789435316877988e+00 9.0098616480509142e-01
2.8808404633418405e+00 4.4803587974459678e+00 9.0098616480521887e-01
2.8824112596686353e+00 4.4817740632041367e+00 9.0098616480521887e-01
2.8839820559954301e+00 4.4831893289623057e+00 9.0098616480509142e-01
2.8855528523222254e+00 4.4846045947204747e+00 9.0098616480509142e-01
2.8871236486490202e+00 4.4860198604786437e+00 9.0098616480521887e-01
2.8886944449758150e+00 4.4874351262368126e+00 9.0098616480521887e-01
2.8902652413026098e+00 4.4888503919949816e+00 9.0098616480493599e-01
2.8918360376294046e+00 4.4902656577531506e+00 9.0098616480509142e-01
2.8934068339561998e+00 4.4916809235113195e+00 9.0098616480537397e-01
2.8949776302829946e+00 4.4930961892694885e+00 9.0098616480521887e-01
2.8965484266097894e+00 4.4945114550276575e+00 9.0098616480493599e-01
2.8981192229365842e+00 4.4959267207858264e+00 9.0098616480509142e-01
2.8996900192633794e+00 4.4973419865439954e+00 9.0098616480537397e-01
2.9012608155901742e+00 4.4987572523021644e+00 9.0098616480493599e-01
2.9028316119169690e+00 4.5001725180603325e+00 9.0098616480493599e-01
2.9044024082437638e+00 4.5015877838185014e+00 9.0098616480521887e-01
2.9059732045705586e+00 4.5030030495766704e+00 9.0098616480509142e-01
2.9075440008973539e+00 4.5044183153348394e+00 9.0098616480509142e-01
2.9091147972241487e+00 4.5058335810930084e+00 9.0098616480521887e-01
2.9106855935509435e+00 4.5072488468511773e+00 9.0098616480521887e-01
2.9122563898777383e+00 4.5086641126093463e+00 9.0098616480521887e-01
2.9138271862045331e+00 4.5100793783675153e+00 9.0098616480509142e-01
2.9153979825313283e+00 4.5114946441256842e+00 9.0098616480509142e-01
2.9169687788581231e+00 4.5129099098838532e+00 9.0098616480521887e-01
2.9185395751849179e+00 4.5143251756420222e+00 9.0098616480521887e-01
2.9201103715117127e+00 4.5157404414001912e+00 9.0098616480509142e-01
2.9216811678385080e+00 4.5171557071583601e+00 9.0098616480509142e-01
2.9232519641653028e+00 4.5185709729165291e+00 9.0098616480521887e-01
2.9248227604920976e+00 4.5199862386746981e+00 9.0098616480493599e-01
2.9263935568188923e+00 4.5214015044328661e+00 9.0098616480493599e-01
2.9279643531456871e+00 4.5228167701910351e+00 9.0098616480537397e-01
2.9295351494724824e+00 4.5242320359492050e+00 9.0098616480537397e-01
2.9311059457992772e+00 4.5256473017073739e+00 9.0098616480493599e-01
2.9326767421260720e+00 4.5270625674655420e+00 9.0098616480493599e-01
2.9342475384528668e+00 4.5284778332237110e+00 9.0098616480537397e-01
2.9358183347796620e+00 4.5298930989818800e+00 9.0098616480509142e-01
2.9373891311064568e+00 4.5313083647400489e+00 9.0098616480493599e-01
2.9389599274332516e+00 4.5327236304982179e+00 9.0098616480521887e-01
2.9405307237600464e+00 4.5341388962563869e+00 9.0098616480521887e-01
2.9421015200868412e+00 4.5355541620145559e+00 9.0098616480509142e-01
2.9436723164136365e+00 4.5369694277727248e+00 9.0098616480509142e-01
2.9452431127404313e+00 4.5383846935308938e+00 9.0098616480521887e-01
2.9468139090672261e+00 4.5397999592890628e+00 9.0098616480521887e-01
2.9483847053940209e+00 4.5412152250472317e+00 9.0098616480509142e-01
2.9499555017208161e+00 4.5426304908054007e+00 9.0098616480509142e-01
2.9515262980476109e+00 4.5440457565635697e+00 9.0098616480521887e-01
2.9530970943744057e+00 4.5454610223217387e+00 9.0098616480521887e-01
2.9546678907012005e+00 4.5468762880799076e+00 9.0098616480521887e-01
2.9562386870279953e+00 4.5482915538380766e+00 9.0098616480509142e-01
2.9578094833547905e+00 4.5497068195962456e+00 9.0098616480509142e-01
2.9593802796815853e+00 4.5511220853544145e+00 9.0098616480521887e-01
2.9609510760083801e+00 4.5525373511125835e+00 9.0098616480493599e-01
2.9625218723351749e+00 4.5539526168707525e+00 9.0098616480509142e-01
2.9640926686619702e+00 4.5553678826289214e+00 9.0098616480537397e-01
2.9656634649887650e+00 4.5567831483870904e+00 9.0098616480521887e-01
2.9672342613155598e+00 4.5581984141452594e+00 9.0098616480493599e-01
2.9688050576423546e+00 4.5596136799034275e+00 9.0098616480493599e-01
2.9703758539691494e+00 4.5610289456615964e+00 9.0098616480537397e-01
2.9719466502959446e+00 4.5624442114197654e+00 9.0098616480509142e-01
2.9735174466227394e+00 4.5638594771779344e+00 9.0098616480493599e-01
2.9750882429495342e+00 4.5652747429361034e+00 9.0098616480521887e-01
2.9766590392763290e+00 4.5666900086942723e+00 9.0098616480509142e-01
2.9782298356031243e+00 4.5681052744524413e+00 9.0098616480509142e-01
2.9798006319299191e+00 4.5695205402106103e+00 9.0098616480521887e-01
2.9813714282567139e+00 4.5709358059687792e+00 9.0098616480521887e-01
2.9829422245835087e+00 4.5723510717269482e+00 9.0098616480521887e-01
2.9845130209103035e+00 4.5737663374851172e+00 9.0098616480509142e-01
2.9860838172370987e+00 4.5751816032432862e+00 9.0098616480509142e-01
2.9876546135638935e+00 4.5765968690014551e+00 9.0098616480521887e-01
2.9892254098906883e+00 4.5780121347596241e+00 9.0098616480521887e-01
2.9907962062174831e+00 4.5794274005177931e+00 9.0098616480509142e-01
2.9923670025442783e+00 4.5808426662759620e+00 9.0098616480509142e-01
2.9939377988710731e+00 4.5822579320341310e+00 9.0098616480521887e-01
2.9955085951978679e+00 4.5836731977923000e+00 9.0098616480521887e-01
2.9970793915246627e+00 4.5850884635504690e+00 9.0098616480493599e-01
2.9986501878514575e+00 4.5865037293086379e+00 9.0098616480509142e-01
3.0002209841782528e+00 4.5879189950668069e+00 9.0098616480537397e-01
3.0017917805050476e+00 4.5893342608249759e+00 9.0098616480493599e-01
3.0033625768318424e+00 4.5907495265831439e+00 9.0098616480493599e-01
3.0049333731586372e+00 4.5921647923413129e+00 9.0098616480521887e-01
3.0065041694854320e+00 4.5935800580994819e+00 9.0098616480509142e-01
3.0080749658122272e+00 4.5949953238576509e+00 9.0098616480509142e-01
3.0096457621390220e+00 4.5964105896158198e+00 9.0098616480521887e-01
3.0112165584658168e+00 4.5978258553739888e+00 9.0098616480521887e-01
3.0127873547926116e+00 4.5992411211321578e+00 9.0098616480509142e-01
3.0143581511194069e+00 4.6006563868903267e+00 9.0098616480509142e-01
3.0159289474462017e+00 4.6020716526484957e+00 9.0098616480521887e-01
3.0174997437729965e+00 4.6034869184066647e+00 9.0098616480521887e-01
3.0190705400997913e+00 4.6049021841648337e+00 9.0098616480521887e-01
3.0206413364265861e+00 4.6063174499230026e+00 9.0098616480509142e-01
3.0222121327533813e+00 4.6077327156811716e+00 9.0098616480509142e-01
3.0237829290801761e+00 4.6091479814393406e+00 9.0098616480521887e-01
3.0253537254069709e+00 4.6105632471975095e+00 9.0098616480521887e-01
3.0269245217337657e+00 4.6119785129556785e+00 9.0098616480509142e-01
3.0284953180605609e+00 4.6133937787138475e+00 9.0098616480509142e-01
3.0300661143873557e+00 4.6148090444720165e+00 9.0098616480521887e-01
3.0316369107141505e+00 4.6162243102301854e+00 9.0098616480521887e-01
3.0332077070409453e+00 4.6176395759883544e+00 9.0098616480493599e-01
3.0347785033677401e+00 4.6190548417465234e+00 9.0098616480509142e-01
3.0363492996945354e+00 4.6204701075046923e+00 9.0098616480537397e-01
3.0379200960213302e+00 4.6218853732628613e+00 9.0098616480493599e-01
3.0394908923481250e+00 4.6233006390210294e+00 9.0098616480493599e-01
3.0410616886749198e+00 4.6247159047791984e+00 9.0098616480537397e-01
3.0426324850017150e+00 4.6288342939504163e+00 6.1001432244150298e+00
3.0442032813285098e+00 4.6445848792709299e+00 1.3954124858388868e+01
3.0457740776553046e+00 4.6726724700928042e+00 2.1808106492363144e+01
3.0473448739820994e+00 4.7130970664160374e+00 2.9662088126337139e+01
3.0489156703088942e+00 4.7658586682406314e+00 3.7516069760311005e+01
3.0504864666356895e+00 4.8309572755666057e+00 4.5370051394287216e+01
3.0520572629624843e+00 4.9083928883939238e+00 5.3224033028261346e+01
3.0536280592892791e+00 4.9981655067226018e+00 6.1078014662235333e+01
3.0551988556160738e+00 5.1002751305526397e+00 6.8931996296209206e+01
3.0567696519428691e+00 5.2147217598840720e+00 7.6785977930185425e+01
3.0583404482696639e+00 5.3415053947168341e+00 8.4639959564159540e+01
3.0599112445964587e+00 5.4806260350509559e+00 9.2493941198133527e+01
3.0614820409232535e+00 5.6320836808864385e+00 1.0034792283210724e+02
3.0630528372500483e+00 5.7958783322232810e+00 1.0820190446608140e+02
3.0646236335768435e+00 5.9720099890615348e+00 1.1605588610005789e+02
3.0661944299036383e+00 6.1604786514011014e+00 1.2390986773403174e+02
3.0677652262304331e+00 6.3612843192420279e+00 1.3176384936800545e+02
3.0693360225572279e+00 6.5744269925843142e+00 1.3961783100197960e+02
3.0709068188840232e+00 6.7999066714280261e+00 1.4747181263595610e+02
3.0724776152108180e+00 7.0377233557730374e+00 1.5532579426992967e+02
3.0740484115376128e+00 7.2878770456194069e+00 1.6317977590390365e+02
3.0756192078644076e+00 7.5503677409671370e+00 1.7103375753787793e+02
3.0771900041912024e+00 7.8251954418162288e+00 1.7888773917185179e+02
3.0787608005179976e+00 8.1123601481667613e+00 1.8674172080582801e+02
3.0803315968447924e+00 8.4118618600185773e+00 1.9459570243980212e+02
3.0819023931715872e+00 8.7237005773717513e+00 2.0244968407377613e+02
3.0834731894983820e+00 9.0478763002262870e+00 2.1030366570774999e+02
3.0850439858251772e+00 9.3843890285822784e+00 2.1815764734172620e+02
3.0866147821519720e+00 9.7332387624395373e+00 2.2601162897570035e+02
3.0881855784787668e+00 1.0094425501798156e+01 2.3386561060967432e+02
3.0897563748055616e+00 1.0467949246658137e+01 2.4171959224364832e+02
3.0913271711323564e+00 1.0853809997019475e+01 2.4957357387762218e+02
3.0928979674591517e+00 1.1252007752882289e+01 2.5742755551159837e+02
3.0944687637859465e+00 1.1662542514246351e+01 2.6528153714557249e+02
3.0960395601127413e+00 1.2085414281111774e+01 2.7313551877954649e+02
3.0976103564395361e+00 1.2520623053478559e+01 2.8098950041352049e+02
3.0991811527663309e+00 1.2968168831346702e+01 2.8884348204749438e+02
3.1007519490931261e+00 1.3428051614716338e+01 2.9669746368147059e+02
3.1023227454199209e+00 1.3900271403587205e+01 3.0455144531544471e+02
3.1038935417467157e+00 1.4384828197959433e+01 3.1240542694941843e+02
3.1054643380735105e+00 1.4881721997833020e+01 3.2025940858339254e+02
3.1070351344003058e+00 1.5390952803208114e+01 3.2811339021736904e+02
3.1086059307271006e+00 1.5912520614084425e+01 3.3596737185134259e+02
3.1101767270538954e+00 1.6446425430462096e+01 3.4382135348531659e+02
3.1117475233806902e+00 1.6992667252341128e+01 3.5167533511929088e+02
3.1133183197074850e+00 1.7551246079721523e+01 3.5952931675326477e+02
3.1148891160342802e+00 1.8122161912603435e+01 3.6738329838724098e+02
3.1164599123610750e+00 1.8705414750986552e+01 3.7523728002121510e+02
3.1180307086878698e+00 1.9301004594871028e+01 3.8309126165518910e+02
3.1196015050146646e+00 1.9908931444256865e+01 3.9094524328916293e+02
3.1211723013414598e+00 2.0529195299144238e+01 3.9879922492313915e+02
3.1227430976682546e+00 2.1161796159532798e+01 4.0665320655711326e+02
3.1243138939950494e+00 2.1806734025422717e+01 4.1450718819108727e+02
3.1258846903218442e+00 2.2464008896814001e+01 4.2236116982506127e+02
3.1274554866486390e+00 2.3133620773706639e+01 4.3021515145903516e+02
3.1290262829754343e+00 2.3815569656100834e+01 4.3806913309301137e+02
3.1305970793022291e+00 2.4509855543996199e+01 4.4592311472698549e+02
3.1321678756290239e+00 2.5216478437392922e+01 4.5377709636095921e+02
3.1337386719558187e+00 2.5935438336291007e+01 4.6163107799493332e+02
3.1353094682826139e+00 2.6666735240690659e+01 4.6948505962890982e+02
3.1368802646094087e+00 2.7410369150591468e+01 4.7733904126288337e+02
3.1384510609362035e+00 2.8166340065993637e+01 4.8519302289685737e+02
3.1400218572629983e+00 2.8934647986897161e+01 4.9304700453083166e+02
3.1415926535897931e+00 2.9715292913302051e+01 5.0090098616480566e+02
