# x energy force
0.0000000000000000e+00 4.2251872789447177e+01 -5.0473750438011365e+02
1.5707963267948967e-03 4.1465201474321944e+01 -4.9688352274614147e+02
3.1415926535897933e-03 4.0690867164698076e+01 -4.8902954111216815e+02
4.7123889803846897e-03 3.9928869860575574e+01 -4.8117555947819136e+02
6.2831853071795866e-03 3.9179209561954437e+01 -4.7332157784421690e+02
7.8539816339744835e-03 3.8441886268834658e+01 -4.6546759621024353e+02
9.4247779607693795e-03 3.7716899981216237e+01 -4.5761361457626907e+02
1.0995574287564277e-02 3.7004250699099174e+01 -4.4975963294229462e+02
1.2566370614359173e-02 3.6303938422483483e+01 -4.4190565130831897e+02
1.4137166941154069e-02 3.5615963151369151e+01 -4.3405166967434451e+02
1.5707963267948967e-02 3.4940324885756183e+01 -4.2619768804037113e+02
1.7278759594743863e-02 3.4277023625644560e+01 -4.1834370640639776e+02
1.8849555921538759e-02 3.3626059371034316e+01 -4.1048972477242103e+02
2.0420352248333655e-02 3.2987432121925423e+01 -4.0263574313844651e+02
2.1991148575128554e-02 3.2361141878317902e+01 -3.9478176150447314e+02
2.3561944901923450e-02 3.1747188640211736e+01 -3.8692777987049755e+02
2.5132741228718346e-02 3.1145572407606934e+01 -3.7907379823652423e+02
2.6703537555513242e-02 3.0556293180503495e+01 -3.7121981660254971e+02
2.8274333882308138e-02 2.9979350958901414e+01 -3.6336583496857412e+02
2.9845130209103038e-02 2.9414745742800697e+01 -3.5551185333460074e+02
3.1415926535897934e-02 2.8862477532201343e+01 -3.4765787170062742e+02
3.2986722862692830e-02 2.8322546327103350e+01 -3.3980389006665064e+02
3.4557519189487726e-02 2.7794952127506718e+01 -3.3194990843267618e+02
3.6128315516282622e-02 2.7279694933411449e+01 -3.2409592679870286e+02
3.7699111843077518e-02 2.6776774744817544e+01 -3.1624194516472721e+02
3.9269908169872414e-02 2.6286191561724998e+01 -3.0838796353075389e+02
4.0840704496667310e-02 2.5807945384133813e+01 -3.0053398189677932e+02
4.2411500823462213e-02 2.5342036212043990e+01 -2.9268000026280373e+02
4.3982297150257109e-02 2.4888464045455528e+01 -2.8482601862883041e+02
4.5553093477052005e-02 2.4447228884368428e+01 -2.7697203699485590e+02
4.7123889803846901e-02 2.4018330728782690e+01 -2.6911805536088031e+02
4.8694686130641797e-02 2.3601769578698317e+01 -2.6126407372690699e+02
5.0265482457436693e-02 2.3197545434115298e+01 -2.5341009209293244e+02
5.1836278784231589e-02 2.2805658295033645e+01 -2.4555611045895688e+02
5.3407075111026485e-02 2.2426108161453357e+01 -2.3770212882498350e+02
5.4977871437821381e-02 2.2058895033374423e+01 -2.2984814719100902e+02
5.6548667764616277e-02 2.1704018910796854e+01 -2.2199416555703343e+02
5.8119464091411173e-02 2.1361479793720651e+01 -2.1414018392306005e+02
5.9690260418206076e-02 2.1031277682145802e+01 -2.0628620228908554e+02
6.1261056745000972e-02 2.0713412576072319e+01 -1.9843222065510994e+02
6.2831853071795868e-02 2.0407884475500200e+01 -1.9057823902113657e+02
6.4402649398590764e-02 2.0114693380429443e+01 -1.8272425738716100e+02
6.5973445725385660e-02 1.9833839290860045e+01 -1.7487027575318652e+02
6.7544242052180556e-02 1.9565322206792008e+01 -1.6701629411921428e+02
6.9115038378975452e-02 1.9309142128225329e+01 -1.5916231248523866e+02
7.0685834705770348e-02 1.9065299055160018e+01 -1.5130833085126307e+02
7.2256631032565244e-02 1.8833792987596066e+01 -1.4345434921728969e+02
7.3827427359360140e-02 1.8614623925533476e+01 -1.3560036758331523e+02
7.5398223686155036e-02 1.8407791868972250e+01 -1.2774638594933963e+02
7.6969020012949932e-02 1.8213296817912383e+01 -1.1989240431536628e+02
7.8539816339744828e-02 1.8031138772353881e+01 -1.1203842268139066e+02
8.0110612666539724e-02 1.7861317732296740e+01 -1.0418444104741619e+02
8.1681408993334620e-02 1.7703833697740958e+01 -9.6330459413443961e+01
8.3252205320129516e-02 1.7558686668686537e+01 -8.8476477779468325e+01
8.4823001646924426e-02 1.7425876645133481e+01 -8.0622496145492661e+01
8.6393797973719322e-02 1.7305403627081784e+01 -7.2768514511518191e+01
8.7964594300514218e-02 1.7197267614531452e+01 -6.4914532877544843e+01
8.9535390627309114e-02 1.7101468607482477e+01 -5.7060551243570359e+01
9.1106186954104010e-02 1.7018006605934865e+01 -4.9206569609595881e+01
9.2676983280898906e-02 1.6946881609888617e+01 -4.1352587975620267e+01
9.4247779607693802e-02 1.6888093619343731e+01 -3.3498606341645790e+01
9.5818575934488698e-02 1.6841642634300204e+01 -2.5644624707673572e+01
9.7389372261283594e-02 1.6807528654758034e+01 -1.7790643073696831e+01
9.8960168588078490e-02 1.6785751680717233e+01 -9.9366614397223501e+00
1.0053096491487339e-01 1.6775606902825729e+01 -4.7375043801159027e+00
1.0210176124166828e-01 1.6768165248347266e+01 -4.7375043801159027e+00
1.0367255756846318e-01 1.6760723593868804e+01 -4.7375043801159027e+00
1.0524335389525807e-01 1.6753281939390341e+01 -4.7375043801159027e+00
1.0681415022205297e-01 1.6745840284911882e+01 -4.7375043801147720e+00
1.0838494654884787e-01 1.6738398630433423e+01 -4.7375043801147720e+00
1.0995574287564276e-01 1.6730956975954960e+01 -4.7375043801170342e+00
1.1152653920243766e-01 1.6723515321476498e+01 -4.7375043801147720e+00
1.1309733552923255e-01 1.6716073666998039e+01 -4.7375043801147720e+00
1.1466813185602745e-01 1.6708632012519580e+01 -4.7375043801159027e+00
1.1623892818282235e-01 1.6701190358041121e+01 -4.7375043801158814e+00
1.1780972450961726e-01 1.6693748703562658e+01 -4.7375043801158814e+00
1.1938052083641215e-01 1.6686307049084199e+01 -4.7375043801147720e+00
1.2095131716320705e-01 1.6678865394605740e+01 -4.7375043801147720e+00
1.2252211349000194e-01 1.6671423740127281e+01 -4.7375043801159027e+00
1.2409290981679684e-01 1.6663982085648819e+01 -4.7375043801170342e+00
1.2566370614359174e-01 1.6656540431170356e+01 -4.7375043801147925e+00
1.2723450247038662e-01 1.6649098776691897e+01 -4.7375043801147720e+00
1.2880529879718153e-01 1.6641657122213438e+01 -4.7375043801159027e+00
1.3037609512397641e-01 1.6634215467734979e+01 -4.7375043801147720e+00
1.3194689145077132e-01 1.6626773813256520e+01 -4.7375043801159027e+00
1.3351768777756620e-01 1.6619332158778061e+01 -4.7375043801159027e+00
1.3508848410436111e-01 1.6611890504299602e+01 -4.7375043801147303e+00
1.3665928043115602e-01 1.6604448849821143e+01 -4.7375043801159027e+00
1.3823007675795090e-01 1.6597007195342680e+01 -4.7375043801170342e+00
1.3980087308474581e-01 1.6589565540864218e+01 -4.7375043801147720e+00
1.4137166941154070e-01 1.6582123886385759e+01 -4.7375043801147720e+00
1.4294246573833561e-01 1.6574682231907300e+01 -4.7375043801159027e+00
1.4451326206513049e-01 1.6567240577428841e+01 -4.7375043801147720e+00
1.4608405839192540e-01 1.6559798922950382e+01 -4.7375043801159027e+00
1.4765485471872028e-01 1.6552357268471923e+01 -4.7375043801159027e+00
1.4922565104551519e-01 1.6544915613993464e+01 -4.7375043801147720e+00
1.5079644737231007e-01 1.6537473959515005e+01 -4.7375043801159027e+00
1.5236724369910498e-01 1.6530032305036542e+01 -4.7375043801170342e+00
1.5393804002589986e-01 1.6522590650558083e+01 -4.7375043801147720e+00
1.5550883635269477e-01 1.6515148996079624e+01 -4.7375043801147720e+00
1.5707963267948966e-01 1.6507707341601165e+01 -4.7375043801159027e+00
1.5865042900628457e-01 1.6500265687122706e+01 -4.7375043801147720e+00
1.6022122533307945e-01 1.6492824032644247e+01 -4.7375043801159027e+00
1.6179202165987436e-01 1.6485382378165784e+01 -4.7375043801159027e+00
1.6336281798666924e-01 1.6477940723687325e+01 -4.7375043801147720e+00
1.6493361431346415e-01 1.6470499069208866e+01 -4.7375043801159027e+00
1.6650441064025903e-01 1.6463057414730407e+01 -4.7375043801159027e+00
1.6807520696705394e-01 1.6455615760251948e+01 -4.7375043801147303e+00
1.6964600329384885e-01 1.6448174105773489e+01 -4.7375043801159027e+00
1.7121679962064373e-01 1.6440732451295030e+01 -4.7375043801159027e+00
1.7278759594743864e-01 1.6433290796816571e+01 -4.7375043801147720e+00
1.7435839227423353e-01 1.6425849142338112e+01 -4.7375043801159027e+00
1.7592918860102844e-01 1.6418407487859650e+01 -4.7375043801159027e+00
1.7749998492782332e-01 1.6410965833381191e+01 -4.7375043801147720e+00
1.7907078125461823e-01 1.6403524178902732e+01 -4.7375043801159027e+00
1.8064157758141311e-01 1.6396082524424273e+01 -4.7375043801159027e+00
1.8221237390820802e-01 1.6388640869945814e+01 -4.7375043801147720e+00
1.8378317023500290e-01 1.6381199215467355e+01 -4.7375043801159027e+00
1.8535396656179781e-01 1.6373757560988896e+01 -4.7375043801147720e+00
1.8692476288859269e-01 1.6366315906510437e+01 -4.7375043801147720e+00
1.8849555921538760e-01 1.6358874252031974e+01 -4.7375043801170342e+00
1.9006635554218249e-01 1.6351432597553512e+01 -4.7375043801159027e+00
1.9163715186897740e-01 1.6343990943075053e+01 -4.7375043801147720e+00
1.9320794819577228e-01 1.6336549288596593e+01 -4.7375043801159027e+00
1.9477874452256719e-01 1.6329107634118131e+01 -4.7375043801159027e+00
1.9634954084936207e-01 1.6321665979639672e+01 -4.7375043801147720e+00
1.9792033717615698e-01 1.6314224325161213e+01 -4.7375043801159027e+00
1.9949113350295186e-01 1.6306782670682754e+01 -4.7375043801147720e+00
2.0106192982974677e-01 1.6299341016204295e+01 -4.7375043801147303e+00
2.0263272615654168e-01 1.6291899361725832e+01 -4.7375043801170342e+00
2.0420352248333656e-01 1.6284457707247370e+01 -4.7375043801159027e+00
2.0577431881013147e-01 1.6277016052768911e+01 -4.7375043801147720e+00
2.0734511513692636e-01 1.6269574398290452e+01 -4.7375043801147720e+00
2.0891591146372127e-01 1.6262132743811993e+01 -4.7375043801159027e+00
2.1048670779051615e-01 1.6254691089333534e+01 -4.7375043801159027e+00
2.1205750411731106e-01 1.6247249434855071e+01 -4.7375043801159027e+00
2.1362830044410594e-01 1.6239807780376612e+01 -4.7375043801147720e+00
2.1519909677090085e-01 1.6232366125898153e+01 -4.7375043801147720e+00
2.1676989309769573e-01 1.6224924471419694e+01 -4.7375043801170342e+00
2.1834068942449064e-01 1.6217482816941232e+01 -4.7375043801159027e+00
2.1991148575128552e-01 1.6210041162462772e+01 -4.7375043801147720e+00
2.2148228207808043e-01 1.6202599507984313e+01 -4.7375043801147720e+00
2.2305307840487532e-01 1.6195157853505854e+01 -4.7375043801159027e+00
2.2462387473167023e-01 1.6187716199027392e+01 -4.7375043801159027e+00
2.2619467105846511e-01 1.6180274544548933e+01 -4.7375043801159027e+00
2.2776546738526002e-01 1.6172832890070474e+01 -4.7375043801147720e+00
2.2933626371205490e-01 1.6165391235592015e+01 -4.7375043801147720e+00
2.3090706003884981e-01 1.6157949581113552e+01 -4.7375043801170342e+00
2.3247785636564469e-01 1.6150507926635093e+01 -4.7375043801147720e+00
2.3404865269243960e-01 1.6143066272156634e+01 -4.7375043801147303e+00
2.3561944901923451e-01 1.6135624617678175e+01 -4.7375043801159027e+00
2.3719024534602939e-01 1.6128182963199716e+01 -4.7375043801159027e+00
2.3876104167282430e-01 1.6120741308721254e+01 -4.7375043801159027e+00
2.4033183799961919e-01 1.6113299654242795e+01 -4.7375043801147720e+00
2.4190263432641410e-01 1.6105857999764336e+01 -4.7375043801147720e+00
2.4347343065320898e-01 1.6098416345285877e+01 -4.7375043801159027e+00
2.4504422698000389e-01 1.6090974690807414e+01 -4.7375043801170342e+00
2.4661502330679877e-01 1.6083533036328955e+01 -4.7375043801147720e+00
2.4818581963359368e-01 1.6076091381850496e+01 -4.7375043801147720e+00
2.4975661596038856e-01 1.6068649727372037e+01 -4.7375043801159027e+00
2.5132741228718347e-01 1.6061208072893574e+01 -4.7375043801158609e+00
2.5289820861397838e-01 1.6053766418415112e+01 -4.7375043801159453e+00
2.5446900494077324e-01 1.6046324763936653e+01 -4.7375043801148138e+00
2.5603980126756815e-01 1.6038883109458194e+01 -4.7375043801147303e+00
2.5761059759436306e-01 1.6031441454979735e+01 -4.7375043801158609e+00
2.5918139392115797e-01 1.6023999800501272e+01 -4.7375043801159453e+00
2.6075219024795282e-01 1.6016558146022813e+01 -4.7375043801148138e+00
2.6232298657474773e-01 1.6009116491544354e+01 -4.7375043801158609e+00
2.6389378290154264e-01 1.6001674837065892e+01 -4.7375043801158609e+00
2.6546457922833755e-01 1.5994233182587431e+01 -4.7375043801148138e+00
2.6703537555513240e-01 1.5986791528108972e+01 -4.7375043801159453e+00
2.6860617188192731e-01 1.5979349873630511e+01 -4.7375043801158609e+00
2.7017696820872222e-01 1.5971908219152052e+01 -4.7375043801147303e+00
2.7174776453551713e-01 1.5964466564673593e+01 -4.7375043801158609e+00
2.7331856086231204e-01 1.5957024910195132e+01 -4.7375043801148138e+00
2.7488935718910690e-01 1.5949583255716673e+01 -4.7375043801148138e+00
2.7646015351590181e-01 1.5942141601238212e+01 -4.7375043801169925e+00
2.7803094984269672e-01 1.5934699946759750e+01 -4.7375043801158609e+00
2.7960174616949163e-01 1.5927258292281289e+01 -4.7375043801148138e+00
2.8117254249628648e-01 1.5919816637802830e+01 -4.7375043801159453e+00
2.8274333882308139e-01 1.5912374983324369e+01 -4.7375043801158609e+00
2.8431413514987630e-01 1.5904933328845908e+01 -4.7375043801147303e+00
2.8588493147667121e-01 1.5897491674367448e+01 -4.7375043801159453e+00
2.8745572780346607e-01 1.5890050019888989e+01 -4.7375043801148138e+00
2.8902652413026098e-01 1.5882608365410530e+01 -4.7375043801147303e+00
2.9059732045705589e-01 1.5875166710932069e+01 -4.7375043801169925e+00
2.9216811678385080e-01 1.5867725056453606e+01 -4.7375043801159453e+00
2.9373891311064565e-01 1.5860283401975147e+01 -4.7375043801148138e+00
2.9530970943744056e-01 1.5852841747496687e+01 -4.7375043801158609e+00
2.9688050576423547e-01 1.5845400093018226e+01 -4.7375043801158609e+00
2.9845130209103038e-01 1.5837958438539765e+01 -4.7375043801148138e+00
3.0002209841782523e-01 1.5830516784061306e+01 -4.7375043801153787e+00
3.0159289474462014e-01 1.5823075129582845e+01 -4.7375043801152952e+00
3.0316369107141505e-01 1.5815633475104384e+01 -4.7375043801158609e+00
3.0473448739820996e-01 1.5808191820625924e+01 -4.7375043801158609e+00
3.0630528372500487e-01 1.5800750166147463e+01 -4.7375043801148138e+00
3.0787608005179973e-01 1.5793308511669004e+01 -4.7375043801153787e+00
3.0944687637859464e-01 1.5785866857190543e+01 -4.7375043801158609e+00
3.1101767270538955e-01 1.5778425202712082e+01 -4.7375043801158609e+00
3.1258846903218446e-01 1.5770983548233621e+01 -4.7375043801153787e+00
3.1415926535897931e-01 1.5763541893755162e+01 -4.7375043801153787e+00
3.1573006168577422e-01 1.5756100239276702e+01 -4.7375043801152952e+00
3.1730085801256913e-01 1.5748658584798241e+01 -4.7375043801158609e+00
3.1887165433936404e-01 1.5741216930319780e+01 -4.7375043801159453e+00
3.2044245066615890e-01 1.5733775275841321e+01 -4.7375043801148138e+00
3.2201324699295381e-01 1.5726333621362862e+01 -4.7375043801152952e+00
3.2358404331974872e-01 1.5718891966884401e+01 -4.7375043801158609e+00
3.2515483964654363e-01 1.5711450312405940e+01 -4.7375043801159453e+00
3.2672563597333848e-01 1.5704008657927480e+01 -4.7375043801153787e+00
3.2829643230013339e-01 1.5696567003449021e+01 -4.7375043801147303e+00
3.2986722862692830e-01 1.5689125348970562e+01 -4.7375043801152952e+00
3.3143802495372321e-01 1.5681683694492101e+01 -4.7375043801159453e+00
3.3300882128051806e-01 1.5674242040013640e+01 -4.7375043801159453e+00
3.3457961760731297e-01 1.5666800385535179e+01 -4.7375043801152952e+00
3.3615041393410788e-01 1.5659358731056720e+01 -4.7375043801152952e+00
3.3772121026090279e-01 1.5651917076578259e+01 -4.7375043801158609e+00
3.3929200658769770e-01 1.5644475422099799e+01 -4.7375043801159453e+00
3.4086280291449256e-01 1.5637033767621338e+01 -4.7375043801153787e+00
3.4243359924128747e-01 1.5629592113142879e+01 -4.7375043801147303e+00
3.4400439556808238e-01 1.5622150458664420e+01 -4.7375043801152952e+00
3.4557519189487729e-01 1.5614708804185959e+01 -4.7375043801159453e+00
3.4714598822167214e-01 1.5607267149707498e+01 -4.7375043801159453e+00
3.4871678454846705e-01 1.5599825495229037e+01 -4.7375043801152952e+00
3.5028758087526196e-01 1.5592383840750578e+01 -4.7375043801152952e+00
3.5185837720205687e-01 1.5584942186272118e+01 -4.7375043801153787e+00
3.5342917352885173e-01 1.5577500531793659e+01 -4.7375043801153787e+00
3.5499996985564664e-01 1.5570058877315198e+01 -4.7375043801158609e+00
3.5657076618244155e-01 1.5562617222836737e+01 -4.7375043801152952e+00
3.5814156250923646e-01 1.5555175568358276e+01 -4.7375043801153787e+00
3.5971235883603131e-01 1.5547733913879815e+01 -4.7375043801159453e+00
3.6128315516282622e-01 1.5540292259401355e+01 -4.7375043801158609e+00
3.6285395148962113e-01 1.5532850604922894e+01 -4.7375043801152952e+00
3.6442474781641604e-01 1.5525408950444435e+01 -4.7375043801148138e+00
3.6599554414321089e-01 1.5517967295965976e+01 -4.7375043801153787e+00
3.6756634047000580e-01 1.5510525641487515e+01 -4.7375043801158609e+00
3.6913713679680071e-01 1.5503083987009054e+01 -4.7375043801158609e+00
3.7070793312359562e-01 1.5495642332530593e+01 -4.7375043801152952e+00
3.7227872945039053e-01 1.5488200678052133e+01 -4.7375043801153787e+00
3.7384952577718539e-01 1.5480759023573674e+01 -4.7375043801153787e+00
3.7542032210398030e-01 1.5473317369095213e+01 -4.7375043801152952e+00
3.7699111843077521e-01 1.5465875714616752e+01 -4.7375043801158609e+00
3.7856191475757012e-01 1.5458434060138291e+01 -4.7375043801153787e+00
3.8013271108436497e-01 1.5450992405659832e+01 -4.7375043801153787e+00
3.8170350741115988e-01 1.5443550751181371e+01 -4.7375043801158609e+00
3.8327430373795479e-01 1.5436109096702911e+01 -4.7375043801158609e+00
3.8484510006474970e-01 1.5428667442224450e+01 -4.7375043801153787e+00
3.8641589639154456e-01 1.5421225787745991e+01 -4.7375043801153787e+00
3.8798669271833947e-01 1.5413784133267530e+01 -4.7375043801152952e+00
3.8955748904513438e-01 1.5406342478789069e+01 -4.7375043801152952e+00
3.9112828537192929e-01 1.5398900824310608e+01 -4.7375043801159453e+00
3.9269908169872414e-01 1.5391459169832148e+01 -4.7375043801153787e+00
3.9426987802551905e-01 1.5384017515353687e+01 -4.7375043801152952e+00
3.9584067435231396e-01 1.5376575860875226e+01 -4.7375043801158609e+00
3.9741147067910887e-01 1.5369134206396765e+01 -4.7375043801153787e+00
3.9898226700590372e-01 1.5361692551918306e+01 -4.7375043801153787e+00
4.0055306333269863e-01 1.5354250897439846e+01 -4.7375043801158609e+00
4.0212385965949354e-01 1.5346809242961385e+01 -4.7375043801152952e+00
4.0369465598628845e-01 1.5339367588482924e+01 -4.7375043801152952e+00
4.0526545231308336e-01 1.5331925934004463e+01 -4.7375043801153787e+00
4.0683624863987822e-01 1.5324484279526004e+01 -4.7375043801153787e+00
4.0840704496667313e-01 1.5317042625047543e+01 -4.7375043801158609e+00
4.0997784129346804e-01 1.5309600970569083e+01 -4.7375043801158609e+00
4.1154863762026295e-01 1.5302159316090622e+01 -4.7375043801153787e+00
4.1311943394705780e-01 1.5294717661612163e+01 -4.7375043801153787e+00
4.1469023027385271e-01 1.5287276007133702e+01 -4.7375043801158609e+00
4.1626102660064762e-01 1.5279834352655241e+01 -4.7375043801152952e+00
4.1783182292744253e-01 1.5272392698176780e+01 -4.7375043801153787e+00
4.1940261925423739e-01 1.5264951043698321e+01 -4.7375043801153787e+00
4.2097341558103230e-01 1.5257509389219861e+01 -4.7375043801152952e+00
4.2254421190782721e-01 1.5250067734741400e+01 -4.7375043801158609e+00
4.2411500823462212e-01 1.5242626080262939e+01 -4.7375043801153787e+00
4.2568580456141697e-01 1.5235184425784480e+01 -4.7375043801153787e+00
4.2725660088821188e-01 1.5227742771306019e+01 -4.7375043801152952e+00
4.2882739721500679e-01 1.5220301116827558e+01 -4.7375043801152952e+00
4.3039819354180170e-01 1.5212859462349098e+01 -4.7375043801159453e+00
4.3196898986859655e-01 1.5205417807870637e+01 -4.7375043801159453e+00
4.3353978619539146e-01 1.5197976153392176e+01 -4.7375043801152952e+00
4.3511058252218637e-01 1.5190534498913715e+01 -4.7375043801152952e+00
4.3668137884898128e-01 1.5183092844435254e+01 -4.7375043801158609e+00
4.3825217517577619e-01 1.5175651189956794e+01 -4.7375043801153787e+00
4.3982297150257105e-01 1.5168209535478335e+01 -4.7375043801153787e+00
4.4139376782936596e-01 1.5160767880999874e+01 -4.7375043801152952e+00
4.4296456415616087e-01 1.5153326226521413e+01 -4.7375043801152952e+00
4.4453536048295578e-01 1.5145884572042952e+01 -4.7375043801159453e+00
4.4610615680975063e-01 1.5138442917564491e+01 -4.7375043801159453e+00
4.4767695313654554e-01 1.5131001263086031e+01 -4.7375043801152952e+00
4.4924774946334045e-01 1.5123559608607572e+01 -4.7375043801147303e+00
4.5081854579013536e-01 1.5116117954129113e+01 -4.7375043801153787e+00
4.5238934211693022e-01 1.5108676299650652e+01 -4.7375043801159453e+00
4.5396013844372513e-01 1.5101234645172191e+01 -4.7375043801158609e+00
4.5553093477052004e-01 1.5093792990693730e+01 -4.7375043801152952e+00
4.5710173109731495e-01 1.5086351336215269e+01 -4.7375043801153787e+00
4.5867252742410980e-01 1.5078909681736809e+01 -4.7375043801159453e+00
4.6024332375090471e-01 1.5071468027258348e+01 -4.7375043801158609e+00
4.6181412007769962e-01 1.5064026372779887e+01 -4.7375043801152952e+00
4.6338491640449453e-01 1.5056584718301428e+01 -4.7375043801148138e+00
4.6495571273128938e-01 1.5049143063822969e+01 -4.7375043801153787e+00
4.6652650905808429e-01 1.5041701409344508e+01 -4.7375043801158609e+00
4.6809730538487920e-01 1.5034259754866047e+01 -4.7375043801158609e+00
4.6966810171167411e-01 1.5026818100387587e+01 -4.7375043801152952e+00
4.7123889803846902e-01 1.5019376445909128e+01 -4.7375043801148138e+00
4.7280969436526388e-01 1.5011934791430669e+01 -4.7375043801153787e+00
4.7438049069205879e-01 1.5004493136952208e+01 -4.7375043801158609e+00
4.7595128701885370e-01 1.4997051482473747e+01 -4.7375043801158609e+00
4.7752208334564861e-01 1.4989609827995286e+01 -4.7375043801153787e+00
4.7909287967244346e-01 1.4982168173516827e+01 -4.7375043801153787e+00
4.8066367599923837e-01 1.4974726519038366e+01 -4.7375043801158609e+00
4.8223447232603328e-01 1.4967284864559906e+01 -4.7375043801158609e+00
4.8380526865282819e-01 1.4959843210081445e+01 -4.7375043801153787e+00
4.8537606497962305e-01 1.4952401555602986e+01 -4.7375043801148138e+00
4.8694686130641796e-01 1.4944959901124527e+01 -4.7375043801152952e+00
4.8851765763321287e-01 1.4937518246646066e+01 -4.7375043801158609e+00
4.9008845396000777e-01 1.4930076592167605e+01 -4.7375043801159453e+00
4.9165925028680263e-01 1.4922634937689145e+01 -4.7375043801153787e+00
4.9323004661359754e-01 1.4915193283210684e+01 -4.7375043801152952e+00
4.9480084294039245e-01 1.4907751628732223e+01 -4.7375043801152952e+00
4.9637163926718736e-01 1.4900309974253762e+01 -4.7375043801153787e+00
4.9794243559398221e-01 1.4892868319775301e+01 -4.7375043801159453e+00
4.9951323192077712e-01 1.4885426665296841e+01 -4.7375043801152952e+00
5.0108402824757203e-01 1.4877985010818382e+01 -4.7375043801152952e+00
5.0265482457436694e-01 1.4870543356339921e+01 -4.7375043801158609e+00
5.0422562090116185e-01 1.4863101701861460e+01 -4.7375043801158609e+00
5.0579641722795676e-01 1.4855660047382999e+01 -4.7375043801152952e+00
5.0736721355475167e-01 1.4848218392904540e+01 -4.7375043801148973e+00
5.0893800988154647e-01 1.4840776738426081e+01 -4.7375043801154622e+00
5.1050880620834138e-01 1.4833335083947620e+01 -4.7375043801158609e+00
5.1207960253513629e-01 1.4825893429469160e+01 -4.7375043801158609e+00
5.1365039886193120e-01 1.4818451774990699e+01 -4.7375043801152952e+00
5.1522119518872611e-01 1.4811010120512238e+01 -4.7375043801152952e+00
5.1679199151552102e-01 1.4803568466033777e+01 -4.7375043801158609e+00
5.1836278784231593e-01 1.4796126811555316e+01 -4.7375043801152952e+00
5.1993358416911084e-01 1.4788685157076856e+01 -4.7375043801154622e+00
5.2150438049590564e-01 1.4781243502598397e+01 -4.7375043801154622e+00
5.2307517682270055e-01 1.4773801848119936e+01 -4.7375043801152952e+00
5.2464597314949546e-01 1.4766360193641475e+01 -4.7375043801158609e+00
5.2621676947629037e-01 1.4758918539163014e+01 -4.7375043801158609e+00
5.2778756580308528e-01 1.4751476884684553e+01 -4.7375043801152952e+00
5.2935836212988019e-01 1.4744035230206093e+01 -4.7375043801152952e+00
5.3092915845667510e-01 1.4736593575727632e+01 -4.7375043801158609e+00
5.3249995478347001e-01 1.4729151921249171e+01 -4.7375043801154622e+00
5.3407075111026481e-01 1.4721710266770712e+01 -4.7375043801154622e+00
5.3564154743705972e-01 1.4714268612292251e+01 -4.7375043801152952e+00
5.3721234376385463e-01 1.4706826957813792e+01 -4.7375043801152952e+00
5.3878314009064954e-01 1.4699385303335331e+01 -4.7375043801158609e+00
5.4035393641744445e-01 1.4691943648856871e+01 -4.7375043801152952e+00
5.4192473274423936e-01 1.4684501994378412e+01 -4.7375043801152952e+00
5.4349552907103427e-01 1.4677060339899951e+01 -4.7375043801158609e+00
5.4506632539782918e-01 1.4669618685421490e+01 -4.7375043801158609e+00
5.4663712172462409e-01 1.4662177030943029e+01 -4.7375043801154622e+00
5.4820791805141889e-01 1.4654735376464570e+01 -4.7375043801154622e+00
5.4977871437821380e-01 1.4647293721986109e+01 -4.7375043801152952e+00
5.5134951070500871e-01 1.4639852067507650e+01 -4.7375043801152952e+00
5.5292030703180362e-01 1.4632410413029190e+01 -4.7375043801158609e+00
5.5449110335859852e-01 1.4624968758550729e+01 -4.7375043801152952e+00
5.5606189968539343e-01 1.4617527104072268e+01 -4.7375043801152952e+00
5.5763269601218834e-01 1.4610085449593807e+01 -4.7375043801158609e+00
5.5920349233898325e-01 1.4602643795115346e+01 -4.7375043801154622e+00
5.6077428866577805e-01 1.4595202140636887e+01 -4.7375043801154622e+00
5.6234508499257296e-01 1.4587760486158427e+01 -4.7375043801152952e+00
5.6391588131936787e-01 1.4580318831679966e+01 -4.7375043801152952e+00
5.6548667764616278e-01 1.4572877177201505e+01 -4.7375043801158609e+00
5.6705747397295769e-01 1.4565435522723044e+01 -4.7375043801158609e+00
5.6862827029975260e-01 1.4557993868244584e+01 -4.7375043801152952e+00
5.7019906662654751e-01 1.4550552213766125e+01 -4.7375043801152952e+00
5.7176986295334242e-01 1.4543110559287664e+01 -4.7375043801152952e+00
5.7334065928013733e-01 1.4535668904809203e+01 -4.7375043801154622e+00
5.7491145560693213e-01 1.4528227250330742e+01 -4.7375043801160279e+00
5.7648225193372704e-01 1.4520785595852281e+01 -4.7375043801152952e+00
5.7805304826052195e-01 1.4513343941373822e+01 -4.7375043801152952e+00
5.7962384458731686e-01 1.4505902286895362e+01 -4.7375043801158609e+00
5.8119464091411177e-01 1.4498460632416901e+01 -4.7375043801158609e+00
5.8276543724090668e-01 1.4491018977938440e+01 -4.7375043801152952e+00
5.8433623356770159e-01 1.4483577323459981e+01 -4.7375043801147303e+00
5.8590702989449650e-01 1.4476135668981522e+01 -4.7375043801154622e+00
5.8747782622129130e-01 1.4468694014503061e+01 -4.7375043801160279e+00
5.8904862254808621e-01 1.4461252360024600e+01 -4.7375043801158609e+00
5.9061941887488112e-01 1.4453810705546140e+01 -4.7375043801152952e+00
5.9219021520167603e-01 1.4446369051067681e+01 -4.7375043801147303e+00
5.9376101152847094e-01 1.4438927396589222e+01 -4.7375043801152952e+00
5.9533180785526585e-01 1.4431485742110761e+01 -4.7375043801158609e+00
5.9690260418206076e-01 1.4424044087632300e+01 -4.7375043801158609e+00
5.9847340050885567e-01 1.4416602433153839e+01 -4.7375043801154622e+00
6.0004419683565047e-01 1.4409160778675380e+01 -4.7375043801154622e+00
6.0161499316244538e-01 1.4401719124196919e+01 -4.7375043801158609e+00
6.0318578948924029e-01 1.4394277469718459e+01 -4.7375043801158609e+00
6.0475658581603520e-01 1.4386835815239998e+01 -4.7375043801152952e+00
6.0632738214283011e-01 1.4379394160761539e+01 -4.7375043801147303e+00
6.0789817846962502e-01 1.4371952506283080e+01 -4.7375043801152952e+00
6.0946897479641993e-01 1.4364510851804619e+01 -4.7375043801158609e+00
6.1103977112321484e-01 1.4357069197326158e+01 -4.7375043801158609e+00
6.1261056745000975e-01 1.4349627542847697e+01 -4.7375043801154622e+00
6.1418136377680455e-01 1.4342185888369238e+01 -4.7375043801148973e+00
6.1575216010359946e-01 1.4334744233890779e+01 -4.7375043801152952e+00
6.1732295643039437e-01 1.4327302579412319e+01 -4.7375043801158609e+00
6.1889375275718927e-01 1.4319860924933858e+01 -4.7375043801158609e+00
6.2046454908398418e-01 1.4312419270455397e+01 -4.7375043801152952e+00
6.2203534541077909e-01 1.4304977615976938e+01 -4.7375043801152952e+00
6.2360614173757400e-01 1.4297535961498477e+01 -4.7375043801158609e+00
6.2517693806436891e-01 1.4290094307020016e+01 -4.7375043801160279e+00
6.2674773439116371e-01 1.4282652652541556e+01 -4.7375043801154622e+00
6.2831853071795862e-01 1.4275210998063097e+01 -4.7375043801147303e+00
6.2988932704475353e-01 1.4267769343584638e+01 -4.7375043801152952e+00
6.3146012337154844e-01 1.4260327689106177e+01 -4.7375043801158609e+00
6.3303091969834335e-01 1.4252886034627716e+01 -4.7375043801158609e+00
6.3460171602513826e-01 1.4245444380149255e+01 -4.7375043801152952e+00
6.3617251235193317e-01 1.4238002725670794e+01 -4.7375043801152952e+00
6.3774330867872808e-01 1.4230561071192334e+01 -4.7375043801158609e+00
6.3931410500552299e-01 1.4223119416713873e+01 -4.7375043801154622e+00
6.4088490133231779e-01 1.4215677762235414e+01 -4.7375043801154622e+00
6.4245569765911270e-01 1.4208236107756953e+01 -4.7375043801152952e+00
6.4402649398590761e-01 1.4200794453278492e+01 -4.7375043801152952e+00
6.4559729031270252e-01 1.4193352798800031e+01 -4.7375043801158609e+00
6.4716808663949743e-01 1.4185911144321571e+01 -4.7375043801158609e+00
6.4873888296629234e-01 1.4178469489843110e+01 -4.7375043801152952e+00
6.5030967929308725e-01 1.4171027835364649e+01 -4.7375043801152952e+00
6.5188047561988216e-01 1.4163586180886188e+01 -4.7375043801154622e+00
6.5345127194667696e-01 1.4156144526407727e+01 -4.7375043801160279e+00
6.5502206827347187e-01 1.4148702871929267e+01 -4.7375043801158609e+00
6.5659286460026678e-01 1.4141261217450808e+01 -4.7375043801147303e+00
6.5816366092706169e-01 1.4133819562972349e+01 -4.7375043801152952e+00
6.5973445725385660e-01 1.4126377908493888e+01 -4.7375043801158609e+00
6.6130525358065151e-01 1.4118936254015427e+01 -4.7375043801152952e+00
6.6287604990744642e-01 1.4111494599536968e+01 -4.7375043801152952e+00
6.6444684623424133e-01 1.4104052945058507e+01 -4.7375043801154622e+00
6.6601764256103613e-01 1.4096611290580048e+01 -4.7375043801154622e+00
6.6758843888783104e-01 1.4089169636101587e+01 -4.7375043801158609e+00
6.6915923521462595e-01 1.4081727981623127e+01 -4.7375043801158609e+00
6.7073003154142086e-01 1.4074286327144666e+01 -4.7375043801152952e+00
6.7230082786821577e-01 1.4066844672666207e+01 -4.7375043801152952e+00
6.7387162419501068e-01 1.4059403018187746e+01 -4.7375043801158609e+00
6.7544242052180559e-01 1.4051961363709285e+01 -4.7375043801152952e+00
6.7701321684860050e-01 1.4044519709230826e+01 -4.7375043801147303e+00
6.7858401317539541e-01 1.4037078054752367e+01 -4.7375043801154622e+00
6.8015480950219021e-01 1.4029636400273906e+01 -4.7375043801160279e+00
6.8172560582898512e-01 1.4022194745795446e+01 -4.7375043801158609e+00
6.8329640215578002e-01 1.4014753091316985e+01 -4.7375043801158609e+00
6.8486719848257493e-01 1.4007311436838524e+01 -4.7375043801152952e+00
6.8643799480936984e-01 1.3999869782360065e+01 -4.7375043801152952e+00
6.8800879113616475e-01 1.3992428127881604e+01 -4.7375043801158609e+00
6.8957958746295966e-01 1.3984986473403143e+01 -4.7375043801152952e+00
6.9115038378975457e-01 1.3977544818924684e+01 -4.7375043801148973e+00
6.9272118011654937e-01 1.3970103164446225e+01 -4.7375043801154622e+00
6.9429197644334428e-01 1.3962661509967765e+01 -4.7375043801158609e+00
6.9586277277013919e-01 1.3955219855489304e+01 -4.7375043801158609e+00
6.9743356909693410e-01 1.3947778201010843e+01 -4.7375043801158609e+00
6.9900436542372901e-01 1.3940336546532382e+01 -4.7375043801152952e+00
7.0057516175052392e-01 1.3932894892053923e+01 -4.7375043801147303e+00
7.0214595807731883e-01 1.3925453237575464e+01 -4.7375043801158609e+00
7.0371675440411374e-01 1.3918011583097003e+01 -4.7375043801158609e+00
7.0528755073090865e-01 1.3910569928618543e+01 -4.7375043801148973e+00
7.0685834705770345e-01 1.3903128274140084e+01 -4.7375043801154622e+00
7.0842914338449836e-01 1.3895686619661623e+01 -4.7375043801158609e+00
7.0999993971129327e-01 1.3888244965183162e+01 -4.7375043801152952e+00
7.1157073603808818e-01 1.3880803310704703e+01 -4.7375043801152952e+00
7.1314153236488309e-01 1.3873361656226242e+01 -4.7375043801158609e+00
7.1471232869167800e-01 1.3865920001747781e+01 -4.7375043801152952e+00
7.1628312501847291e-01 1.3858478347269321e+01 -4.7375043801158609e+00
7.1785392134526782e-01 1.3851036692790860e+01 -4.7375043801160279e+00
7.1942471767206262e-01 1.3843595038312401e+01 -4.7375043801148973e+00
7.2099551399885753e-01 1.3836153383833942e+01 -4.7375043801147303e+00
7.2256631032565244e-01 1.3828711729355481e+01 -4.7375043801158609e+00
7.2413710665244735e-01 1.3821270074877020e+01 -4.7375043801158609e+00
7.2570790297924226e-01 1.3813828420398560e+01 -4.7375043801152952e+00
7.2727869930603717e-01 1.3806386765920099e+01 -4.7375043801158609e+00
7.2884949563283208e-01 1.3798945111441638e+01 -4.7375043801152952e+00
7.3042029195962699e-01 1.3791503456963177e+01 -4.7375043801154622e+00
7.3199108828642179e-01 1.3784061802484716e+01 -4.7375043801160279e+00
7.3356188461321670e-01 1.3776620148006256e+01 -4.7375043801152952e+00
7.3513268094001161e-01 1.3769178493527797e+01 -4.7375043801147303e+00
7.3670347726680652e-01 1.3761736839049338e+01 -4.7375043801158609e+00
7.3827427359360143e-01 1.3754295184570877e+01 -4.7375043801158609e+00
7.3984506992039634e-01 1.3746853530092416e+01 -4.7375043801152952e+00
7.4141586624719125e-01 1.3739411875613957e+01 -4.7375043801152952e+00
7.4298666257398616e-01 1.3731970221135496e+01 -4.7375043801152952e+00
7.4455745890078107e-01 1.3724528566657035e+01 -4.7375043801154622e+00
7.4612825522757587e-01 1.3717086912178575e+01 -4.7375043801160279e+00
7.4769905155437077e-01 1.3709645257700114e+01 -4.7375043801158609e+00
7.4926984788116568e-01 1.3702203603221655e+01 -4.7375043801147303e+00
7.5084064420796059e-01 1.3694761948743194e+01 -4.7375043801158609e+00
7.5241144053475550e-01 1.3687320294264733e+01 -4.7375043801158609e+00
7.5398223686155041e-01 1.3679878639786274e+01 -4.7375043801147303e+00
7.5555303318834532e-01 1.3672436985307815e+01 -4.7375043801152952e+00
7.5712382951514023e-01 1.3664995330829354e+01 -4.7375043801160279e+00
7.5869462584193503e-01 1.3657553676350894e+01 -4.7375043801154622e+00
7.6026542216872994e-01 1.3650112021872433e+01 -4.7375043801158609e+00
7.6183621849552485e-01 1.3642670367393972e+01 -4.7375043801158609e+00
7.6340701482231976e-01 1.3635228712915513e+01 -4.7375043801147303e+00
7.6497781114911467e-01 1.3627787058437054e+01 -4.7375043801152952e+00
7.6654860747590958e-01 1.3620345403958593e+01 -4.7375043801158609e+00
7.6811940380270449e-01 1.3612903749480132e+01 -4.7375043801152952e+00
7.6969020012949940e-01 1.3605462095001673e+01 -4.7375043801152952e+00
7.7126099645629431e-01 1.3598020440523213e+01 -4.7375043801160279e+00
7.7283179278308911e-01 1.3590578786044752e+01 -4.7375043801154622e+00
7.7440258910988402e-01 1.3583137131566291e+01 -4.7375043801158609e+00
7.7597338543667893e-01 1.3575695477087830e+01 -4.7375043801158609e+00
7.7754418176347384e-01 1.3568253822609369e+01 -4.7375043801147303e+00
7.7911497809026875e-01 1.3560812168130910e+01 -4.7375043801152952e+00
7.8068577441706366e-01 1.3553370513652450e+01 -4.7375043801158609e+00
7.8225657074385857e-01 1.3545928859173989e+01 -4.7375043801152952e+00
7.8382736707065348e-01 1.3538487204695528e+01 -4.7375043801154622e+00
7.8539816339744828e-01 1.3531045550217069e+01 -4.7375043801154622e+00
7.8696895972424319e-01 1.3523603895738608e+01 -4.7375043801152952e+00
7.8853975605103810e-01 1.3516162241260147e+01 -4.7375043801158609e+00
7.9011055237783301e-01 1.3508720586781687e+01 -4.7375043801158609e+00
7.9168134870462792e-01 1.3501278932303226e+01 -4.7375043801152952e+00
7.9325214503142283e-01 1.3493837277824767e+01 -4.7375043801152952e+00
7.9482294135821774e-01 1.3486395623346306e+01 -4.7375043801158609e+00
7.9639373768501265e-01 1.3478953968867845e+01 -4.7375043801154622e+00
7.9796453401180745e-01 1.3471512314389386e+01 -4.7375043801148973e+00
7.9953533033860236e-01 1.3464070659910927e+01 -4.7375043801152952e+00
8.0110612666539727e-01 1.3456629005432466e+01 -4.7375043801158609e+00
8.0267692299219218e-01 1.3449187350954006e+01 -4.7375043801158609e+00
8.0424771931898709e-01 1.3441745696475545e+01 -4.7375043801158609e+00
8.0581851564578200e-01 1.3434304041997084e+01 -4.7375043801152952e+00
8.0738931197257691e-01 1.3426862387518625e+01 -4.7375043801152952e+00
8.0896010829937182e-01 1.3419420733040164e+01 -4.7375043801158609e+00
8.1053090462616673e-01 1.3411979078561703e+01 -4.7375043801154622e+00
8.1210170095296152e-01 1.3404537424083244e+01 -4.7375043801148973e+00
8.1367249727975643e-01 1.3397095769604785e+01 -4.7375043801152952e+00
8.1524329360655134e-01 1.3389654115126325e+01 -4.7375043801158609e+00
8.1681408993334625e-01 1.3382212460647864e+01 -4.7375043801158609e+00
8.1838488626014116e-01 1.3374770806169403e+01 -4.7375043801158609e+00
8.1995568258693607e-01 1.3367329151690942e+01 -4.7375043801152952e+00
8.2152647891373098e-01 1.3359887497212483e+01 -4.7375043801147303e+00
8.2309727524052589e-01 1.3352445842734024e+01 -4.7375043801154622e+00
8.2466807156732069e-01 1.3345004188255563e+01 -4.7375043801160279e+00
8.2623886789411560e-01 1.3337562533777103e+01 -4.7375043801152952e+00
8.2780966422091051e-01 1.3330120879298642e+01 -4.7375043801152952e+00
8.2938046054770542e-01 1.3322679224820181e+01 -4.7375043801158609e+00
8.3095125687450033e-01 1.3315237570341720e+01 -4.7375043801158609e+00
8.3252205320129524e-01 1.3307795915863259e+01 -4.7375043801152952e+00
8.3409284952809015e-01 1.3300354261384799e+01 -4.7375043801152952e+00
8.3566364585488506e-01 1.3292912606906338e+01 -4.7375043801154622e+00
8.3723444218167986e-01 1.3285470952427879e+01 -4.7375043801154622e+00
8.3880523850847477e-01 1.3278029297949418e+01 -4.7375043801158609e+00
8.4037603483526968e-01 1.3270587643470957e+01 -4.7375043801152952e+00
8.4194683116206459e-01 1.3263145988992498e+01 -4.7375043801147303e+00
8.4351762748885950e-01 1.3255704334514039e+01 -4.7375043801158609e+00
8.4508842381565441e-01 1.3248262680035578e+01 -4.7375043801158609e+00
8.4665922014244932e-01 1.3240821025557118e+01 -4.7375043801152952e+00
8.4823001646924423e-01 1.3233379371078657e+01 -4.7375043801158609e+00
8.4980081279603914e-01 1.3225937716600196e+01 -4.7375043801154622e+00
8.5137160912283394e-01 1.3218496062121737e+01 -4.7375043801154622e+00
8.5294240544962885e-01 1.3211054407643276e+01 -4.7375043801158609e+00
8.5451320177642376e-01 1.3203612753164816e+01 -4.7375043801152952e+00
8.5608399810321867e-01 1.3196171098686357e+01 -4.7375043801147303e+00
8.5765479443001358e-01 1.3188729444207898e+01 -4.7375043801158609e+00
8.5922559075680849e-01 1.3181287789729437e+01 -4.7375043801158609e+00
8.6079638708360340e-01 1.3173846135250976e+01 -4.7375043801152952e+00
8.6236718341039831e-01 1.3166404480772515e+01 -4.7375043801160279e+00
8.6393797973719311e-01 1.3158962826294054e+01 -4.7375043801154622e+00
8.6550877606398802e-01 1.3151521171815595e+01 -4.7375043801147303e+00
8.6707957239078293e-01 1.3144079517337135e+01 -4.7375043801158609e+00
8.6865036871757784e-01 1.3136637862858674e+01 -4.7375043801158609e+00
8.7022116504437275e-01 1.3129196208380215e+01 -4.7375043801147303e+00
8.7179196137116766e-01 1.3121754553901756e+01 -4.7375043801158609e+00
8.7336275769796257e-01 1.3114312899423295e+01 -4.7375043801158609e+00
8.7493355402475748e-01 1.3106871244944834e+01 -4.7375043801152952e+00
8.7650435035155239e-01 1.3099429590466373e+01 -4.7375043801154622e+00
8.7807514667834718e-01 1.3091987935987914e+01 -4.7375043801154622e+00
8.7964594300514209e-01 1.3084546281509454e+01 -4.7375043801152952e+00
8.8121673933193700e-01 1.3077104627030993e+01 -4.7375043801158609e+00
8.8278753565873191e-01 1.3069662972552532e+01 -4.7375043801158609e+00
8.8435833198552682e-01 1.3062221318074073e+01 -4.7375043801147303e+00
8.8592912831232173e-01 1.3054779663595614e+01 -4.7375043801152952e+00
8.8749992463911664e-01 1.3047338009117153e+01 -4.7375043801158609e+00
8.8907072096591155e-01 1.3039896354638692e+01 -4.7375043801154622e+00
8.9064151729270635e-01 1.3032454700160233e+01 -4.7375043801154622e+00
8.9221231361950126e-01 1.3025013045681773e+01 -4.7375043801158609e+00
8.9378310994629617e-01 1.3017571391203312e+01 -4.7375043801152952e+00
8.9535390627309108e-01 1.3010129736724851e+01 -4.7375043801158609e+00
8.9692470259988599e-01 1.3002688082246390e+01 -4.7375043801158609e+00
8.9849549892668090e-01 1.2995246427767929e+01 -4.7375043801147303e+00
9.0006629525347581e-01 1.2987804773289470e+01 -4.7375043801152952e+00
9.0163709158027072e-01 1.2980363118811010e+01 -4.7375043801160279e+00
9.0320788790706552e-01 1.2972921464332549e+01 -4.7375043801154622e+00
9.0477868423386043e-01 1.2965479809854088e+01 -4.7375043801152952e+00
9.0634948056065534e-01 1.2958038155375627e+01 -4.7375043801158609e+00
9.0792027688745025e-01 1.2950596500897166e+01 -4.7375043801152952e+00
9.0949107321424516e-01 1.2943154846418707e+01 -4.7375043801152952e+00
9.1106186954104007e-01 1.2935713191940247e+01 -4.7375043801158609e+00
9.1263266586783498e-01 1.2928271537461786e+01 -4.7375043801152952e+00
9.1420346219462989e-01 1.2920829882983327e+01 -4.7375043801152952e+00
9.1577425852142480e-01 1.2913388228504866e+01 -4.7375043801160279e+00
9.1734505484821960e-01 1.2905946574026405e+01 -4.7375043801154622e+00
9.1891585117501451e-01 1.2898504919547946e+01 -4.7375043801147303e+00
9.2048664750180942e-01 1.2891063265069487e+01 -4.7375043801152952e+00
9.2205744382860433e-01 1.2883621610591026e+01 -4.7375043801158609e+00
9.2362824015539924e-01 1.2876179956112566e+01 -4.7375043801158609e+00
9.2519903648219415e-01 1.2868738301634105e+01 -4.7375043801158609e+00
9.2676983280898906e-01 1.2861296647155644e+01 -4.7375043801152952e+00
9.2834062913578397e-01 1.2853854992677185e+01 -4.7375043801148973e+00
9.2991142546257877e-01 1.2846413338198726e+01 -4.7375043801154622e+00
9.3148222178937368e-01 1.2838971683720265e+01 -4.7375043801158609e+00
9.3305301811616859e-01 1.2831530029241804e+01 -4.7375043801152952e+00
9.3462381444296350e-01 1.2824088374763345e+01 -4.7375043801152952e+00
9.3619461076975841e-01 1.2816646720284885e+01 -4.7375043801158609e+00
9.3776540709655332e-01 1.2809205065806424e+01 -4.7375043801158609e+00
9.3933620342334823e-01 1.2801763411327963e+01 -4.7375043801158609e+00
9.4090699975014314e-01 1.2794321756849502e+01 -4.7375043801152952e+00
9.4247779607693805e-01 1.2786880102371043e+01 -4.7375043801148973e+00
9.4404859240373284e-01 1.2779438447892584e+01 -4.7375043801154622e+00
9.4561938873052775e-01 1.2771996793414123e+01 -4.7375043801158609e+00
9.4719018505732266e-01 1.2764555138935663e+01 -4.7375043801152952e+00
9.4876098138411757e-01 1.2757113484457202e+01 -4.7375043801152952e+00
9.5033177771091248e-01 1.2749671829978741e+01 -4.7375043801158609e+00
9.5190257403770739e-01 1.2742230175500280e+01 -4.7375043801158609e+00
9.5347337036450230e-01 1.2734788521021819e+01 -4.7375043801152952e+00
9.5504416669129721e-01 1.2727346866543359e+01 -4.7375043801154622e+00
9.5661496301809201e-01 1.2719905212064900e+01 -4.7375043801154622e+00
9.5818575934488692e-01 1.2712463557586439e+01 -4.7375043801152952e+00
9.5975655567168183e-01 1.2705021903107978e+01 -4.7375043801158609e+00
9.6132735199847674e-01 1.2697580248629517e+01 -4.7375043801152952e+00
9.6289814832527165e-01 1.2690138594151058e+01 -4.7375043801147303e+00
9.6446894465206656e-01 1.2682696939672599e+01 -4.7375043801158609e+00
9.6603974097886147e-01 1.2675255285194138e+01 -4.7375043801158609e+00
9.6761053730565638e-01 1.2667813630715678e+01 -4.7375043801154622e+00
9.6918133363245118e-01 1.2660371976237217e+01 -4.7375043801160279e+00
9.7075212995924609e-01 1.2652930321758756e+01 -4.7375043801152952e+00
9.7232292628604100e-01 1.2645488667280297e+01 -4.7375043801152952e+00
9.7389372261283591e-01 1.2638047012801836e+01 -4.7375043801158609e+00
9.7546451893963082e-01 1.2630605358323375e+01 -4.7375043801152952e+00
9.7703531526642573e-01 1.2623163703844916e+01 -4.7375043801147303e+00
9.7860611159322064e-01 1.2615722049366457e+01 -4.7375043801158609e+00
9.8017690792001555e-01 1.2608280394887997e+01 -4.7375043801158609e+00
9.8174770424681046e-01 1.2600838740409536e+01 -4.7375043801154622e+00
9.8331850057360526e-01 1.2593397085931075e+01 -4.7375043801160279e+00
9.8488929690040017e-01 1.2585955431452614e+01 -4.7375043801152952e+00
9.8646009322719508e-01 1.2578513776974155e+01 -4.7375043801147303e+00
9.8803088955398999e-01 1.2571072122495695e+01 -4.7375043801158609e+00
9.8960168588078490e-01 1.2563630468017234e+01 -4.7375043801158609e+00
9.9117248220757981e-01 1.2556188813538775e+01 -4.7375043801147303e+00
9.9274327853437472e-01 1.2548747159060314e+01 -4.7375043801158609e+00
9.9431407486116963e-01 1.2541305504581853e+01 -4.7375043801160279e+00
9.9588487118796443e-01 1.2533863850103392e+01 -4.7375043801154622e+00
9.9745566751475934e-01 1.2526422195624932e+01 -4.7375043801152952e+00
9.9902646384155425e-01 1.2518980541146473e+01 -4.7375043801151273e+00
1.0005972601683493e+00 1.2511538886668012e+01 -4.7375043801152952e+00
1.0021680564951441e+00 1.2504097232189553e+01 -4.7375043801156300e+00
1.0037388528219389e+00 1.2496655577711092e+01 -4.7375043801158609e+00
1.0053096491487339e+00 1.2489213923232631e+01 -4.7375043801152952e+00
1.0068804454755287e+00 1.2481772268754172e+01 -4.7375043801158609e+00
1.0084512418023237e+00 1.2474330614275711e+01 -4.7375043801158609e+00
1.0100220381291185e+00 1.2466888959797252e+01 -4.7375043801147303e+00
1.0115928344559135e+00 1.2459447305318792e+01 -4.7375043801152952e+00
1.0131636307827083e+00 1.2452005650840333e+01 -4.7375043801158609e+00
1.0147344271095033e+00 1.2444563996361872e+01 -4.7375043801152952e+00
1.0163052234362981e+00 1.2437122341883413e+01 -4.7375043801156300e+00
1.0178760197630929e+00 1.2429680687404952e+01 -4.7375043801158609e+00
1.0194468160898880e+00 1.2422239032926491e+01 -4.7375043801152952e+00
1.0210176124166828e+00 1.2414797378448032e+01 -4.7375043801152952e+00
1.0225884087434778e+00 1.2407355723969571e+01 -4.7375043801158609e+00
1.0241592050702726e+00 1.2399914069491112e+01 -4.7375043801152952e+00
1.0257300013970676e+00 1.2392472415012652e+01 -4.7375043801152952e+00
1.0273007977238624e+00 1.2385030760534191e+01 -4.7375043801161949e+00
1.0288715940506572e+00 1.2377589106055730e+01 -4.7375043801152952e+00
1.0304423903774522e+00 1.2370147451577269e+01 -4.7375043801147303e+00
1.0320131867042470e+00 1.2362705797098810e+01 -4.7375043801158609e+00
1.0335839830310420e+00 1.2355264142620349e+01 -4.7375043801158609e+00
1.0351547793578368e+00 1.2347822488141890e+01 -4.7375043801152952e+00
1.0367255756846319e+00 1.2340380833663430e+01 -4.7375043801158609e+00
1.0382963720114267e+00 1.2332939179184971e+01 -4.7375043801152952e+00
1.0398671683382217e+00 1.2325497524706510e+01 -4.7375043801152952e+00
1.0414379646650165e+00 1.2318055870228051e+01 -4.7375043801156300e+00
1.0430087609918113e+00 1.2310614215749592e+01 -4.7375043801152952e+00
1.0445795573186063e+00 1.2303172561271131e+01 -4.7375043801152952e+00
1.0461503536454011e+00 1.2295730906792672e+01 -4.7375043801158609e+00
1.0477211499721961e+00 1.2288289252314211e+01 -4.7375043801158609e+00
1.0492919462989909e+00 1.2280847597835752e+01 -4.7375043801152952e+00
1.0508627426257859e+00 1.2273405943357291e+01 -4.7375043801158609e+00
1.0524335389525807e+00 1.2265964288878832e+01 -4.7375043801152952e+00
1.0540043352793758e+00 1.2258522634400371e+01 -4.7375043801147303e+00
1.0555751316061706e+00 1.2251080979921912e+01 -4.7375043801156300e+00
1.0571459279329654e+00 1.2243639325443452e+01 -4.7375043801158609e+00
1.0587167242597604e+00 1.2236197670964991e+01 -4.7375043801152952e+00
1.0602875205865552e+00 1.2228756016486532e+01 -4.7375043801158609e+00
1.0618583169133502e+00 1.2221314362008071e+01 -4.7375043801158609e+00
1.0634291132401450e+00 1.2213872707529612e+01 -4.7375043801147303e+00
1.0649999095669400e+00 1.2206431053051151e+01 -4.7375043801152952e+00
1.0665707058937348e+00 1.2198989398572690e+01 -4.7375043801161949e+00
1.0681415022205296e+00 1.2191547744094230e+01 -4.7375043801152952e+00
1.0697122985473246e+00 1.2184106089615769e+01 -4.7375043801152952e+00
1.0712830948741194e+00 1.2176664435137310e+01 -4.7375043801158609e+00
1.0728538912009145e+00 1.2169222780658849e+01 -4.7375043801152952e+00
1.0744246875277093e+00 1.2161781126180390e+01 -4.7375043801152952e+00
1.0759954838545043e+00 1.2154339471701929e+01 -4.7375043801158609e+00
1.0775662801812991e+00 1.2146897817223470e+01 -4.7375043801152952e+00
1.0791370765080941e+00 1.2139456162745009e+01 -4.7375043801152952e+00
1.0807078728348889e+00 1.2132014508266549e+01 -4.7375043801161949e+00
1.0822786691616837e+00 1.2124572853788088e+01 -4.7375043801152952e+00
1.0838494654884787e+00 1.2117131199309627e+01 -4.7375043801147303e+00
1.0854202618152735e+00 1.2109689544831168e+01 -4.7375043801158609e+00
1.0869910581420685e+00 1.2102247890352707e+01 -4.7375043801158609e+00
1.0885618544688633e+00 1.2094806235874248e+01 -4.7375043801152952e+00
1.0901326507956584e+00 1.2087364581395788e+01 -4.7375043801158609e+00
1.0917034471224532e+00 1.2079922926917328e+01 -4.7375043801152952e+00
1.0932742434492482e+00 1.2072481272438868e+01 -4.7375043801152952e+00
1.0948450397760430e+00 1.2065039617960409e+01 -4.7375043801156300e+00
1.0964158361028378e+00 1.2057597963481950e+01 -4.7375043801152952e+00
1.0979866324296328e+00 1.2050156309003489e+01 -4.7375043801152952e+00
1.0995574287564276e+00 1.2042714654525030e+01 -4.7375043801158609e+00
1.1011282250832226e+00 1.2035273000046569e+01 -4.7375043801158609e+00
1.1026990214100174e+00 1.2027831345568110e+01 -4.7375043801152952e+00
1.1042698177368124e+00 1.2020389691089649e+01 -4.7375043801158609e+00
1.1058406140636072e+00 1.2012948036611190e+01 -4.7375043801152952e+00
1.1074114103904023e+00 1.2005506382132729e+01 -4.7375043801147303e+00
1.1089822067171970e+00 1.1998064727654270e+01 -4.7375043801156300e+00
1.1105530030439918e+00 1.1990623073175810e+01 -4.7375043801158609e+00
1.1121237993707869e+00 1.1983181418697349e+01 -4.7375043801152952e+00
1.1136945956975817e+00 1.1975739764218890e+01 -4.7375043801158609e+00
1.1152653920243767e+00 1.1968298109740429e+01 -4.7375043801158609e+00
1.1168361883511715e+00 1.1960856455261970e+01 -4.7375043801152952e+00
1.1184069846779665e+00 1.1953414800783509e+01 -4.7375043801152952e+00
1.1199777810047613e+00 1.1945973146305050e+01 -4.7375043801156300e+00
1.1215485773315561e+00 1.1938531491826591e+01 -4.7375043801152952e+00
1.1231193736583511e+00 1.1931089837348130e+01 -4.7375043801152952e+00
1.1246901699851459e+00 1.1923648182869671e+01 -4.7375043801158609e+00
1.1262609663119409e+00 1.1916206528391211e+01 -4.7375043801152952e+00
1.1278317626387357e+00 1.1908764873912752e+01 -4.7375043801158609e+00
1.1294025589655308e+00 1.1901323219434291e+01 -4.7375043801158609e+00
1.1309733552923256e+00 1.1893881564955832e+01 -4.7375043801147303e+00
1.1325441516191206e+00 1.1886439910477371e+01 -4.7375043801152952e+00
1.1341149479459154e+00 1.1878998255998910e+01 -4.7375043801161949e+00
1.1356857442727102e+00 1.1871556601520449e+01 -4.7375043801152952e+00
1.1372565405995052e+00 1.1864114947041989e+01 -4.7375043801152952e+00
1.1388273369263000e+00 1.1856673292563530e+01 -4.7375043801158609e+00
1.1403981332530950e+00 1.1849231638085069e+01 -4.7375043801152952e+00
1.1419689295798898e+00 1.1841789983606610e+01 -4.7375043801152952e+00
1.1435397259066848e+00 1.1834348329128149e+01 -4.7375043801158609e+00
1.1451105222334796e+00 1.1826906674649690e+01 -4.7375043801152952e+00
1.1466813185602747e+00 1.1819465020171229e+01 -4.7375043801152952e+00
1.1482521148870695e+00 1.1812023365692768e+01 -4.7375043801161949e+00
1.1498229112138643e+00 1.1804581711214308e+01 -4.7375043801152952e+00
1.1513937075406593e+00 1.1797140056735847e+01 -4.7375043801147303e+00
1.1529645038674541e+00 1.1789698402257388e+01 -4.7375043801158609e+00
1.1545353001942491e+00 1.1782256747778927e+01 -4.7375043801158609e+00
1.1561060965210439e+00 1.1774815093300468e+01 -4.7375043801152952e+00
1.1576768928478389e+00 1.1767373438822007e+01 -4.7375043801158609e+00
1.1592476891746337e+00 1.1759931784343546e+01 -4.7375043801156300e+00
1.1608184855014285e+00 1.1752490129865087e+01 -4.7375043801152952e+00
1.1623892818282235e+00 1.1745048475386627e+01 -4.7375043801152952e+00
1.1639600781550183e+00 1.1737606820908168e+01 -4.7375043801152952e+00
1.1655308744818134e+00 1.1730165166429707e+01 -4.7375043801152952e+00
1.1671016708086082e+00 1.1722723511951248e+01 -4.7375043801158609e+00
1.1686724671354032e+00 1.1715281857472787e+01 -4.7375043801158609e+00
1.1702432634621980e+00 1.1707840202994328e+01 -4.7375043801152952e+00
1.1718140597889930e+00 1.1700398548515867e+01 -4.7375043801158609e+00
1.1733848561157878e+00 1.1692956894037406e+01 -4.7375043801156300e+00
1.1749556524425826e+00 1.1685515239558947e+01 -4.7375043801147303e+00
1.1765264487693776e+00 1.1678073585080487e+01 -4.7375043801152952e+00
1.1780972450961724e+00 1.1670631930602028e+01 -4.7375043801158609e+00
1.1796680414229674e+00 1.1663190276123567e+01 -4.7375043801152952e+00
1.1812388377497622e+00 1.1655748621645108e+01 -4.7375043801158609e+00
1.1828096340765573e+00 1.1648306967166647e+01 -4.7375043801158609e+00
1.1843804304033521e+00 1.1640865312688188e+01 -4.7375043801152952e+00
1.1859512267301471e+00 1.1633423658209727e+01 -4.7375043801152952e+00
1.1875220230569419e+00 1.1625982003731268e+01 -4.7375043801156300e+00
1.1890928193837367e+00 1.1618540349252809e+01 -4.7375043801152952e+00
1.1906636157105317e+00 1.1611098694774348e+01 -4.7375043801152952e+00
1.1922344120373265e+00 1.1603657040295889e+01 -4.7375043801158609e+00
1.1938052083641215e+00 1.1596215385817429e+01 -4.7375043801152952e+00
1.1953760046909163e+00 1.1588773731338970e+01 -4.7375043801152952e+00
1.1969468010177113e+00 1.1581332076860509e+01 -4.7375043801158609e+00
1.1985175973445061e+00 1.1573890422382048e+01 -4.7375043801156300e+00
1.2000883936713009e+00 1.1566448767903589e+01 -4.7375043801152952e+00
1.2016591899980960e+00 1.1559007113425128e+01 -4.7375043801158609e+00
1.2032299863248908e+00 1.1551565458946669e+01 -4.7375043801152952e+00
1.2048007826516858e+00 1.1544123804468208e+01 -4.7375043801152952e+00
1.2063715789784806e+00 1.1536682149989749e+01 -4.7375043801158609e+00
1.2079423753052756e+00 1.1529240495511289e+01 -4.7375043801152952e+00
1.2095131716320704e+00 1.1521798841032830e+01 -4.7375043801152952e+00
1.2110839679588654e+00 1.1514357186554369e+01 -4.7375043801158609e+00
1.2126547642856602e+00 1.1506915532075908e+01 -4.7375043801156300e+00
1.2142255606124550e+00 1.1499473877597449e+01 -4.7375043801152952e+00
1.2157963569392500e+00 1.1492032223118988e+01 -4.7375043801158609e+00
1.2173671532660448e+00 1.1484590568640529e+01 -4.7375043801152952e+00
1.2189379495928399e+00 1.1477148914162068e+01 -4.7375043801147303e+00
1.2205087459196347e+00 1.1469707259683609e+01 -4.7375043801158609e+00
1.2220795422464297e+00 1.1462265605205149e+01 -4.7375043801158609e+00
1.2236503385732245e+00 1.1454823950726690e+01 -4.7375043801152952e+00
1.2252211349000195e+00 1.1447382296248229e+01 -4.7375043801158609e+00
1.2267919312268143e+00 1.1439940641769768e+01 -4.7375043801156300e+00
1.2283627275536091e+00 1.1432498987291309e+01 -4.7375043801147303e+00
1.2299335238804041e+00 1.1425057332812848e+01 -4.7375043801152952e+00
1.2315043202071989e+00 1.1417615678334389e+01 -4.7375043801158609e+00
1.2330751165339939e+00 1.1410174023855928e+01 -4.7375043801152952e+00
1.2346459128607887e+00 1.1402732369377469e+01 -4.7375043801158609e+00
1.2362167091875838e+00 1.1395290714899009e+01 -4.7375043801158609e+00
1.2377875055143785e+00 1.1387849060420550e+01 -4.7375043801150651e+00
1.2393583018411733e+00 1.1380407405942091e+01 -4.7375043801152952e+00
1.2409290981679684e+00 1.1372965751463630e+01 -4.7375043801158609e+00
1.2424998944947632e+00 1.1365524096985171e+01 -4.7375043801152952e+00
1.2440706908215582e+00 1.1358082442506710e+01 -4.7375043801152952e+00
1.2456414871483530e+00 1.1350640788028251e+01 -4.7375043801158609e+00
1.2472122834751480e+00 1.1343199133549790e+01 -4.7375043801152952e+00
1.2487830798019428e+00 1.1335757479071331e+01 -4.7375043801158609e+00
1.2503538761287378e+00 1.1328315824592870e+01 -4.7375043801158609e+00
1.2519246724555326e+00 1.1320874170114411e+01 -4.7375043801150651e+00
1.2534954687823274e+00 1.1313432515635952e+01 -4.7375043801152952e+00
1.2550662651091224e+00 1.1305990861157492e+01 -4.7375043801158609e+00
1.2566370614359172e+00 1.1298549206679033e+01 -4.7375043801152952e+00
1.2582078577627123e+00 1.1291107552200572e+01 -4.7375043801152952e+00
1.2597786540895071e+00 1.1283665897722113e+01 -4.7375043801158609e+00
1.2613494504163021e+00 1.1276224243243652e+01 -4.7375043801152952e+00
1.2629202467430969e+00 1.1268782588765193e+01 -4.7375043801152952e+00
1.2644910430698919e+00 1.1261340934286732e+01 -4.7375043801158609e+00
1.2660618393966867e+00 1.1253899279808271e+01 -4.7375043801156300e+00
1.2676326357234815e+00 1.1246457625329812e+01 -4.7375043801152952e+00
1.2692034320502765e+00 1.1239015970851352e+01 -4.7375043801158609e+00
1.2707742283770713e+00 1.1231574316372892e+01 -4.7375043801152952e+00
1.2723450247038663e+00 1.1224132661894432e+01 -4.7375043801147303e+00
1.2739158210306611e+00 1.1216691007415973e+01 -4.7375043801158609e+00
1.2754866173574562e+00 1.1209249352937512e+01 -4.7375043801158609e+00
1.2770574136842510e+00 1.1201807698459053e+01 -4.7375043801152952e+00
1.2786282100110460e+00 1.1194366043980592e+01 -4.7375043801158609e+00
1.2801990063378408e+00 1.1186924389502131e+01 -4.7375043801156300e+00
1.2817698026646356e+00 1.1179482735023672e+01 -4.7375043801152952e+00
1.2833405989914306e+00 1.1172041080545211e+01 -4.7375043801152952e+00
1.2849113953182254e+00 1.1164599426066752e+01 -4.7375043801152952e+00
1.2864821916450204e+00 1.1157157771588292e+01 -4.7375043801152952e+00
1.2880529879718152e+00 1.1149716117109833e+01 -4.7375043801158609e+00
1.2896237842986102e+00 1.1142274462631372e+01 -4.7375043801158609e+00
1.2911945806254050e+00 1.1134832808152913e+01 -4.7375043801150651e+00
1.2927653769521998e+00 1.1127391153674454e+01 -4.7375043801158609e+00
1.2943361732789949e+00 1.1119949499195993e+01 -4.7375043801158609e+00
1.2959069696057897e+00 1.1112507844717534e+01 -4.7375043801147303e+00
1.2974777659325847e+00 1.1105066190239073e+01 -4.7375043801152952e+00
1.2990485622593795e+00 1.1097624535760614e+01 -4.7375043801158609e+00
1.3006193585861745e+00 1.1090182881282153e+01 -4.7375043801152952e+00
1.3021901549129693e+00 1.1082741226803694e+01 -4.7375043801158609e+00
1.3037609512397643e+00 1.1075299572325234e+01 -4.7375043801158609e+00
1.3053317475665591e+00 1.1067857917846775e+01 -4.7375043801150651e+00
1.3069025438933539e+00 1.1060416263368316e+01 -4.7375043801152952e+00
1.3084733402201489e+00 1.1052974608889855e+01 -4.7375043801158609e+00
1.3100441365469437e+00 1.1045532954411396e+01 -4.7375043801152952e+00
1.3116149328737388e+00 1.1038091299932935e+01 -4.7375043801152952e+00
1.3131857292005336e+00 1.1030649645454476e+01 -4.7375043801158609e+00
1.3147565255273286e+00 1.1023207990976015e+01 -4.7375043801152952e+00
1.3163273218541234e+00 1.1015766336497556e+01 -4.7375043801158609e+00
1.3178981181809184e+00 1.1008324682019095e+01 -4.7375043801158609e+00
1.3194689145077132e+00 1.1000883027540636e+01 -4.7375043801150651e+00
1.3210397108345080e+00 1.0993441373062177e+01 -4.7375043801152952e+00
1.3226105071613030e+00 1.0985999718583717e+01 -4.7375043801158609e+00
1.3241813034880978e+00 1.0978558064105258e+01 -4.7375043801152952e+00
1.3257520998148928e+00 1.0971116409626797e+01 -4.7375043801152952e+00
1.3273228961416876e+00 1.0963674755148338e+01 -4.7375043801158609e+00
1.3288936924684827e+00 1.0956233100669877e+01 -4.7375043801152952e+00
1.3304644887952775e+00 1.0948791446191418e+01 -4.7375043801150651e+00
1.3320352851220723e+00 1.0941349791712959e+01 -4.7375043801158609e+00
1.3336060814488673e+00 1.0933908137234498e+01 -4.7375043801158609e+00
1.3351768777756621e+00 1.0926466482756039e+01 -4.7375043801152952e+00
1.3367476741024571e+00 1.0919024828277578e+01 -4.7375043801158609e+00
1.3383184704292519e+00 1.0911583173799119e+01 -4.7375043801152952e+00
1.3398892667560469e+00 1.0904141519320659e+01 -4.7375043801147303e+00
1.3414600630828417e+00 1.0896699864842200e+01 -4.7375043801158609e+00
1.3430308594096367e+00 1.0889258210363739e+01 -4.7375043801158609e+00
1.3446016557364315e+00 1.0881816555885280e+01 -4.7375043801150651e+00
1.3461724520632263e+00 1.0874374901406821e+01 -4.7375043801158609e+00
1.3477432483900214e+00 1.0866933246928360e+01 -4.7375043801158609e+00
1.3493140447168162e+00 1.0859491592449901e+01 -4.7375043801152952e+00
1.3508848410436112e+00 1.0852049937971440e+01 -4.7375043801152952e+00
1.3524556373704060e+00 1.0844608283492981e+01 -4.7375043801152952e+00
1.3540264336972010e+00 1.0837166629014520e+01 -4.7375043801152952e+00
1.3555972300239958e+00 1.0829724974536061e+01 -4.7375043801158609e+00
1.3571680263507908e+00 1.0822283320057601e+01 -4.7375043801158609e+00
1.3587388226775856e+00 1.0814841665579142e+01 -4.7375043801150651e+00
1.3603096190043804e+00 1.0807400011100682e+01 -4.7375043801158609e+00
1.3618804153311754e+00 1.0799958356622222e+01 -4.7375043801158609e+00
1.3634512116579702e+00 1.0792516702143763e+01 -4.7375043801147303e+00
1.3650220079847653e+00 1.0785075047665302e+01 -4.7375043801152952e+00
1.3665928043115600e+00 1.0777633393186843e+01 -4.7375043801158609e+00
1.3681636006383551e+00 1.0770191738708382e+01 -4.7375043801152952e+00
1.3697343969651499e+00 1.0762750084229923e+01 -4.7375043801156300e+00
1.3713051932919447e+00 1.0755308429751462e+01 -4.7375043801158609e+00
1.3728759896187397e+00 1.0747866775273001e+01 -4.7375043801152952e+00
1.3744467859455345e+00 1.0740425120794542e+01 -4.7375043801152952e+00
1.3760175822723295e+00 1.0732983466316082e+01 -4.7375043801158609e+00
1.3775883785991243e+00 1.0725541811837623e+01 -4.7375043801152952e+00
1.3791591749259193e+00 1.0718100157359162e+01 -4.7375043801152952e+00
1.3807299712527141e+00 1.0710658502880703e+01 -4.7375043801158609e+00
1.3823007675795091e+00 1.0703216848402242e+01 -4.7375043801152952e+00
1.3838715639063039e+00 1.0695775193923783e+01 -4.7375043801150651e+00
1.3854423602330987e+00 1.0688333539445324e+01 -4.7375043801158609e+00
1.3870131565598938e+00 1.0680891884966863e+01 -4.7375043801158609e+00
1.3885839528866886e+00 1.0673450230488404e+01 -4.7375043801152952e+00
1.3901547492134836e+00 1.0666008576009943e+01 -4.7375043801158609e+00
1.3917255455402784e+00 1.0658566921531484e+01 -4.7375043801152952e+00
1.3932963418670734e+00 1.0651125267053024e+01 -4.7375043801147303e+00
1.3948671381938682e+00 1.0643683612574565e+01 -4.7375043801158609e+00
1.3964379345206632e+00 1.0636241958096104e+01 -4.7375043801158609e+00
1.3980087308474580e+00 1.0628800303617645e+01 -4.7375043801150651e+00
1.3995795271742528e+00 1.0621358649139186e+01 -4.7375043801158609e+00
1.4011503235010478e+00 1.0613916994660725e+01 -4.7375043801158609e+00
1.4027211198278426e+00 1.0606475340182266e+01 -4.7375043801152952e+00
1.4042919161546377e+00 1.0599033685703805e+01 -4.7375043801152952e+00
1.4058627124814325e+00 1.0591592031225346e+01 -4.7375043801152952e+00
1.4074335088082275e+00 1.0584150376746885e+01 -4.7375043801152952e+00
1.4090043051350223e+00 1.0576708722268426e+01 -4.7375043801158609e+00
1.4105751014618173e+00 1.0569267067789966e+01 -4.7375043801158609e+00
1.4121458977886121e+00 1.0561825413311507e+01 -4.7375043801150651e+00
1.4137166941154069e+00 1.0554383758833048e+01 -4.7375043801158609e+00
1.4152874904422019e+00 1.0546942104354587e+01 -4.7375043801158609e+00
1.4168582867689967e+00 1.0539500449876128e+01 -4.7375043801147303e+00
1.4184290830957917e+00 1.0532058795397667e+01 -4.7375043801152952e+00
1.4199998794225865e+00 1.0524617140919208e+01 -4.7375043801158609e+00
1.4215706757493816e+00 1.0517175486440747e+01 -4.7375043801152952e+00
1.4231414720761764e+00 1.0509733831962288e+01 -4.7375043801156300e+00
1.4247122684029712e+00 1.0502292177483827e+01 -4.7375043801158609e+00
1.4262830647297662e+00 1.0494850523005367e+01 -4.7375043801152952e+00
1.4278538610565610e+00 1.0487408868526908e+01 -4.7375043801152952e+00
1.4294246573833560e+00 1.0479967214048447e+01 -4.7375043801158609e+00
1.4309954537101508e+00 1.0472525559569988e+01 -4.7375043801152952e+00
1.4325662500369458e+00 1.0465083905091527e+01 -4.7375043801152952e+00
1.4341370463637406e+00 1.0457642250613068e+01 -4.7375043801158609e+00
1.4357078426905356e+00 1.0450200596134607e+01 -4.7375043801152952e+00
1.4372786390173304e+00 1.0442758941656148e+01 -4.7375043801150651e+00
1.4388494353441252e+00 1.0435317287177689e+01 -4.7375043801158609e+00
1.4404202316709203e+00 1.0427875632699228e+01 -4.7375043801158609e+00
1.4419910279977151e+00 1.0420433978220769e+01 -4.7375043801152952e+00
1.4435618243245101e+00 1.0412992323742309e+01 -4.7375043801158609e+00
1.4451326206513049e+00 1.0405550669263850e+01 -4.7375043801152952e+00
1.4467034169780999e+00 1.0398109014785389e+01 -4.7375043801152952e+00
1.4482742133048947e+00 1.0390667360306930e+01 -4.7375043801158609e+00
1.4498450096316897e+00 1.0383225705828469e+01 -4.7375043801152952e+00
1.4514158059584845e+00 1.0375784051350010e+01 -4.7375043801150651e+00
1.4529866022852793e+00 1.0368342396871551e+01 -4.7375043801158609e+00
1.4545573986120743e+00 1.0360900742393090e+01 -4.7375043801158609e+00
1.4561281949388691e+00 1.0353459087914631e+01 -4.7375043801152952e+00
1.4576989912656642e+00 1.0346017433436170e+01 -4.7375043801158609e+00
1.4592697875924590e+00 1.0338575778957711e+01 -4.7375043801152952e+00
1.4608405839192540e+00 1.0331134124479251e+01 -4.7375043801147303e+00
1.4624113802460488e+00 1.0323692470000791e+01 -4.7375043801156300e+00
1.4639821765728436e+00 1.0316250815522331e+01 -4.7375043801158609e+00
1.4655529728996386e+00 1.0308809161043870e+01 -4.7375043801152952e+00
1.4671237692264334e+00 1.0301367506565411e+01 -4.7375043801158609e+00
1.4686945655532284e+00 1.0293925852086950e+01 -4.7375043801158609e+00
1.4702653618800232e+00 1.0286484197608491e+01 -4.7375043801152952e+00
1.4718361582068182e+00 1.0279042543130030e+01 -4.7375043801152952e+00
1.4734069545336130e+00 1.0271600888651571e+01 -4.7375043801152952e+00
1.4749777508604081e+00 1.0264159234173110e+01 -4.7375043801152952e+00
1.4765485471872029e+00 1.0256717579694651e+01 -4.7375043801156300e+00
1.4781193435139977e+00 1.0249275925216191e+01 -4.7375043801158609e+00
1.4796901398407927e+00 1.0241834270737730e+01 -4.7375043801152952e+00
1.4812609361675875e+00 1.0234392616259271e+01 -4.7375043801158609e+00
1.4828317324943825e+00 1.0226950961780810e+01 -4.7375043801158609e+00
1.4844025288211773e+00 1.0219509307302351e+01 -4.7375043801147303e+00
1.4859733251479723e+00 1.0212067652823890e+01 -4.7375043801152952e+00
1.4875441214747671e+00 1.0204625998345431e+01 -4.7375043801158609e+00
1.4891149178015621e+00 1.0197184343866970e+01 -4.7375043801152952e+00
1.4906857141283569e+00 1.0189742689388511e+01 -4.7375043801156300e+00
1.4922565104551517e+00 1.0182301034910051e+01 -4.7375043801158609e+00
1.4938273067819468e+00 1.0174859380431590e+01 -4.7375043801152952e+00
1.4953981031087415e+00 1.0167417725953131e+01 -4.7375043801152952e+00
1.4969688994355366e+00 1.0159976071474670e+01 -4.7375043801158609e+00
1.4985396957623314e+00 1.0152534416996211e+01 -4.7375043801152952e+00
1.5001104920891264e+00 1.0145092762517750e+01 -4.7375043801152952e+00
1.5016812884159212e+00 1.0137651108039291e+01 -4.7375043801156300e+00
1.5032520847427160e+00 1.0130209453560832e+01 -4.7375043801152952e+00
1.5048228810695110e+00 1.0122767799082371e+01 -4.7375043801158609e+00
1.5063936773963058e+00 1.0115326144603911e+01 -4.7375043801158609e+00
1.5079644737231008e+00 1.0107884490125450e+01 -4.7375043801152952e+00
1.5095352700498956e+00 1.0100442835646991e+01 -4.7375043801152952e+00
1.5111060663766906e+00 1.0093001181168530e+01 -4.7375043801158609e+00
1.5126768627034854e+00 1.0085559526690071e+01 -4.7375043801152952e+00
1.5142476590302805e+00 1.0078117872211610e+01 -4.7375043801152952e+00
1.5158184553570753e+00 1.0070676217733151e+01 -4.7375043801156300e+00
1.5173892516838701e+00 1.0063234563254692e+01 -4.7375043801152952e+00
1.5189600480106651e+00 1.0055792908776231e+01 -4.7375043801152952e+00
1.5205308443374599e+00 1.0048351254297772e+01 -4.7375043801158609e+00
1.5221016406642549e+00 1.0040909599819312e+01 -4.7375043801158609e+00
1.5236724369910497e+00 1.0033467945340853e+01 -4.7375043801152952e+00
1.5252432333178447e+00 1.0026026290862392e+01 -4.7375043801152952e+00
1.5268140296446395e+00 1.0018584636383933e+01 -4.7375043801152952e+00
1.5283848259714345e+00 1.0011142981905472e+01 -4.7375043801158609e+00
1.5299556222982293e+00 1.0003701327427011e+01 -4.7375043801156300e+00
1.5315264186250241e+00 9.9962596729485522e+00 -4.7375043801152952e+00
1.5330972149518192e+00 9.9888180184700914e+00 -4.7375043801152952e+00
1.5346680112786140e+00 9.9813763639916324e+00 -4.7375043801152952e+00
1.5362388076054090e+00 9.9739347095131716e+00 -4.7375043801158609e+00
1.5378096039322038e+00 9.9664930550347108e+00 -4.7375043801158609e+00
1.5393804002589988e+00 9.9590514005562500e+00 -4.7375043801152952e+00
1.5409511965857936e+00 9.9516097460777910e+00 -4.7375043801152952e+00
1.5425219929125886e+00 9.9441680915993302e+00 -4.7375043801152952e+00
1.5440927892393834e+00 9.9367264371208712e+00 -4.7375043801156300e+00
1.5456635855661782e+00 9.9292847826424104e+00 -4.7375043801158609e+00
1.5472343818929732e+00 9.9218431281639496e+00 -4.7375043801152952e+00
1.5488051782197680e+00 9.9144014736854906e+00 -4.7375043801152952e+00
1.5503759745465631e+00 9.9069598192070298e+00 -4.7375043801158609e+00
1.5519467708733579e+00 9.8995181647285708e+00 -4.7375043801152952e+00
1.5535175672001529e+00 9.8920765102501100e+00 -4.7375043801152952e+00
1.5550883635269477e+00 9.8846348557716510e+00 -4.7375043801156300e+00
1.5566591598537425e+00 9.8771932012931920e+00 -4.7375043801152952e+00
1.5582299561805375e+00 9.8697515468147312e+00 -4.7375043801158609e+00
1.5598007525073323e+00 9.8623098923362704e+00 -4.7375043801158609e+00
1.5613715488341273e+00 9.8548682378578096e+00 -4.7375043801152952e+00
1.5629423451609221e+00 9.8474265833793506e+00 -4.7375043801152952e+00
1.5645131414877171e+00 9.8399849289008898e+00 -4.7375043801158609e+00
1.5660839378145119e+00 9.8325432744224308e+00 -4.7375043801152952e+00
1.5676547341413070e+00 9.8251016199439700e+00 -4.7375043801152952e+00
1.5692255304681018e+00 9.8176599654655110e+00 -4.7375043801156300e+00
1.5707963267948966e+00 9.8102183109870520e+00 -4.7375043801152952e+00
1.5723671231216916e+00 9.8027766565085912e+00 -4.7375043801152952e+00
1.5739379194484864e+00 9.7953350020301322e+00 -4.7375043801158609e+00
1.5755087157752814e+00 9.7878933475516714e+00 -4.7375043801158609e+00
1.5770795121020762e+00 9.7804516930732124e+00 -4.7375043801152952e+00
1.5786503084288712e+00 9.7730100385947516e+00 -4.7375043801152952e+00
1.5802211047556660e+00 9.7655683841162926e+00 -4.7375043801152952e+00
1.5817919010824610e+00 9.7581267296378318e+00 -4.7375043801158609e+00
1.5833626974092558e+00 9.7506850751593710e+00 -4.7375043801156300e+00
1.5849334937360506e+00 9.7432434206809120e+00 -4.7375043801152952e+00
1.5865042900628457e+00 9.7358017662024512e+00 -4.7375043801152952e+00
1.5880750863896405e+00 9.7283601117239922e+00 -4.7375043801158609e+00
1.5896458827164355e+00 9.7209184572455314e+00 -4.7375043801158609e+00
1.5912166790432303e+00 9.7134768027670724e+00 -4.7375043801152952e+00
1.5927874753700253e+00 9.7060351482886116e+00 -4.7375043801152952e+00
1.5943582716968201e+00 9.6985934938101526e+00 -4.7375043801156300e+00
1.5959290680236149e+00 9.6911518393316936e+00 -4.7375043801152952e+00
1.5974998643504099e+00 9.6837101848532328e+00 -4.7375043801152952e+00
1.5990706606772047e+00 9.6762685303747737e+00 -4.7375043801158609e+00
1.6006414570039997e+00 9.6688268758963130e+00 -4.7375043801152952e+00
1.6022122533307945e+00 9.6613852214178539e+00 -4.7375043801152952e+00
1.6037830496575896e+00 9.6539435669393932e+00 -4.7375043801158609e+00
1.6053538459843844e+00 9.6465019124609324e+00 -4.7375043801158609e+00
1.6069246423111794e+00 9.6390602579824716e+00 -4.7375043801152952e+00
1.6084954386379742e+00 9.6316186035040126e+00 -4.7375043801156300e+00
1.6100662349647690e+00 9.6241769490255535e+00 -4.7375043801152952e+00
1.6116370312915640e+00 9.6167352945470927e+00 -4.7375043801152952e+00
1.6132078276183588e+00 9.6092936400686337e+00 -4.7375043801158609e+00
1.6147786239451538e+00 9.6018519855901729e+00 -4.7375043801152952e+00
1.6163494202719486e+00 9.5944103311117139e+00 -4.7375043801152952e+00
1.6179202165987436e+00 9.5869686766332531e+00 -4.7375043801158609e+00
1.6194910129255384e+00 9.5795270221547941e+00 -4.7375043801152952e+00
1.6210618092523335e+00 9.5720853676763333e+00 -4.7375043801152952e+00
1.6226326055791283e+00 9.5646437131978743e+00 -4.7375043801156300e+00
1.6242034019059230e+00 9.5572020587194153e+00 -4.7375043801152952e+00
1.6257741982327181e+00 9.5497604042409545e+00 -4.7375043801158609e+00
1.6273449945595129e+00 9.5423187497624937e+00 -4.7375043801158609e+00
1.6289157908863079e+00 9.5348770952840329e+00 -4.7375043801152952e+00
1.6304865872131027e+00 9.5274354408055739e+00 -4.7375043801152952e+00
1.6320573835398977e+00 9.5199937863271131e+00 -4.7375043801158609e+00
1.6336281798666925e+00 9.5125521318486523e+00 -4.7375043801156300e+00
1.6351989761934873e+00 9.5051104773701933e+00 -4.7375043801152952e+00
1.6367697725202823e+00 9.4976688228917325e+00 -4.7375043801152952e+00
1.6383405688470771e+00 9.4902271684132735e+00 -4.7375043801152952e+00
1.6399113651738721e+00 9.4827855139348127e+00 -4.7375043801152952e+00
1.6414821615006669e+00 9.4753438594563537e+00 -4.7375043801158609e+00
1.6430529578274620e+00 9.4679022049778929e+00 -4.7375043801158609e+00
1.6446237541542568e+00 9.4604605504994339e+00 -4.7375043801152952e+00
1.6461945504810518e+00 9.4530188960209731e+00 -4.7375043801152952e+00
1.6477653468078466e+00 9.4455772415425141e+00 -4.7375043801156300e+00
1.6493361431346414e+00 9.4381355870640533e+00 -4.7375043801158609e+00
1.6509069394614364e+00 9.4306939325855925e+00 -4.7375043801152952e+00
1.6524777357882312e+00 9.4232522781071335e+00 -4.7375043801152952e+00
1.6540485321150262e+00 9.4158106236286727e+00 -4.7375043801152952e+00
1.6556193284418210e+00 9.4083689691502137e+00 -4.7375043801158609e+00
1.6571901247686160e+00 9.4009273146717529e+00 -4.7375043801158609e+00
1.6587609210954108e+00 9.3934856601932939e+00 -4.7375043801152952e+00
1.6603317174222059e+00 9.3860440057148331e+00 -4.7375043801152952e+00
1.6619025137490007e+00 9.3786023512363741e+00 -4.7375043801156300e+00
1.6634733100757955e+00 9.3711606967579151e+00 -4.7375043801152952e+00
1.6650441064025905e+00 9.3637190422794543e+00 -4.7375043801152952e+00
1.6666149027293853e+00 9.3562773878009953e+00 -4.7375043801158609e+00
1.6681856990561803e+00 9.3488357333225345e+00 -4.7375043801152952e+00
1.6697564953829751e+00 9.3413940788440755e+00 -4.7375043801152952e+00
1.6713272917097701e+00 9.3339524243656147e+00 -4.7375043801158609e+00
1.6728980880365649e+00 9.3265107698871539e+00 -4.7375043801156300e+00
1.6744688843633597e+00 9.3190691154086949e+00 -4.7375043801152952e+00
1.6760396806901547e+00 9.3116274609302341e+00 -4.7375043801158609e+00
1.6776104770169495e+00 9.3041858064517751e+00 -4.7375043801152952e+00
1.6791812733437446e+00 9.2967441519733143e+00 -4.7375043801152952e+00
1.6807520696705394e+00 9.2893024974948553e+00 -4.7375043801158609e+00
1.6823228659973344e+00 9.2818608430163945e+00 -4.7375043801152952e+00
1.6838936623241292e+00 9.2744191885379355e+00 -4.7375043801152952e+00
1.6854644586509242e+00 9.2669775340594747e+00 -4.7375043801158609e+00
1.6870352549777190e+00 9.2595358795810139e+00 -4.7375043801156300e+00
1.6886060513045138e+00 9.2520942251025549e+00 -4.7375043801152952e+00
1.6901768476313088e+00 9.2446525706240941e+00 -4.7375043801152952e+00
1.6917476439581036e+00 9.2372109161456351e+00 -4.7375043801152952e+00
1.6933184402848986e+00 9.2297692616671743e+00 -4.7375043801158609e+00
1.6948892366116934e+00 9.2223276071887135e+00 -4.7375043801158609e+00
1.6964600329384885e+00 9.2148859527102527e+00 -4.7375043801152952e+00
1.6980308292652833e+00 9.2074442982317937e+00 -4.7375043801152952e+00
1.6996016255920783e+00 9.2000026437533329e+00 -4.7375043801152952e+00
1.7011724219188731e+00 9.1925609892748739e+00 -4.7375043801156300e+00
1.7027432182456679e+00 9.1851193347964131e+00 -4.7375043801158609e+00
1.7043140145724629e+00 9.1776776803179523e+00 -4.7375043801152952e+00
1.7058848108992577e+00 9.1702360258394933e+00 -4.7375043801152952e+00
1.7074556072260527e+00 9.1627943713610325e+00 -4.7375043801152952e+00
1.7090264035528475e+00 9.1553527168825735e+00 -4.7375043801158609e+00
1.7105971998796425e+00 9.1479110624041127e+00 -4.7375043801158609e+00
1.7121679962064373e+00 9.1404694079256537e+00 -4.7375043801152952e+00
1.7137387925332324e+00 9.1330277534471929e+00 -4.7375043801152952e+00
1.7153095888600272e+00 9.1255860989687339e+00 -4.7375043801156300e+00
1.7168803851868220e+00 9.1181444444902748e+00 -4.7375043801152952e+00
1.7184511815136170e+00 9.1107027900118140e+00 -4.7375043801152952e+00
1.7200219778404118e+00 9.1032611355333550e+00 -4.7375043801158609e+00
1.7215927741672068e+00 9.0958194810548942e+00 -4.7375043801152952e+00
1.7231635704940016e+00 9.0883778265764352e+00 -4.7375043801152952e+00
1.7247343668207966e+00 9.0809361720979744e+00 -4.7375043801158609e+00
1.7263051631475914e+00 9.0734945176195136e+00 -4.7375043801156300e+00
1.7278759594743862e+00 9.0660528631410546e+00 -4.7375043801152952e+00
1.7294467558011812e+00 9.0586112086625938e+00 -4.7375043801158609e+00
1.7310175521279760e+00 9.0511695541841348e+00 -4.7375043801152952e+00
1.7325883484547711e+00 9.0437278997056740e+00 -4.7375043801152952e+00
1.7341591447815659e+00 9.0362862452272150e+00 -4.7375043801158609e+00
1.7357299411083609e+00 9.0288445907487542e+00 -4.7375043801152952e+00
1.7373007374351557e+00 9.0214029362702952e+00 -4.7375043801152952e+00
1.7388715337619507e+00 9.0139612817918344e+00 -4.7375043801158609e+00
1.7404423300887455e+00 9.0065196273133736e+00 -4.7375043801156300e+00
1.7420131264155403e+00 8.9990779728349146e+00 -4.7375043801152952e+00
1.7435839227423353e+00 8.9916363183564538e+00 -4.7375043801152952e+00
1.7451547190691301e+00 8.9841946638779948e+00 -4.7375043801152952e+00
1.7467255153959251e+00 8.9767530093995340e+00 -4.7375043801158609e+00
1.7482963117227199e+00 8.9693113549210732e+00 -4.7375043801158609e+00
1.7498671080495150e+00 8.9618697004426124e+00 -4.7375043801152952e+00
1.7514379043763098e+00 8.9544280459641534e+00 -4.7375043801152952e+00
1.7530087007031048e+00 8.9469863914856926e+00 -4.7375043801158609e+00
1.7545794970298996e+00 8.9395447370072318e+00 -4.7375043801156300e+00
1.7561502933566944e+00 8.9321030825287728e+00 -4.7375043801152952e+00
1.7577210896834894e+00 8.9246614280503120e+00 -4.7375043801152952e+00
1.7592918860102842e+00 8.9172197735718530e+00 -4.7375043801152952e+00
1.7608626823370792e+00 8.9097781190933922e+00 -4.7375043801152952e+00
1.7624334786638740e+00 8.9023364646149332e+00 -4.7375043801158609e+00
1.7640042749906690e+00 8.8948948101364724e+00 -4.7375043801158609e+00
1.7655750713174638e+00 8.8874531556580134e+00 -4.7375043801150651e+00
1.7671458676442586e+00 8.8800115011795544e+00 -4.7375043801152952e+00
1.7687166639710536e+00 8.8725698467010936e+00 -4.7375043801158609e+00
1.7702874602978484e+00 8.8651281922226328e+00 -4.7375043801158609e+00
1.7718582566246435e+00 8.8576865377441720e+00 -4.7375043801152952e+00
1.7734290529514383e+00 8.8502448832657130e+00 -4.7375043801152952e+00
1.7749998492782333e+00 8.8428032287872522e+00 -4.7375043801152952e+00
1.7765706456050281e+00 8.8353615743087932e+00 -4.7375043801158609e+00
1.7781414419318231e+00 8.8279199198303324e+00 -4.7375043801158609e+00
1.7797122382586179e+00 8.8204782653518734e+00 -4.7375043801150651e+00
1.7812830345854127e+00 8.8130366108734144e+00 -4.7375043801152952e+00
1.7828538309122077e+00 8.8055949563949536e+00 -4.7375043801158609e+00
1.7844246272390025e+00 8.7981533019164946e+00 -4.7375043801152952e+00
1.7859954235657975e+00 8.7907116474380338e+00 -4.7375043801152952e+00
1.7875662198925923e+00 8.7832699929595748e+00 -4.7375043801158609e+00
1.7891370162193874e+00 8.7758283384811140e+00 -4.7375043801152952e+00
1.7907078125461822e+00 8.7683866840026550e+00 -4.7375043801152952e+00
1.7922786088729772e+00 8.7609450295241942e+00 -4.7375043801158609e+00
1.7938494051997720e+00 8.7535033750457334e+00 -4.7375043801156300e+00
1.7954202015265668e+00 8.7460617205672744e+00 -4.7375043801152952e+00
1.7969909978533618e+00 8.7386200660888136e+00 -4.7375043801158609e+00
1.7985617941801566e+00 8.7311784116103546e+00 -4.7375043801152952e+00
1.8001325905069516e+00 8.7237367571318938e+00 -4.7375043801152952e+00
1.8017033868337464e+00 8.7162951026534348e+00 -4.7375043801158609e+00
1.8032741831605414e+00 8.7088534481749740e+00 -4.7375043801152952e+00
1.8048449794873362e+00 8.7014117936965150e+00 -4.7375043801150651e+00
1.8064157758141310e+00 8.6939701392180559e+00 -4.7375043801158609e+00
1.8079865721409261e+00 8.6865284847395952e+00 -4.7375043801158609e+00
1.8095573684677209e+00 8.6790868302611361e+00 -4.7375043801152952e+00
1.8111281647945159e+00 8.6716451757826754e+00 -4.7375043801152952e+00
1.8126989611213107e+00 8.6642035213042163e+00 -4.7375043801152952e+00
1.8142697574481057e+00 8.6567618668257555e+00 -4.7375043801158609e+00
1.8158405537749005e+00 8.6493202123472948e+00 -4.7375043801158609e+00
1.8174113501016955e+00 8.6418785578688340e+00 -4.7375043801152952e+00
1.8189821464284903e+00 8.6344369033903750e+00 -4.7375043801150651e+00
1.8205529427552851e+00 8.6269952489119159e+00 -4.7375043801158609e+00
1.8221237390820801e+00 8.6195535944334551e+00 -4.7375043801158609e+00
1.8236945354088749e+00 8.6121119399549961e+00 -4.7375043801152952e+00
1.8252653317356700e+00 8.6046702854765353e+00 -4.7375043801152952e+00
1.8268361280624648e+00 8.5972286309980763e+00 -4.7375043801152952e+00
1.8284069243892598e+00 8.5897869765196155e+00 -4.7375043801152952e+00
1.8299777207160546e+00 8.5823453220411565e+00 -4.7375043801158609e+00
1.8315485170428496e+00 8.5749036675626957e+00 -4.7375043801158609e+00
1.8331193133696444e+00 8.5674620130842367e+00 -4.7375043801150651e+00
1.8346901096964392e+00 8.5600203586057777e+00 -4.7375043801152952e+00
1.8362609060232342e+00 8.5525787041273169e+00 -4.7375043801158609e+00
1.8378317023500290e+00 8.5451370496488561e+00 -4.7375043801158609e+00
1.8394024986768240e+00 8.5376953951703953e+00 -4.7375043801152952e+00
1.8409732950036188e+00 8.5302537406919363e+00 -4.7375043801152952e+00
1.8425440913304139e+00 8.5228120862134755e+00 -4.7375043801152952e+00
1.8441148876572087e+00 8.5153704317350165e+00 -4.7375043801152952e+00
1.8456856839840037e+00 8.5079287772565557e+00 -4.7375043801158609e+00
1.8472564803107985e+00 8.5004871227780949e+00 -4.7375043801156300e+00
1.8488272766375933e+00 8.4930454682996359e+00 -4.7375043801152952e+00
1.8503980729643883e+00 8.4856038138211751e+00 -4.7375043801158609e+00
1.8519688692911831e+00 8.4781621593427161e+00 -4.7375043801152952e+00
1.8535396656179781e+00 8.4707205048642553e+00 -4.7375043801152952e+00
1.8551104619447729e+00 8.4632788503857963e+00 -4.7375043801158609e+00
1.8566812582715679e+00 8.4558371959073355e+00 -4.7375043801152952e+00
1.8582520545983627e+00 8.4483955414288765e+00 -4.7375043801156300e+00
1.8598228509251575e+00 8.4409538869504157e+00 -4.7375043801158609e+00
1.8613936472519526e+00 8.4335122324719549e+00 -4.7375043801152952e+00
1.8629644435787474e+00 8.4260705779934959e+00 -4.7375043801152952e+00
1.8645352399055424e+00 8.4186289235150351e+00 -4.7375043801158609e+00
1.8661060362323372e+00 8.4111872690365761e+00 -4.7375043801152952e+00
1.8676768325591322e+00 8.4037456145581153e+00 -4.7375043801152952e+00
1.8692476288859270e+00 8.3963039600796563e+00 -4.7375043801158609e+00
1.8708184252127220e+00 8.3888623056011955e+00 -4.7375043801152952e+00
1.8723892215395168e+00 8.3814206511227365e+00 -4.7375043801150651e+00
1.8739600178663116e+00 8.3739789966442775e+00 -4.7375043801158609e+00
1.8755308141931066e+00 8.3665373421658167e+00 -4.7375043801158609e+00
1.8771016105199014e+00 8.3590956876873577e+00 -4.7375043801152952e+00
1.8786724068466965e+00 8.3516540332088969e+00 -4.7375043801152952e+00
1.8802432031734913e+00 8.3442123787304379e+00 -4.7375043801152952e+00
1.8818139995002863e+00 8.3367707242519771e+00 -4.7375043801152952e+00
1.8833847958270811e+00 8.3293290697735181e+00 -4.7375043801158609e+00
1.8849555921538761e+00 8.3218874152950573e+00 -4.7375043801158609e+00
1.8865263884806709e+00 8.3144457608165983e+00 -4.7375043801150651e+00
1.8880971848074657e+00 8.3070041063381392e+00 -4.7375043801152952e+00
1.8896679811342607e+00 8.2995624518596784e+00 -4.7375043801158609e+00
1.8912387774610555e+00 8.2921207973812177e+00 -4.7375043801158609e+00
1.8928095737878505e+00 8.2846791429027569e+00 -4.7375043801152952e+00
1.8943803701146453e+00 8.2772374884242979e+00 -4.7375043801152952e+00
1.8959511664414403e+00 8.2697958339458371e+00 -4.7375043801152952e+00
1.8975219627682351e+00 8.2623541794673780e+00 -4.7375043801156300e+00
1.8990927590950299e+00 8.2549125249889173e+00 -4.7375043801158609e+00
1.9006635554218250e+00 8.2474708705104565e+00 -4.7375043801152952e+00
1.9022343517486198e+00 8.2400292160319974e+00 -4.7375043801152952e+00
1.9038051480754148e+00 8.2325875615535367e+00 -4.7375043801158609e+00
1.9053759444022096e+00 8.2251459070750776e+00 -4.7375043801152952e+00
1.9069467407290046e+00 8.2177042525966169e+00 -4.7375043801152952e+00
1.9085175370557994e+00 8.2102625981181578e+00 -4.7375043801158609e+00
1.9100883333825944e+00 8.2028209436396970e+00 -4.7375043801152952e+00
1.9116591297093892e+00 8.1953792891612380e+00 -4.7375043801156300e+00
1.9132299260361840e+00 8.1879376346827772e+00 -4.7375043801158609e+00
1.9148007223629790e+00 8.1804959802043165e+00 -4.7375043801152952e+00
1.9163715186897738e+00 8.1730543257258574e+00 -4.7375043801152952e+00
1.9179423150165689e+00 8.1656126712473966e+00 -4.7375043801158609e+00
1.9195131113433637e+00 8.1581710167689376e+00 -4.7375043801152952e+00
1.9210839076701587e+00 8.1507293622904768e+00 -4.7375043801152952e+00
1.9226547039969535e+00 8.1432877078120178e+00 -4.7375043801158609e+00
1.9242255003237485e+00 8.1358460533335570e+00 -4.7375043801152952e+00
1.9257962966505433e+00 8.1284043988550980e+00 -4.7375043801156300e+00
1.9273670929773381e+00 8.1209627443766372e+00 -4.7375043801158609e+00
1.9289378893041331e+00 8.1135210898981764e+00 -4.7375043801152952e+00
1.9305086856309279e+00 8.1060794354197174e+00 -4.7375043801152952e+00
1.9320794819577229e+00 8.0986377809412566e+00 -4.7375043801152952e+00
1.9336502782845177e+00 8.0911961264627976e+00 -4.7375043801152952e+00
1.9352210746113128e+00 8.0837544719843368e+00 -4.7375043801158609e+00
1.9367918709381076e+00 8.0763128175058760e+00 -4.7375043801156300e+00
1.9383626672649024e+00 8.0688711630274170e+00 -4.7375043801152952e+00
1.9399334635916974e+00 8.0614295085489562e+00 -4.7375043801152952e+00
1.9415042599184922e+00 8.0539878540704972e+00 -4.7375043801152952e+00
1.9430750562452872e+00 8.0465461995920364e+00 -4.7375043801158609e+00
1.9446458525720820e+00 8.0391045451135756e+00 -4.7375043801158609e+00
1.9462166488988770e+00 8.0316628906351148e+00 -4.7375043801152952e+00
1.9477874452256718e+00 8.0242212361566558e+00 -4.7375043801152952e+00
1.9493582415524668e+00 8.0167795816781950e+00 -4.7375043801152952e+00
1.9509290378792616e+00 8.0093379271997360e+00 -4.7375043801156300e+00
1.9524998342060564e+00 8.0018962727212752e+00 -4.7375043801158609e+00
1.9540706305328515e+00 7.9944546182428136e+00 -4.7375043801155776e+00
1.9556414268596463e+00 7.9870129637643537e+00 -4.7375043801155776e+00
1.9572122231864413e+00 7.9795713092858929e+00 -4.7375043801158609e+00
1.9587830195132361e+00 7.9721296548074330e+00 -4.7375043801158609e+00
1.9603538158400311e+00 7.9646880003289722e+00 -4.7375043801152952e+00
1.9619246121668259e+00 7.9572463458505132e+00 -4.7375043801152952e+00
1.9634954084936209e+00 7.9498046913720524e+00 -4.7375043801152952e+00
1.9650662048204157e+00 7.9423630368935925e+00 -4.7375043801156300e+00
1.9666370011472105e+00 7.9349213824151326e+00 -4.7375043801158609e+00
1.9682077974740055e+00 7.9274797279366718e+00 -4.7375043801152952e+00
1.9697785938008003e+00 7.9200380734582128e+00 -4.7375043801152952e+00
1.9713493901275954e+00 7.9125964189797520e+00 -4.7375043801158609e+00
1.9729201864543902e+00 7.9051547645012921e+00 -4.7375043801152952e+00
1.9744909827811852e+00 7.8977131100228313e+00 -4.7375043801152952e+00
1.9760617791079800e+00 7.8902714555443714e+00 -4.7375043801158609e+00
1.9776325754347750e+00 7.8828298010659106e+00 -4.7375043801152952e+00
1.9792033717615698e+00 7.8753881465874507e+00 -4.7375043801156300e+00
1.9807741680883646e+00 7.8679464921089908e+00 -4.7375043801155776e+00
1.9823449644151596e+00 7.8605048376305300e+00 -4.7375043801152952e+00
1.9839157607419544e+00 7.8530631831520701e+00 -4.7375043801155776e+00
1.9854865570687494e+00 7.8456215286736093e+00 -4.7375043801155776e+00
1.9870573533955442e+00 7.8381798741951494e+00 -4.7375043801155776e+00
1.9886281497223393e+00 7.8307382197166886e+00 -4.7375043801155776e+00
1.9901989460491341e+00 7.8232965652382287e+00 -4.7375043801153485e+00
1.9917697423759289e+00 7.8158549107597697e+00 -4.7375043801152952e+00
1.9933405387027239e+00 7.8084132562813089e+00 -4.7375043801155776e+00
1.9949113350295187e+00 7.8009716018028490e+00 -4.7375043801155776e+00
1.9964821313563137e+00 7.7935299473243882e+00 -4.7375043801155776e+00
1.9980529276831085e+00 7.7860882928459283e+00 -4.7375043801155776e+00
1.9996237240099035e+00 7.7786466383674675e+00 -4.7375043801155270e+00
2.0011945203366985e+00 7.7712049838890067e+00 -4.7375043801152952e+00
2.0027653166634933e+00 7.7637633294105477e+00 -4.7375043801153485e+00
2.0043361129902881e+00 7.7563216749320878e+00 -4.7375043801156300e+00
2.0059069093170829e+00 7.7488800204536279e+00 -4.7375043801156300e+00
2.0074777056438777e+00 7.7414383659751680e+00 -4.7375043801155270e+00
2.0090485019706730e+00 7.7339967114967063e+00 -4.7375043801155270e+00
2.0106192982974678e+00 7.7265550570182464e+00 -4.7375043801156300e+00
2.0121900946242626e+00 7.7191134025397865e+00 -4.7375043801153485e+00
2.0137608909510574e+00 7.7116717480613266e+00 -4.7375043801155270e+00
2.0153316872778526e+00 7.7042300935828649e+00 -4.7375043801155270e+00
2.0169024836046474e+00 7.6967884391044050e+00 -4.7375043801153485e+00
2.0184732799314422e+00 7.6893467846259451e+00 -4.7375043801156300e+00
2.0200440762582370e+00 7.6819051301474852e+00 -4.7375043801153485e+00
2.0216148725850318e+00 7.6744634756690253e+00 -4.7375043801155270e+00
2.0231856689118271e+00 7.6670218211905636e+00 -4.7375043801155270e+00
2.0247564652386218e+00 7.6595801667121037e+00 -4.7375043801153485e+00
2.0263272615654166e+00 7.6521385122336438e+00 -4.7375043801156300e+00
2.0278980578922114e+00 7.6446968577551839e+00 -4.7375043801155270e+00
2.0294688542190067e+00 7.6372552032767222e+00 -4.7375043801155270e+00
2.0310396505458015e+00 7.6298135487982623e+00 -4.7375043801156300e+00
2.0326104468725963e+00 7.6223718943198024e+00 -4.7375043801156300e+00
2.0341812431993911e+00 7.6149302398413425e+00 -4.7375043801153485e+00
2.0357520395261859e+00 7.6074885853628826e+00 -4.7375043801155270e+00
2.0373228358529811e+00 7.6000469308844210e+00 -4.7375043801155270e+00
2.0388936321797759e+00 7.5926052764059611e+00 -4.7375043801153485e+00
2.0404644285065707e+00 7.5851636219275012e+00 -4.7375043801156300e+00
2.0420352248333655e+00 7.5777219674490413e+00 -4.7375043801153485e+00
2.0436060211601603e+00 7.5702803129705813e+00 -4.7375043801155270e+00
2.0451768174869556e+00 7.5628386584921197e+00 -4.7375043801155270e+00
2.0467476138137504e+00 7.5553970040136598e+00 -4.7375043801153485e+00
2.0483184101405452e+00 7.5479553495351999e+00 -4.7375043801156300e+00
2.0498892064673400e+00 7.5405136950567400e+00 -4.7375043801155270e+00
2.0514600027941352e+00 7.5330720405782783e+00 -4.7375043801155270e+00
2.0530307991209300e+00 7.5256303860998184e+00 -4.7375043801156300e+00
2.0546015954477248e+00 7.5181887316213585e+00 -4.7375043801156300e+00
2.0561723917745196e+00 7.5107470771428986e+00 -4.7375043801153485e+00
2.0577431881013144e+00 7.5033054226644387e+00 -4.7375043801155270e+00
2.0593139844281096e+00 7.4958637681859770e+00 -4.7375043801155270e+00
2.0608847807549044e+00 7.4884221137075171e+00 -4.7375043801153485e+00
2.0624555770816992e+00 7.4809804592290572e+00 -4.7375043801156300e+00
2.0640263734084940e+00 7.4735388047505973e+00 -4.7375043801155270e+00
2.0655971697352893e+00 7.4660971502721356e+00 -4.7375043801155270e+00
2.0671679660620841e+00 7.4586554957936757e+00 -4.7375043801153485e+00
2.0687387623888789e+00 7.4512138413152158e+00 -4.7375043801153485e+00
2.0703095587156737e+00 7.4437721868367559e+00 -4.7375043801156300e+00
2.0718803550424685e+00 7.4363305323582960e+00 -4.7375043801155270e+00
2.0734511513692637e+00 7.4288888778798343e+00 -4.7375043801155270e+00
2.0750219476960585e+00 7.4214472234013744e+00 -4.7375043801156300e+00
2.0765927440228533e+00 7.4140055689229145e+00 -4.7375043801156300e+00
2.0781635403496481e+00 7.4065639144444546e+00 -4.7375043801152437e+00
2.0797343366764434e+00 7.3991222599659929e+00 -4.7375043801155270e+00
2.0813051330032382e+00 7.3916806054875330e+00 -4.7375043801156300e+00
2.0828759293300330e+00 7.3842389510090731e+00 -4.7375043801153485e+00
2.0844467256568278e+00 7.3767972965306132e+00 -4.7375043801156300e+00
2.0860175219836226e+00 7.3693556420521533e+00 -4.7375043801155270e+00
2.0875883183104178e+00 7.3619139875736916e+00 -4.7375043801155270e+00
2.0891591146372126e+00 7.3544723330952317e+00 -4.7375043801153485e+00
2.0907299109640074e+00 7.3470306786167718e+00 -4.7375043801153485e+00
2.0923007072908022e+00 7.3395890241383119e+00 -4.7375043801155270e+00
2.0938715036175974e+00 7.3321473696598503e+00 -4.7375043801155270e+00
2.0954422999443922e+00 7.3247057151813904e+00 -4.7375043801156300e+00
2.0970130962711870e+00 7.3172640607029305e+00 -4.7375043801156300e+00
2.0985838925979818e+00 7.3098224062244705e+00 -4.7375043801156300e+00
2.1001546889247766e+00 7.3023807517460106e+00 -4.7375043801152437e+00
2.1017254852515719e+00 7.2949390972675490e+00 -4.7375043801152437e+00
2.1032962815783667e+00 7.2874974427890891e+00 -4.7375043801156300e+00
2.1048670779051615e+00 7.2800557883106292e+00 -4.7375043801156300e+00
2.1064378742319563e+00 7.2726141338321693e+00 -4.7375043801155270e+00
2.1080086705587515e+00 7.2651724793537076e+00 -4.7375043801155270e+00
2.1095794668855463e+00 7.2577308248752477e+00 -4.7375043801156300e+00
2.1111502632123411e+00 7.2502891703967878e+00 -4.7375043801153485e+00
2.1127210595391359e+00 7.2428475159183279e+00 -4.7375043801153485e+00
2.1142918558659307e+00 7.2354058614398680e+00 -4.7375043801155270e+00
2.1158626521927260e+00 7.2279642069614063e+00 -4.7375043801155270e+00
2.1174334485195208e+00 7.2205225524829464e+00 -4.7375043801156300e+00
2.1190042448463156e+00 7.2130808980044865e+00 -4.7375043801156300e+00
2.1205750411731104e+00 7.2056392435260266e+00 -4.7375043801155270e+00
2.1221458374999056e+00 7.1981975890475649e+00 -4.7375043801152437e+00
2.1237166338267004e+00 7.1907559345691059e+00 -4.7375043801153485e+00
2.1252874301534952e+00 7.1833142800906460e+00 -4.7375043801156300e+00
2.1268582264802900e+00 7.1758726256121861e+00 -4.7375043801156300e+00
2.1284290228070848e+00 7.1684309711337262e+00 -4.7375043801155270e+00
2.1299998191338800e+00 7.1609893166552645e+00 -4.7375043801155270e+00
2.1315706154606748e+00 7.1535476621768046e+00 -4.7375043801156300e+00
2.1331414117874696e+00 7.1461060076983447e+00 -4.7375043801153485e+00
2.1347122081142644e+00 7.1386643532198848e+00 -4.7375043801153485e+00
2.1362830044410592e+00 7.1312226987414249e+00 -4.7375043801155270e+00
2.1378538007678545e+00 7.1237810442629632e+00 -4.7375043801155270e+00
2.1394245970946493e+00 7.1163393897845033e+00 -4.7375043801156300e+00
2.1409953934214441e+00 7.1088977353060434e+00 -4.7375043801156300e+00
2.1425661897482389e+00 7.1014560808275835e+00 -4.7375043801155270e+00
2.1441369860750341e+00 7.0940144263491218e+00 -4.7375043801152437e+00
2.1457077824018289e+00 7.0865727718706628e+00 -4.7375043801153485e+00
2.1472785787286237e+00 7.0791311173922029e+00 -4.7375043801156300e+00
2.1488493750554185e+00 7.0716894629137430e+00 -4.7375043801156300e+00
2.1504201713822133e+00 7.0642478084352831e+00 -4.7375043801155270e+00
2.1519909677090086e+00 7.0568061539568214e+00 -4.7375043801155270e+00
2.1535617640358033e+00 7.0493644994783615e+00 -4.7375043801156300e+00
2.1551325603625981e+00 7.0419228449999016e+00 -4.7375043801153485e+00
2.1567033566893929e+00 7.0344811905214417e+00 -4.7375043801155270e+00
2.1582741530161882e+00 7.0270395360429800e+00 -4.7375043801155270e+00
2.1598449493429830e+00 7.0195978815645201e+00 -4.7375043801153485e+00
2.1614157456697778e+00 7.0121562270860602e+00 -4.7375043801156300e+00
2.1629865419965726e+00 7.0047145726076003e+00 -4.7375043801156300e+00
2.1645573383233674e+00 6.9972729181291404e+00 -4.7375043801155270e+00
2.1661281346501626e+00 6.9898312636506787e+00 -4.7375043801152437e+00
2.1676989309769574e+00 6.9823896091722197e+00 -4.7375043801153485e+00
2.1692697273037522e+00 6.9749479546937598e+00 -4.7375043801156300e+00
2.1708405236305470e+00 6.9675063002152999e+00 -4.7375043801155270e+00
2.1724113199573423e+00 6.9600646457368383e+00 -4.7375043801155270e+00
2.1739821162841371e+00 6.9526229912583783e+00 -4.7375043801156300e+00
2.1755529126109319e+00 6.9451813367799184e+00 -4.7375043801156300e+00
2.1771237089377267e+00 6.9377396823014585e+00 -4.7375043801153485e+00
2.1786945052645215e+00 6.9302980278229986e+00 -4.7375043801155270e+00
2.1802653015913167e+00 6.9228563733445370e+00 -4.7375043801155270e+00
2.1818360979181115e+00 6.9154147188660771e+00 -4.7375043801153485e+00
2.1834068942449063e+00 6.9079730643876172e+00 -4.7375043801156300e+00
2.1849776905717011e+00 6.9005314099091573e+00 -4.7375043801155270e+00
2.1865484868984963e+00 6.8930897554306956e+00 -4.7375043801155270e+00
2.1881192832252911e+00 6.8856481009522357e+00 -4.7375043801153485e+00
2.1896900795520859e+00 6.8782064464737758e+00 -4.7375043801153485e+00
2.1912608758788807e+00 6.8707647919953159e+00 -4.7375043801156300e+00
2.1928316722056755e+00 6.8633231375168560e+00 -4.7375043801155270e+00
2.1944024685324708e+00 6.8558814830383943e+00 -4.7375043801155270e+00
2.1959732648592656e+00 6.8484398285599344e+00 -4.7375043801156300e+00
2.1975440611860604e+00 6.8409981740814745e+00 -4.7375043801156300e+00
2.1991148575128552e+00 6.8335565196030146e+00 -4.7375043801155270e+00
2.2006856538396504e+00 6.8261148651245529e+00 -4.7375043801155270e+00
2.2022564501664452e+00 6.8186732106460930e+00 -4.7375043801153485e+00
2.2038272464932400e+00 6.8112315561676331e+00 -4.7375043801153485e+00
2.2053980428200348e+00 6.8037899016891732e+00 -4.7375043801156300e+00
2.2069688391468296e+00 6.7963482472107133e+00 -4.7375043801155270e+00
2.2085396354736249e+00 6.7889065927322516e+00 -4.7375043801155270e+00
2.2101104318004197e+00 6.7814649382537917e+00 -4.7375043801153485e+00
2.2116812281272145e+00 6.7740232837753318e+00 -4.7375043801153485e+00
2.2132520244540093e+00 6.7665816292968719e+00 -4.7375043801155270e+00
2.2148228207808045e+00 6.7591399748184102e+00 -4.7375043801155270e+00
2.2163936171075993e+00 6.7516983203399503e+00 -4.7375043801156300e+00
2.2179644134343941e+00 6.7442566658614904e+00 -4.7375043801156300e+00
2.2195352097611889e+00 6.7368150113830305e+00 -4.7375043801156300e+00
2.2211060060879837e+00 6.7293733569045706e+00 -4.7375043801155270e+00
2.2226768024147789e+00 6.7219317024261089e+00 -4.7375043801152437e+00
2.2242475987415737e+00 6.7144900479476499e+00 -4.7375043801153485e+00
2.2258183950683685e+00 6.7070483934691900e+00 -4.7375043801156300e+00
2.2273891913951633e+00 6.6996067389907301e+00 -4.7375043801156300e+00
2.2289599877219581e+00 6.6921650845122702e+00 -4.7375043801155270e+00
2.2305307840487534e+00 6.6847234300338085e+00 -4.7375043801155270e+00
2.2321015803755482e+00 6.6772817755553486e+00 -4.7375043801153485e+00
2.2336723767023430e+00 6.6698401210768887e+00 -4.7375043801153485e+00
2.2352431730291378e+00 6.6623984665984288e+00 -4.7375043801155270e+00
2.2368139693559330e+00 6.6549568121199671e+00 -4.7375043801155270e+00
2.2383847656827278e+00 6.6475151576415072e+00 -4.7375043801156300e+00
2.2399555620095226e+00 6.6400735031630473e+00 -4.7375043801156300e+00
2.2415263583363174e+00 6.6326318486845874e+00 -4.7375043801156300e+00
2.2430971546631122e+00 6.6251901942061275e+00 -4.7375043801155270e+00
2.2446679509899075e+00 6.6177485397276659e+00 -4.7375043801152437e+00
2.2462387473167023e+00 6.6103068852492068e+00 -4.7375043801153485e+00
2.2478095436434971e+00 6.6028652307707469e+00 -4.7375043801156300e+00
2.2493803399702919e+00 6.5954235762922870e+00 -4.7375043801155270e+00
2.2509511362970871e+00 6.5879819218138254e+00 -4.7375043801155270e+00
2.2525219326238819e+00 6.5805402673353655e+00 -4.7375043801156300e+00
2.2540927289506767e+00 6.5730986128569056e+00 -4.7375043801153485e+00
2.2556635252774715e+00 6.5656569583784457e+00 -4.7375043801153485e+00
2.2572343216042663e+00 6.5582153038999857e+00 -4.7375043801155270e+00
2.2588051179310615e+00 6.5507736494215241e+00 -4.7375043801155270e+00
2.2603759142578563e+00 6.5433319949430642e+00 -4.7375043801156300e+00
2.2619467105846511e+00 6.5358903404646043e+00 -4.7375043801156300e+00
2.2635175069114459e+00 6.5284486859861444e+00 -4.7375043801155270e+00
2.2650883032382412e+00 6.5210070315076827e+00 -4.7375043801155270e+00
2.2666590995650360e+00 6.5135653770292228e+00 -4.7375043801153485e+00
2.2682298958918308e+00 6.5061237225507629e+00 -4.7375043801153485e+00
2.2698006922186256e+00 6.4986820680723030e+00 -4.7375043801156300e+00
2.2713714885454204e+00 6.4912404135938431e+00 -4.7375043801155270e+00
2.2729422848722156e+00 6.4837987591153814e+00 -4.7375043801155270e+00
2.2745130811990104e+00 6.4763571046369215e+00 -4.7375043801156300e+00
2.2760838775258052e+00 6.4689154501584616e+00 -4.7375043801153485e+00
2.2776546738526000e+00 6.4614737956800017e+00 -4.7375043801155270e+00
2.2792254701793953e+00 6.4540321412015400e+00 -4.7375043801155270e+00
2.2807962665061901e+00 6.4465904867230801e+00 -4.7375043801153485e+00
2.2823670628329848e+00 6.4391488322446202e+00 -4.7375043801156300e+00
2.2839378591597796e+00 6.4317071777661603e+00 -4.7375043801156300e+00
2.2855086554865744e+00 6.4242655232877004e+00 -4.7375043801155270e+00
2.2870794518133697e+00 6.4168238688092387e+00 -4.7375043801155270e+00
2.2886502481401645e+00 6.4093822143307788e+00 -4.7375043801153485e+00
2.2902210444669593e+00 6.4019405598523189e+00 -4.7375043801153485e+00
2.2917918407937541e+00 6.3944989053738590e+00 -4.7375043801155270e+00
2.2933626371205493e+00 6.3870572508953973e+00 -4.7375043801155270e+00
2.2949334334473441e+00 6.3796155964169374e+00 -4.7375043801156300e+00
2.2965042297741389e+00 6.3721739419384775e+00 -4.7375043801156300e+00
2.2980750261009337e+00 6.3647322874600176e+00 -4.7375043801153485e+00
2.2996458224277285e+00 6.3572906329815577e+00 -4.7375043801155270e+00
2.3012166187545238e+00 6.3498489785030960e+00 -4.7375043801155270e+00
2.3027874150813186e+00 6.3424073240246361e+00 -4.7375043801153485e+00
2.3043582114081134e+00 6.3349656695461762e+00 -4.7375043801156300e+00
2.3059290077349082e+00 6.3275240150677163e+00 -4.7375043801156300e+00
2.3074998040617030e+00 6.3200823605892564e+00 -4.7375043801155270e+00
2.3090706003884982e+00 6.3126407061107948e+00 -4.7375043801155270e+00
2.3106413967152930e+00 6.3051990516323349e+00 -4.7375043801153485e+00
2.3122121930420878e+00 6.2977573971538749e+00 -4.7375043801153485e+00
2.3137829893688826e+00 6.2903157426754150e+00 -4.7375043801155270e+00
2.3153537856956778e+00 6.2828740881969534e+00 -4.7375043801155270e+00
2.3169245820224726e+00 6.2754324337184935e+00 -4.7375043801156300e+00
2.3184953783492674e+00 6.2679907792400336e+00 -4.7375043801156300e+00
2.3200661746760622e+00 6.2605491247615737e+00 -4.7375043801153485e+00
2.3216369710028570e+00 6.2531074702831138e+00 -4.7375043801155270e+00
2.3232077673296523e+00 6.2456658158046521e+00 -4.7375043801155270e+00
2.3247785636564471e+00 6.2382241613261922e+00 -4.7375043801153485e+00
2.3263493599832419e+00 6.2307825068477323e+00 -4.7375043801156300e+00
2.3279201563100367e+00 6.2233408523692724e+00 -4.7375043801155270e+00
2.3294909526368319e+00 6.2158991978908107e+00 -4.7375043801155270e+00
2.3310617489636267e+00 6.2084575434123508e+00 -4.7375043801156300e+00
2.3326325452904215e+00 6.2010158889338909e+00 -4.7375043801153485e+00
2.3342033416172163e+00 6.1935742344554310e+00 -4.7375043801153485e+00
2.3357741379440111e+00 6.1861325799769711e+00 -4.7375043801155270e+00
2.3373449342708064e+00 6.1779078551259454e+00 -5.7345405447743421e+00
2.3389157305976012e+00 6.1704277753208983e+00 -3.7893928607873049e+00
2.3404865269243960e+00 6.1653380314896724e+00 -2.6910702577011967e+00
2.3420573232511908e+00 6.1606302944598639e+00 -3.3030066948658625e+00
2.3436281195779860e+00 6.1544901285425855e+00 -4.5148953622458610e+00
2.3451989159047808e+00 6.1463865184001198e+00 -5.8029415262587243e+00
2.3467697122315756e+00 6.1362977364442983e+00 -7.0424946181050778e+00
2.3483405085583704e+00 6.1242903690019013e+00 -8.2457604377207865e+00
2.3499113048851652e+00 6.1104180904540799e+00 -9.4169731849481924e+00
2.3514821012119604e+00 6.0947300260342381e+00 -1.0557690814742870e+01
2.3530528975387552e+00 6.0772737775991805e+00 -1.1668294995495067e+01
2.3546236938655500e+00 6.0580968286534658e+00 -1.2748554749557501e+01
2.3561944901923448e+00 6.0372473093807626e+00 -1.3797877677167316e+01
2.3577652865191401e+00 6.0147744649921480e+00 -1.4815436481089943e+01
2.3593360828459349e+00 5.9907289694719585e+00 -1.5800239287969607e+01
2.3609068791727297e+00 5.9651631505936509e+00 -1.6751172301430834e+01
2.3624776754995245e+00 5.9381311593690915e+00 -1.7667027898613636e+01
2.3640484718263193e+00 5.9096891016919848e+00 -1.8546524669518700e+01
2.3656192681531145e+00 5.8798513238880137e+00 -1.9444113957510105e+01
2.3671900644799093e+00 5.8482981797968341e+00 -2.0730596860109181e+01
2.3687608608067041e+00 5.8137363592714468e+00 -2.3274879770856078e+01
2.3703316571334989e+00 5.7735718308887067e+00 -2.7864186061689903e+01
2.3719024534602942e+00 5.7247617575441598e+00 -3.4282729501997068e+01
2.3734732497870890e+00 5.6658778473440883e+00 -4.0690593513372455e+01
2.3750440461138838e+00 5.5986456610564463e+00 -4.4912084747059502e+01
2.3766148424406786e+00 5.5268301033009557e+00 -4.6526323314449051e+01
2.3781856387674734e+00 5.4538781979451114e+00 -4.6358927448394148e+01
2.3797564350942686e+00 5.3815431314472457e+00 -4.5740939687716036e+01
2.3813272314210634e+00 5.3098368617638965e+00 -4.5558318478574542e+01
2.3828980277478582e+00 5.2379855102868937e+00 -4.5925663564615725e+01
2.3844688240746530e+00 5.1655287219484549e+00 -4.6329184632395659e+01
2.3860396204014482e+00 5.0928318421640206e+00 -4.6231357487983963e+01
2.3876104167282430e+00 5.0207434429903683e+00 -4.5554443056568978e+01
2.3891812130550378e+00 4.9499876171036483e+00 -4.4534672482804538e+01
2.3907520093818326e+00 4.8809556319995391e+00 -4.3359580803321066e+01
2.3923228057086274e+00 4.8136902020218635e+00 -4.2285424637875458e+01
2.3938936020354227e+00 4.7477975745401348e+00 -4.1611674378346315e+01
2.3954643983622175e+00 4.6826336823612493e+00 -4.1357570032674793e+01
2.3970351946890123e+00 4.6175587730131848e+00 -4.1498377919341749e+01
2.3986059910158071e+00 4.5519922098256735e+00 -4.1983563143380081e+01
2.4001767873426019e+00 4.4857083680207293e+00 -4.2411645419649581e+01
2.4017475836693971e+00 4.4194886061931431e+00 -4.1901973982158140e+01
2.4033183799961919e+00 4.3546141938688940e+00 -4.0698693230534936e+01
2.4048891763229867e+00 4.2912657792488176e+00 -3.9959013360030774e+01
2.4064599726497815e+00 4.2283186551976355e+00 -4.0187754209289174e+01
2.4080307689765768e+00 4.1641295096442512e+00 -4.1540404252022867e+01
2.4096015653033716e+00 4.0969377104753688e+00 -4.4010851531706557e+01
2.4111723616301663e+00 4.0250356118399662e+00 -4.7537743800341865e+01
2.4127431579569611e+00 3.9470189135755862e+00 -5.1796201579543528e+01
2.4143139542837559e+00 3.8626093679310052e+00 -5.5677369888271365e+01
2.4158847506105512e+00 3.7730534479679201e+00 -5.8348768873840712e+01
2.4174555469373460e+00 3.6802842299206495e+00 -5.9768668078110714e+01
2.4190263432641408e+00 3.5862976978630581e+00 -5.9898701210141176e+01
2.4205971395909356e+00 3.4929096193269147e+00 -5.9006693388916901e+01
2.4221679359177308e+00 3.4006006222938465e+00 -5.8524771968400280e+01
2.4237387322445256e+00 3.3081787370858033e+00 -5.9150427077461650e+01
2.4253095285713204e+00 3.2148812578593917e+00 -5.9639612897720241e+01
2.4268803248981152e+00 3.1217390413553550e+00 -5.8952740439510599e+01
2.4284511212249100e+00 3.0308104524060546e+00 -5.6821134757714603e+01
2.4300219175517053e+00 2.9443969889760986e+00 -5.3203904078807199e+01
2.4315927138785001e+00 2.8648247229997557e+00 -4.8110651626463444e+01
2.4331635102052949e+00 2.7940570945051046e+00 -4.1993491460058451e+01
2.4347343065320897e+00 2.7326887813397627e+00 -3.6143071655751257e+01
2.4363051028588849e+00 2.6795009146472024e+00 -3.1577823517303727e+01
2.4378758991856797e+00 2.6322559044586793e+00 -2.8576391746143162e+01
2.4394466955124745e+00 2.5884638499706449e+00 -2.7181383773222748e+01
2.4410174918392693e+00 2.5457058030803319e+00 -2.7259852383167690e+01
2.4425882881660641e+00 2.5023961986744991e+00 -2.7883648613178313e+01
2.4441590844928593e+00 2.4589039764687408e+00 -2.7492368587589713e+01
2.4457298808196541e+00 2.4165829596951269e+00 -2.6392423541979102e+01
2.4473006771464489e+00 2.3755276833603789e+00 -2.5880777807454841e+01
2.4488714734732437e+00 2.3345450224544257e+00 -2.6299966706479619e+01
2.4504422698000390e+00 2.2921434395670697e+00 -2.7687405385055790e+01
2.4520130661268338e+00 2.2469523180371986e+00 -2.9851717617712211e+01
2.4535838624536286e+00 2.1984081163329607e+00 -3.1956679659727630e+01
2.4551546587804234e+00 2.1473044743183403e+00 -3.3110498233280730e+01
2.4567254551072182e+00 2.0950646097717387e+00 -3.3403363119064927e+01
2.4582962514340134e+00 2.0427370989775575e+00 -3.3222092901628109e+01
2.4598670477608082e+00 1.9909906638197339e+00 -3.2663514640391035e+01
2.4614378440876030e+00 1.9404026520677484e+00 -3.1747142411767872e+01
2.4630086404143978e+00 1.8915152019547532e+00 -3.0498292313369042e+01
2.4645794367411931e+00 1.8449129330336818e+00 -2.8837559351308606e+01
2.4661502330679879e+00 1.8009972729207280e+00 -2.7077595737656338e+01
2.4677210293947827e+00 1.7595876270407906e+00 -2.5646802930162679e+01
2.4692918257215775e+00 1.7201169358466168e+00 -2.4608841956292441e+01
2.4708626220483723e+00 1.6819772909491093e+00 -2.3952062149373816e+01
2.4724334183751675e+00 1.6445852657279731e+00 -2.3656943019900815e+01
2.4740042147019623e+00 1.6075570730637898e+00 -2.3488816150212696e+01
2.4755750110287571e+00 1.5710662384021574e+00 -2.2972757561373058e+01
2.4771458073555519e+00 1.5355243302344619e+00 -2.2280605413085283e+01
2.4787166036823467e+00 1.5008411935737549e+00 -2.1879335718783391e+01
2.4802874000091419e+00 1.4665089464466281e+00 -2.1833838983084853e+01
2.4818581963359367e+00 1.4319563383792240e+00 -2.2159907982072006e+01
2.4834289926627315e+00 1.3965347296644957e+00 -2.2940284971658553e+01
2.4849997889895263e+00 1.3595536697544941e+00 -2.4145462911978633e+01
2.4865705853163216e+00 1.3206497013828460e+00 -2.5388608065918909e+01
2.4881413816431164e+00 1.2801636747125427e+00 -2.6159802099916895e+01
2.4897121779699112e+00 1.2391009178981023e+00 -2.6122923692075233e+01
2.4912829742967060e+00 1.1988385534707842e+00 -2.5140710861327758e+01
2.4928537706235008e+00 1.1607953629711294e+00 -2.3297383690728775e+01
2.4944245669502960e+00 1.1259565439883634e+00 -2.1060778329989049e+01
2.4959953632770908e+00 1.0942506738969333e+00 -1.9308389270658200e+01
2.4975661596038856e+00 1.0647799862013494e+00 -1.8214855713901507e+01
2.4991369559306804e+00 1.0369776047252786e+00 -1.7184235819246570e+01
2.5007077522574757e+00 1.0111032598246166e+00 -1.5760003302385568e+01
2.5022785485842705e+00 9.8787524488549061e-01 -1.3814823863810640e+01
2.5038493449110653e+00 9.6808568098511916e-01 -1.1382031467207284e+01
2.5054201412378601e+00 9.5271605000417292e-01 -8.1871904857214091e+00
2.5069909375646549e+00 9.4357026761916585e-01 -3.4575813144125456e+00
2.5085617338914501e+00 9.4085468960502827e-01 0.0000000000000000e+00
2.5101325302182449e+00 9.4196364685433409e-01 1.4119682232370547e+00
2.5117033265450397e+00 9.4532692699529752e-01 2.8702930522602674e+00
2.5132741228718345e+00 9.4956192775169634e-01 2.5218773827703647e+00
2.5148449191986297e+00 9.5175014178567807e-01 2.6424325763901196e-01
2.5164157155254245e+00 9.5195767795491792e-01 0.0000000000000000e+00
2.5179865118522193e+00 9.5090834580027761e-01 -1.3360511948502856e+00
2.5195573081790141e+00 9.4866762200947041e-01 -1.5169269444345586e+00
2.5211281045058089e+00 9.4595955190750880e-01 -1.9310949992981628e+00
2.5226989008326042e+00 9.4223127881626334e-01 -2.8158897340465576e+00
2.5242696971593990e+00 9.3668747765404192e-01 -4.2426971338429560e+00
2.5258404934861938e+00 9.2842602624834991e-01 -6.2761094927927026e+00
2.5274112898129886e+00 9.1643211201520081e-01 -8.9950164050156634e+00
2.5289820861397838e+00 8.9988971692362174e-01 -1.2067415190211054e+01
2.5305528824665786e+00 8.7896901142959016e-01 -1.4569654348549832e+01
2.5321236787933734e+00 8.5496378255972605e-01 -1.5994752328981228e+01
2.5336944751201682e+00 8.2963487188325125e-01 -1.6255018369373214e+01
2.5352652714469630e+00 8.0469831036553052e-01 -1.5495197864711855e+01
2.5368360677737583e+00 7.8136551165911516e-01 -1.4213044137635055e+01
2.5384068641005531e+00 7.5991569238985590e-01 -1.3097713983409758e+01
2.5399776604273478e+00 7.3991149392828615e-01 -1.2372422558592678e+01
2.5415484567541426e+00 7.2099236776699338e-01 -1.1716157021800308e+01
2.5431192530809379e+00 7.0329317779196621e-01 -1.0819151564179494e+01
2.5446900494077327e+00 6.8723450813090869e-01 -9.6273816841190083e+00
2.5462608457345275e+00 6.7325426897200424e-01 -8.1728116578543215e+00
2.5478316420613223e+00 6.6210736274555060e-01 -6.0198701511219044e+00
2.5494024383881171e+00 6.5504972916005000e-01 -2.9661880221890664e+00
2.5509732347149123e+00 6.5252124565033731e-01 -2.5317717058719752e-01
2.5525440310417071e+00 6.5232240076554393e-01 0.0000000000000000e+00
2.5541148273685019e+00 6.5290564804803497e-01 7.4261350442700214e-01
2.5556856236952967e+00 6.5348889533052601e-01 0.0000000000000000e+00
2.5572564200220920e+00 6.5300192809060098e-01 -6.2002594686299206e-01
2.5588272163488868e+00 6.5062830907389768e-01 -2.4021596493392408e+00
2.5603980126756816e+00 6.4667823943202463e-01 -2.6272252231516879e+00
2.5619688090024764e+00 6.4269300372388771e-01 -2.4469344755391380e+00
2.5635396053292712e+00 6.3895489933937744e-01 -2.3125678491675208e+00
2.5651104016560664e+00 6.3536825203573610e-01 -2.2540933308453455e+00
2.5666811979828612e+00 6.3182209599353378e-01 -2.2610127738884893e+00
2.5682519943096560e+00 6.2817004708196034e-01 -2.3889203196341007e+00
2.5698227906364508e+00 6.2401127006916113e-01 -2.9061990307977541e+00
2.5713935869632456e+00 6.1876409292828927e-01 -3.7747144031911133e+00
2.5729643832900408e+00 6.1238979058373788e-01 -4.3412994119879640e+00
2.5745351796168356e+00 6.0540946700519360e-01 -4.5463246032623710e+00
2.5761059759436304e+00 5.9838208713459717e-01 -4.4012133438574308e+00
2.5776767722704252e+00 5.9188514753380417e-01 -3.8709470756285662e+00
2.5792475685972205e+00 5.8644951014206748e-01 -3.0499214023701096e+00
2.5808183649240153e+00 5.8218594644277755e-01 -2.3786165010635338e+00
2.5823891612508101e+00 5.7875528561349221e-01 -1.9894365313567641e+00
2.5839599575776049e+00 5.7572825983280296e-01 -1.8646923955499117e+00
2.5855307539043997e+00 5.7267234587824067e-01 -2.0262180967070775e+00
2.5871015502311949e+00 5.6912136204510033e-01 -2.4950349423614049e+00
2.5886723465579897e+00 5.6461445207925054e-01 -3.2433410507198710e+00
2.5902431428847845e+00 5.5889487466580623e-01 -4.0390510912520003e+00
2.5918139392115793e+00 5.5212702324341745e-01 -4.5780449726261070e+00
2.5933847355383746e+00 5.4470143877961652e-01 -4.8765028094541814e+00
2.5949555318651694e+00 5.3686837812395471e-01 -5.0968597736441801e+00
2.5965263281919642e+00 5.2871181921259347e-01 -5.2883935812636516e+00
2.5980971245187590e+00 5.2027841015720966e-01 -5.4493563249792327e+00
2.5996679208455538e+00 5.1163466954951864e-01 -5.5561960311667349e+00
2.6012387171723490e+00 5.0287909484069959e-01 -5.5917479249822053e+00
2.6028095134991438e+00 4.9408656638648812e-01 -5.6032470011296338e+00
2.6043803098259386e+00 4.8524581320309607e-01 -5.6531495572091242e+00
2.6059511061527334e+00 4.7627867769985555e-01 -5.7641619685160785e+00
2.6075219024795286e+00 4.6708471729329837e-01 -5.9419519938393117e+00
2.6090926988063234e+00 4.5754659513189766e-01 -6.2023623245716202e+00
2.6106634951331182e+00 4.4748636796867042e-01 -6.6067167286689692e+00
2.6122342914599130e+00 4.3665108471445213e-01 -7.1891943890093044e+00
2.6138050877867078e+00 4.2489474032919916e-01 -7.7794481838209224e+00
2.6153758841135031e+00 4.1237446673169520e-01 -8.1618592714212053e+00
2.6169466804402979e+00 3.9945822116603463e-01 -8.2836153522890150e+00
2.6185174767670927e+00 3.8654129688537275e-01 -8.1627234382004836e+00
2.6200882730938875e+00 3.7393096610075283e-01 -7.8932483889698339e+00
2.6216590694206827e+00 3.6163399020323922e-01 -7.7637476043962224e+00
2.6232298657474775e+00 3.4937618940975784e-01 -7.8433690973513190e+00
2.6248006620742723e+00 3.3714011943085986e-01 -7.7360790719292876e+00
2.6263714584010671e+00 3.2551137474348651e-01 -7.0700985196643549e+00
2.6279422547278619e+00 3.1557644561993675e-01 -5.5794461145810210e+00
2.6295130510546572e+00 3.0838367744574774e-01 -3.5786707609069754e+00
2.6310838473814520e+00 3.0418402067397532e-01 -1.7684983152287934e+00
2.6326546437082468e+00 3.0224999444484091e-01 -6.9398036026034926e-01
2.6342254400350416e+00 3.0165862114964892e-01 -5.8979504878481567e-02
2.6357962363618368e+00 3.0161229875483925e-01 0.0000000000000000e+00
2.6373670326886316e+00 3.0197788489870120e-01 4.6547873537229939e-01
2.6389378290154264e+00 3.0303772383680272e-01 8.8395011166874771e-01
2.6405086253422212e+00 3.0480210306056088e-01 1.3625272879294361e+00
2.6420794216690160e+00 3.0750238667878971e-01 2.0755805968002581e+00
2.6436502179958112e+00 3.1164204562995190e-01 3.1951968815351401e+00
2.6452210143226060e+00 3.1777165113859634e-01 4.6092592456979409e+00
2.6467918106494008e+00 3.2595385511309422e-01 5.8086464177226329e+00
2.6483626069761956e+00 3.3547269724756024e-01 6.3111198079715134e+00
2.6499334033029909e+00 3.4519950260876325e-01 6.0734334218514068e+00
2.6515041996297857e+00 3.5415189974604644e-01 5.3251126335121475e+00
2.6530749959565805e+00 3.6190238895515175e-01 4.5431167185645434e+00
2.6546457922833753e+00 3.6865592740676406e-01 4.0557555049182543e+00
2.6562165886101701e+00 3.7483307983636477e-01 3.8092392423067238e+00
2.6577873849369653e+00 3.8068369928887613e-01 3.6400008058259044e+00
2.6593581812637601e+00 3.8627379461526756e-01 3.4775296225753594e+00
2.6609289775905549e+00 3.9159912956734322e-01 3.3028974273681553e+00
2.6624997739173497e+00 3.9660126924559741e-01 3.0660246192743026e+00
2.6640705702441445e+00 4.0110996092540130e-01 2.6746199224708027e+00
2.6656413665709398e+00 4.0497963992006569e-01 2.2524083989658608e+00
2.6672121628977346e+00 4.0832625173030096e-01 2.0086300987036774e+00
2.6687829592245293e+00 4.1148134243298701e-01 2.0085561511827255e+00
2.6703537555513241e+00 4.1483701133494605e-01 2.2640141938298064e+00
2.6719245518781194e+00 4.1882576895675461e-01 2.8146297446195008e+00
2.6734953482049142e+00 4.2408969925338363e-01 3.8876144697785100e+00
2.6750661445317090e+00 4.3187095579421264e-01 6.0197890657347113e+00
2.6766369408585038e+00 4.4369286412343917e-01 9.0323321132714245e+00
2.6782077371852986e+00 4.5959677532653931e-01 1.1217156546473497e+01
2.6797785335120938e+00 4.7795976837748777e-01 1.2163332365685905e+01
2.6813493298388886e+00 4.9682178476850192e-01 1.1852532796797593e+01
2.6829201261656834e+00 5.1447724454848676e-01 1.0627096775561709e+01
2.6844909224924782e+00 5.3056798490284807e-01 9.8602701476782553e+00
2.6860617188192735e+00 5.4635214042700486e-01 1.0236740845923753e+01
2.6876325151460683e+00 5.6278465413016254e-01 1.0685785420340332e+01
2.6892033114728631e+00 5.7899582948229467e-01 9.9549241046315959e+00
2.6907741077996579e+00 5.9333213827710896e-01 8.2986311784616369e+00
2.6923449041264527e+00 6.0422768736987686e-01 5.5740127880546302e+00
2.6939157004532479e+00 6.0860550677636982e-01 0.0000000000000000e+00
2.6954864967800427e+00 6.0784273426626012e-01 -9.7119212350862461e-01
2.6970572931068375e+00 6.0207536501085446e-01 -6.3720504815641084e+00
2.6986280894336323e+00 5.8858335355701885e-01 -1.0806512039480211e+01
2.7001988857604275e+00 5.6890739773155119e-01 -1.4245692997961831e+01
2.7017696820872223e+00 5.4492782304290299e-01 -1.6286049761557361e+01
2.7033404784140171e+00 5.1861073996123430e-01 -1.7221901120106043e+01
2.7049112747408119e+00 4.9105422300485158e-01 -1.7864145983927642e+01
2.7064820710676067e+00 4.6186462311951831e-01 -1.9301206885077978e+01
2.7080528673944020e+00 4.2985300958214123e-01 -2.1457245361480975e+01
2.7096236637211968e+00 3.9483383062304012e-01 -2.3130558113406863e+01
2.7111944600479916e+00 3.5805576748628221e-01 -2.3696726251082758e+01
2.7127652563747864e+00 3.2136294991584236e-01 -2.3022020087357358e+01
2.7143360527015816e+00 2.8651672480807716e-01 -2.1345571704582785e+01
2.7159068490283764e+00 2.5442010355186845e-01 -1.9521115731211889e+01
2.7174776453551712e+00 2.2455786124969085e-01 -1.8500672062386180e+01
2.7190484416819660e+00 1.9587187748431581e-01 -1.8023456847322457e+01
2.7206192380087608e+00 1.6809149203631235e-01 -1.7347628473063022e+01
2.7221900343355561e+00 1.4171769403350154e-01 -1.6232534088965568e+01
2.7237608306623509e+00 1.1739234865406356e-01 -1.4739457587477574e+01
2.7253316269891457e+00 9.5390979920697741e-02 -1.3273555122145313e+01
2.7269024233159405e+00 7.5725519285447768e-02 -1.1765287024089183e+01
2.7284732196427357e+00 5.8435098846247729e-02 -1.0249560024192569e+01
2.7300440159695305e+00 4.3421220763910674e-02 -8.8667032700726942e+00
2.7316148122963253e+00 3.0730098158275480e-02 -7.2921358985053981e+00
2.7331856086231201e+00 2.0993061392676506e-02 -5.1054443599961523e+00
2.7347564049499149e+00 1.4939198794263201e-02 -2.6025728986973116e+00
2.7363272012767101e+00 1.1860046972760586e-02 -1.3179249646822606e+00
2.7378979976035049e+00 1.0512567620501307e-02 -3.9773903232848251e-01
2.7394687939302997e+00 1.0200184114999058e-02 0.0000000000000000e+00
2.7410395902570945e+00 1.0510760781640652e-02 3.9543849364013223e-01
2.7426103865838893e+00 1.1625149127574633e-02 1.0234448165951076e+00
2.7441811829106846e+00 1.3900581275804222e-02 1.8737253758918493e+00
2.7457519792374794e+00 1.7592167661280189e-02 2.8265483929023896e+00
2.7473227755642742e+00 2.3144437849927368e-02 4.2428215743378033e+00
2.7488935718910690e+00 3.1493291566405214e-02 6.3872691306915792e+00
2.7504643682178642e+00 4.3683122915502172e-02 9.1333061866276228e+00
2.7520351645446590e+00 6.0051307720955627e-02 1.1707313983210238e+01
2.7536059608714538e+00 7.9699606861108857e-02 1.3309677468820308e+01
2.7551767571982486e+00 1.0109653384351314e-01 1.3933736100989334e+01
2.7567475535250434e+00 1.2319999887950828e-01 1.4209269658512467e+01
2.7583183498518387e+00 1.4607069201008283e-01 1.4910601250831469e+01
2.7598891461786335e+00 1.7046101327612678e-01 1.6144120293892623e+01
2.7614599425054283e+00 1.9661838919730978e-01 1.7160485115463008e+01
2.7630307388322231e+00 2.2342104283112149e-01 1.6965713394947795e+01
2.7646015351590183e+00 2.4858646480647500e-01 1.5075897024012509e+01
2.7661723314858131e+00 2.6953962455002667e-01 1.1602494548632018e+01
2.7677431278126079e+00 2.8472467083761327e-01 7.7317068733583296e+00
2.7693139241394027e+00 2.9407548518237470e-01 4.1741197258694918e+00
2.7708847204661975e+00 2.9862789455863076e-01 1.6221879158032135e+00
2.7724555167929927e+00 2.9990195796838842e-01 0.0000000000000000e+00
2.7740263131197875e+00 2.9972973445235584e-01 -2.1928179114601262e-01
2.7755971094465823e+00 2.9895122619137560e-01 -7.7194571263710199e-01
2.7771679057733771e+00 2.9785836926184589e-01 -6.1952294677802155e-01
2.7787387021001724e+00 2.9692889403532979e-01 -5.6392166747371353e-01
2.7803094984269672e+00 2.9574697785771992e-01 -9.4094074842153752e-01
2.7818802947537620e+00 2.9326648304980035e-01 -2.2173233315320857e+00
2.7834510910805568e+00 2.8916613095857313e-01 -3.0034070983562273e+00
2.7850218874073516e+00 2.8463000017511347e-01 -2.7721739952354842e+00
2.7865926837341468e+00 2.8128258957491270e-01 -1.4898815534048606e+00
2.7881634800609416e+00 2.8011243933918883e-01 0.0000000000000000e+00
2.7897342763877364e+00 2.8126847724321014e-01 1.4719131746127951e+00
2.7913050727145312e+00 2.8740238954781006e-01 6.3380265355419239e+00
2.7928758690413265e+00 3.0099298521194179e-01 1.0966057300533050e+01
2.7944466653681213e+00 3.2074214546538199e-01 1.4179354509460500e+01
2.7960174616949161e+00 3.4441039068750823e-01 1.5955991261841577e+01
2.7975882580217108e+00 3.6989218436244198e-01 1.6488436115868410e+01
2.7991590543485056e+00 3.9579250113479986e-01 1.6488871419867113e+01
2.8007298506753009e+00 4.2241501772480738e-01 1.7407969482890927e+01
2.8023006470020957e+00 4.5131922235234168e-01 1.9394006858005099e+01
2.8038714433288905e+00 4.8276572574548804e-01 2.0644924805799810e+01
2.8054422396556853e+00 5.1460153597920377e-01 1.9889687722453928e+01
2.8070130359824805e+00 5.4336487162088642e-01 1.6732928655018714e+01
2.8085838323092753e+00 5.6553300691801844e-01 1.1492417838330930e+01
2.8101546286360701e+00 5.7914303300332792e-01 5.8364055783632249e+00
2.8117254249628649e+00 5.8564105899706942e-01 2.4371380795859015e+00
2.8132962212896597e+00 5.8800210516296636e-01 5.6903926577967290e-01
2.8148670176164550e+00 5.8844902755721085e-01 0.0000000000000000e+00
2.8164378139432498e+00 5.8745262311653446e-01 -1.2686615364190332e+00
2.8180086102700446e+00 5.8467020346056719e-01 -2.2740251996071059e+00
2.8195794065968394e+00 5.8059472848153248e-01 -2.9150307072788753e+00
2.8211502029236346e+00 5.7513180628959459e-01 -4.0405778573062339e+00
2.8227209992504294e+00 5.6667514850387590e-01 -6.7267732517639818e+00
2.8242917955772242e+00 5.5285051173230781e-01 -1.0875300977397421e+01
2.8258625919040190e+00 5.3303683599120244e-01 -1.4352254502739306e+01
2.8274333882308138e+00 5.0914188953397976e-01 -1.6071736245927870e+01
2.8290041845576090e+00 4.8374785408116106e-01 -1.6260953893000444e+01
2.8305749808844038e+00 4.5870538048278164e-01 -1.5624113790444474e+01
2.8321457772111986e+00 4.3477431534269251e-01 -1.4845864693552004e+01
2.8337165735379934e+00 4.1170664250603306e-01 -1.4524808567097795e+01
2.8352873698647882e+00 3.8866030957035391e-01 -1.4818693887743157e+01
2.8368581661915835e+00 3.6497191652770850e-01 -1.5342304885375608e+01
2.8384289625183783e+00 3.4045039993310039e-01 -1.5879459739760867e+01
2.8399997588451731e+00 3.1498155788284393e-01 -1.6548477117241458e+01
2.8415705551719679e+00 2.8817723127793138e-01 -1.7579851486132149e+01
2.8431413514987631e+00 2.5969405057977585e-01 -1.8686060538588780e+01
2.8447121478255579e+00 2.2972099313390987e-01 -1.9476821478108867e+01
2.8462829441523527e+00 1.9893290636441902e-01 -1.9723788103546809e+01
2.8478537404791475e+00 1.6852481252110557e-01 -1.8992999457780094e+01
2.8494245368059423e+00 1.4007048559998564e-01 -1.7236174797014389e+01
2.8509953331327376e+00 1.1477261099559524e-01 -1.4974079547039770e+01
2.8525661294595324e+00 9.2649153762088737e-02 -1.3194381068919654e+01
2.8541369257863272e+00 7.2617509014507364e-02 -1.2310701169788947e+01
2.8557077221131220e+00 5.3689782368499014e-02 -1.1788828887847833e+01
2.8572785184399172e+00 3.5937472394629445e-02 -1.0814114181274361e+01
2.8588493147667120e+00 2.0488221245780040e-02 -8.8564833179870703e+00
2.8604201110935068e+00 9.0033822023920622e-03 -5.7664679169737703e+00
2.8619909074203016e+00 2.2372044455554168e-03 -2.8484971697386383e+00
2.8635617037470964e+00 0.0000000000000000e+00 0.0000000000000000e+00
2.8651325000738916e+00 9.1731155619392813e-04 1.1679573481884031e+00
2.8667032964006864e+00 6.7027585986917763e-03 6.1983026102914094e+00
2.8682740927274812e+00 1.8945920978061512e-02 9.3901758837369513e+00
2.8698448890542760e+00 3.5024412368095975e-02 1.1081595173740032e+01
2.8714156853810713e+00 5.2981009654943192e-02 1.1781454580752936e+01
2.8729864817078661e+00 7.1828070887179796e-02 1.2215369082177233e+01
2.8745572780346609e+00 9.1755511814100729e-02 1.3157036731354001e+01
2.8761280743614557e+00 1.1368401974312768e-01 1.4763206720923424e+01
2.8776988706882505e+00 1.3814881007131136e-01 1.6386331778576313e+01
2.8792696670150457e+00 1.6458660741599981e-01 1.7275317276367883e+01
2.8808404633418405e+00 1.9171546397457895e-01 1.7266215697465103e+01
2.8824112596686353e+00 2.1837398692843454e-01 1.6676469931615976e+01
2.8839820559954301e+00 2.4414076193306389e-01 1.6130806944573685e+01
2.8855528523222254e+00 2.6934252873370312e-01 1.5957079143186871e+01
2.8871236486490202e+00 2.9433601674355514e-01 1.5865618151822858e+01
2.8886944449758150e+00 3.1878101966169808e-01 1.5258726234725145e+01
2.8902652413026098e+00 3.4155753789869203e-01 1.3741237475998995e+01
2.8918360376294046e+00 3.6125523242969099e-01 1.1338646140983965e+01
2.8934068339561998e+00 3.7690142512879971e-01 8.5827051280634308e+00
2.8949776302829946e+00 3.8843775536336567e-01 6.1058067277107222e+00
2.8965484266097894e+00 3.9652715627710955e-01 4.1939384088854066e+00
2.8981192229365842e+00 4.0189319073434754e-01 2.6383088604818954e+00
2.8996900192633794e+00 4.0471872864190456e-01 9.5927773856712606e-01
2.9012608155901742e+00 4.0547214361596318e-01 0.0000000000000000e+00
2.9028316119169690e+00 4.0422389098362455e-01 -1.5893246133133938e+00
2.9044024082437638e+00 4.0087097893945906e-01 -2.6797355913371685e+00
2.9059732045705586e+00 3.9596552554991221e-01 -3.5660816490894045e+00
2.9075440008973539e+00 3.8945573168183334e-01 -4.7224453318212625e+00
2.9091147972241487e+00 3.8131010869979454e-01 -5.6488839654147132e+00
2.9106855935509435e+00 3.7202493386241586e-01 -6.1733678173164703e+00
2.9122563898777383e+00 3.6225908499920390e-01 -6.2608971432326976e+00
2.9138271862045331e+00 3.5257232077458395e-01 -6.0726741280800436e+00
2.9153979825313283e+00 3.4313291566577137e-01 -5.9459497352326025e+00
2.9169687788581231e+00 3.3361172293759539e-01 -6.1768093593266773e+00
2.9185395751849179e+00 3.2364860983024402e-01 -6.5086202376231306e+00
2.9201103715117127e+00 3.1353978975854868e-01 -6.3623292282727073e+00
2.9216811678385080e+00 3.0427048507492688e-01 -5.4397160471108217e+00
2.9232519641653028e+00 2.9716989877814598e-01 -3.6010312167557519e+00
2.9248227604920976e+00 2.9337270762104906e-01 -1.2337027233790470e+00
2.9263935568188923e+00 2.9240375976792876e-01 0.0000000000000000e+00
2.9279643531456871e+00 2.9370071162729033e-01 1.6513303949570550e+00
2.9295351494724824e+00 2.9802707251099170e-01 3.8571633669656471e+00
2.9311059457992772e+00 3.0542552819706531e-01 5.5628429825145798e+00
2.9326767421260720e+00 3.1506206612939619e-01 6.7067781872702774e+00
2.9342475384528668e+00 3.2618560135209290e-01 7.4561467355225011e+00
2.9358183347796620e+00 3.3851180585428736e-01 8.2380642731605978e+00
2.9373891311064568e+00 3.5280766659212487e-01 9.9639909442820276e+00
2.9389599274332516e+00 3.7068717931662243e-01 1.2800911697145192e+01
2.9405307237600464e+00 3.9257517086993832e-01 1.5067744703367525e+01
2.9421015200868412e+00 4.1668640146153918e-01 1.5631627558088789e+01
2.9436723164136365e+00 4.4012951390143701e-01 1.4217070252055374e+01
2.9452431127404313e+00 4.6016113235832090e-01 1.1287978512297540e+01
2.9468139090672261e+00 4.7567968739485567e-01 8.4708594373687500e+00
2.9483847053940209e+00 4.8783556577876702e-01 7.0064856220194844e+00
2.9499555017208161e+00 4.9836650056315901e-01 6.4019169884924922e+00
2.9515262980476109e+00 5.0800018614667863e-01 5.8640724579905568e+00
2.9530970943744057e+00 5.1663685748998722e-01 5.1324790311915942e+00
2.9546678907012005e+00 5.2392386236563149e-01 4.1456237391571866e+00
2.9562386870279953e+00 5.2955089337870920e-01 3.0189346661450340e+00
2.9578094833547905e+00 5.3192195912091689e-01 0.0000000000000000e+00
2.9593802796815853e+00 5.3150590410829879e-01 -5.2973769485066957e-01
2.9609510760083801e+00 5.2525505661769056e-01 -7.4290885183008006e+00
2.9625218723351749e+00 5.0983671175272804e-01 -1.2202157878134972e+01
2.9640926686619702e+00 4.8872204125308727e-01 -1.4681875576054678e+01
2.9656634649887650e+00 4.6501515042332175e-01 -1.5502675311124028e+01
2.9672342613155598e+00 4.4049152741397801e-01 -1.5721771284551506e+01
2.9688050576423546e+00 4.1509642379797956e-01 -1.6612278881986683e+01
2.9703758539691494e+00 3.8765250451658312e-01 -1.8330404409609272e+01
2.9719466502959446e+00 3.5789537299506080e-01 -1.9557552181469795e+01
2.9735174466227394e+00 3.2765383668124648e-01 -1.8947167746825436e+01
2.9750882429495342e+00 3.0020605025442776e-01 -1.6000439347247397e+01
2.9766590392763290e+00 2.7876467204470129e-01 -1.1299571283000843e+01
2.9782298356031243e+00 2.6433258396990222e-01 -7.0759339669300179e+00
2.9798006319299191e+00 2.5512972386563404e-01 -4.6415114424904935e+00
2.9813714282567139e+00 2.4869631197179559e-01 -3.5497629883146664e+00
2.9829422245835087e+00 2.4347978523129643e-01 -3.0921251438576878e+00
2.9845130209103035e+00 2.3878073711362638e-01 -2.8908887421735314e+00
2.9860838172370987e+00 2.3429384518060639e-01 -2.8219994998994382e+00
2.9876546135638935e+00 2.2975886049913027e-01 -2.9521223313245182e+00
2.9892254098906883e+00 2.2591700195458675e-01 -1.9394838928672853e+00
2.9907962062174831e+00 2.2439373486718994e-01 0.0000000000000000e+00
2.9923670025442783e+00 2.2768366552654407e-01 4.1888698149253765e+00
2.9939377988710731e+00 2.3654299439393381e-01 7.0911780388497148e+00
2.9955085951978679e+00 2.4732924863914227e-01 6.6423074057180775e+00
2.9970793915246627e+00 2.5489317339596224e-01 2.9883807080669720e+00
2.9986501878514575e+00 2.5724024211561025e-01 0.0000000000000000e+00
3.0002209841782528e+00 2.5512929927780864e-01 -2.6877358977638597e+00
3.0017917805050476e+00 2.4908616087810109e-01 -5.0066268870518273e+00
3.0033625768318424e+00 2.4033266950137527e-01 -6.1386644882944168e+00
3.0049333731586372e+00 2.3024576591156121e-01 -6.7043800461887155e+00
3.0065041694854320e+00 2.1977958255569338e-01 -6.6215784849520043e+00
3.0080749658122272e+00 2.0978994576566262e-01 -6.0976221136535846e+00
3.0096457621390220e+00 2.0067018860088529e-01 -5.5140133469234804e+00
3.0112165584658168e+00 1.9203954930790712e-01 -5.4748578972421313e+00
3.0127873547926116e+00 1.8328838013232607e-01 -5.6674767597757540e+00
3.0143581511194069e+00 1.7487917264604452e-01 -5.0394587516385103e+00
3.0159289474462017e+00 1.6801843121409005e-01 -3.6959085457294139e+00
3.0174997437729965e+00 1.6374770075449940e-01 -1.7417543603266945e+00
3.0190705400997913e+00 1.6237973007880940e-01 0.0000000000000000e+00
3.0206413364265861e+00 1.6480963073993379e-01 3.0938456115218744e+00
3.0222121327533813e+00 1.7399352031732240e-01 8.5994457728878437e+00
3.0237829290801761e+00 1.9196552883892803e-01 1.4283226175139182e+01
3.0253537254069709e+00 2.1779794761627869e-01 1.8607630948344859e+01
3.0269245217337657e+00 2.4857642314706235e-01 2.0580741224114902e+01
3.0284953180605609e+00 2.8082477023610325e-01 2.0479129541988009e+01
3.0300661143873557e+00 3.1222778211516050e-01 1.9504427006218229e+01
3.0316369107141505e+00 3.4254873440015887e-01 1.9101408477072063e+01
3.0332077070409453e+00 3.7291344956071271e-01 1.9560147629966789e+01
3.0347785033677401e+00 4.0375452863725092e-01 1.9707933852588287e+01
3.0363492996945354e+00 4.3338518290221711e-01 1.8018986893933977e+01
3.0379200960213302e+00 4.5789047432388819e-01 1.3182119199398933e+01
3.0394908923481250e+00 4.7301785544754771e-01 6.0786606555258027e+00
3.0410616886749198e+00 4.8061658372277638e-01 3.5963406741931743e+00
3.0426324850017150e+00 4.9004073600442727e-01 1.0160296122225198e+01
3.0442032813285098e+00 5.2060741050986881e-01 2.8758402609153521e+01
3.0457740776553046e+00 5.8169371572249495e-01 4.9019096829328603e+01
3.0473448739820994e+00 6.7596439389341523e-01 7.1010058526896415e+01
3.0489156703088942e+00 8.0630088656280963e-01 9.4939518061871468e+01
3.0504864666356895e+00 9.7521664230116190e-01 1.2013070187297683e+02
3.0520572629624843e+00 1.1840465919324519e+00 1.4575984812265034e+02
3.0536280592892791e+00 1.4327240304698994e+00 1.7086610050669549e+02
3.0551988556160738e+00 1.7202173894478245e+00 1.9518181299276353e+02
3.0567696519428691e+00 2.0455958379896524e+00 2.1910289469517522e+02
3.0583404482696639e+00 2.4084731125352046e+00 2.4292680114196946e+02
3.0599112445964587e+00 2.8087354116783927e+00 2.6670298639378456e+02
3.0614820409232535e+00 3.2463099406620102e+00 2.9043420767705476e+02
3.0630528372500483e+00 3.7211269871432711e+00 3.1412163241727768e+02
3.0646236335768435e+00 4.2331184223036384e+00 3.3776610939446783e+02
3.0661944299036383e+00 4.7822174017303736e+00 3.6136842518541448e+02
3.0677652262304331e+00 5.3651644924468780e+00 3.8086286320320050e+02
3.0693360225572279e+00 5.9695909817296950e+00 3.8871684483717451e+02
3.0709068188840232e+00 6.5863544765140478e+00 3.9657082647115072e+02
3.0724776152108180e+00 7.2154549767995899e+00 4.0442480810512473e+02
3.0740484115376128e+00 7.8568924825864910e+00 4.1227878973909867e+02
3.0756192078644076e+00 8.5106669938747519e+00 4.2013277137307273e+02
3.0771900041912024e+00 9.1767785106643736e+00 4.2798675300704667e+02
3.0787608005179976e+00 9.8552270329555505e+00 4.3584073464102289e+02
3.0803315968447924e+00 1.0546012560747895e+01 4.4369471627499689e+02
3.0819023931715872e+00 1.1249135094041600e+01 4.5154869790897089e+02
3.0834731894983820e+00 1.1964594632836667e+01 4.5940267954294490e+02
3.0850439858251772e+00 1.2692391177133299e+01 4.6725666117692111e+02
3.0866147821519720e+00 1.3432524726931089e+01 4.7511064281089511e+02
3.0881855784787668e+00 1.4184995282230240e+01 4.8296462444486906e+02
3.0897563748055616e+00 1.4949802843030749e+01 4.9081860607884312e+02
3.0913271711323564e+00 1.5726947409332618e+01 4.9867258771281706e+02
3.0928979674591517e+00 1.6516428981136073e+01 5.0652656934679328e+02
3.0944687637859465e+00 1.7318247558440667e+01 5.1438055098076734e+02
3.0960395601127413e+00 1.8132403141246620e+01 5.2223453261474128e+02
3.0976103564395361e+00 1.8958895729553937e+01 5.3008851424871523e+02
3.0991811527663309e+00 1.9797725323362609e+01 5.3794249588268929e+02
3.1007519490931261e+00 2.0648891922672888e+01 5.4579647751666550e+02
3.1023227454199209e+00 2.1512395527484287e+01 5.5365045915063956e+02
3.1038935417467157e+00 2.2388236137797044e+01 5.6150444078461351e+02
3.1054643380735105e+00 2.3276413753611163e+01 5.6935842241858745e+02
3.1070351344003058e+00 2.4176928374926895e+01 5.7721240405256367e+02
3.1086059307271006e+00 2.5089780001743740e+01 5.8506638568653761e+02
3.1101767270538954e+00 2.6014968634061940e+01 5.9292036732051167e+02
3.1117475233806902e+00 2.6952494271881505e+01 6.0077434895448573e+02
3.1133183197074850e+00 2.7902356915202429e+01 6.0862833058845968e+02
3.1148891160342802e+00 2.8864556564024987e+01 6.1648231222243589e+02
3.1164599123610750e+00 2.9839093218348630e+01 6.2433629385640984e+02
3.1180307086878698e+00 3.0825966878173638e+01 6.3219027549038390e+02
3.1196015050146646e+00 3.1825177543500008e+01 6.4004425712435784e+02
3.1211723013414598e+00 3.2836725214328027e+01 6.4789823875833406e+02
3.1227430976682546e+00 3.3860609890657116e+01 6.5575222039230812e+02
3.1243138939950494e+00 3.4896831572487564e+01 6.6360620202628206e+02
3.1258846903218442e+00 3.5945390259819376e+01 6.7146018366025601e+02
3.1274554866486390e+00 3.7006285952652547e+01 6.7931416529423007e+02
3.1290262829754343e+00 3.8079518650987389e+01 6.8716814692820628e+02
3.1305970793022291e+00 3.9165088354823283e+01 6.9502212856218034e+02
3.1321678756290239e+00 4.0262995064160535e+01 7.0287611019615429e+02
3.1337386719558187e+00 4.1373238778999152e+01 7.1073009183012823e+02
3.1353094682826139e+00 4.2495819499339447e+01 7.1858407346410445e+02
3.1368802646094087e+00 4.3630737225180788e+01 7.2643805509807839e+02
3.1384510609362035e+00 4.4777991956523493e+01 7.3429203673205245e+02
3.1400218572629983e+00 4.5937583693367550e+01 7.4214601836602651e+02
3.1415926535897931e+00 4.7109512435712972e+01 7.5000000000000045e+02
