# x energy force
0.0000000000000000e+00 3.5106672287326198e+01 -5.0177570128194151e+02
1.5707963267948967e-03 3.4324653361628272e+01 -4.9392171964796819e+02
3.1415926535897933e-03 3.3554971441431704e+01 -4.8606773801399430e+02
4.7123889803846897e-03 3.2797626526736494e+01 -4.7821375638001922e+02
6.2831853071795866e-03 3.2052618617542649e+01 -4.7035977474604476e+02
7.8539816339744835e-03 3.1319947713850176e+01 -4.6250579311207082e+02
9.4247779607693795e-03 3.0599613815659051e+01 -4.5465181147809636e+02
1.0995574287564277e-02 2.9891616922969291e+01 -4.4679782984412191e+02
1.2566370614359173e-02 2.9195957035780896e+01 -4.3894384821014683e+02
1.4137166941154069e-02 2.8512634154093863e+01 -4.3108986657617237e+02
1.5707963267948967e-02 2.7841648277908192e+01 -4.2323588494219786e+02
1.7278759594743863e-02 2.7182999407223875e+01 -4.1538190330822334e+02
1.8849555921538759e-02 2.6536687542040930e+01 -4.0752792167424946e+02
2.0420352248333655e-02 2.5902712682359336e+01 -3.9967394004027494e+02
2.1991148575128554e-02 2.5281074828179108e+01 -3.9181995840629986e+02
2.3561944901923450e-02 2.4671773979500244e+01 -3.8396597677232540e+02
2.5132741228718346e-02 2.4074810136322743e+01 -3.7611199513835152e+02
2.6703537555513242e-02 2.3490183298646599e+01 -3.6825801350437644e+02
2.8274333882308138e-02 2.2917893466471824e+01 -3.6040403187040198e+02
2.9845130209103038e-02 2.2357940639798404e+01 -3.5255005023642804e+02
3.1415926535897934e-02 2.1810324818626349e+01 -3.4469606860245358e+02
3.2986722862692830e-02 2.1275046002955655e+01 -3.3684208696847850e+02
3.4557519189487726e-02 2.0752104192786323e+01 -3.2898810533450404e+02
3.6128315516282622e-02 2.0241499388118353e+01 -3.2113412370052959e+02
3.7699111843077518e-02 1.9743231588951744e+01 -3.1328014206655564e+02
3.9269908169872414e-02 1.9257300795286497e+01 -3.0542616043258118e+02
4.0840704496667310e-02 1.8783707007122608e+01 -2.9757217879860610e+02
4.2411500823462213e-02 1.8322450224460084e+01 -2.8971819716463216e+02
4.3982297150257109e-02 1.7873530447298918e+01 -2.8186421553065713e+02
4.5553093477052005e-02 1.7436947675639122e+01 -2.7401023389668262e+02
4.7123889803846901e-02 1.7012701909480683e+01 -2.6615625226270873e+02
4.8694686130641797e-02 1.6600793148823605e+01 -2.5830227062873371e+02
5.0265482457436693e-02 1.6201221393667890e+01 -2.5044828899475920e+02
5.1836278784231589e-02 1.5813986644013536e+01 -2.4259430736078531e+02
5.3407075111026485e-02 1.5439088899860543e+01 -2.3474032572681025e+02
5.4977871437821381e-02 1.5076528161208913e+01 -2.2688634409283577e+02
5.6548667764616277e-02 1.4726304428058643e+01 -2.1903236245886185e+02
5.8119464091411173e-02 1.4388417700409736e+01 -2.1117838082488737e+02
5.9690260418206076e-02 1.4062867978262188e+01 -2.0332439919091229e+02
6.1261056745000972e-02 1.3749655261616006e+01 -1.9547041755693780e+02
6.2831853071795868e-02 1.3448779550471183e+01 -1.8761643592296389e+02
6.4402649398590764e-02 1.3160240844827722e+01 -1.7976245428898886e+02
6.5973445725385660e-02 1.2884039144685625e+01 -1.7190847265501438e+02
6.7544242052180556e-02 1.2620174450044887e+01 -1.6405449102104046e+02
6.9115038378975452e-02 1.2368646760905513e+01 -1.5620050938706598e+02
7.0685834705770348e-02 1.2129456077267498e+01 -1.4834652775309092e+02
7.2256631032565244e-02 1.1902602399130847e+01 -1.4049254611911644e+02
7.3827427359360140e-02 1.1688085726495556e+01 -1.3263856448514255e+02
7.5398223686155036e-02 1.1485906059361627e+01 -1.2478458285116750e+02
7.6969020012949932e-02 1.1296063397729062e+01 -1.1693060121719301e+02
7.8539816339744828e-02 1.1118557741597856e+01 -1.0907661958321910e+02
8.0110612666539724e-02 1.0953389090968013e+01 -1.0122263794924406e+02
8.1681408993334620e-02 1.0800557445839532e+01 -9.3368656315269575e+01
8.3252205320129516e-02 1.0660062806212411e+01 -8.5514674681295659e+01
8.4823001646924426e-02 1.0531905172086651e+01 -7.7660693047320549e+01
8.6393797973719322e-02 1.0416084543462254e+01 -6.9806711413346633e+01
8.7964594300514218e-02 1.0312600920339218e+01 -6.1952729779372149e+01
8.9535390627309114e-02 1.0221454302717545e+01 -5.4098748145397110e+01
9.1106186954104010e-02 1.0142644690597233e+01 -4.6244766511423201e+01
9.2676983280898906e-02 1.0076172083978284e+01 -3.8390784877448148e+01
9.4247779607693802e-02 1.0022036482860695e+01 -3.0536803243473670e+01
9.5818575934488698e-02 9.9802378872444688e+00 -2.2682821609499754e+01
9.7389372261283594e-02 9.9507762971296039e+00 -1.4828839975524710e+01
9.8960168588078490e-02 9.9336517125161024e+00 -6.9748583415502310e+00
1.0053096491487339e-01 9.9281593240518937e+00 -1.7757012819432174e+00
1.0210176124166828e-01 9.9253700590007323e+00 -1.7757012819426516e+00
1.0367255756846318e-01 9.9225807939495727e+00 -1.7757012819426516e+00
1.0524335389525807e-01 9.9197915288984113e+00 -1.7757012819432174e+00
1.0681415022205297e-01 9.9170022638472499e+00 -1.7757012819426516e+00
1.0838494654884787e-01 9.9142129987960903e+00 -1.7757012819426516e+00
1.0995574287564276e-01 9.9114237337449289e+00 -1.7757012819432174e+00
1.1152653920243766e-01 9.9086344686937675e+00 -1.7757012819432174e+00
1.1309733552923255e-01 9.9058452036426061e+00 -1.7757012819426516e+00
1.1466813185602745e-01 9.9030559385914465e+00 -1.7757012819426516e+00
1.1623892818282235e-01 9.9002666735402851e+00 -1.7757012819432094e+00
1.1780972450961726e-01 9.8974774084891237e+00 -1.7757012819432094e+00
1.1938052083641215e-01 9.8946881434379623e+00 -1.7757012819426516e+00
1.2095131716320705e-01 9.8918988783868027e+00 -1.7757012819426516e+00
1.2252211349000194e-01 9.8891096133356413e+00 -1.7757012819432174e+00
1.2409290981679684e-01 9.8863203482844799e+00 -1.7757012819426516e+00
1.2566370614359174e-01 9.8835310832333185e+00 -1.7757012819426594e+00
1.2723450247038662e-01 9.8807418181821571e+00 -1.7757012819432174e+00
1.2880529879718153e-01 9.8779525531309957e+00 -1.7757012819426516e+00
1.3037609512397641e-01 9.8751632880798361e+00 -1.7757012819426516e+00
1.3194689145077132e-01 9.8723740230286747e+00 -1.7757012819432174e+00
1.3351768777756620e-01 9.8695847579775133e+00 -1.7757012819432174e+00
1.3508848410436111e-01 9.8667954929263519e+00 -1.7757012819426359e+00
1.3665928043115602e-01 9.8640062278751905e+00 -1.7757012819426516e+00
1.3823007675795090e-01 9.8612169628240292e+00 -1.7757012819432174e+00
1.3980087308474581e-01 9.8584276977728678e+00 -1.7757012819432174e+00
1.4137166941154070e-01 9.8556384327217064e+00 -1.7757012819426516e+00
1.4294246573833561e-01 9.8528491676705450e+00 -1.7757012819426516e+00
1.4451326206513049e-01 9.8500599026193836e+00 -1.7757012819432174e+00
1.4608405839192540e-01 9.8472706375682222e+00 -1.7757012819426516e+00
1.4765485471872028e-01 9.8444813725170626e+00 -1.7757012819426516e+00
1.4922565104551519e-01 9.8416921074659012e+00 -1.7757012819432174e+00
1.5079644737231007e-01 9.8389028424147398e+00 -1.7757012819426516e+00
1.5236724369910498e-01 9.8361135773635784e+00 -1.7757012819426516e+00
1.5393804002589986e-01 9.8333243123124170e+00 -1.7757012819432174e+00
1.5550883635269477e-01 9.8305350472612556e+00 -1.7757012819426516e+00
1.5707963267948966e-01 9.8277457822100960e+00 -1.7757012819426516e+00
1.5865042900628457e-01 9.8249565171589346e+00 -1.7757012819432174e+00
1.6022122533307945e-01 9.8221672521077732e+00 -1.7757012819426516e+00
1.6179202165987436e-01 9.8193779870566118e+00 -1.7757012819432174e+00
1.6336281798666924e-01 9.8165887220054504e+00 -1.7757012819432174e+00
1.6493361431346415e-01 9.8137994569542890e+00 -1.7757012819426516e+00
1.6650441064025903e-01 9.8110101919031276e+00 -1.7757012819432174e+00
1.6807520696705394e-01 9.8082209268519662e+00 -1.7757012819426359e+00
1.6964600329384885e-01 9.8054316618008048e+00 -1.7757012819426516e+00
1.7121679962064373e-01 9.8026423967496434e+00 -1.7757012819432174e+00
1.7278759594743864e-01 9.7998531316984820e+00 -1.7757012819426516e+00
1.7435839227423353e-01 9.7970638666473224e+00 -1.7757012819426516e+00
1.7592918860102844e-01 9.7942746015961610e+00 -1.7757012819432174e+00
1.7749998492782332e-01 9.7914853365449996e+00 -1.7757012819426516e+00
1.7907078125461823e-01 9.7886960714938382e+00 -1.7757012819426516e+00
1.8064157758141311e-01 9.7859068064426769e+00 -1.7757012819432174e+00
1.8221237390820802e-01 9.7831175413915155e+00 -1.7757012819432174e+00
1.8378317023500290e-01 9.7803282763403541e+00 -1.7757012819426516e+00
1.8535396656179781e-01 9.7775390112891927e+00 -1.7757012819426516e+00
1.8692476288859269e-01 9.7747497462380313e+00 -1.7757012819432174e+00
1.8849555921538760e-01 9.7719604811868699e+00 -1.7757012819426516e+00
1.9006635554218249e-01 9.7691712161357103e+00 -1.7757012819426516e+00
1.9163715186897740e-01 9.7663819510845489e+00 -1.7757012819432174e+00
1.9320794819577228e-01 9.7635926860333875e+00 -1.7757012819432174e+00
1.9477874452256719e-01 9.7608034209822261e+00 -1.7757012819426516e+00
1.9634954084936207e-01 9.7580141559310665e+00 -1.7757012819426516e+00
1.9792033717615698e-01 9.7552248908799051e+00 -1.7757012819432174e+00
1.9949113350295186e-01 9.7524356258287437e+00 -1.7757012819426516e+00
2.0106192982974677e-01 9.7496463607775823e+00 -1.7757012819426359e+00
2.0263272615654168e-01 9.7468570957264209e+00 -1.7757012819432174e+00
2.0420352248333656e-01 9.7440678306752595e+00 -1.7757012819426516e+00
2.0577431881013147e-01 9.7412785656240981e+00 -1.7757012819426516e+00
2.0734511513692636e-01 9.7384893005729367e+00 -1.7757012819432174e+00
2.0891591146372127e-01 9.7357000355217753e+00 -1.7757012819432174e+00
2.1048670779051615e-01 9.7329107704706139e+00 -1.7757012819432174e+00
2.1205750411731106e-01 9.7301215054194525e+00 -1.7757012819426516e+00
2.1362830044410594e-01 9.7273322403682929e+00 -1.7757012819426516e+00
2.1519909677090085e-01 9.7245429753171315e+00 -1.7757012819432174e+00
2.1676989309769573e-01 9.7217537102659701e+00 -1.7757012819426516e+00
2.1834068942449064e-01 9.7189644452148087e+00 -1.7757012819426516e+00
2.1991148575128552e-01 9.7161751801636473e+00 -1.7757012819432174e+00
2.2148228207808043e-01 9.7133859151124859e+00 -1.7757012819426516e+00
2.2305307840487532e-01 9.7105966500613263e+00 -1.7757012819426516e+00
2.2462387473167023e-01 9.7078073850101649e+00 -1.7757012819432174e+00
2.2619467105846511e-01 9.7050181199590035e+00 -1.7757012819426516e+00
2.2776546738526002e-01 9.7022288549078421e+00 -1.7757012819426516e+00
2.2933626371205490e-01 9.6994395898566808e+00 -1.7757012819432174e+00
2.3090706003884981e-01 9.6966503248055194e+00 -1.7757012819426516e+00
2.3247785636564469e-01 9.6938610597543597e+00 -1.7757012819426516e+00
2.3404865269243960e-01 9.6910717947031983e+00 -1.7757012819432016e+00
2.3561944901923451e-01 9.6882825296520370e+00 -1.7757012819426516e+00
2.3719024534602939e-01 9.6854932646008756e+00 -1.7757012819432174e+00
2.3876104167282430e-01 9.6827039995497142e+00 -1.7757012819432174e+00
2.4033183799961919e-01 9.6799147344985528e+00 -1.7757012819426516e+00
2.4190263432641410e-01 9.6771254694473914e+00 -1.7757012819432174e+00
2.4347343065320898e-01 9.6743362043962300e+00 -1.7757012819426516e+00
2.4504422698000389e-01 9.6715469393450686e+00 -1.7757012819426516e+00
2.4661502330679877e-01 9.6687576742939072e+00 -1.7757012819432174e+00
2.4818581963359368e-01 9.6659684092427458e+00 -1.7757012819426516e+00
2.4975661596038856e-01 9.6631791441915862e+00 -1.7757012819426516e+00
2.5132741228718347e-01 9.6603898791404248e+00 -1.7757012819432016e+00
2.5289820861397838e-01 9.6576006140892634e+00 -1.7757012819426674e+00
2.5446900494077324e-01 9.6548113490381038e+00 -1.7757012819426674e+00
2.5603980126756815e-01 9.6520220839869424e+00 -1.7757012819432016e+00
2.5761059759436306e-01 9.6492328189357810e+00 -1.7757012819432016e+00
2.5918139392115797e-01 9.6464435538846196e+00 -1.7757012819426674e+00
2.6075219024795282e-01 9.6436542888334600e+00 -1.7757012819426674e+00
2.6232298657474773e-01 9.6408650237822986e+00 -1.7757012819432016e+00
2.6389378290154264e-01 9.6380757587311372e+00 -1.7757012819426359e+00
2.6546457922833755e-01 9.6352864936799758e+00 -1.7757012819426674e+00
2.6703537555513240e-01 9.6324972286288144e+00 -1.7757012819432327e+00
2.6860617188192731e-01 9.6297079635776530e+00 -1.7757012819432016e+00
2.7017696820872222e-01 9.6269186985264916e+00 -1.7757012819426359e+00
2.7174776453551713e-01 9.6241294334753320e+00 -1.7757012819426359e+00
2.7331856086231204e-01 9.6213401684241706e+00 -1.7757012819432327e+00
2.7488935718910690e-01 9.6185509033730092e+00 -1.7757012819426674e+00
2.7646015351590181e-01 9.6157616383218478e+00 -1.7757012819426359e+00
2.7803094984269672e-01 9.6129723732706864e+00 -1.7757012819432016e+00
2.7960174616949163e-01 9.6101831082195250e+00 -1.7757012819426674e+00
2.8117254249628648e-01 9.6073938431683654e+00 -1.7757012819426674e+00
2.8274333882308139e-01 9.6046045781172040e+00 -1.7757012819432016e+00
2.8431413514987630e-01 9.6018153130660426e+00 -1.7757012819432016e+00
2.8588493147667121e-01 9.5990260480148812e+00 -1.7757012819426674e+00
2.8745572780346607e-01 9.5962367829637216e+00 -1.7757012819426674e+00
2.8902652413026098e-01 9.5934475179125602e+00 -1.7757012819432016e+00
2.9059732045705589e-01 9.5906582528613988e+00 -1.7757012819432016e+00
2.9216811678385080e-01 9.5878689878102374e+00 -1.7757012819426674e+00
2.9373891311064565e-01 9.5850797227590778e+00 -1.7757012819426674e+00
2.9530970943744056e-01 9.5822904577079164e+00 -1.7757012819432016e+00
2.9688050576423547e-01 9.5795011926567550e+00 -1.7757012819426359e+00
2.9845130209103038e-01 9.5767119276055936e+00 -1.7757012819426674e+00
3.0002209841782523e-01 9.5739226625544323e+00 -1.7757012819432327e+00
3.0159289474462014e-01 9.5711333975032709e+00 -1.7757012819426359e+00
3.0316369107141505e-01 9.5683441324521112e+00 -1.7757012819426359e+00
3.0473448739820996e-01 9.5655548674009498e+00 -1.7757012819432016e+00
3.0630528372500487e-01 9.5627656023497885e+00 -1.7757012819426674e+00
3.0787608005179973e-01 9.5599763372986288e+00 -1.7757012819426674e+00
3.0944687637859464e-01 9.5571870722474674e+00 -1.7757012819432016e+00
3.1101767270538955e-01 9.5543978071963060e+00 -1.7757012819432016e+00
3.1258846903218446e-01 9.5516085421451447e+00 -1.7757012819432327e+00
3.1415926535897931e-01 9.5488192770939833e+00 -1.7757012819426674e+00
3.1573006168577422e-01 9.5460300120428219e+00 -1.7757012819426359e+00
3.1730085801256913e-01 9.5432407469916605e+00 -1.7757012819432016e+00
3.1887165433936404e-01 9.5404514819404991e+00 -1.7757012819426674e+00
3.2044245066615890e-01 9.5376622168893395e+00 -1.7757012819426674e+00
3.2201324699295381e-01 9.5348729518381781e+00 -1.7757012819432016e+00
3.2358404331974872e-01 9.5320836867870167e+00 -1.7757012819426359e+00
3.2515483964654363e-01 9.5292944217358553e+00 -1.7757012819426674e+00
3.2672563597333848e-01 9.5265051566846939e+00 -1.7757012819432327e+00
3.2829643230013339e-01 9.5237158916335325e+00 -1.7757012819426359e+00
3.2986722862692830e-01 9.5209266265823729e+00 -1.7757012819426359e+00
3.3143802495372321e-01 9.5181373615312115e+00 -1.7757012819432327e+00
3.3300882128051806e-01 9.5153480964800501e+00 -1.7757012819432327e+00
3.3457961760731297e-01 9.5125588314288887e+00 -1.7757012819426359e+00
3.3615041393410788e-01 9.5097695663777291e+00 -1.7757012819426359e+00
3.3772121026090279e-01 9.5069803013265677e+00 -1.7757012819432016e+00
3.3929200658769770e-01 9.5041910362754063e+00 -1.7757012819432327e+00
3.4086280291449256e-01 9.5014017712242449e+00 -1.7757012819426674e+00
3.4243359924128747e-01 9.4986125061730835e+00 -1.7757012819426359e+00
3.4400439556808238e-01 9.4958232411219221e+00 -1.7757012819432016e+00
3.4557519189487729e-01 9.4930339760707607e+00 -1.7757012819426674e+00
3.4714598822167214e-01 9.4902447110196011e+00 -1.7757012819426674e+00
3.4871678454846705e-01 9.4874554459684397e+00 -1.7757012819432016e+00
3.5028758087526196e-01 9.4846661809172783e+00 -1.7757012819426359e+00
3.5185837720205687e-01 9.4818769158661169e+00 -1.7757012819426674e+00
3.5342917352885173e-01 9.4790876508149555e+00 -1.7757012819432327e+00
3.5499996985564664e-01 9.4762983857637941e+00 -1.7757012819426359e+00
3.5657076618244155e-01 9.4735091207126345e+00 -1.7757012819426359e+00
3.5814156250923646e-01 9.4707198556614731e+00 -1.7757012819432327e+00
3.5971235883603131e-01 9.4679305906103117e+00 -1.7757012819432327e+00
3.6128315516282622e-01 9.4651413255591503e+00 -1.7757012819432016e+00
3.6285395148962113e-01 9.4623520605079889e+00 -1.7757012819426359e+00
3.6442474781641604e-01 9.4595627954568275e+00 -1.7757012819426674e+00
3.6599554414321089e-01 9.4567735304056662e+00 -1.7757012819432327e+00
3.6756634047000580e-01 9.4539842653545048e+00 -1.7757012819426359e+00
3.6913713679680071e-01 9.4511950003033451e+00 -1.7757012819426359e+00
3.7070793312359562e-01 9.4484057352521837e+00 -1.7757012819432016e+00
3.7227872945039053e-01 9.4456164702010224e+00 -1.7757012819426674e+00
3.7384952577718539e-01 9.4428272051498627e+00 -1.7757012819426674e+00
3.7542032210398030e-01 9.4400379400987013e+00 -1.7757012819432016e+00
3.7699111843077521e-01 9.4372486750475399e+00 -1.7757012819426359e+00
3.7856191475757012e-01 9.4344594099963786e+00 -1.7757012819426674e+00
3.8013271108436497e-01 9.4316701449452172e+00 -1.7757012819432327e+00
3.8170350741115988e-01 9.4288808798940558e+00 -1.7757012819432016e+00
3.8327430373795479e-01 9.4260916148428944e+00 -1.7757012819426359e+00
3.8484510006474970e-01 9.4233023497917330e+00 -1.7757012819426674e+00
3.8641589639154456e-01 9.4205130847405716e+00 -1.7757012819432327e+00
3.8798669271833947e-01 9.4177238196894102e+00 -1.7757012819432016e+00
3.8955748904513438e-01 9.4149345546382488e+00 -1.7757012819426359e+00
3.9112828537192929e-01 9.4121452895870874e+00 -1.7757012819426674e+00
3.9269908169872414e-01 9.4093560245359260e+00 -1.7757012819432327e+00
3.9426987802551905e-01 9.4065667594847646e+00 -1.7757012819426359e+00
3.9584067435231396e-01 9.4037774944336050e+00 -1.7757012819426359e+00
3.9741147067910887e-01 9.4009882293824436e+00 -1.7757012819432327e+00
3.9898226700590372e-01 9.3981989643312822e+00 -1.7757012819426674e+00
4.0055306333269863e-01 9.3954096992801208e+00 -1.7757012819426359e+00
4.0212385965949354e-01 9.3926204342289594e+00 -1.7757012819432016e+00
4.0369465598628845e-01 9.3898311691777980e+00 -1.7757012819432016e+00
4.0526545231308336e-01 9.3870419041266366e+00 -1.7757012819426674e+00
4.0683624863987822e-01 9.3842526390754770e+00 -1.7757012819426674e+00
4.0840704496667313e-01 9.3814633740243156e+00 -1.7757012819432016e+00
4.0997784129346804e-01 9.3786741089731542e+00 -1.7757012819432016e+00
4.1154863762026295e-01 9.3758848439219928e+00 -1.7757012819426674e+00
4.1311943394705780e-01 9.3730955788708332e+00 -1.7757012819426674e+00
4.1469023027385271e-01 9.3703063138196718e+00 -1.7757012819432016e+00
4.1626102660064762e-01 9.3675170487685104e+00 -1.7757012819426359e+00
4.1783182292744253e-01 9.3647277837173490e+00 -1.7757012819426674e+00
4.1940261925423739e-01 9.3619385186661876e+00 -1.7757012819432327e+00
4.2097341558103230e-01 9.3591492536150263e+00 -1.7757012819426359e+00
4.2254421190782721e-01 9.3563599885638666e+00 -1.7757012819426359e+00
4.2411500823462212e-01 9.3535707235127052e+00 -1.7757012819432327e+00
4.2568580456141697e-01 9.3507814584615438e+00 -1.7757012819426674e+00
4.2725660088821188e-01 9.3479921934103825e+00 -1.7757012819426359e+00
4.2882739721500679e-01 9.3452029283592211e+00 -1.7757012819432016e+00
4.3039819354180170e-01 9.3424136633080597e+00 -1.7757012819426674e+00
4.3196898986859655e-01 9.3396243982568983e+00 -1.7757012819432327e+00
4.3353978619539146e-01 9.3368351332057369e+00 -1.7757012819432016e+00
4.3511058252218637e-01 9.3340458681545755e+00 -1.7757012819426359e+00
4.3668137884898128e-01 9.3312566031034141e+00 -1.7757012819432016e+00
4.3825217517577619e-01 9.3284673380522527e+00 -1.7757012819426674e+00
4.3982297150257105e-01 9.3256780730010931e+00 -1.7757012819426674e+00
4.4139376782936596e-01 9.3228888079499317e+00 -1.7757012819432016e+00
4.4296456415616087e-01 9.3200995428987703e+00 -1.7757012819426359e+00
4.4453536048295578e-01 9.3173102778476089e+00 -1.7757012819426674e+00
4.4610615680975063e-01 9.3145210127964475e+00 -1.7757012819432327e+00
4.4767695313654554e-01 9.3117317477452861e+00 -1.7757012819426359e+00
4.4924774946334045e-01 9.3089424826941265e+00 -1.7757012819426359e+00
4.5081854579013536e-01 9.3061532176429651e+00 -1.7757012819432327e+00
4.5238934211693022e-01 9.3033639525918037e+00 -1.7757012819426674e+00
4.5396013844372513e-01 9.3005746875406423e+00 -1.7757012819426359e+00
4.5553093477052004e-01 9.2977854224894809e+00 -1.7757012819432016e+00
4.5710173109731495e-01 9.2949961574383195e+00 -1.7757012819426674e+00
4.5867252742410980e-01 9.2922068923871599e+00 -1.7757012819426674e+00
4.6024332375090471e-01 9.2894176273359985e+00 -1.7757012819432016e+00
4.6181412007769962e-01 9.2866283622848371e+00 -1.7757012819432016e+00
4.6338491640449453e-01 9.2838390972336757e+00 -1.7757012819432327e+00
4.6495571273128938e-01 9.2810498321825143e+00 -1.7757012819426674e+00
4.6652650905808429e-01 9.2782605671313529e+00 -1.7757012819426359e+00
4.6809730538487920e-01 9.2754713020801915e+00 -1.7757012819432016e+00
4.6966810171167411e-01 9.2726820370290302e+00 -1.7757012819426359e+00
4.7123889803846902e-01 9.2698927719778688e+00 -1.7757012819426674e+00
4.7280969436526388e-01 9.2671035069267074e+00 -1.7757012819432327e+00
4.7438049069205879e-01 9.2643142418755460e+00 -1.7757012819426359e+00
4.7595128701885370e-01 9.2615249768243864e+00 -1.7757012819426359e+00
4.7752208334564861e-01 9.2587357117732250e+00 -1.7757012819432327e+00
4.7909287967244346e-01 9.2559464467220636e+00 -1.7757012819432327e+00
4.8066367599923837e-01 9.2531571816709022e+00 -1.7757012819426359e+00
4.8223447232603328e-01 9.2503679166197426e+00 -1.7757012819426359e+00
4.8380526865282819e-01 9.2475786515685812e+00 -1.7757012819432327e+00
4.8537606497962305e-01 9.2447893865174198e+00 -1.7757012819426674e+00
4.8694686130641796e-01 9.2420001214662584e+00 -1.7757012819426359e+00
4.8851765763321287e-01 9.2392108564150970e+00 -1.7757012819432016e+00
4.9008845396000777e-01 9.2364215913639356e+00 -1.7757012819432327e+00
4.9165925028680263e-01 9.2336323263127742e+00 -1.7757012819426674e+00
4.9323004661359754e-01 9.2308430612616128e+00 -1.7757012819426359e+00
4.9480084294039245e-01 9.2280537962104514e+00 -1.7757012819432016e+00
4.9637163926718736e-01 9.2252645311592900e+00 -1.7757012819426674e+00
4.9794243559398221e-01 9.2224752661081304e+00 -1.7757012819426674e+00
4.9951323192077712e-01 9.2196860010569690e+00 -1.7757012819432016e+00
5.0108402824757203e-01 9.2168967360058076e+00 -1.7757012819426359e+00
5.0265482457436694e-01 9.2141074709546480e+00 -1.7757012819426359e+00
5.0422562090116185e-01 9.2113182059034866e+00 -1.7757012819432016e+00
5.0579641722795676e-01 9.2085289408523252e+00 -1.7757012819426359e+00
5.0736721355475167e-01 9.2057396758011638e+00 -1.7757012819426987e+00
5.0893800988154647e-01 9.2029504107500024e+00 -1.7757012819432643e+00
5.1050880620834138e-01 9.2001611456988410e+00 -1.7757012819432016e+00
5.1207960253513629e-01 9.1973718806476796e+00 -1.7757012819432016e+00
5.1365039886193120e-01 9.1945826155965182e+00 -1.7757012819426359e+00
5.1522119518872611e-01 9.1917933505453586e+00 -1.7757012819426359e+00
5.1679199151552102e-01 9.1890040854941972e+00 -1.7757012819432016e+00
5.1836278784231593e-01 9.1862148204430358e+00 -1.7757012819426359e+00
5.1993358416911084e-01 9.1834255553918744e+00 -1.7757012819426987e+00
5.2150438049590564e-01 9.1806362903407130e+00 -1.7757012819432643e+00
5.2307517682270055e-01 9.1778470252895517e+00 -1.7757012819426359e+00
5.2464597314949546e-01 9.1750577602383920e+00 -1.7757012819426359e+00
5.2621676947629037e-01 9.1722684951872306e+00 -1.7757012819432016e+00
5.2778756580308528e-01 9.1694792301360692e+00 -1.7757012819426359e+00
5.2935836212988019e-01 9.1666899650849096e+00 -1.7757012819426359e+00
5.3092915845667510e-01 9.1639007000337482e+00 -1.7757012819432016e+00
5.3249995478347001e-01 9.1611114349825868e+00 -1.7757012819432643e+00
5.3407075111026481e-01 9.1583221699314254e+00 -1.7757012819426987e+00
5.3564154743705972e-01 9.1555329048802641e+00 -1.7757012819426359e+00
5.3721234376385463e-01 9.1527436398291027e+00 -1.7757012819432016e+00
5.3878314009064954e-01 9.1499543747779413e+00 -1.7757012819432016e+00
5.4035393641744445e-01 9.1471651097267799e+00 -1.7757012819426359e+00
5.4192473274423936e-01 9.1443758446756203e+00 -1.7757012819426359e+00
5.4349552907103427e-01 9.1415865796244589e+00 -1.7757012819432016e+00
5.4506632539782918e-01 9.1387973145732975e+00 -1.7757012819426359e+00
5.4663712172462409e-01 9.1360080495221361e+00 -1.7757012819426987e+00
5.4820791805141889e-01 9.1332187844709747e+00 -1.7757012819432643e+00
5.4977871437821380e-01 9.1304295194198133e+00 -1.7757012819426359e+00
5.5134951070500871e-01 9.1276402543686537e+00 -1.7757012819426359e+00
5.5292030703180362e-01 9.1248509893174923e+00 -1.7757012819432016e+00
5.5449110335859852e-01 9.1220617242663309e+00 -1.7757012819432016e+00
5.5606189968539343e-01 9.1192724592151695e+00 -1.7757012819426359e+00
5.5763269601218834e-01 9.1164831941640099e+00 -1.7757012819426359e+00
5.5920349233898325e-01 9.1136939291128485e+00 -1.7757012819432643e+00
5.6077428866577805e-01 9.1109046640616871e+00 -1.7757012819432643e+00
5.6234508499257296e-01 9.1081153990105257e+00 -1.7757012819426359e+00
5.6391588131936787e-01 9.1053261339593661e+00 -1.7757012819426359e+00
5.6548667764616278e-01 9.1025368689082047e+00 -1.7757012819432016e+00
5.6705747397295769e-01 9.0997476038570433e+00 -1.7757012819426359e+00
5.6862827029975260e-01 9.0969583388058837e+00 -1.7757012819426359e+00
5.7019906662654751e-01 9.0941690737547223e+00 -1.7757012819432016e+00
5.7176986295334242e-01 9.0913798087035609e+00 -1.7757012819426359e+00
5.7334065928013733e-01 9.0885905436523995e+00 -1.7757012819426987e+00
5.7491145560693213e-01 9.0858012786012381e+00 -1.7757012819432643e+00
5.7648225193372704e-01 9.0830120135500767e+00 -1.7757012819426359e+00
5.7805304826052195e-01 9.0802227484989171e+00 -1.7757012819426359e+00
5.7962384458731686e-01 9.0774334834477557e+00 -1.7757012819432016e+00
5.8119464091411177e-01 9.0746442183965943e+00 -1.7757012819432016e+00
5.8276543724090668e-01 9.0718549533454329e+00 -1.7757012819432016e+00
5.8433623356770159e-01 9.0690656882942715e+00 -1.7757012819426359e+00
5.8590702989449650e-01 9.0662764232431101e+00 -1.7757012819426987e+00
5.8747782622129130e-01 9.0634871581919487e+00 -1.7757012819432643e+00
5.8904862254808621e-01 9.0606978931407873e+00 -1.7757012819426359e+00
5.9061941887488112e-01 9.0579086280896277e+00 -1.7757012819426359e+00
5.9219021520167603e-01 9.0551193630384663e+00 -1.7757012819432016e+00
5.9376101152847094e-01 9.0523300979873049e+00 -1.7757012819426359e+00
5.9533180785526585e-01 9.0495408329361453e+00 -1.7757012819426359e+00
5.9690260418206076e-01 9.0467515678849839e+00 -1.7757012819432016e+00
5.9847340050885567e-01 9.0439623028338225e+00 -1.7757012819426987e+00
6.0004419683565047e-01 9.0411730377826629e+00 -1.7757012819426987e+00
6.0161499316244538e-01 9.0383837727315015e+00 -1.7757012819432016e+00
6.0318578948924029e-01 9.0355945076803401e+00 -1.7757012819432016e+00
6.0475658581603520e-01 9.0328052426291787e+00 -1.7757012819426359e+00
6.0632738214283011e-01 9.0300159775780191e+00 -1.7757012819426359e+00
6.0789817846962502e-01 9.0272267125268577e+00 -1.7757012819432016e+00
6.0946897479641993e-01 9.0244374474756963e+00 -1.7757012819432016e+00
6.1103977112321484e-01 9.0216481824245349e+00 -1.7757012819426359e+00
6.1261056745000975e-01 9.0188589173733735e+00 -1.7757012819426987e+00
6.1418136377680455e-01 9.0160696523222121e+00 -1.7757012819432643e+00
6.1575216010359946e-01 9.0132803872710507e+00 -1.7757012819426359e+00
6.1732295643039437e-01 9.0104911222198911e+00 -1.7757012819426359e+00
6.1889375275718927e-01 9.0077018571687297e+00 -1.7757012819432016e+00
6.2046454908398418e-01 9.0049125921175683e+00 -1.7757012819426359e+00
6.2203534541077909e-01 9.0021233270664087e+00 -1.7757012819426359e+00
6.2360614173757400e-01 8.9993340620152473e+00 -1.7757012819432016e+00
6.2517693806436891e-01 8.9965447969640859e+00 -1.7757012819426987e+00
6.2674773439116371e-01 8.9937555319129263e+00 -1.7757012819426987e+00
6.2831853071795862e-01 8.9909662668617649e+00 -1.7757012819432016e+00
6.2988932704475353e-01 8.9881770018106035e+00 -1.7757012819432016e+00
6.3146012337154844e-01 8.9853877367594421e+00 -1.7757012819432016e+00
6.3303091969834335e-01 8.9825984717082807e+00 -1.7757012819426359e+00
6.3460171602513826e-01 8.9798092066571211e+00 -1.7757012819426359e+00
6.3617251235193317e-01 8.9770199416059597e+00 -1.7757012819432016e+00
6.3774330867872808e-01 8.9742306765547983e+00 -1.7757012819426359e+00
6.3931410500552299e-01 8.9714414115036369e+00 -1.7757012819426987e+00
6.4088490133231779e-01 8.9686521464524755e+00 -1.7757012819432643e+00
6.4245569765911270e-01 8.9658628814013142e+00 -1.7757012819426359e+00
6.4402649398590761e-01 8.9630736163501545e+00 -1.7757012819426359e+00
6.4559729031270252e-01 8.9602843512989931e+00 -1.7757012819432016e+00
6.4716808663949743e-01 8.9574950862478318e+00 -1.7757012819426359e+00
6.4873888296629234e-01 8.9547058211966721e+00 -1.7757012819426359e+00
6.5030967929308725e-01 8.9519165561455107e+00 -1.7757012819432016e+00
6.5188047561988216e-01 8.9491272910943493e+00 -1.7757012819426987e+00
6.5345127194667696e-01 8.9463380260431897e+00 -1.7757012819426987e+00
6.5502206827347187e-01 8.9435487609920283e+00 -1.7757012819432016e+00
6.5659286460026678e-01 8.9407594959408669e+00 -1.7757012819426359e+00
6.5816366092706169e-01 8.9379702308897055e+00 -1.7757012819432016e+00
6.5973445725385660e-01 8.9351809658385442e+00 -1.7757012819432016e+00
6.6130525358065151e-01 8.9323917007873828e+00 -1.7757012819426359e+00
6.6287604990744642e-01 8.9296024357362214e+00 -1.7757012819432016e+00
6.6444684623424133e-01 8.9268131706850600e+00 -1.7757012819426987e+00
6.6601764256103613e-01 8.9240239056339004e+00 -1.7757012819426987e+00
6.6758843888783104e-01 8.9212346405827390e+00 -1.7757012819432016e+00
6.6915923521462595e-01 8.9184453755315776e+00 -1.7757012819426359e+00
6.7073003154142086e-01 8.9156561104804180e+00 -1.7757012819426359e+00
6.7230082786821577e-01 8.9128668454292566e+00 -1.7757012819432016e+00
6.7387162419501068e-01 8.9100775803780952e+00 -1.7757012819432016e+00
6.7544242052180559e-01 8.9072883153269338e+00 -1.7757012819426359e+00
6.7701321684860050e-01 8.9044990502757742e+00 -1.7757012819426359e+00
6.7858401317539541e-01 8.9017097852246128e+00 -1.7757012819426987e+00
6.8015480950219021e-01 8.8989205201734531e+00 -1.7757012819426987e+00
6.8172560582898512e-01 8.8961312551222917e+00 -1.7757012819432016e+00
6.8329640215578002e-01 8.8933419900711304e+00 -1.7757012819432016e+00
6.8486719848257493e-01 8.8905527250199690e+00 -1.7757012819426359e+00
6.8643799480936984e-01 8.8877634599688093e+00 -1.7757012819426359e+00
6.8800879113616475e-01 8.8849741949176479e+00 -1.7757012819432016e+00
6.8957958746295966e-01 8.8821849298664866e+00 -1.7757012819432016e+00
6.9115038378975457e-01 8.8793956648153252e+00 -1.7757012819426987e+00
6.9272118011654937e-01 8.8766063997641655e+00 -1.7757012819426987e+00
6.9429197644334428e-01 8.8738171347130042e+00 -1.7757012819432016e+00
6.9586277277013919e-01 8.8710278696618428e+00 -1.7757012819426359e+00
6.9743356909693410e-01 8.8682386046106831e+00 -1.7757012819426359e+00
6.9900436542372901e-01 8.8654493395595217e+00 -1.7757012819432016e+00
7.0057516175052392e-01 8.8626600745083604e+00 -1.7757012819426359e+00
7.0214595807731883e-01 8.8598708094571990e+00 -1.7757012819432016e+00
7.0371675440411374e-01 8.8570815444060376e+00 -1.7757012819432016e+00
7.0528755073090865e-01 8.8542922793548762e+00 -1.7757012819426987e+00
7.0685834705770345e-01 8.8515030143037166e+00 -1.7757012819426987e+00
7.0842914338449836e-01 8.8487137492525552e+00 -1.7757012819426359e+00
7.0999993971129327e-01 8.8459244842013938e+00 -1.7757012819432016e+00
7.1157073603808818e-01 8.8431352191502324e+00 -1.7757012819432016e+00
7.1314153236488309e-01 8.8403459540990710e+00 -1.7757012819426359e+00
7.1471232869167800e-01 8.8375566890479114e+00 -1.7757012819426359e+00
7.1628312501847291e-01 8.8347674239967500e+00 -1.7757012819432016e+00
7.1785392134526782e-01 8.8319781589455886e+00 -1.7757012819426987e+00
7.1942471767206262e-01 8.8291888938944290e+00 -1.7757012819426987e+00
7.2099551399885753e-01 8.8263996288432676e+00 -1.7757012819432016e+00
7.2256631032565244e-01 8.8236103637921062e+00 -1.7757012819426359e+00
7.2413710665244735e-01 8.8208210987409466e+00 -1.7757012819426359e+00
7.2570790297924226e-01 8.8180318336897852e+00 -1.7757012819432016e+00
7.2727869930603717e-01 8.8152425686386238e+00 -1.7757012819426359e+00
7.2884949563283208e-01 8.8124533035874641e+00 -1.7757012819426359e+00
7.3042029195962699e-01 8.8096640385363028e+00 -1.7757012819432643e+00
7.3199108828642179e-01 8.8068747734851414e+00 -1.7757012819432643e+00
7.3356188461321670e-01 8.8040855084339800e+00 -1.7757012819432016e+00
7.3513268094001161e-01 8.8012962433828186e+00 -1.7757012819426359e+00
7.3670347726680652e-01 8.7985069783316590e+00 -1.7757012819426359e+00
7.3827427359360143e-01 8.7957177132804976e+00 -1.7757012819432016e+00
7.3984506992039634e-01 8.7929284482293362e+00 -1.7757012819426359e+00
7.4141586624719125e-01 8.7901391831781766e+00 -1.7757012819426359e+00
7.4298666257398616e-01 8.7873499181270152e+00 -1.7757012819432016e+00
7.4455745890078107e-01 8.7845606530758538e+00 -1.7757012819426987e+00
7.4612825522757587e-01 8.7817713880246941e+00 -1.7757012819426987e+00
7.4769905155437077e-01 8.7789821229735328e+00 -1.7757012819432016e+00
7.4926984788116568e-01 8.7761928579223714e+00 -1.7757012819426359e+00
7.5084064420796059e-01 8.7734035928712117e+00 -1.7757012819426359e+00
7.5241144053475550e-01 8.7706143278200503e+00 -1.7757012819432016e+00
7.5398223686155041e-01 8.7678250627688890e+00 -1.7757012819432016e+00
7.5555303318834532e-01 8.7650357977177276e+00 -1.7757012819426359e+00
7.5712382951514023e-01 8.7622465326665662e+00 -1.7757012819426987e+00
7.5869462584193503e-01 8.7594572676154048e+00 -1.7757012819432643e+00
7.6026542216872994e-01 8.7566680025642434e+00 -1.7757012819432016e+00
7.6183621849552485e-01 8.7538787375130820e+00 -1.7757012819426359e+00
7.6340701482231976e-01 8.7510894724619224e+00 -1.7757012819426359e+00
7.6497781114911467e-01 8.7483002074107610e+00 -1.7757012819432016e+00
7.6654860747590958e-01 8.7455109423595996e+00 -1.7757012819426359e+00
7.6811940380270449e-01 8.7427216773084400e+00 -1.7757012819426359e+00
7.6969020012949940e-01 8.7399324122572786e+00 -1.7757012819432016e+00
7.7126099645629431e-01 8.7371431472061172e+00 -1.7757012819426987e+00
7.7283179278308911e-01 8.7343538821549576e+00 -1.7757012819426987e+00
7.7440258910988402e-01 8.7315646171037962e+00 -1.7757012819432016e+00
7.7597338543667893e-01 8.7287753520526348e+00 -1.7757012819426359e+00
7.7754418176347384e-01 8.7259860870014752e+00 -1.7757012819426359e+00
7.7911497809026875e-01 8.7231968219503138e+00 -1.7757012819432016e+00
7.8068577441706366e-01 8.7204075568991524e+00 -1.7757012819432016e+00
7.8225657074385857e-01 8.7176182918479910e+00 -1.7757012819432016e+00
7.8382736707065348e-01 8.7148290267968296e+00 -1.7757012819426987e+00
7.8539816339744828e-01 8.7120397617456700e+00 -1.7757012819426987e+00
7.8696895972424319e-01 8.7092504966945086e+00 -1.7757012819432016e+00
7.8853975605103810e-01 8.7064612316433472e+00 -1.7757012819426359e+00
7.9011055237783301e-01 8.7036719665921876e+00 -1.7757012819426359e+00
7.9168134870462792e-01 8.7008827015410262e+00 -1.7757012819432016e+00
7.9325214503142283e-01 8.6980934364898648e+00 -1.7757012819426359e+00
7.9482294135821774e-01 8.6953041714387052e+00 -1.7757012819426359e+00
7.9639373768501265e-01 8.6925149063875438e+00 -1.7757012819432643e+00
7.9796453401180745e-01 8.6897256413363824e+00 -1.7757012819426987e+00
7.9953533033860236e-01 8.6869363762852210e+00 -1.7757012819426359e+00
8.0110612666539727e-01 8.6841471112340596e+00 -1.7757012819432016e+00
8.0267692299219218e-01 8.6813578461828982e+00 -1.7757012819432016e+00
8.0424771931898709e-01 8.6785685811317368e+00 -1.7757012819426359e+00
8.0581851564578200e-01 8.6757793160805772e+00 -1.7757012819426359e+00
8.0738931197257691e-01 8.6729900510294158e+00 -1.7757012819432016e+00
8.0896010829937182e-01 8.6702007859782544e+00 -1.7757012819432016e+00
8.1053090462616673e-01 8.6674115209270930e+00 -1.7757012819426987e+00
8.1210170095296152e-01 8.6646222558759334e+00 -1.7757012819426987e+00
8.1367249727975643e-01 8.6618329908247720e+00 -1.7757012819432016e+00
8.1524329360655134e-01 8.6590437257736106e+00 -1.7757012819426359e+00
8.1681408993334625e-01 8.6562544607224510e+00 -1.7757012819426359e+00
8.1838488626014116e-01 8.6534651956712896e+00 -1.7757012819432016e+00
8.1995568258693607e-01 8.6506759306201282e+00 -1.7757012819426359e+00
8.2152647891373098e-01 8.6478866655689686e+00 -1.7757012819426359e+00
8.2309727524052589e-01 8.6450974005178072e+00 -1.7757012819432643e+00
8.2466807156732069e-01 8.6423081354666458e+00 -1.7757012819432643e+00
8.2623886789411560e-01 8.6395188704154844e+00 -1.7757012819426359e+00
8.2780966422091051e-01 8.6367296053643248e+00 -1.7757012819426359e+00
8.2938046054770542e-01 8.6339403403131634e+00 -1.7757012819432016e+00
8.3095125687450033e-01 8.6311510752620020e+00 -1.7757012819432016e+00
8.3252205320129524e-01 8.6283618102108406e+00 -1.7757012819426359e+00
8.3409284952809015e-01 8.6255725451596810e+00 -1.7757012819426359e+00
8.3566364585488506e-01 8.6227832801085196e+00 -1.7757012819426987e+00
8.3723444218167986e-01 8.6199940150573600e+00 -1.7757012819426987e+00
8.3880523850847477e-01 8.6172047500061986e+00 -1.7757012819432016e+00
8.4037603483526968e-01 8.6144154849550372e+00 -1.7757012819432016e+00
8.4194683116206459e-01 8.6116262199038758e+00 -1.7757012819426359e+00
8.4351762748885950e-01 8.6088369548527162e+00 -1.7757012819426359e+00
8.4508842381565441e-01 8.6060476898015548e+00 -1.7757012819432016e+00
8.4665922014244932e-01 8.6032584247503934e+00 -1.7757012819426359e+00
8.4823001646924423e-01 8.6004691596992338e+00 -1.7757012819426359e+00
8.4980081279603914e-01 8.5976798946480724e+00 -1.7757012819432643e+00
8.5137160912283394e-01 8.5948906295969110e+00 -1.7757012819426987e+00
8.5294240544962885e-01 8.5921013645457496e+00 -1.7757012819432016e+00
8.5451320177642376e-01 8.5893120994945882e+00 -1.7757012819432016e+00
8.5608399810321867e-01 8.5865228344434268e+00 -1.7757012819426359e+00
8.5765479443001358e-01 8.5837335693922654e+00 -1.7757012819432016e+00
8.5922559075680849e-01 8.5809443043411040e+00 -1.7757012819426359e+00
8.6079638708360340e-01 8.5781550392899444e+00 -1.7757012819426359e+00
8.6236718341039831e-01 8.5753657742387830e+00 -1.7757012819432643e+00
8.6393797973719311e-01 8.5725765091876216e+00 -1.7757012819426987e+00
8.6550877606398802e-01 8.5697872441364602e+00 -1.7757012819426359e+00
8.6707957239078293e-01 8.5669979790852988e+00 -1.7757012819432016e+00
8.6865036871757784e-01 8.5642087140341374e+00 -1.7757012819426359e+00
8.7022116504437275e-01 8.5614194489829778e+00 -1.7757012819426359e+00
8.7179196137116766e-01 8.5586301839318164e+00 -1.7757012819432016e+00
8.7336275769796257e-01 8.5558409188806550e+00 -1.7757012819432016e+00
8.7493355402475748e-01 8.5530516538294936e+00 -1.7757012819426359e+00
8.7650435035155239e-01 8.5502623887783322e+00 -1.7757012819426987e+00
8.7807514667834718e-01 8.5474731237271726e+00 -1.7757012819426987e+00
8.7964594300514209e-01 8.5446838586760112e+00 -1.7757012819426359e+00
8.8121673933193700e-01 8.5418945936248498e+00 -1.7757012819432016e+00
8.8278753565873191e-01 8.5391053285736884e+00 -1.7757012819432016e+00
8.8435833198552682e-01 8.5363160635225270e+00 -1.7757012819432016e+00
8.8592912831232173e-01 8.5335267984713656e+00 -1.7757012819426359e+00
8.8749992463911664e-01 8.5307375334202060e+00 -1.7757012819426359e+00
8.8907072096591155e-01 8.5279482683690446e+00 -1.7757012819432643e+00
8.9064151729270635e-01 8.5251590033178832e+00 -1.7757012819426987e+00
8.9221231361950126e-01 8.5223697382667218e+00 -1.7757012819426359e+00
8.9378310994629617e-01 8.5195804732155604e+00 -1.7757012819432016e+00
8.9535390627309108e-01 8.5167912081643991e+00 -1.7757012819426359e+00
8.9692470259988599e-01 8.5140019431132394e+00 -1.7757012819426359e+00
8.9849549892668090e-01 8.5112126780620780e+00 -1.7757012819432016e+00
9.0006629525347581e-01 8.5084234130109166e+00 -1.7757012819432016e+00
9.0163709158027072e-01 8.5056341479597553e+00 -1.7757012819426987e+00
9.0320788790706552e-01 8.5028448829085956e+00 -1.7757012819426987e+00
9.0477868423386043e-01 8.5000556178574342e+00 -1.7757012819432016e+00
9.0634948056065534e-01 8.4972663528062728e+00 -1.7757012819426359e+00
9.0792027688745025e-01 8.4944770877551132e+00 -1.7757012819426359e+00
9.0949107321424516e-01 8.4916878227039518e+00 -1.7757012819432016e+00
9.1106186954104007e-01 8.4888985576527904e+00 -1.7757012819432016e+00
9.1263266586783498e-01 8.4861092926016291e+00 -1.7757012819426359e+00
9.1420346219462989e-01 8.4833200275504694e+00 -1.7757012819426359e+00
9.1577425852142480e-01 8.4805307624993080e+00 -1.7757012819432643e+00
9.1734505484821960e-01 8.4777414974481466e+00 -1.7757012819426987e+00
9.1891585117501451e-01 8.4749522323969853e+00 -1.7757012819426359e+00
9.2048664750180942e-01 8.4721629673458239e+00 -1.7757012819432016e+00
9.2205744382860433e-01 8.4693737022946625e+00 -1.7757012819426359e+00
9.2362824015539924e-01 8.4665844372435028e+00 -1.7757012819426359e+00
9.2519903648219415e-01 8.4637951721923415e+00 -1.7757012819432016e+00
9.2676983280898906e-01 8.4610059071411801e+00 -1.7757012819432016e+00
9.2834062913578397e-01 8.4582166420900187e+00 -1.7757012819426987e+00
9.2991142546257877e-01 8.4554273770388590e+00 -1.7757012819426987e+00
9.3148222178937368e-01 8.4526381119876977e+00 -1.7757012819432016e+00
9.3305301811616859e-01 8.4498488469365363e+00 -1.7757012819432016e+00
9.3462381444296350e-01 8.4470595818853749e+00 -1.7757012819426359e+00
9.3619461076975841e-01 8.4442703168342153e+00 -1.7757012819426359e+00
9.3776540709655332e-01 8.4414810517830539e+00 -1.7757012819432016e+00
9.3933620342334823e-01 8.4386917867318925e+00 -1.7757012819426359e+00
9.4090699975014314e-01 8.4359025216807328e+00 -1.7757012819426359e+00
9.4247779607693805e-01 8.4331132566295715e+00 -1.7757012819432643e+00
9.4404859240373284e-01 8.4303239915784101e+00 -1.7757012819426987e+00
9.4561938873052775e-01 8.4275347265272487e+00 -1.7757012819426359e+00
9.4719018505732266e-01 8.4247454614760873e+00 -1.7757012819432016e+00
9.4876098138411757e-01 8.4219561964249259e+00 -1.7757012819426359e+00
9.5033177771091248e-01 8.4191669313737663e+00 -1.7757012819426359e+00
9.5190257403770739e-01 8.4163776663226049e+00 -1.7757012819432016e+00
9.5347337036450230e-01 8.4135884012714435e+00 -1.7757012819432016e+00
9.5504416669129721e-01 8.4107991362202821e+00 -1.7757012819426987e+00
9.5661496301809201e-01 8.4080098711691225e+00 -1.7757012819426987e+00
9.5818575934488692e-01 8.4052206061179611e+00 -1.7757012819432016e+00
9.5975655567168183e-01 8.4024313410667997e+00 -1.7757012819432016e+00
9.6132735199847674e-01 8.3996420760156383e+00 -1.7757012819426359e+00
9.6289814832527165e-01 8.3968528109644787e+00 -1.7757012819426359e+00
9.6446894465206656e-01 8.3940635459133173e+00 -1.7757012819432016e+00
9.6603974097886147e-01 8.3912742808621559e+00 -1.7757012819426359e+00
9.6761053730565638e-01 8.3884850158109945e+00 -1.7757012819426987e+00
9.6918133363245118e-01 8.3856957507598331e+00 -1.7757012819432643e+00
9.7075212995924609e-01 8.3829064857086717e+00 -1.7757012819426359e+00
9.7232292628604100e-01 8.3801172206575121e+00 -1.7757012819426359e+00
9.7389372261283591e-01 8.3773279556063507e+00 -1.7757012819432016e+00
9.7546451893963082e-01 8.3745386905551893e+00 -1.7757012819432016e+00
9.7703531526642573e-01 8.3717494255040279e+00 -1.7757012819426359e+00
9.7860611159322064e-01 8.3689601604528683e+00 -1.7757012819426359e+00
9.8017690792001555e-01 8.3661708954017069e+00 -1.7757012819432016e+00
9.8174770424681046e-01 8.3633816303505455e+00 -1.7757012819432643e+00
9.8331850057360526e-01 8.3605923652993841e+00 -1.7757012819426987e+00
9.8488929690040017e-01 8.3578031002482227e+00 -1.7757012819426359e+00
9.8646009322719508e-01 8.3550138351970613e+00 -1.7757012819432016e+00
9.8803088955398999e-01 8.3522245701458999e+00 -1.7757012819426359e+00
9.8960168588078490e-01 8.3494353050947403e+00 -1.7757012819426359e+00
9.9117248220757981e-01 8.3466460400435789e+00 -1.7757012819432016e+00
9.9274327853437472e-01 8.3438567749924175e+00 -1.7757012819426359e+00
9.9431407486116963e-01 8.3410675099412561e+00 -1.7757012819426987e+00
9.9588487118796443e-01 8.3382782448900947e+00 -1.7757012819432643e+00
9.9745566751475934e-01 8.3354889798389333e+00 -1.7757012819426359e+00
9.9902646384155425e-01 8.3326997147877737e+00 -1.7757012819425737e+00
1.0005972601683493e+00 8.3299104497366123e+00 -1.7757012819432014e+00
1.0021680564951441e+00 8.3271211846854509e+00 -1.7757012819433269e+00
1.0037388528219389e+00 8.3243319196342895e+00 -1.7757012819426359e+00
1.0053096491487339e+00 8.3215426545831281e+00 -1.7757012819426359e+00
1.0068804454755287e+00 8.3187533895319667e+00 -1.7757012819432014e+00
1.0084512418023237e+00 8.3159641244808054e+00 -1.7757012819432014e+00
1.0100220381291185e+00 8.3131748594296440e+00 -1.7757012819426359e+00
1.0115928344559135e+00 8.3103855943784826e+00 -1.7757012819426359e+00
1.0131636307827083e+00 8.3075963293273212e+00 -1.7757012819432014e+00
1.0147344271095033e+00 8.3048070642761598e+00 -1.7757012819426359e+00
1.0163052234362981e+00 8.3020177992250002e+00 -1.7757012819427620e+00
1.0178760197630929e+00 8.2992285341738388e+00 -1.7757012819432014e+00
1.0194468160898880e+00 8.2964392691226774e+00 -1.7757012819426359e+00
1.0210176124166828e+00 8.2936500040715178e+00 -1.7757012819426359e+00
1.0225884087434778e+00 8.2908607390203564e+00 -1.7757012819432014e+00
1.0241592050702726e+00 8.2880714739691950e+00 -1.7757012819432014e+00
1.0257300013970676e+00 8.2852822089180336e+00 -1.7757012819426359e+00
1.0273007977238624e+00 8.2824929438668740e+00 -1.7757012819427620e+00
1.0288715940506572e+00 8.2797036788157126e+00 -1.7757012819432014e+00
1.0304423903774522e+00 8.2769144137645512e+00 -1.7757012819426359e+00
1.0320131867042470e+00 8.2741251487133916e+00 -1.7757012819426359e+00
1.0335839830310420e+00 8.2713358836622302e+00 -1.7757012819432014e+00
1.0351547793578368e+00 8.2685466186110688e+00 -1.7757012819432014e+00
1.0367255756846319e+00 8.2657573535599074e+00 -1.7757012819426359e+00
1.0382963720114267e+00 8.2629680885087478e+00 -1.7757012819426359e+00
1.0398671683382217e+00 8.2601788234575864e+00 -1.7757012819432014e+00
1.0414379646650165e+00 8.2573895584064250e+00 -1.7757012819427620e+00
1.0430087609918113e+00 8.2546002933552654e+00 -1.7757012819426359e+00
1.0445795573186063e+00 8.2518110283041040e+00 -1.7757012819432014e+00
1.0461503536454011e+00 8.2490217632529426e+00 -1.7757012819432014e+00
1.0477211499721961e+00 8.2462324982017812e+00 -1.7757012819426359e+00
1.0492919462989909e+00 8.2434432331506216e+00 -1.7757012819426359e+00
1.0508627426257859e+00 8.2406539680994602e+00 -1.7757012819432014e+00
1.0524335389525807e+00 8.2378647030482988e+00 -1.7757012819432014e+00
1.0540043352793758e+00 8.2350754379971374e+00 -1.7757012819426359e+00
1.0555751316061706e+00 8.2322861729459778e+00 -1.7757012819427620e+00
1.0571459279329654e+00 8.2294969078948164e+00 -1.7757012819432014e+00
1.0587167242597604e+00 8.2267076428436550e+00 -1.7757012819426359e+00
1.0602875205865552e+00 8.2239183777924953e+00 -1.7757012819426359e+00
1.0618583169133502e+00 8.2211291127413340e+00 -1.7757012819432014e+00
1.0634291132401450e+00 8.2183398476901726e+00 -1.7757012819426359e+00
1.0649999095669400e+00 8.2155505826390112e+00 -1.7757012819426359e+00
1.0665707058937348e+00 8.2127613175878498e+00 -1.7757012819433269e+00
1.0681415022205296e+00 8.2099720525366884e+00 -1.7757012819426359e+00
1.0697122985473246e+00 8.2071827874855270e+00 -1.7757012819426359e+00
1.0712830948741194e+00 8.2043935224343656e+00 -1.7757012819432014e+00
1.0728538912009145e+00 8.2016042573832042e+00 -1.7757012819426359e+00
1.0744246875277093e+00 8.1988149923320446e+00 -1.7757012819426359e+00
1.0759954838545043e+00 8.1960257272808832e+00 -1.7757012819432014e+00
1.0775662801812991e+00 8.1932364622297218e+00 -1.7757012819432014e+00
1.0791370765080941e+00 8.1904471971785604e+00 -1.7757012819426359e+00
1.0807078728348889e+00 8.1876579321274008e+00 -1.7757012819427620e+00
1.0822786691616837e+00 8.1848686670762394e+00 -1.7757012819432014e+00
1.0838494654884787e+00 8.1820794020250780e+00 -1.7757012819432014e+00
1.0854202618152735e+00 8.1792901369739166e+00 -1.7757012819426359e+00
1.0869910581420685e+00 8.1765008719227552e+00 -1.7757012819426359e+00
1.0885618544688633e+00 8.1737116068715938e+00 -1.7757012819432014e+00
1.0901326507956584e+00 8.1709223418204324e+00 -1.7757012819426359e+00
1.0917034471224532e+00 8.1681330767692728e+00 -1.7757012819426359e+00
1.0932742434492482e+00 8.1653438117181114e+00 -1.7757012819432014e+00
1.0948450397760430e+00 8.1625545466669500e+00 -1.7757012819427620e+00
1.0964158361028378e+00 8.1597652816157904e+00 -1.7757012819426359e+00
1.0979866324296328e+00 8.1569760165646290e+00 -1.7757012819432014e+00
1.0995574287564276e+00 8.1541867515134676e+00 -1.7757012819432014e+00
1.1011282250832226e+00 8.1513974864623062e+00 -1.7757012819426359e+00
1.1026990214100174e+00 8.1486082214111466e+00 -1.7757012819426359e+00
1.1042698177368124e+00 8.1458189563599852e+00 -1.7757012819432014e+00
1.1058406140636072e+00 8.1430296913088238e+00 -1.7757012819432014e+00
1.1074114103904023e+00 8.1402404262576624e+00 -1.7757012819426359e+00
1.1089822067171970e+00 8.1374511612065028e+00 -1.7757012819427620e+00
1.1105530030439918e+00 8.1346618961553414e+00 -1.7757012819432014e+00
1.1121237993707869e+00 8.1318726311041800e+00 -1.7757012819426359e+00
1.1136945956975817e+00 8.1290833660530204e+00 -1.7757012819426359e+00
1.1152653920243767e+00 8.1262941010018590e+00 -1.7757012819432014e+00
1.1168361883511715e+00 8.1235048359506976e+00 -1.7757012819426359e+00
1.1184069846779665e+00 8.1207155708995362e+00 -1.7757012819426359e+00
1.1199777810047613e+00 8.1179263058483748e+00 -1.7757012819433269e+00
1.1215485773315561e+00 8.1151370407972134e+00 -1.7757012819432014e+00
1.1231193736583511e+00 8.1123477757460520e+00 -1.7757012819426359e+00
1.1246901699851459e+00 8.1095585106948924e+00 -1.7757012819426359e+00
1.1262609663119409e+00 8.1067692456437310e+00 -1.7757012819432014e+00
1.1278317626387357e+00 8.1039799805925696e+00 -1.7757012819432014e+00
1.1294025589655308e+00 8.1011907155414082e+00 -1.7757012819426359e+00
1.1309733552923256e+00 8.0984014504902486e+00 -1.7757012819426359e+00
1.1325441516191206e+00 8.0956121854390872e+00 -1.7757012819432014e+00
1.1341149479459154e+00 8.0928229203879258e+00 -1.7757012819427620e+00
1.1356857442727102e+00 8.0900336553367662e+00 -1.7757012819426359e+00
1.1372565405995052e+00 8.0872443902856048e+00 -1.7757012819432014e+00
1.1388273369263000e+00 8.0844551252344434e+00 -1.7757012819426359e+00
1.1403981332530950e+00 8.0816658601832820e+00 -1.7757012819426359e+00
1.1419689295798898e+00 8.0788765951321206e+00 -1.7757012819432014e+00
1.1435397259066848e+00 8.0760873300809592e+00 -1.7757012819426359e+00
1.1451105222334796e+00 8.0732980650297996e+00 -1.7757012819426359e+00
1.1466813185602747e+00 8.0705087999786382e+00 -1.7757012819432014e+00
1.1482521148870695e+00 8.0677195349274768e+00 -1.7757012819427620e+00
1.1498229112138643e+00 8.0649302698763172e+00 -1.7757012819426359e+00
1.1513937075406593e+00 8.0621410048251558e+00 -1.7757012819432014e+00
1.1529645038674541e+00 8.0593517397739944e+00 -1.7757012819432014e+00
1.1545353001942491e+00 8.0565624747228330e+00 -1.7757012819426359e+00
1.1561060965210439e+00 8.0537732096716734e+00 -1.7757012819426359e+00
1.1576768928478389e+00 8.0509839446205120e+00 -1.7757012819432014e+00
1.1592476891746337e+00 8.0481946795693506e+00 -1.7757012819433269e+00
1.1608184855014285e+00 8.0454054145181892e+00 -1.7757012819426359e+00
1.1623892818282235e+00 8.0426161494670279e+00 -1.7757012819426359e+00
1.1639600781550183e+00 8.0398268844158665e+00 -1.7757012819432014e+00
1.1655308744818134e+00 8.0370376193647051e+00 -1.7757012819426359e+00
1.1671016708086082e+00 8.0342483543135454e+00 -1.7757012819426359e+00
1.1686724671354032e+00 8.0314590892623841e+00 -1.7757012819432014e+00
1.1702432634621980e+00 8.0286698242112227e+00 -1.7757012819432014e+00
1.1718140597889930e+00 8.0258805591600613e+00 -1.7757012819426359e+00
1.1733848561157878e+00 8.0230912941089016e+00 -1.7757012819427620e+00
1.1749556524425826e+00 8.0203020290577403e+00 -1.7757012819432014e+00
1.1765264487693776e+00 8.0175127640065789e+00 -1.7757012819426359e+00
1.1780972450961724e+00 8.0147234989554192e+00 -1.7757012819426359e+00
1.1796680414229674e+00 8.0119342339042579e+00 -1.7757012819432014e+00
1.1812388377497622e+00 8.0091449688530965e+00 -1.7757012819432014e+00
1.1828096340765573e+00 8.0063557038019351e+00 -1.7757012819426359e+00
1.1843804304033521e+00 8.0035664387507754e+00 -1.7757012819426359e+00
1.1859512267301471e+00 8.0007771736996141e+00 -1.7757012819432014e+00
1.1875220230569419e+00 7.9979879086484535e+00 -1.7757012819427620e+00
1.1890928193837367e+00 7.9951986435972930e+00 -1.7757012819426359e+00
1.1906636157105317e+00 7.9924093785461316e+00 -1.7757012819432014e+00
1.1922344120373265e+00 7.9896201134949703e+00 -1.7757012819432014e+00
1.1938052083641215e+00 7.9868308484438089e+00 -1.7757012819426359e+00
1.1953760046909163e+00 7.9840415833926484e+00 -1.7757012819426359e+00
1.1969468010177113e+00 7.9812523183414870e+00 -1.7757012819432014e+00
1.1985175973445061e+00 7.9784630532903265e+00 -1.7757012819427620e+00
1.2000883936713009e+00 7.9756737882391660e+00 -1.7757012819426359e+00
1.2016591899980960e+00 7.9728845231880054e+00 -1.7757012819429188e+00
1.2032299863248908e+00 7.9700952581368449e+00 -1.7757012819429188e+00
1.2048007826516858e+00 7.9673059930856835e+00 -1.7757012819429188e+00
1.2063715789784806e+00 7.9645167280345230e+00 -1.7757012819429188e+00
1.2079423753052756e+00 7.9617274629833616e+00 -1.7757012819429188e+00
1.2095131716320704e+00 7.9589381979322011e+00 -1.7757012819429188e+00
1.2110839679588654e+00 7.9561489328810397e+00 -1.7757012819429188e+00
1.2126547642856602e+00 7.9533596678298792e+00 -1.7757012819427616e+00
1.2142255606124550e+00 7.9505704027787187e+00 -1.7757012819429188e+00
1.2157963569392500e+00 7.9477811377275573e+00 -1.7757012819429188e+00
1.2173671532660448e+00 7.9449918726763968e+00 -1.7757012819429188e+00
1.2189379495928399e+00 7.9422026076252354e+00 -1.7757012819429188e+00
1.2205087459196347e+00 7.9394133425740749e+00 -1.7757012819429188e+00
1.2220795422464297e+00 7.9366240775229135e+00 -1.7757012819429188e+00
1.2236503385732245e+00 7.9338348124717530e+00 -1.7757012819429188e+00
1.2252211349000195e+00 7.9310455474205916e+00 -1.7757012819429188e+00
1.2267919312268143e+00 7.9282562823694311e+00 -1.7757012819427616e+00
1.2283627275536091e+00 7.9254670173182706e+00 -1.7757012819429188e+00
1.2299335238804041e+00 7.9226777522671092e+00 -1.7757012819429188e+00
1.2315043202071989e+00 7.9198884872159487e+00 -1.7757012819426359e+00
1.2330751165339939e+00 7.9170992221647882e+00 -1.7757012819429188e+00
1.2346459128607887e+00 7.9143099571136268e+00 -1.7757012819432014e+00
1.2362167091875838e+00 7.9115206920624654e+00 -1.7757012819429188e+00
1.2377875055143785e+00 7.9087314270113049e+00 -1.7757012819427616e+00
1.2393583018411733e+00 7.9059421619601444e+00 -1.7757012819429188e+00
1.2409290981679684e+00 7.9031528969089830e+00 -1.7757012819429188e+00
1.2424998944947632e+00 7.9003636318578225e+00 -1.7757012819426359e+00
1.2440706908215582e+00 7.8975743668066620e+00 -1.7757012819429188e+00
1.2456414871483530e+00 7.8947851017555015e+00 -1.7757012819429188e+00
1.2472122834751480e+00 7.8919958367043410e+00 -1.7757012819426359e+00
1.2487830798019428e+00 7.8892065716531805e+00 -1.7757012819429188e+00
1.2503538761287378e+00 7.8864173066020191e+00 -1.7757012819432014e+00
1.2519246724555326e+00 7.8836280415508577e+00 -1.7757012819430444e+00
1.2534954687823274e+00 7.8808387764996972e+00 -1.7757012819426359e+00
1.2550662651091224e+00 7.8780495114485367e+00 -1.7757012819429188e+00
1.2566370614359172e+00 7.8752602463973762e+00 -1.7757012819429188e+00
1.2582078577627123e+00 7.8724709813462157e+00 -1.7757012819426359e+00
1.2597786540895071e+00 7.8696817162950552e+00 -1.7757012819429188e+00
1.2613494504163021e+00 7.8668924512438938e+00 -1.7757012819429188e+00
1.2629202467430969e+00 7.8641031861927333e+00 -1.7757012819429188e+00
1.2644910430698919e+00 7.8613139211415719e+00 -1.7757012819429188e+00
1.2660618393966867e+00 7.8585246560904114e+00 -1.7757012819430444e+00
1.2676326357234815e+00 7.8557353910392509e+00 -1.7757012819429188e+00
1.2692034320502765e+00 7.8529461259880904e+00 -1.7757012819426359e+00
1.2707742283770713e+00 7.8501568609369299e+00 -1.7757012819429188e+00
1.2723450247038663e+00 7.8473675958857685e+00 -1.7757012819429188e+00
1.2739158210306611e+00 7.8445783308346080e+00 -1.7757012819429188e+00
1.2754866173574562e+00 7.8417890657834466e+00 -1.7757012819429188e+00
1.2770574136842510e+00 7.8389998007322861e+00 -1.7757012819429188e+00
1.2786282100110460e+00 7.8362105356811247e+00 -1.7757012819429188e+00
1.2801990063378408e+00 7.8334212706299642e+00 -1.7757012819427616e+00
1.2817698026646356e+00 7.8306320055788037e+00 -1.7757012819429188e+00
1.2833405989914306e+00 7.8278427405276423e+00 -1.7757012819429188e+00
1.2849113953182254e+00 7.8250534754764818e+00 -1.7757012819429188e+00
1.2864821916450204e+00 7.8222642104253204e+00 -1.7757012819429188e+00
1.2880529879718152e+00 7.8194749453741599e+00 -1.7757012819429188e+00
1.2896237842986102e+00 7.8166856803229985e+00 -1.7757012819429188e+00
1.2911945806254050e+00 7.8138964152718380e+00 -1.7757012819427616e+00
1.2927653769521998e+00 7.8111071502206775e+00 -1.7757012819429188e+00
1.2943361732789949e+00 7.8083178851695161e+00 -1.7757012819429188e+00
1.2959069696057897e+00 7.8055286201183556e+00 -1.7757012819429188e+00
1.2974777659325847e+00 7.8027393550671942e+00 -1.7757012819429188e+00
1.2990485622593795e+00 7.7999500900160337e+00 -1.7757012819429188e+00
1.3006193585861745e+00 7.7971608249648723e+00 -1.7757012819429188e+00
1.3021901549129693e+00 7.7943715599137118e+00 -1.7757012819426359e+00
1.3037609512397643e+00 7.7915822948625513e+00 -1.7757012819429188e+00
1.3053317475665591e+00 7.7887930298113908e+00 -1.7757012819430444e+00
1.3069025438933539e+00 7.7860037647602303e+00 -1.7757012819426359e+00
1.3084733402201489e+00 7.7832144997090698e+00 -1.7757012819429188e+00
1.3100441365469437e+00 7.7804252346579084e+00 -1.7757012819432014e+00
1.3116149328737388e+00 7.7776359696067470e+00 -1.7757012819429188e+00
1.3131857292005336e+00 7.7748467045555865e+00 -1.7757012819426359e+00
1.3147565255273286e+00 7.7720574395044260e+00 -1.7757012819429188e+00
1.3163273218541234e+00 7.7692681744532655e+00 -1.7757012819429188e+00
1.3178981181809184e+00 7.7664789094021049e+00 -1.7757012819426359e+00
1.3194689145077132e+00 7.7636896443509444e+00 -1.7757012819430444e+00
1.3210397108345080e+00 7.7609003792997839e+00 -1.7757012819429188e+00
1.3226105071613030e+00 7.7581111142486234e+00 -1.7757012819426359e+00
1.3241813034880978e+00 7.7553218491974629e+00 -1.7757012819429188e+00
1.3257520998148928e+00 7.7525325841463015e+00 -1.7757012819432014e+00
1.3273228961416876e+00 7.7497433190951401e+00 -1.7757012819429188e+00
1.3288936924684827e+00 7.7469540540439796e+00 -1.7757012819426359e+00
1.3304644887952775e+00 7.7441647889928191e+00 -1.7757012819430444e+00
1.3320352851220723e+00 7.7413755239416586e+00 -1.7757012819429188e+00
1.3336060814488673e+00 7.7385862588904981e+00 -1.7757012819426359e+00
1.3351768777756621e+00 7.7357969938393376e+00 -1.7757012819429188e+00
1.3367476741024571e+00 7.7330077287881762e+00 -1.7757012819429188e+00
1.3383184704292519e+00 7.7302184637370157e+00 -1.7757012819429188e+00
1.3398892667560469e+00 7.7274291986858543e+00 -1.7757012819429188e+00
1.3414600630828417e+00 7.7246399336346938e+00 -1.7757012819429188e+00
1.3430308594096367e+00 7.7218506685835324e+00 -1.7757012819429188e+00
1.3446016557364315e+00 7.7190614035323719e+00 -1.7757012819427616e+00
1.3461724520632263e+00 7.7162721384812114e+00 -1.7757012819429188e+00
1.3477432483900214e+00 7.7134828734300500e+00 -1.7757012819429188e+00
1.3493140447168162e+00 7.7106936083788895e+00 -1.7757012819429188e+00
1.3508848410436112e+00 7.7079043433277281e+00 -1.7757012819429188e+00
1.3524556373704060e+00 7.7051150782765676e+00 -1.7757012819429188e+00
1.3540264336972010e+00 7.7023258132254062e+00 -1.7757012819429188e+00
1.3555972300239958e+00 7.6995365481742457e+00 -1.7757012819429188e+00
1.3571680263507908e+00 7.6967472831230843e+00 -1.7757012819429188e+00
1.3587388226775856e+00 7.6939580180719238e+00 -1.7757012819427616e+00
1.3603096190043804e+00 7.6911687530207633e+00 -1.7757012819429188e+00
1.3618804153311754e+00 7.6883794879696019e+00 -1.7757012819429188e+00
1.3634512116579702e+00 7.6855902229184414e+00 -1.7757012819429188e+00
1.3650220079847653e+00 7.6828009578672800e+00 -1.7757012819429188e+00
1.3665928043115600e+00 7.6800116928161195e+00 -1.7757012819426359e+00
1.3681636006383551e+00 7.6772224277649590e+00 -1.7757012819429188e+00
1.3697343969651499e+00 7.6744331627137985e+00 -1.7757012819430444e+00
1.3713051932919447e+00 7.6716438976626380e+00 -1.7757012819429188e+00
1.3728759896187397e+00 7.6688546326114766e+00 -1.7757012819429188e+00
1.3744467859455345e+00 7.6660653675603161e+00 -1.7757012819429188e+00
1.3760175822723295e+00 7.6632761025091547e+00 -1.7757012819429188e+00
1.3775883785991243e+00 7.6604868374579942e+00 -1.7757012819426359e+00
1.3791591749259193e+00 7.6576975724068337e+00 -1.7757012819429188e+00
1.3807299712527141e+00 7.6549083073556732e+00 -1.7757012819429188e+00
1.3823007675795091e+00 7.6521190423045127e+00 -1.7757012819426359e+00
1.3838715639063039e+00 7.6493297772533522e+00 -1.7757012819430444e+00
1.3854423602330987e+00 7.6465405122021908e+00 -1.7757012819432014e+00
1.3870131565598938e+00 7.6437512471510294e+00 -1.7757012819429188e+00
1.3885839528866886e+00 7.6409619820998689e+00 -1.7757012819426359e+00
1.3901547492134836e+00 7.6381727170487084e+00 -1.7757012819429188e+00
1.3917255455402784e+00 7.6353834519975479e+00 -1.7757012819429188e+00
1.3932963418670734e+00 7.6325941869463874e+00 -1.7757012819426359e+00
1.3948671381938682e+00 7.6298049218952269e+00 -1.7757012819429188e+00
1.3964379345206632e+00 7.6270156568440655e+00 -1.7757012819429188e+00
1.3980087308474580e+00 7.6242263917929050e+00 -1.7757012819427616e+00
1.3995795271742528e+00 7.6214371267417444e+00 -1.7757012819429188e+00
1.4011503235010478e+00 7.6186478616905831e+00 -1.7757012819432014e+00
1.4027211198278426e+00 7.6158585966394217e+00 -1.7757012819429188e+00
1.4042919161546377e+00 7.6130693315882612e+00 -1.7757012819426359e+00
1.4058627124814325e+00 7.6102800665371007e+00 -1.7757012819429188e+00
1.4074335088082275e+00 7.6074908014859393e+00 -1.7757012819429188e+00
1.4090043051350223e+00 7.6047015364347788e+00 -1.7757012819429188e+00
1.4105751014618173e+00 7.6019122713836174e+00 -1.7757012819429188e+00
1.4121458977886121e+00 7.5991230063324569e+00 -1.7757012819427616e+00
1.4137166941154069e+00 7.5963337412812963e+00 -1.7757012819429188e+00
1.4152874904422019e+00 7.5935444762301350e+00 -1.7757012819429188e+00
1.4168582867689967e+00 7.5907552111789744e+00 -1.7757012819429188e+00
1.4184290830957917e+00 7.5879659461278131e+00 -1.7757012819429188e+00
1.4199998794225865e+00 7.5851766810766525e+00 -1.7757012819429188e+00
1.4215706757493816e+00 7.5823874160254912e+00 -1.7757012819429188e+00
1.4231414720761764e+00 7.5795981509743307e+00 -1.7757012819427616e+00
1.4247122684029712e+00 7.5768088859231701e+00 -1.7757012819429188e+00
1.4262830647297662e+00 7.5740196208720088e+00 -1.7757012819429188e+00
1.4278538610565610e+00 7.5712303558208482e+00 -1.7757012819429188e+00
1.4294246573833560e+00 7.5684410907696869e+00 -1.7757012819429188e+00
1.4309954537101508e+00 7.5656518257185263e+00 -1.7757012819429188e+00
1.4325662500369458e+00 7.5628625606673650e+00 -1.7757012819429188e+00
1.4341370463637406e+00 7.5600732956162044e+00 -1.7757012819429188e+00
1.4357078426905356e+00 7.5572840305650431e+00 -1.7757012819429188e+00
1.4372786390173304e+00 7.5544947655138825e+00 -1.7757012819427616e+00
1.4388494353441252e+00 7.5517055004627220e+00 -1.7757012819429188e+00
1.4404202316709203e+00 7.5489162354115606e+00 -1.7757012819429188e+00
1.4419910279977151e+00 7.5461269703604001e+00 -1.7757012819426359e+00
1.4435618243245101e+00 7.5433377053092396e+00 -1.7757012819429188e+00
1.4451326206513049e+00 7.5405484402580782e+00 -1.7757012819432014e+00
1.4467034169780999e+00 7.5377591752069169e+00 -1.7757012819429188e+00
1.4482742133048947e+00 7.5349699101557563e+00 -1.7757012819426359e+00
1.4498450096316897e+00 7.5321806451045958e+00 -1.7757012819429188e+00
1.4514158059584845e+00 7.5293913800534353e+00 -1.7757012819430444e+00
1.4529866022852793e+00 7.5266021150022748e+00 -1.7757012819426359e+00
1.4545573986120743e+00 7.5238128499511143e+00 -1.7757012819429188e+00
1.4561281949388691e+00 7.5210235848999538e+00 -1.7757012819429188e+00
1.4576989912656642e+00 7.5182343198487933e+00 -1.7757012819426359e+00
1.4592697875924590e+00 7.5154450547976328e+00 -1.7757012819429188e+00
1.4608405839192540e+00 7.5126557897464714e+00 -1.7757012819432014e+00
1.4624113802460488e+00 7.5098665246953100e+00 -1.7757012819430444e+00
1.4639821765728436e+00 7.5070772596441495e+00 -1.7757012819426359e+00
1.4655529728996386e+00 7.5042879945929890e+00 -1.7757012819429188e+00
1.4671237692264334e+00 7.5014987295418285e+00 -1.7757012819429188e+00
1.4686945655532284e+00 7.4987094644906680e+00 -1.7757012819426359e+00
1.4702653618800232e+00 7.4959201994395075e+00 -1.7757012819429188e+00
1.4718361582068182e+00 7.4931309343883461e+00 -1.7757012819429188e+00
1.4734069545336130e+00 7.4903416693371856e+00 -1.7757012819429188e+00
1.4749777508604081e+00 7.4875524042860242e+00 -1.7757012819429188e+00
1.4765485471872029e+00 7.4847631392348637e+00 -1.7757012819430444e+00
1.4781193435139977e+00 7.4819738741837032e+00 -1.7757012819429188e+00
1.4796901398407927e+00 7.4791846091325427e+00 -1.7757012819426359e+00
1.4812609361675875e+00 7.4763953440813822e+00 -1.7757012819429188e+00
1.4828317324943825e+00 7.4736060790302208e+00 -1.7757012819429188e+00
1.4844025288211773e+00 7.4708168139790603e+00 -1.7757012819429188e+00
1.4859733251479723e+00 7.4680275489278989e+00 -1.7757012819429188e+00
1.4875441214747671e+00 7.4652382838767384e+00 -1.7757012819429188e+00
1.4891149178015621e+00 7.4624490188255770e+00 -1.7757012819429188e+00
1.4906857141283569e+00 7.4596597537744165e+00 -1.7757012819427616e+00
1.4922565104551517e+00 7.4568704887232560e+00 -1.7757012819429188e+00
1.4938273067819468e+00 7.4540812236720946e+00 -1.7757012819429188e+00
1.4953981031087415e+00 7.4512919586209341e+00 -1.7757012819429188e+00
1.4969688994355366e+00 7.4485026935697727e+00 -1.7757012819429188e+00
1.4985396957623314e+00 7.4457134285186122e+00 -1.7757012819429188e+00
1.5001104920891264e+00 7.4429241634674508e+00 -1.7757012819429188e+00
1.5016812884159212e+00 7.4401348984162903e+00 -1.7757012819427616e+00
1.5032520847427160e+00 7.4373456333651298e+00 -1.7757012819429188e+00
1.5048228810695110e+00 7.4345563683139684e+00 -1.7757012819429188e+00
1.5063936773963058e+00 7.4317671032628079e+00 -1.7757012819429188e+00
1.5079644737231008e+00 7.4289778382116465e+00 -1.7757012819429188e+00
1.5095352700498956e+00 7.4261885731604860e+00 -1.7757012819429188e+00
1.5111060663766906e+00 7.4233993081093246e+00 -1.7757012819429188e+00
1.5126768627034854e+00 7.4206100430581641e+00 -1.7757012819426359e+00
1.5142476590302805e+00 7.4178207780070036e+00 -1.7757012819429188e+00
1.5158184553570753e+00 7.4150315129558431e+00 -1.7757012819430444e+00
1.5173892516838701e+00 7.4122422479046826e+00 -1.7757012819426359e+00
1.5189600480106651e+00 7.4094529828535221e+00 -1.7757012819429188e+00
1.5205308443374599e+00 7.4066637178023615e+00 -1.7757012819429188e+00
1.5221016406642549e+00 7.4038744527512002e+00 -1.7757012819429188e+00
1.5236724369910497e+00 7.4010851877000396e+00 -1.7757012819429188e+00
1.5252432333178447e+00 7.3982959226488783e+00 -1.7757012819429188e+00
1.5268140296446395e+00 7.3955066575977177e+00 -1.7757012819429188e+00
1.5283848259714345e+00 7.3927173925465572e+00 -1.7757012819426359e+00
1.5299556222982293e+00 7.3899281274953967e+00 -1.7757012819430444e+00
1.5315264186250241e+00 7.3871388624442362e+00 -1.7757012819429188e+00
1.5330972149518192e+00 7.3843495973930757e+00 -1.7757012819426359e+00
1.5346680112786140e+00 7.3815603323419152e+00 -1.7757012819429188e+00
1.5362388076054090e+00 7.3787710672907538e+00 -1.7757012819429188e+00
1.5378096039322038e+00 7.3759818022395933e+00 -1.7757012819429188e+00
1.5393804002589988e+00 7.3731925371884319e+00 -1.7757012819429188e+00
1.5409511965857936e+00 7.3704032721372714e+00 -1.7757012819429188e+00
1.5425219929125886e+00 7.3676140070861100e+00 -1.7757012819429188e+00
1.5440927892393834e+00 7.3648247420349495e+00 -1.7757012819427616e+00
1.5456635855661782e+00 7.3620354769837890e+00 -1.7757012819429188e+00
1.5472343818929732e+00 7.3592462119326276e+00 -1.7757012819429188e+00
1.5488051782197680e+00 7.3564569468814671e+00 -1.7757012819429188e+00
1.5503759745465631e+00 7.3536676818303057e+00 -1.7757012819429188e+00
1.5519467708733579e+00 7.3508784167791452e+00 -1.7757012819429188e+00
1.5535175672001529e+00 7.3480891517279838e+00 -1.7757012819429188e+00
1.5550883635269477e+00 7.3452998866768233e+00 -1.7757012819427616e+00
1.5566591598537425e+00 7.3425106216256628e+00 -1.7757012819429188e+00
1.5582299561805375e+00 7.3397213565745014e+00 -1.7757012819429188e+00
1.5598007525073323e+00 7.3369320915233409e+00 -1.7757012819429188e+00
1.5613715488341273e+00 7.3341428264721795e+00 -1.7757012819429188e+00
1.5629423451609221e+00 7.3313535614210190e+00 -1.7757012819429188e+00
1.5645131414877171e+00 7.3285642963698576e+00 -1.7757012819429188e+00
1.5660839378145119e+00 7.3257750313186971e+00 -1.7757012819429188e+00
1.5676547341413070e+00 7.3229857662675357e+00 -1.7757012819429188e+00
1.5692255304681018e+00 7.3201965012163752e+00 -1.7757012819427616e+00
1.5707963267948966e+00 7.3174072361652147e+00 -1.7757012819429188e+00
1.5723671231216916e+00 7.3146179711140533e+00 -1.7757012819429188e+00
1.5739379194484864e+00 7.3118287060628928e+00 -1.7757012819429188e+00
1.5755087157752814e+00 7.3090394410117314e+00 -1.7757012819429188e+00
1.5770795121020762e+00 7.3062501759605709e+00 -1.7757012819426359e+00
1.5786503084288712e+00 7.3034609109094104e+00 -1.7757012819429188e+00
1.5802211047556660e+00 7.3006716458582499e+00 -1.7757012819429188e+00
1.5817919010824610e+00 7.2978823808070885e+00 -1.7757012819429188e+00
1.5833626974092558e+00 7.2950931157559280e+00 -1.7757012819430444e+00
1.5849334937360506e+00 7.2923038507047675e+00 -1.7757012819429188e+00
1.5865042900628457e+00 7.2895145856536061e+00 -1.7757012819429188e+00
1.5880750863896405e+00 7.2867253206024456e+00 -1.7757012819426359e+00
1.5896458827164355e+00 7.2839360555512851e+00 -1.7757012819429188e+00
1.5912166790432303e+00 7.2811467905001246e+00 -1.7757012819429188e+00
1.5927874753700253e+00 7.2783575254489641e+00 -1.7757012819426359e+00
1.5943582716968201e+00 7.2755682603978036e+00 -1.7757012819430444e+00
1.5959290680236149e+00 7.2727789953466431e+00 -1.7757012819429188e+00
1.5974998643504099e+00 7.2699897302954817e+00 -1.7757012819429188e+00
1.5990706606772047e+00 7.2672004652443212e+00 -1.7757012819429188e+00
1.6006414570039997e+00 7.2644112001931598e+00 -1.7757012819429188e+00
1.6022122533307945e+00 7.2616219351419993e+00 -1.7757012819429188e+00
1.6037830496575896e+00 7.2588326700908388e+00 -1.7757012819426359e+00
1.6053538459843844e+00 7.2560434050396783e+00 -1.7757012819429188e+00
1.6069246423111794e+00 7.2532541399885169e+00 -1.7757012819429188e+00
1.6084954386379742e+00 7.2504648749373564e+00 -1.7757012819427616e+00
1.6100662349647690e+00 7.2476756098861959e+00 -1.7757012819429188e+00
1.6116370312915640e+00 7.2448863448350345e+00 -1.7757012819429188e+00
1.6132078276183588e+00 7.2420970797838740e+00 -1.7757012819429188e+00
1.6147786239451538e+00 7.2393078147327126e+00 -1.7757012819429188e+00
1.6163494202719486e+00 7.2365185496815521e+00 -1.7757012819429188e+00
1.6179202165987436e+00 7.2337292846303907e+00 -1.7757012819429188e+00
1.6194910129255384e+00 7.2309400195792302e+00 -1.7757012819429188e+00
1.6210618092523335e+00 7.2281507545280688e+00 -1.7757012819429188e+00
1.6226326055791283e+00 7.2253614894769083e+00 -1.7757012819427616e+00
1.6242034019059230e+00 7.2225722244257478e+00 -1.7757012819429188e+00
1.6257741982327181e+00 7.2197829593745864e+00 -1.7757012819429188e+00
1.6273449945595129e+00 7.2169936943234259e+00 -1.7757012819429188e+00
1.6289157908863079e+00 7.2142044292722645e+00 -1.7757012819429188e+00
1.6304865872131027e+00 7.2114151642211040e+00 -1.7757012819429188e+00
1.6320573835398977e+00 7.2086258991699426e+00 -1.7757012819429188e+00
1.6336281798666925e+00 7.2058366341187821e+00 -1.7757012819427616e+00
1.6351989761934873e+00 7.2030473690676216e+00 -1.7757012819429188e+00
1.6367697725202823e+00 7.2002581040164602e+00 -1.7757012819429188e+00
1.6383405688470771e+00 7.1974688389652997e+00 -1.7757012819429188e+00
1.6399113651738721e+00 7.1946795739141383e+00 -1.7757012819429188e+00
1.6414821615006669e+00 7.1918903088629778e+00 -1.7757012819429188e+00
1.6430529578274620e+00 7.1891010438118164e+00 -1.7757012819429188e+00
1.6446237541542568e+00 7.1863117787606559e+00 -1.7757012819429188e+00
1.6461945504810518e+00 7.1835225137094945e+00 -1.7757012819429188e+00
1.6477653468078466e+00 7.1807332486583340e+00 -1.7757012819427616e+00
1.6493361431346414e+00 7.1779439836071735e+00 -1.7757012819429188e+00
1.6509069394614364e+00 7.1751547185560121e+00 -1.7757012819429188e+00
1.6524777357882312e+00 7.1723654535048516e+00 -1.7757012819426359e+00
1.6540485321150262e+00 7.1695761884536910e+00 -1.7757012819429188e+00
1.6556193284418210e+00 7.1667869234025305e+00 -1.7757012819429188e+00
1.6571901247686160e+00 7.1639976583513691e+00 -1.7757012819429188e+00
1.6587609210954108e+00 7.1612083933002086e+00 -1.7757012819429188e+00
1.6603317174222059e+00 7.1584191282490472e+00 -1.7757012819429188e+00
1.6619025137490007e+00 7.1556298631978867e+00 -1.7757012819430444e+00
1.6634733100757955e+00 7.1528405981467262e+00 -1.7757012819426359e+00
1.6650441064025905e+00 7.1500513330955657e+00 -1.7757012819429188e+00
1.6666149027293853e+00 7.1472620680444052e+00 -1.7757012819429188e+00
1.6681856990561803e+00 7.1444728029932447e+00 -1.7757012819426359e+00
1.6697564953829751e+00 7.1416835379420842e+00 -1.7757012819429188e+00
1.6713272917097701e+00 7.1388942728909228e+00 -1.7757012819429188e+00
1.6728980880365649e+00 7.1361050078397623e+00 -1.7757012819430444e+00
1.6744688843633597e+00 7.1333157427886018e+00 -1.7757012819429188e+00
1.6760396806901547e+00 7.1305264777374404e+00 -1.7757012819429188e+00
1.6776104770169495e+00 7.1277372126862799e+00 -1.7757012819429188e+00
1.6791812733437446e+00 7.1249479476351194e+00 -1.7757012819426359e+00
1.6807520696705394e+00 7.1221586825839589e+00 -1.7757012819429188e+00
1.6823228659973344e+00 7.1193694175327975e+00 -1.7757012819429188e+00
1.6838936623241292e+00 7.1165801524816370e+00 -1.7757012819429188e+00
1.6854644586509242e+00 7.1137908874304756e+00 -1.7757012819429188e+00
1.6870352549777190e+00 7.1110016223793151e+00 -1.7757012819427616e+00
1.6886060513045138e+00 7.1082123573281546e+00 -1.7757012819429188e+00
1.6901768476313088e+00 7.1054230922769932e+00 -1.7757012819429188e+00
1.6917476439581036e+00 7.1026338272258327e+00 -1.7757012819429188e+00
1.6933184402848986e+00 7.0998445621746713e+00 -1.7757012819429188e+00
1.6948892366116934e+00 7.0970552971235108e+00 -1.7757012819429188e+00
1.6964600329384885e+00 7.0942660320723494e+00 -1.7757012819429188e+00
1.6980308292652833e+00 7.0914767670211889e+00 -1.7757012819429188e+00
1.6996016255920783e+00 7.0886875019700275e+00 -1.7757012819429188e+00
1.7011724219188731e+00 7.0858982369188670e+00 -1.7757012819427616e+00
1.7027432182456679e+00 7.0831089718677065e+00 -1.7757012819429188e+00
1.7043140145724629e+00 7.0803197068165451e+00 -1.7757012819429188e+00
1.7058848108992577e+00 7.0775304417653846e+00 -1.7757012819429188e+00
1.7074556072260527e+00 7.0747411767142232e+00 -1.7757012819429188e+00
1.7090264035528475e+00 7.0719519116630627e+00 -1.7757012819429188e+00
1.7105971998796425e+00 7.0691626466119013e+00 -1.7757012819429188e+00
1.7121679962064373e+00 7.0663733815607408e+00 -1.7757012819426359e+00
1.7137387925332324e+00 7.0635841165095803e+00 -1.7757012819429188e+00
1.7153095888600272e+00 7.0607948514584198e+00 -1.7757012819430444e+00
1.7168803851868220e+00 7.0580055864072593e+00 -1.7757012819429188e+00
1.7184511815136170e+00 7.0552163213560979e+00 -1.7757012819429188e+00
1.7200219778404118e+00 7.0524270563049374e+00 -1.7757012819429188e+00
1.7215927741672068e+00 7.0496377912537760e+00 -1.7757012819429188e+00
1.7231635704940016e+00 7.0468485262026155e+00 -1.7757012819426359e+00
1.7247343668207966e+00 7.0440592611514550e+00 -1.7757012819429188e+00
1.7263051631475914e+00 7.0412699961002945e+00 -1.7757012819430444e+00
1.7278759594743862e+00 7.0384807310491340e+00 -1.7757012819426359e+00
1.7294467558011812e+00 7.0356914659979735e+00 -1.7757012819429188e+00
1.7310175521279760e+00 7.0329022009468130e+00 -1.7757012819429188e+00
1.7325883484547711e+00 7.0301129358956516e+00 -1.7757012819429188e+00
1.7341591447815659e+00 7.0273236708444911e+00 -1.7757012819429188e+00
1.7357299411083609e+00 7.0245344057933297e+00 -1.7757012819429188e+00
1.7373007374351557e+00 7.0217451407421692e+00 -1.7757012819429188e+00
1.7388715337619507e+00 7.0189558756910087e+00 -1.7757012819426359e+00
1.7404423300887455e+00 7.0161666106398481e+00 -1.7757012819430444e+00
1.7420131264155403e+00 7.0133773455886876e+00 -1.7757012819429188e+00
1.7435839227423353e+00 7.0105880805375271e+00 -1.7757012819426359e+00
1.7451547190691301e+00 7.0077988154863666e+00 -1.7757012819429188e+00
1.7467255153959251e+00 7.0050095504352052e+00 -1.7757012819429188e+00
1.7482963117227199e+00 7.0022202853840447e+00 -1.7757012819429188e+00
1.7498671080495150e+00 6.9994310203328833e+00 -1.7757012819429188e+00
1.7514379043763098e+00 6.9966417552817228e+00 -1.7757012819429188e+00
1.7530087007031048e+00 6.9938524902305614e+00 -1.7757012819429188e+00
1.7545794970298996e+00 6.9910632251794009e+00 -1.7757012819427616e+00
1.7561502933566944e+00 6.9882739601282404e+00 -1.7757012819429188e+00
1.7577210896834894e+00 6.9854846950770790e+00 -1.7757012819429188e+00
1.7592918860102842e+00 6.9826954300259185e+00 -1.7757012819429188e+00
1.7608626823370792e+00 6.9799061649747571e+00 -1.7757012819429188e+00
1.7624334786638740e+00 6.9771168999235966e+00 -1.7757012819429188e+00
1.7640042749906690e+00 6.9743276348724352e+00 -1.7757012819429188e+00
1.7655750713174638e+00 6.9715383698212747e+00 -1.7757012819427616e+00
1.7671458676442586e+00 6.9687491047701142e+00 -1.7757012819429188e+00
1.7687166639710536e+00 6.9659598397189528e+00 -1.7757012819429188e+00
1.7702874602978484e+00 6.9631705746677923e+00 -1.7757012819429188e+00
1.7718582566246435e+00 6.9603813096166309e+00 -1.7757012819429188e+00
1.7734290529514383e+00 6.9575920445654704e+00 -1.7757012819429188e+00
1.7749998492782333e+00 6.9548027795143090e+00 -1.7757012819429188e+00
1.7765706456050281e+00 6.9520135144631485e+00 -1.7757012819429188e+00
1.7781414419318231e+00 6.9492242494119871e+00 -1.7757012819429188e+00
1.7797122382586179e+00 6.9464349843608266e+00 -1.7757012819427616e+00
1.7812830345854127e+00 6.9436457193096661e+00 -1.7757012819429188e+00
1.7828538309122077e+00 6.9408564542585047e+00 -1.7757012819429188e+00
1.7844246272390025e+00 6.9380671892073442e+00 -1.7757012819429188e+00
1.7859954235657975e+00 6.9352779241561828e+00 -1.7757012819429188e+00
1.7875662198925923e+00 6.9324886591050223e+00 -1.7757012819429188e+00
1.7891370162193874e+00 6.9296993940538609e+00 -1.7757012819429188e+00
1.7907078125461822e+00 6.9269101290027004e+00 -1.7757012819426359e+00
1.7922786088729772e+00 6.9241208639515399e+00 -1.7757012819429188e+00
1.7938494051997720e+00 6.9213315989003794e+00 -1.7757012819430444e+00
1.7954202015265668e+00 6.9185423338492189e+00 -1.7757012819429188e+00
1.7969909978533618e+00 6.9157530687980575e+00 -1.7757012819429188e+00
1.7985617941801566e+00 6.9129638037468970e+00 -1.7757012819426359e+00
1.8001325905069516e+00 6.9101745386957365e+00 -1.7757012819429188e+00
1.8017033868337464e+00 6.9073852736445760e+00 -1.7757012819429188e+00
1.8032741831605414e+00 6.9045960085934146e+00 -1.7757012819429188e+00
1.8048449794873362e+00 6.9018067435422541e+00 -1.7757012819430444e+00
1.8064157758141310e+00 6.8990174784910936e+00 -1.7757012819426359e+00
1.8079865721409261e+00 6.8962282134399331e+00 -1.7757012819429188e+00
1.8095573684677209e+00 6.8934389483887726e+00 -1.7757012819429188e+00
1.8111281647945159e+00 6.8906496833376112e+00 -1.7757012819429188e+00
1.8126989611213107e+00 6.8878604182864507e+00 -1.7757012819429188e+00
1.8142697574481057e+00 6.8850711532352902e+00 -1.7757012819426359e+00
1.8158405537749005e+00 6.8822818881841297e+00 -1.7757012819429188e+00
1.8174113501016955e+00 6.8794926231329683e+00 -1.7757012819429188e+00
1.8189821464284903e+00 6.8767033580818078e+00 -1.7757012819430444e+00
1.8205529427552851e+00 6.8739140930306473e+00 -1.7757012819429188e+00
1.8221237390820801e+00 6.8711248279794868e+00 -1.7757012819426359e+00
1.8236945354088749e+00 6.8683355629283263e+00 -1.7757012819429188e+00
1.8252653317356700e+00 6.8655462978771649e+00 -1.7757012819429188e+00
1.8268361280624648e+00 6.8627570328260044e+00 -1.7757012819429188e+00
1.8284069243892598e+00 6.8599677677748430e+00 -1.7757012819429188e+00
1.8299777207160546e+00 6.8571785027236825e+00 -1.7757012819429188e+00
1.8315485170428496e+00 6.8543892376725211e+00 -1.7757012819429188e+00
1.8331193133696444e+00 6.8515999726213606e+00 -1.7757012819427616e+00
1.8346901096964392e+00 6.8488107075702001e+00 -1.7757012819429188e+00
1.8362609060232342e+00 6.8460214425190387e+00 -1.7757012819429188e+00
1.8378317023500290e+00 6.8432321774678782e+00 -1.7757012819429188e+00
1.8394024986768240e+00 6.8404429124167168e+00 -1.7757012819429188e+00
1.8409732950036188e+00 6.8376536473655563e+00 -1.7757012819429188e+00
1.8425440913304139e+00 6.8348643823143949e+00 -1.7757012819429188e+00
1.8441148876572087e+00 6.8320751172632344e+00 -1.7757012819429188e+00
1.8456856839840037e+00 6.8292858522120730e+00 -1.7757012819429188e+00
1.8472564803107985e+00 6.8264965871609125e+00 -1.7757012819427616e+00
1.8488272766375933e+00 6.8237073221097519e+00 -1.7757012819429188e+00
1.8503980729643883e+00 6.8209180570585906e+00 -1.7757012819429188e+00
1.8519688692911831e+00 6.8181287920074301e+00 -1.7757012819429188e+00
1.8535396656179781e+00 6.8153395269562687e+00 -1.7757012819429188e+00
1.8551104619447729e+00 6.8125502619051082e+00 -1.7757012819429188e+00
1.8566812582715679e+00 6.8097609968539468e+00 -1.7757012819429188e+00
1.8582520545983627e+00 6.8069717318027863e+00 -1.7757012819427616e+00
1.8598228509251575e+00 6.8041824667516257e+00 -1.7757012819429188e+00
1.8613936472519526e+00 6.8013932017004644e+00 -1.7757012819429188e+00
1.8629644435787474e+00 6.7986039366493038e+00 -1.7757012819429188e+00
1.8645352399055424e+00 6.7958146715981425e+00 -1.7757012819429188e+00
1.8661060362323372e+00 6.7930254065469819e+00 -1.7757012819426359e+00
1.8676768325591322e+00 6.7902361414958214e+00 -1.7757012819429188e+00
1.8692476288859270e+00 6.7874468764446609e+00 -1.7757012819429188e+00
1.8708184252127220e+00 6.7846576113934995e+00 -1.7757012819429188e+00
1.8723892215395168e+00 6.7818683463423390e+00 -1.7757012819430444e+00
1.8739600178663116e+00 6.7790790812911785e+00 -1.7757012819426359e+00
1.8755308141931066e+00 6.7762898162400180e+00 -1.7757012819429188e+00
1.8771016105199014e+00 6.7735005511888575e+00 -1.7757012819429188e+00
1.8786724068466965e+00 6.7707112861376961e+00 -1.7757012819429188e+00
1.8802432031734913e+00 6.7679220210865356e+00 -1.7757012819429188e+00
1.8818139995002863e+00 6.7651327560353751e+00 -1.7757012819426359e+00
1.8833847958270811e+00 6.7623434909842146e+00 -1.7757012819429188e+00
1.8849555921538761e+00 6.7595542259330532e+00 -1.7757012819429188e+00
1.8865263884806709e+00 6.7567649608818927e+00 -1.7757012819430444e+00
1.8880971848074657e+00 6.7539756958307322e+00 -1.7757012819429188e+00
1.8896679811342607e+00 6.7511864307795717e+00 -1.7757012819426359e+00
1.8912387774610555e+00 6.7483971657284112e+00 -1.7757012819429188e+00
1.8928095737878505e+00 6.7456079006772498e+00 -1.7757012819429188e+00
1.8943803701146453e+00 6.7428186356260893e+00 -1.7757012819429188e+00
1.8959511664414403e+00 6.7400293705749279e+00 -1.7757012819429188e+00
1.8975219627682351e+00 6.7372401055237674e+00 -1.7757012819427616e+00
1.8990927590950299e+00 6.7344508404726069e+00 -1.7757012819429188e+00
1.9006635554218250e+00 6.7316615754214455e+00 -1.7757012819429188e+00
1.9022343517486198e+00 6.7288723103702850e+00 -1.7757012819429188e+00
1.9038051480754148e+00 6.7260830453191236e+00 -1.7757012819429188e+00
1.9053759444022096e+00 6.7232937802679631e+00 -1.7757012819429188e+00
1.9069467407290046e+00 6.7205045152168017e+00 -1.7757012819429188e+00
1.9085175370557994e+00 6.7177152501656412e+00 -1.7757012819429188e+00
1.9100883333825944e+00 6.7149259851144798e+00 -1.7757012819429188e+00
1.9116591297093892e+00 6.7121367200633193e+00 -1.7757012819427616e+00
1.9132299260361840e+00 6.7093474550121588e+00 -1.7757012819429188e+00
1.9148007223629790e+00 6.7065581899609974e+00 -1.7757012819429188e+00
1.9163715186897738e+00 6.7037689249098369e+00 -1.7757012819429188e+00
1.9179423150165689e+00 6.7009796598586755e+00 -1.7757012819429188e+00
1.9195131113433637e+00 6.6981903948075150e+00 -1.7757012819429188e+00
1.9210839076701587e+00 6.6954011297563536e+00 -1.7757012819429188e+00
1.9226547039969535e+00 6.6926118647051931e+00 -1.7757012819429188e+00
1.9242255003237485e+00 6.6898225996540317e+00 -1.7757012819429188e+00
1.9257962966505433e+00 6.6870333346028712e+00 -1.7757012819427616e+00
1.9273670929773381e+00 6.6842440695517107e+00 -1.7757012819429188e+00
1.9289378893041331e+00 6.6814548045005493e+00 -1.7757012819429188e+00
1.9305086856309279e+00 6.6786655394493888e+00 -1.7757012819429188e+00
1.9320794819577229e+00 6.6758762743982274e+00 -1.7757012819429188e+00
1.9336502782845177e+00 6.6730870093470669e+00 -1.7757012819426359e+00
1.9352210746113128e+00 6.6702977442959064e+00 -1.7757012819429188e+00
1.9367918709381076e+00 6.6675084792447459e+00 -1.7757012819430444e+00
1.9383626672649024e+00 6.6647192141935854e+00 -1.7757012819429188e+00
1.9399334635916974e+00 6.6619299491424240e+00 -1.7757012819429188e+00
1.9415042599184922e+00 6.6591406840912635e+00 -1.7757012819426359e+00
1.9430750562452872e+00 6.6563514190401030e+00 -1.7757012819429188e+00
1.9446458525720820e+00 6.6535621539889425e+00 -1.7757012819429188e+00
1.9462166488988770e+00 6.6507728889377811e+00 -1.7757012819429188e+00
1.9477874452256718e+00 6.6479836238866206e+00 -1.7757012819429188e+00
1.9493582415524668e+00 6.6451943588354601e+00 -1.7757012819426359e+00
1.9509290378792616e+00 6.6424050937842996e+00 -1.7757012819430444e+00
1.9524998342060564e+00 6.6396158287331390e+00 -1.7757012819429188e+00
1.9540706305328515e+00 6.6368265636819777e+00 -1.7757012819429188e+00
1.9556414268596463e+00 6.6340372986308171e+00 -1.7757012819429188e+00
1.9572122231864413e+00 6.6312480335796566e+00 -1.7757012819426359e+00
1.9587830195132361e+00 6.6284587685284961e+00 -1.7757012819429188e+00
1.9603538158400311e+00 6.6256695034773347e+00 -1.7757012819429188e+00
1.9619246121668259e+00 6.6228802384261742e+00 -1.7757012819429188e+00
1.9634954084936209e+00 6.6200909733750128e+00 -1.7757012819429188e+00
1.9650662048204157e+00 6.6173017083238523e+00 -1.7757012819427616e+00
1.9666370011472105e+00 6.6145124432726918e+00 -1.7757012819429188e+00
1.9682077974740055e+00 6.6117231782215304e+00 -1.7757012819429188e+00
1.9697785938008003e+00 6.6089339131703699e+00 -1.7757012819429188e+00
1.9713493901275954e+00 6.6061446481192085e+00 -1.7757012819429188e+00
1.9729201864543902e+00 6.6033553830680480e+00 -1.7757012819429188e+00
1.9744909827811852e+00 6.6005661180168866e+00 -1.7757012819429188e+00
1.9760617791079800e+00 6.5977768529657261e+00 -1.7757012819429188e+00
1.9776325754347750e+00 6.5949875879145647e+00 -1.7757012819429188e+00
1.9792033717615698e+00 6.5921983228634042e+00 -1.7757012819427616e+00
1.9807741680883646e+00 6.5894090578122437e+00 -1.7757012819429188e+00
1.9823449644151596e+00 6.5866197927610823e+00 -1.7757012819429188e+00
1.9839157607419544e+00 6.5838305277099218e+00 -1.7757012819429188e+00
1.9854865570687494e+00 6.5810412626587604e+00 -1.7757012819429188e+00
1.9870573533955442e+00 6.5782519976075999e+00 -1.7757012819429188e+00
1.9886281497223393e+00 6.5754627325564385e+00 -1.7757012819429188e+00
1.9901989460491341e+00 6.5726734675052780e+00 -1.7757012819427616e+00
1.9917697423759289e+00 6.5698842024541175e+00 -1.7757012819429188e+00
1.9933405387027239e+00 6.5670949374029561e+00 -1.7757012819429188e+00
1.9949113350295187e+00 6.5643056723517956e+00 -1.7757012819429188e+00
1.9964821313563137e+00 6.5615164073006342e+00 -1.7757012819429188e+00
1.9980529276831085e+00 6.5587271422494737e+00 -1.7757012819429188e+00
1.9996237240099035e+00 6.5559378771983123e+00 -1.7757012819427931e+00
2.0011945203366985e+00 6.5531486121471518e+00 -1.7757012819426359e+00
2.0027653166634933e+00 6.5503593470959913e+00 -1.7757012819430444e+00
2.0043361129902881e+00 6.5475700820448308e+00 -1.7757012819430444e+00
2.0059069093170829e+00 6.5447808169936703e+00 -1.7757012819427616e+00
2.0074777056438777e+00 6.5419915519425098e+00 -1.7757012819427931e+00
2.0090485019706730e+00 6.5392022868913484e+00 -1.7757012819427931e+00
2.0106192982974678e+00 6.5364130218401879e+00 -1.7757012819430444e+00
2.0121900946242626e+00 6.5336237567890274e+00 -1.7757012819430444e+00
2.0137608909510574e+00 6.5308344917378669e+00 -1.7757012819427931e+00
2.0153316872778526e+00 6.5280452266867055e+00 -1.7757012819427931e+00
2.0169024836046474e+00 6.5252559616355450e+00 -1.7757012819427616e+00
2.0184732799314422e+00 6.5224666965843845e+00 -1.7757012819430444e+00
2.0200440762582370e+00 6.5196774315332240e+00 -1.7757012819430444e+00
2.0216148725850318e+00 6.5168881664820635e+00 -1.7757012819427931e+00
2.0231856689118271e+00 6.5140989014309021e+00 -1.7757012819427931e+00
2.0247564652386218e+00 6.5113096363797416e+00 -1.7757012819427616e+00
2.0263272615654166e+00 6.5085203713285811e+00 -1.7757012819430444e+00
2.0278980578922114e+00 6.5057311062774197e+00 -1.7757012819430760e+00
2.0294688542190067e+00 6.5029418412262583e+00 -1.7757012819427931e+00
2.0310396505458015e+00 6.5001525761750978e+00 -1.7757012819427616e+00
2.0326104468725963e+00 6.4973633111239373e+00 -1.7757012819427616e+00
2.0341812431993911e+00 6.4945740460727768e+00 -1.7757012819430444e+00
2.0357520395261859e+00 6.4917847810216154e+00 -1.7757012819430760e+00
2.0373228358529811e+00 6.4889955159704540e+00 -1.7757012819427931e+00
2.0388936321797759e+00 6.4862062509192935e+00 -1.7757012819427616e+00
2.0404644285065707e+00 6.4834169858681330e+00 -1.7757012819427616e+00
2.0420352248333655e+00 6.4806277208169725e+00 -1.7757012819430444e+00
2.0436060211601603e+00 6.4778384557658111e+00 -1.7757012819430760e+00
2.0451768174869556e+00 6.4750491907146497e+00 -1.7757012819427931e+00
2.0467476138137504e+00 6.4722599256634892e+00 -1.7757012819427616e+00
2.0483184101405452e+00 6.4694706606123287e+00 -1.7757012819427616e+00
2.0498892064673400e+00 6.4666813955611682e+00 -1.7757012819430760e+00
2.0514600027941352e+00 6.4638921305100068e+00 -1.7757012819430760e+00
2.0530307991209300e+00 6.4609350282241227e+00 -1.9893982862720028e+00
2.0546015954477248e+00 6.4580733010828935e+00 -1.6542658761827354e+00
2.0561723917745196e+00 6.4556887499795650e+00 -1.3818388850175047e+00
2.0577431881013144e+00 6.4533764697120040e+00 -1.5622477901519878e+00
2.0593139844281096e+00 6.4507649115751606e+00 -1.7628913030508686e+00
2.0608847807549044e+00 6.4478350923907097e+00 -1.9674703415154815e+00
2.0624555770816992e+00 6.4445810811707922e+00 -2.1756654226962202e+00
2.0640263734084940e+00 6.4409974674993125e+00 -2.3871332168853532e+00
2.0655971697352893e+00 6.4370793963447852e+00 -2.6015099161443511e+00
2.0671679660620841e+00 6.4328225982969212e+00 -2.8184136923480283e+00
2.0687387623888789e+00 6.4282234163368175e+00 -3.0374466526886126e+00
2.0703095587156737e+00 6.4232788297599006e+00 -3.2581965094091907e+00
2.0718803550424685e+00 6.4179864756059555e+00 -3.4802380841370422e+00
2.0734511513692637e+00 6.4123446678017180e+00 -3.7031347160123897e+00
2.0750219476960585e+00 6.4063524141351138e+00 -3.9264396143926952e+00
2.0765927440228533e+00 6.4000094311290514e+00 -4.1496971805091416e+00
2.0781635403496481e+00 6.3933161568521015e+00 -4.3724443126628278e+00
2.0797343366764434e+00 6.3862737616851764e+00 -4.5942117035159624e+00
2.0813051330032382e+00 6.3788841570529389e+00 -4.8145251342080106e+00
2.0828759293300330e+00 6.3711500021231018e+00 -5.0329067675690782e+00
2.0844467256568278e+00 6.3630747084746000e+00 -5.2488764410530431e+00
2.0860175219836226e+00 6.3546624427354050e+00 -5.4619529589111258e+00
2.0875883183104178e+00 6.3459181271921707e+00 -5.6716553823744036e+00
2.0891591146372126e+00 6.3368474383762221e+00 -5.8775043160789453e+00
2.0907299109640074e+00 6.3274568036334342e+00 -6.0790231886033519e+00
2.0923007072908022e+00 6.3177533956891656e+00 -6.2757395247371655e+00
2.0938715036175974e+00 6.3077451252232173e+00 -6.4671862069109709e+00
2.0954422999443922e+00 6.2974406314739753e+00 -6.6529027231011666e+00
2.0970130962711870e+00 6.2868492708951198e+00 -6.8324363984477161e+00
2.0985838925979818e+00 6.2759811038927396e+00 -7.0053436077698228e+00
2.1001546889247766e+00 6.2648468796750416e+00 -7.1711909661522153e+00
2.1017254852515719e+00 6.2534580192513376e+00 -7.3295564947742120e+00
2.1032962815783667e+00 6.2418265966214195e+00 -7.4800307591662216e+00
2.1048670779051615e+00 6.2299653182007706e+00 -7.6222179771191563e+00
2.1064378742319563e+00 6.2178875005314884e+00 -7.7557370935124901e+00
2.1080086705587515e+00 6.2056070463329407e+00 -7.8802228193837021e+00
2.1095794668855463e+00 6.1931384189504035e+00 -7.9953266326312304e+00
2.1111502632123411e+00 6.1804966152638912e+00 -8.1007177378159305e+00
2.1127210595391359e+00 6.1676971371234197e+00 -8.1960839826065452e+00
2.1142918558659307e+00 6.1547561145558749e+00 -8.2809376997025836e+00
2.1158626521927260e+00 6.1416963910431237e+00 -8.3472187200364711e+00
2.1174334485195208e+00 6.1285501390716535e+00 -8.3911091550934067e+00
2.1190042448463156e+00 6.1153469799395461e+00 -8.4196751673382959e+00
2.1205750411731104e+00 6.1021023959205110e+00 -8.4438529592652340e+00
2.1221458374999056e+00 6.0888136314572057e+00 -8.4759274560830029e+00
2.1237166338267004e+00 6.0754651960698025e+00 -8.5198283395022987e+00
2.1252874301534952e+00 6.0620391264043976e+00 -8.5747744888612534e+00
2.1268582264802900e+00 6.0485186694772244e+00 -8.6400059337050905e+00
2.1284290228070848e+00 6.0348882456861244e+00 -8.7147886486237347e+00
2.1299998191338800e+00 6.0211334045544174e+00 -8.7984190118116423e+00
2.1315706154606748e+00 6.0072407736906248e+00 -8.8902279843782974e+00
2.1331414117874696e+00 5.9931980013395343e+00 -8.9895850907446118e+00
2.1347122081142644e+00 5.9789936927745488e+00 -9.0959022798165865e+00
2.1362830044410592e+00 5.9646173406718370e+00 -9.2086377263939010e+00
2.1378538007678545e+00 5.9500592495376869e+00 -9.3272996014600373e+00
2.1394245970946493e+00 5.9353104542402866e+00 -9.4514498083956031e+00
2.1409953934214441e+00 5.9203626327215506e+00 -9.5807076569033658e+00
2.1425661897482389e+00 5.9052080130213511e+00 -9.7147534308145698e+00
2.1441369860750341e+00 5.8898392748199662e+00 -9.8533317998665098e+00
2.1457077824018289e+00 5.8742494457821310e+00 -9.9962550267670451e+00
2.1472785787286237e+00 5.8584317930579042e+00 -1.0143405926608073e+01
2.1488493750554185e+00 5.8423797103571395e+00 -1.0294740543366025e+01
2.1504201713822133e+00 5.8260866010634507e+00 -1.0450290516051389e+01
2.1519909677090086e+00 5.8095457578912955e+00 -1.0610165113994670e+01
2.1535617640358033e+00 5.7927502396175932e+00 -1.0774552926406113e+01
2.1551325603625981e+00 5.7756927454391578e+00 -1.0943723195669339e+01
2.1567033566893929e+00 5.7583222012404276e+00 -1.1173140591725177e+01
2.1582741530161882e+00 5.7403657714190350e+00 -1.1689695939128049e+01
2.1598449493429830e+00 5.7220802824148587e+00 -1.1592111755810484e+01
2.1614157456697778e+00 5.7042026610576624e+00 -1.1170382721975184e+01
2.1629865419965726e+00 5.6865213993317463e+00 -1.1342098908275398e+01
2.1645573383233674e+00 5.6684872880150579e+00 -1.1619644774289700e+01
2.1661281346501626e+00 5.6499950330249566e+00 -1.1925425550428624e+01
2.1676989309769574e+00 5.6308674693954837e+00 -1.2428544857055526e+01
2.1692697273037522e+00 5.6109425706043750e+00 -1.2940624208631110e+01
2.1708405236305470e+00 5.5912734752333959e+00 -1.2102845826868293e+01
2.1724113199573423e+00 5.5730039228564126e+00 -1.1158670724112103e+01
2.1739821162841371e+00 5.5550281545560933e+00 -1.1728788322852697e+01
2.1755529126109319e+00 5.5350032800167748e+00 -1.3767673818969115e+01
2.1771237089377267e+00 5.5105814415730459e+00 -1.7327176642722154e+01
2.1786945052645215e+00 5.4792921939908634e+00 -2.2511530703924429e+01
2.1802653015913167e+00 5.4393380638883588e+00 -2.8359647718067102e+01
2.1818360979181115e+00 5.3914630795194043e+00 -3.2596675584067675e+01
2.1834068942449063e+00 5.3381822097049900e+00 -3.5242634841534894e+01
2.1849776905717011e+00 5.2814567827593182e+00 -3.6982421937684741e+01
2.1865484868984963e+00 5.2228131366968347e+00 -3.7684987276505410e+01
2.1881192832252911e+00 5.1638595197782111e+00 -3.7377089089459005e+01
2.1896900795520859e+00 5.1058664249314427e+00 -3.6462012591027651e+01
2.1912608758788807e+00 5.0487650278660894e+00 -3.6241744212208893e+01
2.1928316722056755e+00 4.9913424617489435e+00 -3.6870937728315234e+01
2.1944024685324708e+00 4.9332834252729514e+00 -3.7052123442122678e+01
2.1959732648592656e+00 4.8757977710732332e+00 -3.6140884739933796e+01
2.1975440611860604e+00 4.8206679218174981e+00 -3.4052619427760433e+01
2.1991148575128552e+00 4.7697197322659131e+00 -3.0816630241984178e+01
2.2006856538396504e+00 4.7246738414673581e+00 -2.6537579250544791e+01
2.2022564501664452e+00 4.6868736599535969e+00 -2.1591106650946511e+01
2.2038272464932400e+00 4.6563745665823699e+00 -1.7241545107872128e+01
2.2053980428200348e+00 4.6317131161928771e+00 -1.4158388758555979e+01
2.2069688391468296e+00 4.6109171809072080e+00 -1.2319818416913071e+01
2.2085396354736249e+00 4.5920610897108523e+00 -1.1688502553414210e+01
2.2101104318004197e+00 4.5733643093821126e+00 -1.2116977520364811e+01
2.2116812281272145e+00 4.5541347162560291e+00 -1.2366900876933443e+01
2.2132520244540093e+00 4.5357062367267371e+00 -1.1096968009105280e+01
2.2148228207808045e+00 4.5192434357788516e+00 -9.8641211748416531e+00
2.2163936171075993e+00 4.5036776231231812e+00 -9.9548870442984914e+00
2.2179644134343941e+00 4.4868203120172927e+00 -1.1508508073623874e+01
2.2195352097611889e+00 4.4663192187962979e+00 -1.4594294525650527e+01
2.2211060060879837e+00 4.4398033075417080e+00 -1.9166812248383575e+01
2.2226768024147789e+00 4.4060433353096942e+00 -2.3817719426567916e+01
2.2242475987415737e+00 4.3662087061551089e+00 -2.6901305662913828e+01
2.2258183950683685e+00 4.3220679860378368e+00 -2.9300404723486917e+01
2.2273891913951633e+00 4.2743519996030761e+00 -3.1453476121300465e+01
2.2289599877219581e+00 4.2234462377934197e+00 -3.3361752869627054e+01
2.2305307840487534e+00 4.1696672579195226e+00 -3.5111770981319587e+01
2.2321015803755482e+00 4.1126746618910062e+00 -3.7453456039307952e+01
2.2336723767023430e+00 4.0503128943178366e+00 -4.1948012514439469e+01
2.2352431730291378e+00 3.9797125438874352e+00 -4.7943145525713611e+01
2.2368139693559330e+00 3.9008007616194593e+00 -5.2530456203382272e+01
2.2383847656827278e+00 3.8164596750813282e+00 -5.4855950422903163e+01
2.2399555620095226e+00 3.7302745002692235e+00 -5.4878422317788385e+01
2.2415263583363174e+00 3.6454694341131333e+00 -5.3098741506034180e+01
2.2430971546631122e+00 3.5630601601840497e+00 -5.1828004913394146e+01
2.2446679509899075e+00 3.4807416289349611e+00 -5.2983204337439837e+01
2.2462387473167023e+00 3.3962914067076357e+00 -5.4542158164069839e+01
2.2478095436434971e+00 3.3116536746703638e+00 -5.3221949242489821e+01
2.2493803399702919e+00 3.2320154130500032e+00 -4.8176634726524171e+01
2.2509511362970871e+00 3.1633405507482548e+00 -3.9262915685284447e+01
2.2525219326238819e+00 3.1102573948061876e+00 -2.8324657619503000e+01
2.2540927289506767e+00 3.0717220960937963e+00 -2.0740008569298464e+01
2.2556635252774715e+00 3.0419477354633271e+00 -1.7169884804623344e+01
2.2572343216042663e+00 3.0166454522500303e+00 -1.5045982754636860e+01
2.2588051179310615e+00 2.9949695469649926e+00 -1.2552637022201159e+01
2.2603759142578563e+00 2.9778542924097851e+00 -9.2391818956988754e+00
2.2619467105846511e+00 2.9671932975187887e+00 -4.3348183857381892e+00
2.2635175069114459e+00 2.9637887391199684e+00 0.0000000000000000e+00
2.2650883032382412e+00 2.9654868688795064e+00 2.1621259619348057e+00
2.2666590995650360e+00 2.9775179234996672e+00 1.3156288545323511e+01
2.2682298958918308e+00 3.0056101025239479e+00 2.2611784686172392e+01
2.2698006922186256e+00 3.0449711104312782e+00 2.7504207102076865e+01
2.2713714885454204e+00 3.0892971244913099e+00 2.8933426859646030e+01
2.2729422848722156e+00 3.1336545256147574e+00 2.7544170352394584e+01
2.2745130811990104e+00 3.1756444337009078e+00 2.5919041102689938e+01
2.2760838775258052e+00 3.2170028998603271e+00 2.6740193521077160e+01
2.2776546738526000e+00 3.2605541281606616e+00 2.8710952572701302e+01
2.2792254701793953e+00 3.3053532156172589e+00 2.8329017145075113e+01
2.2807962665061901e+00 3.3469165640785494e+00 2.4591081727450501e+01
2.2823670628329848e+00 3.3794872036437984e+00 1.6879144564342823e+01
2.2839378591597796e+00 3.3974449823866952e+00 5.9854094667192470e+00
2.2855086554865744e+00 3.4021459119890380e+00 0.0000000000000000e+00
2.2870794518133697e+00 3.4006965555799109e+00 -1.8453778945157109e+00
2.2886502481401645e+00 3.3960692781557817e+00 -4.0462547063461045e+00
2.2902210444669593e+00 3.3883931848746722e+00 -5.7272508082388924e+00
2.2917918407937541e+00 3.3784214333958462e+00 -6.9691775048746996e+00
2.2933626371205493e+00 3.3667556255642155e+00 -7.8841903476353101e+00
2.2949334334473441e+00 3.3534614015472717e+00 -9.0425413873063274e+00
2.2965042297741389e+00 3.3368586489345313e+00 -1.2096739790690995e+01
2.2980750261009337e+00 3.3134556259968466e+00 -1.7700914479914992e+01
2.2996458224277285e+00 3.2822652081510930e+00 -2.2011958938114173e+01
2.3012166187545238e+00 3.2465457008917675e+00 -2.3467530222903726e+01
2.3027874150813186e+00 3.2108044951037682e+00 -2.2039586362896966e+01
2.3043582114081134e+00 3.1794838210632728e+00 -1.7839134393224306e+01
2.3059290077349082e+00 3.1556555495432019e+00 -1.2499963188818247e+01
2.3074998040617030e+00 3.1385402764041404e+00 -9.2918793907800428e+00
2.3090706003884982e+00 3.1251867111626921e+00 -7.7104079378290935e+00
2.3106413967152930e+00 3.1138931786414279e+00 -6.6689642679980103e+00
2.3122121930420878e+00 3.1039456359838522e+00 -5.9966404165681775e+00
2.3137829893688826e+00 3.0947735086269703e+00 -5.6816748435620292e+00
2.3153537856956778e+00 3.0858974818574163e+00 -5.6196334395596770e+00
2.3169245820224726e+00 3.0780490875117610e+00 -4.3732526040050370e+00
2.3184953783492674e+00 3.0735685634838701e+00 -1.3315277694418208e+00
2.3200661746760622e+00 3.0725227840192377e+00 0.0000000000000000e+00
2.3216369710028570e+00 3.0729155394659089e+00 5.0007176611215687e-01
2.3232077673296523e+00 3.0733082949125805e+00 0.0000000000000000e+00
2.3247785636564471e+00 3.0718278507399464e+00 -1.8849600643708815e+00
2.3263493599832419e+00 3.0657158446348607e+00 -5.8970878062875380e+00
2.3279201563100367e+00 3.0529602239958149e+00 -1.0343872808986584e+01
2.3294909526368319e+00 3.0343040052948642e+00 -1.3409962596286260e+01
2.3310617489636267e+00 3.0111993298745974e+00 -1.6007823817069728e+01
2.3326325452904215e+00 2.9843454876492257e+00 -1.8183550032354692e+01
2.3342033416172163e+00 2.9544346412040472e+00 -1.9900122478150276e+01
2.3357741379440111e+00 2.9221059751832632e+00 -2.1262013528050659e+01
2.3373449342708064e+00 2.8875149845605481e+00 -2.2780603624343687e+01
2.3389157305976012e+00 2.8499517300840917e+00 -2.5046417404033555e+01
2.3404865269243960e+00 2.8085905341387938e+00 -2.7616292891062621e+01
2.3420573232511908e+00 2.7638213972753278e+00 -2.9385542547166764e+01
2.3436281195779860e+00 2.7172274208963541e+00 -2.9939750724985885e+01
2.3451989159047808e+00 2.6707312679060475e+00 -2.9260989940332259e+01
2.3467697122315756e+00 2.6260729193485504e+00 -2.7599785445642940e+01
2.3483405085583704e+00 2.5839506025116963e+00 -2.6032014066906960e+01
2.3499113048851652e+00 2.5435957800961355e+00 -2.5349341653353360e+01
2.3514821012119604e+00 2.5041012300506145e+00 -2.4936681266114601e+01
2.3530528975387552e+00 2.4657206244306624e+00 -2.3931023560096083e+01
2.3546236938655500e+00 2.4295419629920687e+00 -2.2133078859109521e+01
2.3561944901923448e+00 2.3967984089931380e+00 -1.9557308927502856e+01
2.3577652865191401e+00 2.3683793646536833e+00 -1.6626942149065080e+01
2.3593360828459349e+00 2.3441664821258681e+00 -1.4201857377378360e+01
2.3609068791727297e+00 2.3232047579953674e+00 -1.2487438711405954e+01
2.3624776754995245e+00 2.3047756761523757e+00 -1.0977197064253192e+01
2.3640484718263193e+00 2.2888672534210026e+00 -9.2780358516960320e+00
2.3656192681531145e+00 2.2758477077468173e+00 -7.2989645551584701e+00
2.3671900644799093e+00 2.2661288083493845e+00 -5.0755224889568069e+00
2.3687608608067041e+00 2.2599026348546674e+00 -2.8518878168996462e+00
2.3703316571334989e+00 2.2574792807690831e+00 -2.3362243576204997e-01
2.3719024534602942e+00 2.2572957941371072e+00 0.0000000000000000e+00
2.3734732497870890e+00 2.2585724100508395e+00 1.6254378648022711e+00
2.3750440461138838e+00 2.2617312585888270e+00 2.3965330095921455e+00
2.3766148424406786e+00 2.2656641419083523e+00 2.6109695576573246e+00
2.3781856387674734e+00 2.2695739170706424e+00 2.3671107899940567e+00
2.3797564350942686e+00 2.2731624500462688e+00 2.2019513021588013e+00
2.3813272314210634e+00 2.2768487652922089e+00 2.4916110433327252e+00
2.3828980277478582e+00 2.2811039647891516e+00 2.9262772269122403e+00
2.3844688240746530e+00 2.2856372629006962e+00 2.8456971967798861e+00
2.3860396204014482e+00 2.2895617570611515e+00 2.1511239613930933e+00
2.3876104167282430e+00 2.2917005858079782e+00 5.7211737848292210e-01
2.3891812130550378e+00 2.2921499257462865e+00 0.0000000000000000e+00
2.3907520093818326e+00 2.2900714406781408e+00 -2.6464093819049674e+00
2.3923228057086274e+00 2.2837036611076837e+00 -5.4612993793583460e+00
2.3938936020354227e+00 2.2728754582844464e+00 -8.3255966535974579e+00
2.3954643983622175e+00 2.2578067812018894e+00 -1.0860438894759703e+01
2.3970351946890123e+00 2.2390818020000691e+00 -1.2980945099342543e+01
2.3986059910158071e+00 2.2172684841797086e+00 -1.4792633751418215e+01
2.4001767873426019e+00 2.1924445979450389e+00 -1.6814119856571782e+01
2.4017475836693971e+00 2.1635772885344631e+00 -1.9940880035070485e+01
2.4033183799961919e+00 2.1290217333708492e+00 -2.4056619289522590e+01
2.4048891763229867e+00 2.0883350146903754e+00 -2.7747319879974636e+01
2.4064599726497815e+00 2.0427216572124709e+00 -3.0329410629038488e+01
2.4080307689765768e+00 1.9939559207475150e+00 -3.1761053466263110e+01
2.4096015653033716e+00 1.9436900364868339e+00 -3.2239458125520791e+01
2.4111723616301663e+00 1.8927070262622032e+00 -3.2674126602120253e+01
2.4127431579569611e+00 1.8403025020044996e+00 -3.4049386005825262e+01
2.4143139542837559e+00 1.7853791944962154e+00 -3.5881141041376246e+01
2.4158847506105512e+00 1.7281409778805963e+00 -3.6996819823731300e+01
2.4174555469373460e+00 1.6699763936737000e+00 -3.7060628891571952e+01
2.4190263432641408e+00 1.6125320963708509e+00 -3.6079722053943520e+01
2.4205971395909356e+00 1.5571285076615220e+00 -3.4462318011020905e+01
2.4221679359177308e+00 1.5037080399701195e+00 -3.3554733951904787e+01
2.4237387322445256e+00 1.4509196147135981e+00 -3.3657576588998921e+01
2.4253095285713204e+00 1.3982464915839981e+00 -3.3407926724316241e+01
2.4268803248981152e+00 1.3470175796977022e+00 -3.1818749723072973e+01
2.4284511212249100e+00 1.2994860766226519e+00 -2.8700239612785850e+01
2.4300219175517053e+00 1.2579979511175459e+00 -2.4124082417239158e+01
2.4315927138785001e+00 1.2240268944667301e+00 -1.9129210287020555e+01
2.4331635102052949e+00 1.1964328252666478e+00 -1.6004649818684921e+01
2.4347343065320897e+00 1.1724622250436345e+00 -1.4515666296294949e+01
2.4363051028588849e+00 1.1507565358920901e+00 -1.3120875477174227e+01
2.4378758991856797e+00 1.1316890314139529e+00 -1.1156625243806415e+01
2.4394466955124745e+00 1.1162598404281188e+00 -8.4884308626300591e+00
2.4410174918392693e+00 1.1054711583864374e+00 -5.2481457484136333e+00
2.4425882881660641e+00 1.1006394226496004e+00 -9.0381126143768142e-01
2.4441590844928593e+00 1.0999295709448091e+00 0.0000000000000000e+00
2.4457298808196541e+00 1.1037524233859242e+00 4.8674069017153423e+00
2.4473006771464489e+00 1.1133940549650185e+00 7.4086997005557178e+00
2.4488714734732437e+00 1.1258590424026358e+00 8.4622152296465902e+00
2.4504422698000390e+00 1.1389128206601968e+00 8.1583714560806140e+00
2.4520130661268338e+00 1.1504250882010207e+00 6.4995028264682100e+00
2.4535838624536286e+00 1.1595953347900079e+00 5.1764177656038077e+00
2.4551546587804234e+00 1.1674204759857976e+00 4.7868614480125276e+00
2.4567254551072182e+00 1.1746305634152845e+00 4.3933069882087459e+00
2.4582962514340134e+00 1.1806424274995164e+00 3.2612361014068108e+00
2.4598670477608082e+00 1.1840796172131185e+00 1.1151297647086678e+00
2.4614378440876030e+00 1.1849554380822704e+00 0.0000000000000000e+00
2.4630086404143978e+00 1.1826297165783712e+00 -2.9612005888056396e+00
2.4645794367411931e+00 1.1752361165429832e+00 -6.4526233542037597e+00
2.4661502330679879e+00 1.1634054504040547e+00 -8.6106486144402989e+00
2.4677210293947827e+00 1.1486906675745394e+00 -1.0124794776289873e+01
2.4692918257215775e+00 1.1322543311743585e+00 -1.0802598698991890e+01
2.4708626220483723e+00 1.1154446976455834e+00 -1.0600091442351895e+01
2.4724334183751675e+00 1.0995564428101761e+00 -9.6294629109139933e+00
2.4740042147019623e+00 1.0853635892718918e+00 -8.4414394666651251e+00
2.4755750110287571e+00 1.0726762569057908e+00 -7.7125738190539295e+00
2.4771458073555519e+00 1.0608334257486172e+00 -7.3661871318823255e+00
2.4787166036823467e+00 1.0496177704595948e+00 -6.9140287022198752e+00
2.4802874000091419e+00 1.0393563646665367e+00 -6.1511989380733318e+00
2.4818581963359367e+00 1.0305568727494903e+00 -5.0526621442881661e+00
2.4834289926627315e+00 1.0236478839008134e+00 -3.7441356719820664e+00
2.4849997889895263e+00 1.0196747969457873e+00 -1.3145557538288275e+00
2.4865705853163216e+00 1.0186423472710464e+00 0.0000000000000000e+00
2.4881413816431164e+00 1.0202948755889818e+00 2.1040644031900886e+00
2.4897121779699112e+00 1.0244318078031542e+00 3.1632412857833003e+00
2.4912829742967060e+00 1.0292789167311727e+00 3.0082894790090622e+00
2.4928537706235008e+00 1.0328738139163145e+00 1.5688757763708097e+00
2.4944245669502960e+00 1.0341060060696752e+00 0.0000000000000000e+00
2.4959953632770908e+00 1.0329669447454843e+00 -1.4502979218383933e+00
2.4975661596038856e+00 1.0304339632868993e+00 -1.7747942373132177e+00
2.4991369559306804e+00 1.0276606255430258e+00 -1.7563290490931893e+00
2.5007077522574757e+00 1.0248871531950710e+00 -1.7749656205516327e+00
2.5022785485842705e+00 1.0220483328157581e+00 -1.8395327467898339e+00
2.5038493449110653e+00 1.0190707440878328e+00 -1.9516509695624777e+00
2.5054201412378601e+00 1.0158203766642451e+00 -2.1868453690685863e+00
2.5069909375646549e+00 1.0119588738075236e+00 -2.7297727702174130e+00
2.5085617338914501e+00 1.0070593355473674e+00 -3.5085130935550084e+00
2.5101325302182449e+00 1.0010826600468890e+00 -4.1012264997044374e+00
2.5117033265450397e+00 9.9434886935127431e-01 -4.4725020999222629e+00
2.5132741228718345e+00 9.8720346419228233e-01 -4.6253103116615293e+00
2.5148449191986297e+00 9.7996361190918024e-01 -4.5927559132232236e+00
2.5164157155254245e+00 9.7270953140340188e-01 -4.6434262474268539e+00
2.5179865118522193e+00 9.6514312930982271e-01 -4.9904161094856905e+00
2.5195573081790141e+00 9.5699635460868659e-01 -5.3823796020494559e+00
2.5211281045058089e+00 9.4845654106265154e-01 -5.4908487094280209e+00
2.5226989008326042e+00 9.4000212493670421e-01 -5.2736482297724256e+00
2.5242696971593990e+00 9.3214621732497227e-01 -4.7288040012712536e+00
2.5258404934861938e+00 9.2529329413317474e-01 -3.9966088035586500e+00
2.5274112898129886e+00 9.1931870117516101e-01 -3.6104792142811504e+00
2.5289820861397838e+00 9.1366951339820857e-01 -3.5822900589676103e+00
2.5305528824665786e+00 9.0811735074273536e-01 -3.4869429927831663e+00
2.5321236787933734e+00 9.0292722779783186e-01 -3.1213267827056712e+00
2.5336944751201682e+00 8.9855016668382726e-01 -2.4517205173679120e+00
2.5352652714469630e+00 8.9551645778443734e-01 -1.4109176205505147e+00
2.5368360677737583e+00 8.9440832567655160e-01 0.0000000000000000e+00
2.5384068641005531e+00 8.9468479600841055e-01 3.5201295946891575e-01
2.5399776604273478e+00 8.9650331375770242e-01 1.9633957517323570e+00
2.5415484567541426e+00 9.0062874569293849e-01 3.2892673273237878e+00
2.5431192530809379e+00 9.0636024694523465e-01 4.0083067177971703e+00
2.5446900494077327e+00 9.1285255191167725e-01 4.2579527019585086e+00
2.5462608457345275e+00 9.1947110609900040e-01 4.1690522183144090e+00
2.5478316420613223e+00 9.2605056021259802e-01 4.2081689418890660e+00
2.5494024383881171e+00 9.3305593779314788e-01 4.7113548194687729e+00
2.5509732347149123e+00 9.4093453565703511e-01 5.3199875378962291e+00
2.5525440310417071e+00 9.4933396856750529e-01 5.3745025970649749e+00
2.5541148273685019e+00 9.5724722538395091e-01 4.7009689092792639e+00
2.5556856236952967e+00 9.6340853787872693e-01 3.1438578065408915e+00
2.5572564200220920e+00 9.6663930042260493e-01 9.6967682397289168e-01
2.5588272163488868e+00 9.6740088281924230e-01 0.0000000000000000e+00
2.5603980126756816e+00 9.6620416834801104e-01 -1.5237041885285660e+00
2.5619688090024764e+00 9.6225679402711195e-01 -3.5022488947125541e+00
2.5635396053292712e+00 9.5560956014907539e-01 -4.9612721419074646e+00
2.5651104016560664e+00 9.4697797352551905e-01 -6.0288052810090464e+00
2.5666811979828612e+00 9.3688091128326301e-01 -6.8271736514844488e+00
2.5682519943096560e+00 9.2535096044871179e-01 -7.8532156999193132e+00
2.5698227906364508e+00 9.1118030593128441e-01 -1.0189422006450345e+01
2.5713935869632456e+00 8.9214711143376191e-01 -1.4044393890432527e+01
2.5729643832900408e+00 8.6746444411312129e-01 -1.7382554211742438e+01
2.5745351796168356e+00 8.3858358493730578e-01 -1.9389697776835490e+01
2.5761059759436304e+00 8.0760670290788361e-01 -2.0051293395623283e+01
2.5776767722704252e+00 7.7653085839298719e-01 -1.9515700726786608e+01
2.5792475685972205e+00 7.4654950158559974e-01 -1.8657748365185377e+01
2.5808183649240153e+00 7.1722713107735470e-01 -1.8676653311290654e+01
2.5823891612508101e+00 6.8732543401812463e-01 -1.9395369839214577e+01
2.5839599575776049e+00 6.5646530494383692e-01 -1.9896966853802333e+01
2.5855307539043997e+00 6.2515354381667199e-01 -1.9970405628607725e+01
2.5871015502311949e+00 5.9406362819143177e-01 -1.9614504387918966e+01
2.5886723465579897e+00 5.6380835692259723e-01 -1.8907703428253100e+01
2.5902431428847845e+00 5.3496087164111150e-01 -1.7822055598302427e+01
2.5918139392115793e+00 5.0788425051666319e-01 -1.6652969155158807e+01
2.5933847355383746e+00 4.8234680413337039e-01 -1.5862317451596395e+01
2.5949555318651694e+00 4.5769508550277727e-01 -1.5525225554561287e+01
2.5965263281919642e+00 4.3324248059884896e-01 -1.5608797980907109e+01
2.5980971245187590e+00 4.0831926381380490e-01 -1.6124427211820095e+01
2.5996679208455538e+00 3.8224705183131713e-01 -1.7071744103003315e+01
2.6012387171723490e+00 3.5476408603938181e-01 -1.7920654749884765e+01
2.6028095134991438e+00 3.2632757832573772e-01 -1.8285831385295644e+01
2.6043803098259386e+00 2.9754052433703937e-01 -1.8366984129543503e+01
2.6059511061527334e+00 2.6887458553699117e-01 -1.8131622737638150e+01
2.6075219024795286e+00 2.4083937182686546e-01 -1.7563920003187469e+01
2.6090926988063234e+00 2.1387466104253763e-01 -1.6768616079767547e+01
2.6106634951331182e+00 1.8789147927330010e-01 -1.6314198446869483e+01
2.6122342914599130e+00 1.6192674706882798e-01 -1.6745125364325094e+01
2.6138050877867078e+00 1.3512272726605792e-01 -1.7382812606428260e+01
2.6153758841135031e+00 1.0806189102265798e-01 -1.7072114212263482e+01
2.6169466804402979e+00 8.2458838244550178e-02 -1.5526705050766859e+01
2.6185174767670927e+00 6.0301728241493519e-02 -1.2684603602173683e+01
2.6200882730938875e+00 4.3281830097598437e-02 -8.9858037619994775e+00
2.6216590694206827e+00 3.1320282613669329e-02 -6.2441115107630942e+00
2.6232298657474775e+00 2.2501780779557279e-02 -4.9839537497486281e+00
2.6248006620742723e+00 1.5175649238603137e-02 -4.3439666381263180e+00
2.6263714584010671e+00 8.9122719995510351e-03 -3.6308129462294558e+00
2.6279422547278619e+00 3.9540627383391523e-03 -2.6821751562180225e+00
2.6295130510546572e+00 9.2374364836726394e-04 -1.1761469422992066e+00
2.6310838473814520e+00 0.0000000000000000e+00 0.0000000000000000e+00
2.6326546437082468e+00 3.0363921903102381e-04 3.8660546100282517e-01
2.6342254400350416e+00 3.2627721714667611e-03 3.3810796321675052e+00
2.6357962363618368e+00 1.0989832943732064e-02 6.4573197076503348e+00
2.6373670326886316e+00 2.2546058093687336e-02 8.2565231411366682e+00
2.6389378290154264e+00 3.6241509737791451e-02 9.1810674751459729e+00
2.6405086253422212e+00 5.0823117779590504e-02 9.3848125095019927e+00
2.6420794216690160e+00 6.5568592213847324e-02 9.3897086460763148e+00
2.6436502179958112e+00 8.0819984710849807e-02 1.0028967393380125e+01
2.6452210143226060e+00 9.7648728958230430e-02 1.1398055270620592e+01
2.6467918106494008e+00 1.1666709956737195e-01 1.2816886265368874e+01
2.6483626069761956e+00 1.3771509522338685e-01 1.3982254141284868e+01
2.6499334033029909e+00 1.6038672382030278e-01 1.4884159931850714e+01
2.6515041996297857e+00 1.8435309833014091e-01 1.5630775838009889e+01
2.6530749959565805e+00 2.0963221329559034e-01 1.6555592991908807e+01
2.6546457922833753e+00 2.3668325933918741e-01 1.7886868557252793e+01
2.6562165886101701e+00 2.6596877293200266e-01 1.9400605437001037e+01
2.6577873849369653e+00 2.9749547889894212e-01 2.0740443315335433e+01
2.6593581812637601e+00 3.3089720223997043e-01 2.1787951704767984e+01
2.6609289775905549e+00 3.6572851280598834e-01 2.2560650302840450e+01
2.6624997739173497e+00 4.0172365074079225e-01 2.3269782733951505e+01
2.6640705702441445e+00 4.3909956832572705e-01 2.4318713555952780e+01
2.6656413665709398e+00 4.7839578035975877e-01 2.5714777564063155e+01
2.6672121628977346e+00 5.1974753144570163e-01 2.6935907162607826e+01
2.6687829592245293e+00 5.6257303935469816e-01 2.7591223030498359e+01
2.6703537555513241e+00 6.0592950691390390e-01 2.7611945985913000e+01
2.6719245518781194e+00 6.4888641038217532e-01 2.7082482229249123e+01
2.6734953482049142e+00 6.9088076283995592e-01 2.6386387975546690e+01
2.6750661445317090e+00 7.3195256806618836e-01 2.5907858612155998e+01
2.6766369408585038e+00 7.7239013924096800e-01 2.5578856100619362e+01
2.6782077371852986e+00 8.1208464357501553e-01 2.4961756526154367e+01
2.6797785335120938e+00 8.5035050962149061e-01 2.3759857337745593e+01
2.6813493298388886e+00 8.8624851958088513e-01 2.1946908519855128e+01
2.6829201261656834e+00 9.1896152061512204e-01 1.9704578023900197e+01
2.6844909224924782e+00 9.4805200384449517e-01 1.7334575599195109e+01
2.6860617188192735e+00 9.7355576532251753e-01 1.5137822054109060e+01
2.6876325151460683e+00 9.9593520241601408e-01 1.3356562242245506e+01
2.6892033114728631e+00 1.0157883617761987e+00 1.1921265343072232e+01
2.6907741077996579e+00 1.0335676411410928e+00 1.0716016221206264e+01
2.6923449041264527e+00 1.0496337574410359e+00 9.7399983821968590e+00
2.6939157004532479e+00 1.0643418953785928e+00 8.9869844693159795e+00
2.6954864967800427e+00 1.0777310699786302e+00 8.0606421028163435e+00
2.6970572931068375e+00 1.0895458069616315e+00 6.9823482345868788e+00
2.6986280894336323e+00 1.0999301915696982e+00 6.2394608961435791e+00
2.7001988857604275e+00 1.1095298982227417e+00 5.9832652323658744e+00
2.7017696820872223e+00 1.1191066106260685e+00 6.2101837081063174e+00
2.7033404784140171e+00 1.1294068579290331e+00 6.9044984785806669e+00
2.7049112747408119e+00 1.1410727023482832e+00 7.9489159587374836e+00
2.7064820710676067e+00 1.1544241238417536e+00 9.0506418651772016e+00
2.7080528673944020e+00 1.1693242520847966e+00 9.9207906354863145e+00
2.7096236637211968e+00 1.1854006134149608e+00 1.0548268345531175e+01
2.7111944600479916e+00 1.2023546251506136e+00 1.1038249838207257e+01
2.7127652563747864e+00 1.2199792663111451e+00 1.1402140249149651e+01
2.7143360527015816e+00 1.2380767617657509e+00 1.1640306624314171e+01
2.7159068490283764e+00 1.2565305667797106e+00 1.1855807670292824e+01
2.7174776453551712e+00 1.2754534721523916e+00 1.2237583751487641e+01
2.7190484416819660e+00 1.2950525967515611e+00 1.2716796730368216e+01
2.7206192380087608e+00 1.3153373711116481e+00 1.3110580140925828e+01
2.7221900343355561e+00 1.3361623270920189e+00 1.3404577330645486e+01
2.7237608306623509e+00 1.3573718591880164e+00 1.3600237659309792e+01
2.7253316269891457e+00 1.3788474173999949e+00 1.3743292301444830e+01
2.7269024233159405e+00 1.4006359355749411e+00 1.3998710660079254e+01
2.7284732196427357e+00 1.4229273361612107e+00 1.4383582073885529e+01
2.7300440159695305e+00 1.4457599958828542e+00 1.4687863195194671e+01
2.7316148122963253e+00 1.4689108110647351e+00 1.4788670187233134e+01
2.7331856086231201e+00 1.4920453242834089e+00 1.4667106890982586e+01
2.7347564049499149e+00 1.5148115171321821e+00 1.4319710127144052e+01
2.7363272012767101e+00 1.5368800733083530e+00 1.3778848291559816e+01
2.7378979976035049e+00 1.5581594847530358e+00 1.3314939848502172e+01
2.7394687939302997e+00 1.5788630074845544e+00 1.3045604008592422e+01
2.7410395902570945e+00 1.5992301731738885e+00 1.2886676761242375e+01
2.7426103865838893e+00 1.6194449249338374e+00 1.2851544566530977e+01
2.7441811829106846e+00 1.6397047741778401e+00 1.2944096661300295e+01
2.7457519792374794e+00 1.6601814230760952e+00 1.3127582459617305e+01
2.7473227755642742e+00 1.6809499110819213e+00 1.3315677753760065e+01
2.7488935718910690e+00 1.7020123637598257e+00 1.3501869904862586e+01
2.7504643682178642e+00 1.7234287989410724e+00 1.3766382275152131e+01
2.7520351645446590e+00 1.7454090716228137e+00 1.4219770107304766e+01
2.7536059608714538e+00 1.7683123875038331e+00 1.4941637377971835e+01
2.7551767571982486e+00 1.7925632461995920e+00 1.5935514907254875e+01
2.7567475535250434e+00 1.8186141522558090e+00 1.7233528859703458e+01
2.7583183498518387e+00 1.8468746720772689e+00 1.8748882531743039e+01
2.7598891461786335e+00 1.8775526740180315e+00 2.0311562692700523e+01
2.7614599425054283e+00 1.9106633965083777e+00 2.1846318536762855e+01
2.7630307388322231e+00 1.9460892603055764e+00 2.3259292156234974e+01
2.7646015351590183e+00 1.9836035440702826e+00 2.4505377425394613e+01
2.7661723314858131e+00 2.0229683225270856e+00 2.5615415175549039e+01
2.7677431278126079e+00 2.0641480664251430e+00 2.6816263197527352e+01
2.7693139241394027e+00 2.1074568541522058e+00 2.8326197971113064e+01
2.7708847204661975e+00 2.1533218678347574e+00 3.0070951169334357e+01
2.7724555167929927e+00 2.2018329687714298e+00 3.1695300901862183e+01
2.7740263131197875e+00 2.2525314475036780e+00 3.2856007077954921e+01
2.7755971094465823e+00 2.3046482497604024e+00 3.3501166500453557e+01
2.7771679057733771e+00 2.3574651929651798e+00 3.3747454219904483e+01
2.7787387021001724e+00 2.4106546838475436e+00 3.3975508935836373e+01
2.7803094984269672e+00 2.4644072050030221e+00 3.4464326628536355e+01
2.7818802947537620e+00 2.5190321137923575e+00 3.5086267369601323e+01
2.7834510910805568e+00 2.5744092272139416e+00 3.5422063312048039e+01
2.7850218874073516e+00 2.6298594681520204e+00 3.5179376215411011e+01
2.7865926837341468e+00 2.6844646879630427e+00 3.4346148996923084e+01
2.7881634800609416e+00 2.7376454672628077e+00 3.3365722227375265e+01
2.7897342763877364e+00 2.7903187717522409e+00 3.3700012000451288e+01
2.7913050727145312e+00 2.8447510125832922e+00 3.5605269534195671e+01
2.7928758690413265e+00 2.9017538496820090e+00 3.6972996821971222e+01
2.7944466653681213e+00 2.9590384410589659e+00 3.5964010223169801e+01
2.7960174616949161e+00 3.0125495706938321e+00 3.2168476111395790e+01
2.7975882580217108e+00 3.0578980060651424e+00 2.5570945095226634e+01
2.7991590543485056e+00 3.0921700620589552e+00 1.8065591875476137e+01
2.8007298506753009e+00 3.1169262765948300e+00 1.3454999449540038e+01
2.8023006470020957e+00 3.1365747751591568e+00 1.1562245917234529e+01
2.8038714433288905e+00 3.1540591489862337e+00 1.0699550254333891e+01
2.8054422396556853e+00 3.1702782789453758e+00 9.9512873908458452e+00
2.8070130359824805e+00 3.1852869388045408e+00 9.1583318553182362e+00
2.8085838323092753e+00 3.1990150879109018e+00 8.3208904629225682e+00
2.8101546286360701e+00 3.2113928108305578e+00 7.4389158321594193e+00
2.8117254249628649e+00 3.2223497390963227e+00 6.5118785246400011e+00
2.8132962212896597e+00 3.2318138816268833e+00 5.5382420022805610e+00
2.8148670176164550e+00 3.2397089183266536e+00 4.5140309310000912e+00
2.8164378139432498e+00 3.2459463623999132e+00 3.4277295211482959e+00
2.8180086102700446e+00 3.2503891052187761e+00 2.2289463229166921e+00
2.8195794065968394e+00 3.2529470223351251e+00 1.0278949017737820e+00
2.8211502029236346e+00 3.2537543291031441e+00 0.0000000000000000e+00
2.8227209992504294e+00 3.2536923397706743e+00 -7.8927269452304147e-02
2.8242917955772242e+00 3.2529271209654897e+00 -8.9537957368393672e-01
2.8258625919040190e+00 3.2511485022341344e+00 -1.3692281300845242e+00
2.8274333882308138e+00 3.2488434999510076e+00 -1.5655919274977153e+00
2.8290041845576090e+00 3.2464038786193705e+00 -1.5406304261216075e+00
2.8305749808844038e+00 3.2441107827450910e+00 -1.3790299208802053e+00
2.8321457772111986e+00 3.2422979505532159e+00 -9.2913971378418125e-01
2.8337165735379934e+00 3.2412744467551340e+00 -3.7402579612062548e-01
2.8352873698647882e+00 3.2409806875817977e+00 0.0000000000000000e+00
2.8368581661915835e+00 3.2411674946970579e+00 2.3785020638698232e-01
2.8384289625183783e+00 3.2419229561476879e+00 7.2403318707793296e-01
2.8399997588451731e+00 3.2434682716010905e+00 1.2435235572845393e+00
2.8415705551719679e+00 3.2459394571630273e+00 1.9028876225521645e+00
2.8431413514987631e+00 3.2498380664643980e+00 3.0609759094241835e+00
2.8447121478255579e+00 3.2562051621216739e+00 5.0458620665316323e+00
2.8462829441523527e+00 3.2649515473338080e+00 6.0903814590452052e+00
2.8478537404791475e+00 3.2741925688721976e+00 5.6756525973824701e+00
2.8494245368059423e+00 3.2817152077478480e+00 3.9024686998580989e+00
2.8509953331327376e+00 3.2851186833496180e+00 4.3097102585596547e-01
2.8525661294595324e+00 3.2854571672018027e+00 0.0000000000000000e+00
2.8541369257863272e+00 3.2841535792454435e+00 -1.6597797360770663e+00
2.8557077221131220e+00 3.2812954612398100e+00 -1.9792891322154111e+00
2.8572785184399172e+00 3.2779462868575839e+00 -2.2850121334479341e+00
2.8588493147667120e+00 3.2741588539580548e+00 -2.5372972072638693e+00
2.8604201110935068e+00 3.2700075086580265e+00 -2.7483597925833054e+00
2.8619909074203016e+00 3.2655544671437804e+00 -2.9214287577022686e+00
2.8635617037470964e+00 3.2608580960496263e+00 -3.0581766361264946e+00
2.8651325000738916e+00 3.2559745374386293e+00 -3.1597633064253174e+00
2.8667032964006864e+00 3.2509582872031992e+00 -3.2271248596114566e+00
2.8682740927274812e+00 3.2458624653663950e+00 -3.2610770159329325e+00
2.8698448890542760e+00 3.2407389720228053e+00 -3.2623573163133721e+00
2.8714156853810713e+00 3.2356341765685954e+00 -3.2372701237693096e+00
2.8729864817078661e+00 3.2305577589106909e+00 -3.2262255838673046e+00
2.8745572780346609e+00 3.2254333040435621e+00 -3.2984329981722045e+00
2.8761280743614557e+00 3.2201281153817995e+00 -3.4563429982649421e+00
2.8776988706882505e+00 3.2145577543958628e+00 -3.6360608874800460e+00
2.8792696670150457e+00 3.2087141018879786e+00 -3.8043085712474749e+00
2.8808404633418405e+00 3.2026167967546799e+00 -3.9590214407856661e+00
2.8824112596686353e+00 3.1962859077281736e+00 -4.1017168210928725e+00
2.8839820559954301e+00 3.1897391515359987e+00 -4.2338720525244913e+00
2.8855528523222254e+00 3.1829919582291417e+00 -4.3569212817363328e+00
2.8871236486490202e+00 3.1760575423493607e+00 -4.4722512360407567e+00
2.8886944449758150e+00 3.1689469811270841e+00 -4.5811964974229884e+00
2.8902652413026098e+00 3.1616693002567415e+00 -4.6850345806602993e+00
2.8918360376294046e+00 3.1542315674089640e+00 -4.7849810043060179e+00
2.8934068339561998e+00 3.1466389933946104e+00 -4.8821844770956302e+00
2.8949776302829946e+00 3.1388950407341318e+00 -4.9777222827833905e+00
2.8965484266097894e+00 3.1310015392746897e+00 -5.0725959218035941e+00
2.8981192229365842e+00 3.1229588084182942e+00 -5.1677270522214123e+00
2.8996900192633794e+00 3.1147657854658646e+00 -5.2639537617326262e+00
2.9012608155901742e+00 3.1064201595381253e+00 -5.3620271950324563e+00
2.9028316119169690e+00 3.0984265476938782e+00 -4.8157555103267935e+00
2.9044024082437638e+00 3.0908273687155527e+00 -4.8598196723977773e+00
2.9059732045705586e+00 3.0828278319591282e+00 -5.3255068654452087e+00
2.9075440008973539e+00 3.0746080825052227e+00 -5.1402031870805480e+00
2.9091147972241487e+00 3.0665338702199776e+00 -5.1402031870805684e+00
2.9106855935509435e+00 3.0584596579347325e+00 -5.1402031870805684e+00
2.9122563898777383e+00 3.0503854456494874e+00 -5.1402031870805684e+00
2.9138271862045331e+00 3.0423112333642424e+00 -5.1402031870805480e+00
2.9153979825313283e+00 3.0342370210789951e+00 -5.1402031870805480e+00
2.9169687788581231e+00 3.0261628087937500e+00 -5.1402031870805684e+00
2.9185395751849179e+00 3.0180885965085049e+00 -5.1402031870805684e+00
2.9201103715117127e+00 3.0100143842232598e+00 -5.1402031870805480e+00
2.9216811678385080e+00 3.0019401719380125e+00 -5.1402031870805480e+00
2.9232519641653028e+00 2.9938659596527675e+00 -5.1402031870805684e+00
2.9248227604920976e+00 2.9857917473675224e+00 -5.1402031870805684e+00
2.9263935568188923e+00 2.9777175350822773e+00 -5.1402031870805684e+00
2.9279643531456871e+00 2.9696433227970322e+00 -5.1402031870805480e+00
2.9295351494724824e+00 2.9615691105117850e+00 -5.1402031870805480e+00
2.9311059457992772e+00 2.9534948982265399e+00 -5.1402031870805684e+00
2.9326767421260720e+00 2.9454206859412948e+00 -5.1402031870805684e+00
2.9342475384528668e+00 2.9373464736560497e+00 -5.1402031870805480e+00
2.9358183347796620e+00 2.9292722613708024e+00 -5.1402031870805480e+00
2.9373891311064568e+00 2.9211980490855574e+00 -5.1402031870805684e+00
2.9389599274332516e+00 2.9131238368003123e+00 -5.1402031870805684e+00
2.9405307237600464e+00 2.9050496245150672e+00 -5.1402031870805684e+00
2.9421015200868412e+00 2.8969754122298221e+00 -5.1402031870805480e+00
2.9436723164136365e+00 2.8889011999445748e+00 -5.1402031870805480e+00
2.9452431127404313e+00 2.8808269876593298e+00 -5.1402031870805684e+00
2.9468139090672261e+00 2.8727527753740847e+00 -5.1402031870805684e+00
2.9483847053940209e+00 2.8646785630888396e+00 -5.1402031870805480e+00
2.9499555017208161e+00 2.8566043508035923e+00 -5.1402031870805480e+00
2.9515262980476109e+00 2.8485301385183472e+00 -5.1402031870805684e+00
2.9530970943744057e+00 2.8404559262331022e+00 -5.1402031870805684e+00
2.9546678907012005e+00 2.8323817139478571e+00 -5.1402031870804272e+00
2.9562386870279953e+00 2.8243075016626120e+00 -5.1402031870805480e+00
2.9578094833547905e+00 2.8162332893773647e+00 -5.1402031870806892e+00
2.9593802796815853e+00 2.8081590770921196e+00 -5.1402031870805684e+00
2.9609510760083801e+00 2.8000848648068746e+00 -5.1402031870805684e+00
2.9625218723351749e+00 2.7920106525216295e+00 -5.1402031870805480e+00
2.9640926686619702e+00 2.7839364402363822e+00 -5.1402031870805480e+00
2.9656634649887650e+00 2.7758622279511371e+00 -5.1402031870804272e+00
2.9672342613155598e+00 2.7677880156658921e+00 -5.1402031870804272e+00
2.9688050576423546e+00 2.7597138033806470e+00 -5.1402031870805684e+00
2.9703758539691494e+00 2.7516395910954019e+00 -5.1402031870806892e+00
2.9719466502959446e+00 2.7435653788101542e+00 -5.1402031870806892e+00
2.9735174466227394e+00 2.7354911665249091e+00 -5.1402031870805684e+00
2.9750882429495342e+00 2.7274169542396640e+00 -5.1402031870804272e+00
2.9766590392763290e+00 2.7193427419544194e+00 -5.1402031870804068e+00
2.9782298356031243e+00 2.7112685296691721e+00 -5.1402031870805480e+00
2.9798006319299191e+00 2.7031943173839270e+00 -5.1402031870805684e+00
2.9813714282567139e+00 2.6951201050986819e+00 -5.1402031870805684e+00
2.9829422245835087e+00 2.6870458928134369e+00 -5.1402031870805684e+00
2.9845130209103035e+00 2.6789716805281918e+00 -5.1402031870806892e+00
2.9860838172370987e+00 2.6708974682429445e+00 -5.1402031870805480e+00
2.9876546135638935e+00 2.6628232559576994e+00 -5.1402031870804272e+00
2.9892254098906883e+00 2.6547490436724543e+00 -5.1402031870805684e+00
2.9907962062174831e+00 2.6466748313872093e+00 -5.1402031870805480e+00
2.9923670025442783e+00 2.6386006191019620e+00 -5.1402031870805480e+00
2.9939377988710731e+00 2.6305264068167169e+00 -5.1402031870805684e+00
2.9955085951978679e+00 2.6224521945314718e+00 -5.1402031870805684e+00
2.9970793915246627e+00 2.6143779822462268e+00 -5.1402031870805684e+00
2.9986501878514575e+00 2.6063037699609817e+00 -5.1402031870805480e+00
3.0002209841782528e+00 2.5982295576757344e+00 -5.1402031870805480e+00
3.0017917805050476e+00 2.5901553453904893e+00 -5.1402031870805684e+00
3.0033625768318424e+00 2.5820811331052442e+00 -5.1402031870805684e+00
3.0049333731586372e+00 2.5740069208199992e+00 -5.1402031870805684e+00
3.0065041694854320e+00 2.5659327085347541e+00 -5.1402031870805480e+00
3.0080749658122272e+00 2.5578584962495068e+00 -5.1402031870805480e+00
3.0096457621390220e+00 2.5497842839642617e+00 -5.1402031870805684e+00
3.0112165584658168e+00 2.5417100716790166e+00 -5.1402031870805684e+00
3.0127873547926116e+00 2.5336358593937716e+00 -5.1402031870805480e+00
3.0143581511194069e+00 2.5255616471085243e+00 -5.1402031870805480e+00
3.0159289474462017e+00 2.5174874348232792e+00 -5.1402031870805684e+00
3.0174997437729965e+00 2.5094132225380341e+00 -5.1402031870805684e+00
3.0190705400997913e+00 2.5013390102527890e+00 -5.1402031870805684e+00
3.0206413364265861e+00 2.4932647979675440e+00 -5.1402031870805480e+00
3.0222121327533813e+00 2.4851905856822967e+00 -5.1402031870805480e+00
3.0237829290801761e+00 2.4771163733970516e+00 -5.1402031870805684e+00
3.0253537254069709e+00 2.4690421611118065e+00 -5.1402031870805684e+00
3.0269245217337657e+00 2.4609679488265614e+00 -5.1402031870805480e+00
3.0284953180605609e+00 2.4528937365413142e+00 -5.1402031870805480e+00
3.0300661143873557e+00 2.4448195242560691e+00 -5.1402031870805684e+00
3.0316369107141505e+00 2.4367453119708240e+00 -5.1402031870805684e+00
3.0332077070409453e+00 2.4286710996855789e+00 -5.1402031870805684e+00
3.0347785033677401e+00 2.4205968874003339e+00 -5.1402031870805480e+00
3.0363492996945354e+00 2.4125226751150866e+00 -5.1402031870805480e+00
3.0379200960213302e+00 2.4044484628298415e+00 -5.1402031870805684e+00
3.0394908923481250e+00 2.3963742505445964e+00 -5.1402031870805684e+00
3.0410616886749198e+00 2.3883000382593513e+00 -5.1402031870805480e+00
3.0426324850017150e+00 2.3829289493871531e+00 5.8953872529389884e-02
3.0442032813285098e+00 2.3891900566642525e+00 7.9129355065033637e+00
3.0457740776553046e+00 2.4077881694427123e+00 1.5766917140477357e+01
3.0473448739820994e+00 2.4387232877225324e+00 2.3620898774451351e+01
3.0489156703088942e+00 2.4819954115037124e+00 3.1474880408425367e+01
3.0504864666356895e+00 2.5376045407862700e+00 3.9328862042401582e+01
3.0520572629624843e+00 2.6055506755701741e+00 4.7182843676375562e+01
3.0536280592892791e+00 2.6858338158554380e+00 5.5036825310349549e+01
3.0551988556160738e+00 2.7784539616420623e+00 6.2890806944323572e+01
3.0567696519428691e+00 2.8834111129300779e+00 7.0744788578299790e+01
3.0583404482696639e+00 3.0007052697194259e+00 7.8598770212273749e+01
3.0599112445964587e+00 3.1303364320101341e+00 8.6452751846247736e+01
3.0614820409232535e+00 3.2723045998022022e+00 9.4306733480221737e+01
3.0630528372500483e+00 3.4266097730956311e+00 1.0216071511419577e+02
3.0646236335768435e+00 3.5932519518904682e+00 1.1001469674817197e+02
3.0661944299036383e+00 3.7722311361866208e+00 1.1786867838214594e+02
3.0677652262304331e+00 3.9635473259841332e+00 1.2572266001611993e+02
3.0693360225572279e+00 4.1672005212830054e+00 1.3357664165009396e+02
3.0709068188840232e+00 4.3831907220833006e+00 1.4143062328407018e+02
3.0724776152108180e+00 4.6115179283848979e+00 1.4928460491804415e+02
3.0740484115376128e+00 4.8521821401878551e+00 1.5713858655201813e+02
3.0756192078644076e+00 5.1051833574921712e+00 1.6499256818599227e+02
3.0771900041912024e+00 5.3705215802978481e+00 1.7284654981996616e+02
3.0787608005179976e+00 5.6481968086049656e+00 1.8070053145394223e+02
3.0803315968447924e+00 5.9382090424133658e+00 1.8855451308791632e+02
3.0819023931715872e+00 6.2405582817231267e+00 1.9640849472189032e+02
3.0834731894983820e+00 6.5552445265342483e+00 2.0426247635586435e+02
3.0850439858251772e+00 6.8822677768468239e+00 2.1211645798984057e+02
3.0866147821519720e+00 7.2216280326606679e+00 2.1997043962381468e+02
3.0881855784787668e+00 7.5733252939758744e+00 2.2782442125778866e+02
3.0897563748055616e+00 7.9373595607924390e+00 2.3567840289176252e+02
3.0913271711323564e+00 8.3137308331103643e+00 2.4353238452573640e+02
3.0928979674591517e+00 8.7024391109297614e+00 2.5138636615971259e+02
3.0944687637859465e+00 9.1034843942504100e+00 2.5924034779368674e+02
3.0960395601127413e+00 9.5168666830724185e+00 2.6709432942766074e+02
3.0976103564395361e+00 9.9425859773957903e+00 2.7494831106163474e+02
3.0991811527663309e+00 1.0380642277220518e+01 2.8280229269560886e+02
3.1007519490931261e+00 1.0831035582546738e+01 2.9065627432958507e+02
3.1023227454199209e+00 1.1293765893374191e+01 2.9851025596355896e+02
3.1038935417467157e+00 1.1768833209703004e+01 3.0636423759753296e+02
3.1054643380735105e+00 1.2256237531533179e+01 3.1421821923150674e+02
3.1070351344003058e+00 1.2755978858864855e+01 3.2207220086548296e+02
3.1086059307271006e+00 1.3268057191697752e+01 3.2992618249945713e+02
3.1101767270538954e+00 1.3792472530032009e+01 3.3778016413343113e+02
3.1117475233806902e+00 1.4329224873867627e+01 3.4563414576740513e+02
3.1133183197074850e+00 1.4878314223204608e+01 3.5348812740137924e+02
3.1148891160342802e+00 1.5439740578043105e+01 3.6134210903535546e+02
3.1164599123610750e+00 1.6013503938382808e+01 3.6919609066932935e+02
3.1180307086878698e+00 1.6599604304223867e+01 3.7705007230330335e+02
3.1196015050146646e+00 1.7198041675566291e+01 3.8490405393727730e+02
3.1211723013414598e+00 1.7808816052410247e+01 3.9275803557125352e+02
3.1227430976682546e+00 1.8431927434755394e+01 4.0061201720522752e+02
3.1243138939950494e+00 1.9067375822601900e+01 4.0846599883920152e+02
3.1258846903218442e+00 1.9715161215949770e+01 4.1631998047317558e+02
3.1274554866486390e+00 2.0375283614798992e+01 4.2417396210714952e+02
3.1290262829754343e+00 2.1047743019149770e+01 4.3202794374112568e+02
3.1305970793022291e+00 2.1732539429001722e+01 4.3988192537509980e+02
3.1321678756290239e+00 2.2429672844355032e+01 4.4773590700907380e+02
3.1337386719558187e+00 2.3139143265209704e+01 4.5558988864304763e+02
3.1353094682826139e+00 2.3860950691565940e+01 4.6344387027702390e+02
3.1368802646094087e+00 2.4595095123423334e+01 4.7129785191099796e+02
3.1384510609362035e+00 2.5341576560782091e+01 4.7915183354497191e+02
3.1400218572629983e+00 2.6100395003642202e+01 4.8700581517894591e+02
3.1415926535897931e+00 2.6871550452003678e+01 4.9485979681291991e+02
