# x energy force
1.0000000000000000e-02 4.0670265638019835e+01 2.5500826592616352e+02
1.0996666666666667e-02 4.0416872283858758e+01 2.5347338121981400e+02
1.1993333333333333e-02 4.0165005260158921e+01 2.5194539543537724e+02
1.2990000000000002e-02 3.9914656589096722e+01 2.5042651973959815e+02
1.3986666666666668e-02 3.9665817218017821e+01 2.4891669981672644e+02
1.4983333333333335e-02 3.9418478148241206e+01 2.4741588167480893e+02
1.5980000000000001e-02 3.9172630434737421e+01 2.4592401164383105e+02
1.6976666666666668e-02 3.8928265185808634e+01 2.4444103637380749e+02
1.7973333333333334e-02 3.8685373562770707e+01 2.4296690283274020e+02
1.8970000000000001e-02 3.8443946779637130e+01 2.4150155830487697e+02
1.9966666666666667e-02 3.8203976102804788e+01 2.4004495038878736e+02
2.0963333333333334e-02 3.7965452850741670e+01 2.3859702699540100e+02
2.1960000000000000e-02 3.7728368393676412e+01 2.3715773634625256e+02
2.2956666666666667e-02 3.7492714153289697e+01 2.3572702697157158e+02
2.3953333333333333e-02 3.7258481602407464e+01 2.3430484770849327e+02
2.4950000000000000e-02 3.7025662264695995e+01 2.3289114769913959e+02
2.5946666666666666e-02 3.6794247714358796e+01 2.3148587638887838e+02
2.6943333333333333e-02 3.6564229575835277e+01 2.3008898352454224e+02
2.7940000000000000e-02 3.6335599523501223e+01 2.2870041915248351e+02
2.8936666666666666e-02 3.6108349281371126e+01 2.2732013361694607e+02
2.9933333333333333e-02 3.5882470622802160e+01 2.2594807755824169e+02
3.0929999999999999e-02 3.5657955370200021e+01 2.2458420191093046e+02
3.1926666666666666e-02 3.5434795394726514e+01 2.2322845790213375e+02
3.2923333333333332e-02 3.5212982616008816e+01 2.2188079704976596e+02
3.3920000000000006e-02 3.4992509001850557e+01 2.2054117116078689e+02
3.4916666666666672e-02 3.4773366567944564e+01 2.1920953232949449e+02
3.5913333333333339e-02 3.4555547377587352e+01 2.1788583293580632e+02
3.6910000000000005e-02 3.4339043541395291e+01 2.1657002564357438e+02
3.7906666666666672e-02 3.4123847217022480e+01 2.1526206339886306e+02
3.8903333333333338e-02 3.3909950608880294e+01 2.1396189942826118e+02
3.9900000000000005e-02 3.3697345967858645e+01 2.1266948723725957e+02
4.0896666666666671e-02 3.3486025591048822e+01 2.1138478060854018e+02
4.1893333333333338e-02 3.3275981821468065e+01 2.1010773360033656e+02
4.2890000000000005e-02 3.3067207047785729e+01 2.0883830054481902e+02
4.3886666666666671e-02 3.2859693704051097e+01 2.0757643604641547e+02
4.4883333333333338e-02 3.2653434269422831e+01 2.0632209498019699e+02
4.5880000000000004e-02 3.2448421267900038e+01 2.0507523249029521e+02
4.6876666666666671e-02 3.2244647268054877e+01 2.0383580398828374e+02
4.7873333333333337e-02 3.2042104882766843e+01 2.0260376515157768e+02
4.8870000000000004e-02 3.1840786768958598e+01 2.0137907192182982e+02
4.9866666666666670e-02 3.1640685627333369e+01 2.0016168050338172e+02
5.0863333333333337e-02 3.1441794202113922e+01 1.9895154736173279e+02
5.1860000000000003e-02 3.1244105280783089e+01 1.9774862922187842e+02
5.2856666666666670e-02 3.1047611693825871e+01 1.9655288306684869e+02
5.3853333333333336e-02 3.0852306314473015e+01 1.9536426613620719e+02
5.4850000000000003e-02 3.0658182058446165e+01 1.9418273592436239e+02
5.5846666666666669e-02 3.0465231883704558e+01 1.9300825017920002e+02
5.6843333333333336e-02 3.0273448790193154e+01 1.9184076690054002e+02
5.7840000000000009e-02 3.0082825819592330e+01 1.9068024433856576e+02
5.8836666666666676e-02 2.9893356055069059e+01 1.8952664099241190e+02
5.9833333333333343e-02 2.9705032621029542e+01 1.8837991560862977e+02
6.0830000000000009e-02 2.9517848682873332e+01 1.8724002717975284e+02
6.1826666666666676e-02 2.9331797446748936e+01 1.8610693494278001e+02
6.2823333333333342e-02 2.9146872159310863e+01 1.8498059837776512e+02
6.3820000000000002e-02 2.8963066107478110e+01 1.8386097720636104e+02
6.4816666666666675e-02 2.8780372618194104e+01 1.8274803139030541e+02
6.5813333333333335e-02 2.8598785058188092e+01 1.8164172113012032e+02
6.6810000000000008e-02 2.8418296833737887e+01 1.8054200686359553e+02
6.7806666666666668e-02 2.8238901390434119e+01 1.7944884926436751e+02
6.8803333333333341e-02 2.8060592212945817e+01 1.7836220924058500e+02
6.9800000000000001e-02 2.7883362824787422e+01 1.7728204793345512e+02
7.0796666666666674e-02 2.7707206788087184e+01 1.7620832671584941e+02
7.1793333333333334e-02 2.7532117703356963e+01 1.7514100719094913e+02
7.2789999999999994e-02 2.7358089209263355e+01 1.7408005119087889e+02
7.3786666666666667e-02 2.7185114982400204e+01 1.7302542077530973e+02
7.4783333333333341e-02 2.7013188737062492e+01 1.7197707823012888e+02
7.5780000000000000e-02 2.6842304225021550e+01 1.7093498606607727e+02
7.6776666666666674e-02 2.6672455235301616e+01 1.6989910701739879e+02
7.7773333333333333e-02 2.6503635593957746e+01 1.6886940404053703e+02
7.8770000000000007e-02 2.6335839163854999e+01 1.6784584031280090e+02
7.9766666666666666e-02 2.6169059844448991e+01 1.6682837923103034e+02
8.0763333333333340e-02 2.6003291571567729e+01 1.6581698441029855e+02
8.1759999999999999e-02 2.5838528317194761e+01 1.6481161968261449e+02
8.2756666666666673e-02 2.5674764089253603e+01 1.6381224909562363e+02
8.3753333333333332e-02 2.5511992931393472e+01 1.6281883691133004e+02
8.4750000000000006e-02 2.5350208922776257e+01 1.6183134760481684e+02
8.5746666666666665e-02 2.5189406177864814e+01 1.6084974586296616e+02
8.6743333333333339e-02 2.5029578846212480e+01 1.5987399658318336e+02
8.7739999999999999e-02 2.4870721112253882e+01 1.5890406487219957e+02
8.8736666666666672e-02 2.4712827195096928e+01 1.5793991604476602e+02
8.9733333333333332e-02 2.4555891348316116e+01 1.5698151562241688e+02
9.0730000000000005e-02 2.4399907859747024e+01 1.5602882933228264e+02
9.1726666666666665e-02 2.4244871051282043e+01 1.5508182310580946e+02
9.2723333333333338e-02 2.4090775278667319e+01 1.5414046307757914e+02
9.3719999999999998e-02 2.3937614931300928e+01 1.5320471558407905e+02
9.4716666666666671e-02 2.3785384432032213e+01 1.5227454716250145e+02
9.5713333333333331e-02 2.3634078236962367e+01 1.5134992454956483e+02
9.6710000000000004e-02 2.3483690835246158e+01 1.5043081468028242e+02
9.7706666666666664e-02 2.3334216748894882e+01 1.4951718468682580e+02
9.8703333333333337e-02 2.3185650532580446e+01 1.4860900189732061e+02
9.9699999999999997e-02 2.3037986773440664e+01 1.4770623383468765e+02
1.0069666666666667e-01 2.2891220090885657e+01 1.4680884821549392e+02
1.0169333333333333e-01 2.2745345136405465e+01 1.4591681294877006e+02
1.0269000000000000e-01 2.2600356593378777e+01 1.4503009613488328e+02
1.0368666666666666e-01 2.2456249176882807e+01 1.4414866606438835e+02
1.0468333333333334e-01 2.2313017633504298e+01 1.4327249121689798e+02
1.0568000000000001e-01 2.2170656741151664e+01 1.4240154025995992e+02
1.0667666666666667e-01 2.2029161308868233e+01 1.4153578204792751e+02
1.0767333333333334e-01 2.1888526176646625e+01 1.4067518562084695e+02
1.0867000000000000e-01 2.1748746215244232e+01 1.3981972020335610e+02
1.0966666666666668e-01 2.1609816325999777e+01 1.3896935520357167e+02
1.1066333333333334e-01 2.1471731440651013e+01 1.3812406021201090e+02
1.1166000000000001e-01 2.1334486521153440e+01 1.3728380500050969e+02
1.1265666666666667e-01 2.1198076559500169e+01 1.3644855952110490e+02
1.1365333333333334e-01 2.1062496577542827e+01 1.3561829390499418e+02
1.1465000000000000e-01 2.0927741626813543e+01 1.3479297846146204e+02
1.1564666666666668e-01 2.0793806788347972e+01 1.3397258367680783e+02
1.1664333333333333e-01 2.0660687172509402e+01 1.3315708021330431e+02
1.1764000000000001e-01 2.0528377918813888e+01 1.3234643890812674e+02
1.1863666666666667e-01 2.0396874195756457e+01 1.3154063077233698e+02
1.1963333333333334e-01 2.0266171200638311e+01 1.3073962698982825e+02
1.2063000000000000e-01 2.0136264159395097e+01 1.2994339891628974e+02
1.2162666666666667e-01 2.0007148326426172e+01 1.2915191807820852e+02
1.2262333333333333e-01 1.9878818984424896e+01 1.2836515617184290e+02
1.2362000000000001e-01 1.9751271444209944e+01 1.2758308506216895e+02
1.2461666666666667e-01 1.9624501044557636e+01 1.2680567678193030e+02
1.2561333333333335e-01 1.9498503152035212e+01 1.2603290353062205e+02
1.2661000000000000e-01 1.9373273160835176e+01 1.2526473767347329e+02
1.2760666666666667e-01 1.9248806492610552e+01 1.2450115174048933e+02
1.2860333333333335e-01 1.9125098596311194e+01 1.2374211842544570e+02
1.2960000000000002e-01 1.9002144948021023e+01 1.2298761058492680e+02
1.3059666666666667e-01 1.8879941050796255e+01 1.2223760123735194e+02
1.3159333333333334e-01 1.8758482434504575e+01 1.2149206356200548e+02
1.3259000000000001e-01 1.8637764655665293e+01 1.2075097089809050e+02
1.3358666666666669e-01 1.8517783297290443e+01 1.2001429674374855e+02
1.3458333333333333e-01 1.8398533968726834e+01 1.1928201475513893e+02
1.3558000000000001e-01 1.8280012305499021e+01 1.1855409874549098e+02
1.3657666666666668e-01 1.8162213969153246e+01 1.1783052268415310e+02
1.3757333333333335e-01 1.8045134647102291e+01 1.1711126069568938e+02
1.3857000000000003e-01 1.7928770052471243e+01 1.1639628705892009e+02
1.3956666666666670e-01 1.7813115923944213e+01 1.1568557620602199e+02
1.4056333333333335e-01 1.7698168025611942e+01 1.1497910272161977e+02
1.4156000000000002e-01 1.7583922146820306e+01 1.1427684134186197e+02
1.4255666666666669e-01 1.7470374102019768e+01 1.1357876695353360e+02
1.4355333333333337e-01 1.7357519730615678e+01 1.1288485459313320e+02
1.4455000000000001e-01 1.7245354896819514e+01 1.1219507944600022e+02
1.4554666666666669e-01 1.7133875489500952e+01 1.1150941684542958e+02
1.4654333333333336e-01 1.7023077422040874e+01 1.1082784227178095e+02
1.4754000000000003e-01 1.6912956632185221e+01 1.1015033135160405e+02
1.4853666666666668e-01 1.6803509081899723e+01 1.0947685985676060e+02
1.4953333333333335e-01 1.6694730757225489e+01 1.0880740370357272e+02
1.5053000000000002e-01 1.6586617668135489e+01 1.0814193895194629e+02
1.5152666666666670e-01 1.6479165848391848e+01 1.0748044180452170e+02
1.5252333333333334e-01 1.6372371355404024e+01 1.0682288860583104e+02
1.5352000000000002e-01 1.6266230270087799e+01 1.0616925584143763e+02
1.5451666666666669e-01 1.6160738696725158e+01 1.0551952013710402e+02
1.5551333333333336e-01 1.6055892762824957e+01 1.0487365825794977e+02
1.5651000000000001e-01 1.5951688618984447e+01 1.0423164710762585e+02
1.5750666666666668e-01 1.5848122438751611e+01 1.0359346372749394e+02
1.5850333333333336e-01 1.5745190418488344e+01 1.0295908529578462e+02
1.5950000000000003e-01 1.5642888777234417e+01 1.0232848912680997e+02
1.6049666666666668e-01 1.5541213756572276e+01 1.0170165267013196e+02
1.6149333333333335e-01 1.5440161620492631e+01 1.0107855350975667e+02
1.6249000000000002e-01 1.5339728655260865e+01 1.0045916936334986e+02
1.6348666666666670e-01 1.5239911169284225e+01 9.9843478081412243e+01
1.6448333333333334e-01 1.5140705492979810e+01 9.9231457646513491e+01
1.6548000000000002e-01 1.5042107978643337e+01 9.8623086172497224e+01
1.6647666666666669e-01 1.4944115000318703e+01 9.8018341903688054e+01
1.6747333333333336e-01 1.4846722953668325e+01 9.7417203214126772e+01
1.6847000000000001e-01 1.4749928255844237e+01 9.6819648606787950e+01
1.6946666666666668e-01 1.4653727345359968e+01 9.6225656712814484e+01
1.7046333333333336e-01 1.4558116681963190e+01 9.5635206290754098e+01
1.7146000000000003e-01 1.4463092746509103e+01 9.5048276225807328e+01
1.7245666666666670e-01 1.4368652040834597e+01 9.4464845529053591e+01
1.7345333333333335e-01 1.4274791087633158e+01 9.3884893336714242e+01
1.7445000000000002e-01 1.4181506430330506e+01 9.3308398909408268e+01
1.7544666666666670e-01 1.4088794632961005e+01 9.2735341631396949e+01
1.7644333333333337e-01 1.3996652280044774e+01 9.2165701009868286e+01
1.7744000000000001e-01 1.3905075976465557e+01 9.1599456674183898e+01
1.7843666666666669e-01 1.3814062347349301e+01 9.1036588375157308e+01
1.7943333333333336e-01 1.3723608037943487e+01 9.0477075984334448e+01
1.8043000000000003e-01 1.3633709713497149e+01 8.9920899493265992e+01
1.8142666666666668e-01 1.3544364059141628e+01 8.9368039012800750e+01
1.8242333333333335e-01 1.3455567779772018e+01 8.8818474772370607e+01
1.8342000000000003e-01 1.3367317599929345e+01 8.8272187119277490e+01
1.8441666666666670e-01 1.3279610263683436e+01 8.7729156517996202e+01
1.8541333333333335e-01 1.3192442534516479e+01 8.7189363549479111e+01
1.8641000000000002e-01 1.3105811195207277e+01 8.6652788910457289e+01
1.8740666666666669e-01 1.3019713047716211e+01 8.6119413412749651e+01
1.8840333333333337e-01 1.2934144913070872e+01 8.5589217982576486e+01
1.8940000000000001e-01 1.2849103631252383e+01 8.5062183659880475e+01
1.9039666666666669e-01 1.2764586061082381e+01 8.4538291597647870e+01
1.9139333333333336e-01 1.2680589080110705e+01 8.4017523061233945e+01
1.9239000000000003e-01 1.2597109584503722e+01 8.3499859427693409e+01
1.9338666666666668e-01 1.2514144488933344e+01 8.2985282185109526e+01
1.9438333333333335e-01 1.2431690726466680e+01 8.2473772931938285e+01
1.9538000000000003e-01 1.2349745248456381e+01 8.1965313376351801e+01
1.9637666666666670e-01 1.2268305024431601e+01 8.1459885335581149e+01
1.9737333333333335e-01 1.2187367041989635e+01 8.0957470735259804e+01
1.9837000000000002e-01 1.2106928306688184e+01 8.0458051608787486e+01
1.9936666666666669e-01 1.2026985841938290e+01 7.9961610096686499e+01
2.0036333333333337e-01 1.1947536688897873e+01 7.9468128445952090e+01
2.0136000000000004e-01 1.1868577906365939e+01 7.8977589009433203e+01
2.0235666666666668e-01 1.1790106570677386e+01 7.8489974245190638e+01
2.0335333333333336e-01 1.1712119775598454e+01 7.8005266715873617e+01
2.0435000000000003e-01 1.1634614632222810e+01 7.7523449088094765e+01
2.0534666666666671e-01 1.1557588268868223e+01 7.7044504131810285e+01
2.0634333333333335e-01 1.1481037830973884e+01 7.6568414719709338e+01
2.0734000000000002e-01 1.1404960480998311e+01 7.6095163826591047e+01
2.0833666666666670e-01 1.1329353398317892e+01 7.5624734528763909e+01
2.0933333333333337e-01 1.1254213779126010e+01 7.5157110003438135e+01
2.1033000000000002e-01 1.1179538836332783e+01 7.4692273528124218e+01
2.1132666666666669e-01 1.1105325799465385e+01 7.4230208480032900e+01
2.1232333333333336e-01 1.1031571914568985e+01 7.3770898335483537e+01
2.1332000000000004e-01 1.0958274444108261e+01 7.3314326669316060e+01
2.1431666666666668e-01 1.0885430666869498e+01 7.2860477154293221e+01
2.1531333333333336e-01 1.0813037877863279e+01 7.2409333560526250e+01
2.1631000000000003e-01 1.0741093388227759e+01 7.1960879754895657e+01
2.1730666666666670e-01 1.0669594525132506e+01 7.1515099700460667e+01
2.1830333333333335e-01 1.0598538631682921e+01 7.1071977455902513e+01
2.1930000000000002e-01 1.0527923066825213e+01 7.0631497174948962e+01
2.2029666666666670e-01 1.0457745205251973e+01 7.0193643105798785e+01
2.2129333333333337e-01 1.0388002437308284e+01 6.9758399590566015e+01
2.2229000000000002e-01 1.0318692168898400e+01 6.9325751064723264e+01
2.2328666666666669e-01 1.0249811821392967e+01 6.8895682056546647e+01
2.2428333333333336e-01 1.0181358831536826e+01 6.8468177186543656e+01
2.2528000000000004e-01 1.0113330651357348e+01 6.8043221166922848e+01
2.2627666666666668e-01 1.0045724748073312e+01 6.7620798801046490e+01
2.2727333333333335e-01 9.9785386040043242e+00 6.7200894982872185e+01
2.2827000000000003e-01 9.9117697164808050e+00 6.6783494696430580e+01
2.2926666666666670e-01 9.8454155977544708e+00 6.6368583015274382e+01
2.3026333333333335e-01 9.7794737749093894e+00 6.5956145101949289e+01
2.3126000000000002e-01 9.7139417897735285e+00 6.5546166207469795e+01
2.3225666666666669e-01 9.6488171988308657e+00 6.5138631670781223e+01
2.3325333333333337e-01 9.5840975731340023e+00 6.4733526918240813e+01
2.3425000000000004e-01 9.5197804982172993e+00 6.4330837463100963e+01
2.3524666666666669e-01 9.4558635740105395e+00 6.3930548904981656e+01
2.3624333333333336e-01 9.3923444147530919e+00 6.3532646929358989e+01
2.3724000000000003e-01 9.3292206489086098e+00 6.3137117307058034e+01
2.3823666666666671e-01 9.2664899190802128e+00 6.2743945893738712e+01
2.3923333333333335e-01 9.2041498819261864e+00 6.2353118629392384e+01
2.4023000000000003e-01 9.1421982080761826e+00 6.1964621537837203e+01
2.4122666666666670e-01 9.0806325820479259e+00 6.1578440726222020e+01
2.4222333333333337e-01 9.0194507021644039e+00 6.1194562384525319e+01
2.4322000000000002e-01 8.9586502804715611e+00 6.0812972785060985e+01
2.4421666666666669e-01 8.8982290426564798e+00 6.0433658281991406e+01
2.4521333333333337e-01 8.8381847279660519e+00 6.0056605310840055e+01
2.4621000000000004e-01 8.7785150891261292e+00 5.9681800388002365e+01
2.4720666666666669e-01 8.7192178922611632e+00 5.9309230110260181e+01
2.4820333333333336e-01 8.6602909168143167e+00 5.8938881154313719e+01
2.4920000000000003e-01 8.6017319554680611e+00 5.8570740276299148e+01
2.5019666666666668e-01 8.5435388140652382e+00 5.8204794311308184e+01
2.5119333333333332e-01 8.4857093115305950e+00 5.7841030172928747e+01
2.5219000000000003e-01 8.4282412797927861e+00 5.7479434852771909e+01
2.5318666666666667e-01 8.3711325637068530e+00 5.7119995420005438e+01
2.5418333333333337e-01 8.3143810209771356e+00 5.6762699020893827e+01
2.5518000000000002e-01 8.2579845220806884e+00 5.6407532878335118e+01
2.5617666666666666e-01 8.2019409501911014e+00 5.6054484291407412e+01
2.5717333333333336e-01 8.1462482011028143e+00 5.5703540634916585e+01
2.5817000000000001e-01 8.0909041831558781e+00 5.5354689358938529e+01
2.5916666666666666e-01 8.0359068171611341e+00 5.5007917988375866e+01
2.6016333333333336e-01 7.9812540363258755e+00 5.4663214122507888e+01
2.6116000000000000e-01 7.9269437861799439e+00 5.4320565434548492e+01
2.6215666666666670e-01 7.8729740245022404e+00 5.3979959671207553e+01
2.6315333333333335e-01 7.8193427212477182e+00 5.3641384652249975e+01
2.6415000000000005e-01 7.7660478584747636e+00 5.3304828270063595e+01
2.6514666666666670e-01 7.7130874302730552e+00 5.2970278489220668e+01
2.6614333333333334e-01 7.6604594426918133e+00 5.2637723346049761e+01
2.6714000000000004e-01 7.6081619136685044e+00 5.2307150948212090e+01
2.6813666666666669e-01 7.5561928729579684e+00 5.1978549474271084e+01
2.6913333333333339e-01 7.5045503620619414e+00 5.1651907173270580e+01
2.7013000000000004e-01 7.4532324341590446e+00 5.1327212364316516e+01
2.7112666666666668e-01 7.4022371540351424e+00 5.1004453436158002e+01
2.7212333333333338e-01 7.3515625980141470e+00 5.0683618846772909e+01
2.7312000000000003e-01 7.3012068538892345e+00 5.0364697122953721e+01
2.7411666666666668e-01 7.2511680208544487e+00 5.0047676859897081e+01
2.7511333333333338e-01 7.2014442094367341e+00 4.9732546720797643e+01
2.7611000000000002e-01 7.1520335414283771e+00 4.9419295436442020e+01
2.7710666666666672e-01 7.1029341498198209e+00 4.9107911804805241e+01
2.7810333333333337e-01 7.0541441787329191e+00 4.8798384690651261e+01
2.7910000000000001e-01 7.0056617833545536e+00 4.8490703025135183e+01
2.8009666666666672e-01 6.9574851298706673e+00 4.8184855805402570e+01
2.8109333333333336e-01 6.9096123954006998e+00 4.7880832094200322e+01
2.8209000000000001e-01 6.8620417679323786e+00 4.7578621019488956e+01
2.8308666666666671e-01 6.8147714462569313e+00 4.7278211774047932e+01
2.8408333333333335e-01 6.7677996399046787e+00 4.6979593615089357e+01
2.8508000000000006e-01 6.7211245690809935e+00 4.6682755863873766e+01
2.8607666666666670e-01 6.6747444646026715e+00 4.6387687905335582e+01
2.8707333333333335e-01 6.6286575678346455e+00 4.6094379187695459e+01
2.8807000000000005e-01 6.5828621306271042e+00 4.5802819222082974e+01
2.8906666666666669e-01 6.5373564152529875e+00 4.5512997582167294e+01
2.9006333333333334e-01 6.4921386943458250e+00 4.5224903903778809e+01
2.9106000000000004e-01 6.4472072508379767e+00 4.4938527884541884e+01
2.9205666666666669e-01 6.4025603778992339e+00 4.4653859283505327e+01
2.9305333333333339e-01 6.3581963788757667e+00 4.4370887920774337e+01
2.9405000000000003e-01 6.3141135672294686e+00 4.4089603677150578e+01
2.9504666666666668e-01 6.2703102664776287e+00 4.3809996493767635e+01
2.9604333333333338e-01 6.2267848101329886e+00 4.3532056371728679e+01
2.9704000000000003e-01 6.1835355416441535e+00 4.3255773371754721e+01
2.9803666666666673e-01 6.1405608143363377e+00 4.2981137613826498e+01
2.9903333333333337e-01 6.0978589913524957e+00 4.2708139276829158e+01
3.0003000000000002e-01 6.0554284455947709e+00 4.2436768598205234e+01
3.0102666666666672e-01 6.0132675596663203e+00 4.2167015873599404e+01
3.0202333333333337e-01 5.9713747258134795e+00 4.1898871456518236e+01
3.0302000000000001e-01 5.9297483458682541e+00 4.1632325757982038e+01
3.0401666666666671e-01 5.8883868311911787e+00 4.1367369246180431e+01
3.0501333333333336e-01 5.8472886026145083e+00 4.1103992446135756e+01
3.0601000000000006e-01 5.8064520903857355e+00 4.0842185939358679e+01
3.0700666666666671e-01 5.7658757341114706e+00 4.0581940363515862e+01
3.0800333333333335e-01 5.7255579827016261e+00 4.0323246412093106e+01
3.0900000000000005e-01 5.6854972943139561e+00 4.0066094834064614e+01
3.0999666666666670e-01 5.6456921362989236e+00 3.9810476433560062e+01
3.1099333333333334e-01 5.6061409851448829e+00 3.9556382069533711e+01
3.1199000000000005e-01 5.5668423264236013e+00 3.9303802655443334e+01
3.1298666666666669e-01 5.5277946547361108e+00 3.9052729158920961e+01
3.1398333333333339e-01 5.4889964736588572e+00 3.8803152601450428e+01
3.1498000000000004e-01 5.4504462956902078e+00 3.8555064058047989e+01
3.1597666666666668e-01 5.4121426421972387e+00 3.8308454656941834e+01
3.1697333333333338e-01 5.3740840433628669e+00 3.8063315579253981e+01
3.1797000000000003e-01 5.3362690381332945e+00 3.7819638058685960e+01
3.1896666666666668e-01 5.2986961741657490e+00 3.7577413381206824e+01
3.1996333333333338e-01 5.2613640077765504e+00 3.7336632884740169e+01
3.2096000000000002e-01 5.2242711038894942e+00 3.7097287958852306e+01
3.2195666666666672e-01 5.1874160359845156e+00 3.6859370044446550e+01
3.2295333333333337e-01 5.1507973860466940e+00 3.6622870633458469e+01
3.2395000000000002e-01 5.1144137445155282e+00 3.6387781268548558e+01
3.2494666666666672e-01 5.0782637102345367e+00 3.6154093542802876e+01
3.2594333333333336e-01 5.0423458904011591e+00 3.5921799099427979e+01
3.2694000000000001e-01 5.0066589005169346e+00 3.5690889631458241e+01
3.2793666666666671e-01 4.9712013643379986e+00 3.5461356881453803e+01
3.2893333333333336e-01 4.9359719138258740e+00 3.5233192641205079e+01
3.2993000000000006e-01 4.9009691890985358e+00 3.5006388751444845e+01
3.3092666666666670e-01 4.8661918383817930e+00 3.4780937101551636e+01
3.3192333333333335e-01 4.8316385179609398e+00 3.4556829629258246e+01
3.3292000000000005e-01 4.7973078921327081e+00 3.4334058320367461e+01
3.3391666666666669e-01 4.7631986331575069e+00 3.4112615208466487e+01
3.3491333333333340e-01 4.7293094212119264e+00 3.3892492374635040e+01
3.3591000000000004e-01 4.6956389443415620e+00 3.3673681947168689e+01
3.3690666666666669e-01 4.6621858984140774e+00 3.3456176101297409e+01
3.3790333333333339e-01 4.6289489870725777e+00 3.3239967058900852e+01
3.3890000000000003e-01 4.5959269216892569e+00 3.3025047088232654e+01
3.3989666666666668e-01 4.5631184213193041e+00 3.2811408503646838e+01
3.4089333333333338e-01 4.5305222126551019e+00 3.2599043665318710e+01
3.4189000000000003e-01 4.4981370299806969e+00 3.2387944978973756e+01
3.4288666666666673e-01 4.4659616151265249e+00 3.2178104895615782e+01
3.4388333333333337e-01 4.4339947174244339e+00 3.1969515911256678e+01
3.4488000000000002e-01 4.4022350936629451e+00 3.1762170566649321e+01
3.4587666666666672e-01 4.3706815080428001e+00 3.1556061447017626e+01
3.4687333333333337e-01 4.3393327321327755e+00 3.1351181181795059e+01
3.4787000000000001e-01 4.3081875448257421e+00 3.1147522444359897e+01
3.4886666666666671e-01 4.2772447322950029e+00 3.0945077951770497e+01
3.4986333333333336e-01 4.2465030879508898e+00 3.0743840464511525e+01
3.5086000000000006e-01 4.2159614123976041e+00 3.0543802786227680e+01
3.5185666666666671e-01 4.1856185133903407e+00 3.0344957763466834e+01
3.5285333333333335e-01 4.1554732057926396e+00 3.0147298285432758e+01
3.5385000000000005e-01 4.1255243115340097e+00 2.9950817283722728e+01
3.5484666666666670e-01 4.0957706595678047e+00 2.9755507732074904e+01
3.5584333333333334e-01 4.0662110858293383e+00 2.9561362646119242e+01
3.5684000000000005e-01 4.0368444331942612e+00 2.9368375083130143e+01
3.5783666666666669e-01 4.0076695514371838e+00 2.9176538141775286e+01
3.5883333333333339e-01 3.9786852971905349e+00 2.8985844961866906e+01
3.5983000000000004e-01 3.9498905339036856e+00 2.8796288724119677e+01
3.6082666666666668e-01 3.9212841318022966e+00 2.8607862649906195e+01
3.6182333333333339e-01 3.8928649678479199e+00 2.8420560001014668e+01
3.6282000000000003e-01 3.8646319256978439e+00 2.8234374079406983e+01
3.6381666666666673e-01 3.8365838956651599e+00 2.8049298226980259e+01
3.6481333333333338e-01 3.8087197746790937e+00 2.7865325825327595e+01
3.6581000000000002e-01 3.7810384662455481e+00 2.7682450295501162e+01
3.6680666666666673e-01 3.7535388804078949e+00 2.7500665097780672e+01
3.6780333333333337e-01 3.7262199337080029e+00 2.7319963731435127e+01
3.6880000000000002e-01 3.6990805491474843e+00 2.7140339734489864e+01
3.6979666666666672e-01 3.6721196561491847e+00 2.6961786683501042e+01
3.7079333333333336e-01 3.6453361905189028e+00 2.6784298193319636e+01
3.7179000000000006e-01 3.6187290944073256e+00 2.6607867916867182e+01
3.7278666666666671e-01 3.5922973162722083e+00 2.6432489544907511e+01
3.7378333333333336e-01 3.5660398108407629e+00 2.6258156805820409e+01
3.7478000000000006e-01 3.5399555390722810e+00 2.6084863465379165e+01
3.7577666666666670e-01 3.5140434681209829e+00 2.5912603326524362e+01
3.7677333333333335e-01 3.4883025712990743e+00 2.5741370229146249e+01
3.7777000000000005e-01 3.4627318280400341e+00 2.5571158049862376e+01
3.7876666666666670e-01 3.4373302238621233e+00 2.5401960701799077e+01
3.7976333333333340e-01 3.4120967503320974e+00 2.5233772134371669e+01
3.8076000000000004e-01 3.3870304050291553e+00 2.5066586333071438e+01
3.8175666666666669e-01 3.3621301915090824e+00 2.4900397319249620e+01
3.8275333333333339e-01 3.3373951192686206e+00 2.4735199149902410e+01
3.8375000000000004e-01 3.3128242037100528e+00 2.4570985917458763e+01
3.8474666666666668e-01 3.2884164661059838e+00 2.4407751749569950e+01
3.8574333333333338e-01 3.2641709335643458e+00 2.4245490808898843e+01
3.8674000000000003e-01 3.2400866389936112e+00 2.4084197292910517e+01
3.8773666666666673e-01 3.2161626210681984e+00 2.3923865433668517e+01
3.8873333333333338e-01 3.1923979241941054e+00 2.3764489497622627e+01
3.8973000000000002e-01 3.1687915984747290e+00 2.3606063785407720e+01
3.9072666666666672e-01 3.1453426996768994e+00 2.3448582631640448e+01
3.9172333333333337e-01 3.1220502891971167e+00 2.3292040404713788e+01
3.9272000000000007e-01 3.0989134340279789e+00 2.3136431506598147e+01
3.9371666666666671e-01 3.0759312067248259e+00 2.2981750372639851e+01
3.9471333333333336e-01 3.0531026853725654e+00 2.2827991471362470e+01
3.9571000000000006e-01 3.0304269535527082e+00 2.2675149304268952e+01
3.9670666666666671e-01 3.0079031003106014e+00 2.2523218405645405e+01
3.9770333333333335e-01 2.9855302201228429e+00 2.2372193342366177e+01
3.9870000000000005e-01 2.9624344355789272e+00 2.3973862598600444e+01
3.9969666666666670e-01 2.9397671601161384e+00 2.1512308898635439e+01
4.0069333333333340e-01 2.9195903155933824e+00 1.8976342317595385e+01
4.0169000000000005e-01 2.8999436054035264e+00 2.0448494183789158e+01
4.0268666666666669e-01 2.8787251950549519e+00 2.2130255679571825e+01
4.0368333333333339e-01 2.8559150880462729e+00 2.3642534304398204e+01
4.0468000000000004e-01 2.8316672254264397e+00 2.5015383996271751e+01
4.0567666666666669e-01 2.8060395584147972e+00 2.6411372548831576e+01
4.0667333333333339e-01 2.7788885446396572e+00 2.8072267133721990e+01
4.0767000000000003e-01 2.7499329009313649e+00 3.0032703518371058e+01
4.0866666666666673e-01 2.7189629311940551e+00 3.2114392944455901e+01
4.0966333333333338e-01 2.6859113364666678e+00 3.4209877411506213e+01
4.1066000000000003e-01 2.6507616039316755e+00 3.6324702926272664e+01
4.1165666666666673e-01 2.6133791597705640e+00 3.8690235189667895e+01
4.1265333333333337e-01 2.5731932442060637e+00 4.1950398050133394e+01
4.1365000000000002e-01 2.5292005713001764e+00 4.6329213132250629e+01
4.1464666666666672e-01 2.4807924403080226e+00 5.0810849059359377e+01
4.1564333333333336e-01 2.4284865510985796e+00 5.4150801528154211e+01
4.1664000000000007e-01 2.3736205587837600e+00 5.5948179705593319e+01
4.1763666666666671e-01 2.3177058483059203e+00 5.6255252691411897e+01
4.1863333333333336e-01 2.2617053568290424e+00 5.6120315489616559e+01
4.1963000000000006e-01 2.2049429122784980e+00 5.7784255514816508e+01
4.2062666666666670e-01 2.1456200025627483e+00 6.1258372677325710e+01
4.2162333333333335e-01 2.0834599388608104e+00 6.3477541105829978e+01
4.2262000000000005e-01 2.0208548713336620e+00 6.2151356941954830e+01
4.2361666666666670e-01 1.9616337928210796e+00 5.6686927698681046e+01
4.2461333333333340e-01 1.9097751858199337e+00 4.7377166617996068e+01
4.2561000000000004e-01 1.8674001712291615e+00 3.7656307477200642e+01
4.2660666666666669e-01 1.8327188306597253e+00 3.1938355872839843e+01
4.2760333333333339e-01 1.8021738330341346e+00 2.9355953743728104e+01
4.2860000000000004e-01 1.7741769105661012e+00 2.6825161576741671e+01
4.2959666666666674e-01 1.7493731710023432e+00 2.2948228852202298e+01
4.3059333333333338e-01 1.7293233289334513e+00 1.7285567941561773e+01
4.3159000000000003e-01 1.7155858009666296e+00 1.0281377811258203e+01
4.3258666666666673e-01 1.7101533366911954e+00 6.1988829329181583e-01
4.3358333333333338e-01 1.7098444256917049e+00 -0.0000000000000000e+00
4.3458000000000002e-01 1.7155884100941228e+00 -1.1526390105186728e+01
4.3557666666666672e-01 1.7302756167671602e+00 -1.7946265425991335e+01
4.3657333333333337e-01 1.7489952239978077e+00 -1.9618163799388928e+01
4.3757000000000007e-01 1.7672747348819442e+00 -1.7063128944696540e+01
4.3856666666666672e-01 1.7816821218688694e+00 -1.1848015510672353e+01
4.3956333333333336e-01 1.7917186893431096e+00 -8.2922536684055181e+00
4.4056000000000006e-01 1.7992844338175624e+00 -6.8898422669509536e+00
4.4155666666666671e-01 1.8057813332412229e+00 -6.1474141015989971e+00
4.4255333333333335e-01 1.8113151416368583e+00 -4.9572181304455150e+00
4.4355000000000006e-01 1.8152420328127494e+00 -2.9228310519447098e+00
4.4454666666666670e-01 1.8166985769536352e+00 -0.0000000000000000e+00
4.4554333333333340e-01 1.8159720111946624e+00 1.4579914895775437e+00
4.4654000000000005e-01 1.8112613654261711e+00 7.9948093836494687e+00
4.4753666666666669e-01 1.7971694957959174e+00 2.0283189874385229e+01
4.4853333333333339e-01 1.7710615115000907e+00 3.2107414063726708e+01
4.4953000000000004e-01 1.7355643879951195e+00 3.9124271899427924e+01
4.5052666666666669e-01 1.6949674087320887e+00 4.2341238327391302e+01
4.5152333333333339e-01 1.6526398603255543e+00 4.2596985899765009e+01
4.5252000000000003e-01 1.6102491583600640e+00 4.2467967877140325e+01
4.5351666666666673e-01 1.5669581351138013e+00 4.4403650677229706e+01
4.5451333333333338e-01 1.5210684106437999e+00 4.7682752941504184e+01
4.5551000000000003e-01 1.4724571964797306e+00 4.9864834009807389e+01
4.5650666666666673e-01 1.4226674950801108e+00 5.0047610270362654e+01
4.5750333333333337e-01 1.3736864845532817e+00 4.8242042960734459e+01
4.5850000000000007e-01 1.3271517649467777e+00 4.5138665279738532e+01
4.5949666666666672e-01 1.2835333594496128e+00 4.2389907624273242e+01
4.6049333333333337e-01 1.2421073748443447e+00 4.0739158473256460e+01
4.6149000000000007e-01 1.2021714320321693e+00 3.9399857203347082e+01
4.6248666666666671e-01 1.1638209253277878e+00 3.7557681333874960e+01
4.6348333333333336e-01 1.1276528997499078e+00 3.5020296414380908e+01
4.6448000000000006e-01 1.0942869841202081e+00 3.1934718227154775e+01
4.6547666666666671e-01 1.0637914065395702e+00 2.9260420730648310e+01
4.6647333333333341e-01 1.0351515801825431e+00 2.8210802728266867e+01
4.6747000000000005e-01 1.0071505592704586e+00 2.7978536894646130e+01
4.6846666666666670e-01 9.7997455843822834e-01 2.6555244039596278e+01
4.6946333333333340e-01 9.5524496628248090e-01 2.3069355604042251e+01
4.7046000000000004e-01 9.3520985519577804e-01 1.7134880690345717e+01
4.7145666666666669e-01 9.2233250875332995e-01 8.7059482911560977e+00
4.7245333333333339e-01 9.1741760295078989e-01 1.1567389380209343e+00
4.7345000000000004e-01 9.1684116138000948e-01 -0.0000000000000000e+00
4.7444666666666674e-01 9.1822622661605147e-01 -2.7793951224922044e+00
4.7544333333333338e-01 9.2242808036084445e-01 -5.6524184122096806e+00
4.7644000000000003e-01 9.2917487057780823e-01 -7.8862910532698445e+00
4.7743666666666673e-01 9.3796669415681588e-01 -9.7561642892197717e+00
4.7843333333333338e-01 9.4874555820376028e-01 -1.1873663229732703e+01
4.7943000000000002e-01 9.6291205643079048e-01 -1.6554092409793427e+01
4.8042666666666672e-01 9.8414875205205499e-01 -2.6061350308461666e+01
4.8142333333333337e-01 1.0152682543795513e+00 -3.6385811552736186e+01
4.8242000000000007e-01 1.0551073148208354e+00 -4.3558791339470027e+01
4.8341666666666672e-01 1.1002956718522998e+00 -4.7120185981196201e+01
4.8441333333333336e-01 1.1473979394897880e+00 -4.7399414629149874e+01
4.8541000000000006e-01 1.1939497136360868e+00 -4.6015516768102110e+01
4.8640666666666671e-01 1.2400535627498346e+00 -4.6500568409988894e+01
4.8740333333333336e-01 1.2877489325043356e+00 -4.9209203672624000e+01
4.8840000000000006e-01 1.3377633475566360e+00 -5.1154171014262865e+01
4.8939666666666670e-01 1.3886693721330849e+00 -5.0998386664232179e+01
4.9039333333333340e-01 1.4383070232915671e+00 -4.8608940075193630e+01
4.9139000000000005e-01 1.4845668876505445e+00 -4.4220219173592284e+01
4.9238666666666669e-01 1.5261331638183326e+00 -3.9190368454077920e+01
4.9338333333333340e-01 1.5633523933078608e+00 -3.5497048581762009e+01
4.9438000000000004e-01 1.5976165619645319e+00 -3.3260480495171372e+01
4.9537666666666674e-01 1.6299392296207618e+00 -3.1601059952110340e+01
4.9637333333333339e-01 1.6607642568617953e+00 -3.0255182003142025e+01
4.9737000000000003e-01 1.6904019714724186e+00 -2.9218492800785704e+01
4.9836666666666674e-01 1.7191775410627872e+00 -2.8525125106306696e+01
4.9936333333333338e-01 1.7472853400297426e+00 -2.7878484860828959e+01
5.0036000000000003e-01 1.7746525908039803e+00 -2.7039075221254780e+01
5.0135666666666667e-01 1.8012149503201007e+00 -2.6263318456579825e+01
5.0235333333333332e-01 1.8271188502163964e+00 -2.5717751569432679e+01
5.0335000000000008e-01 1.8525912668937119e+00 -2.5397465843236041e+01
5.0434666666666672e-01 1.8778535168059109e+00 -2.5296012241445425e+01
5.0534333333333337e-01 1.9031841424591593e+00 -2.5534674688151220e+01
5.0634000000000001e-01 1.9293084002083130e+00 -2.6888585009148130e+01
5.0733666666666666e-01 1.9571385699848858e+00 -2.8957909525781631e+01
5.0833333333333330e-01 1.9866530737221708e+00 -3.0268519378470476e+01
5.0933000000000006e-01 2.0169934657928912e+00 -3.0615210529324184e+01
5.1032666666666671e-01 2.0472013559543951e+00 -3.0002629259647868e+01
5.1132333333333335e-01 2.0763522417672462e+00 -2.8494131568817455e+01
5.1232000000000000e-01 2.1039791824081497e+00 -2.6944545302562290e+01
5.1331666666666675e-01 2.1306549985988279e+00 -2.6585520631904444e+01
5.1431333333333340e-01 2.1571868580993221e+00 -2.6655669001195207e+01
5.1531000000000005e-01 2.1832768221118015e+00 -2.5698773833212829e+01
5.1630666666666669e-01 2.2078174420977477e+00 -2.3546617442934263e+01
5.1730333333333334e-01 2.2296075360249530e+00 -2.0179323548114500e+01
5.1830000000000009e-01 2.2475835079847588e+00 -1.5892860986609513e+01
5.1929666666666674e-01 2.2618052702948570e+00 -1.2645792478470836e+01
5.2029333333333339e-01 2.2736245349501432e+00 -1.1071795458558929e+01
5.2129000000000003e-01 2.2841411883859126e+00 -1.0031856920911897e+01
5.2228666666666668e-01 2.2934451282762796e+00 -8.6382565714636623e+00
5.2328333333333343e-01 2.3011107571827059e+00 -6.7442763511295292e+00
5.2428000000000008e-01 2.3066264051520089e+00 -4.3239135538266131e+00
5.2527666666666673e-01 2.3095573518360850e+00 -1.5575848088682311e+00
5.2627333333333337e-01 2.3103335482658376e+00 -0.0000000000000000e+00
5.2727000000000002e-01 2.3084282952275794e+00 3.8232502439968221e+00
5.2826666666666677e-01 2.3034404809770375e+00 6.1857415631095449e+00
5.2926333333333342e-01 2.2969304121846039e+00 6.8779416324097875e+00
5.3026000000000006e-01 2.2904602237996632e+00 6.1057139895449390e+00
5.3125666666666671e-01 2.2855674568083297e+00 3.7125475315261456e+00
5.3225333333333336e-01 2.2835804634812154e+00 2.7473004796744305e-01
5.3325000000000000e-01 2.2833612985014744e+00 1.6506589800076751e-01
5.3424666666666676e-01 2.2831396636069408e+00 2.7968639872216389e-01
5.3524333333333340e-01 2.2827241489382004e+00 5.5412230109111127e-01
5.3624000000000005e-01 2.2821632771767781e+00 5.7137287233112188e-01
5.3723666666666670e-01 2.2816734578867943e+00 4.1154209084730475e-01
5.3823333333333334e-01 2.2814046695162409e+00 1.2783256578189439e-01
5.3923000000000010e-01 2.2813409662876261e+00 -0.0000000000000000e+00
5.4022666666666674e-01 2.2836672656646968e+00 -4.6681592850921829e+00
5.4122333333333339e-01 2.2903129439227103e+00 -8.6676499283128088e+00
5.4222000000000004e-01 2.2998787847430422e+00 -1.0528017269678339e+01
5.4321666666666668e-01 2.3104161139581181e+00 -1.0617124967932179e+01
5.4421333333333344e-01 2.3201551050961648e+00 -8.9260010615914656e+00
5.4521000000000008e-01 2.3273703212570109e+00 -5.5526935755581102e+00
5.4620666666666673e-01 2.3320648151248915e+00 -3.8676954569782209e+00
5.4720333333333337e-01 2.3354867899742535e+00 -2.9991437056211652e+00
5.4820000000000002e-01 2.3376529173369325e+00 -1.3476001659753230e+00
5.4919666666666667e-01 2.3383244714196434e+00 -0.0000000000000000e+00
5.5019333333333342e-01 2.3371790575543989e+00 2.2984893616947160e+00
5.5119000000000007e-01 2.3329955529163362e+00 6.0965032230467866e+00
5.5218666666666671e-01 2.3247681765282091e+00 1.0413282171188879e+01
5.5318333333333336e-01 2.3126345062746019e+00 1.3935220009963372e+01
5.5418000000000001e-01 2.2977871403080692e+00 1.5858825407828284e+01
5.5517666666666676e-01 2.2814448888103769e+00 1.6934990306601200e+01
5.5617333333333341e-01 2.2645444455181072e+00 1.6978942721365431e+01
5.5717000000000005e-01 2.2481179593711400e+00 1.5983905734087354e+01
5.5816666666666670e-01 2.2330366680347229e+00 1.4279555141667037e+01
5.5916333333333335e-01 2.2194176534461740e+00 1.3049571122979911e+01
5.6016000000000010e-01 2.2065248334247625e+00 1.2822308518646551e+01
5.6115666666666675e-01 2.1938042830979603e+00 1.2703879428114417e+01
5.6215333333333339e-01 2.1816667286360207e+00 1.1652417151028835e+01
5.6315000000000004e-01 2.1712031771150468e+00 9.3446762020968084e+00
5.6414666666666669e-01 2.1638689880371951e+00 5.3727600745293875e+00
5.6514333333333344e-01 2.1606918527064507e+00 1.0027623283011395e+00
5.6614000000000009e-01 2.1601921428128472e+00 -0.0000000000000000e+00
5.6713666666666673e-01 2.1614686236809697e+00 -2.5615000698111277e+00
5.6813333333333338e-01 2.1648504920763627e+00 -4.2248579142552476e+00
5.6913000000000002e-01 2.1695493122692184e+00 -5.2042127068603534e+00
5.7012666666666667e-01 2.1749292361115264e+00 -5.5916210904138230e+00
5.7112333333333343e-01 2.1804497202832125e+00 -5.4862735684873121e+00
5.7212000000000007e-01 2.1859680244475626e+00 -5.5872464937539634e+00
5.7311666666666672e-01 2.1922791028435968e+00 -7.0771248695260889e+00
5.7411333333333336e-01 2.2009308474010050e+00 -1.0284235446343121e+01
5.7511000000000001e-01 2.2124925889327018e+00 -1.2916583680808706e+01
5.7610666666666677e-01 2.2259304436541565e+00 -1.4049011077960603e+01
5.7710333333333341e-01 2.2398136926355403e+00 -1.3810351426488953e+01
5.7810000000000006e-01 2.2528786747763601e+00 -1.2407004040039878e+01
5.7909666666666670e-01 2.2645206583681876e+00 -1.0954835943561354e+01
5.8009333333333335e-01 2.2751632157531212e+00 -1.0401466501121483e+01
5.8109000000000011e-01 2.2855954980460220e+00 -1.0532879237138742e+01
5.8208666666666675e-01 2.2962697254750202e+00 -1.0886975135433522e+01
5.8308333333333340e-01 2.3073689699170985e+00 -1.1385756186462944e+01
5.8408000000000004e-01 2.3190362250295853e+00 -1.2026795878728519e+01
5.8507666666666669e-01 2.3313815931372148e+00 -1.2746518049625605e+01
5.8607333333333345e-01 2.3443133489939116e+00 -1.3203493702941197e+01
5.8707000000000009e-01 2.3576013652269721e+00 -1.3461421814906091e+01
5.8806666666666674e-01 2.3713051858335468e+00 -1.4037883750127776e+01
5.8906333333333338e-01 2.3858212830655043e+00 -1.5091408354135453e+01
5.9006000000000003e-01 2.4016317945988050e+00 -1.6635370642455353e+01
5.9105666666666667e-01 2.4192656279901317e+00 -1.8750248203017026e+01
5.9205333333333343e-01 2.4394165892544666e+00 -2.1686463364206702e+01
5.9305000000000008e-01 2.4628887338843786e+00 -2.5414830207524400e+01
5.9404666666666672e-01 2.4901384397525197e+00 -2.9266853808813700e+01
5.9504333333333337e-01 2.5208495488090765e+00 -3.2360789782940209e+01
5.9604000000000001e-01 2.5540031838374810e+00 -3.4168243718876177e+01
5.9703666666666677e-01 2.5883123673577630e+00 -3.4679616188037755e+01
5.9803333333333342e-01 2.6228582663449602e+00 -3.4643258033763935e+01
5.9903000000000006e-01 2.6582708756840772e+00 -3.6418834285535446e+01
6.0002666666666671e-01 2.6968016791058531e+00 -4.0900503684585495e+01
6.0102333333333335e-01 2.7394996942928524e+00 -4.4781132142170492e+01
6.0202000000000011e-01 2.7837497800753179e+00 -4.4015026618621967e+01
6.0301666666666676e-01 2.8242808688625494e+00 -3.7318261917630380e+01
6.0401333333333340e-01 2.8544594653294904e+00 -2.3240794537770583e+01
6.0501000000000005e-01 2.8691846640521281e+00 -6.3080992200314778e+00
6.0600666666666669e-01 2.8723282001634436e+00 -0.0000000000000000e+00
6.0700333333333334e-01 2.8719010987934475e+00 8.5705960534344638e-01
6.0800000000000010e-01 2.8705761921093975e+00 1.8016160148235987e+00
6.0899666666666674e-01 2.8683781144708624e+00 2.6092421227048419e+00
6.0999333333333339e-01 2.8654127782055334e+00 3.3412654331390792e+00
6.1099000000000003e-01 2.8616341194600223e+00 4.2413273672178846e+00
6.1198666666666668e-01 2.8560949786930299e+00 6.8740052755766623e+00
6.1298333333333344e-01 2.8443966105567178e+00 1.6600980951133998e+01
6.1398000000000008e-01 2.8167184563519605e+00 3.8940465613597546e+01
6.1497666666666673e-01 2.7681076793831783e+00 5.8606244022757089e+01
6.1597333333333337e-01 2.7042792200358901e+00 6.9477620888191566e+01
6.1697000000000002e-01 2.6333193907814949e+00 7.2916685307921654e+01
6.1796666666666678e-01 2.5618644776778634e+00 7.0471100184302671e+01
6.1896333333333342e-01 2.4929597886048240e+00 6.7799178892033609e+01
6.1996000000000007e-01 2.4242497199019568e+00 7.0080557635461972e+01
6.2095666666666671e-01 2.3515401514527432e+00 7.5824930891390949e+01
6.2195333333333336e-01 2.2735685038803775e+00 8.0639913735433254e+01
6.2295000000000011e-01 2.1918809281263227e+00 8.3281642961651727e+01
6.2394666666666676e-01 2.1086174972434342e+00 8.3802164830101148e+01
6.2494333333333341e-01 2.0255600349262197e+00 8.2868328114145285e+01
6.2594000000000005e-01 1.9438422229591863e+00 8.1113903257831851e+01
6.2693666666666670e-01 1.8637975693544040e+00 7.9510819694911703e+01
6.2793333333333334e-01 1.7849322355515063e+00 7.8747375227294341e+01
6.2893000000000010e-01 1.7066076741886080e+00 7.8425657607938561e+01
6.2992666666666675e-01 1.6284760251999078e+00 7.8360260095142280e+01
6.3092333333333339e-01 1.5502490458846894e+00 7.8616955922021646e+01
6.3192000000000004e-01 1.4715730338125876e+00 7.9261329172499998e+01
6.3291666666666668e-01 1.3924931859359875e+00 7.9427328773858378e+01
6.3391333333333344e-01 1.3136025571267522e+00 7.8881625358371977e+01
6.3491000000000009e-01 1.2353519664538655e+00 7.8142971309631520e+01
6.3590666666666673e-01 1.1580052948223596e+00 7.7067740994397155e+01
6.3690333333333338e-01 1.0819085769787502e+00 7.5634702838935922e+01
6.3790000000000002e-01 1.0073484306569069e+00 7.3984319880485231e+01
6.3889666666666678e-01 9.3417822704484754e-01 7.2845520143700810e+01
6.3989333333333343e-01 8.6165339982028033e-01 7.2689250206604257e+01
6.4089000000000007e-01 7.8924245667403514e-01 7.2616990220646741e+01
6.4188666666666672e-01 7.1735625668307768e-01 7.1636253908368005e+01
6.4288333333333336e-01 6.4699067470218319e-01 6.9565582842593741e+01
6.4388000000000001e-01 5.7921955718022711e-01 6.6429970713173773e+01
6.4487666666666676e-01 5.1481732517336998e-01 6.2805277461109881e+01
6.4587333333333341e-01 4.5347945304565679e-01 6.0280753564404215e+01
6.4687000000000006e-01 3.9403512036707816e-01 5.9005532747127347e+01
6.4786666666666670e-01 3.3609881488269111e-01 5.7254612037598314e+01
6.4886333333333335e-01 2.8070072262097762e-01 5.3912128286912690e+01
6.4986000000000010e-01 2.2952843682666388e-01 4.8774732838791216e+01
6.5085666666666675e-01 1.8423730088870352e-01 4.2110489779191354e+01
6.5185333333333340e-01 1.4550193515362403e-01 3.5619341127324326e+01
6.5285000000000004e-01 1.1213645134615978e-01 3.1334806981301018e+01
6.5384666666666669e-01 8.2244405837749807e-02 2.8649230828218592e+01
6.5484333333333344e-01 5.5323946861468118e-02 2.5371757084047481e+01
6.5584000000000009e-01 3.2562829503475776e-02 2.0302725908580246e+01
6.5683666666666674e-01 1.6066011418467495e-02 1.2801256870701286e+01
6.5783333333333338e-01 8.4137469155771798e-03 2.5544578508180678e+00
6.5883000000000003e-01 7.1407754199195352e-03 -0.0000000000000000e+00
6.5982666666666678e-01 9.0371058189592547e-03 -3.8053452823536089e+00
6.6082333333333343e-01 1.3338912561664657e-02 -4.8270428300988861e+00
6.6182000000000007e-01 1.8285613980926145e-02 -5.0994483122320675e+00
6.6281666666666672e-01 2.3185286984599589e-02 -4.7326714275810735e+00
6.6381333333333337e-01 2.7397446146799467e-02 -3.7198218744924367e+00
6.6481000000000001e-01 3.0278453679236976e-02 -2.0614641437769365e+00
6.6580666666666677e-01 3.2267194324574706e-02 -1.9293197599104555e+00
6.6680333333333341e-01 3.5003467864772611e-02 -3.5615301535302772e+00
6.6780000000000006e-01 3.9831885268124194e-02 -6.1276017595500241e+00
6.6879666666666671e-01 4.6368231885584386e-02 -6.9888128574272228e+00
6.6979333333333335e-01 5.2942473002786025e-02 -6.2036442339475846e+00
6.7079000000000011e-01 5.7719486584890858e-02 -3.3823361983689324e+00
6.7178666666666675e-01 5.9405017457078005e-02 -0.0000000000000000e+00
6.7278333333333340e-01 5.9184911702001804e-02 4.4168378945058123e-01
6.7378000000000005e-01 5.6804548342917788e-02 4.3349650916545670e+00
6.7477666666666669e-01 5.1203178644058350e-02 6.9052416619097530e+00
6.7577333333333345e-01 4.3806392273698785e-02 7.9378079107167911e+00
6.7677000000000009e-01 3.5999416291732998e-02 7.7283646283453198e+00
6.7776666666666674e-01 2.8987730875039679e-02 6.3419071108388954e+00
6.7876333333333339e-01 2.3315540098994544e-02 5.0404155166766653e+00
6.7976000000000003e-01 1.8392056959888214e-02 4.8394837591221931e+00
6.8075666666666679e-01 1.3450253430507358e-02 5.0771788416411701e+00
6.8175333333333343e-01 8.5505507120033387e-03 4.7550005265945279e+00
6.8275000000000008e-01 4.2499045777042027e-03 3.8750586057785004e+00
6.8374666666666672e-01 1.1594168529123123e-03 2.3265890024996723e+00
6.8474333333333337e-01 0.0000000000000000e+00 -0.0000000000000000e+00
6.8574000000000002e-01 6.8362140930284599e-04 -1.3718155370625960e+00
6.8673666666666677e-01 5.2099518553316362e-03 -7.7111218128271339e+00
6.8773333333333342e-01 1.6431729889595292e-02 -1.4807496316130511e+01
6.8873000000000006e-01 3.3797688171733814e-02 -2.0040580504215072e+01
6.8972666666666671e-01 5.5422301308044389e-02 -2.3353292010121447e+01
6.9072333333333336e-01 7.9574156648733796e-02 -2.5111969543102450e+01
6.9172000000000011e-01 1.0526807740660002e-01 -2.6447737663313411e+01
6.9271666666666676e-01 1.3317630860549626e-01 -2.9555401866245429e+01
6.9371333333333340e-01 1.6519322555168295e-01 -3.4692592005702451e+01
6.9471000000000005e-01 2.0212558671296993e-01 -3.9419169521965259e+01
6.9570666666666670e-01 2.4295519522301931e-01 -4.2513155247366342e+01
6.9670333333333345e-01 2.8600154539818962e-01 -4.3867480555643233e+01
6.9770000000000010e-01 3.2960810065358370e-01 -4.3637312598995550e+01
6.9869666666666674e-01 3.7272166607526624e-01 -4.2878203297359185e+01
6.9969333333333339e-01 4.1557874718613502e-01 -4.3122628363248843e+01
7.0069000000000004e-01 4.5908147640691099e-01 -4.4173818233627841e+01
7.0168666666666668e-01 5.0349368633068681e-01 -4.4947673252211743e+01
7.0268333333333344e-01 5.4843378499707407e-01 -4.5233126747219522e+01
7.0368000000000008e-01 5.9341253746128675e-01 -4.5025239401704091e+01
7.0467666666666673e-01 6.3792696520720948e-01 -4.4301371459681235e+01
7.0567333333333337e-01 6.8175898332974494e-01 -4.3655855542063932e+01
7.0667000000000002e-01 7.2528522453811883e-01 -4.3687772300828726e+01
7.0766666666666678e-01 7.6911216808690785e-01 -4.4259271609776839e+01
7.0866333333333342e-01 8.1371800308262499e-01 -4.5250765170928325e+01
7.0966000000000007e-01 8.5953759301668742e-01 -4.6694900248596817e+01
7.1065666666666671e-01 9.0702474005811984e-01 -4.8597033613811298e+01
7.1165333333333336e-01 9.5661855984550870e-01 -5.0922337197004474e+01
7.1265000000000012e-01 1.0085815801167053e+00 -5.3351282076290303e+01
7.1364666666666676e-01 1.0629154153238318e+00 -5.5679825362761996e+01
7.1464333333333341e-01 1.1195492373605129e+00 -5.7966640262687498e+01
7.1564000000000005e-01 1.1784094398553240e+00 -6.0147478455999483e+01
7.1663666666666670e-01 1.2393854303613256e+00 -6.2212368713237247e+01
7.1763333333333346e-01 1.3024256538424070e+00 -6.4289751984573414e+01
7.1863000000000010e-01 1.3677114759303262e+00 -6.6718586653394297e+01
7.1962666666666675e-01 1.4356244304213170e+00 -6.9561589582710781e+01
7.2062333333333339e-01 1.5063534402446048e+00 -7.2369533808505153e+01
7.2162000000000004e-01 1.5795557307154822e+00 -7.4524694561151662e+01
7.2261666666666668e-01 1.6544113509754723e+00 -7.5687252448865053e+01
7.2361333333333344e-01 1.7299302051458618e+00 -7.5855598729160562e+01
7.2461000000000009e-01 1.8052964404901573e+00 -7.5380993934980708e+01
7.2560666666666673e-01 1.8804426496729691e+00 -7.5414074659293817e+01
7.2660333333333338e-01 1.9561128014834877e+00 -7.6432383823355380e+01
7.2760000000000002e-01 2.0327901973348625e+00 -7.7435300159340301e+01
7.2859666666666678e-01 2.1100148056153469e+00 -7.7530468965363752e+01
7.2959333333333343e-01 2.1867854717253676e+00 -7.6524379415952225e+01
7.3059000000000007e-01 2.2620157175166109e+00 -7.4439324512966891e+01
7.3158666666666672e-01 2.3348103081953822e+00 -7.1636777183567077e+01
7.3258333333333336e-01 2.4050592907725559e+00 -6.9331080830830999e+01
7.3358000000000012e-01 2.4734001577932796e+00 -6.7807782755893399e+01
7.3457666666666677e-01 2.5402463947670393e+00 -6.6331823211520543e+01
7.3557333333333341e-01 2.6055276977066466e+00 -6.4667446901406691e+01
7.3657000000000006e-01 2.6690454362977256e+00 -6.2792898097416355e+01
7.3756666666666670e-01 2.7305425629631741e+00 -6.0612707251311896e+01
7.3856333333333335e-01 2.7895023953029985e+00 -5.7701337577769280e+01
7.3956000000000011e-01 2.8451562687606264e+00 -5.3978676049567845e+01
7.4055666666666675e-01 2.8972176455362160e+00 -5.0492314135563596e+01
7.4155333333333340e-01 2.9464086539928731e+00 -4.8218739623616614e+01
7.4255000000000004e-01 2.9940507656622217e+00 -4.7384160047319071e+01
7.4354666666666669e-01 3.0415792102976029e+00 -4.7990645241073132e+01
7.4454333333333345e-01 3.0903704236198979e+00 -4.9918144034426639e+01
7.4554000000000009e-01 3.1410574986972803e+00 -5.1795050100790938e+01
7.4653666666666674e-01 3.1930453584270002e+00 -5.2528414239786436e+01
7.4753333333333338e-01 3.2457143044184038e+00 -5.3161778385105706e+01
7.4853000000000003e-01 3.2993526568856515e+00 -5.4473711515728176e+01
7.4952666666666679e-01 3.3546424967828457e+00 -5.6475799983647725e+01
7.5052333333333343e-01 3.4122786865695209e+00 -5.9182105942793562e+01
7.5152000000000008e-01 3.4731251963801779e+00 -6.2917913744146070e+01
7.5251666666666672e-01 3.5381297637510816e+00 -6.7526034157335133e+01
7.5351333333333337e-01 3.6075735944716416e+00 -7.1826134512688029e+01
7.5451000000000013e-01 3.6805119750659654e+00 -7.4538508820390319e+01
7.5550666666666677e-01 3.7550022348053016e+00 -7.4940273265237252e+01
7.5650333333333342e-01 3.8286933632236826e+00 -7.2934900818473707e+01
7.5750000000000006e-01 3.8993936242946567e+00 -6.8938532768768439e+01
7.5849666666666671e-01 3.9663136762207594e+00 -6.5349196848831568e+01
7.5949333333333335e-01 4.0312670982168024e+00 -6.4992118193397332e+01
7.6049000000000011e-01 4.0964680467472956e+00 -6.5845905613600394e+01
7.6148666666666676e-01 4.1610654915297669e+00 -6.3781073883000701e+01
7.6248333333333340e-01 4.2216711550836088e+00 -5.7835642278556620e+01
7.6348000000000005e-01 4.2743994545630741e+00 -4.7973654335757679e+01
7.6447666666666669e-01 4.3159912955697228e+00 -3.5488233971900826e+01
7.6547333333333345e-01 4.3465135312785526e+00 -2.5760399557517520e+01
7.6647000000000010e-01 4.3697411589716726e+00 -2.0850224575835199e+01
7.6746666666666674e-01 4.3891497383182019e+00 -1.8096757390445692e+01
7.6846333333333339e-01 4.4057540345581554e+00 -1.5222900616151481e+01
7.6946000000000003e-01 4.4192075882896704e+00 -1.1774197172842475e+01
7.7045666666666679e-01 4.4288962391374493e+00 -7.6679115517963279e+00
7.7145333333333344e-01 4.4343792075217374e+00 -3.3347005905873228e+00
7.7245000000000008e-01 4.4360409999827137e+00 -0.0000000000000000e+00
7.7344666666666673e-01 4.4344233335269854e+00 3.2461534228661719e+00
7.7444333333333337e-01 4.4298745567512601e+00 5.8818267290907471e+00
7.7544000000000013e-01 4.4237622371997940e+00 6.3836974544518990e+00
7.7643666666666677e-01 4.4179734061136609e+00 5.2326859959830312e+00
7.7743333333333342e-01 4.4142877852254063e+00 2.1632087630565850e+00
7.7843000000000007e-01 4.4132097861918167e+00 -0.0000000000000000e+00
7.7942666666666671e-01 4.4150402998572664e+00 -3.6732715694639464e+00
7.8042333333333336e-01 4.4206629563895401e+00 -7.6096512377751173e+00
7.8142000000000011e-01 4.4300590429471587e+00 -1.1245371954769574e+01
7.8241666666666676e-01 4.4426799342898518e+00 -1.4080831408493911e+01
7.8341333333333341e-01 4.4577796146317308e+00 -1.6219530481564878e+01
7.8441000000000005e-01 4.4748405469127244e+00 -1.8016454028790989e+01
7.8540666666666670e-01 4.4940803173229318e+00 -2.0591780908080182e+01
7.8640333333333345e-01 4.5166789176061108e+00 -2.4756580864181473e+01
7.8740000000000010e-01 4.5437833654103157e+00 -2.9633615398437982e+01
7.8839666666666675e-01 4.5753871854510439e+00 -3.3785421472590691e+01
7.8939333333333339e-01 4.6105617019711023e+00 -3.6798892614483897e+01
7.9039000000000004e-01 4.6482212322303269e+00 -3.8772071116402550e+01
7.9138666666666679e-01 4.6875991294572072e+00 -4.0247120643216320e+01
7.9238333333333344e-01 4.7287747331469925e+00 -4.2379508834615621e+01
7.9338000000000009e-01 4.7725971523481139e+00 -4.5558456117469262e+01
7.9437666666666673e-01 4.8196662109749484e+00 -4.8894504337718438e+01
7.9537333333333338e-01 4.8697660324944456e+00 -5.1640254564285023e+01
7.9637000000000002e-01 4.9222413785265893e+00 -5.3661443159082204e+01
7.9736666666666678e-01 4.9764341177507312e+00 -5.5086528528148577e+01
7.9836333333333342e-01 5.0320550830732165e+00 -5.6527448707610006e+01
7.9936000000000007e-01 5.0894843555856859e+00 -5.8715238608383878e+01
8.0035666666666672e-01 5.1493232254305896e+00 -6.1362761080389006e+01
8.0135333333333336e-01 5.2115118548394035e+00 -6.3430475191480035e+01
8.0235000000000012e-01 5.2752125170152846e+00 -6.4396940546062240e+01
8.0334666666666676e-01 5.3393131182757596e+00 -6.4233028538506332e+01
8.0434333333333341e-01 5.4028661216860820e+00 -6.3298081983882703e+01
8.0534000000000006e-01 5.4656132746581871e+00 -6.2615937358137586e+01
8.0633666666666670e-01 5.5280981334871075e+00 -6.2771739221638839e+01
8.0733333333333346e-01 5.5907695207254688e+00 -6.2990241858673137e+01
8.0833000000000010e-01 5.6531533294515715e+00 -6.2194658595046249e+01
8.0932666666666675e-01 5.7140647604919756e+00 -6.0035637807105594e+01
8.1032333333333340e-01 5.7721632682295771e+00 -5.6549996448953507e+01
8.1132000000000004e-01 5.8264331642473781e+00 -5.2352804924561610e+01
8.1231666666666680e-01 5.8767841431202452e+00 -4.8685948666466899e+01
8.1331333333333344e-01 5.9239794576772118e+00 -4.6020368170258180e+01
8.1431000000000009e-01 5.9687253760716574e+00 -4.3770772420605361e+01
8.1530666666666674e-01 6.0111709559592343e+00 -4.1404304276875045e+01
8.1630333333333338e-01 6.0511433910693153e+00 -3.8807940091182154e+01
8.1730000000000003e-01 6.0885779728927352e+00 -3.6311622096284353e+01
8.1829666666666678e-01 6.1268175445871647e+00 -4.0423304380825144e+01
8.1929333333333343e-01 6.1690244719582132e+00 -4.4272870945694748e+01
8.2029000000000007e-01 6.2117810743497914e+00 -4.1526331177875846e+01
8.2128666666666672e-01 6.2532243655213557e+00 -4.1637463815231825e+01
8.2228333333333337e-01 6.2947784741119541e+00 -4.1748707269582077e+01
8.2328000000000012e-01 6.3364435106242647e+00 -4.1860061651435025e+01
8.2427666666666677e-01 6.3782195856711432e+00 -4.1971527071399912e+01
8.2527333333333341e-01 6.4201068099757599e+00 -4.2083103640206566e+01
8.2627000000000006e-01 6.4621052943716863e+00 -4.2194791468677813e+01
8.2726666666666671e-01 6.5042151498030174e+00 -4.2306590667775076e+01
8.2826333333333346e-01 6.5464364873244971e+00 -4.2418501348563794e+01
8.2926000000000011e-01 6.5887694181015855e+00 -4.2530523622184262e+01
8.3025666666666675e-01 6.6312140534106083e+00 -4.2642657599936832e+01
8.3125333333333340e-01 6.6737705046388616e+00 -4.2754903393215145e+01
8.3225000000000005e-01 6.7164388832847104e+00 -4.2867261113506466e+01
8.3324666666666669e-01 6.7592193009577004e+00 -4.2979730872427716e+01
8.3424333333333345e-01 6.8021118693786722e+00 -4.3092312781688449e+01
8.3524000000000009e-01 6.8451167003798581e+00 -4.3205006953133747e+01
8.3623666666666674e-01 6.8882339059050324e+00 -4.3317813498722479e+01
8.3723333333333338e-01 6.9314635980095902e+00 -4.3430732530492875e+01
8.3823000000000003e-01 6.9748058888606659e+00 -4.3543764160630097e+01
8.3922666666666679e-01 7.0182608907372490e+00 -4.3656908501401340e+01
8.4022333333333343e-01 7.0618287160302771e+00 -4.3770165665211884e+01
8.4122000000000008e-01 7.1055094772427809e+00 -4.3883535764563888e+01
8.4221666666666672e-01 7.1493032869899595e+00 -4.3997018912051303e+01
8.4321333333333337e-01 7.1932102579993122e+00 -4.4110615220431157e+01
8.4421000000000013e-01 7.2372305031107702e+00 -4.4224324802553994e+01
8.4520666666666677e-01 7.2813641352767675e+00 -4.4338147771356155e+01
8.4620333333333342e-01 7.3256112675623672e+00 -4.4452084239883249e+01
8.4720000000000006e-01 7.3699720131453876e+00 -4.4566134321363919e+01
8.4819666666666671e-01 7.4144464853165157e+00 -4.4680298129062649e+01
8.4919333333333347e-01 7.4590347974793962e+00 -4.4794575776374330e+01
8.5019000000000011e-01 7.5037370631507478e+00 -4.4908967376841659e+01
8.5118666666666676e-01 7.5485533959605133e+00 -4.5023473044093841e+01
8.5218333333333340e-01 7.5934839096519271e+00 -4.5138092891855180e+01
8.5318000000000005e-01 7.6385287180816448e+00 -4.5252827034002522e+01
8.5417666666666670e-01 7.6836879352198739e+00 -4.5367675584518999e+01
8.5517333333333345e-01 7.7289616751504617e+00 -4.5482638657455027e+01
8.5617000000000010e-01 7.7743500520709929e+00 -4.5597716367024120e+01
8.5716666666666674e-01 7.8198531802929612e+00 -4.5712908827562096e+01
8.5816333333333339e-01 7.8654711742418479e+00 -4.5828216153484227e+01
8.5916000000000003e-01 7.9112041484572275e+00 -4.5943638459319843e+01
8.6015666666666679e-01 7.9570522175928904e+00 -4.6059175859727894e+01
8.6115333333333344e-01 8.0030154964169480e+00 -4.6174828469487935e+01
8.6215000000000008e-01 8.0490940998119775e+00 -4.6290596403482603e+01
8.6314666666666673e-01 8.0952881427750931e+00 -4.6406479776686133e+01
8.6414333333333337e-01 8.1415977404180957e+00 -4.6522478704258269e+01
8.6514000000000013e-01 8.1880230079675869e+00 -4.6638593301402153e+01
8.6613666666666678e-01 8.2345640607650346e+00 -4.6754823683445231e+01
8.6713333333333342e-01 8.2812210142669382e+00 -4.6871169965863515e+01
8.6813000000000007e-01 8.3279939840449373e+00 -4.6987632264236673e+01
8.6912666666666671e-01 8.3748830857859176e+00 -4.7104210694252629e+01
8.7012333333333336e-01 8.4218884352921108e+00 -4.7220905371689035e+01
8.7112000000000012e-01 8.4690101484812335e+00 -4.7337716412494601e+01
8.7211666666666676e-01 8.5162483413865893e+00 -4.7454643932702908e+01
8.7311333333333341e-01 8.5636031301571940e+00 -4.7571688048444557e+01
8.7411000000000005e-01 8.6110746310578783e+00 -4.7688848876006887e+01
8.7510666666666670e-01 8.6586629604694103e+00 -4.7806126531750500e+01
8.7610333333333346e-01 8.7063682348886093e+00 -4.7923521132183609e+01
8.7710000000000010e-01 8.7541905709284560e+00 -4.8041032793932473e+01
8.7809666666666675e-01 8.8021300853182343e+00 -4.8158661633720030e+01
8.7909333333333339e-01 8.8501868949036204e+00 -4.8276407768396140e+01
8.8009000000000004e-01 8.8983611166467966e+00 -4.8394271314903001e+01
8.8108666666666680e-01 8.9466528676265860e+00 -4.8512252390351428e+01
8.8208333333333344e-01 8.9950622650385537e+00 -4.8630351111927162e+01
8.8308000000000009e-01 9.0435894261951386e+00 -4.8748567596939480e+01
8.8407666666666673e-01 9.0922344685257546e+00 -4.8866901962827207e+01
8.8507333333333338e-01 9.1409975095769145e+00 -4.8985354327129564e+01
8.8607000000000014e-01 9.1898786670123513e+00 -4.9103924807517068e+01
8.8706666666666678e-01 9.2388780586131158e+00 -4.9222613521779444e+01
8.8806333333333343e-01 9.2879958022777203e+00 -4.9341420587795561e+01
8.8906000000000007e-01 9.3372320160222255e+00 -4.9460346123589417e+01
8.9005666666666672e-01 9.3865868179803957e+00 -4.9579390247324248e+01
8.9105333333333336e-01 9.4360603264037977e+00 -4.9698553077231686e+01
8.9205000000000012e-01 9.4856526596619020e+00 -4.9817834731663091e+01
8.9304666666666677e-01 9.5353639362421951e+00 -4.9937235329128086e+01
8.9404333333333341e-01 9.5851942747503553e+00 -5.0056754988251306e+01
8.9504000000000006e-01 9.6351437939103270e+00 -5.0176393827746615e+01
8.9603666666666670e-01 9.6852126125644222e+00 -5.0296151966427587e+01
8.9703333333333346e-01 9.7354008496734643e+00 -5.0416029523278958e+01
8.9803000000000011e-01 9.7857086243168983e+00 -5.0536026617393489e+01
8.9902666666666675e-01 9.8361360556929256e+00 -5.0656143367948822e+01
9.0002333333333340e-01 9.8866832631186092e+00 -5.0776379894293385e+01
9.0102000000000004e-01 9.9373503660299907e+00 -5.0896736315837757e+01
9.0201666666666680e-01 9.9881374839822001e+00 -5.1017212752133545e+01
9.0301333333333345e-01 1.0039044736649581e+01 -5.1137809322880166e+01
9.0401000000000009e-01 1.0090072243825828e+01 -5.1258526147852415e+01
9.0500666666666674e-01 1.0141220125424086e+01 -5.1379363346980490e+01
9.0600333333333338e-01 1.0192488501477076e+01 -5.1500321040292505e+01
9.0700000000000014e-01 1.0243877492137214e+01 -5.1621399347936276e+01
9.0799666666666679e-01 1.0295387217676714e+01 -5.1742598390193152e+01
9.0899333333333343e-01 1.0347017798487741e+01 -5.1863918287457011e+01
9.0999000000000008e-01 1.0398769355082511e+01 -5.1985359160241984e+01
9.1098666666666672e-01 1.0450642008093396e+01 -5.2106921129162487e+01
9.1198333333333337e-01 1.0502635878273072e+01 -5.2228604315004709e+01
9.1298000000000012e-01 1.0554751086494633e+01 -5.2350408838621746e+01
9.1397666666666677e-01 1.0606987753751678e+01 -5.2472334821001226e+01
9.1497333333333342e-01 1.0659346001158477e+01 -5.2594382383280383e+01
9.1597000000000006e-01 1.0711825949950072e+01 -5.2716551646678958e+01
9.1696666666666671e-01 1.0764427721482392e+01 -5.2838842732562355e+01
9.1796333333333346e-01 1.0817151437232393e+01 -5.2961255762415355e+01
9.1896000000000011e-01 1.0869997218798144e+01 -5.3083790857822869e+01
9.1995666666666676e-01 1.0922965187898981e+01 -5.3206448140516194e+01
9.2095333333333340e-01 1.0976055466375616e+01 -5.3329227732331020e+01
9.2195000000000005e-01 1.1029268176190243e+01 -5.3452129755218074e+01
9.2294666666666680e-01 1.1082603439426688e+01 -5.3575154331282420e+01
9.2394333333333345e-01 1.1136061378290508e+01 -5.3698301582738935e+01
9.2494000000000010e-01 1.1189642115109130e+01 -5.3821571631888460e+01
9.2593666666666674e-01 1.1243345772331951e+01 -5.3944964601199928e+01
9.2693333333333339e-01 1.1297172472530484e+01 -5.4068480613251175e+01
9.2793000000000003e-01 1.1351122338398454e+01 -5.4192119790706613e+01
9.2892666666666679e-01 1.1405195492751936e+01 -5.4315882256402979e+01
9.2992333333333344e-01 1.1459392058529470e+01 -5.4439768133299189e+01
9.3092000000000008e-01 1.1513712158792210e+01 -5.4563777544440086e+01
9.3191666666666673e-01 1.1568155916723994e+01 -5.4687910612988929e+01
9.3291333333333337e-01 1.1622723455631508e+01 -5.4812167462292820e+01
9.3391000000000013e-01 1.1677414898944409e+01 -5.4936548215759863e+01
9.3490666666666677e-01 1.1732230370215404e+01 -5.5061052996943197e+01
9.3590333333333342e-01 1.1787169993120429e+01 -5.5185681929531022e+01
9.3690000000000007e-01 1.1842233891458735e+01 -5.5310435137306840e+01
9.3789666666666671e-01 1.1897422189153023e+01 -5.5435312744211217e+01
9.3889333333333347e-01 1.1952735010249580e+01 -5.5560314874285801e+01
9.3989000000000011e-01 1.2008172478918363e+01 -5.5685441651704096e+01
9.4088666666666676e-01 1.2063734719453166e+01 -5.5810693200744929e+01
9.4188333333333341e-01 1.2119421856271718e+01 -5.5936069645849415e+01
9.4288000000000005e-01 1.2175234013915825e+01 -5.6061571111558898e+01
9.4387666666666681e-01 1.2231171317051476e+01 -5.6187197722516395e+01
9.4487333333333345e-01 1.2287233890468958e+01 -5.6312949603537099e+01
9.4587000000000010e-01 1.2343421859083016e+01 -5.6438826879524363e+01
9.4686666666666675e-01 1.2399735347932950e+01 -5.6564829675528088e+01
9.4786333333333339e-01 1.2456174482182748e+01 -5.6690958116710163e+01
9.4886000000000004e-01 1.2512739387121202e+01 -5.6817212328350280e+01
9.4985666666666679e-01 1.2569430188162041e+01 -5.6943592435864375e+01
9.5085333333333344e-01 1.2626247010844043e+01 -5.7070098564812426e+01
9.5185000000000008e-01 1.2683189980831198e+01 -5.7196730840851750e+01
9.5284666666666673e-01 1.2740259223912785e+01 -5.7323489389760226e+01
9.5384333333333338e-01 1.2797454866003511e+01 -5.7450374337451336e+01
9.5484000000000013e-01 1.2854777033143655e+01 -5.7577385809984193e+01
9.5583666666666678e-01 1.2912225851499162e+01 -5.7704523933511759e+01
9.5683333333333342e-01 1.2969801447361800e+01 -5.7831788834323497e+01
9.5783000000000007e-01 1.3027503947149274e+01 -5.7959180638870471e+01
9.5882666666666672e-01 1.3085333477405349e+01 -5.8086699473657653e+01
9.5982333333333347e-01 1.3143290164799971e+01 -5.8214345465372553e+01
9.6082000000000012e-01 1.3201374136129383e+01 -5.8342118740805155e+01
9.6181666666666676e-01 1.3259585518316282e+01 -5.8470019426889245e+01
9.6281333333333341e-01 1.3317924438409936e+01 -5.8598047650679199e+01
9.6381000000000006e-01 1.3376391023586285e+01 -5.8726203539321162e+01
9.6480666666666670e-01 1.3434985401148094e+01 -5.8854487220163072e+01
9.6580333333333346e-01 1.3493707698525082e+01 -5.8982898820603936e+01
9.6680000000000010e-01 1.3552558043274006e+01 -5.9111438468210338e+01
9.6779666666666675e-01 1.3611536563078849e+01 -5.9240106290672124e+01
9.6879333333333340e-01 1.3670643385750905e+01 -5.9368902415797109e+01
9.6979000000000004e-01 1.3729878639228918e+01 -5.9497826971521661e+01
9.7078666666666680e-01 1.3789242451579209e+01 -5.9626880085909107e+01
9.7178333333333344e-01 1.3848734950995798e+01 -5.9756061887181531e+01
9.7278000000000009e-01 1.3908356265800549e+01 -5.9885372503625376e+01
9.7377666666666673e-01 1.3968106524443263e+01 -6.0014812063695750e+01
9.7477333333333338e-01 1.4027985855501846e+01 -6.0144380696005818e+01
9.7577000000000014e-01 1.4087994387682432e+01 -6.0274078529237947e+01
9.7676666666666678e-01 1.4148132249819454e+01 -6.0403905692212611e+01
9.7776333333333343e-01 1.4208399570875844e+01 -6.0533862313923024e+01
9.7876000000000007e-01 1.4268796479943129e+01 -6.0663948523439203e+01
9.7975666666666672e-01 1.4329323106241562e+01 -6.0794164450006932e+01
9.8075333333333348e-01 1.4389979579120261e+01 -6.0924510222957394e+01
9.8175000000000012e-01 1.4450766028057291e+01 -6.1054985971753567e+01
9.8274666666666677e-01 1.4511682582659857e+01 -6.1185591826040856e+01
9.8374333333333341e-01 1.4572729372664408e+01 -6.1316327915536320e+01
9.8474000000000006e-01 1.4633906527936745e+01 -6.1447194370091594e+01
9.8573666666666671e-01 1.4695214178472177e+01 -6.1578191319742899e+01
9.8673333333333346e-01 1.4756652454395656e+01 -6.1709318894585245e+01
9.8773000000000011e-01 1.4818221485961853e+01 -6.1840577224878139e+01
9.8872666666666675e-01 1.4879921403555359e+01 -6.1971966441022801e+01
9.8972333333333340e-01 1.4941752337690763e+01 -6.2103486673504193e+01
9.9072000000000005e-01 1.5003714419012795e+01 -6.2235138052982471e+01
9.9171666666666680e-01 1.5065807778296477e+01 -6.2366920710248323e+01
9.9271333333333345e-01 1.5128032546447230e+01 -6.2498834776213997e+01
9.9371000000000009e-01 1.5190388854501009e+01 -6.2630880381875613e+01
9.9470666666666674e-01 1.5252876833624420e+01 -6.2763057658416891e+01
9.9570333333333338e-01 1.5315496615114881e+01 -6.2895366737161801e+01
9.9670000000000014e-01 1.5378248330400744e+01 -6.3027807749507240e+01
9.9769666666666679e-01 1.5441132111041382e+01 -6.3160380827026415e+01
9.9869333333333343e-01 1.5504148088727391e+01 -6.3293086101422141e+01
9.9969000000000008e-01 1.5567296395280675e+01 -6.3425923704502928e+01
1.0006866666666667e+00 1.5630577162654580e+01 -6.3558893768219150e+01
1.0016833333333335e+00 1.5693990522934042e+01 -6.3691996424668886e+01
1.0026800000000000e+00 1.5757536608335679e+01 -6.3825231806055704e+01
1.0036766666666668e+00 1.5821215551207990e+01 -6.3958600044724591e+01
1.0046733333333333e+00 1.5885027484031408e+01 -6.4092101273187225e+01
1.0056700000000001e+00 1.5948972539418532e+01 -6.4225735624041022e+01
1.0066666666666666e+00 1.6013050850114130e+01 -6.4359503230020309e+01
1.0076633333333334e+00 1.6077262548995392e+01 -6.4493404224004905e+01
1.0086600000000001e+00 1.6141607769071975e+01 -6.4627438739021699e+01
1.0096566666666666e+00 1.6206086643486167e+01 -6.4761606908206076e+01
1.0106533333333334e+00 1.6270699305513066e+01 -6.4895908864824435e+01
1.0116500000000002e+00 1.6335445888560617e+01 -6.5030344742288023e+01
1.0126466666666667e+00 1.6400326526169795e+01 -6.5164914674140931e+01
1.0136433333333335e+00 1.6465341352014789e+01 -6.5299618794063420e+01
1.0146400000000000e+00 1.6530490499903028e+01 -6.5434457235861871e+01
1.0156366666666667e+00 1.6595774103775426e+01 -6.5569430133487060e+01
1.0166333333333335e+00 1.6661192297706410e+01 -6.5704537620981355e+01
1.0176300000000000e+00 1.6726745215904092e+01 -6.5839779832578287e+01
1.0186266666666668e+00 1.6792432992710477e+01 -6.5975156902631966e+01
1.0196233333333333e+00 1.6858255762601466e+01 -6.6110668965593888e+01
1.0206200000000001e+00 1.6924213660187107e+01 -6.6246316156079629e+01
1.0216166666666668e+00 1.6990306820211636e+01 -6.6382098608851592e+01
1.0226133333333334e+00 1.7056535377553661e+01 -6.6518016458776131e+01
1.0236100000000001e+00 1.7122899467226315e+01 -6.6654069840850497e+01
1.0246066666666667e+00 1.7189399224377301e+01 -6.6790258890244615e+01
1.0256033333333334e+00 1.7256034784289163e+01 -6.6926583742244006e+01
1.0266000000000002e+00 1.7322806282379300e+01 -6.7063044532267327e+01
1.0275966666666667e+00 1.7389713854200139e+01 -6.7199641395852424e+01
1.0285933333333335e+00 1.7456757635439313e+01 -6.7336374468698963e+01
1.0295900000000000e+00 1.7523937761919701e+01 -6.7473243886611399e+01
1.0305866666666668e+00 1.7591254369599682e+01 -6.7610249785578944e+01
1.0315833333333335e+00 1.7658707594573173e+01 -6.7747392301680222e+01
1.0325800000000001e+00 1.7726297573069782e+01 -6.7884671571131619e+01
1.0335766666666668e+00 1.7794024441455022e+01 -6.8022087730337034e+01
1.0345733333333333e+00 1.7861888336230319e+01 -6.8159640915763802e+01
1.0355700000000001e+00 1.7929889394033268e+01 -6.8297331264055359e+01
1.0365666666666669e+00 1.7998027751637672e+01 -6.8435158911994236e+01
1.0375633333333334e+00 1.8066303545953726e+01 -6.8573123996491958e+01
1.0385600000000001e+00 1.8134716914028193e+01 -6.8711226654597553e+01
1.0395566666666667e+00 1.8203267993044435e+01 -6.8849467023496587e+01
1.0405533333333334e+00 1.8271956920322658e+01 -6.8987845240488369e+01
1.0415500000000002e+00 1.8340783833319961e+01 -6.9126361443047060e+01
1.0425466666666667e+00 1.8409748869630516e+01 -6.9265015768784522e+01
1.0435433333333335e+00 1.8478852166985742e+01 -6.9403808355402091e+01
1.0445400000000000e+00 1.8548093863254330e+01 -6.9542739340776848e+01
1.0455366666666668e+00 1.8617474096442511e+01 -6.9681808862919127e+01
1.0465333333333335e+00 1.8686993004694092e+01 -6.9821017059971794e+01
1.0475300000000001e+00 1.8756650726290637e+01 -6.9960364070236025e+01
1.0485266666666668e+00 1.8826447399651645e+01 -7.0099850032112045e+01
1.0495233333333334e+00 1.8896383163334576e+01 -7.0239475084154080e+01
1.0505200000000001e+00 1.8966458156035113e+01 -7.0379239365071868e+01
1.0515166666666667e+00 1.9036672516587181e+01 -7.0519143013681699e+01
1.0525133333333334e+00 1.9107026383963216e+01 -7.0659186168981137e+01
1.0535100000000002e+00 1.9177519897274177e+01 -7.0799368970059874e+01
1.0545066666666667e+00 1.9248153195769738e+01 -7.0939691556170317e+01
1.0555033333333335e+00 1.9318926418838490e+01 -7.1080154066732320e+01
1.0565000000000000e+00 1.9389839706007951e+01 -7.1220756641237713e+01
1.0574966666666668e+00 1.9460893196944820e+01 -7.1361499419357614e+01
1.0584933333333335e+00 1.9532087031455028e+01 -7.1502382540914383e+01
1.0594900000000000e+00 1.9603421349483924e+01 -7.1643406145850122e+01
1.0604866666666668e+00 1.9674896291116443e+01 -7.1784570374242293e+01
1.0614833333333333e+00 1.9746511996577141e+01 -7.1925875366308091e+01
1.0624800000000001e+00 1.9818268606230472e+01 -7.2067321262438625e+01
1.0634766666666668e+00 1.9890166260580820e+01 -7.2208908203128445e+01
1.0644733333333334e+00 1.9962205100272659e+01 -7.2350636329009106e+01
1.0654700000000001e+00 2.0034385266090759e+01 -7.2492505780878190e+01
1.0664666666666667e+00 2.0106706898960219e+01 -7.2634516699662214e+01
1.0674633333333334e+00 2.0179170139946724e+01 -7.2776669226417127e+01
1.0684600000000002e+00 2.0251775130256565e+01 -7.2918963502348646e+01
1.0694566666666667e+00 2.0324522011236859e+01 -7.3061399668831399e+01
1.0704533333333335e+00 2.0397410924375720e+01 -7.3203977867333194e+01
1.0714500000000000e+00 2.0470442011302268e+01 -7.3346698239470257e+01
1.0724466666666668e+00 2.0543615413786913e+01 -7.3489560927027355e+01
1.0734433333333335e+00 2.0616931273741397e+01 -7.3632566071921659e+01
1.0744400000000001e+00 2.0690389733218979e+01 -7.3775713816219039e+01
1.0754366666666668e+00 2.0763990934414608e+01 -7.3919004302089604e+01
1.0764333333333334e+00 2.0837735019664951e+01 -7.4062437671862497e+01
1.0774300000000001e+00 2.0911622131448681e+01 -7.4206014068053079e+01
1.0784266666666669e+00 2.0985652412386511e+01 -7.4349733633263256e+01
1.0794233333333334e+00 2.1059826005241344e+01 -7.4493596510235875e+01
1.0804200000000002e+00 2.1134143052918503e+01 -7.4637602841910947e+01
1.0814166666666667e+00 2.1208603698465758e+01 -7.4781752771332478e+01
1.0824133333333334e+00 2.1283208085073579e+01 -7.4926046441671602e+01
1.0834100000000002e+00 2.1357956356075160e+01 -7.5070483996273566e+01
1.0844066666666667e+00 2.1432848654946635e+01 -7.5215065578611771e+01
1.0854033333333335e+00 2.1507885125307254e+01 -7.5359791332317869e+01
1.0864000000000000e+00 2.1583065910919419e+01 -7.5504661401143395e+01
1.0873966666666668e+00 2.1658391155688935e+01 -7.5649675928973593e+01
1.0883933333333333e+00 2.1733861003665044e+01 -7.5794835059894979e+01
1.0893900000000001e+00 2.1809475599040720e+01 -7.5940138938099935e+01
1.0903866666666668e+00 2.1885235086152647e+01 -7.6085587707894689e+01
1.0913833333333334e+00 2.1961139609481439e+01 -7.6231181513777059e+01
1.0923800000000001e+00 2.2037189313651837e+01 -7.6376920500382283e+01
1.0933766666666667e+00 2.2113384343432731e+01 -7.6522804812467015e+01
1.0943733333333334e+00 2.2189724843737427e+01 -7.6668834594936428e+01
1.0953700000000002e+00 2.2266210959623695e+01 -7.6815009992877506e+01
1.0963666666666667e+00 2.2342842836293954e+01 -7.6961331151474269e+01
1.0973633333333335e+00 2.2419620619095447e+01 -7.7107798216055116e+01
1.0983600000000000e+00 2.2496544453520293e+01 -7.7254411332155613e+01
1.0993566666666668e+00 2.2573614485205773e+01 -7.7401170645384909e+01
1.1003533333333335e+00 2.2650830859934331e+01 -7.7548076301537762e+01
1.1013500000000001e+00 2.2728193723633776e+01 -7.7695128446534028e+01
1.1023466666666668e+00 2.2805703222377481e+01 -7.7842327226439949e+01
1.1033433333333333e+00 2.2883359502384415e+01 -7.7989672787497099e+01
1.1043400000000001e+00 2.2961162710019423e+01 -7.8137165276046815e+01
1.1053366666666669e+00 2.3039112991793235e+01 -7.8284804838616822e+01
1.1063333333333334e+00 2.3117210494362702e+01 -7.8432591621873257e+01
1.1073300000000001e+00 2.3195455364530950e+01 -7.8580525772592168e+01
1.1083266666666667e+00 2.3273847749247427e+01 -7.8728607437747200e+01
1.1093233333333334e+00 2.3352387795608180e+01 -7.8876836764419636e+01
1.1103200000000002e+00 2.3431075650855881e+01 -7.9025213899850044e+01
1.1113166666666667e+00 2.3509911462380039e+01 -7.9173738991454940e+01
1.1123133333333335e+00 2.3588895377717172e+01 -7.9322412186726709e+01
1.1133100000000000e+00 2.3668027544550853e+01 -7.9471233633391208e+01
1.1143066666666668e+00 2.3747308110712005e+01 -7.9620203479272831e+01
1.1153033333333335e+00 2.3826737224178896e+01 -7.9769321872328945e+01
1.1163000000000001e+00 2.3906315033077345e+01 -7.9918588960702834e+01
1.1172966666666668e+00 2.3986041685680942e+01 -8.0068004892651672e+01
1.1182933333333334e+00 2.4065917330411043e+01 -8.0217569816607124e+01
1.1192900000000001e+00 2.4145942115837109e+01 -8.0367283881168632e+01
1.1202866666666669e+00 2.4226116190676681e+01 -8.0517147235012345e+01
1.1212833333333334e+00 2.4306439703795569e+01 -8.0667160026992150e+01
1.1222800000000002e+00 2.4386912804208109e+01 -8.0817322406183422e+01
1.1232766666666667e+00 2.4467535641077163e+01 -8.0967634521706017e+01
1.1242733333333335e+00 2.4548308363714384e+01 -8.1118096522868498e+01
1.1252700000000000e+00 2.4629231121580251e+01 -8.1268708559159592e+01
1.1262666666666667e+00 2.4710304064284358e+01 -8.1419470780174834e+01
1.1272633333333335e+00 2.4791527341585429e+01 -8.1570383335668993e+01
1.1282600000000000e+00 2.4872901103391506e+01 -8.1721446375545455e+01
1.1292566666666668e+00 2.4954425499760177e+01 -8.1872660049865303e+01
1.1302533333333333e+00 2.5036100680898596e+01 -8.2024024508856741e+01
1.1312500000000001e+00 2.5117926797163772e+01 -8.2175539902856841e+01
1.1322466666666668e+00 2.5199903999062581e+01 -8.2327206382367137e+01
1.1332433333333334e+00 2.5282032437251988e+01 -8.2479024098071591e+01
1.1342400000000001e+00 2.5364312262539240e+01 -8.2630993200749600e+01
1.1352366666666667e+00 2.5446743625881890e+01 -8.2783113841376164e+01
1.1362333333333334e+00 2.5529326678388095e+01 -8.2935386171061637e+01
1.1372300000000002e+00 2.5612061571316637e+01 -8.3087810341051238e+01
1.1382266666666667e+00 2.5694948456077125e+01 -8.3240386502755698e+01
1.1392233333333335e+00 2.5777987484230202e+01 -8.3393114807752923e+01
1.1402200000000000e+00 2.5861178807487576e+01 -8.3545995407734580e+01
1.1412166666666668e+00 2.5944522577712302e+01 -8.3699028454573522e+01
1.1422133333333335e+00 2.6028018946918817e+01 -8.3852214100292457e+01
1.1432100000000001e+00 2.6111668067273147e+01 -8.4005552497044974e+01
1.1442066666666668e+00 2.6195470091093100e+01 -8.4159043797156002e+01
1.1452033333333334e+00 2.6279425170848295e+01 -8.4312688153092225e+01
1.1462000000000001e+00 2.6363533459160472e+01 -8.4466485717482428e+01
1.1471966666666669e+00 2.6447795108803497e+01 -8.4620436643087189e+01
1.1481933333333334e+00 2.6532210272703569e+01 -8.4774541082835256e+01
1.1491900000000002e+00 2.6616779103939447e+01 -8.4928799189814356e+01
1.1501866666666667e+00 2.6701501755742466e+01 -8.5083211117268377e+01
1.1511833333333334e+00 2.6786378381496835e+01 -8.5237777018574462e+01
1.1521800000000002e+00 2.6871409134739640e+01 -8.5392497047236787e+01
1.1531766666666667e+00 2.6956594169161061e+01 -8.5547371356974992e+01
1.1541733333333335e+00 2.7041933638604608e+01 -8.5702400101634609e+01
1.1551700000000000e+00 2.7127427697067123e+01 -8.5857583435207815e+01
1.1561666666666668e+00 2.7213076498699085e+01 -8.6012921511857854e+01
1.1571633333333335e+00 2.7298880197804618e+01 -8.6168414485851827e+01
1.1581600000000001e+00 2.7384838948841708e+01 -8.6324062511679230e+01
1.1591566666666668e+00 2.7470952906422447e+01 -8.6479865743966101e+01
1.1601533333333334e+00 2.7557222225313005e+01 -8.6635824337446337e+01
1.1611500000000001e+00 2.7643647060433949e+01 -8.6791938447043847e+01
1.1621466666666669e+00 2.7730227566860279e+01 -8.6948208227853101e+01
1.1631433333333334e+00 2.7816963899821637e+01 -8.7104633835097701e+01
1.1641400000000002e+00 2.7903856214702500e+01 -8.7261215424145121e+01
1.1651366666666667e+00 2.7990904667042216e+01 -8.7417953150554382e+01
1.1661333333333335e+00 2.8078109412535309e+01 -8.7574847170018501e+01
1.1671300000000000e+00 2.8165470607031480e+01 -8.7731897638378030e+01
1.1681266666666668e+00 2.8252988406535920e+01 -8.7889104711654795e+01
1.1691233333333335e+00 2.8340662967209326e+01 -8.8046468546000497e+01
1.1701200000000000e+00 2.8428494445368099e+01 -8.8203989297713036e+01
1.1711166666666668e+00 2.8516482997484569e+01 -8.8361667123282828e+01
1.1721133333333333e+00 2.8604628780187042e+01 -8.8519502179357957e+01
1.1731100000000001e+00 2.8692931950260071e+01 -8.8677494622689110e+01
1.1741066666666669e+00 2.8781392664644486e+01 -8.8835644610235477e+01
1.1751033333333334e+00 2.8870011080437617e+01 -8.8993952299084384e+01
1.1761000000000001e+00 2.8958787354893509e+01 -8.9152417846499787e+01
1.1770966666666667e+00 2.9047721645422943e+01 -8.9311041409908697e+01
1.1780933333333334e+00 2.9136814109593729e+01 -8.9469823146833349e+01
1.1790900000000002e+00 2.9226064905130734e+01 -8.9628763215035249e+01
1.1800866666666667e+00 2.9315474189916124e+01 -8.9787861772389320e+01
1.1810833333333335e+00 2.9405042121989538e+01 -8.9947118976924116e+01
1.1820800000000000e+00 2.9494768859548145e+01 -9.0106534986861533e+01
1.1830766666666668e+00 2.9584654560946937e+01 -9.0266109960529363e+01
1.1840733333333335e+00 2.9674699384698748e+01 -9.0425844056462893e+01
1.1850700000000001e+00 2.9764903489474474e+01 -9.0585737433313795e+01
1.1860666666666668e+00 2.9855267034103292e+01 -9.0745790249919907e+01
1.1870633333333334e+00 2.9945790177572690e+01 -9.0906002665282031e+01
1.1880600000000001e+00 3.0036473079028760e+01 -9.1066374838522648e+01
1.1890566666666669e+00 3.0127315897776231e+01 -9.1226906928959906e+01
1.1900533333333334e+00 3.0218318793278691e+01 -9.1387599096063056e+01
1.1910500000000002e+00 3.0309481925158796e+01 -9.1548451499450948e+01
1.1920466666666667e+00 3.0400805453198295e+01 -9.1709464298897586e+01
1.1930433333333335e+00 3.0492289537338333e+01 -9.1870637654341920e+01
1.1940400000000002e+00 3.0583934337679491e+01 -9.2031971725893527e+01
1.1950366666666667e+00 3.0675740014482006e+01 -9.2193466673828866e+01
1.1960333333333335e+00 3.0767706728165980e+01 -9.2355122658540338e+01
1.1970300000000000e+00 3.0859834639311380e+01 -9.2516939840614683e+01
1.1980266666666668e+00 3.0952123908658393e+01 -9.2678918380801662e+01
1.1990233333333336e+00 3.1044574697107432e+01 -9.2841058439991826e+01
1.2000200000000001e+00 3.1137187165719350e+01 -9.3003360179265144e+01
1.2010166666666668e+00 3.1229961475715676e+01 -9.3165823759830360e+01
1.2020133333333334e+00 3.1322897788478603e+01 -9.3328449343058537e+01
1.2030100000000001e+00 3.1415996265551332e+01 -9.3491237090497407e+01
1.2040066666666667e+00 3.1509257068638078e+01 -9.3654187163869153e+01
1.2050033333333334e+00 3.1602680359604388e+01 -9.3817299725028406e+01
1.2060000000000002e+00 3.1696266300477141e+01 -9.3980574935999527e+01
1.2069966666666667e+00 3.1790015053444790e+01 -9.4144012958972596e+01
1.2079933333333335e+00 3.1883926780857578e+01 -9.4307613956302333e+01
1.2089900000000000e+00 3.1978001645227558e+01 -9.4471378090504203e+01
1.2099866666666668e+00 3.2072239809228911e+01 -9.4635305524231043e+01
1.2109833333333335e+00 3.2166641435697969e+01 -9.4799396420348813e+01
1.2119800000000001e+00 3.2261206687633454e+01 -9.4963650941851142e+01
1.2129766666666668e+00 3.2355935728196663e+01 -9.5128069251862854e+01
1.2139733333333333e+00 3.2450828720711513e+01 -9.5292651513742229e+01
1.2149700000000001e+00 3.2545885828664886e+01 -9.5457397890997626e+01
1.2159666666666669e+00 3.2641107215706612e+01 -9.5622308547226169e+01
1.2169633333333334e+00 3.2736493045649695e+01 -9.5787383646274606e+01
1.2179600000000002e+00 3.2832043482470567e+01 -9.5952623352111146e+01
1.2189566666666667e+00 3.2927758690309084e+01 -9.6118027828878084e+01
1.2199533333333334e+00 3.3023638833468851e+01 -9.6283597240878862e+01
1.2209500000000002e+00 3.3119684076417265e+01 -9.6449331752569563e+01
1.2219466666666667e+00 3.3215894583785705e+01 -9.6615231528609741e+01
1.2229433333333335e+00 3.3312270520369800e+01 -9.6781296733769480e+01
1.2239400000000000e+00 3.3408812051129402e+01 -9.6947527533018288e+01
1.2249366666666668e+00 3.3505519341188943e+01 -9.7113924091464824e+01
1.2259333333333335e+00 3.3602392555837454e+01 -9.7280486574428210e+01
1.2269300000000001e+00 3.3699431860528790e+01 -9.7447215147348501e+01
1.2279266666666668e+00 3.3796637420881851e+01 -9.7614109975833301e+01
1.2289233333333334e+00 3.3894009402680602e+01 -9.7781171225693527e+01
1.2299200000000001e+00 3.3991547971874404e+01 -9.7948399062846846e+01
1.2309166666666669e+00 3.4089253294578029e+01 -9.8115793653439709e+01
1.2319133333333334e+00 3.4187125537071900e+01 -9.8283355163724494e+01
1.2329100000000002e+00 3.4285164865802308e+01 -9.8451083760153750e+01
1.2339066666666667e+00 3.4383371447381435e+01 -9.8618979609361901e+01
1.2349033333333335e+00 3.4481745448587702e+01 -9.8787042878111137e+01
1.2359000000000002e+00 3.4580287036365746e+01 -9.8955273733336242e+01
1.2368966666666668e+00 3.4678996377826685e+01 -9.9123672342158713e+01
1.2378933333333335e+00 3.4777873640248352e+01 -9.9292238871865692e+01
1.2388900000000000e+00 3.4876918991075279e+01 -9.9460973489893277e+01
1.2398866666666668e+00 3.4976132597919069e+01 -9.9629876363845554e+01
1.2408833333333333e+00 3.5075514628558359e+01 -9.9798947661515015e+01
1.2418800000000001e+00 3.5175065250939191e+01 -9.9968187550843993e+01
1.2428766666666669e+00 3.5274784633175003e+01 -1.0013759619993648e+02
1.2438733333333334e+00 3.5374672943546877e+01 -1.0030717377709020e+02
1.2448700000000001e+00 3.5474730350503755e+01 -1.0047692045074712e+02
1.2458666666666667e+00 3.5574957022662474e+01 -1.0064683638951628e+02
1.2468633333333334e+00 3.5675353128808084e+01 -1.0081692176218797e+02
1.2478600000000002e+00 3.5775918837893883e+01 -1.0098717673772229e+02
1.2488566666666667e+00 3.5876654319041641e+01 -1.0115760148523272e+02
1.2498533333333335e+00 3.5977559741541846e+01 -1.0132819617401697e+02
1.2508500000000000e+00 3.6078635274853696e+01 -1.0149896097352878e+02
1.2518466666666668e+00 3.6179881088605462e+01 -1.0166989605340682e+02
1.2528433333333335e+00 3.6281297352594493e+01 -1.0184100158342770e+02
1.2538400000000001e+00 3.6382884236787447e+01 -1.0201227773356723e+02
1.2548366666666668e+00 3.6484641911320551e+01 -1.0218372467397518e+02
1.2558333333333334e+00 3.6586570546499587e+01 -1.0235534257495721e+02
1.2568300000000001e+00 3.6688670312800255e+01 -1.0252713160697182e+02
1.2578266666666669e+00 3.6790941380868162e+01 -1.0269909194065482e+02
1.2588233333333334e+00 3.6893383921519096e+01 -1.0287122374685873e+02
1.2598200000000002e+00 3.6995998105739240e+01 -1.0304352719655684e+02
1.2608166666666667e+00 3.7098784104685180e+01 -1.0321600246088177e+02
1.2618133333333335e+00 3.7201742089684274e+01 -1.0338864971119368e+02
1.2628100000000002e+00 3.7304872232234651e+01 -1.0356146911897719e+02
1.2638066666666667e+00 3.7408174704005454e+01 -1.0373446085590071e+02
1.2648033333333335e+00 3.7511649676837067e+01 -1.0390762509380743e+02
1.2658000000000000e+00 3.7615297322741142e+01 -1.0408096200469612e+02
1.2667966666666668e+00 3.7719117813900937e+01 -1.0425447176076462e+02
1.2677933333333335e+00 3.7823111322671359e+01 -1.0442815453437456e+02
1.2687900000000001e+00 3.7927278021579163e+01 -1.0460201049803553e+02
1.2697866666666668e+00 3.8031618083323210e+01 -1.0477603982444961e+02
1.2707833333333334e+00 3.8136131680774490e+01 -1.0495024268650339e+02
1.2717800000000001e+00 3.8240818986976457e+01 -1.0512461925722502e+02
1.2727766666666669e+00 3.8345680175145056e+01 -1.0529916970983911e+02
1.2737733333333334e+00 3.8450715418668949e+01 -1.0547389421773178e+02
1.2747700000000002e+00 3.8555924891109768e+01 -1.0564879295445729e+02
1.2757666666666667e+00 3.8661308766202112e+01 -1.0582386609375042e+02
1.2767633333333335e+00 3.8766867217853928e+01 -1.0599911380953868e+02
1.2777600000000000e+00 3.8872600420146483e+01 -1.0617453627587780e+02
1.2787566666666668e+00 3.8978508547334719e+01 -1.0635013366704688e+02
1.2797533333333335e+00 3.9084591773847279e+01 -1.0652590615746172e+02
1.2807500000000001e+00 3.9190850274286724e+01 -1.0670185392171973e+02
1.2817466666666668e+00 3.9297284223429813e+01 -1.0687797713461953e+02
1.2827433333333333e+00 3.9403893796227479e+01 -1.0705427597108640e+02
1.2837400000000001e+00 3.9510679167805193e+01 -1.0723075060625149e+02
1.2847366666666669e+00 3.9617640513463009e+01 -1.0740740121542531e+02
1.2857333333333334e+00 3.9724778008675777e+01 -1.0758422797410003e+02
1.2867300000000002e+00 3.9832091829093393e+01 -1.0776123105787977e+02
1.2877266666666667e+00 3.9939582150540787e+01 -1.0793841064260232e+02
1.2887233333333334e+00 4.0047249149018342e+01 -1.0811576690431482e+02
1.2897200000000002e+00 4.0155093000701875e+01 -1.0829330001914461e+02
1.2907166666666667e+00 4.0263113881942850e+01 -1.0847101016343876e+02
1.2917133333333335e+00 4.0371311969268660e+01 -1.0864889751375685e+02
1.2927100000000000e+00 4.0479687439382651e+01 -1.0882696224678878e+02
1.2937066666666668e+00 4.0588240469164454e+01 -1.0900520453941205e+02
1.2947033333333335e+00 4.0696971235669999e+01 -1.0918362456868809e+02
1.2957000000000001e+00 4.0805879916131779e+01 -1.0936222251184073e+02
1.2966966666666668e+00 4.0914966687959094e+01 -1.0954099854629222e+02
1.2976933333333334e+00 4.1024231728738044e+01 -1.0971995284962004e+02
1.2986900000000001e+00 4.1133675216231907e+01 -1.0989908559958911e+02
1.2996866666666669e+00 4.1243297328381161e+01 -1.1007839697414177e+02
1.3006833333333334e+00 4.1353098243303698e+01 -1.1025788715137469e+02
1.3016800000000002e+00 4.1463078139295099e+01 -1.1043755630961573e+02
1.3026766666666667e+00 4.1573237194828671e+01 -1.1061740462734063e+02
1.3036733333333335e+00 4.1683575588555755e+01 -1.1079743228317332e+02
1.3046700000000002e+00 4.1794093499305767e+01 -1.1097763945595457e+02
1.3056666666666668e+00 4.1904791106086442e+01 -1.1115802632470057e+02
1.3066633333333335e+00 4.2015668588084104e+01 -1.1133859306858402e+02
1.3076600000000000e+00 4.2126726124663641e+01 -1.1151933986696822e+02
1.3086566666666668e+00 4.2237963895368907e+01 -1.1170026689942871e+02
1.3096533333333336e+00 4.2349382079922719e+01 -1.1188137434565866e+02
1.3106500000000001e+00 4.2460980858227096e+01 -1.1206266238556137e+02
1.3116466666666668e+00 4.2572760410363522e+01 -1.1224413119922231e+02
1.3126433333333334e+00 4.2684720916592958e+01 -1.1242578096689573e+02
1.3136400000000001e+00 4.2796862557356214e+01 -1.1260761186905393e+02
1.3146366666666667e+00 4.2909185513273947e+01 -1.1278962408630055e+02
1.3156333333333334e+00 4.3021689965147004e+01 -1.1297181779941599e+02
1.3166300000000002e+00 4.3134376093956433e+01 -1.1315419318938750e+02
1.3176266666666667e+00 4.3247244080863766e+01 -1.1333675043739080e+02
1.3186233333333335e+00 4.3360294107211253e+01 -1.1351948972476960e+02
1.3196200000000000e+00 4.3473526354521880e+01 -1.1370241123304024e+02
1.3206166666666668e+00 4.3586941004499735e+01 -1.1388551514390610e+02
1.3216133333333335e+00 4.3700538239030031e+01 -1.1406880163927097e+02
1.3226100000000001e+00 4.3814318240179333e+01 -1.1425227090116570e+02
1.3236066666666668e+00 4.3928281190195825e+01 -1.1443592311184304e+02
1.3246033333333334e+00 4.4042427271509347e+01 -1.1461975845377818e+02
1.3256000000000001e+00 4.4156756666731745e+01 -1.1480377710954789e+02
1.3265966666666669e+00 4.4271269558656876e+01 -1.1498797926192942e+02
1.3275933333333334e+00 4.4385966130260861e+01 -1.1517236509393005e+02
1.3285900000000002e+00 4.4500846564702385e+01 -1.1535693478871165e+02
1.3295866666666667e+00 4.4615911045322662e+01 -1.1554168852960140e+02
1.3305833333333335e+00 4.4731159755645812e+01 -1.1572662650010608e+02
1.3315800000000002e+00 4.4846592879378882e+01 -1.1591174888395521e+02
1.3325766666666667e+00 4.4962210600412121e+01 -1.1609705586505399e+02
1.3335733333333335e+00 4.5078013102819227e+01 -1.1628254762744844e+02
1.3345700000000000e+00 4.5194000570857334e+01 -1.1646822435540305e+02
1.3355666666666668e+00 4.5310173188967411e+01 -1.1665408623335868e+02
1.3365633333333335e+00 4.5426531141774284e+01 -1.1684013344595749e+02
1.3375600000000001e+00 4.5543074614086869e+01 -1.1702636617798498e+02
1.3385566666666668e+00 4.5659803790898430e+01 -1.1721278461442458e+02
1.3395533333333334e+00 4.5776718857386619e+01 -1.1739938894050339e+02
1.3405500000000001e+00 4.5893819998913848e+01 -1.1758617934154252e+02
1.3415466666666669e+00 4.6011107401027267e+01 -1.1777315600308636e+02
1.3425433333333334e+00 4.6128581249459053e+01 -1.1796031911090017e+02
1.3435400000000002e+00 4.6246241730126684e+01 -1.1814766885088025e+02
1.3445366666666667e+00 4.6364089029132899e+01 -1.1833520540911624e+02
1.3455333333333335e+00 4.6482123332766129e+01 -1.1852292897193074e+02
1.3465300000000002e+00 4.6600344827500493e+01 -1.1871083972577398e+02
1.3475266666666668e+00 4.6718753699996043e+01 -1.1889893785729839e+02
1.3485233333333335e+00 4.6837350137099037e+01 -1.1908722355336997e+02
1.3495200000000001e+00 4.6956134325841965e+01 -1.1927569700102650e+02
1.3505166666666668e+00 4.7075106453443908e+01 -1.1946435838746035e+02
1.3515133333333336e+00 4.7194266707310561e+01 -1.1965320790010921e+02
1.3525100000000001e+00 4.7313615275034500e+01 -1.1984224572655236e+02
1.3535066666666669e+00 4.7433152344395417e+01 -1.2003147205453605e+02
1.3545033333333334e+00 4.7552878103360165e+01 -1.2022088707207489e+02
1.3555000000000001e+00 4.7672792740083139e+01 -1.2041049096731552e+02
1.3564966666666667e+00 4.7792896442906240e+01 -1.2060028392857554e+02
1.3574933333333334e+00 4.7913189400359286e+01 -1.2079026614439796e+02
1.3584900000000002e+00 4.8033671801160011e+01 -1.2098043780352579e+02
1.3594866666666667e+00 4.8154343834214345e+01 -1.2117079909483157e+02
1.3604833333333335e+00 4.8275205688616637e+01 -1.2136135020740572e+02
1.3614800000000000e+00 4.8396257553649704e+01 -1.2155209133055671e+02
1.3624766666666668e+00 4.8517499618785230e+01 -1.2174302265375795e+02
1.3634733333333335e+00 4.8638932073683740e+01 -1.2193414436663670e+02
1.3644700000000001e+00 4.8760555108194865e+01 -1.2212545665905965e+02
1.3654666666666668e+00 4.8882368912357656e+01 -1.2231695972109772e+02
1.3664633333333334e+00 4.9004373676400547e+01 -1.2250865374293265e+02
1.3674600000000001e+00 4.9126569590741752e+01 -1.2270053891497520e+02
1.3684566666666669e+00 4.9248956845989298e+01 -1.2289261542790088e+02
1.3694533333333334e+00 4.9371535632941303e+01 -1.2308488347247099e+02
1.3704500000000002e+00 4.9494306142586176e+01 -1.2327734323963324e+02
1.3714466666666667e+00 4.9617268566102688e+01 -1.2346999492061738e+02
1.3724433333333335e+00 4.9740423094860361e+01 -1.2366283870679300e+02
1.3734400000000002e+00 4.9863769920419458e+01 -1.2385587478969506e+02
1.3744366666666668e+00 4.9987309234531246e+01 -1.2404910336108595e+02
1.3754333333333335e+00 5.0111041229138308e+01 -1.2424252461292602e+02
1.3764300000000000e+00 5.0234966096374492e+01 -1.2443613873730770e+02
1.3774266666666668e+00 5.0359084028565341e+01 -1.2462994592658053e+02
1.3784233333333336e+00 5.0483395218228118e+01 -1.2482394637328166e+02
1.3794200000000001e+00 5.0607899858072045e+01 -1.2501814027007846e+02
1.3804166666666668e+00 5.0732598140998583e+01 -1.2521252780990446e+02
1.3814133333333334e+00 5.0857490260101457e+01 -1.2540710918585737e+02
1.3824100000000001e+00 5.0982576408667036e+01 -1.2560188459120279e+02
1.3834066666666669e+00 5.1107856780174345e+01 -1.2579685421942266e+02
1.3844033333333334e+00 5.1233331568295334e+01 -1.2599201826419643e+02
1.3854000000000002e+00 5.1359000966895159e+01 -1.2618737691937396e+02
1.3863966666666667e+00 5.1484865170032180e+01 -1.2638293037903298e+02
1.3873933333333335e+00 5.1610924371958397e+01 -1.2657867883743015e+02
1.3883900000000002e+00 5.1737178767119410e+01 -1.2677462248899938e+02
1.3893866666666668e+00 5.1863628550154722e+01 -1.2697076152837873e+02
1.3903833333333335e+00 5.1990273915897987e+01 -1.2716709615039122e+02
1.3913800000000001e+00 5.2117115059377042e+01 -1.2736362655009131e+02
1.3923766666666668e+00 5.2244152175814321e+01 -1.2756035292268375e+02
1.3933733333333334e+00 5.2371385460626790e+01 -1.2775727546357945e+02
1.3943700000000001e+00 5.2498815109426417e+01 -1.2795439436841788e+02
1.3953666666666669e+00 5.2626441318020127e+01 -1.2815170983298802e+02
1.3963633333333334e+00 5.2754264282410105e+01 -1.2834922205328553e+02
1.3973600000000002e+00 5.2882284198794046e+01 -1.2854693122550955e+02
1.3983566666666667e+00 5.3010501263565196e+01 -1.2874483754606558e+02
1.3993533333333334e+00 5.3138915673312752e+01 -1.2894294121155542e+02
1.4003500000000002e+00 5.3267527624821852e+01 -1.2914124241872372e+02
1.4013466666666667e+00 5.3396337315073843e+01 -1.2933974136457093e+02
1.4023433333333335e+00 5.3525344941246601e+01 -1.2953843824629442e+02
1.4033400000000000e+00 5.3654550700714509e+01 -1.2973733326124082e+02
1.4043366666666668e+00 5.3783954791048863e+01 -1.2993642660700269e+02
1.4053333333333335e+00 5.3913557410017894e+01 -1.3013571848133020e+02
1.4063300000000001e+00 5.4043358755587036e+01 -1.3033520908220027e+02
1.4073266666666668e+00 5.4173359025919218e+01 -1.3053489860777995e+02
1.4083233333333334e+00 5.4303558419374859e+01 -1.3073478725641382e+02
1.4093200000000001e+00 5.4433957134512276e+01 -1.3093487522667826e+02
1.4103166666666669e+00 5.4564555370087710e+01 -1.3113516271731828e+02
1.4113133333333334e+00 5.4695353325055585e+01 -1.3133564992728358e+02
1.4123100000000002e+00 5.4826351198568801e+01 -1.3153633705573938e+02
1.4133066666666667e+00 5.4957549189978742e+01 -1.3173722430203202e+02
1.4143033333333335e+00 5.5088947498835680e+01 -1.3193831186571074e+02
1.4153000000000002e+00 5.5220546324888794e+01 -1.3213959994653337e+02
1.4162966666666668e+00 5.5352345868086445e+01 -1.3234108874443660e+02
1.4172933333333335e+00 5.5484346328576450e+01 -1.3254277845956958e+02
1.4182900000000001e+00 5.5616547906706103e+01 -1.3274466929227674e+02
1.4192866666666668e+00 5.5748950803022588e+01 -1.3294676144311609e+02
1.4202833333333336e+00 5.5881555218272993e+01 -1.3314905511285434e+02
1.4212800000000001e+00 5.6014361353404581e+01 -1.3335155050240127e+02
1.4222766666666669e+00 5.6147369409565052e+01 -1.3355424781289688e+02
1.4232733333333334e+00 5.6280579588102583e+01 -1.3375714724573365e+02
1.4242700000000001e+00 5.6413992090566268e+01 -1.3396024900243196e+02
1.4252666666666669e+00 5.6547607118706054e+01 -1.3416355328474265e+02
1.4262633333333334e+00 5.6681424874473088e+01 -1.3436706029462312e+02
1.4272600000000002e+00 5.6815445560019981e+01 -1.3457077023422940e+02
1.4282566666666667e+00 5.6949669377700808e+01 -1.3477468330592009e+02
1.4292533333333335e+00 5.7084096530071534e+01 -1.3497879971223193e+02
1.4302500000000000e+00 5.7218727219889985e+01 -1.3518311965592986e+02
1.4312466666666668e+00 5.7353561650116291e+01 -1.3538764333997761e+02
1.4322433333333335e+00 5.7488600023912888e+01 -1.3559237096755601e+02
1.4332400000000001e+00 5.7623842544644795e+01 -1.3579730274199082e+02
1.4342366666666668e+00 5.7759289415879891e+01 -1.3600243886687463e+02
1.4352333333333334e+00 5.7894940841388951e+01 -1.3620777954598486e+02
1.4362300000000001e+00 5.8030797025146043e+01 -1.3641332498326881e+02
1.4372266666666669e+00 5.8166858171328549e+01 -1.3661907538294508e+02
1.4382233333333334e+00 5.8303124484317465e+01 -1.3682503094936555e+02
1.4392200000000002e+00 5.8439596168697648e+01 -1.3703119188710338e+02
1.4402166666666667e+00 5.8576273429257853e+01 -1.3723755840096945e+02
1.4412133333333335e+00 5.8713156470991166e+01 -1.3744413069595561e+02
1.4422100000000002e+00 5.8850245499094996e+01 -1.3765090897725028e+02
1.4432066666666667e+00 5.8987540718971360e+01 -1.3785789345027078e+02
1.4442033333333335e+00 5.9125042336227189e+01 -1.3806508432060281e+02
1.4452000000000000e+00 5.9262750556674320e+01 -1.3827248179408019e+02
1.4461966666666668e+00 5.9400665586329936e+01 -1.3848008607670002e+02
1.4471933333333336e+00 5.9538787631416561e+01 -1.3868789737469166e+02
1.4481900000000001e+00 5.9677116898362357e+01 -1.3889591589449898e+02
1.4491866666666668e+00 5.9815653593801422e+01 -1.3910414184272705e+02
1.4501833333333334e+00 5.9954397924573776e+01 -1.3931257542625073e+02
1.4511800000000001e+00 6.0093350097725832e+01 -1.3952121685210051e+02
1.4521766666666669e+00 6.0232510320510343e+01 -1.3973006632749738e+02
1.4531733333333334e+00 6.0371878800386732e+01 -1.3993912405993962e+02
1.4541700000000002e+00 6.0511455745021408e+01 -1.4014839025710913e+02
1.4551666666666667e+00 6.0651241362287720e+01 -1.4035786512683609e+02
1.4561633333333335e+00 6.0791235860266411e+01 -1.4056754887720592e+02
1.4571600000000002e+00 6.0931439447245644e+01 -1.4077744171654138e+02
1.4581566666666668e+00 6.1071852331721267e+01 -1.4098754385331370e+02
1.4591533333333335e+00 6.1212474722397133e+01 -1.4119785549621710e+02
1.4601500000000001e+00 6.1353306828185069e+01 -1.4140837685420098e+02
1.4611466666666668e+00 6.1494348858205370e+01 -1.4161910813634540e+02
1.4621433333333336e+00 6.1635601021786741e+01 -1.4183004955199988e+02
1.4631400000000001e+00 6.1777063528466634e+01 -1.4204120131070468e+02
1.4641366666666669e+00 6.1918736587991532e+01 -1.4225256362217726e+02
1.4651333333333334e+00 6.2060620410316943e+01 -1.4246413669640788e+02
1.4661300000000002e+00 6.2202715205607866e+01 -1.4267592074355102e+02
1.4671266666666667e+00 6.2345021184238746e+01 -1.4288791597397815e+02
1.4681233333333334e+00 6.2487538556793936e+01 -1.4310012259827707e+02
1.4691200000000002e+00 6.2630267534067663e+01 -1.4331254082723081e+02
1.4701166666666667e+00 6.2773208327064360e+01 -1.4352517087185836e+02
1.4711133333333335e+00 6.2916361146998966e+01 -1.4373801294337812e+02
1.4721100000000000e+00 6.3059726205296911e+01 -1.4395106725320255e+02
1.4731066666666668e+00 6.3203303713594558e+01 -1.4416433401295652e+02
1.4741033333333335e+00 6.3347093883739234e+01 -1.4437781343452122e+02
1.4751000000000001e+00 6.3491096927789499e+01 -1.4459150572992428e+02
1.4760966666666668e+00 6.3635313058015470e+01 -1.4480541111145692e+02
1.4770933333333334e+00 6.3779742486898805e+01 -1.4501952979160123e+02
1.4780900000000001e+00 6.3924385427133167e+01 -1.4523386198301185e+02
1.4790866666666669e+00 6.4069242091624204e+01 -1.4544840789864710e+02
1.4800833333333334e+00 6.4214312693489887e+01 -1.4566316775160342e+02
1.4810800000000002e+00 6.4359597446060789e+01 -1.4587814175520609e+02
1.4820766666666667e+00 6.4505096562880084e+01 -1.4609333012300630e+02
1.4830733333333335e+00 6.4650810257703995e+01 -1.4630873306876384e+02
1.4840700000000002e+00 6.4796738744501809e+01 -1.4652435080643184e+02
1.4850666666666668e+00 6.4942882237456175e+01 -1.4674018355019356e+02
1.4860633333333335e+00 6.5089240950963415e+01 -1.4695623151446864e+02
1.4870600000000000e+00 6.5235815099633513e+01 -1.4717249491386002e+02
1.4880566666666668e+00 6.5382604898290580e+01 -1.4738897396318239e+02
1.4890533333333336e+00 6.5529610561972845e+01 -1.4760566887744432e+02
1.4900500000000001e+00 6.5676832305932933e+01 -1.4782257987194797e+02
1.4910466666666669e+00 6.5824270345638283e+01 -1.4803970716217552e+02
1.4920433333333334e+00 6.5971924896771014e+01 -1.4825705096374207e+02
1.4930400000000001e+00 6.6119796175228430e+01 -1.4847461149258152e+02
1.4940366666666669e+00 6.6267884397123055e+01 -1.4869238896483634e+02
1.4950333333333334e+00 6.6416189778782908e+01 -1.4891038359677091e+02
1.4960300000000002e+00 6.6564712536751784e+01 -1.4912859560496514e+02
1.4970266666666667e+00 6.6713452887789330e+01 -1.4934702520619646e+02
1.4980233333333335e+00 6.6862411048871436e+01 -1.4956567261739659e+02
1.4990200000000002e+00 6.7011587237190255e+01 -1.4978453805578496e+02
1.5000166666666668e+00 6.7160981670154527e+01 -1.5000362173876607e+02
1.5010133333333335e+00 6.7310594565389877e+01 -1.5022292388397540e+02
1.5020100000000001e+00 6.7460426140738804e+01 -1.5044244470923800e+02
1.5030066666666668e+00 6.7610476614261174e+01 -1.5066218443262173e+02
1.5040033333333334e+00 6.7760746204234167e+01 -1.5088214327240817e+02
1.5050000000000001e+00 6.7911235129152729e+01 -1.5110232144707592e+02
1.5059966666666669e+00 6.8061943607729589e+01 -1.5132271917537054e+02
1.5069933333333334e+00 6.8212871858895596e+01 -1.5154333667618619e+02
1.5079900000000002e+00 6.8364020101799966e+01 -1.5176417416867673e+02
1.5089866666666667e+00 6.8515388555810347e+01 -1.5198523187225723e+02
1.5099833333333335e+00 6.8666977440513250e+01 -1.5220651000646151e+02
1.5109800000000002e+00 6.8818786975714033e+01 -1.5242800879108333e+02
1.5119766666666667e+00 6.8970817381437257e+01 -1.5264972844620698e+02
1.5129733333333335e+00 6.9123068877926997e+01 -1.5287166919204898e+02
1.5139700000000000e+00 6.9275541685646800e+01 -1.5309383124905787e+02
1.5149666666666668e+00 6.9428236025280157e+01 -1.5331621483792949e+02
1.5159633333333336e+00 6.9581152117730539e+01 -1.5353882017954163e+02
1.5169600000000001e+00 6.9734290184121690e+01 -1.5376164749506179e+02
1.5179566666666668e+00 6.9887650445797988e+01 -1.5398469700584724e+02
1.5189533333333334e+00 7.0041233124324364e+01 -1.5420796893340187e+02
1.5199500000000001e+00 7.0195038441486801e+01 -1.5443146349954745e+02
1.5209466666666669e+00 7.0349066619292344e+01 -1.5465518092626758e+02
1.5219433333333334e+00 7.0503317879969430e+01 -1.5487912143582687e+02
1.5229400000000002e+00 7.0657792445968212e+01 -1.5510328525065248e+02
1.5239366666666667e+00 7.0812490539960478e+01 -1.5532767259340994e+02
1.5249333333333335e+00 7.0967412384840244e+01 -1.5555228368702640e+02
1.5259300000000002e+00 7.1122558203723656e+01 -1.5577711875457604e+02
1.5269266666666668e+00 7.1277928219949331e+01 -1.5600217801940735e+02
1.5279233333333335e+00 7.1433522657078726e+01 -1.5622746170510902e+02
1.5289200000000001e+00 7.1589341738896096e+01 -1.5645297003547361e+02
1.5299166666666668e+00 7.1745385689408948e+01 -1.5667870323444720e+02
1.5309133333333336e+00 7.1901654732848073e+01 -1.5690466152629509e+02
1.5319100000000001e+00 7.2058149093667836e+01 -1.5713084513547750e+02
1.5329066666666669e+00 7.2214868996546556e+01 -1.5735725428666694e+02
1.5339033333333334e+00 7.2371814666386427e+01 -1.5758388920476796e+02
1.5349000000000002e+00 7.2528986328314090e+01 -1.5781075011491720e+02
1.5358966666666669e+00 7.2686384207680533e+01 -1.5803783724246406e+02
1.5368933333333334e+00 7.2844008530061444e+01 -1.5826515081293056e+02
1.5378900000000002e+00 7.3001859521257572e+01 -1.5849269105218693e+02
1.5388866666666667e+00 7.3159937407294706e+01 -1.5872045818626435e+02
1.5398833333333335e+00 7.3318242414424148e+01 -1.5894845244134004e+02
1.5408800000000002e+00 7.3476774769122670e+01 -1.5917667404395425e+02
1.5418766666666668e+00 7.3635534698092911e+01 -1.5940512322079803e+02
1.5428733333333335e+00 7.3794522428263690e+01 -1.5963380019878258e+02
1.5438700000000001e+00 7.3953738186789920e+01 -1.5986270520506531e+02
1.5448666666666668e+00 7.4113182201053192e+01 -1.6009183846701046e+02
1.5458633333333334e+00 7.4272854698661689e+01 -1.6032120021229571e+02
1.5468600000000001e+00 7.4432755907450741e+01 -1.6055079066870258e+02
1.5478566666666669e+00 7.4592886055482694e+01 -1.6078061006428294e+02
1.5488533333333334e+00 7.4753245371047342e+01 -1.6101065862736709e+02
1.5498500000000002e+00 7.4913834082662234e+01 -1.6124093658644202e+02
1.5508466666666667e+00 7.5074652419072635e+01 -1.6147144417026200e+02
1.5518433333333335e+00 7.5235700609252063e+01 -1.6170218160781297e+02
1.5528400000000002e+00 7.5396978882402237e+01 -1.6193314912828129e+02
1.5538366666666668e+00 7.5558487467953412e+01 -1.6216434696107993e+02
1.5548333333333335e+00 7.5720226595564768e+01 -1.6239577533592251e+02
1.5558300000000000e+00 7.5882196495124333e+01 -1.6262743448265408e+02
1.5568266666666668e+00 7.6044397396749503e+01 -1.6285932463135831e+02
1.5578233333333336e+00 7.6206829530787019e+01 -1.6309144601246931e+02
1.5588200000000001e+00 7.6369493127813371e+01 -1.6332379885651230e+02
1.5598166666666669e+00 7.6532388418635037e+01 -1.6355638339430561e+02
1.5608133333333334e+00 7.6695515634288526e+01 -1.6378919985689234e+02
1.5618100000000001e+00 7.6858875006040847e+01 -1.6402224847548220e+02
1.5628066666666669e+00 7.7022466765389510e+01 -1.6425552948165759e+02
1.5638033333333334e+00 7.7186291144062892e+01 -1.6448904310710529e+02
1.5648000000000002e+00 7.7350348374020527e+01 -1.6472278958377751e+02
1.5657966666666667e+00 7.7514638687453129e+01 -1.6495676914390762e+02
1.5667933333333335e+00 7.7679162316783078e+01 -1.6519098201984622e+02
1.5677900000000002e+00 7.7843919494664391e+01 -1.6542542844428797e+02
1.5687866666666668e+00 7.8008910453983091e+01 -1.6566010865012424e+02
1.5697833333333335e+00 7.8174135427857536e+01 -1.6589502287047654e+02
1.5707800000000001e+00 7.8339594649638428e+01 -1.6613017133871173e+02
1.5717766666666668e+00 7.8505288352909275e+01 -1.6636555428836368e+02
1.5727733333333336e+00 7.8671216771486357e+01 -1.6660117195325412e+02
1.5737700000000001e+00 7.8837380139419153e+01 -1.6683702456744999e+02
1.5747666666666669e+00 7.9003778690990643e+01 -1.6707311236527789e+02
1.5757633333333334e+00 7.9170412660717290e+01 -1.6730943558120276e+02
1.5767600000000002e+00 7.9337282283349495e+01 -1.6754599444994150e+02
1.5777566666666669e+00 7.9504387793871658e+01 -1.6778278920654262e+02
1.5787533333333335e+00 7.9671729427502527e+01 -1.6801982008622753e+02
1.5797500000000002e+00 7.9839307419695515e+01 -1.6825708732442104e+02
1.5807466666666667e+00 8.0007122006138644e+01 -1.6849459115681395e+02
1.5817433333333335e+00 8.0175173422755094e+01 -1.6873233181929712e+02
1.5827400000000000e+00 8.0343461905703165e+01 -1.6897030954810313e+02
1.5837366666666668e+00 8.0511987691376817e+01 -1.6920852457958188e+02
1.5847333333333335e+00 8.0680751016405580e+01 -1.6944697715034329e+02
1.5857300000000001e+00 8.0849752117654972e+01 -1.6968566749729806e+02
1.5867266666666668e+00 8.1018991232226810e+01 -1.6992459585753204e+02
1.5877233333333334e+00 8.1188468597459192e+01 -1.7016376246835466e+02
1.5887200000000001e+00 8.1358184450927013e+01 -1.7040316756736985e+02
1.5897166666666669e+00 8.1528139030442006e+01 -1.7064281139244312e+02
1.5907133333333334e+00 8.1698332574052984e+01 -1.7088269418148283e+02
1.5917100000000002e+00 8.1868765320046251e+01 -1.7112281617287937e+02
1.5927066666666667e+00 8.2039437506945617e+01 -1.7136317760516857e+02
1.5937033333333335e+00 8.2210349373512855e+01 -1.7160377871703076e+02
1.5947000000000002e+00 8.2381501158747710e+01 -1.7184461974754367e+02
1.5956966666666668e+00 8.2552893101888287e+01 -1.7208570093591982e+02
1.5966933333333335e+00 8.2724525442411306e+01 -1.7232702252161241e+02
1.5976900000000001e+00 8.2896398420032156e+01 -1.7256858474435441e+02
1.5986866666666668e+00 8.3068512274705427e+01 -1.7281038784410256e+02
1.5996833333333336e+00 8.3240867246624859e+01 -1.7305243206107551e+02
1.6006800000000001e+00 8.3413463576223705e+01 -1.7329471763564047e+02
1.6016766666666669e+00 8.3586301504175054e+01 -1.7353724480851923e+02
1.6026733333333334e+00 8.3759381271391902e+01 -1.7378001382064323e+02
1.6036700000000002e+00 8.3932703119027579e+01 -1.7402302491311630e+02
1.6046666666666669e+00 8.4106267288475763e+01 -1.7426627832736264e+02
1.6056633333333334e+00 8.4280074021370879e+01 -1.7450977430501769e+02
1.6066600000000002e+00 8.4454123559588382e+01 -1.7475351308794470e+02
1.6076566666666667e+00 8.4628416145244771e+01 -1.7499749491822922e+02
1.6086533333333335e+00 8.4802952020698115e+01 -1.7524172003827312e+02
1.6096500000000002e+00 8.4977731428548068e+01 -1.7548618869069824e+02
1.6106466666666668e+00 8.5152754611636212e+01 -1.7573090111832343e+02
1.6116433333333335e+00 8.5328021813046334e+01 -1.7597585756417391e+02
1.6126400000000001e+00 8.5503533276104491e+01 -1.7622105827163992e+02
1.6136366666666668e+00 8.5679289244379561e+01 -1.7646650348431382e+02
1.6146333333333336e+00 8.5855289961683155e+01 -1.7671219344595141e+02
1.6156300000000001e+00 8.6031535672069992e+01 -1.7695812840060438e+02
1.6166266666666669e+00 8.6208026619838279e+01 -1.7720430859257417e+02
1.6176233333333334e+00 8.6384763049529681e+01 -1.7745073426647741e+02
1.6186200000000002e+00 8.6561745205929896e+01 -1.7769740566701685e+02
1.6196166666666667e+00 8.6738973334068476e+01 -1.7794432303921513e+02
1.6206133333333335e+00 8.6916447679219530e+01 -1.7819148662843239e+02
1.6216100000000002e+00 8.7094168486901651e+01 -1.7843889668013617e+02
1.6226066666666668e+00 8.7272136002878199e+01 -1.7868655344006004e+02
1.6236033333333335e+00 8.7450350473157698e+01 -1.7893445715421655e+02
1.6246000000000000e+00 8.7628812143993855e+01 -1.7918260806889782e+02
1.6255966666666668e+00 8.7807521261886137e+01 -1.7943100643062567e+02
1.6265933333333336e+00 8.7986478073579647e+01 -1.7967965248608729e+02
1.6275900000000001e+00 8.8165682826065535e+01 -1.7992854648228456e+02
1.6285866666666668e+00 8.8345135766581350e+01 -1.8017768866648530e+02
1.6295833333333334e+00 8.8524837142611048e+01 -1.8042707928612199e+02
1.6305800000000001e+00 8.8704787201885480e+01 -1.8067671858896406e+02
1.6315766666666669e+00 8.8884986192382456e+01 -1.8092660682299643e+02
1.6325733333333334e+00 8.9065434362327053e+01 -1.8117674423643993e+02
1.6335700000000002e+00 8.9246131960191974e+01 -1.8142713107776004e+02
1.6345666666666667e+00 8.9427079234697530e+01 -1.8167776759563699e+02
1.6355633333333335e+00 8.9608276434812197e+01 -1.8192865403910878e+02
1.6365600000000002e+00 8.9789723809752630e+01 -1.8217979065737316e+02
1.6375566666666668e+00 8.9971421608983945e+01 -1.8243117769984076e+02
1.6385533333333335e+00 9.0153370082220150e+01 -1.8268281541626763e+02
1.6395500000000001e+00 9.0335569479424137e+01 -1.8293470405665295e+02
1.6405466666666668e+00 9.0518020050808175e+01 -1.8318684387115411e+02
1.6415433333333336e+00 9.0700722046833931e+01 -1.8343923511025199e+02
1.6425400000000001e+00 9.0883675718212800e+01 -1.8369187802466192e+02
1.6435366666666669e+00 9.1066881315906315e+01 -1.8394477286530903e+02
1.6445333333333334e+00 9.1250339091126108e+01 -1.8419791988348300e+02
1.6455300000000002e+00 9.1434049295334475e+01 -1.8445131933059568e+02
1.6465266666666669e+00 9.1618012180244307e+01 -1.8470497145832630e+02
1.6475233333333335e+00 9.1802227997819500e+01 -1.8495887651870126e+02
1.6485200000000002e+00 9.1986697000275356e+01 -1.8521303476392936e+02
1.6495166666666667e+00 9.2171419440078495e+01 -1.8546744644641939e+02
1.6505133333333335e+00 9.2356395569947409e+01 -1.8572211181893047e+02
1.6515100000000003e+00 9.2541625642852537e+01 -1.8597703113446829e+02
1.6525066666666668e+00 9.2727109912016545e+01 -1.8623220464619970e+02
1.6535033333333335e+00 9.2912848630914723e+01 -1.8648763260762368e+02
1.6545000000000001e+00 9.3098842053274950e+01 -1.8674331527246818e+02
1.6554966666666668e+00 9.3285090433078267e+01 -1.8699925289468212e+02
1.6564933333333334e+00 9.3471594024558826e+01 -1.8725544572856361e+02
1.6574900000000001e+00 9.3658353082204471e+01 -1.8751189402856127e+02
1.6584866666666669e+00 9.3845367860756681e+01 -1.8776859804941370e+02
1.6594833333333334e+00 9.4032638615210928e+01 -1.8802555804610506e+02
1.6604800000000002e+00 9.4220165600817069e+01 -1.8828277427388838e+02
1.6614766666666667e+00 9.4407949073079379e+01 -1.8854024698833086e+02
1.6624733333333335e+00 9.4595989287757078e+01 -1.8879797644514278e+02
1.6634700000000002e+00 9.4784286500864241e+01 -1.8905596290029661e+02
1.6644666666666668e+00 9.4972840968670241e+01 -1.8931420661013036e+02
1.6654633333333335e+00 9.5161652947700162e+01 -1.8957270783113822e+02
1.6664600000000001e+00 9.5350722694734671e+01 -1.8983146682009871e+02
1.6674566666666668e+00 9.5540050466810683e+01 -1.9009048383406986e+02
1.6684533333333336e+00 9.5729636521221295e+01 -1.9034975913032179e+02
1.6694500000000001e+00 9.5919481115516149e+01 -1.9060929296641859e+02
1.6704466666666669e+00 9.6109584507501850e+01 -1.9086908560016582e+02
1.6714433333333334e+00 9.6299946955241893e+01 -1.9112913728961178e+02
1.6724400000000001e+00 9.6490568717057286e+01 -1.9138944829308264e+02
1.6734366666666669e+00 9.6681450051526483e+01 -1.9165001886915411e+02
1.6744333333333334e+00 9.6872591217485805e+01 -1.9191084927670823e+02
1.6754300000000002e+00 9.7063992474029817e+01 -1.9217193977479187e+02
1.6764266666666667e+00 9.7255654080511221e+01 -1.9243329062272161e+02
1.6774233333333335e+00 9.7447576296541527e+01 -1.9269490208019275e+02
1.6784200000000002e+00 9.7639759381991027e+01 -1.9295677440705015e+02
1.6794166666666668e+00 9.7832203596989118e+01 -1.9321890786340919e+02
1.6804133333333335e+00 9.8024909201924714e+01 -1.9348130270964944e+02
1.6814100000000001e+00 9.8217876457446181e+01 -1.9374395920639978e+02
1.6824066666666668e+00 9.8411105624462010e+01 -1.9400687761463817e+02
1.6834033333333336e+00 9.8604596964140754e+01 -1.9427005819551499e+02
1.6844000000000001e+00 9.8798350737911335e+01 -1.9453350121039247e+02
1.6853966666666669e+00 9.8992367207463502e+01 -1.9479720692100500e+02
1.6863933333333334e+00 9.9186646634747802e+01 -1.9506117558935011e+02
1.6873900000000002e+00 9.9381189281976177e+01 -1.9532540747758242e+02
1.6883866666666669e+00 9.9575995411621847e+01 -1.9558990284814240e+02
1.6893833333333335e+00 9.9771065286419784e+01 -1.9585466196383246e+02
1.6903800000000002e+00 9.9966399169367136e+01 -1.9611968508766307e+02
1.6913766666666668e+00 1.0016199732372307e+02 -1.9638497248282965e+02
1.6923733333333335e+00 1.0035786001300944e+02 -1.9665052441286278e+02
1.6933700000000000e+00 1.0055398750101074e+02 -1.9691634114161363e+02
1.6943666666666668e+00 1.0075038005177463e+02 -1.9718242293304732e+02
1.6953633333333336e+00 1.0094703792961197e+02 -1.9744877005152989e+02
1.6963600000000001e+00 1.0114396139909717e+02 -1.9771538276161704e+02
1.6973566666666668e+00 1.0134115072506857e+02 -1.9798226132811578e+02
1.6983533333333334e+00 1.0153860617262845e+02 -1.9824940601616788e+02
1.6993500000000001e+00 1.0173632800714361e+02 -1.9851681709114965e+02
1.7003466666666669e+00 1.0193431649424535e+02 -1.9878449481866127e+02
1.7013433333333334e+00 1.0213257189982983e+02 -1.9905243946462630e+02
1.7023400000000002e+00 1.0233109449005848e+02 -1.9932065129517144e+02
1.7033366666666667e+00 1.0252988453135795e+02 -1.9958913057674960e+02
1.7043333333333335e+00 1.0272894229042079e+02 -1.9985787757605632e+02
1.7053300000000002e+00 1.0292826803420527e+02 -2.0012689256001079e+02
1.7063266666666668e+00 1.0312786202993594e+02 -2.0039617579590515e+02
1.7073233333333335e+00 1.0332772454510392e+02 -2.0066572755117781e+02
1.7083200000000001e+00 1.0352785584746688e+02 -2.0093554809360805e+02
1.7093166666666668e+00 1.0372825620504966e+02 -2.0120563769120977e+02
1.7103133333333336e+00 1.0392892588614424e+02 -2.0147599661227167e+02
1.7113100000000001e+00 1.0412986515931013e+02 -2.0174662512535443e+02
1.7123066666666669e+00 1.0433107429337477e+02 -2.0201752349931505e+02
1.7133033333333334e+00 1.0453255355743350e+02 -2.0228869200321640e+02
1.7143000000000002e+00 1.0473430322085015e+02 -2.0256013090639806e+02
1.7152966666666669e+00 1.0493632355325701e+02 -2.0283184047856793e+02
1.7162933333333334e+00 1.0513861482455529e+02 -2.0310382098960514e+02
1.7172900000000002e+00 1.0534117730491542e+02 -2.0337607270961465e+02
1.7182866666666667e+00 1.0554401126477704e+02 -2.0364859590907756e+02
1.7192833333333335e+00 1.0574711697484969e+02 -2.0392139085873109e+02
1.7202800000000003e+00 1.0595049470611269e+02 -2.0419445782953096e+02
1.7212766666666668e+00 1.0615414472981558e+02 -2.0446779709271760e+02
1.7222733333333335e+00 1.0635806731747853e+02 -2.0474140891983609e+02
1.7232700000000001e+00 1.0656226274089224e+02 -2.0501529358265114e+02
1.7242666666666668e+00 1.0676673127211863e+02 -2.0528945135323252e+02
1.7252633333333336e+00 1.0697147318349080e+02 -2.0556388250391979e+02
1.7262600000000001e+00 1.0717648874761336e+02 -2.0583858730729304e+02
1.7272566666666669e+00 1.0738177823736294e+02 -2.0611356603628775e+02
1.7282533333333334e+00 1.0758734192588804e+02 -2.0638881896398041e+02
1.7292500000000002e+00 1.0779318008660977e+02 -2.0666434636385378e+02
1.7302466666666667e+00 1.0799929299322166e+02 -2.0694014850957632e+02
1.7312433333333335e+00 1.0820568091969035e+02 -2.0721622567505673e+02
1.7322400000000002e+00 1.0841234414025554e+02 -2.0749257813463856e+02
1.7332366666666668e+00 1.0861928292943040e+02 -2.0776920616279767e+02
1.7342333333333335e+00 1.0882649756200196e+02 -2.0804611003429483e+02
1.7352300000000001e+00 1.0903398831303107e+02 -2.0832329002417404e+02
1.7362266666666668e+00 1.0924175545785303e+02 -2.0860074640781983e+02
1.7372233333333336e+00 1.0944979927207761e+02 -2.0887847946087385e+02
1.7382200000000001e+00 1.0965812003158938e+02 -2.0915648945910883e+02
1.7392166666666669e+00 1.0986671801254811e+02 -2.0943477667876843e+02
1.7402133333333334e+00 1.1007559349138882e+02 -2.0971334139630144e+02
1.7412100000000001e+00 1.1028474674482234e+02 -2.0999218388832551e+02
1.7422066666666669e+00 1.1049417804983527e+02 -2.1027130443190117e+02
1.7432033333333334e+00 1.1070388768369044e+02 -2.1055070330429092e+02
1.7442000000000002e+00 1.1091387592392729e+02 -2.1083038078300768e+02
1.7451966666666667e+00 1.1112414304836183e+02 -2.1111033714588297e+02
1.7461933333333335e+00 1.1133468933508728e+02 -2.1139057267101742e+02
1.7471900000000002e+00 1.1154551506247401e+02 -2.1167108763677663e+02
1.7481866666666668e+00 1.1175662050916999e+02 -2.1195188232176289e+02
1.7491833333333335e+00 1.1196800595410116e+02 -2.1223295700495774e+02
1.7501800000000001e+00 1.1217967167647144e+02 -2.1251431196556180e+02
1.7511766666666668e+00 1.1239161795576334e+02 -2.1279594748302983e+02
1.7521733333333336e+00 1.1260384507173792e+02 -2.1307786383717530e+02
1.7531700000000001e+00 1.1281635330443521e+02 -2.1336006130795445e+02
1.7541666666666669e+00 1.1302914293417460e+02 -2.1364254017572506e+02
1.7551633333333334e+00 1.1324221424155485e+02 -2.1392530072113479e+02
1.7561600000000002e+00 1.1345556750745469e+02 -2.1420834322500005e+02
1.7571566666666669e+00 1.1366920301303280e+02 -2.1449166796850346e+02
1.7581533333333335e+00 1.1388312103972822e+02 -2.1477527523306955e+02
1.7591500000000002e+00 1.1409732186926078e+02 -2.1505916530043922e+02
1.7601466666666667e+00 1.1431180578363102e+02 -2.1534333845258627e+02
1.7611433333333335e+00 1.1452657306512086e+02 -2.1562779497181674e+02
1.7621400000000003e+00 1.1474162399629364e+02 -2.1591253514074694e+02
1.7631366666666668e+00 1.1495695885999440e+02 -2.1619755924209829e+02
1.7641333333333336e+00 1.1517257793935033e+02 -2.1648286755905903e+02
1.7651300000000001e+00 1.1538848151777081e+02 -2.1676846037507170e+02
1.7661266666666668e+00 1.1560466987894800e+02 -2.1705433797376827e+02
1.7671233333333336e+00 1.1582114330685680e+02 -2.1734050063916976e+02
1.7681200000000001e+00 1.1603790208575531e+02 -2.1762694865555130e+02
1.7691166666666669e+00 1.1625494650018518e+02 -2.1791368230736350e+02
1.7701133333333334e+00 1.1647227683497161e+02 -2.1820070187948843e+02
1.7711100000000002e+00 1.1668989337522403e+02 -2.1848800765709404e+02
1.7721066666666667e+00 1.1690779640633599e+02 -2.1877559992547612e+02
1.7731033333333335e+00 1.1712598621398577e+02 -2.1906347897034823e+02
1.7741000000000002e+00 1.1734446308413641e+02 -2.1935164507770685e+02
1.7750966666666668e+00 1.1756322730303610e+02 -2.1964009853376567e+02
1.7760933333333335e+00 1.1778227915721860e+02 -2.1992883962503564e+02
1.7770900000000001e+00 1.1800161893350317e+02 -2.2021786863838099e+02
1.7780866666666668e+00 1.1822124691899533e+02 -2.2050718586091264e+02
1.7790833333333336e+00 1.1844116340108673e+02 -2.2079679157996063e+02
1.7800800000000001e+00 1.1866136866745553e+02 -2.2108668608324933e+02
1.7810766666666669e+00 1.1888186300606699e+02 -2.2137686965878021e+02
1.7820733333333334e+00 1.1910264670517330e+02 -2.2166734259474345e+02
1.7830700000000002e+00 1.1932372005331423e+02 -2.2195810517966117e+02
1.7840666666666669e+00 1.1954508333931716e+02 -2.2224915770241813e+02
1.7850633333333334e+00 1.1976673685229748e+02 -2.2254050045215001e+02
1.7860600000000002e+00 1.1998868088165906e+02 -2.2283213371819852e+02
1.7870566666666667e+00 1.2021091571709407e+02 -2.2312405779022959e+02
1.7880533333333335e+00 1.2043344164858378e+02 -2.2341627295831927e+02
1.7890500000000003e+00 1.2065625896639852e+02 -2.2370877951270774e+02
1.7900466666666668e+00 1.2087936796109804e+02 -2.2400157774390573e+02
1.7910433333333335e+00 1.2110276892353194e+02 -2.2429466794280225e+02
1.7920400000000001e+00 1.2132646214483965e+02 -2.2458805040050331e+02
1.7930366666666668e+00 1.2155044791645116e+02 -2.2488172540851082e+02
1.7940333333333336e+00 1.2177472653008691e+02 -2.2517569325851241e+02
1.7950300000000001e+00 1.2199929827775819e+02 -2.2546995424244429e+02
1.7960266666666669e+00 1.2222416345176761e+02 -2.2576450865269265e+02
1.7970233333333334e+00 1.2244932234470913e+02 -2.2605935678186790e+02
1.7980200000000002e+00 1.2267477524946864e+02 -2.2635449892279081e+02
1.7990166666666669e+00 1.2290052245922389e+02 -2.2664993536865336e+02
1.8000133333333335e+00 1.2312656426744503e+02 -2.2694566641296720e+02
1.8010100000000002e+00 1.2335290096789500e+02 -2.2724169234945887e+02
1.8020066666666668e+00 1.2357953285462942e+02 -2.2753801347218590e+02
1.8030033333333335e+00 1.2380646022199737e+02 -2.2783463007548735e+02
1.8040000000000003e+00 1.2403368336464128e+02 -2.2813154245405303e+02
1.8049966666666668e+00 1.2426120257749741e+02 -2.2842875090279134e+02
1.8059933333333336e+00 1.2448901815579624e+02 -2.2872625571688332e+02
1.8069900000000001e+00 1.2471713039506244e+02 -2.2902405719193351e+02
1.8079866666666669e+00 1.2494553959111562e+02 -2.2932215562376078e+02
1.8089833333333334e+00 1.2517424604007012e+02 -2.2962055130840457e+02
1.8099800000000001e+00 1.2540325003833574e+02 -2.2991924454232091e+02
1.8109766666666669e+00 1.2563255188261775e+02 -2.3021823562219683e+02
1.8119733333333334e+00 1.2586215186991723e+02 -2.3051752484504979e+02
1.8129700000000002e+00 1.2609205029753163e+02 -2.3081711250822869e+02
1.8139666666666667e+00 1.2632224746305462e+02 -2.3111699890922017e+02
1.8149633333333335e+00 1.2655274366437682e+02 -2.3141718434598437e+02
1.8159600000000002e+00 1.2678353919968575e+02 -2.3171766911669872e+02
1.8169566666666668e+00 1.2701463436746626e+02 -2.3201845351982743e+02
1.8179533333333335e+00 1.2724602946650099e+02 -2.3231953785417406e+02
1.8189500000000001e+00 1.2747772479587034e+02 -2.3262092241884332e+02
1.8199466666666668e+00 1.2770972065495313e+02 -2.3292260751313589e+02
1.8209433333333336e+00 1.2794201734342653e+02 -2.3322459343676894e+02
1.8219400000000001e+00 1.2817461516126659e+02 -2.3352688048981105e+02
1.8229366666666669e+00 1.2840751440874860e+02 -2.3382946897239142e+02
1.8239333333333334e+00 1.2864071538644706e+02 -2.3413235918510497e+02
1.8249300000000002e+00 1.2887421839523640e+02 -2.3443555142893436e+02
1.8259266666666669e+00 1.2910802373629099e+02 -2.3473904600498111e+02
1.8269233333333335e+00 1.2934213171108541e+02 -2.3504284321467412e+02
1.8279200000000002e+00 1.2957654262139508e+02 -2.3534694335986129e+02
1.8289166666666667e+00 1.2981125676929614e+02 -2.3565134674266312e+02
1.8299133333333335e+00 1.3004627445716613e+02 -2.3595605366531714e+02
1.8309100000000003e+00 1.3028159598768394e+02 -2.3626106443057856e+02
1.8319066666666668e+00 1.3051722166383033e+02 -2.3656637934148790e+02
1.8329033333333336e+00 1.3075315178888829e+02 -2.3687199870120443e+02
1.8339000000000001e+00 1.3098938666644304e+02 -2.3717792281338873e+02
1.8348966666666668e+00 1.3122592660038273e+02 -2.3748415198194616e+02
1.8358933333333336e+00 1.3146277189489842e+02 -2.3779068651101613e+02
1.8368900000000001e+00 1.3169992285448438e+02 -2.3809752670504946e+02
1.8378866666666669e+00 1.3193737978393878e+02 -2.3840467286897396e+02
1.8388833333333334e+00 1.3217514298836355e+02 -2.3871212530790476e+02
1.8398800000000002e+00 1.3241321277316499e+02 -2.3901988432704448e+02
1.8408766666666669e+00 1.3265158944405371e+02 -2.3932795023225773e+02
1.8418733333333335e+00 1.3289027330704533e+02 -2.3963632332959261e+02
1.8428700000000002e+00 1.3312926466846068e+02 -2.3994500392525998e+02
1.8438666666666668e+00 1.3336856383492579e+02 -2.4025399232590055e+02
1.8448633333333335e+00 1.3360817111337275e+02 -2.4056328883851137e+02
1.8458600000000001e+00 1.3384808681103948e+02 -2.4087289377037507e+02
1.8468566666666668e+00 1.3408831123547046e+02 -2.4118280742884690e+02
1.8478533333333336e+00 1.3432884469451659e+02 -2.4149303012190262e+02
1.8488500000000001e+00 1.3456968749633594e+02 -2.4180356215779923e+02
1.8498466666666669e+00 1.3481083994939394e+02 -2.4211440384481600e+02
1.8508433333333334e+00 1.3505230236246328e+02 -2.4242555549173161e+02
1.8518400000000002e+00 1.3529407504462492e+02 -2.4273701740781223e+02
1.8528366666666669e+00 1.3553615830526780e+02 -2.4304878990230364e+02
1.8538333333333334e+00 1.3577855245408938e+02 -2.4336087328485903e+02
1.8548300000000002e+00 1.3602125780109608e+02 -2.4367326786565397e+02
1.8558266666666667e+00 1.3626427465660331e+02 -2.4398597395489386e+02
1.8568233333333335e+00 1.3650760333123600e+02 -2.4429899186317016e+02
1.8578200000000002e+00 1.3675124413592874e+02 -2.4461232190148280e+02
1.8588166666666668e+00 1.3699519738192618e+02 -2.4492596438106744e+02
1.8598133333333335e+00 1.3723946338078346e+02 -2.4523991961346874e+02
1.8608100000000001e+00 1.3748404244436622e+02 -2.4555418791051719e+02
1.8618066666666668e+00 1.3772893488485127e+02 -2.4586876958450094e+02
1.8628033333333336e+00 1.3797414101472657e+02 -2.4618366494780375e+02
1.8638000000000001e+00 1.3821966114679159e+02 -2.4649887431317197e+02
1.8647966666666669e+00 1.3846549559415794e+02 -2.4681439799384697e+02
1.8657933333333334e+00 1.3871164467024931e+02 -2.4713023630329909e+02
1.8667900000000002e+00 1.3895810868880210e+02 -2.4744638955510004e+02
1.8677866666666669e+00 1.3920488796386530e+02 -2.4776285806330145e+02
1.8687833333333335e+00 1.3945198280980114e+02 -2.4807964214243211e+02
1.8697800000000002e+00 1.3969939354128547e+02 -2.4839674210704518e+02
1.8707766666666668e+00 1.3994712047330773e+02 -2.4871415827212243e+02
1.8717733333333335e+00 1.4019516392117163e+02 -2.4903189095304577e+02
1.8727700000000003e+00 1.4044352420049515e+02 -2.4934994046536519e+02
1.8737666666666668e+00 1.4069220162721098e+02 -2.4966830712497722e+02
1.8747633333333336e+00 1.4094119651756699e+02 -2.4998699124824620e+02
1.8757600000000001e+00 1.4119050918812627e+02 -2.5030599315172233e+02
1.8767566666666669e+00 1.4144013995576773e+02 -2.5062531315215625e+02
1.8777533333333336e+00 1.4169008913768604e+02 -2.5094495156682336e+02
1.8787500000000001e+00 1.4194035705139228e+02 -2.5126490871331683e+02
1.8797466666666669e+00 1.4219094401471426e+02 -2.5158518490934136e+02
1.8807433333333334e+00 1.4244185034579644e+02 -2.5190578047302972e+02
1.8817400000000002e+00 1.4269307636310080e+02 -2.5222669572294265e+02
1.8827366666666667e+00 1.4294462238540669e+02 -2.5254793097789766e+02
1.8837333333333335e+00 1.4319648873181151e+02 -2.5286948655679814e+02
1.8847300000000002e+00 1.4344867572173061e+02 -2.5319136277913009e+02
1.8857266666666668e+00 1.4370118367489798e+02 -2.5351355996481018e+02
1.8867233333333335e+00 1.4395401291136659e+02 -2.5383607843371072e+02
1.8877200000000001e+00 1.4420716375150826e+02 -2.5415891850614580e+02
1.8887166666666668e+00 1.4446063651601449e+02 -2.5448208050298629e+02
1.8897133333333336e+00 1.4471443152589652e+02 -2.5480556474517391e+02
1.8907100000000001e+00 1.4496854910248555e+02 -2.5512937155394999e+02
1.8917066666666669e+00 1.4522298956743342e+02 -2.5545350125108342e+02
1.8927033333333334e+00 1.4547775324271254e+02 -2.5577795415857119e+02
1.8937000000000002e+00 1.4573284045061652e+02 -2.5610273059855302e+02
1.8946966666666669e+00 1.4598825151376019e+02 -2.5642783089371005e+02
1.8956933333333335e+00 1.4624398675508016e+02 -2.5675325536713717e+02
1.8966900000000002e+00 1.4650004649783517e+02 -2.5707900434188701e+02
1.8976866666666667e+00 1.4675643106560602e+02 -2.5740507814151005e+02
1.8986833333333335e+00 1.4701314078229649e+02 -2.5773147709014199e+02
1.8996800000000003e+00 1.4727017597213319e+02 -2.5805820151187692e+02
1.9006766666666668e+00 1.4752753695966592e+02 -2.5838525173114868e+02
1.9016733333333335e+00 1.4778522406976833e+02 -2.5871262807299200e+02
1.9026700000000001e+00 1.4804323762763789e+02 -2.5904033086266878e+02
1.9036666666666668e+00 1.4830157795879651e+02 -2.5936836042549828e+02
1.9046633333333336e+00 1.4856024538909045e+02 -2.5969671708738474e+02
1.9056600000000001e+00 1.4881924024469100e+02 -2.6002540117465901e+02
1.9066566666666669e+00 1.4907856285209485e+02 -2.6035441301363880e+02
1.9076533333333334e+00 1.4933821353812397e+02 -2.6068375293112592e+02
1.9086500000000002e+00 1.4959819262992644e+02 -2.6101342125439248e+02
1.9096466666666669e+00 1.4985850045497651e+02 -2.6134341831091251e+02
1.9106433333333335e+00 1.5011913734107489e+02 -2.6167374442839878e+02
1.9116400000000002e+00 1.5038010361634934e+02 -2.6200439993499435e+02
1.9126366666666668e+00 1.5064139960925462e+02 -2.6233538515925477e+02
1.9136333333333335e+00 1.5090302564857322e+02 -2.6266670042983554e+02
1.9146300000000003e+00 1.5116498206341524e+02 -2.6299834607583585e+02
1.9156266666666668e+00 1.5142726918321907e+02 -2.6333032242687904e+02
1.9166233333333336e+00 1.5168988733775177e+02 -2.6366262981259126e+02
1.9176200000000001e+00 1.5195283685710891e+02 -2.6399526856298240e+02
1.9186166666666669e+00 1.5221611807171544e+02 -2.6432823900860461e+02
1.9196133333333334e+00 1.5247973131232573e+02 -2.6466154148030915e+02
1.9206100000000002e+00 1.5274367691002408e+02 -2.6499517630896133e+02
1.9216066666666669e+00 1.5300795519622471e+02 -2.6532914382604207e+02
1.9226033333333334e+00 1.5327256650267242e+02 -2.6566344436342706e+02
1.9236000000000002e+00 1.5353751116144301e+02 -2.6599807825306652e+02
1.9245966666666667e+00 1.5380278950494304e+02 -2.6633304582730904e+02
1.9255933333333335e+00 1.5406840186591083e+02 -2.6666834741905774e+02
1.9265900000000002e+00 1.5433434857741642e+02 -2.6700398336132127e+02
1.9275866666666668e+00 1.5460062997286181e+02 -2.6733995398737079e+02
1.9285833333333335e+00 1.5486724638598173e+02 -2.6767625963113915e+02
1.9295800000000001e+00 1.5513419815084350e+02 -2.6801290062664299e+02
1.9305766666666668e+00 1.5540148560184770e+02 -2.6834987730816886e+02
1.9315733333333336e+00 1.5566910907372821e+02 -2.6868719001055013e+02
1.9325700000000001e+00 1.5593706890155275e+02 -2.6902483906888324e+02
1.9335666666666669e+00 1.5620536542072330e+02 -2.6936282481846973e+02
1.9345633333333334e+00 1.5647399896697601e+02 -2.6970114759506578e+02
1.9355600000000002e+00 1.5674296987638209e+02 -2.7003980773482539e+02
1.9365566666666669e+00 1.5701227848534774e+02 -2.7037880557410864e+02
1.9375533333333335e+00 1.5728192513061450e+02 -2.7071814144957938e+02
1.9385500000000002e+00 1.5755191014925995e+02 -2.7105781569843583e+02
1.9395466666666668e+00 1.5782223387869760e+02 -2.7139782865813089e+02
1.9405433333333335e+00 1.5809289665667757e+02 -2.7173818066618765e+02
1.9415400000000003e+00 1.5836389882128654e+02 -2.7207887206081938e+02
1.9425366666666668e+00 1.5863524071094849e+02 -2.7241990318064353e+02
1.9435333333333336e+00 1.5890692266442500e+02 -2.7276127436411332e+02
1.9445300000000001e+00 1.5917894502081501e+02 -2.7310298595037779e+02
1.9455266666666668e+00 1.5945130811955605e+02 -2.7344503827909864e+02
1.9465233333333336e+00 1.5972401230042394e+02 -2.7378743168985943e+02
1.9475200000000001e+00 1.5999705790353318e+02 -2.7413016652273041e+02
1.9485166666666669e+00 1.6027044526933767e+02 -2.7447324311833228e+02
1.9495133333333334e+00 1.6054417473863063e+02 -2.7481666181744021e+02
1.9505100000000002e+00 1.6081824665254527e+02 -2.7516042296104155e+02
1.9515066666666669e+00 1.6109266135255473e+02 -2.7550452689068749e+02
1.9525033333333335e+00 1.6136741918047278e+02 -2.7584897394827351e+02
1.9535000000000002e+00 1.6164252047845414e+02 -2.7619376447583181e+02
1.9544966666666668e+00 1.6191796558899446e+02 -2.7653889881586275e+02
1.9554933333333335e+00 1.6219375485493120e+02 -2.7688437731132092e+02
1.9564900000000003e+00 1.6246988861944351e+02 -2.7723020030532712e+02
1.9574866666666668e+00 1.6274636722605271e+02 -2.7757636814128716e+02
1.9584833333333336e+00 1.6302319101862281e+02 -2.7792288116322959e+02
1.9594800000000001e+00 1.6330036034136060e+02 -2.7826973971533766e+02
1.9604766666666669e+00 1.6357787553881624e+02 -2.7861694414209370e+02
1.9614733333333334e+00 1.6385573695588323e+02 -2.7896449478836513e+02
1.9624700000000002e+00 1.6413394493779921e+02 -2.7931239199948715e+02
1.9634666666666669e+00 1.6441249983014595e+02 -2.7966063612101982e+02
1.9644633333333335e+00 1.6469140197884977e+02 -2.8000922749877759e+02
1.9654600000000002e+00 1.6497065173018214e+02 -2.8035816647919921e+02
1.9664566666666667e+00 1.6525024943075968e+02 -2.8070745340889152e+02
1.9674533333333335e+00 1.6553019542754473e+02 -2.8105708863461581e+02
1.9684500000000003e+00 1.6581049006784539e+02 -2.8140707250381377e+02
1.9694466666666668e+00 1.6609113369931629e+02 -2.8175740536426798e+02
1.9704433333333335e+00 1.6637212666995879e+02 -2.8210808756378577e+02
1.9714400000000001e+00 1.6665346932812096e+02 -2.8245911945068502e+02
1.9724366666666668e+00 1.6693516202249856e+02 -2.8281050137387939e+02
1.9734333333333336e+00 1.6721720510213493e+02 -2.8316223368230942e+02
1.9744300000000001e+00 1.6749959891642129e+02 -2.8351431672521039e+02
1.9754266666666669e+00 1.6778234381509756e+02 -2.8386675085252887e+02
1.9764233333333334e+00 1.6806544014825218e+02 -2.8421953641433652e+02
1.9774200000000002e+00 1.6834888826632289e+02 -2.8457267376097315e+02
1.9784166666666669e+00 1.6863268852009668e+02 -2.8492616324324678e+02
1.9794133333333335e+00 1.6891684126071036e+02 -2.8528000521237476e+02
1.9804100000000002e+00 1.6920134683965108e+02 -2.8563420001980091e+02
1.9814066666666668e+00 1.6948620560875617e+02 -2.8598874801725077e+02
1.9824033333333335e+00 1.6977141792021405e+02 -2.8634364955705962e+02
1.9834000000000003e+00 1.7005698412656423e+02 -2.8669890499174801e+02
1.9843966666666668e+00 1.7034290458069768e+02 -2.8705451467410040e+02
1.9853933333333336e+00 1.7062917963585744e+02 -2.8741047895748596e+02
1.9863900000000001e+00 1.7091580964563866e+02 -2.8776679819554062e+02
1.9873866666666669e+00 1.7120279496398922e+02 -2.8812347274199755e+02
1.9883833333333336e+00 1.7149013594520972e+02 -2.8848050295127302e+02
1.9893800000000001e+00 1.7177783294395417e+02 -2.8883788917814815e+02
1.9903766666666669e+00 1.7206588631523039e+02 -2.8919563177741759e+02
1.9913733333333334e+00 1.7235429641439984e+02 -2.8955373110451410e+02
1.9923700000000002e+00 1.7264306359717872e+02 -2.8991218751525196e+02
1.9933666666666670e+00 1.7293218821963774e+02 -2.9027100136564565e+02
1.9943633333333335e+00 1.7322167063820257e+02 -2.9063017301201501e+02
1.9953600000000002e+00 1.7351151120965451e+02 -2.9098970281126520e+02
1.9963566666666668e+00 1.7380171029113049e+02 -2.9134959112055463e+02
1.9973533333333335e+00 1.7409226824012373e+02 -2.9170983829725520e+02
1.9983500000000001e+00 1.7438318541448362e+02 -2.9207044469923784e+02
1.9993466666666668e+00 1.7467446217241670e+02 -2.9243141068480151e+02
2.0003433333333334e+00 1.7496609887248647e+02 -2.9279273661249158e+02
2.0013399999999999e+00 1.7525809587361417e+02 -2.9315442284117489e+02
2.0023366666666669e+00 1.7555045353507896e+02 -2.9351646973015482e+02
2.0033333333333334e+00 1.7584317221651793e+02 -2.9387887763908475e+02
2.0043299999999999e+00 1.7613625227792710e+02 -2.9424164692789225e+02
2.0053266666666669e+00 1.7642969407966149e+02 -2.9460477795701183e+02
2.0063233333333335e+00 1.7672349798243511e+02 -2.9496827108713779e+02
2.0073200000000000e+00 1.7701766434732201e+02 -2.9533212667928933e+02
2.0083166666666665e+00 1.7731219353575617e+02 -2.9569634509498735e+02
2.0093133333333335e+00 1.7760708590953209e+02 -2.9606092669597058e+02
2.0103100000000000e+00 1.7790234183080469e+02 -2.9642587184441589e+02
2.0113066666666666e+00 1.7819796166209036e+02 -2.9679118090282509e+02
2.0123033333333331e+00 1.7849394576626688e+02 -2.9715685423408775e+02
2.0133000000000001e+00 1.7879029450657401e+02 -2.9752289220144030e+02
2.0142966666666666e+00 1.7908700824661332e+02 -2.9788929516847122e+02
2.0152933333333332e+00 1.7938408735034932e+02 -2.9825606349916927e+02
2.0162900000000001e+00 1.7968153218210949e+02 -2.9862319755783568e+02
2.0172866666666667e+00 1.7997934310658417e+02 -2.9899069770917112e+02
2.0182833333333332e+00 1.8027752048882778e+02 -2.9935856431824254e+02
2.0192799999999997e+00 1.8057606469425863e+02 -2.9972679775044924e+02
2.0202766666666667e+00 1.8087492854847105e+02 -3.0000000000000000e+02
2.0212733333333333e+00 1.8117392854847100e+02 -3.0000000000000000e+02
2.0222699999999998e+00 1.8147292854847095e+02 -3.0000000000000000e+02
2.0232666666666668e+00 1.8177192854847104e+02 -3.0000000000000000e+02
2.0242633333333333e+00 1.8207092854847099e+02 -3.0000000000000000e+02
2.0252599999999998e+00 1.8236992854847094e+02 -3.0000000000000000e+02
2.0262566666666668e+00 1.8266892854847103e+02 -3.0000000000000000e+02
2.0272533333333334e+00 1.8296792854847098e+02 -3.0000000000000000e+02
2.0282499999999999e+00 1.8326692854847093e+02 -3.0000000000000000e+02
2.0292466666666664e+00 1.8356592854847088e+02 -3.0000000000000000e+02
2.0302433333333334e+00 1.8386492854847097e+02 -3.0000000000000000e+02
2.0312399999999999e+00 1.8416392854847092e+02 -3.0000000000000000e+02
2.0322366666666665e+00 1.8446292854847087e+02 -3.0000000000000000e+02
2.0332333333333334e+00 1.8476192854847096e+02 -3.0000000000000000e+02
2.0342300000000000e+00 1.8506092854847091e+02 -3.0000000000000000e+02
2.0352266666666665e+00 1.8535992854847086e+02 -3.0000000000000000e+02
2.0362233333333335e+00 1.8565892854847095e+02 -3.0000000000000000e+02
2.0372200000000000e+00 1.8595792854847090e+02 -3.0000000000000000e+02
2.0382166666666666e+00 1.8625692854847085e+02 -3.0000000000000000e+02
2.0392133333333331e+00 1.8655592854847080e+02 -3.0000000000000000e+02
2.0402100000000001e+00 1.8685492854847089e+02 -3.0000000000000000e+02
2.0412066666666666e+00 1.8715392854847084e+02 -3.0000000000000000e+02
2.0422033333333331e+00 1.8745292854847079e+02 -3.0000000000000000e+02
2.0432000000000001e+00 1.8775192854847089e+02 -3.0000000000000000e+02
2.0441966666666667e+00 1.8805092854847084e+02 -3.0000000000000000e+02
2.0451933333333332e+00 1.8834992854847079e+02 -3.0000000000000000e+02
2.0461900000000002e+00 1.8864892854847088e+02 -3.0000000000000000e+02
2.0471866666666667e+00 1.8894792854847083e+02 -3.0000000000000000e+02
2.0481833333333332e+00 1.8924692854847078e+02 -3.0000000000000000e+02
2.0491799999999998e+00 1.8954592854847073e+02 -3.0000000000000000e+02
2.0501766666666668e+00 1.8984492854847082e+02 -3.0000000000000000e+02
2.0511733333333333e+00 1.9014392854847077e+02 -3.0000000000000000e+02
2.0521699999999998e+00 1.9044292854847072e+02 -3.0000000000000000e+02
2.0531666666666668e+00 1.9074192854847081e+02 -3.0000000000000000e+02
2.0541633333333333e+00 1.9104092854847076e+02 -3.0000000000000000e+02
2.0551599999999999e+00 1.9133992854847071e+02 -3.0000000000000000e+02
2.0561566666666664e+00 1.9163892854847066e+02 -3.0000000000000000e+02
2.0571533333333334e+00 1.9193792854847075e+02 -3.0000000000000000e+02
2.0581499999999999e+00 1.9223692854847070e+02 -3.0000000000000000e+02
2.0591466666666665e+00 1.9253592854847065e+02 -3.0000000000000000e+02
2.0601433333333334e+00 1.9283492854847074e+02 -3.0000000000000000e+02
2.0611400000000000e+00 1.9313392854847069e+02 -3.0000000000000000e+02
2.0621366666666665e+00 1.9343292854847064e+02 -3.0000000000000000e+02
2.0631333333333335e+00 1.9373192854847073e+02 -3.0000000000000000e+02
2.0641300000000000e+00 1.9403092854847068e+02 -3.0000000000000000e+02
2.0651266666666666e+00 1.9432992854847063e+02 -3.0000000000000000e+02
2.0661233333333331e+00 1.9462892854847058e+02 -3.0000000000000000e+02
2.0671200000000001e+00 1.9492792854847067e+02 -3.0000000000000000e+02
2.0681166666666666e+00 1.9522692854847062e+02 -3.0000000000000000e+02
2.0691133333333331e+00 1.9552592854847057e+02 -3.0000000000000000e+02
2.0701100000000001e+00 1.9582492854847067e+02 -3.0000000000000000e+02
2.0711066666666667e+00 1.9612392854847062e+02 -3.0000000000000000e+02
2.0721033333333332e+00 1.9642292854847057e+02 -3.0000000000000000e+02
2.0731000000000002e+00 1.9672192854847066e+02 -3.0000000000000000e+02
2.0740966666666667e+00 1.9702092854847061e+02 -3.0000000000000000e+02
2.0750933333333332e+00 1.9731992854847056e+02 -3.0000000000000000e+02
2.0760899999999998e+00 1.9761892854847051e+02 -3.0000000000000000e+02
2.0770866666666667e+00 1.9791792854847060e+02 -3.0000000000000000e+02
2.0780833333333333e+00 1.9821692854847055e+02 -3.0000000000000000e+02
2.0790799999999998e+00 1.9851592854847050e+02 -3.0000000000000000e+02
2.0800766666666668e+00 1.9881492854847059e+02 -3.0000000000000000e+02
2.0810733333333333e+00 1.9911392854847054e+02 -3.0000000000000000e+02
2.0820699999999999e+00 1.9941292854847049e+02 -3.0000000000000000e+02
2.0830666666666668e+00 1.9971192854847058e+02 -3.0000000000000000e+02
2.0840633333333334e+00 2.0001092854847053e+02 -3.0000000000000000e+02
2.0850599999999999e+00 2.0030992854847048e+02 -3.0000000000000000e+02
2.0860566666666664e+00 2.0060892854847043e+02 -3.0000000000000000e+02
2.0870533333333334e+00 2.0090792854847052e+02 -3.0000000000000000e+02
2.0880500000000000e+00 2.0120692854847047e+02 -3.0000000000000000e+02
2.0890466666666665e+00 2.0150592854847042e+02 -3.0000000000000000e+02
2.0900433333333335e+00 2.0180492854847051e+02 -3.0000000000000000e+02
2.0910400000000000e+00 2.0210392854847046e+02 -3.0000000000000000e+02
2.0920366666666665e+00 2.0240292854847041e+02 -3.0000000000000000e+02
2.0930333333333331e+00 2.0270192854847036e+02 -3.0000000000000000e+02
2.0940300000000001e+00 2.0300092854847045e+02 -3.0000000000000000e+02
2.0950266666666666e+00 2.0329992854847040e+02 -3.0000000000000000e+02
2.0960233333333331e+00 2.0359892854847035e+02 -3.0000000000000000e+02
2.0970200000000001e+00 2.0389792854847045e+02 -3.0000000000000000e+02
2.0980166666666666e+00 2.0419692854847040e+02 -3.0000000000000000e+02
2.0990133333333332e+00 2.0449592854847035e+02 -3.0000000000000000e+02
2.1000100000000002e+00 2.0479492854847044e+02 -3.0000000000000000e+02
2.1010066666666667e+00 2.0509392854847039e+02 -3.0000000000000000e+02
2.1020033333333332e+00 2.0539292854847034e+02 -3.0000000000000000e+02
2.1029999999999998e+00 2.0569192854847029e+02 -3.0000000000000000e+02
2.1039966666666667e+00 2.0599092854847038e+02 -3.0000000000000000e+02
2.1049933333333333e+00 2.0628992854847033e+02 -3.0000000000000000e+02
2.1059899999999998e+00 2.0658892854847028e+02 -3.0000000000000000e+02
2.1069866666666668e+00 2.0688792854847037e+02 -3.0000000000000000e+02
2.1079833333333333e+00 2.0718692854847032e+02 -3.0000000000000000e+02
2.1089799999999999e+00 2.0748592854847027e+02 -3.0000000000000000e+02
2.1099766666666668e+00 2.0778492854847036e+02 -3.0000000000000000e+02
2.1109733333333334e+00 2.0808392854847031e+02 -3.0000000000000000e+02
2.1119699999999999e+00 2.0838292854847026e+02 -3.0000000000000000e+02
2.1129666666666664e+00 2.0868192854847021e+02 -3.0000000000000000e+02
2.1139633333333334e+00 2.0898092854847030e+02 -3.0000000000000000e+02
2.1149600000000000e+00 2.0927992854847025e+02 -3.0000000000000000e+02
2.1159566666666665e+00 2.0957892854847020e+02 -3.0000000000000000e+02
2.1169533333333335e+00 2.0987792854847029e+02 -3.0000000000000000e+02
2.1179500000000000e+00 2.1017692854847024e+02 -3.0000000000000000e+02
2.1189466666666665e+00 2.1047592854847019e+02 -3.0000000000000000e+02
2.1199433333333335e+00 2.1077492854847029e+02 -3.0000000000000000e+02
2.1209400000000000e+00 2.1107392854847024e+02 -3.0000000000000000e+02
2.1219366666666666e+00 2.1137292854847018e+02 -3.0000000000000000e+02
2.1229333333333331e+00 2.1167192854847013e+02 -3.0000000000000000e+02
2.1239300000000001e+00 2.1197092854847023e+02 -3.0000000000000000e+02
2.1249266666666666e+00 2.1226992854847018e+02 -3.0000000000000000e+02
2.1259233333333332e+00 2.1256892854847013e+02 -3.0000000000000000e+02
2.1269200000000001e+00 2.1286792854847022e+02 -3.0000000000000000e+02
2.1279166666666667e+00 2.1316692854847017e+02 -3.0000000000000000e+02
2.1289133333333332e+00 2.1346592854847012e+02 -3.0000000000000000e+02
2.1299099999999997e+00 2.1376492854847007e+02 -3.0000000000000000e+02
2.1309066666666667e+00 2.1406392854847016e+02 -3.0000000000000000e+02
2.1319033333333333e+00 2.1436292854847011e+02 -3.0000000000000000e+02
2.1328999999999998e+00 2.1466192854847006e+02 -3.0000000000000000e+02
2.1338966666666668e+00 2.1496092854847015e+02 -3.0000000000000000e+02
2.1348933333333333e+00 2.1525992854847010e+02 -3.0000000000000000e+02
2.1358899999999998e+00 2.1555892854847005e+02 -3.0000000000000000e+02
2.1368866666666668e+00 2.1585792854847014e+02 -3.0000000000000000e+02
2.1378833333333334e+00 2.1615692854847009e+02 -3.0000000000000000e+02
2.1388799999999999e+00 2.1645592854847004e+02 -3.0000000000000000e+02
2.1398766666666664e+00 2.1675492854846999e+02 -3.0000000000000000e+02
2.1408733333333334e+00 2.1705392854847008e+02 -3.0000000000000000e+02
2.1418699999999999e+00 2.1735292854847003e+02 -3.0000000000000000e+02
2.1428666666666665e+00 2.1765192854846998e+02 -3.0000000000000000e+02
2.1438633333333335e+00 2.1795092854847007e+02 -3.0000000000000000e+02
2.1448600000000000e+00 2.1824992854847002e+02 -3.0000000000000000e+02
2.1458566666666665e+00 2.1854892854846997e+02 -3.0000000000000000e+02
2.1468533333333335e+00 2.1884792854847007e+02 -3.0000000000000000e+02
2.1478500000000000e+00 2.1914692854847002e+02 -3.0000000000000000e+02
2.1488466666666666e+00 2.1944592854846996e+02 -3.0000000000000000e+02
2.1498433333333331e+00 2.1974492854846991e+02 -3.0000000000000000e+02
2.1508400000000001e+00 2.2004392854847001e+02 -3.0000000000000000e+02
2.1518366666666666e+00 2.2034292854846996e+02 -3.0000000000000000e+02
2.1528333333333332e+00 2.2064192854846991e+02 -3.0000000000000000e+02
2.1538300000000001e+00 2.2094092854847000e+02 -3.0000000000000000e+02
2.1548266666666667e+00 2.2123992854846995e+02 -3.0000000000000000e+02
2.1558233333333332e+00 2.2153892854846990e+02 -3.0000000000000000e+02
2.1568200000000002e+00 2.2183792854846999e+02 -3.0000000000000000e+02
2.1578166666666667e+00 2.2213692854846994e+02 -3.0000000000000000e+02
2.1588133333333333e+00 2.2243592854846989e+02 -3.0000000000000000e+02
2.1598099999999998e+00 2.2273492854846984e+02 -3.0000000000000000e+02
2.1608066666666668e+00 2.2303392854846993e+02 -3.0000000000000000e+02
2.1618033333333333e+00 2.2333292854846988e+02 -3.0000000000000000e+02
2.1627999999999998e+00 2.2363192854846983e+02 -3.0000000000000000e+02
2.1637966666666668e+00 2.2393092854846992e+02 -3.0000000000000000e+02
2.1647933333333333e+00 2.2422992854846987e+02 -3.0000000000000000e+02
2.1657899999999999e+00 2.2452892854846982e+02 -3.0000000000000000e+02
2.1667866666666664e+00 2.2482792854846977e+02 -3.0000000000000000e+02
2.1677833333333334e+00 2.2512692854846986e+02 -3.0000000000000000e+02
2.1687799999999999e+00 2.2542592854846981e+02 -3.0000000000000000e+02
2.1697766666666665e+00 2.2572492854846976e+02 -3.0000000000000000e+02
2.1707733333333334e+00 2.2602392854846985e+02 -3.0000000000000000e+02
2.1717700000000000e+00 2.2632292854846980e+02 -3.0000000000000000e+02
2.1727666666666665e+00 2.2662192854846975e+02 -3.0000000000000000e+02
2.1737633333333335e+00 2.2692092854846985e+02 -3.0000000000000000e+02
2.1747600000000000e+00 2.2721992854846980e+02 -3.0000000000000000e+02
2.1757566666666666e+00 2.2751892854846975e+02 -3.0000000000000000e+02
2.1767533333333331e+00 2.2781792854846969e+02 -3.0000000000000000e+02
2.1777500000000001e+00 2.2811692854846979e+02 -3.0000000000000000e+02
2.1787466666666666e+00 2.2841592854846974e+02 -3.0000000000000000e+02
2.1797433333333331e+00 2.2871492854846969e+02 -3.0000000000000000e+02
2.1807400000000001e+00 2.2901392854846978e+02 -3.0000000000000000e+02
2.1817366666666667e+00 2.2931292854846973e+02 -3.0000000000000000e+02
2.1827333333333332e+00 2.2961192854846968e+02 -3.0000000000000000e+02
2.1837300000000002e+00 2.2991092854846977e+02 -3.0000000000000000e+02
2.1847266666666667e+00 2.3020992854846972e+02 -3.0000000000000000e+02
2.1857233333333332e+00 2.3050892854846967e+02 -3.0000000000000000e+02
2.1867199999999998e+00 2.3080792854846962e+02 -3.0000000000000000e+02
2.1877166666666668e+00 2.3110692854846971e+02 -3.0000000000000000e+02
2.1887133333333333e+00 2.3140592854846966e+02 -3.0000000000000000e+02
2.1897099999999998e+00 2.3170492854846961e+02 -3.0000000000000000e+02
2.1907066666666668e+00 2.3200392854846970e+02 -3.0000000000000000e+02
2.1917033333333333e+00 2.3230292854846965e+02 -3.0000000000000000e+02
2.1926999999999999e+00 2.3260192854846960e+02 -3.0000000000000000e+02
2.1936966666666669e+00 2.3290092854846969e+02 -3.0000000000000000e+02
2.1946933333333334e+00 2.3319992854846964e+02 -3.0000000000000000e+02
2.1956899999999999e+00 2.3349892854846959e+02 -3.0000000000000000e+02
2.1966866666666665e+00 2.3379792854846954e+02 -3.0000000000000000e+02
2.1976833333333334e+00 2.3409692854846963e+02 -3.0000000000000000e+02
2.1986800000000000e+00 2.3439592854846958e+02 -3.0000000000000000e+02
2.1996766666666665e+00 2.3469492854846953e+02 -3.0000000000000000e+02
2.2006733333333335e+00 2.3499392854846963e+02 -3.0000000000000000e+02
2.2016700000000000e+00 2.3529292854846958e+02 -3.0000000000000000e+02
2.2026666666666666e+00 2.3559192854846953e+02 -3.0000000000000000e+02
2.2036633333333331e+00 2.3589092854846947e+02 -3.0000000000000000e+02
2.2046600000000001e+00 2.3618992854846957e+02 -3.0000000000000000e+02
2.2056566666666666e+00 2.3648892854846952e+02 -3.0000000000000000e+02
2.2066533333333331e+00 2.3678792854846947e+02 -3.0000000000000000e+02
2.2076500000000001e+00 2.3708692854846956e+02 -3.0000000000000000e+02
2.2086466666666666e+00 2.3738592854846951e+02 -3.0000000000000000e+02
2.2096433333333332e+00 2.3768492854846946e+02 -3.0000000000000000e+02
2.2106400000000002e+00 2.3798392854846955e+02 -3.0000000000000000e+02
2.2116366666666667e+00 2.3828292854846950e+02 -3.0000000000000000e+02
2.2126333333333332e+00 2.3858192854846945e+02 -3.0000000000000000e+02
2.2136299999999998e+00 2.3888092854846940e+02 -3.0000000000000000e+02
2.2146266666666667e+00 2.3917992854846949e+02 -3.0000000000000000e+02
2.2156233333333333e+00 2.3947892854846944e+02 -3.0000000000000000e+02
2.2166199999999998e+00 2.3977792854846939e+02 -3.0000000000000000e+02
2.2176166666666668e+00 2.4007692854846948e+02 -3.0000000000000000e+02
2.2186133333333333e+00 2.4037592854846943e+02 -3.0000000000000000e+02
2.2196099999999999e+00 2.4067492854846938e+02 -3.0000000000000000e+02
2.2206066666666668e+00 2.4097392854846947e+02 -3.0000000000000000e+02
2.2216033333333334e+00 2.4127292854846942e+02 -3.0000000000000000e+02
2.2225999999999999e+00 2.4157192854846937e+02 -3.0000000000000000e+02
2.2235966666666664e+00 2.4187092854846932e+02 -3.0000000000000000e+02
2.2245933333333334e+00 2.4216992854846941e+02 -3.0000000000000000e+02
2.2255900000000000e+00 2.4246892854846936e+02 -3.0000000000000000e+02
2.2265866666666665e+00 2.4276792854846931e+02 -3.0000000000000000e+02
2.2275833333333335e+00 2.4306692854846941e+02 -3.0000000000000000e+02
2.2285800000000000e+00 2.4336592854846936e+02 -3.0000000000000000e+02
2.2295766666666665e+00 2.4366492854846931e+02 -3.0000000000000000e+02
2.2305733333333335e+00 2.4396392854846940e+02 -3.0000000000000000e+02
2.2315700000000001e+00 2.4426292854846935e+02 -3.0000000000000000e+02
2.2325666666666666e+00 2.4456192854846930e+02 -3.0000000000000000e+02
2.2335633333333331e+00 2.4486092854846925e+02 -3.0000000000000000e+02
2.2345600000000001e+00 2.4515992854846934e+02 -3.0000000000000000e+02
2.2355566666666666e+00 2.4545892854846929e+02 -3.0000000000000000e+02
2.2365533333333332e+00 2.4575792854846924e+02 -3.0000000000000000e+02
2.2375500000000001e+00 2.4605692854846933e+02 -3.0000000000000000e+02
2.2385466666666667e+00 2.4635592854846928e+02 -3.0000000000000000e+02
2.2395433333333332e+00 2.4665492854846923e+02 -3.0000000000000000e+02
2.2405399999999998e+00 2.4695392854846918e+02 -3.0000000000000000e+02
2.2415366666666667e+00 2.4725292854846927e+02 -3.0000000000000000e+02
2.2425333333333333e+00 2.4755192854846922e+02 -3.0000000000000000e+02
2.2435299999999998e+00 2.4785092854846917e+02 -3.0000000000000000e+02
2.2445266666666668e+00 2.4814992854846926e+02 -3.0000000000000000e+02
2.2455233333333333e+00 2.4844892854846921e+02 -3.0000000000000000e+02
2.2465199999999999e+00 2.4874792854846916e+02 -3.0000000000000000e+02
2.2475166666666668e+00 2.4904692854846925e+02 -3.0000000000000000e+02
2.2485133333333334e+00 2.4934592854846920e+02 -3.0000000000000000e+02
2.2495099999999999e+00 2.4964492854846915e+02 -3.0000000000000000e+02
2.2505066666666664e+00 2.4994392854846910e+02 -3.0000000000000000e+02
2.2515033333333334e+00 2.5024292854846919e+02 -3.0000000000000000e+02
2.2524999999999999e+00 2.5054192854846914e+02 -3.0000000000000000e+02
2.2534966666666665e+00 2.5084092854846909e+02 -3.0000000000000000e+02
2.2544933333333335e+00 2.5113992854846919e+02 -3.0000000000000000e+02
2.2554900000000000e+00 2.5143892854846914e+02 -3.0000000000000000e+02
2.2564866666666665e+00 2.5173792854846909e+02 -3.0000000000000000e+02
2.2574833333333335e+00 2.5203692854846918e+02 -3.0000000000000000e+02
2.2584800000000000e+00 2.5233592854846913e+02 -3.0000000000000000e+02
2.2594766666666666e+00 2.5263492854846908e+02 -3.0000000000000000e+02
2.2604733333333331e+00 2.5293392854846903e+02 -3.0000000000000000e+02
2.2614700000000001e+00 2.5323292854846912e+02 -3.0000000000000000e+02
2.2624666666666666e+00 2.5353192854846907e+02 -3.0000000000000000e+02
2.2634633333333332e+00 2.5383092854846902e+02 -3.0000000000000000e+02
2.2644600000000001e+00 2.5412992854846911e+02 -3.0000000000000000e+02
2.2654566666666667e+00 2.5442892854846906e+02 -3.0000000000000000e+02
2.2664533333333332e+00 2.5472792854846901e+02 -3.0000000000000000e+02
2.2674500000000002e+00 2.5502692854846910e+02 -3.0000000000000000e+02
2.2684466666666667e+00 2.5532592854846905e+02 -3.0000000000000000e+02
2.2694433333333333e+00 2.5562492854846900e+02 -3.0000000000000000e+02
2.2704399999999998e+00 2.5592392854846895e+02 -3.0000000000000000e+02
2.2714366666666668e+00 2.5622292854846904e+02 -3.0000000000000000e+02
2.2724333333333333e+00 2.5652192854846902e+02 -3.0000000000000000e+02
2.2734299999999998e+00 2.5682092854846900e+02 -3.0000000000000000e+02
2.2744266666666668e+00 2.5711992854846909e+02 -3.0000000000000000e+02
2.2754233333333334e+00 2.5741892854846907e+02 -3.0000000000000000e+02
2.2764199999999999e+00 2.5771792854846905e+02 -3.0000000000000000e+02
2.2774166666666669e+00 2.5801692854846914e+02 -3.0000000000000000e+02
2.2784133333333334e+00 2.5831592854846912e+02 -3.0000000000000000e+02
2.2794099999999999e+00 2.5861492854846909e+02 -3.0000000000000000e+02
2.2804066666666665e+00 2.5891392854846907e+02 -3.0000000000000000e+02
2.2814033333333334e+00 2.5921292854846916e+02 -3.0000000000000000e+02
2.2824000000000000e+00 2.5951192854846914e+02 -3.0000000000000000e+02
2.2833966666666665e+00 2.5981092854846912e+02 -3.0000000000000000e+02
2.2843933333333335e+00 2.6010992854846921e+02 -3.0000000000000000e+02
2.2853900000000000e+00 2.6040892854846919e+02 -3.0000000000000000e+02
2.2863866666666666e+00 2.6070792854846917e+02 -3.0000000000000000e+02
2.2873833333333331e+00 2.6100692854846915e+02 -3.0000000000000000e+02
2.2883800000000001e+00 2.6130592854846924e+02 -3.0000000000000000e+02
2.2893766666666666e+00 2.6160492854846922e+02 -3.0000000000000000e+02
2.2903733333333332e+00 2.6190392854846920e+02 -3.0000000000000000e+02
2.2913700000000001e+00 2.6220292854846929e+02 -3.0000000000000000e+02
2.2923666666666667e+00 2.6250192854846927e+02 -3.0000000000000000e+02
2.2933633333333332e+00 2.6280092854846924e+02 -3.0000000000000000e+02
2.2943600000000002e+00 2.6309992854846934e+02 -3.0000000000000000e+02
2.2953566666666667e+00 2.6339892854846931e+02 -3.0000000000000000e+02
2.2963533333333332e+00 2.6369792854846929e+02 -3.0000000000000000e+02
2.2973499999999998e+00 2.6399692854846927e+02 -3.0000000000000000e+02
2.2983466666666668e+00 2.6429592854846936e+02 -3.0000000000000000e+02
2.2993433333333333e+00 2.6459492854846934e+02 -3.0000000000000000e+02
2.3003399999999998e+00 2.6489392854846932e+02 -3.0000000000000000e+02
2.3013366666666668e+00 2.6519292854846941e+02 -3.0000000000000000e+02
2.3023333333333333e+00 2.6549192854846939e+02 -3.0000000000000000e+02
2.3033299999999999e+00 2.6579092854846937e+02 -3.0000000000000000e+02
2.3043266666666669e+00 2.6608992854846946e+02 -3.0000000000000000e+02
2.3053233333333334e+00 2.6638892854846944e+02 -3.0000000000000000e+02
2.3063199999999999e+00 2.6668792854846942e+02 -3.0000000000000000e+02
2.3073166666666665e+00 2.6698692854846939e+02 -3.0000000000000000e+02
2.3083133333333334e+00 2.6728592854846949e+02 -3.0000000000000000e+02
2.3093100000000000e+00 2.6758492854846946e+02 -3.0000000000000000e+02
2.3103066666666665e+00 2.6788392854846944e+02 -3.0000000000000000e+02
2.3113033333333335e+00 2.6818292854846953e+02 -3.0000000000000000e+02
2.3123000000000000e+00 2.6848192854846951e+02 -3.0000000000000000e+02
2.3132966666666666e+00 2.6878092854846949e+02 -3.0000000000000000e+02
2.3142933333333335e+00 2.6907992854846958e+02 -3.0000000000000000e+02
2.3152900000000001e+00 2.6937892854846956e+02 -3.0000000000000000e+02
2.3162866666666666e+00 2.6967792854846954e+02 -3.0000000000000000e+02
2.3172833333333331e+00 2.6997692854846952e+02 -3.0000000000000000e+02
2.3182800000000001e+00 2.7027592854846961e+02 -3.0000000000000000e+02
2.3192766666666667e+00 2.7057492854846959e+02 -3.0000000000000000e+02
2.3202733333333332e+00 2.7087392854846956e+02 -3.0000000000000000e+02
2.3212700000000002e+00 2.7117292854846966e+02 -3.0000000000000000e+02
2.3222666666666667e+00 2.7147192854846963e+02 -3.0000000000000000e+02
2.3232633333333332e+00 2.7177092854846961e+02 -3.0000000000000000e+02
2.3242599999999998e+00 2.7206992854846959e+02 -3.0000000000000000e+02
2.3252566666666667e+00 2.7236892854846968e+02 -3.0000000000000000e+02
2.3262533333333333e+00 2.7266792854846966e+02 -3.0000000000000000e+02
2.3272499999999998e+00 2.7296692854846964e+02 -3.0000000000000000e+02
2.3282466666666668e+00 2.7326592854846973e+02 -3.0000000000000000e+02
2.3292433333333333e+00 2.7356492854846971e+02 -3.0000000000000000e+02
2.3302399999999999e+00 2.7386392854846969e+02 -3.0000000000000000e+02
2.3312366666666668e+00 2.7416292854846978e+02 -3.0000000000000000e+02
2.3322333333333334e+00 2.7446192854846976e+02 -3.0000000000000000e+02
2.3332299999999999e+00 2.7476092854846974e+02 -3.0000000000000000e+02
2.3342266666666664e+00 2.7505992854846971e+02 -3.0000000000000000e+02
2.3352233333333334e+00 2.7535892854846981e+02 -3.0000000000000000e+02
2.3362200000000000e+00 2.7565792854846978e+02 -3.0000000000000000e+02
2.3372166666666665e+00 2.7595692854846976e+02 -3.0000000000000000e+02
2.3382133333333335e+00 2.7625592854846985e+02 -3.0000000000000000e+02
2.3392100000000000e+00 2.7655492854846983e+02 -3.0000000000000000e+02
2.3402066666666665e+00 2.7685392854846981e+02 -3.0000000000000000e+02
2.3412033333333335e+00 2.7715292854846990e+02 -3.0000000000000000e+02
2.3422000000000001e+00 2.7745192854846988e+02 -3.0000000000000000e+02
2.3431966666666666e+00 2.7775092854846986e+02 -3.0000000000000000e+02
2.3441933333333331e+00 2.7804992854846984e+02 -3.0000000000000000e+02
2.3451900000000001e+00 2.7834892854846993e+02 -3.0000000000000000e+02
2.3461866666666666e+00 2.7864792854846991e+02 -3.0000000000000000e+02
2.3471833333333332e+00 2.7894692854846988e+02 -3.0000000000000000e+02
2.3481800000000002e+00 2.7924592854846998e+02 -3.0000000000000000e+02
2.3491766666666667e+00 2.7954492854846995e+02 -3.0000000000000000e+02
2.3501733333333332e+00 2.7984392854846993e+02 -3.0000000000000000e+02
2.3511700000000002e+00 2.8014292854847002e+02 -3.0000000000000000e+02
2.3521666666666667e+00 2.8044192854847000e+02 -3.0000000000000000e+02
2.3531633333333333e+00 2.8074092854846998e+02 -3.0000000000000000e+02
2.3541599999999998e+00 2.8103992854846996e+02 -3.0000000000000000e+02
2.3551566666666668e+00 2.8133892854847005e+02 -3.0000000000000000e+02
2.3561533333333333e+00 2.8163792854847003e+02 -3.0000000000000000e+02
2.3571499999999999e+00 2.8193692854847001e+02 -3.0000000000000000e+02
2.3581466666666668e+00 2.8223592854847010e+02 -3.0000000000000000e+02
2.3591433333333334e+00 2.8253492854847008e+02 -3.0000000000000000e+02
2.3601399999999999e+00 2.8283392854847006e+02 -3.0000000000000000e+02
2.3611366666666664e+00 2.8313292854847003e+02 -3.0000000000000000e+02
2.3621333333333334e+00 2.8343192854847013e+02 -3.0000000000000000e+02
2.3631300000000000e+00 2.8373092854847010e+02 -3.0000000000000000e+02
2.3641266666666665e+00 2.8402992854847008e+02 -3.0000000000000000e+02
2.3651233333333335e+00 2.8432892854847017e+02 -3.0000000000000000e+02
2.3661200000000000e+00 2.8462792854847015e+02 -3.0000000000000000e+02
2.3671166666666665e+00 2.8492692854847013e+02 -3.0000000000000000e+02
2.3681133333333335e+00 2.8522592854847022e+02 -3.0000000000000000e+02
2.3691100000000000e+00 2.8552492854847020e+02 -3.0000000000000000e+02
2.3701066666666666e+00 2.8582392854847018e+02 -3.0000000000000000e+02
2.3711033333333331e+00 2.8612292854847016e+02 -3.0000000000000000e+02
2.3721000000000001e+00 2.8642192854847025e+02 -3.0000000000000000e+02
2.3730966666666666e+00 2.8672092854847023e+02 -3.0000000000000000e+02
2.3740933333333332e+00 2.8701992854847020e+02 -3.0000000000000000e+02
2.3750900000000001e+00 2.8731892854847030e+02 -3.0000000000000000e+02
2.3760866666666667e+00 2.8761792854847027e+02 -3.0000000000000000e+02
2.3770833333333332e+00 2.8791692854847025e+02 -3.0000000000000000e+02
2.3780800000000002e+00 2.8821592854847034e+02 -3.0000000000000000e+02
2.3790766666666667e+00 2.8851492854847032e+02 -3.0000000000000000e+02
2.3800733333333333e+00 2.8881392854847030e+02 -3.0000000000000000e+02
2.3810699999999998e+00 2.8911292854847028e+02 -3.0000000000000000e+02
2.3820666666666668e+00 2.8941192854847037e+02 -3.0000000000000000e+02
2.3830633333333333e+00 2.8971092854847035e+02 -3.0000000000000000e+02
2.3840599999999998e+00 2.9000992854847033e+02 -3.0000000000000000e+02
2.3850566666666668e+00 2.9030892854847042e+02 -3.0000000000000000e+02
2.3860533333333334e+00 2.9060792854847040e+02 -3.0000000000000000e+02
2.3870499999999999e+00 2.9090692854847038e+02 -3.0000000000000000e+02
2.3880466666666669e+00 2.9120592854847047e+02 -3.0000000000000000e+02
2.3890433333333334e+00 2.9150492854847045e+02 -3.0000000000000000e+02
2.3900399999999999e+00 2.9180392854847042e+02 -3.0000000000000000e+02
2.3910366666666665e+00 2.9210292854847040e+02 -3.0000000000000000e+02
2.3920333333333335e+00 2.9240192854847049e+02 -3.0000000000000000e+02
2.3930300000000000e+00 2.9270092854847047e+02 -3.0000000000000000e+02
2.3940266666666665e+00 2.9299992854847045e+02 -3.0000000000000000e+02
2.3950233333333335e+00 2.9329892854847054e+02 -3.0000000000000000e+02
2.3960200000000000e+00 2.9359792854847052e+02 -3.0000000000000000e+02
2.3970166666666666e+00 2.9389692854847050e+02 -3.0000000000000000e+02
2.3980133333333331e+00 2.9419592854847048e+02 -3.0000000000000000e+02
2.3990100000000001e+00 2.9449492854847057e+02 -3.0000000000000000e+02
2.4000066666666666e+00 2.9479392854847055e+02 -3.0000000000000000e+02
2.4010033333333332e+00 2.9509292854847052e+02 -3.0000000000000000e+02
2.4020000000000001e+00 2.9539192854847062e+02 -3.0000000000000000e+02
2.4029966666666667e+00 2.9569092854847059e+02 -3.0000000000000000e+02
2.4039933333333332e+00 2.9598992854847057e+02 -3.0000000000000000e+02
2.4049900000000002e+00 2.9628892854847066e+02 -3.0000000000000000e+02
2.4059866666666667e+00 2.9658792854847064e+02 -3.0000000000000000e+02
2.4069833333333333e+00 2.9688692854847062e+02 -3.0000000000000000e+02
2.4079799999999998e+00 2.9718592854847060e+02 -3.0000000000000000e+02
2.4089766666666668e+00 2.9748492854847069e+02 -3.0000000000000000e+02
2.4099733333333333e+00 2.9778392854847067e+02 -3.0000000000000000e+02
2.4109699999999998e+00 2.9808292854847065e+02 -3.0000000000000000e+02
2.4119666666666668e+00 2.9838192854847074e+02 -3.0000000000000000e+02
2.4129633333333333e+00 2.9868092854847072e+02 -3.0000000000000000e+02
2.4139599999999999e+00 2.9897992854847070e+02 -3.0000000000000000e+02
2.4149566666666669e+00 2.9927892854847079e+02 -3.0000000000000000e+02
2.4159533333333334e+00 2.9957792854847077e+02 -3.0000000000000000e+02
2.4169499999999999e+00 2.9987692854847074e+02 -3.0000000000000000e+02
2.4179466666666665e+00 3.0017592854847072e+02 -3.0000000000000000e+02
2.4189433333333334e+00 3.0047492854847081e+02 -3.0000000000000000e+02
2.4199400000000000e+00 3.0077392854847079e+02 -3.0000000000000000e+02
2.4209366666666665e+00 3.0107292854847077e+02 -3.0000000000000000e+02
2.4219333333333335e+00 3.0137192854847086e+02 -3.0000000000000000e+02
2.4229300000000000e+00 3.0167092854847084e+02 -3.0000000000000000e+02
2.4239266666666666e+00 3.0196992854847082e+02 -3.0000000000000000e+02
2.4249233333333335e+00 3.0226892854847091e+02 -3.0000000000000000e+02
2.4259200000000001e+00 3.0256792854847089e+02 -3.0000000000000000e+02
2.4269166666666666e+00 3.0286692854847087e+02 -3.0000000000000000e+02
2.4279133333333331e+00 3.0316592854847084e+02 -3.0000000000000000e+02
2.4289100000000001e+00 3.0346492854847094e+02 -3.0000000000000000e+02
2.4299066666666667e+00 3.0376392854847091e+02 -3.0000000000000000e+02
2.4309033333333332e+00 3.0406292854847089e+02 -3.0000000000000000e+02
2.4319000000000002e+00 3.0436192854847098e+02 -3.0000000000000000e+02
2.4328966666666667e+00 3.0466092854847096e+02 -3.0000000000000000e+02
2.4338933333333332e+00 3.0495992854847094e+02 -3.0000000000000000e+02
2.4348899999999998e+00 3.0525892854847092e+02 -3.0000000000000000e+02
2.4358866666666668e+00 3.0555792854847101e+02 -3.0000000000000000e+02
2.4368833333333333e+00 3.0585692854847099e+02 -3.0000000000000000e+02
2.4378799999999998e+00 3.0615592854847097e+02 -3.0000000000000000e+02
2.4388766666666668e+00 3.0645492854847106e+02 -3.0000000000000000e+02
2.4398733333333333e+00 3.0675392854847104e+02 -3.0000000000000000e+02
2.4408699999999999e+00 3.0705292854847102e+02 -3.0000000000000000e+02
2.4418666666666669e+00 3.0735192854847111e+02 -3.0000000000000000e+02
2.4428633333333334e+00 3.0765092854847109e+02 -3.0000000000000000e+02
2.4438599999999999e+00 3.0794992854847106e+02 -3.0000000000000000e+02
2.4448566666666665e+00 3.0824892854847104e+02 -3.0000000000000000e+02
2.4458533333333334e+00 3.0854792854847113e+02 -3.0000000000000000e+02
2.4468500000000000e+00 3.0884692854847111e+02 -3.0000000000000000e+02
2.4478466666666665e+00 3.0914592854847109e+02 -3.0000000000000000e+02
2.4488433333333335e+00 3.0944492854847118e+02 -3.0000000000000000e+02
2.4498400000000000e+00 3.0974392854847116e+02 -3.0000000000000000e+02
2.4508366666666666e+00 3.1004292854847114e+02 -3.0000000000000000e+02
2.4518333333333335e+00 3.1034192854847123e+02 -3.0000000000000000e+02
2.4528300000000001e+00 3.1064092854847121e+02 -3.0000000000000000e+02
2.4538266666666666e+00 3.1093992854847119e+02 -3.0000000000000000e+02
2.4548233333333331e+00 3.1123892854847116e+02 -3.0000000000000000e+02
2.4558200000000001e+00 3.1153792854847126e+02 -3.0000000000000000e+02
2.4568166666666666e+00 3.1183692854847123e+02 -3.0000000000000000e+02
2.4578133333333332e+00 3.1213592854847121e+02 -3.0000000000000000e+02
2.4588100000000002e+00 3.1243492854847131e+02 -3.0000000000000000e+02
2.4598066666666667e+00 3.1273392854847128e+02 -3.0000000000000000e+02
2.4608033333333332e+00 3.1303292854847126e+02 -3.0000000000000000e+02
2.4618000000000002e+00 3.1333192854847135e+02 -3.0000000000000000e+02
2.4627966666666667e+00 3.1363092854847133e+02 -3.0000000000000000e+02
2.4637933333333333e+00 3.1392992854847131e+02 -3.0000000000000000e+02
2.4647899999999998e+00 3.1422892854847129e+02 -3.0000000000000000e+02
2.4657866666666668e+00 3.1452792854847138e+02 -3.0000000000000000e+02
2.4667833333333333e+00 3.1482692854847136e+02 -3.0000000000000000e+02
2.4677799999999999e+00 3.1512592854847134e+02 -3.0000000000000000e+02
2.4687766666666668e+00 3.1542492854847143e+02 -3.0000000000000000e+02
2.4697733333333334e+00 3.1572392854847141e+02 -3.0000000000000000e+02
2.4707699999999999e+00 3.1602292854847138e+02 -3.0000000000000000e+02
2.4717666666666664e+00 3.1632192854847136e+02 -3.0000000000000000e+02
2.4727633333333334e+00 3.1662092854847145e+02 -3.0000000000000000e+02
2.4737600000000000e+00 3.1691992854847143e+02 -3.0000000000000000e+02
2.4747566666666665e+00 3.1721892854847141e+02 -3.0000000000000000e+02
2.4757533333333335e+00 3.1751792854847150e+02 -3.0000000000000000e+02
2.4767500000000000e+00 3.1781692854847148e+02 -3.0000000000000000e+02
2.4777466666666665e+00 3.1811592854847146e+02 -3.0000000000000000e+02
2.4787433333333335e+00 3.1841492854847155e+02 -3.0000000000000000e+02
2.4797400000000001e+00 3.1871392854847153e+02 -3.0000000000000000e+02
2.4807366666666666e+00 3.1901292854847151e+02 -3.0000000000000000e+02
2.4817333333333331e+00 3.1931192854847149e+02 -3.0000000000000000e+02
2.4827300000000001e+00 3.1961092854847158e+02 -3.0000000000000000e+02
2.4837266666666666e+00 3.1990992854847156e+02 -3.0000000000000000e+02
2.4847233333333332e+00 3.2020892854847153e+02 -3.0000000000000000e+02
2.4857200000000002e+00 3.2050792854847163e+02 -3.0000000000000000e+02
2.4867166666666667e+00 3.2080692854847160e+02 -3.0000000000000000e+02
2.4877133333333332e+00 3.2110592854847158e+02 -3.0000000000000000e+02
2.4887100000000002e+00 3.2140492854847167e+02 -3.0000000000000000e+02
2.4897066666666667e+00 3.2170392854847165e+02 -3.0000000000000000e+02
2.4907033333333333e+00 3.2200292854847163e+02 -3.0000000000000000e+02
2.4916999999999998e+00 3.2230192854847161e+02 -3.0000000000000000e+02
2.4926966666666668e+00 3.2260092854847170e+02 -3.0000000000000000e+02
2.4936933333333333e+00 3.2289992854847168e+02 -3.0000000000000000e+02
2.4946899999999999e+00 3.2319892854847166e+02 -3.0000000000000000e+02
2.4956866666666668e+00 3.2349792854847175e+02 -3.0000000000000000e+02
2.4966833333333334e+00 3.2379692854847173e+02 -3.0000000000000000e+02
2.4976799999999999e+00 3.2409592854847170e+02 -3.0000000000000000e+02
2.4986766666666669e+00 3.2439492854847180e+02 -3.0000000000000000e+02
2.4996733333333334e+00 3.2469392854847177e+02 -3.0000000000000000e+02
2.5006699999999999e+00 3.2499292854847175e+02 -3.0000000000000000e+02
2.5016666666666665e+00 3.2529192854847173e+02 -3.0000000000000000e+02
2.5026633333333335e+00 3.2559092854847182e+02 -3.0000000000000000e+02
2.5036600000000000e+00 3.2588992854847180e+02 -3.0000000000000000e+02
2.5046566666666665e+00 3.2618892854847178e+02 -3.0000000000000000e+02
2.5056533333333335e+00 3.2648792854847187e+02 -3.0000000000000000e+02
2.5066500000000000e+00 3.2678692854847185e+02 -3.0000000000000000e+02
2.5076466666666666e+00 3.2708592854847183e+02 -3.0000000000000000e+02
2.5086433333333331e+00 3.2738492854847181e+02 -3.0000000000000000e+02
2.5096400000000001e+00 3.2768392854847190e+02 -3.0000000000000000e+02
2.5106366666666666e+00 3.2798292854847188e+02 -3.0000000000000000e+02
2.5116333333333332e+00 3.2828192854847185e+02 -3.0000000000000000e+02
2.5126300000000001e+00 3.2858092854847195e+02 -3.0000000000000000e+02
2.5136266666666667e+00 3.2887992854847192e+02 -3.0000000000000000e+02
2.5146233333333332e+00 3.2917892854847190e+02 -3.0000000000000000e+02
2.5156200000000002e+00 3.2947792854847199e+02 -3.0000000000000000e+02
2.5166166666666667e+00 3.2977692854847197e+02 -3.0000000000000000e+02
2.5176133333333333e+00 3.3007592854847195e+02 -3.0000000000000000e+02
2.5186099999999998e+00 3.3037492854847193e+02 -3.0000000000000000e+02
2.5196066666666668e+00 3.3067392854847202e+02 -3.0000000000000000e+02
2.5206033333333333e+00 3.3097292854847200e+02 -3.0000000000000000e+02
2.5215999999999998e+00 3.3127192854847198e+02 -3.0000000000000000e+02
2.5225966666666668e+00 3.3157092854847207e+02 -3.0000000000000000e+02
2.5235933333333334e+00 3.3186992854847205e+02 -3.0000000000000000e+02
2.5245899999999999e+00 3.3216892854847202e+02 -3.0000000000000000e+02
2.5255866666666669e+00 3.3246792854847212e+02 -3.0000000000000000e+02
2.5265833333333334e+00 3.3276692854847209e+02 -3.0000000000000000e+02
2.5275799999999999e+00 3.3306592854847207e+02 -3.0000000000000000e+02
2.5285766666666665e+00 3.3336492854847205e+02 -3.0000000000000000e+02
2.5295733333333335e+00 3.3366392854847214e+02 -3.0000000000000000e+02
2.5305700000000000e+00 3.3396292854847212e+02 -3.0000000000000000e+02
2.5315666666666665e+00 3.3426192854847210e+02 -3.0000000000000000e+02
2.5325633333333335e+00 3.3456092854847219e+02 -3.0000000000000000e+02
2.5335600000000000e+00 3.3485992854847217e+02 -3.0000000000000000e+02
2.5345566666666666e+00 3.3515892854847215e+02 -3.0000000000000000e+02
2.5355533333333335e+00 3.3545792854847224e+02 -3.0000000000000000e+02
2.5365500000000001e+00 3.3575692854847222e+02 -3.0000000000000000e+02
2.5375466666666666e+00 3.3605592854847220e+02 -3.0000000000000000e+02
2.5385433333333332e+00 3.3635492854847217e+02 -3.0000000000000000e+02
2.5395400000000001e+00 3.3665392854847227e+02 -3.0000000000000000e+02
2.5405366666666667e+00 3.3695292854847224e+02 -3.0000000000000000e+02
2.5415333333333332e+00 3.3725192854847222e+02 -3.0000000000000000e+02
2.5425300000000002e+00 3.3755092854847231e+02 -3.0000000000000000e+02
2.5435266666666667e+00 3.3784992854847229e+02 -3.0000000000000000e+02
2.5445233333333332e+00 3.3814892854847227e+02 -3.0000000000000000e+02
2.5455199999999998e+00 3.3844792854847225e+02 -3.0000000000000000e+02
2.5465166666666668e+00 3.3874692854847234e+02 -3.0000000000000000e+02
2.5475133333333333e+00 3.3904592854847232e+02 -3.0000000000000000e+02
2.5485099999999998e+00 3.3934492854847230e+02 -3.0000000000000000e+02
2.5495066666666668e+00 3.3964392854847239e+02 -3.0000000000000000e+02
2.5505033333333333e+00 3.3994292854847237e+02 -3.0000000000000000e+02
2.5514999999999999e+00 3.4024192854847234e+02 -3.0000000000000000e+02
2.5524966666666669e+00 3.4054092854847244e+02 -3.0000000000000000e+02
2.5534933333333334e+00 3.4083992854847241e+02 -3.0000000000000000e+02
2.5544899999999999e+00 3.4113892854847239e+02 -3.0000000000000000e+02
2.5554866666666665e+00 3.4143792854847237e+02 -3.0000000000000000e+02
2.5564833333333334e+00 3.4173692854847246e+02 -3.0000000000000000e+02
2.5574800000000000e+00 3.4203592854847244e+02 -3.0000000000000000e+02
2.5584766666666665e+00 3.4233492854847242e+02 -3.0000000000000000e+02
2.5594733333333335e+00 3.4263392854847251e+02 -3.0000000000000000e+02
2.5604700000000000e+00 3.4293292854847249e+02 -3.0000000000000000e+02
2.5614666666666666e+00 3.4323192854847247e+02 -3.0000000000000000e+02
2.5624633333333335e+00 3.4353092854847256e+02 -3.0000000000000000e+02
2.5634600000000001e+00 3.4382992854847254e+02 -3.0000000000000000e+02
2.5644566666666666e+00 3.4412892854847252e+02 -3.0000000000000000e+02
2.5654533333333331e+00 3.4442792854847249e+02 -3.0000000000000000e+02
2.5664500000000001e+00 3.4472692854847259e+02 -3.0000000000000000e+02
2.5674466666666667e+00 3.4502592854847256e+02 -3.0000000000000000e+02
2.5684433333333332e+00 3.4532492854847254e+02 -3.0000000000000000e+02
2.5694400000000002e+00 3.4562392854847263e+02 -3.0000000000000000e+02
2.5704366666666667e+00 3.4592292854847261e+02 -3.0000000000000000e+02
2.5714333333333332e+00 3.4622192854847259e+02 -3.0000000000000000e+02
2.5724300000000002e+00 3.4652092854847268e+02 -3.0000000000000000e+02
2.5734266666666668e+00 3.4681992854847266e+02 -3.0000000000000000e+02
2.5744233333333333e+00 3.4711892854847264e+02 -3.0000000000000000e+02
2.5754199999999998e+00 3.4741792854847262e+02 -3.0000000000000000e+02
2.5764166666666668e+00 3.4771692854847271e+02 -3.0000000000000000e+02
2.5774133333333333e+00 3.4801592854847269e+02 -3.0000000000000000e+02
2.5784099999999999e+00 3.4831492854847266e+02 -3.0000000000000000e+02
2.5794066666666668e+00 3.4861392854847276e+02 -3.0000000000000000e+02
2.5804033333333334e+00 3.4891292854847273e+02 -3.0000000000000000e+02
2.5813999999999999e+00 3.4921192854847271e+02 -3.0000000000000000e+02
2.5823966666666665e+00 3.4951092854847269e+02 -3.0000000000000000e+02
2.5833933333333334e+00 3.4980992854847278e+02 -3.0000000000000000e+02
2.5843900000000000e+00 3.5010892854847276e+02 -3.0000000000000000e+02
2.5853866666666665e+00 3.5040792854847274e+02 -3.0000000000000000e+02
2.5863833333333335e+00 3.5070692854847283e+02 -3.0000000000000000e+02
2.5873800000000000e+00 3.5100592854847281e+02 -3.0000000000000000e+02
2.5883766666666665e+00 3.5130492854847279e+02 -3.0000000000000000e+02
2.5893733333333335e+00 3.5160392854847288e+02 -3.0000000000000000e+02
2.5903700000000001e+00 3.5190292854847286e+02 -3.0000000000000000e+02
2.5913666666666666e+00 3.5220192854847284e+02 -3.0000000000000000e+02
2.5923633333333331e+00 3.5250092854847281e+02 -3.0000000000000000e+02
2.5933600000000001e+00 3.5279992854847291e+02 -3.0000000000000000e+02
2.5943566666666666e+00 3.5309892854847288e+02 -3.0000000000000000e+02
2.5953533333333332e+00 3.5339792854847286e+02 -3.0000000000000000e+02
2.5963500000000002e+00 3.5369692854847295e+02 -3.0000000000000000e+02
2.5973466666666667e+00 3.5399592854847293e+02 -3.0000000000000000e+02
2.5983433333333332e+00 3.5429492854847291e+02 -3.0000000000000000e+02
2.5993400000000002e+00 3.5459392854847300e+02 -3.0000000000000000e+02
2.6003366666666667e+00 3.5489292854847298e+02 -3.0000000000000000e+02
2.6013333333333333e+00 3.5519192854847296e+02 -3.0000000000000000e+02
2.6023299999999998e+00 3.5549092854847294e+02 -3.0000000000000000e+02
2.6033266666666668e+00 3.5578992854847303e+02 -3.0000000000000000e+02
2.6043233333333333e+00 3.5608892854847301e+02 -3.0000000000000000e+02
2.6053199999999999e+00 3.5638792854847298e+02 -3.0000000000000000e+02
2.6063166666666668e+00 3.5668692854847308e+02 -3.0000000000000000e+02
2.6073133333333334e+00 3.5698592854847305e+02 -3.0000000000000000e+02
2.6083099999999999e+00 3.5728492854847303e+02 -3.0000000000000000e+02
2.6093066666666669e+00 3.5758392854847312e+02 -3.0000000000000000e+02
2.6103033333333334e+00 3.5788292854847310e+02 -3.0000000000000000e+02
2.6113000000000000e+00 3.5818192854847308e+02 -3.0000000000000000e+02
2.6122966666666665e+00 3.5848092854847306e+02 -3.0000000000000000e+02
2.6132933333333335e+00 3.5877992854847315e+02 -3.0000000000000000e+02
2.6142900000000000e+00 3.5907892854847313e+02 -3.0000000000000000e+02
2.6152866666666665e+00 3.5937792854847311e+02 -3.0000000000000000e+02
2.6162833333333335e+00 3.5967692854847320e+02 -3.0000000000000000e+02
2.6172800000000001e+00 3.5997592854847318e+02 -3.0000000000000000e+02
2.6182766666666666e+00 3.6027492854847316e+02 -3.0000000000000000e+02
2.6192733333333331e+00 3.6057392854847313e+02 -3.0000000000000000e+02
2.6202700000000001e+00 3.6087292854847323e+02 -3.0000000000000000e+02
2.6212666666666666e+00 3.6117192854847320e+02 -3.0000000000000000e+02
2.6222633333333332e+00 3.6147092854847318e+02 -3.0000000000000000e+02
2.6232600000000001e+00 3.6176992854847327e+02 -3.0000000000000000e+02
2.6242566666666667e+00 3.6206892854847325e+02 -3.0000000000000000e+02
2.6252533333333332e+00 3.6236792854847323e+02 -3.0000000000000000e+02
2.6262500000000002e+00 3.6266692854847332e+02 -3.0000000000000000e+02
2.6272466666666667e+00 3.6296592854847330e+02 -3.0000000000000000e+02
2.6282433333333333e+00 3.6326492854847328e+02 -3.0000000000000000e+02
2.6292399999999998e+00 3.6356392854847326e+02 -3.0000000000000000e+02
2.6302366666666668e+00 3.6386292854847335e+02 -3.0000000000000000e+02
2.6312333333333333e+00 3.6416192854847333e+02 -3.0000000000000000e+02
2.6322299999999998e+00 3.6446092854847330e+02 -3.0000000000000000e+02
2.6332266666666668e+00 3.6475992854847340e+02 -3.0000000000000000e+02
2.6342233333333334e+00 3.6505892854847338e+02 -3.0000000000000000e+02
2.6352199999999999e+00 3.6535792854847335e+02 -3.0000000000000000e+02
2.6362166666666669e+00 3.6565692854847345e+02 -3.0000000000000000e+02
2.6372133333333334e+00 3.6595592854847342e+02 -3.0000000000000000e+02
2.6382099999999999e+00 3.6625492854847340e+02 -3.0000000000000000e+02
2.6392066666666665e+00 3.6655392854847338e+02 -3.0000000000000000e+02
2.6402033333333335e+00 3.6685292854847347e+02 -3.0000000000000000e+02
2.6412000000000000e+00 3.6715192854847345e+02 -3.0000000000000000e+02
2.6421966666666665e+00 3.6745092854847343e+02 -3.0000000000000000e+02
2.6431933333333335e+00 3.6774992854847352e+02 -3.0000000000000000e+02
2.6441900000000000e+00 3.6804892854847350e+02 -3.0000000000000000e+02
2.6451866666666666e+00 3.6834792854847348e+02 -3.0000000000000000e+02
2.6461833333333336e+00 3.6864692854847357e+02 -3.0000000000000000e+02
2.6471800000000001e+00 3.6894592854847355e+02 -3.0000000000000000e+02
2.6481766666666666e+00 3.6924492854847352e+02 -3.0000000000000000e+02
2.6491733333333332e+00 3.6954392854847350e+02 -3.0000000000000000e+02
2.6501700000000001e+00 3.6984292854847359e+02 -3.0000000000000000e+02
2.6511666666666667e+00 3.7014192854847357e+02 -3.0000000000000000e+02
2.6521633333333332e+00 3.7044092854847355e+02 -3.0000000000000000e+02
2.6531600000000002e+00 3.7073992854847364e+02 -3.0000000000000000e+02
2.6541566666666667e+00 3.7103892854847362e+02 -3.0000000000000000e+02
2.6551533333333333e+00 3.7133792854847360e+02 -3.0000000000000000e+02
2.6561499999999998e+00 3.7163692854847358e+02 -3.0000000000000000e+02
2.6571466666666668e+00 3.7193592854847367e+02 -3.0000000000000000e+02
2.6581433333333333e+00 3.7223492854847365e+02 -3.0000000000000000e+02
2.6591399999999998e+00 3.7253392854847363e+02 -3.0000000000000000e+02
2.6601366666666668e+00 3.7283292854847372e+02 -3.0000000000000000e+02
2.6611333333333334e+00 3.7313192854847370e+02 -3.0000000000000000e+02
2.6621299999999999e+00 3.7343092854847367e+02 -3.0000000000000000e+02
2.6631266666666669e+00 3.7372992854847377e+02 -3.0000000000000000e+02
2.6641233333333334e+00 3.7402892854847374e+02 -3.0000000000000000e+02
2.6651199999999999e+00 3.7432792854847372e+02 -3.0000000000000000e+02
2.6661166666666665e+00 3.7462692854847370e+02 -3.0000000000000000e+02
2.6671133333333334e+00 3.7492592854847379e+02 -3.0000000000000000e+02
2.6681100000000000e+00 3.7522492854847377e+02 -3.0000000000000000e+02
2.6691066666666665e+00 3.7552392854847375e+02 -3.0000000000000000e+02
2.6701033333333335e+00 3.7582292854847384e+02 -3.0000000000000000e+02
2.6711000000000000e+00 3.7612192854847382e+02 -3.0000000000000000e+02
2.6720966666666666e+00 3.7642092854847380e+02 -3.0000000000000000e+02
2.6730933333333335e+00 3.7671992854847389e+02 -3.0000000000000000e+02
2.6740900000000001e+00 3.7701892854847387e+02 -3.0000000000000000e+02
2.6750866666666666e+00 3.7731792854847384e+02 -3.0000000000000000e+02
2.6760833333333331e+00 3.7761692854847382e+02 -3.0000000000000000e+02
2.6770800000000001e+00 3.7791592854847391e+02 -3.0000000000000000e+02
2.6780766666666667e+00 3.7821492854847389e+02 -3.0000000000000000e+02
2.6790733333333332e+00 3.7851392854847387e+02 -3.0000000000000000e+02
2.6800700000000002e+00 3.7881292854847396e+02 -3.0000000000000000e+02
2.6810666666666667e+00 3.7911192854847394e+02 -3.0000000000000000e+02
2.6820633333333332e+00 3.7941092854847392e+02 -3.0000000000000000e+02
2.6830600000000002e+00 3.7970992854847401e+02 -3.0000000000000000e+02
2.6840566666666668e+00 3.8000892854847399e+02 -3.0000000000000000e+02
2.6850533333333333e+00 3.8030792854847397e+02 -3.0000000000000000e+02
2.6860499999999998e+00 3.8060692854847395e+02 -3.0000000000000000e+02
2.6870466666666668e+00 3.8090592854847404e+02 -3.0000000000000000e+02
2.6880433333333333e+00 3.8120492854847402e+02 -3.0000000000000000e+02
2.6890399999999999e+00 3.8150392854847399e+02 -3.0000000000000000e+02
2.6900366666666669e+00 3.8180292854847409e+02 -3.0000000000000000e+02
2.6910333333333334e+00 3.8210192854847406e+02 -3.0000000000000000e+02
2.6920299999999999e+00 3.8240092854847404e+02 -3.0000000000000000e+02
2.6930266666666669e+00 3.8269992854847413e+02 -3.0000000000000000e+02
2.6940233333333334e+00 3.8299892854847411e+02 -3.0000000000000000e+02
2.6950200000000000e+00 3.8329792854847409e+02 -3.0000000000000000e+02
2.6960166666666665e+00 3.8359692854847407e+02 -3.0000000000000000e+02
2.6970133333333335e+00 3.8389592854847416e+02 -3.0000000000000000e+02
2.6980100000000000e+00 3.8419492854847414e+02 -3.0000000000000000e+02
2.6990066666666666e+00 3.8449392854847412e+02 -3.0000000000000000e+02
2.7000033333333335e+00 3.8479292854847421e+02 -3.0000000000000000e+02
2.7010000000000001e+00 3.8509192854847419e+02 -3.0000000000000000e+02
2.7019966666666666e+00 3.8539092854847416e+02 -3.0000000000000000e+02
2.7029933333333331e+00 3.8568992854847414e+02 -3.0000000000000000e+02
2.7039900000000001e+00 3.8598892854847423e+02 -3.0000000000000000e+02
2.7049866666666667e+00 3.8628792854847421e+02 -3.0000000000000000e+02
2.7059833333333332e+00 3.8658692854847419e+02 -3.0000000000000000e+02
2.7069800000000002e+00 3.8688592854847428e+02 -3.0000000000000000e+02
2.7079766666666667e+00 3.8718492854847426e+02 -3.0000000000000000e+02
2.7089733333333332e+00 3.8748392854847424e+02 -3.0000000000000000e+02
2.7099700000000002e+00 3.8778292854847433e+02 -3.0000000000000000e+02
2.7109666666666667e+00 3.8808192854847431e+02 -3.0000000000000000e+02
2.7119633333333333e+00 3.8838092854847429e+02 -3.0000000000000000e+02
2.7129599999999998e+00 3.8867992854847427e+02 -3.0000000000000000e+02
2.7139566666666668e+00 3.8897892854847436e+02 -3.0000000000000000e+02
2.7149533333333333e+00 3.8927792854847434e+02 -3.0000000000000000e+02
2.7159499999999999e+00 3.8957692854847431e+02 -3.0000000000000000e+02
2.7169466666666668e+00 3.8987592854847441e+02 -3.0000000000000000e+02
2.7179433333333334e+00 3.9017492854847438e+02 -3.0000000000000000e+02
2.7189399999999999e+00 3.9047392854847436e+02 -3.0000000000000000e+02
2.7199366666666669e+00 3.9077292854847445e+02 -3.0000000000000000e+02
2.7209333333333334e+00 3.9107192854847443e+02 -3.0000000000000000e+02
2.7219300000000000e+00 3.9137092854847441e+02 -3.0000000000000000e+02
2.7229266666666665e+00 3.9166992854847439e+02 -3.0000000000000000e+02
2.7239233333333335e+00 3.9196892854847448e+02 -3.0000000000000000e+02
2.7249200000000000e+00 3.9226792854847446e+02 -3.0000000000000000e+02
2.7259166666666665e+00 3.9256692854847444e+02 -3.0000000000000000e+02
2.7269133333333335e+00 3.9286592854847453e+02 -3.0000000000000000e+02
2.7279100000000001e+00 3.9316492854847451e+02 -3.0000000000000000e+02
2.7289066666666666e+00 3.9346392854847448e+02 -3.0000000000000000e+02
2.7299033333333336e+00 3.9376292854847458e+02 -3.0000000000000000e+02
2.7309000000000001e+00 3.9406192854847455e+02 -3.0000000000000000e+02
2.7318966666666666e+00 3.9436092854847453e+02 -3.0000000000000000e+02
2.7328933333333332e+00 3.9465992854847451e+02 -3.0000000000000000e+02
2.7338900000000002e+00 3.9495892854847460e+02 -3.0000000000000000e+02
2.7348866666666667e+00 3.9525792854847458e+02 -3.0000000000000000e+02
2.7358833333333332e+00 3.9555692854847456e+02 -3.0000000000000000e+02
2.7368800000000002e+00 3.9585592854847465e+02 -3.0000000000000000e+02
2.7378766666666667e+00 3.9615492854847463e+02 -3.0000000000000000e+02
2.7388733333333333e+00 3.9645392854847461e+02 -3.0000000000000000e+02
2.7398699999999998e+00 3.9675292854847459e+02 -3.0000000000000000e+02
2.7408666666666668e+00 3.9705192854847468e+02 -3.0000000000000000e+02
2.7418633333333333e+00 3.9735092854847466e+02 -3.0000000000000000e+02
2.7428599999999999e+00 3.9764992854847463e+02 -3.0000000000000000e+02
2.7438566666666668e+00 3.9794892854847473e+02 -3.0000000000000000e+02
2.7448533333333334e+00 3.9824792854847470e+02 -3.0000000000000000e+02
2.7458499999999999e+00 3.9854692854847468e+02 -3.0000000000000000e+02
2.7468466666666669e+00 3.9884592854847477e+02 -3.0000000000000000e+02
2.7478433333333334e+00 3.9914492854847475e+02 -3.0000000000000000e+02
2.7488400000000000e+00 3.9944392854847473e+02 -3.0000000000000000e+02
2.7498366666666665e+00 3.9974292854847471e+02 -3.0000000000000000e+02
2.7508333333333335e+00 4.0004192854847480e+02 -3.0000000000000000e+02
2.7518300000000000e+00 4.0034092854847478e+02 -3.0000000000000000e+02
2.7528266666666665e+00 4.0063992854847476e+02 -3.0000000000000000e+02
2.7538233333333335e+00 4.0093892854847485e+02 -3.0000000000000000e+02
2.7548200000000000e+00 4.0123792854847483e+02 -3.0000000000000000e+02
2.7558166666666666e+00 4.0153692854847480e+02 -3.0000000000000000e+02
2.7568133333333336e+00 4.0183592854847490e+02 -3.0000000000000000e+02
2.7578100000000001e+00 4.0213492854847487e+02 -3.0000000000000000e+02
2.7588066666666666e+00 4.0243392854847485e+02 -3.0000000000000000e+02
2.7598033333333332e+00 4.0273292854847483e+02 -3.0000000000000000e+02
2.7608000000000001e+00 4.0303192854847492e+02 -3.0000000000000000e+02
2.7617966666666667e+00 4.0333092854847490e+02 -3.0000000000000000e+02
2.7627933333333332e+00 4.0362992854847488e+02 -3.0000000000000000e+02
2.7637900000000002e+00 4.0392892854847497e+02 -3.0000000000000000e+02
2.7647866666666667e+00 4.0422792854847495e+02 -3.0000000000000000e+02
2.7657833333333333e+00 4.0452692854847493e+02 -3.0000000000000000e+02
2.7667800000000002e+00 4.0482592854847502e+02 -3.0000000000000000e+02
2.7677766666666668e+00 4.0512492854847500e+02 -3.0000000000000000e+02
2.7687733333333333e+00 4.0542392854847498e+02 -3.0000000000000000e+02
2.7697699999999998e+00 4.0572292854847495e+02 -3.0000000000000000e+02
2.7707666666666668e+00 4.0602192854847505e+02 -3.0000000000000000e+02
2.7717633333333334e+00 4.0632092854847502e+02 -3.0000000000000000e+02
2.7727599999999999e+00 4.0661992854847500e+02 -3.0000000000000000e+02
2.7737566666666669e+00 4.0691892854847509e+02 -3.0000000000000000e+02
2.7747533333333334e+00 4.0721792854847507e+02 -3.0000000000000000e+02
2.7757499999999999e+00 4.0751692854847505e+02 -3.0000000000000000e+02
2.7767466666666665e+00 4.0781592854847503e+02 -3.0000000000000000e+02
2.7777433333333335e+00 4.0811492854847512e+02 -3.0000000000000000e+02
2.7787400000000000e+00 4.0841392854847510e+02 -3.0000000000000000e+02
2.7797366666666665e+00 4.0871292854847508e+02 -3.0000000000000000e+02
2.7807333333333335e+00 4.0901192854847517e+02 -3.0000000000000000e+02
2.7817300000000000e+00 4.0931092854847515e+02 -3.0000000000000000e+02
2.7827266666666666e+00 4.0960992854847512e+02 -3.0000000000000000e+02
2.7837233333333335e+00 4.0990892854847522e+02 -3.0000000000000000e+02
2.7847200000000001e+00 4.1020792854847519e+02 -3.0000000000000000e+02
2.7857166666666666e+00 4.1050692854847517e+02 -3.0000000000000000e+02
2.7867133333333332e+00 4.1080592854847515e+02 -3.0000000000000000e+02
2.7877100000000001e+00 4.1110492854847524e+02 -3.0000000000000000e+02
2.7887066666666667e+00 4.1140392854847522e+02 -3.0000000000000000e+02
2.7897033333333332e+00 4.1170292854847520e+02 -3.0000000000000000e+02
2.7907000000000002e+00 4.1200192854847529e+02 -3.0000000000000000e+02
2.7916966666666667e+00 4.1230092854847527e+02 -3.0000000000000000e+02
2.7926933333333332e+00 4.1259992854847525e+02 -3.0000000000000000e+02
2.7936900000000002e+00 4.1289892854847534e+02 -3.0000000000000000e+02
2.7946866666666668e+00 4.1319792854847532e+02 -3.0000000000000000e+02
2.7956833333333333e+00 4.1349692854847530e+02 -3.0000000000000000e+02
2.7966799999999998e+00 4.1379592854847527e+02 -3.0000000000000000e+02
2.7976766666666668e+00 4.1409492854847537e+02 -3.0000000000000000e+02
2.7986733333333333e+00 4.1439392854847534e+02 -3.0000000000000000e+02
2.7996699999999999e+00 4.1469292854847532e+02 -3.0000000000000000e+02
2.8006666666666669e+00 4.1499192854847541e+02 -3.0000000000000000e+02
2.8016633333333334e+00 4.1529092854847539e+02 -3.0000000000000000e+02
2.8026599999999999e+00 4.1558992854847537e+02 -3.0000000000000000e+02
2.8036566666666669e+00 4.1588892854847546e+02 -3.0000000000000000e+02
2.8046533333333334e+00 4.1618792854847544e+02 -3.0000000000000000e+02
2.8056500000000000e+00 4.1648692854847542e+02 -3.0000000000000000e+02
2.8066466666666665e+00 4.1678592854847540e+02 -3.0000000000000000e+02
2.8076433333333335e+00 4.1708492854847549e+02 -3.0000000000000000e+02
2.8086400000000000e+00 4.1738392854847547e+02 -3.0000000000000000e+02
2.8096366666666666e+00 4.1768292854847545e+02 -3.0000000000000000e+02
2.8106333333333335e+00 4.1798192854847554e+02 -3.0000000000000000e+02
2.8116300000000001e+00 4.1828092854847552e+02 -3.0000000000000000e+02
2.8126266666666666e+00 4.1857992854847549e+02 -3.0000000000000000e+02
2.8136233333333331e+00 4.1887892854847547e+02 -3.0000000000000000e+02
2.8146200000000001e+00 4.1917792854847556e+02 -3.0000000000000000e+02
2.8156166666666667e+00 4.1947692854847554e+02 -3.0000000000000000e+02
2.8166133333333332e+00 4.1977592854847552e+02 -3.0000000000000000e+02
2.8176100000000002e+00 4.2007492854847561e+02 -3.0000000000000000e+02
2.8186066666666667e+00 4.2037392854847559e+02 -3.0000000000000000e+02
2.8196033333333332e+00 4.2067292854847557e+02 -3.0000000000000000e+02
2.8206000000000002e+00 4.2097192854847566e+02 -3.0000000000000000e+02
2.8215966666666668e+00 4.2127092854847564e+02 -3.0000000000000000e+02
2.8225933333333333e+00 4.2156992854847562e+02 -3.0000000000000000e+02
2.8235899999999998e+00 4.2186892854847559e+02 -3.0000000000000000e+02
2.8245866666666668e+00 4.2216792854847569e+02 -3.0000000000000000e+02
2.8255833333333333e+00 4.2246692854847566e+02 -3.0000000000000000e+02
2.8265799999999999e+00 4.2276592854847564e+02 -3.0000000000000000e+02
2.8275766666666668e+00 4.2306492854847573e+02 -3.0000000000000000e+02
2.8285733333333334e+00 4.2336392854847571e+02 -3.0000000000000000e+02
2.8295699999999999e+00 4.2366292854847569e+02 -3.0000000000000000e+02
2.8305666666666669e+00 4.2396192854847578e+02 -3.0000000000000000e+02
2.8315633333333334e+00 4.2426092854847576e+02 -3.0000000000000000e+02
2.8325600000000000e+00 4.2455992854847574e+02 -3.0000000000000000e+02
2.8335566666666665e+00 4.2485892854847572e+02 -3.0000000000000000e+02
2.8345533333333335e+00 4.2515792854847581e+02 -3.0000000000000000e+02
2.8355500000000000e+00 4.2545692854847579e+02 -3.0000000000000000e+02
2.8365466666666665e+00 4.2575592854847577e+02 -3.0000000000000000e+02
2.8375433333333335e+00 4.2605492854847586e+02 -3.0000000000000000e+02
2.8385400000000001e+00 4.2635392854847584e+02 -3.0000000000000000e+02
2.8395366666666666e+00 4.2665292854847581e+02 -3.0000000000000000e+02
2.8405333333333336e+00 4.2695192854847591e+02 -3.0000000000000000e+02
2.8415300000000001e+00 4.2725092854847588e+02 -3.0000000000000000e+02
2.8425266666666666e+00 4.2754992854847586e+02 -3.0000000000000000e+02
2.8435233333333332e+00 4.2784892854847584e+02 -3.0000000000000000e+02
2.8445200000000002e+00 4.2814792854847593e+02 -3.0000000000000000e+02
2.8455166666666667e+00 4.2844692854847591e+02 -3.0000000000000000e+02
2.8465133333333332e+00 4.2874592854847589e+02 -3.0000000000000000e+02
2.8475100000000002e+00 4.2904492854847598e+02 -3.0000000000000000e+02
2.8485066666666667e+00 4.2934392854847596e+02 -3.0000000000000000e+02
2.8495033333333333e+00 4.2964292854847594e+02 -3.0000000000000000e+02
2.8504999999999998e+00 4.2994192854847591e+02 -3.0000000000000000e+02
2.8514966666666668e+00 4.3024092854847601e+02 -3.0000000000000000e+02
2.8524933333333333e+00 4.3053992854847598e+02 -3.0000000000000000e+02
2.8534899999999999e+00 4.3083892854847596e+02 -3.0000000000000000e+02
2.8544866666666668e+00 4.3113792854847605e+02 -3.0000000000000000e+02
2.8554833333333334e+00 4.3143692854847603e+02 -3.0000000000000000e+02
2.8564799999999999e+00 4.3173592854847601e+02 -3.0000000000000000e+02
2.8574766666666669e+00 4.3203492854847610e+02 -3.0000000000000000e+02
2.8584733333333334e+00 4.3233392854847608e+02 -3.0000000000000000e+02
2.8594700000000000e+00 4.3263292854847606e+02 -3.0000000000000000e+02
2.8604666666666665e+00 4.3293192854847604e+02 -3.0000000000000000e+02
2.8614633333333335e+00 4.3323092854847613e+02 -3.0000000000000000e+02
2.8624600000000000e+00 4.3352992854847611e+02 -3.0000000000000000e+02
2.8634566666666665e+00 4.3382892854847609e+02 -3.0000000000000000e+02
2.8644533333333335e+00 4.3412792854847618e+02 -3.0000000000000000e+02
2.8654500000000001e+00 4.3442692854847616e+02 -3.0000000000000000e+02
2.8664466666666666e+00 4.3472592854847613e+02 -3.0000000000000000e+02
2.8674433333333336e+00 4.3502492854847623e+02 -3.0000000000000000e+02
2.8684400000000001e+00 4.3532392854847620e+02 -3.0000000000000000e+02
2.8694366666666666e+00 4.3562292854847618e+02 -3.0000000000000000e+02
2.8704333333333332e+00 4.3592192854847616e+02 -3.0000000000000000e+02
2.8714300000000001e+00 4.3622092854847625e+02 -3.0000000000000000e+02
2.8724266666666667e+00 4.3651992854847623e+02 -3.0000000000000000e+02
2.8734233333333332e+00 4.3681892854847621e+02 -3.0000000000000000e+02
2.8744200000000002e+00 4.3711792854847630e+02 -3.0000000000000000e+02
2.8754166666666667e+00 4.3741692854847628e+02 -3.0000000000000000e+02
2.8764133333333333e+00 4.3771592854847626e+02 -3.0000000000000000e+02
2.8774100000000002e+00 4.3801492854847635e+02 -3.0000000000000000e+02
2.8784066666666668e+00 4.3831392854847633e+02 -3.0000000000000000e+02
2.8794033333333333e+00 4.3861292854847630e+02 -3.0000000000000000e+02
2.8803999999999998e+00 4.3891192854847628e+02 -3.0000000000000000e+02
2.8813966666666668e+00 4.3921092854847637e+02 -3.0000000000000000e+02
2.8823933333333334e+00 4.3950992854847635e+02 -3.0000000000000000e+02
2.8833899999999999e+00 4.3980892854847633e+02 -3.0000000000000000e+02
2.8843866666666669e+00 4.4010792854847642e+02 -3.0000000000000000e+02
2.8853833333333334e+00 4.4040692854847640e+02 -3.0000000000000000e+02
2.8863799999999999e+00 4.4070592854847638e+02 -3.0000000000000000e+02
2.8873766666666665e+00 4.4100492854847636e+02 -3.0000000000000000e+02
2.8883733333333335e+00 4.4130392854847645e+02 -3.0000000000000000e+02
2.8893700000000000e+00 4.4160292854847643e+02 -3.0000000000000000e+02
2.8903666666666665e+00 4.4190192854847641e+02 -3.0000000000000000e+02
2.8913633333333335e+00 4.4220092854847650e+02 -3.0000000000000000e+02
2.8923600000000000e+00 4.4249992854847648e+02 -3.0000000000000000e+02
2.8933566666666666e+00 4.4279892854847645e+02 -3.0000000000000000e+02
2.8943533333333336e+00 4.4309792854847655e+02 -3.0000000000000000e+02
2.8953500000000001e+00 4.4339692854847652e+02 -3.0000000000000000e+02
2.8963466666666666e+00 4.4369592854847650e+02 -3.0000000000000000e+02
2.8973433333333332e+00 4.4399492854847648e+02 -3.0000000000000000e+02
2.8983400000000001e+00 4.4429392854847657e+02 -3.0000000000000000e+02
2.8993366666666667e+00 4.4459292854847655e+02 -3.0000000000000000e+02
2.9003333333333332e+00 4.4489192854847653e+02 -3.0000000000000000e+02
2.9013300000000002e+00 4.4519092854847662e+02 -3.0000000000000000e+02
2.9023266666666667e+00 4.4548992854847660e+02 -3.0000000000000000e+02
2.9033233333333333e+00 4.4578892854847658e+02 -3.0000000000000000e+02
2.9043200000000002e+00 4.4608792854847667e+02 -3.0000000000000000e+02
2.9053166666666668e+00 4.4638692854847665e+02 -3.0000000000000000e+02
2.9063133333333333e+00 4.4668592854847662e+02 -3.0000000000000000e+02
2.9073099999999998e+00 4.4698492854847660e+02 -3.0000000000000000e+02
2.9083066666666668e+00 4.4728392854847669e+02 -3.0000000000000000e+02
2.9093033333333334e+00 4.4758292854847667e+02 -3.0000000000000000e+02
2.9102999999999999e+00 4.4788192854847665e+02 -3.0000000000000000e+02
2.9112966666666669e+00 4.4818092854847674e+02 -3.0000000000000000e+02
2.9122933333333334e+00 4.4847992854847672e+02 -3.0000000000000000e+02
2.9132899999999999e+00 4.4877892854847670e+02 -3.0000000000000000e+02
2.9142866666666669e+00 4.4907792854847679e+02 -3.0000000000000000e+02
2.9152833333333334e+00 4.4937692854847677e+02 -3.0000000000000000e+02
2.9162800000000000e+00 4.4967592854847675e+02 -3.0000000000000000e+02
2.9172766666666665e+00 4.4997492854847673e+02 -3.0000000000000000e+02
2.9182733333333335e+00 4.5027392854847682e+02 -3.0000000000000000e+02
2.9192700000000000e+00 4.5057292854847680e+02 -3.0000000000000000e+02
2.9202666666666666e+00 4.5087192854847677e+02 -3.0000000000000000e+02
2.9212633333333335e+00 4.5117092854847687e+02 -3.0000000000000000e+02
2.9222600000000001e+00 4.5146992854847684e+02 -3.0000000000000000e+02
2.9232566666666666e+00 4.5176892854847682e+02 -3.0000000000000000e+02
2.9242533333333331e+00 4.5206792854847680e+02 -3.0000000000000000e+02
2.9252500000000001e+00 4.5236692854847689e+02 -3.0000000000000000e+02
2.9262466666666667e+00 4.5266592854847687e+02 -3.0000000000000000e+02
2.9272433333333332e+00 4.5296492854847685e+02 -3.0000000000000000e+02
2.9282400000000002e+00 4.5326392854847694e+02 -3.0000000000000000e+02
2.9292366666666667e+00 4.5356292854847692e+02 -3.0000000000000000e+02
2.9302333333333332e+00 4.5386192854847690e+02 -3.0000000000000000e+02
2.9312300000000002e+00 4.5416092854847699e+02 -3.0000000000000000e+02
2.9322266666666668e+00 4.5445992854847697e+02 -3.0000000000000000e+02
2.9332233333333333e+00 4.5475892854847694e+02 -3.0000000000000000e+02
2.9342199999999998e+00 4.5505792854847692e+02 -3.0000000000000000e+02
2.9352166666666668e+00 4.5535692854847701e+02 -3.0000000000000000e+02
2.9362133333333333e+00 4.5565592854847699e+02 -3.0000000000000000e+02
2.9372099999999999e+00 4.5595492854847697e+02 -3.0000000000000000e+02
2.9382066666666669e+00 4.5625392854847706e+02 -3.0000000000000000e+02
2.9392033333333334e+00 4.5655292854847704e+02 -3.0000000000000000e+02
2.9401999999999999e+00 4.5685192854847702e+02 -3.0000000000000000e+02
2.9411966666666669e+00 4.5715092854847711e+02 -3.0000000000000000e+02
2.9421933333333334e+00 4.5744992854847709e+02 -3.0000000000000000e+02
2.9431900000000000e+00 4.5774892854847707e+02 -3.0000000000000000e+02
2.9441866666666665e+00 4.5804792854847705e+02 -3.0000000000000000e+02
2.9451833333333335e+00 4.5834692854847714e+02 -3.0000000000000000e+02
2.9461800000000000e+00 4.5864592854847712e+02 -3.0000000000000000e+02
2.9471766666666666e+00 4.5894492854847709e+02 -3.0000000000000000e+02
2.9481733333333335e+00 4.5924392854847719e+02 -3.0000000000000000e+02
2.9491700000000001e+00 4.5954292854847716e+02 -3.0000000000000000e+02
2.9501666666666666e+00 4.5984192854847714e+02 -3.0000000000000000e+02
2.9511633333333336e+00 4.6014092854847723e+02 -3.0000000000000000e+02
2.9521600000000001e+00 4.6043992854847721e+02 -3.0000000000000000e+02
2.9531566666666667e+00 4.6073892854847719e+02 -3.0000000000000000e+02
2.9541533333333332e+00 4.6103792854847717e+02 -3.0000000000000000e+02
2.9551500000000002e+00 4.6133692854847726e+02 -3.0000000000000000e+02
2.9561466666666667e+00 4.6163592854847724e+02 -3.0000000000000000e+02
2.9571433333333332e+00 4.6193492854847722e+02 -3.0000000000000000e+02
2.9581400000000002e+00 4.6223392854847731e+02 -3.0000000000000000e+02
2.9591366666666667e+00 4.6253292854847729e+02 -3.0000000000000000e+02
2.9601333333333333e+00 4.6283192854847726e+02 -3.0000000000000000e+02
2.9611299999999998e+00 4.6313092854847724e+02 -3.0000000000000000e+02
2.9621266666666668e+00 4.6342992854847733e+02 -3.0000000000000000e+02
2.9631233333333333e+00 4.6372892854847731e+02 -3.0000000000000000e+02
2.9641199999999999e+00 4.6402792854847729e+02 -3.0000000000000000e+02
2.9651166666666668e+00 4.6432692854847738e+02 -3.0000000000000000e+02
2.9661133333333334e+00 4.6462592854847736e+02 -3.0000000000000000e+02
2.9671099999999999e+00 4.6492492854847734e+02 -3.0000000000000000e+02
2.9681066666666669e+00 4.6522392854847743e+02 -3.0000000000000000e+02
2.9691033333333334e+00 4.6552292854847741e+02 -3.0000000000000000e+02
2.9701000000000000e+00 4.6582192854847739e+02 -3.0000000000000000e+02
2.9710966666666665e+00 4.6612092854847737e+02 -3.0000000000000000e+02
2.9720933333333335e+00 4.6641992854847746e+02 -3.0000000000000000e+02
2.9730900000000000e+00 4.6671892854847744e+02 -3.0000000000000000e+02
2.9740866666666665e+00 4.6701792854847741e+02 -3.0000000000000000e+02
2.9750833333333335e+00 4.6731692854847751e+02 -3.0000000000000000e+02
2.9760800000000001e+00 4.6761592854847748e+02 -3.0000000000000000e+02
2.9770766666666666e+00 4.6791492854847746e+02 -3.0000000000000000e+02
2.9780733333333336e+00 4.6821392854847755e+02 -3.0000000000000000e+02
2.9790700000000001e+00 4.6851292854847753e+02 -3.0000000000000000e+02
2.9800666666666666e+00 4.6881192854847751e+02 -3.0000000000000000e+02
2.9810633333333332e+00 4.6911092854847749e+02 -3.0000000000000000e+02
2.9820600000000002e+00 4.6940992854847758e+02 -3.0000000000000000e+02
2.9830566666666667e+00 4.6970892854847756e+02 -3.0000000000000000e+02
2.9840533333333332e+00 4.7000792854847754e+02 -3.0000000000000000e+02
2.9850500000000002e+00 4.7030692854847763e+02 -3.0000000000000000e+02
2.9860466666666667e+00 4.7060592854847761e+02 -3.0000000000000000e+02
2.9870433333333333e+00 4.7090492854847759e+02 -3.0000000000000000e+02
2.9880400000000003e+00 4.7120392854847768e+02 -3.0000000000000000e+02
2.9890366666666668e+00 4.7150292854847766e+02 -3.0000000000000000e+02
2.9900333333333333e+00 4.7180192854847763e+02 -3.0000000000000000e+02
2.9910299999999999e+00 4.7210092854847761e+02 -3.0000000000000000e+02
2.9920266666666668e+00 4.7239992854847770e+02 -3.0000000000000000e+02
2.9930233333333334e+00 4.7269892854847768e+02 -3.0000000000000000e+02
2.9940199999999999e+00 4.7299792854847766e+02 -3.0000000000000000e+02
2.9950166666666669e+00 4.7329692854847775e+02 -3.0000000000000000e+02
2.9960133333333334e+00 4.7359592854847773e+02 -3.0000000000000000e+02
2.9970100000000000e+00 4.7389492854847771e+02 -3.0000000000000000e+02
2.9980066666666665e+00 4.7419392854847769e+02 -3.0000000000000000e+02
2.9990033333333335e+00 4.7449292854847778e+02 -3.0000000000000000e+02
3.0000000000000000e+00 4.7479192854847776e+02 -3.0000000000000000e+02
