# x energy force
0.0000000000000000e+00 3.2986802536920116e+01 -5.0227004546283325e+02
1.5707963267948967e-03 3.2204007097198669e+01 -4.9441606382885993e+02
3.1415926535897933e-03 3.1433548662978588e+01 -4.8656208219488548e+02
4.7123889803846897e-03 3.0675427234259864e+01 -4.7870810056091096e+02
6.2831853071795866e-03 2.9929642811042505e+01 -4.7085411892693679e+02
7.8539816339744835e-03 2.9196195393326509e+01 -4.6300013729296199e+02
9.4247779607693795e-03 2.8475084981111870e+01 -4.5514615565898754e+02
1.0995574287564277e-02 2.7766311574398593e+01 -4.4729217402501337e+02
1.2566370614359173e-02 2.7069875173186681e+01 -4.3943819239103857e+02
1.4137166941154069e-02 2.6385775777476130e+01 -4.3158421075706411e+02
1.5707963267948967e-02 2.5714013387266942e+01 -4.2373022912308988e+02
1.7278759594743863e-02 2.5054588002559107e+01 -4.1587624748911509e+02
1.8849555921538759e-02 2.4407499623352649e+01 -4.0802226585514092e+02
2.0420352248333655e-02 2.3772748249647535e+01 -4.0016828422116640e+02
2.1991148575128554e-02 2.3150333881443792e+01 -3.9231430258719161e+02
2.3561944901923450e-02 2.2540256518741412e+01 -3.8446032095321743e+02
2.5132741228718346e-02 2.1942516161540393e+01 -3.7660633931924269e+02
2.6703537555513242e-02 2.1357112809840736e+01 -3.6875235768526818e+02
2.8274333882308138e-02 2.0784046463642440e+01 -3.6089837605129401e+02
2.9845130209103038e-02 2.0223317122945502e+01 -3.5304439441731921e+02
3.1415926535897934e-02 1.9674924787749930e+01 -3.4519041278334504e+02
3.2986722862692830e-02 1.9138869458055719e+01 -3.3733643114937053e+02
3.4557519189487726e-02 1.8615151133862874e+01 -3.2948244951539579e+02
3.6128315516282622e-02 1.8103769815171383e+01 -3.2162846788142161e+02
3.7699111843077518e-02 1.7604725501981257e+01 -3.1377448624744682e+02
3.9269908169872414e-02 1.7118018194292492e+01 -3.0592050461347236e+02
4.0840704496667310e-02 1.6643647892105090e+01 -2.9806652297949842e+02
4.2411500823462213e-02 1.6181614595419049e+01 -2.9021254134552333e+02
4.3982297150257109e-02 1.5731918304234370e+01 -2.8235855971154888e+02
4.5553093477052005e-02 1.5294559018551052e+01 -2.7450457807757465e+02
4.7123889803846901e-02 1.4869536738369096e+01 -2.6665059644359991e+02
4.8694686130641797e-02 1.4456851463688501e+01 -2.5879661480962574e+02
5.0265482457436693e-02 1.4056503194509268e+01 -2.5094263317565122e+02
5.1836278784231589e-02 1.3668491930831397e+01 -2.4308865154167648e+02
5.3407075111026485e-02 1.3292817672654889e+01 -2.3523466990770200e+02
5.4977871437821381e-02 1.2929480419979742e+01 -2.2738068827372751e+02
5.6548667764616277e-02 1.2578480172805957e+01 -2.1952670663975331e+02
5.8119464091411173e-02 1.2239816931133532e+01 -2.1167272500577883e+02
5.9690260418206076e-02 1.1913490694962469e+01 -2.0381874337180403e+02
6.1261056745000972e-02 1.1599501464292768e+01 -1.9596476173782983e+02
6.2831853071795868e-02 1.1297849239124428e+01 -1.8811078010385535e+02
6.4402649398590764e-02 1.1008534019457452e+01 -1.8025679846988061e+02
6.5973445725385660e-02 1.0731555805291837e+01 -1.7240281683590641e+02
6.7544242052180556e-02 1.0466914596627582e+01 -1.6454883520193164e+02
6.9115038378975452e-02 1.0214610393464691e+01 -1.5669485356795715e+02
7.0685834705770348e-02 9.9746431958031607e+00 -1.4884087193398295e+02
7.2256631032565244e-02 9.7470130036429907e+00 -1.4098689030000818e+02
7.3827427359360140e-02 9.5317198169841841e+00 -1.3313290866603401e+02
7.5398223686155036e-02 9.3287636358267392e+00 -1.2527892703205954e+02
7.6969020012949932e-02 9.1381444601706558e+00 -1.1742494539808477e+02
7.8539816339744828e-02 8.9598622900159341e+00 -1.0957096376411029e+02
8.0110612666539724e-02 8.7939171253625723e+00 -1.0171698213013582e+02
8.1681408993334620e-02 8.6403089662105739e+00 -9.3863000496161618e+01
8.3252205320129516e-02 8.4990378125599371e+00 -8.6009018862187403e+01
8.4823001646924426e-02 8.3701036644106601e+00 -7.8155037228212294e+01
8.6393797973719322e-02 8.2535065217627466e+00 -7.0301055594237823e+01
8.7964594300514218e-02 8.1492463846161947e+00 -6.2447073960263623e+01
8.9535390627309114e-02 8.0573232529710044e+00 -5.4593092326288861e+01
9.1106186954104010e-02 7.9777371268271766e+00 -4.6739110692314668e+01
9.2676983280898906e-02 7.9104880061847096e+00 -3.8885129058339899e+01
9.4247779607693802e-02 7.8555758910436051e+00 -3.1031147424365422e+01
9.5818575934488698e-02 7.8130007814038613e+00 -2.3177165790391221e+01
9.7389372261283594e-02 7.7827626772654801e+00 -1.5323184156416461e+01
9.8960168588078490e-02 7.7648615786284596e+00 -7.4692025224422647e+00
1.0053096491487339e-01 7.7585926761407356e+00 -2.2700454628346853e+00
1.0210176124166828e-01 7.7550268970660579e+00 -2.2700454628344029e+00
1.0367255756846318e-01 7.7514611179913802e+00 -2.2700454628346853e+00
1.0524335389525807e-01 7.7478953389167025e+00 -2.2700454628346853e+00
1.0681415022205297e-01 7.7443295598420248e+00 -2.2700454628344029e+00
1.0838494654884787e-01 7.7407637807673471e+00 -2.2700454628346853e+00
1.0995574287564276e-01 7.7371980016926694e+00 -2.2700454628344029e+00
1.1152653920243766e-01 7.7336322226179917e+00 -2.2700454628344029e+00
1.1309733552923255e-01 7.7300664435433140e+00 -2.2700454628346853e+00
1.1466813185602745e-01 7.7265006644686363e+00 -2.2700454628344029e+00
1.1623892818282235e-01 7.7229348853939586e+00 -2.2700454628346756e+00
1.1780972450961726e-01 7.7193691063192800e+00 -2.2700454628346756e+00
1.1938052083641215e-01 7.7158033272446023e+00 -2.2700454628344029e+00
1.2095131716320705e-01 7.7122375481699246e+00 -2.2700454628344029e+00
1.2252211349000194e-01 7.7086717690952469e+00 -2.2700454628344029e+00
1.2409290981679684e-01 7.7051059900205692e+00 -2.2700454628346853e+00
1.2566370614359174e-01 7.7015402109458906e+00 -2.2700454628349780e+00
1.2723450247038662e-01 7.6979744318712129e+00 -2.2700454628344029e+00
1.2880529879718153e-01 7.6944086527965352e+00 -2.2700454628344029e+00
1.3037609512397641e-01 7.6908428737218575e+00 -2.2700454628346853e+00
1.3194689145077132e-01 7.6872770946471798e+00 -2.2700454628344029e+00
1.3351768777756620e-01 7.6837113155725021e+00 -2.2700454628346853e+00
1.3508848410436111e-01 7.6801455364978244e+00 -2.2700454628343829e+00
1.3665928043115602e-01 7.6765797574231467e+00 -2.2700454628344029e+00
1.3823007675795090e-01 7.6730139783484690e+00 -2.2700454628346853e+00
1.3980087308474581e-01 7.6694481992737913e+00 -2.2700454628344029e+00
1.4137166941154070e-01 7.6658824201991136e+00 -2.2700454628346853e+00
1.4294246573833561e-01 7.6623166411244359e+00 -2.2700454628344029e+00
1.4451326206513049e-01 7.6587508620497582e+00 -2.2700454628344029e+00
1.4608405839192540e-01 7.6551850829750805e+00 -2.2700454628346853e+00
1.4765485471872028e-01 7.6516193039004028e+00 -2.2700454628346853e+00
1.4922565104551519e-01 7.6480535248257242e+00 -2.2700454628346853e+00
1.5079644737231007e-01 7.6444877457510465e+00 -2.2700454628346853e+00
1.5236724369910498e-01 7.6409219666763688e+00 -2.2700454628344029e+00
1.5393804002589986e-01 7.6373561876016911e+00 -2.2700454628344029e+00
1.5550883635269477e-01 7.6337904085270134e+00 -2.2700454628346853e+00
1.5707963267948966e-01 7.6302246294523357e+00 -2.2700454628344029e+00
1.5865042900628457e-01 7.6266588503776580e+00 -2.2700454628346853e+00
1.6022122533307945e-01 7.6230930713029803e+00 -2.2700454628344029e+00
1.6179202165987436e-01 7.6195272922283026e+00 -2.2700454628344029e+00
1.6336281798666924e-01 7.6159615131536249e+00 -2.2700454628346853e+00
1.6493361431346415e-01 7.6123957340789472e+00 -2.2700454628344029e+00
1.6650441064025903e-01 7.6088299550042695e+00 -2.2700454628346853e+00
1.6807520696705394e-01 7.6052641759295909e+00 -2.2700454628349482e+00
1.6964600329384885e-01 7.6016983968549123e+00 -2.2700454628344029e+00
1.7121679962064373e-01 7.5981326177802346e+00 -2.2700454628344029e+00
1.7278759594743864e-01 7.5945668387055569e+00 -2.2700454628346853e+00
1.7435839227423353e-01 7.5910010596308792e+00 -2.2700454628344029e+00
1.7592918860102844e-01 7.5874352805562015e+00 -2.2700454628346853e+00
1.7749998492782332e-01 7.5838695014815238e+00 -2.2700454628344029e+00
1.7907078125461823e-01 7.5803037224068461e+00 -2.2700454628344029e+00
1.8064157758141311e-01 7.5767379433321684e+00 -2.2700454628346853e+00
1.8221237390820802e-01 7.5731721642574907e+00 -2.2700454628344029e+00
1.8378317023500290e-01 7.5696063851828130e+00 -2.2700454628346853e+00
1.8535396656179781e-01 7.5660406061081344e+00 -2.2700454628346853e+00
1.8692476288859269e-01 7.5624748270334567e+00 -2.2700454628344029e+00
1.8849555921538760e-01 7.5589090479587790e+00 -2.2700454628344029e+00
1.9006635554218249e-01 7.5553432688841013e+00 -2.2700454628346853e+00
1.9163715186897740e-01 7.5517774898094228e+00 -2.2700454628346853e+00
1.9320794819577228e-01 7.5482117107347451e+00 -2.2700454628344029e+00
1.9477874452256719e-01 7.5446459316600674e+00 -2.2700454628344029e+00
1.9634954084936207e-01 7.5410801525853897e+00 -2.2700454628346853e+00
1.9792033717615698e-01 7.5375143735107111e+00 -2.2700454628346853e+00
1.9949113350295186e-01 7.5339485944360334e+00 -2.2700454628344029e+00
2.0106192982974677e-01 7.5303828153613557e+00 -2.2700454628346658e+00
2.0263272615654168e-01 7.5268170362866780e+00 -2.2700454628344029e+00
2.0420352248333656e-01 7.5232512572120003e+00 -2.2700454628344029e+00
2.0577431881013147e-01 7.5196854781373226e+00 -2.2700454628346853e+00
2.0734511513692636e-01 7.5161196990626449e+00 -2.2700454628344029e+00
2.0891591146372127e-01 7.5125539199879672e+00 -2.2700454628346853e+00
2.1048670779051615e-01 7.5089881409132895e+00 -2.2700454628346853e+00
2.1205750411731106e-01 7.5054223618386118e+00 -2.2700454628344029e+00
2.1362830044410594e-01 7.5018565827639341e+00 -2.2700454628346853e+00
2.1519909677090085e-01 7.4982908036892555e+00 -2.2700454628346853e+00
2.1676989309769573e-01 7.4947250246145778e+00 -2.2700454628344029e+00
2.1834068942449064e-01 7.4911592455399001e+00 -2.2700454628344029e+00
2.1991148575128552e-01 7.4875934664652224e+00 -2.2700454628344029e+00
2.2148228207808043e-01 7.4840276873905447e+00 -2.2700454628346853e+00
2.2305307840487532e-01 7.4804619083158670e+00 -2.2700454628346853e+00
2.2462387473167023e-01 7.4768961292411893e+00 -2.2700454628344029e+00
2.2619467105846511e-01 7.4733303501665116e+00 -2.2700454628346853e+00
2.2776546738526002e-01 7.4697645710918339e+00 -2.2700454628344029e+00
2.2933626371205490e-01 7.4661987920171562e+00 -2.2700454628344029e+00
2.3090706003884981e-01 7.4626330129424785e+00 -2.2700454628346853e+00
2.3247785636564469e-01 7.4590672338678008e+00 -2.2700454628344029e+00
2.3404865269243960e-01 7.4555014547931231e+00 -2.2700454628346658e+00
2.3561944901923451e-01 7.4519356757184445e+00 -2.2700454628346853e+00
2.3719024534602939e-01 7.4483698966437668e+00 -2.2700454628344029e+00
2.3876104167282430e-01 7.4448041175690891e+00 -2.2700454628346853e+00
2.4033183799961919e-01 7.4412383384944114e+00 -2.2700454628346853e+00
2.4190263432641410e-01 7.4376725594197337e+00 -2.2700454628344029e+00
2.4347343065320898e-01 7.4341067803450560e+00 -2.2700454628346853e+00
2.4504422698000389e-01 7.4305410012703783e+00 -2.2700454628344029e+00
2.4661502330679877e-01 7.4269752221957006e+00 -2.2700454628344029e+00
2.4818581963359368e-01 7.4234094431210229e+00 -2.2700454628346853e+00
2.4975661596038856e-01 7.4198436640463452e+00 -2.2700454628344029e+00
2.5132741228718347e-01 7.4162778849716675e+00 -2.2700454628346658e+00
2.5289820861397838e-01 7.4127121058969898e+00 -2.2700454628344229e+00
2.5446900494077324e-01 7.4091463268223121e+00 -2.2700454628344229e+00
2.5603980126756815e-01 7.4055805477476335e+00 -2.2700454628349482e+00
2.5761059759436306e-01 7.4020147686729549e+00 -2.2700454628346658e+00
2.5918139392115797e-01 7.3984489895982772e+00 -2.2700454628344224e+00
2.6075219024795282e-01 7.3948832105235995e+00 -2.2700454628344224e+00
2.6232298657474773e-01 7.3913174314489218e+00 -2.2700454628343829e+00
2.6389378290154264e-01 7.3877516523742441e+00 -2.2700454628346658e+00
2.6546457922833755e-01 7.3841858732995656e+00 -2.2700454628347058e+00
2.6703537555513240e-01 7.3806200942248879e+00 -2.2700454628344224e+00
2.6860617188192731e-01 7.3770543151502102e+00 -2.2700454628346658e+00
2.7017696820872222e-01 7.3734885360755325e+00 -2.2700454628343829e+00
2.7174776453551713e-01 7.3699227570008548e+00 -2.2700454628343829e+00
2.7331856086231204e-01 7.3663569779261771e+00 -2.2700454628347058e+00
2.7488935718910690e-01 7.3627911988514994e+00 -2.2700454628344224e+00
2.7646015351590181e-01 7.3592254197768217e+00 -2.2700454628346658e+00
2.7803094984269672e-01 7.3556596407021431e+00 -2.2700454628346658e+00
2.7960174616949163e-01 7.3520938616274654e+00 -2.2700454628344224e+00
2.8117254249628648e-01 7.3485280825527877e+00 -2.2700454628347058e+00
2.8274333882308139e-01 7.3449623034781091e+00 -2.2700454628346658e+00
2.8431413514987630e-01 7.3413965244034314e+00 -2.2700454628343829e+00
2.8588493147667121e-01 7.3378307453287537e+00 -2.2700454628347058e+00
2.8745572780346607e-01 7.3342649662540760e+00 -2.2700454628344229e+00
2.8902652413026098e-01 7.3306991871793983e+00 -2.2700454628343829e+00
2.9059732045705589e-01 7.3271334081047206e+00 -2.2700454628346658e+00
2.9216811678385080e-01 7.3235676290300429e+00 -2.2700454628344224e+00
2.9373891311064565e-01 7.3200018499553652e+00 -2.2700454628347058e+00
2.9530970943744056e-01 7.3164360708806875e+00 -2.2700454628343829e+00
2.9688050576423547e-01 7.3128702918060098e+00 -2.2700454628343829e+00
2.9845130209103038e-01 7.3093045127313312e+00 -2.2700454628349891e+00
3.0002209841782523e-01 7.3057387336566535e+00 -2.2700454628344229e+00
3.0159289474462014e-01 7.3021729545819758e+00 -2.2700454628343829e+00
3.0316369107141505e-01 7.2986071755072981e+00 -2.2700454628346658e+00
3.0473448739820996e-01 7.2950413964326204e+00 -2.2700454628343829e+00
3.0630528372500487e-01 7.2914756173579427e+00 -2.2700454628347058e+00
3.0787608005179973e-01 7.2879098382832650e+00 -2.2700454628347058e+00
3.0944687637859464e-01 7.2843440592085873e+00 -2.2700454628343829e+00
3.1101767270538955e-01 7.2807782801339096e+00 -2.2700454628346658e+00
3.1258846903218446e-01 7.2772125010592310e+00 -2.2700454628347058e+00
3.1415926535897931e-01 7.2736467219845533e+00 -2.2700454628344224e+00
3.1573006168577422e-01 7.2700809429098756e+00 -2.2700454628343829e+00
3.1730085801256913e-01 7.2665151638351979e+00 -2.2700454628343829e+00
3.1887165433936404e-01 7.2629493847605202e+00 -2.2700454628347058e+00
3.2044245066615890e-01 7.2593836056858425e+00 -2.2700454628347058e+00
3.2201324699295381e-01 7.2558178266111648e+00 -2.2700454628343829e+00
3.2358404331974872e-01 7.2522520475364871e+00 -2.2700454628346658e+00
3.2515483964654363e-01 7.2486862684618085e+00 -2.2700454628347058e+00
3.2672563597333848e-01 7.2451204893871308e+00 -2.2700454628344224e+00
3.2829643230013339e-01 7.2415547103124531e+00 -2.2700454628343829e+00
3.2986722862692830e-01 7.2379889312377754e+00 -2.2700454628343829e+00
3.3143802495372321e-01 7.2344231521630977e+00 -2.2700454628347058e+00
3.3300882128051806e-01 7.2308573730884200e+00 -2.2700454628347058e+00
3.3457961760731297e-01 7.2272915940137423e+00 -2.2700454628343829e+00
3.3615041393410788e-01 7.2237258149390646e+00 -2.2700454628346658e+00
3.3772121026090279e-01 7.2201600358643860e+00 -2.2700454628346658e+00
3.3929200658769770e-01 7.2165942567897083e+00 -2.2700454628344224e+00
3.4086280291449256e-01 7.2130284777150306e+00 -2.2700454628344224e+00
3.4243359924128747e-01 7.2094626986403529e+00 -2.2700454628343829e+00
3.4400439556808238e-01 7.2058969195656752e+00 -2.2700454628346658e+00
3.4557519189487729e-01 7.2023311404909967e+00 -2.2700454628347058e+00
3.4714598822167214e-01 7.1987653614163190e+00 -2.2700454628344224e+00
3.4871678454846705e-01 7.1951995823416413e+00 -2.2700454628346658e+00
3.5028758087526196e-01 7.1916338032669627e+00 -2.2700454628346658e+00
3.5185837720205687e-01 7.1880680241922850e+00 -2.2700454628344224e+00
3.5342917352885173e-01 7.1845022451176073e+00 -2.2700454628344224e+00
3.5499996985564664e-01 7.1809364660429296e+00 -2.2700454628346658e+00
3.5657076618244155e-01 7.1773706869682510e+00 -2.2700454628346658e+00
3.5814156250923646e-01 7.1738049078935733e+00 -2.2700454628344224e+00
3.5971235883603131e-01 7.1702391288188956e+00 -2.2700454628344224e+00
3.6128315516282622e-01 7.1666733497442179e+00 -2.2700454628346658e+00
3.6285395148962113e-01 7.1631075706695393e+00 -2.2700454628346658e+00
3.6442474781641604e-01 7.1595417915948616e+00 -2.2700454628344224e+00
3.6599554414321089e-01 7.1559760125201839e+00 -2.2700454628347058e+00
3.6756634047000580e-01 7.1524102334455053e+00 -2.2700454628346658e+00
3.6913713679680071e-01 7.1488444543708276e+00 -2.2700454628343829e+00
3.7070793312359562e-01 7.1452786752961499e+00 -2.2700454628343829e+00
3.7227872945039053e-01 7.1417128962214722e+00 -2.2700454628344224e+00
3.7384952577718539e-01 7.1381471171467945e+00 -2.2700454628347058e+00
3.7542032210398030e-01 7.1345813380721159e+00 -2.2700454628346658e+00
3.7699111843077521e-01 7.1310155589974382e+00 -2.2700454628343829e+00
3.7856191475757012e-01 7.1274497799227605e+00 -2.2700454628347058e+00
3.8013271108436497e-01 7.1238840008480828e+00 -2.2700454628347058e+00
3.8170350741115988e-01 7.1203182217734051e+00 -2.2700454628343829e+00
3.8327430373795479e-01 7.1167524426987274e+00 -2.2700454628343829e+00
3.8484510006474970e-01 7.1131866636240497e+00 -2.2700454628344224e+00
3.8641589639154456e-01 7.1096208845493720e+00 -2.2700454628347058e+00
3.8798669271833947e-01 7.1060551054746934e+00 -2.2700454628346658e+00
3.8955748904513438e-01 7.1024893264000157e+00 -2.2700454628343829e+00
3.9112828537192929e-01 7.0989235473253380e+00 -2.2700454628347058e+00
3.9269908169872414e-01 7.0953577682506603e+00 -2.2700454628347058e+00
3.9426987802551905e-01 7.0917919891759826e+00 -2.2700454628343829e+00
3.9584067435231396e-01 7.0882262101013049e+00 -2.2700454628343829e+00
3.9741147067910887e-01 7.0846604310266272e+00 -2.2700454628347058e+00
3.9898226700590372e-01 7.0810946519519495e+00 -2.2700454628347058e+00
4.0055306333269863e-01 7.0775288728772718e+00 -2.2700454628343829e+00
4.0212385965949354e-01 7.0739630938025941e+00 -2.2700454628343829e+00
4.0369465598628845e-01 7.0703973147279164e+00 -2.2700454628346658e+00
4.0526545231308336e-01 7.0668315356532379e+00 -2.2700454628347058e+00
4.0683624863987822e-01 7.0632657565785602e+00 -2.2700454628344224e+00
4.0840704496667313e-01 7.0596999775038825e+00 -2.2700454628346658e+00
4.0997784129346804e-01 7.0561341984292039e+00 -2.2700454628346658e+00
4.1154863762026295e-01 7.0525684193545262e+00 -2.2700454628344224e+00
4.1311943394705780e-01 7.0490026402798485e+00 -2.2700454628344224e+00
4.1469023027385271e-01 7.0454368612051708e+00 -2.2700454628343829e+00
4.1626102660064762e-01 7.0418710821304931e+00 -2.2700454628346658e+00
4.1783182292744253e-01 7.0383053030558145e+00 -2.2700454628347058e+00
4.1940261925423739e-01 7.0347395239811368e+00 -2.2700454628344224e+00
4.2097341558103230e-01 7.0311737449064591e+00 -2.2700454628346658e+00
4.2254421190782721e-01 7.0276079658317805e+00 -2.2700454628346658e+00
4.2411500823462212e-01 7.0240421867571028e+00 -2.2700454628344224e+00
4.2568580456141697e-01 7.0204764076824251e+00 -2.2700454628344224e+00
4.2725660088821188e-01 7.0169106286077474e+00 -2.2700454628343829e+00
4.2882739721500679e-01 7.0133448495330697e+00 -2.2700454628346658e+00
4.3039819354180170e-01 7.0097790704583911e+00 -2.2700454628347058e+00
4.3196898986859655e-01 7.0062132913837134e+00 -2.2700454628344224e+00
4.3353978619539146e-01 7.0026475123090357e+00 -2.2700454628346658e+00
4.3511058252218637e-01 6.9990817332343571e+00 -2.2700454628346658e+00
4.3668137884898128e-01 6.9955159541596794e+00 -2.2700454628343829e+00
4.3825217517577619e-01 6.9919501750850017e+00 -2.2700454628344224e+00
4.3982297150257105e-01 6.9883843960103240e+00 -2.2700454628347058e+00
4.4139376782936596e-01 6.9848186169356454e+00 -2.2700454628346658e+00
4.4296456415616087e-01 6.9812528378609677e+00 -2.2700454628343829e+00
4.4453536048295578e-01 6.9776870587862900e+00 -2.2700454628344224e+00
4.4610615680975063e-01 6.9741212797116123e+00 -2.2700454628347058e+00
4.4767695313654554e-01 6.9705555006369337e+00 -2.2700454628346658e+00
4.4924774946334045e-01 6.9669897215622560e+00 -2.2700454628343829e+00
4.5081854579013536e-01 6.9634239424875783e+00 -2.2700454628347058e+00
4.5238934211693022e-01 6.9598581634129006e+00 -2.2700454628344229e+00
4.5396013844372513e-01 6.9562923843382229e+00 -2.2700454628343829e+00
4.5553093477052004e-01 6.9527266052635452e+00 -2.2700454628346658e+00
4.5710173109731495e-01 6.9491608261888675e+00 -2.2700454628344224e+00
4.5867252742410980e-01 6.9455950471141898e+00 -2.2700454628347058e+00
4.6024332375090471e-01 6.9420292680395113e+00 -2.2700454628346658e+00
4.6181412007769962e-01 6.9384634889648336e+00 -2.2700454628343829e+00
4.6338491640449453e-01 6.9348977098901559e+00 -2.2700454628344224e+00
4.6495571273128938e-01 6.9313319308154782e+00 -2.2700454628347058e+00
4.6652650905808429e-01 6.9277661517407996e+00 -2.2700454628346658e+00
4.6809730538487920e-01 6.9242003726661219e+00 -2.2700454628343829e+00
4.6966810171167411e-01 6.9206345935914442e+00 -2.2700454628343829e+00
4.7123889803846902e-01 6.9170688145167665e+00 -2.2700454628347058e+00
4.7280969436526388e-01 6.9135030354420888e+00 -2.2700454628347058e+00
4.7438049069205879e-01 6.9099372563674111e+00 -2.2700454628343829e+00
4.7595128701885370e-01 6.9063714772927334e+00 -2.2700454628346658e+00
4.7752208334564861e-01 6.9028056982180557e+00 -2.2700454628344229e+00
4.7909287967244346e-01 6.8992399191433780e+00 -2.2700454628344229e+00
4.8066367599923837e-01 6.8956741400687003e+00 -2.2700454628346658e+00
4.8223447232603328e-01 6.8921083609940217e+00 -2.2700454628346658e+00
4.8380526865282819e-01 6.8885425819193431e+00 -2.2700454628347058e+00
4.8537606497962305e-01 6.8849768028446654e+00 -2.2700454628344224e+00
4.8694686130641796e-01 6.8814110237699877e+00 -2.2700454628343829e+00
4.8851765763321287e-01 6.8778452446953100e+00 -2.2700454628346658e+00
4.9008845396000777e-01 6.8742794656206314e+00 -2.2700454628347058e+00
4.9165925028680263e-01 6.8707136865459537e+00 -2.2700454628344224e+00
4.9323004661359754e-01 6.8671479074712760e+00 -2.2700454628346658e+00
4.9480084294039245e-01 6.8635821283965983e+00 -2.2700454628343829e+00
4.9637163926718736e-01 6.8600163493219206e+00 -2.2700454628344229e+00
4.9794243559398221e-01 6.8564505702472429e+00 -2.2700454628347058e+00
4.9951323192077712e-01 6.8528847911725652e+00 -2.2700454628343829e+00
5.0108402824757203e-01 6.8493190120978875e+00 -2.2700454628346658e+00
5.0265482457436694e-01 6.8457532330232089e+00 -2.2700454628346658e+00
5.0422562090116185e-01 6.8421874539485312e+00 -2.2700454628343829e+00
5.0579641722795676e-01 6.8386216748738535e+00 -2.2700454628346658e+00
5.0736721355475167e-01 6.8350558957991758e+00 -2.2700454628344633e+00
5.0893800988154647e-01 6.8314901167244981e+00 -2.2700454628344633e+00
5.1050880620834138e-01 6.8279243376498204e+00 -2.2700454628346658e+00
5.1207960253513629e-01 6.8243585585751427e+00 -2.2700454628343829e+00
5.1365039886193120e-01 6.8207927795004650e+00 -2.2700454628346658e+00
5.1522119518872611e-01 6.8172270004257864e+00 -2.2700454628346658e+00
5.1679199151552102e-01 6.8136612213511087e+00 -2.2700454628343829e+00
5.1836278784231593e-01 6.8100954422764310e+00 -2.2700454628346658e+00
5.1993358416911084e-01 6.8065296632017533e+00 -2.2700454628344633e+00
5.2150438049590564e-01 6.8029638841270756e+00 -2.2700454628344633e+00
5.2307517682270055e-01 6.7993981050523979e+00 -2.2700454628346658e+00
5.2464597314949546e-01 6.7958323259777202e+00 -2.2700454628343829e+00
5.2621676947629037e-01 6.7922665469030425e+00 -2.2700454628346658e+00
5.2778756580308528e-01 6.7887007678283640e+00 -2.2700454628346658e+00
5.2935836212988019e-01 6.7851349887536863e+00 -2.2700454628343829e+00
5.3092915845667510e-01 6.7815692096790086e+00 -2.2700454628346658e+00
5.3249995478347001e-01 6.7780034306043309e+00 -2.2700454628344633e+00
5.3407075111026481e-01 6.7744376515296532e+00 -2.2700454628344633e+00
5.3564154743705972e-01 6.7708718724549755e+00 -2.2700454628346658e+00
5.3721234376385463e-01 6.7673060933802978e+00 -2.2700454628343829e+00
5.3878314009064954e-01 6.7637403143056201e+00 -2.2700454628346658e+00
5.4035393641744445e-01 6.7601745352309415e+00 -2.2700454628346658e+00
5.4192473274423936e-01 6.7566087561562638e+00 -2.2700454628343829e+00
5.4349552907103427e-01 6.7530429770815861e+00 -2.2700454628346658e+00
5.4506632539782918e-01 6.7494771980069075e+00 -2.2700454628346658e+00
5.4663712172462409e-01 6.7459114189322298e+00 -2.2700454628344633e+00
5.4820791805141889e-01 6.7423456398575521e+00 -2.2700454628344633e+00
5.4977871437821380e-01 6.7387798607828744e+00 -2.2700454628343829e+00
5.5134951070500871e-01 6.7352140817081967e+00 -2.2700454628346658e+00
5.5292030703180362e-01 6.7316483026335181e+00 -2.2700454628346658e+00
5.5449110335859852e-01 6.7280825235588404e+00 -2.2700454628343829e+00
5.5606189968539343e-01 6.7245167444841627e+00 -2.2700454628346658e+00
5.5763269601218834e-01 6.7209509654094841e+00 -2.2700454628346658e+00
5.5920349233898325e-01 6.7173851863348064e+00 -2.2700454628344633e+00
5.6077428866577805e-01 6.7138194072601287e+00 -2.2700454628344633e+00
5.6234508499257296e-01 6.7102536281854510e+00 -2.2700454628343829e+00
5.6391588131936787e-01 6.7066878491107733e+00 -2.2700454628346658e+00
5.6548667764616278e-01 6.7031220700360947e+00 -2.2700454628346658e+00
5.6705747397295769e-01 6.6995562909614170e+00 -2.2700454628343829e+00
5.6862827029975260e-01 6.6959905118867393e+00 -2.2700454628346658e+00
5.7019906662654751e-01 6.6924247328120607e+00 -2.2700454628346658e+00
5.7176986295334242e-01 6.6888589537373830e+00 -2.2700454628343829e+00
5.7334065928013733e-01 6.6852931746627053e+00 -2.2700454628344633e+00
5.7491145560693213e-01 6.6817273955880276e+00 -2.2700454628344633e+00
5.7648225193372704e-01 6.6781616165133499e+00 -2.2700454628346658e+00
5.7805304826052195e-01 6.6745958374386714e+00 -2.2700454628346658e+00
5.7962384458731686e-01 6.6710300583639937e+00 -2.2700454628343829e+00
5.8119464091411177e-01 6.6674642792893160e+00 -2.2700454628346658e+00
5.8276543724090668e-01 6.6638985002146374e+00 -2.2700454628346658e+00
5.8433623356770159e-01 6.6603327211399597e+00 -2.2700454628343829e+00
5.8590702989449650e-01 6.6567669420652820e+00 -2.2700454628344633e+00
5.8747782622129130e-01 6.6532011629906043e+00 -2.2700454628344633e+00
5.8904862254808621e-01 6.6496353839159266e+00 -2.2700454628346658e+00
5.9061941887488112e-01 6.6460696048412480e+00 -2.2700454628346658e+00
5.9219021520167603e-01 6.6425038257665703e+00 -2.2700454628343829e+00
5.9376101152847094e-01 6.6389380466918926e+00 -2.2700454628346658e+00
5.9533180785526585e-01 6.6353722676172140e+00 -2.2700454628346658e+00
5.9690260418206076e-01 6.6318064885425363e+00 -2.2700454628343829e+00
5.9847340050885567e-01 6.6282407094678586e+00 -2.2700454628344633e+00
6.0004419683565047e-01 6.6246749303931809e+00 -2.2700454628344633e+00
6.0161499316244538e-01 6.6211091513185032e+00 -2.2700454628346658e+00
6.0318578948924029e-01 6.6175433722438246e+00 -2.2700454628346658e+00
6.0475658581603520e-01 6.6139775931691469e+00 -2.2700454628343829e+00
6.0632738214283011e-01 6.6104118140944692e+00 -2.2700454628346658e+00
6.0789817846962502e-01 6.6068460350197906e+00 -2.2700454628346658e+00
6.0946897479641993e-01 6.6032802559451129e+00 -2.2700454628343829e+00
6.1103977112321484e-01 6.5997144768704352e+00 -2.2700454628346658e+00
6.1261056745000975e-01 6.5961486977957566e+00 -2.2700454628347457e+00
6.1418136377680455e-01 6.5925829187210789e+00 -2.2700454628344633e+00
6.1575216010359946e-01 6.5890171396464012e+00 -2.2700454628343829e+00
6.1732295643039437e-01 6.5854513605717235e+00 -2.2700454628343829e+00
6.1889375275718927e-01 6.5818855814970458e+00 -2.2700454628346658e+00
6.2046454908398418e-01 6.5783198024223672e+00 -2.2700454628346658e+00
6.2203534541077909e-01 6.5747540233476895e+00 -2.2700454628343829e+00
6.2360614173757400e-01 6.5711882442730118e+00 -2.2700454628346658e+00
6.2517693806436891e-01 6.5676224651983333e+00 -2.2700454628347457e+00
6.2674773439116371e-01 6.5640566861236556e+00 -2.2700454628344633e+00
6.2831853071795862e-01 6.5604909070489779e+00 -2.2700454628343829e+00
6.2988932704475353e-01 6.5569251279743002e+00 -2.2700454628343829e+00
6.3146012337154844e-01 6.5533593488996225e+00 -2.2700454628346658e+00
6.3303091969834335e-01 6.5497935698249439e+00 -2.2700454628346658e+00
6.3460171602513826e-01 6.5462277907502662e+00 -2.2700454628343829e+00
6.3617251235193317e-01 6.5426620116755885e+00 -2.2700454628346658e+00
6.3774330867872808e-01 6.5390962326009099e+00 -2.2700454628346658e+00
6.3931410500552299e-01 6.5355304535262322e+00 -2.2700454628344633e+00
6.4088490133231779e-01 6.5319646744515545e+00 -2.2700454628344633e+00
6.4245569765911270e-01 6.5283988953768768e+00 -2.2700454628343829e+00
6.4402649398590761e-01 6.5248331163021991e+00 -2.2700454628346658e+00
6.4559729031270252e-01 6.5212673372275205e+00 -2.2700454628346658e+00
6.4716808663949743e-01 6.5177015581528428e+00 -2.2700454628343829e+00
6.4873888296629234e-01 6.5141357790781651e+00 -2.2700454628346658e+00
6.5030967929308725e-01 6.5105700000034865e+00 -2.2700454628346658e+00
6.5188047561988216e-01 6.5070042209288088e+00 -2.2700454628344633e+00
6.5345127194667696e-01 6.5034384418541311e+00 -2.2700454628344633e+00
6.5502206827347187e-01 6.4998726627794534e+00 -2.2700454628346658e+00
6.5659286460026678e-01 6.4963068837047748e+00 -2.2700454628346658e+00
6.5816366092706169e-01 6.4927411046300971e+00 -2.2700454628343829e+00
6.5973445725385660e-01 6.4891753255554194e+00 -2.2700454628343829e+00
6.6130525358065151e-01 6.4856095464807417e+00 -2.2700454628346658e+00
6.6287604990744642e-01 6.4820437674060631e+00 -2.2700454628346658e+00
6.6444684623424133e-01 6.4784779883313854e+00 -2.2700454628344633e+00
6.6601764256103613e-01 6.4749122092567077e+00 -2.2700454628347457e+00
6.6758843888783104e-01 6.4713464301820292e+00 -2.2700454628346658e+00
6.6915923521462595e-01 6.4677806511073515e+00 -2.2700454628343829e+00
6.7073003154142086e-01 6.4642148720326738e+00 -2.2700454628343829e+00
6.7230082786821577e-01 6.4606490929579961e+00 -2.2700454628343829e+00
6.7387162419501068e-01 6.4570833138833184e+00 -2.2700454628346658e+00
6.7544242052180559e-01 6.4535175348086398e+00 -2.2700454628346658e+00
6.7701321684860050e-01 6.4499517557339621e+00 -2.2700454628343829e+00
6.7858401317539541e-01 6.4463859766592844e+00 -2.2700454628347457e+00
6.8015480950219021e-01 6.4428201975846067e+00 -2.2700454628347457e+00
6.8172560582898512e-01 6.4392544185099290e+00 -2.2700454628343829e+00
6.8329640215578002e-01 6.4356886394352513e+00 -2.2700454628343829e+00
6.8486719848257493e-01 6.4321228603605736e+00 -2.2700454628343829e+00
6.8643799480936984e-01 6.4285570812858959e+00 -2.2700454628346658e+00
6.8800879113616475e-01 6.4249913022112173e+00 -2.2700454628346658e+00
6.8957958746295966e-01 6.4214255231365396e+00 -2.2700454628343829e+00
6.9115038378975457e-01 6.4178597440618619e+00 -2.2700454628347457e+00
6.9272118011654937e-01 6.4142939649871842e+00 -2.2700454628347457e+00
6.9429197644334428e-01 6.4107281859125065e+00 -2.2700454628343829e+00
6.9586277277013919e-01 6.4071624068378288e+00 -2.2700454628343829e+00
6.9743356909693410e-01 6.4035966277631511e+00 -2.2700454628346658e+00
6.9900436542372901e-01 6.4000308486884725e+00 -2.2700454628346658e+00
7.0057516175052392e-01 6.3964650696137948e+00 -2.2700454628343829e+00
7.0214595807731883e-01 6.3928992905391171e+00 -2.2700454628343829e+00
7.0371675440411374e-01 6.3893335114644394e+00 -2.2700454628346658e+00
7.0528755073090865e-01 6.3857677323897608e+00 -2.2700454628347457e+00
7.0685834705770345e-01 6.3822019533150831e+00 -2.2700454628344633e+00
7.0842914338449836e-01 6.3786361742404054e+00 -2.2700454628346658e+00
7.0999993971129327e-01 6.3750703951657268e+00 -2.2700454628346658e+00
7.1157073603808818e-01 6.3715046160910491e+00 -2.2700454628343829e+00
7.1314153236488309e-01 6.3679388370163714e+00 -2.2700454628343829e+00
7.1471232869167800e-01 6.3643730579416937e+00 -2.2700454628343829e+00
7.1628312501847291e-01 6.3608072788670160e+00 -2.2700454628346658e+00
7.1785392134526782e-01 6.3572414997923374e+00 -2.2700454628347457e+00
7.1942471767206262e-01 6.3536757207176597e+00 -2.2700454628344633e+00
7.2099551399885753e-01 6.3501099416429820e+00 -2.2700454628346658e+00
7.2256631032565244e-01 6.3465441625683034e+00 -2.2700454628346658e+00
7.2413710665244735e-01 6.3429783834936257e+00 -2.2700454628343829e+00
7.2570790297924226e-01 6.3394126044189480e+00 -2.2700454628343829e+00
7.2727869930603717e-01 6.3358468253442703e+00 -2.2700454628343829e+00
7.2884949563283208e-01 6.3322810462695927e+00 -2.2700454628346658e+00
7.3042029195962699e-01 6.3287152671949141e+00 -2.2700454628347457e+00
7.3199108828642179e-01 6.3251494881202364e+00 -2.2700454628344633e+00
7.3356188461321670e-01 6.3215837090455587e+00 -2.2700454628346658e+00
7.3513268094001161e-01 6.3180179299708801e+00 -2.2700454628346658e+00
7.3670347726680652e-01 6.3144521508962024e+00 -2.2700454628343829e+00
7.3827427359360143e-01 6.3108863718215247e+00 -2.2700454628343829e+00
7.3984506992039634e-01 6.3073205927468470e+00 -2.2700454628346658e+00
7.4141586624719125e-01 6.3037548136721684e+00 -2.2700454628346658e+00
7.4298666257398616e-01 6.3001890345974907e+00 -2.2700454628343829e+00
7.4455745890078107e-01 6.2966232555228130e+00 -2.2700454628344633e+00
7.4612825522757587e-01 6.2930574764481353e+00 -2.2700454628347457e+00
7.4769905155437077e-01 6.2894916973734567e+00 -2.2700454628346658e+00
7.4926984788116568e-01 6.2859259182987790e+00 -2.2700454628343829e+00
7.5084064420796059e-01 6.2823601392241013e+00 -2.2700454628343829e+00
7.5241144053475550e-01 6.2787943601494236e+00 -2.2700454628346658e+00
7.5398223686155041e-01 6.2752285810747450e+00 -2.2700454628346658e+00
7.5555303318834532e-01 6.2716628020000673e+00 -2.2700454628343829e+00
7.5712382951514023e-01 6.2680970229253896e+00 -2.2700454628344633e+00
7.5869462584193503e-01 6.2645312438507119e+00 -2.2700454628347457e+00
7.6026542216872994e-01 6.2609654647760333e+00 -2.2700454628346658e+00
7.6183621849552485e-01 6.2573996857013556e+00 -2.2700454628343829e+00
7.6340701482231976e-01 6.2538339066266779e+00 -2.2700454628346658e+00
7.6497781114911467e-01 6.2502681275519993e+00 -2.2700454628346658e+00
7.6654860747590958e-01 6.2467023484773216e+00 -2.2700454628343829e+00
7.6811940380270449e-01 6.2431365694026439e+00 -2.2700454628343829e+00
7.6969020012949940e-01 6.2395707903279662e+00 -2.2700454628346658e+00
7.7126099645629431e-01 6.2360050112532877e+00 -2.2700454628347457e+00
7.7283179278308911e-01 6.2324392321786100e+00 -2.2700454628344633e+00
7.7440258910988402e-01 6.2288734531039323e+00 -2.2700454628343829e+00
7.7597338543667893e-01 6.2253076740292546e+00 -2.2700454628346658e+00
7.7754418176347384e-01 6.2217418949545760e+00 -2.2700454628346658e+00
7.7911497809026875e-01 6.2181761158798983e+00 -2.2700454628343829e+00
7.8068577441706366e-01 6.2146103368052206e+00 -2.2700454628343829e+00
7.8225657074385857e-01 6.2110445577305429e+00 -2.2700454628346658e+00
7.8382736707065348e-01 6.2074787786558643e+00 -2.2700454628347457e+00
7.8539816339744828e-01 6.2039129995811866e+00 -2.2700454628344633e+00
7.8696895972424319e-01 6.2003472205065089e+00 -2.2700454628343829e+00
7.8853975605103810e-01 6.1967814414318312e+00 -2.2700454628346658e+00
7.9011055237783301e-01 6.1932156623571526e+00 -2.2700454628346658e+00
7.9168134870462792e-01 6.1896498832824749e+00 -2.2700454628343829e+00
7.9325214503142283e-01 6.1860841042077972e+00 -2.2700454628343829e+00
7.9482294135821774e-01 6.1825183251331195e+00 -2.2700454628346658e+00
7.9639373768501265e-01 6.1789525460584409e+00 -2.2700454628347457e+00
7.9796453401180745e-01 6.1753867669837632e+00 -2.2700454628344633e+00
7.9953533033860236e-01 6.1718209879090855e+00 -2.2700454628343829e+00
8.0110612666539727e-01 6.1682552088344078e+00 -2.2700454628346658e+00
8.0267692299219218e-01 6.1646894297597292e+00 -2.2700454628346658e+00
8.0424771931898709e-01 6.1611236506850515e+00 -2.2700454628343829e+00
8.0581851564578200e-01 6.1575578716103738e+00 -2.2700454628346658e+00
8.0738931197257691e-01 6.1539920925356952e+00 -2.2700454628346658e+00
8.0896010829937182e-01 6.1504263134610175e+00 -2.2700454628343829e+00
8.1053090462616673e-01 6.1468605343863398e+00 -2.2700454628344633e+00
8.1210170095296152e-01 6.1432947553116621e+00 -2.2700454628344633e+00
8.1367249727975643e-01 6.1397289762369844e+00 -2.2700454628346658e+00
8.1524329360655134e-01 6.1361631971623058e+00 -2.2700454628346658e+00
8.1681408993334625e-01 6.1325974180876281e+00 -2.2700454628343829e+00
8.1838488626014116e-01 6.1290316390129504e+00 -2.2700454628346658e+00
8.1995568258693607e-01 6.1254658599382719e+00 -2.2700454628346658e+00
8.2152647891373098e-01 6.1219000808635942e+00 -2.2700454628343829e+00
8.2309727524052589e-01 6.1183343017889165e+00 -2.2700454628344633e+00
8.2466807156732069e-01 6.1147685227142388e+00 -2.2700454628344633e+00
8.2623886789411560e-01 6.1112027436395611e+00 -2.2700454628346658e+00
8.2780966422091051e-01 6.1076369645648825e+00 -2.2700454628346658e+00
8.2938046054770542e-01 6.1040711854902048e+00 -2.2700454628343829e+00
8.3095125687450033e-01 6.1005054064155271e+00 -2.2700454628346658e+00
8.3252205320129524e-01 6.0969396273408485e+00 -2.2700454628346658e+00
8.3409284952809015e-01 6.0933738482661708e+00 -2.2700454628343829e+00
8.3566364585488506e-01 6.0898080691914931e+00 -2.2700454628344633e+00
8.3723444218167986e-01 6.0862422901168154e+00 -2.2700454628344633e+00
8.3880523850847477e-01 6.0826765110421377e+00 -2.2700454628346658e+00
8.4037603483526968e-01 6.0791107319674591e+00 -2.2700454628346658e+00
8.4194683116206459e-01 6.0755449528927814e+00 -2.2700454628343829e+00
8.4351762748885950e-01 6.0719791738181037e+00 -2.2700454628346658e+00
8.4508842381565441e-01 6.0684133947434251e+00 -2.2700454628346658e+00
8.4665922014244932e-01 6.0648476156687474e+00 -2.2700454628343829e+00
8.4823001646924423e-01 6.0612818365940697e+00 -2.2700454628346658e+00
8.4980081279603914e-01 6.0577160575193920e+00 -2.2700454628344633e+00
8.5137160912283394e-01 6.0541502784447143e+00 -2.2700454628344633e+00
8.5294240544962885e-01 6.0505844993700366e+00 -2.2700454628346658e+00
8.5451320177642376e-01 6.0470187202953589e+00 -2.2700454628343829e+00
8.5608399810321867e-01 6.0434529412206812e+00 -2.2700454628346658e+00
8.5765479443001358e-01 6.0398871621460026e+00 -2.2700454628346658e+00
8.5922559075680849e-01 6.0363213830713249e+00 -2.2700454628343829e+00
8.6079638708360340e-01 6.0327556039966472e+00 -2.2700454628346658e+00
8.6236718341039831e-01 6.0291898249219695e+00 -2.2700454628344633e+00
8.6393797973719311e-01 6.0256240458472918e+00 -2.2700454628344633e+00
8.6550877606398802e-01 6.0220582667726141e+00 -2.2700454628346658e+00
8.6707957239078293e-01 6.0184924876979364e+00 -2.2700454628343829e+00
8.6865036871757784e-01 6.0149267086232587e+00 -2.2700454628346658e+00
8.7022116504437275e-01 6.0113609295485801e+00 -2.2700454628346658e+00
8.7179196137116766e-01 6.0077951504739024e+00 -2.2700454628343829e+00
8.7336275769796257e-01 6.0042293713992247e+00 -2.2700454628346658e+00
8.7493355402475748e-01 6.0006635923245462e+00 -2.2700454628346658e+00
8.7650435035155239e-01 5.9970978132498685e+00 -2.2700454628344633e+00
8.7807514667834718e-01 5.9935320341751908e+00 -2.2700454628344633e+00
8.7964594300514209e-01 5.9899662551005131e+00 -2.2700454628343829e+00
8.8121673933193700e-01 5.9864004760258354e+00 -2.2700454628346658e+00
8.8278753565873191e-01 5.9828346969511568e+00 -2.2700454628346658e+00
8.8435833198552682e-01 5.9792689178764791e+00 -2.2700454628343829e+00
8.8592912831232173e-01 5.9757031388018014e+00 -2.2700454628346658e+00
8.8749992463911664e-01 5.9721373597271228e+00 -2.2700454628346658e+00
8.8907072096591155e-01 5.9685715806524451e+00 -2.2700454628344633e+00
8.9064151729270635e-01 5.9650058015777674e+00 -2.2700454628344633e+00
8.9221231361950126e-01 5.9614400225030897e+00 -2.2700454628343829e+00
8.9378310994629617e-01 5.9578742434284120e+00 -2.2700454628346658e+00
8.9535390627309108e-01 5.9543084643537334e+00 -2.2700454628346658e+00
8.9692470259988599e-01 5.9507426852790557e+00 -2.2700454628343829e+00
8.9849549892668090e-01 5.9471769062043780e+00 -2.2700454628346658e+00
9.0006629525347581e-01 5.9436111271296994e+00 -2.2700454628346658e+00
9.0163709158027072e-01 5.9400453480550217e+00 -2.2700454628344633e+00
9.0320788790706552e-01 5.9364795689803440e+00 -2.2700454628344633e+00
9.0477868423386043e-01 5.9329137899056663e+00 -2.2700454628343829e+00
9.0634948056065534e-01 5.9293480108309886e+00 -2.2700454628346658e+00
9.0792027688745025e-01 5.9257822317563100e+00 -2.2700454628346658e+00
9.0949107321424516e-01 5.9222164526816323e+00 -2.2700454628343829e+00
9.1106186954104007e-01 5.9186506736069546e+00 -2.2700454628346658e+00
9.1263266586783498e-01 5.9150848945322760e+00 -2.2700454628346658e+00
9.1420346219462989e-01 5.9115191154575983e+00 -2.2700454628343829e+00
9.1577425852142480e-01 5.9079533363829206e+00 -2.2700454628344633e+00
9.1734505484821960e-01 5.9043875573082429e+00 -2.2700454628344633e+00
9.1891585117501451e-01 5.9008217782335652e+00 -2.2700454628346658e+00
9.2048664750180942e-01 5.8972559991588867e+00 -2.2700454628346658e+00
9.2205744382860433e-01 5.8936902200842090e+00 -2.2700454628343829e+00
9.2362824015539924e-01 5.8901244410095313e+00 -2.2700454628346658e+00
9.2519903648219415e-01 5.8865586619348527e+00 -2.2700454628346658e+00
9.2676983280898906e-01 5.8829928828601750e+00 -2.2700454628343829e+00
9.2834062913578397e-01 5.8794271037854973e+00 -2.2700454628344633e+00
9.2991142546257877e-01 5.8758613247108196e+00 -2.2700454628347457e+00
9.3148222178937368e-01 5.8722955456361410e+00 -2.2700454628346658e+00
9.3305301811616859e-01 5.8687297665614633e+00 -2.2700454628343829e+00
9.3462381444296350e-01 5.8651639874867856e+00 -2.2700454628343829e+00
9.3619461076975841e-01 5.8615982084121079e+00 -2.2700454628346658e+00
9.3776540709655332e-01 5.8580324293374293e+00 -2.2700454628346658e+00
9.3933620342334823e-01 5.8544666502627516e+00 -2.2700454628343829e+00
9.4090699975014314e-01 5.8509008711880739e+00 -2.2700454628346658e+00
9.4247779607693805e-01 5.8473350921133953e+00 -2.2700454628347457e+00
9.4404859240373284e-01 5.8437693130387176e+00 -2.2700454628344633e+00
9.4561938873052775e-01 5.8402035339640399e+00 -2.2700454628343829e+00
9.4719018505732266e-01 5.8366377548893622e+00 -2.2700454628343829e+00
9.4876098138411757e-01 5.8330719758146845e+00 -2.2700454628346658e+00
9.5033177771091248e-01 5.8295061967400059e+00 -2.2700454628346658e+00
9.5190257403770739e-01 5.8259404176653282e+00 -2.2700454628343829e+00
9.5347337036450230e-01 5.8223746385906505e+00 -2.2700454628346658e+00
9.5504416669129721e-01 5.8188088595159719e+00 -2.2700454628347457e+00
9.5661496301809201e-01 5.8152430804412942e+00 -2.2700454628344633e+00
9.5818575934488692e-01 5.8116773013666165e+00 -2.2700454628343829e+00
9.5975655567168183e-01 5.8081115222919388e+00 -2.2700454628343829e+00
9.6132735199847674e-01 5.8045457432172611e+00 -2.2700454628346658e+00
9.6289814832527165e-01 5.8009799641425825e+00 -2.2700454628346658e+00
9.6446894465206656e-01 5.7974141850679048e+00 -2.2700454628343829e+00
9.6603974097886147e-01 5.7938484059932271e+00 -2.2700454628346658e+00
9.6761053730565638e-01 5.7902826269185486e+00 -2.2700454628347457e+00
9.6918133363245118e-01 5.7867168478438709e+00 -2.2700454628344633e+00
9.7075212995924609e-01 5.7831510687691932e+00 -2.2700454628343829e+00
9.7232292628604100e-01 5.7795852896945155e+00 -2.2700454628346658e+00
9.7389372261283591e-01 5.7760195106198369e+00 -2.2700454628346658e+00
9.7546451893963082e-01 5.7724537315451592e+00 -2.2700454628343829e+00
9.7703531526642573e-01 5.7688879524704815e+00 -2.2700454628343829e+00
9.7860611159322064e-01 5.7653221733958038e+00 -2.2700454628346658e+00
9.8017690792001555e-01 5.7617563943211252e+00 -2.2700454628346658e+00
9.8174770424681046e-01 5.7581906152464475e+00 -2.2700454628344633e+00
9.8331850057360526e-01 5.7546248361717698e+00 -2.2700454628344633e+00
9.8488929690040017e-01 5.7510590570970921e+00 -2.2700454628346658e+00
9.8646009322719508e-01 5.7474932780224135e+00 -2.2700454628346658e+00
9.8803088955398999e-01 5.7439274989477358e+00 -2.2700454628343829e+00
9.8960168588078490e-01 5.7403617198730581e+00 -2.2700454628343829e+00
9.9117248220757981e-01 5.7367959407983804e+00 -2.2700454628346658e+00
9.9274327853437472e-01 5.7332301617237018e+00 -2.2700454628346658e+00
9.9431407486116963e-01 5.7296643826490241e+00 -2.2700454628344633e+00
9.9588487118796443e-01 5.7260986035743464e+00 -2.2700454628344633e+00
9.9745566751475934e-01 5.7225328244996687e+00 -2.2700454628346658e+00
9.9902646384155425e-01 5.7189670454249910e+00 -2.2700454628345854e+00
1.0005972601683493e+00 5.7154012663503133e+00 -2.2700454628343825e+00
1.0021680564951441e+00 5.7118354872756356e+00 -2.2700454628345432e+00
1.0037388528219389e+00 5.7082697082009579e+00 -2.2700454628346658e+00
1.0053096491487339e+00 5.7047039291262793e+00 -2.2700454628346658e+00
1.0068804454755287e+00 5.7011381500516016e+00 -2.2700454628343825e+00
1.0084512418023237e+00 5.6975723709769239e+00 -2.2700454628343825e+00
1.0100220381291185e+00 5.6940065919022462e+00 -2.2700454628346658e+00
1.0115928344559135e+00 5.6904408128275676e+00 -2.2700454628346658e+00
1.0131636307827083e+00 5.6868750337528899e+00 -2.2700454628346658e+00
1.0147344271095033e+00 5.6833092546782114e+00 -2.2700454628346658e+00
1.0163052234362981e+00 5.6797434756035337e+00 -2.2700454628345432e+00
1.0178760197630929e+00 5.6761776965288560e+00 -2.2700454628343825e+00
1.0194468160898880e+00 5.6726119174541783e+00 -2.2700454628343825e+00
1.0210176124166828e+00 5.6690461383795006e+00 -2.2700454628346658e+00
1.0225884087434778e+00 5.6654803593048220e+00 -2.2700454628346658e+00
1.0241592050702726e+00 5.6619145802301443e+00 -2.2700454628343825e+00
1.0257300013970676e+00 5.6583488011554666e+00 -2.2700454628343825e+00
1.0273007977238624e+00 5.6547830220807889e+00 -2.2700454628345432e+00
1.0288715940506572e+00 5.6512172430061112e+00 -2.2700454628346658e+00
1.0304423903774522e+00 5.6476514639314326e+00 -2.2700454628346658e+00
1.0320131867042470e+00 5.6440856848567549e+00 -2.2700454628343825e+00
1.0335839830310420e+00 5.6405199057820763e+00 -2.2700454628346649e+00
1.0351547793578368e+00 5.6369541267073986e+00 -2.2700454628346649e+00
1.0367255756846319e+00 5.6333883476327200e+00 -2.2700454628343825e+00
1.0382963720114267e+00 5.6298225685580423e+00 -2.2700454628346658e+00
1.0398671683382217e+00 5.6262567894833637e+00 -2.2700454628346658e+00
1.0414379646650165e+00 5.6226910104086860e+00 -2.2700454628345432e+00
1.0430087609918113e+00 5.6191252313340083e+00 -2.2700454628343825e+00
1.0445795573186063e+00 5.6155594522593306e+00 -2.2700454628343825e+00
1.0461503536454011e+00 5.6119936731846529e+00 -2.2700454628346658e+00
1.0477211499721961e+00 5.6084278941099743e+00 -2.2700454628346658e+00
1.0492919462989909e+00 5.6048621150352966e+00 -2.2700454628343825e+00
1.0508627426257859e+00 5.6012963359606189e+00 -2.2700454628343825e+00
1.0524335389525807e+00 5.5977305568859412e+00 -2.2700454628346658e+00
1.0540043352793758e+00 5.5941647778112626e+00 -2.2700454628346658e+00
1.0555751316061706e+00 5.5905989987365849e+00 -2.2700454628345432e+00
1.0571459279329654e+00 5.5870332196619072e+00 -2.2700454628346658e+00
1.0587167242597604e+00 5.5834674405872287e+00 -2.2700454628346658e+00
1.0602875205865552e+00 5.5799016615125510e+00 -2.2700454628343825e+00
1.0618583169133502e+00 5.5763358824378733e+00 -2.2700454628343825e+00
1.0634291132401450e+00 5.5727701033631956e+00 -2.2700454628346658e+00
1.0649999095669400e+00 5.5692043242885170e+00 -2.2700454628346658e+00
1.0665707058937348e+00 5.5656385452138393e+00 -2.2700454628345432e+00
1.0681415022205296e+00 5.5620727661391616e+00 -2.2700454628343825e+00
1.0697122985473246e+00 5.5585069870644839e+00 -2.2700454628343825e+00
1.0712830948741194e+00 5.5549412079898062e+00 -2.2700454628346658e+00
1.0728538912009145e+00 5.5513754289151276e+00 -2.2700454628346658e+00
1.0744246875277093e+00 5.5478096498404499e+00 -2.2700454628343825e+00
1.0759954838545043e+00 5.5442438707657713e+00 -2.2700454628346649e+00
1.0775662801812991e+00 5.5406780916910936e+00 -2.2700454628346649e+00
1.0791370765080941e+00 5.5371123126164150e+00 -2.2700454628343825e+00
1.0807078728348889e+00 5.5335465335417373e+00 -2.2700454628345432e+00
1.0822786691616837e+00 5.5299807544670596e+00 -2.2700454628346658e+00
1.0838494654884787e+00 5.5264149753923810e+00 -2.2700454628346658e+00
1.0854202618152735e+00 5.5228491963177033e+00 -2.2700454628343825e+00
1.0869910581420685e+00 5.5192834172430256e+00 -2.2700454628343825e+00
1.0885618544688633e+00 5.5157176381683479e+00 -2.2700454628346658e+00
1.0901326507956584e+00 5.5121518590936693e+00 -2.2700454628346658e+00
1.0917034471224532e+00 5.5085860800189916e+00 -2.2700454628343825e+00
1.0932742434492482e+00 5.5050203009443139e+00 -2.2700454628343825e+00
1.0948450397760430e+00 5.5014545218696362e+00 -2.2700454628345432e+00
1.0964158361028378e+00 5.4978887427949585e+00 -2.2700454628346658e+00
1.0979866324296328e+00 5.4943229637202800e+00 -2.2700454628346658e+00
1.0995574287564276e+00 5.4907571846456023e+00 -2.2700454628346658e+00
1.1011282250832226e+00 5.4871914055709237e+00 -2.2700454628346658e+00
1.1026990214100174e+00 5.4836256264962460e+00 -2.2700454628343825e+00
1.1042698177368124e+00 5.4800598474215683e+00 -2.2700454628343825e+00
1.1058406140636072e+00 5.4764940683468906e+00 -2.2700454628346658e+00
1.1074114103904023e+00 5.4729282892722120e+00 -2.2700454628346658e+00
1.1089822067171970e+00 5.4693625101975343e+00 -2.2700454628345432e+00
1.1105530030439918e+00 5.4657967311228566e+00 -2.2700454628343825e+00
1.1121237993707869e+00 5.4622309520481789e+00 -2.2700454628343825e+00
1.1136945956975817e+00 5.4586651729735012e+00 -2.2700454628346658e+00
1.1152653920243767e+00 5.4550993938988226e+00 -2.2700454628346658e+00
1.1168361883511715e+00 5.4515336148241449e+00 -2.2700454628343825e+00
1.1184069846779665e+00 5.4479678357494663e+00 -2.2700454628346649e+00
1.1199777810047613e+00 5.4444020566747886e+00 -2.2700454628345432e+00
1.1215485773315561e+00 5.4408362776001109e+00 -2.2700454628343829e+00
1.1231193736583511e+00 5.4372704985254323e+00 -2.2700454628346658e+00
1.1246901699851459e+00 5.4337047194507546e+00 -2.2700454628346658e+00
1.1262609663119409e+00 5.4301389403760760e+00 -2.2700454628346658e+00
1.1278317626387357e+00 5.4265731613013983e+00 -2.2700454628343825e+00
1.1294025589655308e+00 5.4230073822267206e+00 -2.2700454628343825e+00
1.1309733552923256e+00 5.4194416031520429e+00 -2.2700454628346658e+00
1.1325441516191206e+00 5.4158758240773643e+00 -2.2700454628346658e+00
1.1341149479459154e+00 5.4123100450026866e+00 -2.2700454628345432e+00
1.1356857442727102e+00 5.4087442659280089e+00 -2.2700454628343825e+00
1.1372565405995052e+00 5.4051784868533312e+00 -2.2700454628343825e+00
1.1388273369263000e+00 5.4016127077786535e+00 -2.2700454628346658e+00
1.1403981332530950e+00 5.3980469287039750e+00 -2.2700454628346658e+00
1.1419689295798898e+00 5.3944811496292973e+00 -2.2700454628346658e+00
1.1435397259066848e+00 5.3909153705546187e+00 -2.2700454628346658e+00
1.1451105222334796e+00 5.3873495914799410e+00 -2.2700454628343825e+00
1.1466813185602747e+00 5.3837838124052633e+00 -2.2700454628343825e+00
1.1482521148870695e+00 5.3802180333305856e+00 -2.2700454628345432e+00
1.1498229112138643e+00 5.3766522542559079e+00 -2.2700454628346658e+00
1.1513937075406593e+00 5.3730864751812293e+00 -2.2700454628346658e+00
1.1529645038674541e+00 5.3695206961065516e+00 -2.2700454628343825e+00
1.1545353001942491e+00 5.3659549170318739e+00 -2.2700454628343825e+00
1.1561060965210439e+00 5.3623891379571962e+00 -2.2700454628346658e+00
1.1576768928478389e+00 5.3588233588825176e+00 -2.2700454628346658e+00
1.1592476891746337e+00 5.3552575798078399e+00 -2.2700454628345432e+00
1.1608184855014285e+00 5.3516918007331622e+00 -2.2700454628346658e+00
1.1623892818282235e+00 5.3481260216584836e+00 -2.2700454628346658e+00
1.1639600781550183e+00 5.3445602425838059e+00 -2.2700454628343825e+00
1.1655308744818134e+00 5.3409944635091282e+00 -2.2700454628343825e+00
1.1671016708086082e+00 5.3374286844344505e+00 -2.2700454628346658e+00
1.1686724671354032e+00 5.3338629053597719e+00 -2.2700454628346658e+00
1.1702432634621980e+00 5.3302971262850942e+00 -2.2700454628343825e+00
1.1718140597889930e+00 5.3267313472104165e+00 -2.2700454628343825e+00
1.1733848561157878e+00 5.3231655681357388e+00 -2.2700454628345432e+00
1.1749556524425826e+00 5.3195997890610611e+00 -2.2700454628346658e+00
1.1765264487693776e+00 5.3160340099863825e+00 -2.2700454628346658e+00
1.1780972450961724e+00 5.3124682309117048e+00 -2.2700454628343825e+00
1.1796680414229674e+00 5.3089024518370271e+00 -2.2700454628343825e+00
1.1812388377497622e+00 5.3048863404175925e+00 -2.8434264124524455e+00
1.1828096340765573e+00 5.3016121704727848e+00 -1.3253762374596827e+00
1.1843804304033521e+00 5.2997997953470932e+00 -9.8221144246517444e-01
1.1859512267301471e+00 5.2978284683297492e+00 -1.5277600716215809e+00
1.1875220230569419e+00 5.2948953993211365e+00 -2.2067393775814472e+00
1.1890928193837367e+00 5.2909079474152554e+00 -2.8702420717164787e+00
1.1906636157105317e+00 5.2858868312377707e+00 -3.5228416041654778e+00
1.1922344120373265e+00 5.2798476458720645e+00 -4.1664880214383802e+00
1.1938052083641215e+00 5.2728043145641372e+00 -4.8013599264846150e+00
1.1953760046909163e+00 5.2647709945769128e+00 -5.4269807567610808e+00
1.1969468010177113e+00 5.2557628169592023e+00 -6.0425872121047837e+00
1.1985175973445061e+00 5.2457962193131236e+00 -6.6472790373478006e+00
1.2000883936713009e+00 5.2348891058024218e+00 -7.2400892033936204e+00
1.2016591899980960e+00 5.2230609232187435e+00 -7.8200206044924077e+00
1.2032299863248908e+00 5.2103326916942514e+00 -8.3860671070371460e+00
1.2048007826516858e+00 5.1967270085829949e+00 -8.9372266633482269e+00
1.2063715789784806e+00 5.1822680351200718e+00 -9.4725101259223212e+00
1.2079423753052756e+00 5.1669814711710966e+00 -9.9909475970339692e+00
1.2095131716320704e+00 5.1508945211744122e+00 -1.0491593292922971e+01
1.2110839679588654e+00 5.1340358531794719e+00 -1.0973529469794842e+01
1.2126547642856602e+00 5.1164355522056031e+00 -1.1435869729377051e+01
1.2142255606124550e+00 5.0981250687461221e+00 -1.1877761894454224e+01
1.2157963569392500e+00 5.0791371630013522e+00 -1.2298390571489053e+01
1.2173671532660448e+00 5.0595058452743364e+00 -1.2696979473809900e+01
1.2189379495928399e+00 5.0392663128685884e+00 -1.3072793552135467e+01
1.2205087459196347e+00 5.0184548837670020e+00 -1.3425140962457913e+01
1.2220795422464297e+00 4.9971089273321603e+00 -1.3753374890573861e+01
1.2236503385732245e+00 4.9752667922436782e+00 -1.4056895245530921e+01
1.2252211349000195e+00 4.9529677318723975e+00 -1.4335150229618181e+01
1.2267919312268143e+00 4.9302518272819089e+00 -1.4587637789424171e+01
1.2283627275536091e+00 4.9071599080422201e+00 -1.4813906950379955e+01
1.2299335238804041e+00 4.8837334710378766e+00 -1.5013559035795414e+01
1.2315043202071989e+00 4.8600145974519036e+00 -1.5186248770441964e+01
1.2330751165339939e+00 4.8360458681073348e+00 -1.5331685268114638e+01
1.2346459128607887e+00 4.8118702773494180e+00 -1.5449632902201451e+01
1.2362167091875838e+00 4.7875311456531042e+00 -1.5539912058059450e+01
1.2377875055143785e+00 4.7630720311426265e+00 -1.5602399765887929e+01
1.2393583018411733e+00 4.7385366402118230e+00 -1.5637030212748986e+01
1.2409290981679684e+00 4.7139687374361596e+00 -1.5643795132431389e+01
1.2424998944947632e+00 4.6894120549692557e+00 -1.5622744071937580e+01
1.2440706908215582e+00 4.6649102016185404e+00 -1.5573984533491867e+01
1.2456414871483530e+00 4.6405065717964220e+00 -1.5497681991109712e+01
1.2472122834751480e+00 4.6162442545445019e+00 -1.5394059780942635e+01
1.2487830798019428e+00 4.5921659428297206e+00 -1.5263398864779257e+01
1.2503538761287378e+00 4.5683138433118984e+00 -1.5106037466268392e+01
1.2519246724555326e+00 4.5447295867829167e+00 -1.4922370579611183e+01
1.2534954687823274e+00 4.5214541394778145e+00 -1.4712849350646168e+01
1.2550662651091224e+00 4.4985277154582635e+00 -1.4477980330410357e+01
1.2566370614359172e+00 4.4759896902685270e+00 -1.4218324601400772e+01
1.2582078577627123e+00 4.4538785160635781e+00 -1.3934496776865675e+01
1.2597786540895071e+00 4.4322316384085862e+00 -1.3627163873516025e+01
1.2613494504163021e+00 4.4110854149482135e+00 -1.3297044058034516e+01
1.2629202467430969e+00 4.3904750361438607e+00 -1.2944905267641007e+01
1.2644910430698919e+00 4.3704344482765611e+00 -1.2571563704742074e+01
1.2660618393966867e+00 4.3509962789137768e+00 -1.2177882205215747e+01
1.2676326357234815e+00 4.3321917650394113e+00 -1.1764768479148714e+01
1.2692034320502765e+00 4.3140506840493327e+00 -1.1333173221660481e+01
1.2707742283770713e+00 4.2966012878197413e+00 -1.0884088089609861e+01
1.2723450247038663e+00 4.2798702400645396e+00 -1.0418543537163862e+01
1.2739158210306611e+00 4.2638825572124066e+00 -9.9376064988578534e+00
1.2754866173574562e+00 4.2486615530573024e+00 -9.4423779019973360e+00
1.2770574136842510e+00 4.2342287874732296e+00 -8.9339899795377775e+00
1.2786282100110460e+00 4.2206040195427841e+00 -8.4136033373430656e+00
1.2801990063378408e+00 4.2078051655439008e+00 -7.8824037013275277e+00
1.2817698026646356e+00 4.1958482623938194e+00 -7.3415982219250919e+00
1.2833405989914306e+00 4.1847474374078670e+00 -6.7924111293726135e+00
1.2849113953182254e+00 4.1745148856745020e+00 -6.2360783810968989e+00
1.2864821916450204e+00 4.1651608571377032e+00 -5.6738406545355362e+00
1.2880529879718152e+00 4.1566936569434825e+00 -5.1069334659367822e+00
1.2896237842986102e+00 4.1491196654724174e+00 -4.5365719865094736e+00
1.2911945806254050e+00 4.1424433904480482e+00 -3.9639253860458141e+00
1.2927653769521998e+00 4.1366675769593284e+00 -3.3900687508068992e+00
1.2943361732789949e+00 4.1317934347335701e+00 -2.8158818776917585e+00
1.2959069696057897e+00 4.1278211372241325e+00 -2.2418043947774837e+00
1.2974777659325847e+00 4.1247510726177099e+00 -1.6671232670117508e+00
1.2990485622593795e+00 4.1225878031117009e+00 -1.0872370139588641e+00
1.3006193585861745e+00 4.1213599861691268e+00 -4.7606807102185800e-01
1.3021901549129693e+00 4.1209860831804939e+00 0.0000000000000000e+00
1.3037609512397643e+00 4.1212476536291200e+00 3.3304183892471007e-01
1.3053317475665591e+00 4.1222465770607988e+00 9.3882697645183644e-01
1.3069025438933539e+00 4.1241304742729463e+00 1.4598254522704428e+00
1.3084733402201489e+00 4.1266999671314810e+00 1.8117544651303066e+00
1.3100441365469437e+00 4.1296354685107026e+00 1.9258419745195468e+00
1.3116149328737388e+00 4.1326810988448326e+00 1.9519750055396448e+00
1.3131857292005336e+00 4.1357606697296321e+00 1.9690564258018368e+00
1.3147565255273286e+00 4.1388138257898550e+00 1.9183426063218918e+00
1.3163273218541234e+00 4.1413600251742295e+00 1.3235791386437077e+00
1.3178981181809184e+00 4.1423995617988316e+00 0.0000000000000000e+00
1.3194689145077132e+00 4.1416842796206170e+00 -9.1072555494707574e-01
1.3210397108345080e+00 4.1391812444315104e+00 -2.2762378296876551e+00
1.3226105071613030e+00 4.1287798538721701e+00 -1.0967223950697919e+01
1.3241813034880978e+00 4.1061341361706427e+00 -1.7866199345797416e+01
1.3257520998148928e+00 4.0750553837361325e+00 -2.1704497254852537e+01
1.3273228961416876e+00 4.0387589797510159e+00 -2.4509519630683847e+01
1.3288936924684827e+00 3.9984202783799838e+00 -2.6851310138172298e+01
1.3304644887952775e+00 3.9570132311533537e+00 -2.5869779821493097e+01
1.3320352851220723e+00 3.9184973665396039e+00 -2.3170142104402000e+01
1.3336060814488673e+00 3.8834346448728407e+00 -2.1473101667759501e+01
1.3351768777756621e+00 3.8505575296767578e+00 -2.0387341516709228e+01
1.3367476741024571e+00 3.8190223503960423e+00 -1.9764495793807423e+01
1.3383184704292519e+00 3.7881071047720303e+00 -1.9598017469888045e+01
1.3398892667560469e+00 3.7570960776048001e+00 -1.9886448642282719e+01
1.3414600630828417e+00 3.7252743662941903e+00 -2.0630212579534373e+01
1.3430308594096367e+00 3.6919250273397077e+00 -2.1831484568086125e+01
1.3446016557364315e+00 3.6563267721953303e+00 -2.3493621605309976e+01
1.3461724520632263e+00 3.6177413938418326e+00 -2.5634807962934310e+01
1.3477432483900214e+00 3.5753181343968801e+00 -2.8380163578934670e+01
1.3493140447168162e+00 3.5278855956106239e+00 -3.2012820510914672e+01
1.3508848410436112e+00 3.4740040420868050e+00 -3.6591304167370140e+01
1.3524556373704060e+00 3.4127043572410365e+00 -4.1457878658069866e+01
1.3540264336972010e+00 3.3445504831843706e+00 -4.5318328917770060e+01
1.3555972300239958e+00 3.2720258830153632e+00 -4.7022859983522345e+01
1.3571680263507908e+00 3.1987559386505193e+00 -4.6267330622334924e+01
1.3587388226775856e+00 3.1281711295825874e+00 -4.3604039540542828e+01
1.3603096190043804e+00 3.0621730526106514e+00 -4.0427321936606397e+01
1.3618804153311754e+00 3.0005208262187684e+00 -3.8070730726497800e+01
1.3634512116579702e+00 2.9419147787009492e+00 -3.6548806533822038e+01
1.3650220079847653e+00 2.8856221011372742e+00 -3.5125256619268939e+01
1.3665928043115600e+00 2.8318438264610077e+00 -3.3347369346187499e+01
1.3681636006383551e+00 2.7812139634351061e+00 -3.1116574402910000e+01
1.3697343969651499e+00 2.7343507108950211e+00 -2.8551571926040484e+01
1.3713051932919447e+00 2.6914722082545195e+00 -2.6043033254880704e+01
1.3728759896187397e+00 2.6522099767365868e+00 -2.3947192528294483e+01
1.3744467859455345e+00 2.6159452087921840e+00 -2.2226544099165999e+01
1.3760175822723295e+00 2.5822035494851203e+00 -2.0734670835565058e+01
1.3775883785991243e+00 2.5506654279414271e+00 -1.9420912680531412e+01
1.3791591749259193e+00 2.5210693040732051e+00 -1.8262042599365902e+01
1.3807299712527141e+00 2.4932849560447110e+00 -1.7114088035199554e+01
1.3823007675795091e+00 2.4678127906174372e+00 -1.5318080276838586e+01
1.3838715639063039e+00 2.4453870573188241e+00 -1.3235250178641580e+01
1.3854423602330987e+00 2.4257395324072268e+00 -1.1780755494974924e+01
1.3870131565598938e+00 2.4077106459813153e+00 -1.1174335650032608e+01
1.3885839528866886e+00 2.3899576518472276e+00 -1.1429478518940611e+01
1.3901547492134836e+00 2.3710707484940250e+00 -1.2618073707946417e+01
1.3917255455402784e+00 2.3495496145093226e+00 -1.4783485128922351e+01
1.3932963418670734e+00 2.3243074416382359e+00 -1.7355847565583975e+01
1.3948671381938682e+00 2.2953331664744896e+00 -1.9535345352938190e+01
1.3964379345206632e+00 2.2635436669482014e+00 -2.0940302551268481e+01
1.3980087308474580e+00 2.2304779919803734e+00 -2.1160222391132113e+01
1.3995795271742528e+00 2.1979806525735590e+00 -2.0216675240307065e+01
1.4011503235010478e+00 2.1674219996400526e+00 -1.8691810108467411e+01
1.4027211198278426e+00 2.1385148508169247e+00 -1.8113914898685881e+01
1.4042919161546377e+00 2.1093363012858335e+00 -1.9037368222309919e+01
1.4058627124814325e+00 2.0786855820157166e+00 -1.9988339626981272e+01
1.4074335088082275e+00 2.0479217131337273e+00 -1.9181434782612069e+01
1.4090043051350223e+00 2.0203879711284198e+00 -1.5875614353083218e+01
1.4105751014618173e+00 2.0003835649301966e+00 -9.5947866874379617e+00
1.4121458977886121e+00 1.9909775767368565e+00 -2.3812894376357798e+00
1.4137166941154069e+00 1.9891073163860198e+00 0.0000000000000000e+00
1.4152874904422019e+00 1.9921155809083055e+00 3.8302413507977175e+00
1.4168582867689967e+00 2.0022546380992652e+00 9.0792072110643289e+00
1.4184290830957917e+00 2.0194064541801153e+00 1.2759163287096898e+01
1.4199998794225865e+00 2.0411374361433836e+00 1.4909582294464759e+01
1.4215706757493816e+00 2.0655945069636639e+00 1.6230127422301905e+01
1.4231414720761764e+00 2.0924942068097314e+00 1.8019634163219514e+01
1.4247122684029712e+00 2.1237634693629048e+00 2.1793627454189711e+01
1.4262830647297662e+00 2.1620558772910892e+00 2.6961780583101174e+01
1.4278538610565610e+00 2.2068506735195634e+00 3.0072725373349499e+01
1.4294246573833560e+00 2.2532954649653654e+00 2.9062619742418388e+01
1.4309954537101508e+00 2.2946068596774123e+00 2.3536681653126365e+01
1.4325662500369458e+00 2.3248316480150866e+00 1.4946714089647433e+01
1.4341370463637406e+00 2.3425872397855465e+00 7.6604074926777903e+00
1.4357078426905356e+00 2.3517059998024785e+00 3.9499583598290084e+00
1.4372786390173304e+00 2.3563455475450503e+00 1.9572972957004926e+00
1.4388494353441252e+00 2.3578906565486202e+00 9.9965885708701852e-03
1.4404202316709203e+00 2.3578985078509240e+00 0.0000000000000000e+00
1.4419910279977151e+00 2.3562491239717644e+00 -2.1000607793946617e+00
1.4435618243245101e+00 2.3517417587770177e+00 -3.6388948291191641e+00
1.4451326206513049e+00 2.3441308083697106e+00 -6.0516682024833086e+00
1.4467034169780999e+00 2.3280666176981066e+00 -1.4401894614767144e+01
1.4482742133048947e+00 2.2971108236335502e+00 -2.5012246526906658e+01
1.4498450096316897e+00 2.2531416442755541e+00 -3.0971051381242596e+01
1.4514158059584845e+00 2.2036010729381470e+00 -3.2105963114321341e+01
1.4529866022852793e+00 2.1552915500281355e+00 -2.9403631841998152e+01
1.4545573986120743e+00 2.1124120989307755e+00 -2.5192180951693640e+01
1.4561281949388691e+00 2.0746870865857958e+00 -2.2840796591559982e+01
1.4576989912656642e+00 2.0392961803854415e+00 -2.2220304706740485e+01
1.4592697875924590e+00 2.0053173593638838e+00 -2.1042873901387875e+01
1.4608405839192540e+00 1.9745989172355731e+00 -1.8069061369032873e+01
1.4624113802460488e+00 1.9503981239348085e+00 -1.2744345675464409e+01
1.4639821765728436e+00 1.9361683066760953e+00 -5.3736203726853349e+00
1.4655529728996386e+00 1.9319478751045929e+00 0.0000000000000000e+00
1.4671237692264334e+00 1.9346473248717615e+00 3.4370461925854698e+00
1.4686945655532284e+00 1.9454329320764863e+00 1.0295615414449507e+01
1.4702653618800232e+00 1.9662714477635301e+00 1.6236806811880307e+01
1.4718361582068182e+00 1.9947571054979027e+00 2.0032259073310982e+01
1.4734069545336130e+00 2.0278467321593667e+00 2.2098762112590620e+01
1.4749777508604081e+00 2.0635143045091873e+00 2.3314601467899799e+01
1.4765485471872029e+00 2.1017651522988707e+00 2.5387890557573655e+01
1.4781193435139977e+00 2.1446262044156912e+00 2.9184495926520452e+01
1.4796901398407927e+00 2.1937974448804853e+00 3.3422271896932358e+01
1.4812609361675875e+00 2.2487401089210071e+00 3.6532900652562752e+01
1.4828317324943825e+00 2.3072369602803335e+00 3.7947603740620416e+01
1.4844025288211773e+00 2.3667028562679300e+00 3.7766726593899982e+01
1.4859733251479723e+00 2.4251502016180519e+00 3.6650744790662451e+01
1.4875441214747671e+00 2.4821560289305475e+00 3.5931328823955262e+01
1.4891149178015621e+00 2.5388047979345423e+00 3.6196124032492463e+01
1.4906857141283569e+00 2.5962515634982322e+00 3.6947369600332308e+01
1.4922565104551517e+00 2.6549305260418201e+00 3.7765005954201989e+01
1.4938273067819468e+00 2.7148596025578891e+00 3.8539064145510444e+01
1.4953981031087415e+00 2.7760695339729842e+00 3.9395841062720706e+01
1.4969688994355366e+00 2.8388248707002757e+00 4.0506735301631487e+01
1.4985396957623314e+00 2.9034142739623312e+00 4.1731047102469262e+01
1.5001104920891264e+00 2.9697715438014161e+00 4.2757652937308798e+01
1.5016812884159212e+00 3.0373358149243330e+00 4.3267848867602638e+01
1.5032520847427160e+00 3.1050819352866794e+00 4.2989190580130291e+01
1.5048228810695110e+00 3.1718091132433983e+00 4.1970491102938141e+01
1.5063936773963058e+00 3.2368098944025099e+00 4.0791073907523909e+01
1.5079644737231008e+00 3.3008927797448280e+00 4.0801789851038428e+01
1.5095352700498956e+00 3.3660592768249282e+00 4.2170771223218622e+01
1.5111060663766906e+00 3.4329824032125424e+00 4.3038399750794234e+01
1.5126768627034854e+00 3.4995553945190889e+00 4.1724965392016095e+01
1.5142476590302805e+00 3.5619244748799179e+00 3.7685814092150551e+01
1.5158184553570753e+00 3.6160858872050770e+00 3.1274637878952760e+01
1.5173892516838701e+00 3.6598410424644321e+00 2.4436156083288246e+01
1.5189600480106651e+00 3.6944990695377777e+00 1.9691814528993849e+01
1.5205308443374599e+00 3.7232968720048998e+00 1.6974686373619839e+01
1.5221016406642549e+00 3.7482684911093767e+00 1.4820166566261868e+01
1.5236724369910497e+00 3.7694603548835381e+00 1.2162152417642959e+01
1.5252432333178447e+00 3.7858817671672993e+00 8.7462390824398302e+00
1.5268140296446395e+00 3.7970586157521105e+00 5.4845665212597057e+00
1.5283848259714345e+00 3.8026049853015587e+00 1.5772905188120150e+00
1.5299556222982293e+00 3.8038437863781778e+00 0.0000000000000000e+00
1.5315264186250241e+00 3.7988863395778560e+00 -6.3120173070905681e+00
1.5330972149518192e+00 3.7834563910657280e+00 -1.3334003311776890e+01
1.5346680112786140e+00 3.7582780215750358e+00 -1.8724092395727798e+01
1.5362388076054090e+00 3.7256915463704008e+00 -2.2766296458342239e+01
1.5378096039322038e+00 3.6868749964872718e+00 -2.6656469843045588e+01
1.5393804002589988e+00 3.6411513400423083e+00 -3.1560697672561936e+01
1.5409511965857936e+00 3.5870290749730547e+00 -3.7349910464254691e+01
1.5425219929125886e+00 3.5242884240883496e+00 -4.2533967304568691e+01
1.5440927892393834e+00 3.4555870241633562e+00 -4.4939371858603998e+01
1.5456635855661782e+00 3.3863215642539637e+00 -4.3252150782308242e+01
1.5472343818929732e+00 3.3226585225456664e+00 -3.7806151458813545e+01
1.5488051782197680e+00 3.2684653576655687e+00 -3.1194729120884247e+01
1.5503759745465631e+00 3.2227559184632533e+00 -2.7004336439166575e+01
1.5519467708733579e+00 3.1817267898305386e+00 -2.5235572622034642e+01
1.5535175672001529e+00 3.1433703527083994e+00 -2.3601359917016953e+01
1.5550883635269477e+00 3.1087634958502437e+00 -2.0461458753778828e+01
1.5566591598537425e+00 3.0808863789638345e+00 -1.5032788859203750e+01
1.5582299561805375e+00 3.0636201286539286e+00 -6.9512838246623971e+00
1.5598007525073323e+00 3.0581606031047848e+00 0.0000000000000000e+00
1.5613715488341273e+00 3.0625162875498479e+00 5.5458296798420150e+00
1.5629423451609221e+00 3.0835894943144044e+00 2.1285410507173516e+01
1.5645131414877171e+00 3.1281621910698783e+00 3.5466309617380119e+01
1.5660839378145119e+00 3.1892217902042361e+00 4.2277186586166295e+01
1.5676547341413070e+00 3.2558248856199694e+00 4.2524508298907570e+01
1.5692255304681018e+00 3.3192625232190385e+00 3.8246800516810481e+01
1.5707963267948966e+00 3.3753620791072612e+00 3.3181372482159468e+01
1.5723671231216916e+00 3.4251554454953839e+00 3.0217510668679989e+01
1.5739379194484864e+00 3.4717536381086531e+00 2.9113150879723797e+01
1.5755087157752814e+00 3.5170598035722631e+00 2.8572450608854627e+01
1.5770795121020762e+00 3.5615231271547714e+00 2.8040011266753755e+01
1.5786503084288712e+00 3.6050808491443367e+00 2.7419402848936961e+01
1.5802211047556660e+00 3.6475944491145955e+00 2.6710593822251766e+01
1.5817919010824610e+00 3.6889253504697819e+00 2.5913544202715432e+01
1.5833626974092558e+00 3.7289349052545457e+00 2.5028203116496890e+01
1.5849334937360506e+00 3.7674843743482103e+00 2.4054505362105527e+01
1.5865042900628457e+00 3.8044349010848593e+00 2.2992366477786241e+01
1.5880750863896405e+00 3.8396618838524796e+00 2.1860021023655111e+01
1.5896458827164355e+00 3.8731672650909217e+00 2.0800355330553693e+01
1.5912166790432303e+00 3.9052210457818273e+00 2.0011785803378448e+01
1.5927874753700253e+00 3.9360278506350515e+00 1.9212656382682617e+01
1.5943582716968201e+00 3.9653807077629697e+00 1.8160562063546589e+01
1.5959290680236149e+00 3.9925336478106073e+00 1.6411634960930737e+01
1.5974998643504099e+00 4.0157707484018488e+00 1.3174760416824190e+01
1.5990706606772047e+00 4.0322737039237415e+00 7.8374551586568950e+00
1.6006414570039997e+00 4.0394062247931490e+00 1.2439524659203747e+00
1.6022122533307945e+00 4.0403832227752368e+00 0.0000000000000000e+00
1.6037830496575896e+00 4.0361728348412438e+00 -5.3608324162346648e+00
1.6053538459843844e+00 4.0221083588466078e+00 -1.2546614596115814e+01
1.6069246423111794e+00 3.9979196872386833e+00 -1.8251358629703535e+01
1.6084954386379742e+00 3.9673651211800069e+00 -2.0651923148428221e+01
1.6100662349647690e+00 3.9351903653262776e+00 -2.0314248346741721e+01
1.6116370312915640e+00 3.9046893933056621e+00 -1.8520795382763851e+01
1.6132078276183588e+00 3.8771788684794899e+00 -1.6506692722339356e+01
1.6147786239451538e+00 3.8523050141819621e+00 -1.5163682199251109e+01
1.6163494202719486e+00 3.8289643385558230e+00 -1.4554589008787101e+01
1.6179202165987436e+00 3.8065576619167234e+00 -1.3974477754205703e+01
1.6194910129255384e+00 3.7853648522753160e+00 -1.3009045545280529e+01
1.6210618092523335e+00 3.7659385258579752e+00 -1.1725321458209272e+01
1.6226326055791283e+00 3.7487794413193405e+00 -1.0122303527835371e+01
1.6242034019059230e+00 3.7348628807540227e+00 -7.5968117106301234e+00
1.6257741982327181e+00 3.7249447155747113e+00 -5.0313884068834911e+00
1.6273449945595129e+00 3.7183071245116484e+00 -3.4198550163895649e+00
1.6289157908863079e+00 3.7134548849326858e+00 -2.7582082960740184e+00
1.6304865872131027e+00 3.7090256458643007e+00 -2.8812740388804019e+00
1.6320573835398977e+00 3.7038298680688273e+00 -3.7341957159725139e+00
1.6336281798666925e+00 3.6967816860955089e+00 -5.2398282909467433e+00
1.6351989761934873e+00 3.6870613499623848e+00 -7.1364880618656619e+00
1.6367697725202823e+00 3.6746217283241971e+00 -8.7021301294169859e+00
1.6383405688470771e+00 3.6602774551880479e+00 -9.5615656680117791e+00
1.6399113651738721e+00 3.6449277146096213e+00 -9.9823310378655830e+00
1.6414821615006669e+00 3.6292510112320455e+00 -9.9778676335482182e+00
1.6430529578274620e+00 3.6138179379766946e+00 -9.6721315319574774e+00
1.6446237541542568e+00 3.5983702635706898e+00 -9.9964583959624402e+00
1.6461945504810518e+00 3.5816411447785299e+00 -1.1303717198785696e+01
1.6477653468078466e+00 3.5629917950164609e+00 -1.2441372401879434e+01
1.6493361431346414e+00 3.5434299338430408e+00 -1.2465562812739700e+01
1.6509069394614364e+00 3.5248193629364430e+00 -1.1230152015636682e+01
1.6524777357882312e+00 3.5090685426392461e+00 -8.8244152487731711e+00
1.6540485321150262e+00 3.4974629712376517e+00 -5.9522571989831148e+00
1.6556193284418210e+00 3.4894152071705409e+00 -4.2944742579617845e+00
1.6571901247686160e+00 3.4832331250911479e+00 -3.5767971143193118e+00
1.6587609210954108e+00 3.4780652661528166e+00 -3.0031252475773642e+00
1.6603317174222059e+00 3.4739846083912402e+00 -2.1925295829915274e+00
1.6619025137490007e+00 3.4715329651817606e+00 -9.2899950089941197e-01
1.6634733100757955e+00 3.4708033306799573e+00 0.0000000000000000e+00
1.6650441064025905e+00 3.4717535863327615e+00 1.2099030747582618e+00
1.6666149027293853e+00 3.4758320007936199e+00 3.9828954966267300e+00
1.6681856990561803e+00 3.4852691947151970e+00 8.0329129956588901e+00
1.6697564953829751e+00 3.5002422022108219e+00 1.1031312251387964e+01
1.6713272917097701e+00 3.5185594798229163e+00 1.2290969956220993e+01
1.6728980880365649e+00 3.5376085413401288e+00 1.1963048457588387e+01
1.6744688843633597e+00 3.5551923062695181e+00 1.0425296395838947e+01
1.6760396806901547e+00 3.5706037888849753e+00 9.1972127131580290e+00
1.6776104770169495e+00 3.5851530722258258e+00 9.3275101839706558e+00
1.6791812733437446e+00 3.6007249179198531e+00 1.0499179538177252e+01
1.6807520696705394e+00 3.6183878421420119e+00 1.1989954057137110e+01
1.6823228659973344e+00 3.6384592006719405e+00 1.3565693339723294e+01
1.6838936623241292e+00 3.6611509848113464e+00 1.5326383567164136e+01
1.6854644586509242e+00 3.6871364210040238e+00 1.7759301380542478e+01
1.6870352549777190e+00 3.7177457373122045e+00 2.1213690580342565e+01
1.6886060513045138e+00 3.7543385832767862e+00 2.5377767956168274e+01
1.6901768476313088e+00 3.7971978332548537e+00 2.9192323973592615e+01
1.6917476439581036e+00 3.8446940342339122e+00 3.1281717337637495e+01
1.6933184402848986e+00 3.8937863159133741e+00 3.1224517037926194e+01
1.6948892366116934e+00 3.9414370654078374e+00 2.9446301554697527e+01
1.6964600329384885e+00 3.9858327862206528e+00 2.7080085801196699e+01
1.6980308292652833e+00 4.0267772261439179e+00 2.5051994246140957e+01
1.6996016255920783e+00 4.0650792237093381e+00 2.3715623696498138e+01
1.7011724219188731e+00 4.1017076529355299e+00 2.2921140855825566e+01
1.7027432182456679e+00 4.1372711134418161e+00 2.2359663408407751e+01
1.7043140145724629e+00 4.1720743896598504e+00 2.1953244158731380e+01
1.7058848108992577e+00 4.2063574437798064e+00 2.1697296061094850e+01
1.7074556072260527e+00 4.2403562722981478e+00 2.1591356883123183e+01
1.7090264035528475e+00 4.2743063143478039e+00 2.1635179199923495e+01
1.7105971998796425e+00 4.3084428232635732e+00 2.1828773870834549e+01
1.7121679962064373e+00 4.3430012688991235e+00 2.2172405716931113e+01
1.7137387925332324e+00 4.3782275214788564e+00 2.2679052080410312e+01
1.7153095888600272e+00 4.4144982459714033e+00 2.3502268659697659e+01
1.7168803851868220e+00 4.4527510864176083e+00 2.5202760494858765e+01
1.7184511815136170e+00 4.4951583172495875e+00 2.8791802783124794e+01
1.7200219778404118e+00 4.5441939484522438e+00 3.3642301965150303e+01
1.7215927741672068e+00 4.5992173986306346e+00 3.6415730689736051e+01
1.7231635704940016e+00 4.6549440123228578e+00 3.4537597557386896e+01
1.7247343668207966e+00 4.7029339122364648e+00 2.6565040760495183e+01
1.7263051631475914e+00 4.7343290570584511e+00 1.3408499139547416e+01
1.7278759594743862e+00 4.7470688074831928e+00 2.8122548912914143e+00
1.7294467558011812e+00 4.7499050949700266e+00 7.9901849718264550e-01
1.7310175521279760e+00 4.7508784991884419e+00 4.4035824671532331e-01
1.7325883484547711e+00 4.7515126492982489e+00 3.6706675038964753e-01
1.7341591447815659e+00 4.7520800615193792e+00 3.5538492771987656e-01
1.7357299411083609e+00 4.7526362208527884e+00 3.5273912874987956e-01
1.7373007374351557e+00 4.7531882319368934e+00 3.5010321266475375e-01
1.7388715337619507e+00 4.7537361102956934e+00 3.4747717946448520e-01
1.7404423300887455e+00 4.7542798714531882e+00 3.4486102914853928e-01
1.7420131264155403e+00 4.7548195309333758e+00 3.4225476171769154e-01
1.7435839227423353e+00 4.7553551042602562e+00 3.3965837717171998e-01
1.7451547190691301e+00 4.7558866069578283e+00 3.3707187551089590e-01
1.7467255153959251e+00 4.7564140545500919e+00 3.3449525673463087e-01
1.7482963117227199e+00 4.7569374625610452e+00 3.3192852084266355e-01
1.7498671080495150e+00 4.7574568465146871e+00 3.2937166783554062e-01
1.7514379043763098e+00 4.7579722219350167e+00 3.2682469771298778e-01
1.7530087007031048e+00 4.7584836043460337e+00 3.2428761047556470e-01
1.7545794970298996e+00 4.7589910092717371e+00 3.2176040612300655e-01
1.7561502933566944e+00 4.7594944522361260e+00 3.1924308465524776e-01
1.7577210896834894e+00 4.7599939487631993e+00 3.1673564607178023e-01
1.7592918860102842e+00 4.7604895143769550e+00 3.1423809037316192e-01
1.7608626823370792e+00 4.7609811646013931e+00 3.1175041755936878e-01
1.7624334786638740e+00 4.7614689149605116e+00 3.0927262762956553e-01
1.7640042749906690e+00 4.7619527809783095e+00 3.0680472058459629e-01
1.7655750713174638e+00 4.7624327781787859e+00 3.0434669642447537e-01
1.7671458676442586e+00 4.7629089220859395e+00 3.0189855514885550e-01
1.7687166639710536e+00 4.7633812282237704e+00 2.9946029675808394e-01
1.7702874602978484e+00 4.7638497121162766e+00 2.9703192125213185e-01
1.7718582566246435e+00 4.7643143892874571e+00 2.9461342863043144e-01
1.7734290529514383e+00 4.7647752752613100e+00 2.9220481889326960e-01
1.7749998492782333e+00 4.7652323855618350e+00 2.8980609204091967e-01
1.7765706456050281e+00 4.7656857357130304e+00 2.8741724807309826e-01
1.7781414419318231e+00 4.7661353412388952e+00 2.8503828698980299e-01
1.7797122382586179e+00 4.7665812176634281e+00 2.8266920879076551e-01
1.7812830345854127e+00 4.7670233805106275e+00 2.8031001347649820e-01
1.7828538309122077e+00 4.7674618453044930e+00 2.7796070104732895e-01
1.7844246272390025e+00 4.7678966275690229e+00 2.7562127150181853e-01
1.7859954235657975e+00 4.7683277428282151e+00 2.7329172484054881e-01
1.7875662198925923e+00 4.7687552066060688e+00 2.7097206106434751e-01
1.7891370162193874e+00 4.7691790344265828e+00 2.6866228017236632e-01
1.7907078125461822e+00 4.7695992418137552e+00 2.6636238216517655e-01
1.7922786088729772e+00 4.7700158442915850e+00 2.6407236704219045e-01
1.7938494051997720e+00 4.7704288573840703e+00 2.6179223480344704e-01
1.7954202015265668e+00 4.7708382966152101e+00 2.5952198544971866e-01
1.7969909978533618e+00 4.7712441775090024e+00 2.5726161897964123e-01
1.7985617941801566e+00 4.7716465155894463e+00 2.5501113539406273e-01
1.8001325905069516e+00 4.7720453263805398e+00 2.5277053469323524e-01
1.8017033868337464e+00 4.7724406254062810e+00 2.5053981687632371e-01
1.8032741831605414e+00 4.7728324281906689e+00 2.4831898194388527e-01
1.8048449794873362e+00 4.7732207502577015e+00 2.4610802989593306e-01
1.8064157758141310e+00 4.7736056071313779e+00 2.4390696073212548e-01
1.8079865721409261e+00 4.7739870143356962e+00 2.4171577445223069e-01
1.8095573684677209e+00 4.7743649873946534e+00 2.3953447105679723e-01
1.8111281647945159e+00 4.7747395418322487e+00 2.3736305054581083e-01
1.8126989611213107e+00 4.7751106931724800e+00 2.3520151291870647e-01
1.8142697574481057e+00 4.7754784569393465e+00 2.3304985817605053e-01
1.8158405537749005e+00 4.7758428486568452e+00 2.3090808631754228e-01
1.8174113501016955e+00 4.7762038838489751e+00 2.2877619734290763e-01
1.8189821464284903e+00 4.7765615780397335e+00 2.2665419125243230e-01
1.8205529427552851e+00 4.7769159467531184e+00 2.2454206804578331e-01
1.8221237390820801e+00 4.7772670055131279e+00 2.2243982772357440e-01
1.8236945354088749e+00 4.7776147698437601e+00 2.2034747028577342e-01
1.8252653317356700e+00 4.7779592552690131e+00 2.1826499573152996e-01
1.8268361280624648e+00 4.7783004773128850e+00 2.1619240406141421e-01
1.8284069243892598e+00 4.7786384514993729e+00 2.1412969527511944e-01
1.8299777207160546e+00 4.7789731933524751e+00 2.1207686937266110e-01
1.8315485170428496e+00 4.7793047183961894e+00 2.1003392635429743e-01
1.8331193133696444e+00 4.7796330421545132e+00 2.0800086622005320e-01
1.8346901096964392e+00 4.7799581801514455e+00 2.0597768896957624e-01
1.8362609060232342e+00 4.7802801479109824e+00 2.0396439460292659e-01
1.8378317023500290e+00 4.7805989609571222e+00 2.0196098312006047e-01
1.8394024986768240e+00 4.7809146348138629e+00 1.9996745452070847e-01
1.8409732950036188e+00 4.7812271850052008e+00 1.9798380880541758e-01
1.8425440913304139e+00 4.7815366270551340e+00 1.9601004597333016e-01
1.8441148876572087e+00 4.7818429764876598e+00 1.9404616602530675e-01
1.8456856839840037e+00 4.7821462488267752e+00 1.9209216896102638e-01
1.8472564803107985e+00 4.7824464595964784e+00 1.9014805478024321e-01
1.8488272766375933e+00 4.7827436243207666e+00 1.8821382348345195e-01
1.8503980729643883e+00 4.7830377585236361e+00 1.8628947506955978e-01
1.8519688692911831e+00 4.7833288777290841e+00 1.8437500953912206e-01
1.8535396656179781e+00 4.7836169974611087e+00 1.8247042689268458e-01
1.8551104619447729e+00 4.7839021332437062e+00 1.8057572712967282e-01
1.8566812582715679e+00 4.7841843006008746e+00 1.7869091025008435e-01
1.8582520545983627e+00 4.7844635150566095e+00 1.7681597625363066e-01
1.8598228509251575e+00 4.7847397921349080e+00 1.7495092514027702e-01
1.8613936472519526e+00 4.7850131473597672e+00 1.7309575691032533e-01
1.8629644435787474e+00 4.7852835962551836e+00 1.7125047156375905e-01
1.8645352399055424e+00 4.7855511543451543e+00 1.6941506910027657e-01
1.8661060362323372e+00 4.7858158371536748e+00 1.6758954951987948e-01
1.8676768325591322e+00 4.7860776602047421e+00 1.6577391282283110e-01
1.8692476288859270e+00 4.7863366390223536e+00 1.6396815900884049e-01
1.8708184252127220e+00 4.7865927891305056e+00 1.6217228807789680e-01
1.8723892215395168e+00 4.7868461260531934e+00 1.6038630002942791e-01
1.8739600178663116e+00 4.7870966653144125e+00 1.5861019486368647e-01
1.8755308141931066e+00 4.7873444224381601e+00 1.5684397258153321e-01
1.8771016105199014e+00 4.7875894129484324e+00 1.5508763318208632e-01
1.8786724068466965e+00 4.7878316523692250e+00 1.5334117666478053e-01
1.8802432031734913e+00 4.7880711562245333e+00 1.5160460303045370e-01
1.8818139995002863e+00 4.7883079400383535e+00 1.4987791227879377e-01
1.8833847958270811e+00 4.7885420193346810e+00 1.4816110440923372e-01
1.8849555921538761e+00 4.7887734096375114e+00 1.4645417942261110e-01
1.8865263884806709e+00 4.7890021264708409e+00 1.4475713731862183e-01
1.8880971848074657e+00 4.7892281853586640e+00 1.4306997809666777e-01
1.8896679811342607e+00 4.7894516018249762e+00 1.4139270175704347e-01
1.8912387774610555e+00 4.7896723913937729e+00 1.3972530829972218e-01
1.8928095737878505e+00 4.7898905695890486e+00 1.3806779772440148e-01
1.8943803701146453e+00 4.7901061519347987e+00 1.3642017003107057e-01
1.8959511664414403e+00 4.7903191539550170e+00 1.3478242521970535e-01
1.8975219627682351e+00 4.7905295911736987e+00 1.3315456329030342e-01
1.8990927590950299e+00 4.7907374791148385e+00 1.3153658424281109e-01
1.9006635554218250e+00 4.7909428333024309e+00 1.2992848807667176e-01
1.9022343517486198e+00 4.7911456692604695e+00 1.2833027479272147e-01
1.9038051480754148e+00 4.7913460025129497e+00 1.2674194439033928e-01
1.9053759444022096e+00 4.7915438485838644e+00 1.2516349686897341e-01
1.9069467407290046e+00 4.7917392229972071e+00 1.2359493222886010e-01
1.9085175370557994e+00 4.7919321412769724e+00 1.2203625047028419e-01
1.9100883333825944e+00 4.7921226189471531e+00 1.2048745159319384e-01
1.9116591297093892e+00 4.7923106715317427e+00 1.1894853559645649e-01
1.9132299260361840e+00 4.7924963145547341e+00 1.1741950248088127e-01
1.9148007223629790e+00 4.7926795635401218e+00 1.1590035224673229e-01
1.9163715186897738e+00 4.7928604340118977e+00 1.1439108489312963e-01
1.9179423150165689e+00 4.7930389414940544e+00 1.1289170041976705e-01
1.9195131113433637e+00 4.7932151015105839e+00 1.1140219882690246e-01
1.9210839076701587e+00 4.7933889295854790e+00 1.0992258011478567e-01
1.9226547039969535e+00 4.7935604412427324e+00 1.0845284428281309e-01
1.9242255003237485e+00 4.7937296520063351e+00 1.0699299133039562e-01
1.9257962966505433e+00 4.7938965774002780e+00 1.0554302125808122e-01
1.9273670929773381e+00 4.7940612329485530e+00 1.0410293406579861e-01
1.9289378893041331e+00 4.7942236341751512e+00 1.0267272975297774e-01
1.9305086856309279e+00 4.7943837966040643e+00 1.0125240831957495e-01
1.9320794819577229e+00 4.7945417357592826e+00 9.9841969765839950e-02
1.9336502782845177e+00 4.7946974671647959e+00 9.8441414091152535e-02
1.9352210746113128e+00 4.7948510063445955e+00 9.7050741295496928e-02
1.9367918709381076e+00 4.7950023688226704e+00 9.5669951378527338e-02
1.9383626672649024e+00 4.7951515701230099e+00 9.4299044339639468e-02
1.9399334635916974e+00 4.7952986257696031e+00 9.2938020179653427e-02
1.9415042599184922e+00 4.7954435512864402e+00 9.1586878898220994e-02
1.9430750562452872e+00 4.7955863621975094e+00 9.0245620494450424e-02
1.9446458525720820e+00 4.7957270740267983e+00 8.8914244968300124e-02
1.9462166488988770e+00 4.7958657022982951e+00 8.7592752319997483e-02
1.9477874452256718e+00 4.7960022625359882e+00 8.6281142548914710e-02
1.9493582415524668e+00 4.7961367702638640e+00 8.4979415654726539e-02
1.9509290378792616e+00 4.7962692410059091e+00 8.3687571637659539e-02
1.9524998342060564e+00 4.7963996902861101e+00 8.2405610497061868e-02
1.9540706305328515e+00 4.7965281336284544e+00 8.1133532233193723e-02
1.9556414268596463e+00 4.7966545865569268e+00 7.9871336845096327e-02
1.9572122231864413e+00 4.7967790645955120e+00 7.8619024332181348e-02
1.9587830195132361e+00 4.7969015832681947e+00 7.7376594695491824e-02
1.9603538158400311e+00 4.7970221580989598e+00 7.6144047934093267e-02
1.9619246121668259e+00 4.7971408046117912e+00 7.4921384047649503e-02
1.9634954084936209e+00 4.7972575383306717e+00 7.3708603035201423e-02
1.9650662048204157e+00 4.7973723747795836e+00 7.2505704896430448e-02
1.9666370011472105e+00 4.7974853294825088e+00 7.1312689632060708e-02
1.9682077974740055e+00 4.7975964179634296e+00 7.0129557241165333e-02
1.9697785938008003e+00 4.7977056557463271e+00 6.8956307722802188e-02
1.9713493901275954e+00 4.7978130583551808e+00 6.7792941076883953e-02
1.9729201864543902e+00 4.7979186413139701e+00 6.6639457303299496e-02
1.9744909827811852e+00 4.7980224201466735e+00 6.5495856401665289e-02
1.9760617791079800e+00 4.7981244103772704e+00 6.4362138371295341e-02
1.9776325754347750e+00 4.7982246275297387e+00 6.3238303211518826e-02
1.9792033717615698e+00 4.7983230871280540e+00 6.2124350921931616e-02
1.9807741680883646e+00 4.7984198046961914e+00 6.1020281501829074e-02
1.9823449644151596e+00 4.7985147957581269e+00 5.9926094951102835e-02
1.9839157607419544e+00 4.7986080758378344e+00 5.8841791269024411e-02
1.9854865570687494e+00 4.7986996604592873e+00 5.7767370454328906e-02
1.9870573533955442e+00 4.7987895651464569e+00 5.6702832507451534e-02
1.9886281497223393e+00 4.7988778054233157e+00 5.5648177427050437e-02
1.9901989460491341e+00 4.7989643968138322e+00 5.4603405212173516e-02
1.9917697423759289e+00 4.7990493548419764e+00 5.3568515863168908e-02
1.9933405387027239e+00 4.7991326950317159e+00 5.2543509378446485e-02
1.9949113350295187e+00 4.7992144329070170e+00 5.1528385757267106e-02
1.9964821313563137e+00 4.7992945839918448e+00 5.0523144998842445e-02
1.9980529276831085e+00 4.7993731638101629e+00 4.9527787102129558e-02
1.9996237240099035e+00 4.7994501878859337e+00 4.8542312066326622e-02
2.0011945203366985e+00 4.7995256717431189e+00 4.7566719890944964e-02
2.0027653166634933e+00 4.7995996309056776e+00 4.6601010574566594e-02
2.0043361129902881e+00 4.7996720808975679e+00 4.5645184115545134e-02
2.0059069093170829e+00 4.7997430372427443e+00 4.4699240513323447e-02
2.0074777056438777e+00 4.7998125154651614e+00 4.3763179766465786e-02
2.0090485019706730e+00 4.7998805310887720e+00 4.2837001874141238e-02
2.0106192982974678e+00 4.7999470996375253e+00 4.1920706834574217e-02
2.0121900946242626e+00 4.8000122366353706e+00 4.1014294646912315e-02
2.0137608909510574e+00 4.8000759576062535e+00 4.0117765309595398e-02
2.0153316872778526e+00 4.8001382780741162e+00 3.9231118820047303e-02
2.0169024836046474e+00 4.8001992135629008e+00 3.8354355178160104e-02
2.0184732799314422e+00 4.8002587795965450e+00 3.7487474381176757e-02
2.0200440762582370e+00 4.8003169916989847e+00 3.6630476427039059e-02
2.0216148725850318e+00 4.8003738653941523e+00 3.5783361315232229e-02
2.0231856689118271e+00 4.8004294162059775e+00 3.4946129042412781e-02
2.0247564652386218e+00 4.8004836596583855e+00 3.4118779606407343e-02
2.0263272615654166e+00 4.8005366112752990e+00 3.3301313005182846e-02
2.0278980578922114e+00 4.8005882865806360e+00 3.2493729236486732e-02
2.0294688542190067e+00 4.8006387010983129e+00 3.1696028298244937e-02
2.0310396505458015e+00 4.8006878703522400e+00 3.0908210186373224e-02
2.0326104468725963e+00 4.8007358098663220e+00 3.0130274898503728e-02
2.0341812431993911e+00 4.8007825351644620e+00 2.9362222432410091e-02
2.0357520395261859e+00 4.8008280617705559e+00 2.8604052783586326e-02
2.0373228358529811e+00 4.8008724052084943e+00 2.7855765948949909e-02
2.0388936321797759e+00 4.8009155810021626e+00 2.7117361924970072e-02
2.0404644285065707e+00 4.8009576046754407e+00 2.6388840707278372e-02
2.0420352248333655e+00 4.8009984917522006e+00 2.5670202291677251e-02
2.0436060211601603e+00 4.8010382577563071e+00 2.4961446673350575e-02
2.0451768174869556e+00 4.8010769182116189e+00 2.4262573847394640e-02
2.0467476138137504e+00 4.8011144886419856e+00 2.3573583808532864e-02
2.0483184101405452e+00 4.8011509845712492e+00 2.2894476551675532e-02
2.0498892064673400e+00 4.8011864215232416e+00 2.2225252070160254e-02
2.0514600027941352e+00 4.8012208150217850e+00 2.1565910357313867e-02
2.0530307991209300e+00 4.8012541805906910e+00 2.0916451406809925e-02
2.0546015954477248e+00 4.8012865337537605e+00 2.0276875210495374e-02
2.0561723917745196e+00 4.8013178900347810e+00 1.9647181760690760e-02
2.0577431881013144e+00 4.8013482649575279e+00 1.9027371048595549e-02
2.0593139844281096e+00 4.8013776740457601e+00 1.8417443063605220e-02
2.0608847807549044e+00 4.8014061328232227e+00 1.7817397796055158e-02
2.0624555770816992e+00 4.8014336568136429e+00 1.7227235235409848e-02
2.0640263734084940e+00 4.8014602615407300e+00 1.6646955368935772e-02
2.0655971697352893e+00 4.8014859625281741e+00 1.6076558183665941e-02
2.0671679660620841e+00 4.8015107752996427e+00 1.5516043664817547e-02
2.0687387623888789e+00 4.8015347153787795e+00 1.4965411796815743e-02
2.0703095587156737e+00 4.8015577982892044e+00 1.4424662563317940e-02
2.0718803550424685e+00 4.8015800395545076e+00 1.3893795945622702e-02
2.0734511513692637e+00 4.8016014546982495e+00 1.3372811922231947e-02
2.0750219476960585e+00 4.8016220592439547e+00 1.2861710471261707e-02
2.0765927440228533e+00 4.8016418687151132e+00 1.2360491568604729e-02
2.0781635403496481e+00 4.8016608986351743e+00 1.1869155186220136e-02
2.0797343366764434e+00 4.8016791645275401e+00 1.1387701294133747e-02
2.0813051330032382e+00 4.8016966819155655e+00 1.0916129860128139e-02
2.0828759293300330e+00 4.8017134663225498e+00 1.0454440847196770e-02
2.0844467256568278e+00 4.8017295332717316e+00 1.0002634213975516e-02
2.0860175219836226e+00 4.8017448982862803e+00 9.5607099151728131e-03
2.0875883183104178e+00 4.8017595768892916e+00 9.1286679007311008e-03
2.0891591146372126e+00 4.8017735846037768e+00 8.7065081133771514e-03
2.0907299109640074e+00 4.8017869369526514e+00 8.2942304893038402e-03
2.0923007072908022e+00 4.8017996494587258e+00 7.8918349568806289e-03
2.0938715036175974e+00 4.8018117376446892e+00 7.4993214352777997e-03
2.0954422999443922e+00 4.8018232170330952e+00 7.1166898328075111e-03
2.0970130962711870e+00 4.8018341031463452e+00 6.7439400456573428e-03
2.0985838925979818e+00 4.8018444115066652e+00 6.3810719548673513e-03
2.1001546889247766e+00 4.8018541576360798e+00 6.0280854243375771e-03
2.1017254852515719e+00 4.8018633570563853e+00 5.6849802977580093e-03
2.1032962815783667e+00 4.8018720252891134e+00 5.3517563947766290e-03
2.1048670779051615e+00 4.8018801778554900e+00 5.0284135066997523e-03
2.1064378742319563e+00 4.8018878302763843e+00 4.7149513893232700e-03
2.1080086705587515e+00 4.8018949980722514e+00 4.4113697567303694e-03
2.1095794668855463e+00 4.8019016967630552e+00 4.1176682726311925e-03
2.1111502632123411e+00 4.8019079418681834e+00 3.8338465376801089e-03
2.1127210595391359e+00 4.8019137489063359e+00 3.5599040759120939e-03
2.1142918558659307e+00 4.8019191333953897e+00 3.2958403149524369e-03
2.1158626521927260e+00 4.8019241108522257e+00 3.0416545611868110e-03
2.1174334485195208e+00 4.8019286967925163e+00 2.7973459671834983e-03
2.1190042448463156e+00 4.8019329067304479e+00 2.5629134879904974e-03
2.1205750411731104e+00 4.8019367561783621e+00 2.3383558213808794e-03
2.1221458374999056e+00 4.8019402606462878e+00 2.1236713245685302e-03
2.1237166338267004e+00 4.8019434356413147e+00 1.9188578980890514e-03
2.1252874301534952e+00 4.8019462966667481e+00 1.7239128228137331e-03
2.1268582264802900e+00 4.8019488592209418e+00 1.5388325121987853e-03
2.1284290228070848e+00 4.8019511387956459e+00 1.3636121460254304e-03
2.1299998191338800e+00 4.8019531508736248e+00 1.1982451040125739e-03
2.1315706154606748e+00 4.8019549109251063e+00 1.0427220423773356e-03
2.1331414117874696e+00 4.8019564344022907e+00 8.9702935387924029e-04
2.1347122081142644e+00 4.8019577367305120e+00 7.6114643748627603e-04
2.1362830044410592e+00 4.8019588332931908e+00 6.3504052830497856e-04
2.1378538007678545e+00 4.8019597394043680e+00 5.1865605424015755e-04
2.1394245970946493e+00 4.8019604702535137e+00 4.1188997926696317e-04
2.1409953934214441e+00 4.8019610407776616e+00 3.1452392661013572e-04
2.1425661897482389e+00 4.8019614652837808e+00 2.2597405145221853e-04
2.1441369860750341e+00 4.8019617448285832e+00 1.2995344540406184e-04
2.1457077824018289e+00 4.8019618841878557e+00 4.7484291391042759e-05
2.1472785787286237e+00 4.8019619214819311e+00 0.0000000000000000e+00
2.1488493750554185e+00 4.8019542984015438e+00 -9.7060074020031591e-03
2.1504201713822133e+00 4.8015772083045238e+00 -4.7042001605192002e-01
2.1519909677090086e+00 4.8001460484384664e+00 -1.3517893202495941e+00
2.1535617640358033e+00 4.7973248773277781e+00 -2.2402373003436704e+00
2.1551325603625981e+00 4.7932160730002584e+00 -2.9912548510331578e+00
2.1567033566893929e+00 4.7880055136471915e+00 -3.6430353674811506e+00
2.1582741530161882e+00 4.7818292727551190e+00 -4.2207987741145816e+00
2.1598449493429830e+00 4.7747979142802075e+00 -4.7318048893517224e+00
2.1614157456697778e+00 4.7670138906431383e+00 -5.1791218225183391e+00
2.1629865419965726e+00 4.7585760255524630e+00 -5.5643016840701680e+00
2.1645573383233674e+00 4.7495812376123681e+00 -5.8882180177663859e+00
2.1661281346501626e+00 4.7401253461911832e+00 -6.1513968704054172e+00
2.1676989309769574e+00 4.7303034986170029e+00 -6.3541678634030765e+00
2.1692697273037522e+00 4.7202104192075689e+00 -6.4967399688417284e+00
2.1708405236305470e+00 4.7099405671706913e+00 -6.5792417630903435e+00
2.1724113199573423e+00 4.6995882458992675e+00 -6.6017430594870774e+00
2.1739821162841371e+00 4.6892476869189945e+00 -6.5642655488639532e+00
2.1755529126109319e+00 4.6790131211643828e+00 -6.4667882931006782e+00
2.1771237089377267e+00 4.6689769541579391e+00 -6.3116564170701892e+00
2.1786945052645215e+00 4.6592299854316872e+00 -6.0985696064909822e+00
2.1802653015913167e+00 4.6498448085685746e+00 -5.8510087099553836e+00
2.1818360979181115e+00 4.6408439754271544e+00 -5.6092079812638360e+00
2.1834068942449063e+00 4.6322048165867029e+00 -5.3905106876485327e+00
2.1849776905717011e+00 4.6238819494628842e+00 -5.2064928599739773e+00
2.1865484868984963e+00 4.6158147302703627e+00 -5.0650096319883540e+00
2.1881192832252911e+00 4.6079369590563006e+00 -4.9652802021324671e+00
2.1896900795520859e+00 4.6001830866423621e+00 -4.9072567801253184e+00
2.1912608758788807e+00 4.5924876223133984e+00 -4.8909127186106582e+00
2.1928316722056755e+00 4.5847850982336036e+00 -4.9162455340594073e+00
2.1944024685324708e+00 4.5770100312531357e+00 -4.9832772084350303e+00
2.1959732648592656e+00 4.5690968864286532e+00 -5.0920517053133185e+00
2.1975440611860604e+00 4.5609800462400036e+00 -5.2426302011720702e+00
2.1991148575128552e+00 4.5525937883746952e+00 -5.4350849452859018e+00
2.2006856538396504e+00 4.5438722734009707e+00 -5.6694928092579184e+00
2.2022564501664452e+00 4.5347495420796600e+00 -5.9459294650297023e+00
2.2038272464932400e+00 4.5251595208301270e+00 -6.2644648247271828e+00
2.2053980428200348e+00 4.5150360331566519e+00 -6.6251600117815688e+00
2.2069688391468296e+00 4.5043128146655000e+00 -7.0280658179893383e+00
2.2085396354736249e+00 4.4929235295367125e+00 -7.4732223942438312e+00
2.2101104318004197e+00 4.4808017867822381e+00 -7.9606598318613768e+00
2.2116812281272145e+00 4.4678811551605007e+00 -8.4903992918914302e+00
2.2132520244540093e+00 4.4540951761125847e+00 -9.0624543948064691e+00
2.2148228207808045e+00 4.4393773744768472e+00 -9.6768326593778813e+00
2.2163936171075993e+00 4.4236612670117079e+00 -1.0333536854545835e+01
2.2179644134343941e+00 4.4068717899818806e+00 -1.1043489235254222e+01
2.2195352097611889e+00 4.3887825825052520e+00 -1.1988405056909471e+01
2.2211060060879837e+00 4.3684616969943431e+00 -1.3884949959617080e+01
2.2226768024147789e+00 4.3438417883857490e+00 -1.7462091268603775e+01
2.2242475987415737e+00 4.3122268949076359e+00 -2.2791241310322256e+01
2.2258183950683685e+00 4.2718671785651177e+00 -2.8596345551268605e+01
2.2273891913951633e+00 4.2242571225794139e+00 -3.2022660456787825e+01
2.2289599877219581e+00 4.1740306938034824e+00 -3.1927614851555795e+01
2.2305307840487534e+00 4.1263309150884258e+00 -2.8805629683557438e+01
2.2321015803755482e+00 4.0846688677667782e+00 -2.4240136480995250e+01
2.2336723767023430e+00 4.0503086907810442e+00 -1.9508599621342668e+01
2.2352431730291378e+00 4.0225141646783165e+00 -1.5880490139825785e+01
2.2368139693559330e+00 3.9992911407796061e+00 -1.3687982236335003e+01
2.2383847656827278e+00 3.9786560390252177e+00 -1.2585445326987973e+01
2.2399555620095226e+00 3.9590215119610050e+00 -1.2414010973342029e+01
2.2415263583363174e+00 3.9390423614950949e+00 -1.3024233470070458e+01
2.2430971546631122e+00 3.9180405714017614e+00 -1.3716076186990747e+01
2.2446679509899075e+00 3.8966457671872003e+00 -1.3524634590848910e+01
2.2462387473167023e+00 3.8758449130179287e+00 -1.2959835501738782e+01
2.2478095436434971e+00 3.8555135450305564e+00 -1.2926866218347824e+01
2.2493803399702919e+00 3.8346706726463413e+00 -1.3611103127105139e+01
2.2509511362970871e+00 3.8121803564978141e+00 -1.5024456766789504e+01
2.2525219326238819e+00 3.7869991523468629e+00 -1.7037248142252608e+01
2.2540927289506767e+00 3.7586708638213531e+00 -1.9031449043095890e+01
2.2556635252774715e+00 3.7276543354103304e+00 -2.0460021470222230e+01
2.2572343216042663e+00 3.6946178115732424e+00 -2.1603387099746634e+01
2.2588051179310615e+00 3.6597976858122041e+00 -2.2730973971849398e+01
2.2603759142578563e+00 3.6231682160780401e+00 -2.3907115396371186e+01
2.2619467105846511e+00 3.5846218283835336e+00 -2.5171669722970357e+01
2.2635175069114459e+00 3.5439948760009892e+00 -2.6556172632560873e+01
2.2650883032382412e+00 3.5011641322100533e+00 -2.7977624092466524e+01
2.2666590995650360e+00 3.4561338189491702e+00 -2.9356751463105642e+01
2.2682298958918308e+00 3.4090009885188670e+00 -3.0654632096057032e+01
2.2698006922186256e+00 3.3599807028719555e+00 -3.1759934083807849e+01
2.2713714885454204e+00 3.3093946993645713e+00 -3.2648165991909629e+01
2.2729422848722156e+00 3.2574391443762054e+00 -3.3503701187925451e+01
2.2745130811990104e+00 3.2035167887596288e+00 -3.5152374328376474e+01
2.2760838775258052e+00 3.1458109388047051e+00 -3.8320995796790832e+01
2.2776546738526000e+00 3.0829867738189165e+00 -4.1669215428086090e+01
2.2792254701793953e+00 3.0163450692894505e+00 -4.3181638107368009e+01
2.2807962665061901e+00 2.9491200813813379e+00 -4.2411874891589186e+01
2.2823670628329848e+00 2.8848979084112347e+00 -3.9358335382772715e+01
2.2839378591597796e+00 2.8268664627619926e+00 -3.4529596055996450e+01
2.2855086554865744e+00 2.7761624528525481e+00 -3.0028754437355914e+01
2.2870794518133697e+00 2.7312599294206006e+00 -2.7142914054584416e+01
2.2886502481401645e+00 2.6902033219802464e+00 -2.5131982111146019e+01
2.2902210444669593e+00 2.6522456287352862e+00 -2.3197253955267144e+01
2.2917918407937541e+00 2.6174084793742241e+00 -2.1158782237085067e+01
2.2933626371205493e+00 2.5859256421222625e+00 -1.8926411132564979e+01
2.2949334334473441e+00 2.5587197130207673e+00 -1.5713253650721894e+01
2.2965042297741389e+00 2.5392529646587061e+00 -9.0725801712645691e+00
2.2980750261009337e+00 2.5310065518259925e+00 -1.4270787495583459e+00
2.2996458224277285e+00 2.5298857267970658e+00 0.0000000000000000e+00
2.3012166187545238e+00 2.5314049561584850e+00 1.9343429004813619e+00
2.3027874150813186e+00 2.5329241855199038e+00 0.0000000000000000e+00
2.3043582114081134e+00 2.5310772218407434e+00 -2.3516271939966118e+00
2.3059290077349082e+00 2.5216449377875927e+00 -9.6579298596504390e+00
2.3074998040617030e+00 2.5026004955842707e+00 -1.4590207061043802e+01
2.3090706003884982e+00 2.4783549514984489e+00 -1.6280178452637319e+01
2.3106413967152930e+00 2.4519777854143645e+00 -1.7304272483668051e+01
2.3122121930420878e+00 2.4240154797721520e+00 -1.8298440821970448e+01
2.3137829893688826e+00 2.3944556026936792e+00 -1.9338363611853833e+01
2.3153537856956778e+00 2.3629986990786187e+00 -2.0713810025754963e+01
2.3169245820224726e+00 2.3281182032330672e+00 -2.3697416624774704e+01
2.3184953783492674e+00 2.2868717819680433e+00 -2.8819158008662519e+01
2.3200661746760622e+00 2.2377146657399853e+00 -3.3769626278047646e+01
2.3216369710028570e+00 2.1826164897297704e+00 -3.6383550260940638e+01
2.3232077673296523e+00 2.1255749972414937e+00 -3.6243933665830987e+01
2.3247785636564471e+00 2.0708155811040143e+00 -3.3477920407020655e+01
2.3263493599832419e+00 2.0216783729374632e+00 -2.9085516148519567e+01
2.3279201563100367e+00 1.9785559724032469e+00 -2.5819629475556713e+01
2.3294909526368319e+00 1.9391916126206341e+00 -2.4300630052837192e+01
2.3310617489636267e+00 1.9019845944085585e+00 -2.3072816876461879e+01
2.3326325452904215e+00 1.8671574785481500e+00 -2.1270444266086166e+01
2.3342033416172163e+00 1.8357541428716622e+00 -1.8713524553813233e+01
2.3357741379440111e+00 1.8088725881762981e+00 -1.5513133908287600e+01
2.3373449342708064e+00 1.7873552444714624e+00 -1.1883598994361508e+01
2.3389157305976012e+00 1.7719284804864939e+00 -7.7583669585977910e+00
2.3404865269243960e+00 1.7622257684831684e+00 -4.5955096552135926e+00
2.3420573232511908e+00 1.7562981579149390e+00 -2.9517585260465364e+00
2.3436281195779860e+00 1.7519517398606312e+00 -2.5822728186478785e+00
2.3451989159047808e+00 1.7473332295122739e+00 -3.2981971946497004e+00
2.3467697122315756e+00 1.7405774820725020e+00 -5.3034875999116515e+00
2.3483405085583704e+00 1.7301777334598674e+00 -7.9378835890001964e+00
2.3499113048851652e+00 1.7165687656772344e+00 -9.3895923548760685e+00
2.3514821012119604e+00 1.7013747550620009e+00 -9.9560228035608738e+00
2.3530528975387552e+00 1.6853464368416304e+00 -1.0451865790215182e+01
2.3546236938655500e+00 1.6685551616508481e+00 -1.0927449789220615e+01
2.3561944901923448e+00 1.6510034841062242e+00 -1.1420040137036048e+01
2.3577652865191401e+00 1.6325137046801259e+00 -1.2121878201697765e+01
2.3593360828459349e+00 1.6120219708942252e+00 -1.3969007594698208e+01
2.3609068791727297e+00 1.5876881749572194e+00 -1.7013743665815262e+01
2.3624776754995245e+00 1.5591311543595727e+00 -1.9346184238927354e+01
2.3640484718263193e+00 1.5280927798854878e+00 -2.0173101545778593e+01
2.3656192681531145e+00 1.4970028595211518e+00 -1.9411814504752233e+01
2.3671900644799093e+00 1.4683330300631607e+00 -1.7091746101977154e+01
2.3687608608067041e+00 1.4440936758719478e+00 -1.3770758193119031e+01
2.3703316571334989e+00 1.4244110144583833e+00 -1.1289984664265932e+01
2.3719024534602942e+00 1.4078284851384797e+00 -9.8235474175608744e+00
2.3734732497870890e+00 1.3932033159058526e+00 -8.7977963978650724e+00
2.3750440461138838e+00 1.3798997318689432e+00 -8.1408528846364039e+00
2.3766148424406786e+00 1.3673585113169715e+00 -7.8271250613804080e+00
2.3781856387674734e+00 1.3551757748815705e+00 -7.6844167312589589e+00
2.3797564350942686e+00 1.3435325308682449e+00 -7.1402219755047831e+00
2.3813272314210634e+00 1.3332610596009229e+00 -5.9378214246614256e+00
2.3828980277478582e+00 1.3247380185138715e+00 -4.9140515287756426e+00
2.3844688240746530e+00 1.3171993200332757e+00 -4.6845174925546145e+00
2.3860396204014482e+00 1.3092956265220037e+00 -5.3787776354613239e+00
2.3876104167282430e+00 1.2995011837950921e+00 -7.0918941630871499e+00
2.3891812130550378e+00 1.2862284295903916e+00 -9.8075013578883947e+00
2.3907520093818326e+00 1.2681828098990040e+00 -1.3168895242439428e+01
2.3923228057086274e+00 1.2448872749037161e+00 -1.6491901129324898e+01
2.3938936020354227e+00 1.2168189664930154e+00 -1.9245779092993832e+01
2.3954643983622175e+00 1.1848479127519842e+00 -2.1461030816942561e+01
2.3970351946890123e+00 1.1497929880534608e+00 -2.3172285546933658e+01
2.3986059910158071e+00 1.1123739765687117e+00 -2.4471079600350905e+01
2.4001767873426019e+00 1.0729226500547548e+00 -2.5759909409480986e+01
2.4017475836693971e+00 1.0308724753884300e+00 -2.7780035838692651e+01
2.4033183799961919e+00 9.8520434638323029e-01 -3.0366431944798038e+01
2.4048891763229867e+00 9.3590258544893412e-01 -3.2406519701830881e+01
2.4064599726497815e+00 8.8422005182377283e-01 -3.3397725881833296e+01
2.4080307689765768e+00 8.3186282679950740e-01 -3.3265563471644228e+01
2.4096015653033716e+00 7.8043704371263978e-01 -3.2211777173532369e+01
2.4111723616301663e+00 7.3085845049186549e-01 -3.0913648287500056e+01
2.4127431579569611e+00 6.8289413905060403e-01 -3.0156409775511090e+01
2.4143139542837559e+00 6.3571276333673665e-01 -2.9916783558395846e+01
2.4158847506105512e+00 5.8889929215164338e-01 -2.9687979180771830e+01
2.4174555469373460e+00 5.4261359011227650e-01 -2.9244807011582701e+01
2.4190263432641408e+00 4.9718109475813271e-01 -2.8601642689313390e+01
2.4205971395909356e+00 4.5273745451532743e-01 -2.7985757579812866e+01
2.4221679359177308e+00 4.0899650214833366e-01 -2.7706952698208450e+01
2.4237387322445256e+00 3.6546006475511783e-01 -2.7725361027724059e+01
2.4253095285713204e+00 3.2201817953408185e-01 -2.7586565133548465e+01
2.4268803248981152e+00 2.7925312212664744e-01 -2.6863597090469781e+01
2.4284511212249100e+00 2.3819570341357396e-01 -2.5412332019768108e+01
2.4300219175517053e+00 1.9983368630741666e-01 -2.3431705175587361e+01
2.4315927138785001e+00 1.6447843827966024e-01 -2.1583994727274774e+01
2.4331635102052949e+00 1.3137791362549470e-01 -2.0560902213892636e+01
2.4347343065320897e+00 9.9494962517250998e-02 -2.0033731939983536e+01
2.4363051028588849e+00 6.8931587288244195e-02 -1.8880766022158454e+01
2.4378758991856797e+00 4.1335473083911584e-02 -1.6255697863827738e+01
2.4394466955124745e+00 1.9336376761729845e-02 -1.1754421522013669e+01
2.4410174918392693e+00 5.5735836773435935e-03 -5.7689108790356203e+00
2.4425882881660641e+00 5.2134583407294416e-04 -6.6379813242446273e-01
2.4441590844928593e+00 0.0000000000000000e+00 0.0000000000000000e+00
2.4457298808196541e+00 1.8651656687655623e-03 2.3748026869548675e+00
2.4473006771464489e+00 7.0144234851433609e-03 4.1814359908943874e+00
2.4488714734732437e+00 1.4338908670356903e-02 5.1443881917469261e+00
2.4504422698000390e+00 2.2632858355697796e-02 5.4157965296705326e+00
2.4520130661268338e+00 3.1063432167521901e-02 5.3183434323532470e+00
2.4535838624536286e+00 3.9817514742370885e-02 5.8277006798221880e+00
2.4551546587804234e+00 5.0371922892997578e-02 7.6105891488316733e+00
2.4567254551072182e+00 6.4170667273461435e-02 9.9585178640680958e+00
2.4582962514340134e+00 8.0784016556125104e-02 1.1194255413112177e+01
2.4598670477608082e+00 9.7981497511000590e-02 1.0702257408466478e+01
2.4614378440876030e+00 1.1315380389117022e-01 8.6157230596043153e+00
2.4630086404143978e+00 1.2445692648761818e-01 5.7758596091837111e+00
2.4645794367411931e+00 1.3196450213381819e-01 3.7830825886466908e+00
2.4661502330679879e+00 1.3710066243062158e-01 2.7564798093424838e+00
2.4677210293947827e+00 1.4102468883742506e-01 2.2397457863850350e+00
2.4692918257215775e+00 1.4436629915878946e-01 2.0149246178715781e+00
2.4708626220483723e+00 1.4754354134772252e-01 2.0304657802791546e+00
2.4724334183751675e+00 1.5089341180038951e-01 2.2347217497953915e+00
2.4740042147019623e+00 1.5427918298888857e-01 2.0761760168268641e+00
2.4755750110287571e+00 1.5590980781939412e-01 0.0000000000000000e+00
2.4771458073555519e+00 1.5577957790517050e-01 -1.6581387669699979e-01
2.4787166036823467e+00 1.5484735113264730e-01 -1.0211341147404178e+00
2.4802874000091419e+00 1.5404535427434751e-01 0.0000000000000000e+00
2.4818581963359367e+00 1.5486057616078608e-01 1.0379727435472306e+00
2.4834289926627315e+00 1.5957026123470802e-01 4.9585845358195213e+00
2.4849997889895263e+00 1.7149152098000331e-01 1.0220034794950806e+01
2.4865705853163216e+00 1.9181588652660692e-01 1.5657751140632080e+01
2.4881413816431164e+00 2.2039178422099837e-01 2.0726211830175718e+01
2.4897121779699112e+00 2.5628640608022485e-01 2.4976240164309470e+01
2.4912829742967060e+00 2.9781541752657653e-01 2.7900139462948026e+01
2.4928537706235008e+00 3.4303301072063408e-01 2.9672688309477202e+01
2.4944245669502960e+00 3.9102833780881135e-01 3.1436860101675393e+01
2.4959953632770908e+00 4.4377750114991410e-01 3.5725460615915154e+01
2.4975661596038856e+00 5.0533796685477161e-01 4.2655758711827040e+01
2.4991369559306804e+00 5.7657887716836198e-01 4.8050985502372924e+01
2.5007077522574757e+00 6.5313557653466070e-01 4.9424031545178458e+01
2.5022785485842705e+00 7.2831003113008397e-01 4.6291056799618353e+01
2.5038493449110653e+00 7.9558460506903439e-01 3.9365591094668311e+01
2.5054201412378601e+00 8.5141741413681848e-01 3.1722949304086860e+01
2.5069909375646549e+00 8.9780634595619890e-01 2.7341273126375228e+01
2.5085617338914501e+00 9.3926782802005426e-01 2.5449125420641398e+01
2.5101325302182449e+00 9.7744917108533258e-01 2.3164870441173676e+01
2.5117033265450397e+00 1.0105624397694122e+00 1.8996252702839669e+01
2.5132741228718345e+00 1.0351782551539883e+00 1.2345576870704784e+01
2.5148449191986297e+00 1.0483683347012989e+00 4.4485540071296414e+00
2.5164157155254245e+00 1.0518622208482726e+00 0.0000000000000000e+00
2.5179865118522193e+00 1.0498767996286635e+00 -2.5279168097626781e+00
2.5195573081790141e+00 1.0426594552742405e+00 -6.6614914302602388e+00
2.5211281045058089e+00 1.0298362601569797e+00 -9.6655076828921977e+00
2.5226989008326042e+00 1.0135242863785505e+00 -1.1103542384482456e+01
2.5242696971593990e+00 9.9591104697881860e-01 -1.1322330530144997e+01
2.5258404934861938e+00 9.7835478084533933e-01 -1.1031001768896839e+01
2.5274112898129886e+00 9.6084314149192751e-01 -1.1265509949009038e+01
2.5289820861397838e+00 9.4216828102313888e-01 -1.2512060892258852e+01
2.5305528824665786e+00 9.2115426798053746e-01 -1.4243811507163418e+01
2.5321236787933734e+00 8.9783800055919794e-01 -1.5443382209308020e+01
2.5336944751201682e+00 8.7337832126069148e-01 -1.5699648725092297e+01
2.5352652714469630e+00 8.4906475310230645e-01 -1.5257347727779134e+01
2.5368360677737583e+00 8.2547795813752400e-01 -1.4774292354935485e+01
2.5384068641005531e+00 8.0236865641874178e-01 -1.4649384444636116e+01
2.5399776604273478e+00 7.7934627318098137e-01 -1.4663624307730203e+01
2.5415484567541426e+00 7.5670516561061663e-01 -1.4163929187462701e+01
2.5431192530809379e+00 7.3574299569131119e-01 -1.2525934497249025e+01
2.5446900494077327e+00 7.1839413436646082e-01 -9.5633217976783289e+00
2.5462608457345275e+00 7.0620948996417310e-01 -5.9506492938512734e+00
2.5478316420613223e+00 6.9917577973859435e-01 -3.0049487115642739e+00
2.5494024383881171e+00 6.9590504127755048e-01 -1.1594848375232667e+00
2.5509732347149123e+00 6.9499438401567237e-01 0.0000000000000000e+00
2.5525440310417071e+00 6.9507350347097663e-01 1.0073801925135940e-01
2.5541148273685019e+00 6.9582626587692675e-01 8.5770884379439127e-01
2.5556856236952967e+00 6.9747576292804148e-01 1.2424960306090251e+00
2.5572564200220920e+00 6.9956620362891297e-01 1.4191357356638465e+00
2.5588272163488868e+00 7.0227352421312594e-01 2.0279318924318086e+00
2.5603980126756816e+00 7.0714890095146932e-01 4.1795905663092752e+00
2.5619688090024764e+00 7.1612866019989230e-01 7.2537940109848584e+00
2.5635396053292712e+00 7.2913083294755432e-01 9.3010864988173427e+00
2.5651104016560664e+00 7.4427468466528346e-01 9.9806643677966402e+00
2.5666811979828612e+00 7.5966324318254297e-01 9.6126568728505273e+00
2.5682519943096560e+00 7.7401375298420660e-01 8.6589796937382513e+00
2.5698227906364508e+00 7.8661303925504611e-01 7.3829298217344483e+00
2.5713935869632456e+00 7.9735965531495157e-01 6.3000867178240698e+00
2.5729643832900408e+00 8.0671526396833704e-01 5.6118441847301934e+00
2.5745351796168356e+00 8.1514382354567472e-01 5.1197311742931442e+00
2.5761059759436304e+00 8.2291143615799156e-01 4.7703003718928452e+00
2.5776767722704252e+00 8.3034477152195796e-01 4.6941161627881316e+00
2.5792475685972205e+00 8.3788960026534487e-01 4.9122581515444006e+00
2.5808183649240153e+00 8.4573097520156559e-01 5.0716905023476242e+00
2.5823891612508101e+00 8.5363978284912789e-01 4.9981161462331904e+00
2.5839599575776049e+00 8.6122088819869380e-01 4.6544469776380595e+00
2.5855307539043997e+00 8.6784489266795917e-01 3.7794974571335844e+00
2.5871015502311949e+00 8.7257386941818071e-01 2.2416227473803394e+00
2.5886723465579897e+00 8.7485794642686232e-01 6.6655442329359604e-01
2.5902431428847845e+00 8.7538145704672155e-01 0.0000000000000000e+00
2.5918139392115793e+00 8.7486422500226524e-01 -6.5856029280603701e-01
2.5933847355383746e+00 8.7293005850707150e-01 -1.8040969749759121e+00
2.5949555318651694e+00 8.6934763295980166e-01 -2.7571888978777737e+00
2.5965263281919642e+00 8.6447132313508213e-01 -3.4515216033361589e+00
2.5980971245187590e+00 8.5858945394288544e-01 -4.0375068491286381e+00
2.5996679208455538e+00 8.5156853309084624e-01 -4.9018072201439464e+00
2.6012387171723490e+00 8.4242705995058620e-01 -6.7374778791669074e+00
2.6028095134991438e+00 8.2951316187331836e-01 -9.7050078294908904e+00
2.6043803098259386e+00 8.1232020169954178e-01 -1.2185748954819518e+01
2.6059511061527334e+00 7.9255848945765928e-01 -1.2975644543223755e+01
2.6075219024795286e+00 7.7310823339589896e-01 -1.1789190629828848e+01
2.6090926988063234e+00 7.5666081969969701e-01 -9.1523068967955084e+00
2.6106634951331182e+00 7.4412842898203968e-01 -6.8044285549986459e+00
2.6122342914599130e+00 7.3432185817265083e-01 -5.6816851977615848e+00
2.6138050877867078e+00 7.2590897880410066e-01 -5.0299254993637277e+00
2.6153758841135031e+00 7.1889914440575953e-01 -3.8952728586471008e+00
2.6169466804402979e+00 7.1396644662355424e-01 -2.3852330198845033e+00
2.6185174767670927e+00 7.1200983922716221e-01 -1.0599689072328029e-01
2.6200882730938875e+00 7.1192658946386234e-01 0.0000000000000000e+00
2.6216590694206827e+00 7.1566174850925768e-01 4.7557522024715686e+00
2.6232298657474775e+00 7.2831880464057275e-01 1.1359712183852375e+01
2.6248006620742723e+00 7.5167534379433598e-01 1.8378757094876001e+01
2.6263714584010671e+00 7.8486766919929130e-01 2.3883024192433371e+01
2.6279422547278619e+00 8.2493179111166370e-01 2.7128200151492965e+01
2.6295130510546572e+00 8.6854533179905458e-01 2.8402284537596774e+01
2.6310838473814520e+00 9.1347544379309464e-01 2.8804510802598212e+01
2.6326546437082468e+00 9.5975597297458226e-01 3.0121689102545098e+01
2.6342254400350416e+00 1.0090498801723069e+00 3.2641262856107154e+01
2.6357962363618368e+00 1.0619115052246120e+00 3.4664248559435762e+01
2.6373670326886316e+00 1.1165416929326368e+00 3.4893066766730747e+01
2.6389378290154264e+00 1.1698530764517900e+00 3.2985094914401650e+01
2.6405086253422212e+00 1.2188368811216284e+00 2.9383022242823223e+01
2.6420794216690160e+00 1.2619470276657119e+00 2.5506521116435277e+01
2.6436502179958112e+00 1.2999689433199368e+00 2.2904485461098130e+01
2.6452210143226060e+00 1.3345940936141025e+00 2.1181625135834629e+01
2.6467918106494008e+00 1.3661281433483559e+00 1.8968773991464577e+01
2.6483626069761956e+00 1.3932073683109478e+00 1.5509566071689161e+01
2.6499334033029909e+00 1.4137126032601086e+00 1.0598509939662137e+01
2.6515041996297857e+00 1.4254303698053725e+00 4.3210138017436117e+00
2.6530749959565805e+00 1.4288240861092767e+00 0.0000000000000000e+00
2.6546457922833753e+00 1.4262103089385008e+00 -3.3279644549581127e+00
2.6562165886101701e+00 1.4169759857405968e+00 -8.4295410094792409e+00
2.6577873849369653e+00 1.4013059312313965e+00 -1.1522192059785734e+01
2.6593581812637601e+00 1.3828467906915747e+00 -1.1980715637340833e+01
2.6609289775905549e+00 1.3655491240269650e+00 -1.0043357591688737e+01
2.6624997739173497e+00 1.3521912703670145e+00 -6.9643899209467177e+00
2.6640705702441445e+00 1.3423393918164779e+00 -5.5794114395252636e+00
2.6656413665709398e+00 1.3337773778979574e+00 -5.3220832641055464e+00
2.6672121628977346e+00 1.3258153615650232e+00 -4.8154707868140934e+00
2.6687829592245293e+00 1.3192957536587893e+00 -3.4855518155714758e+00
2.6703537555513241e+00 1.3160033547706087e+00 -7.0646064590232338e-01
2.6719245518781194e+00 1.3154485018768043e+00 0.0000000000000000e+00
2.6734953482049142e+00 1.3191246000438459e+00 4.6805535566062488e+00
2.6750661445317090e+00 1.3316381859194943e+00 1.1252238826709638e+01
2.6766369408585038e+00 1.3551637979891540e+00 1.8701500774481858e+01
2.6782077371852986e+00 1.3892863151873689e+00 2.4744637488193735e+01
2.6797785335120938e+00 1.4306502877070508e+00 2.7921608051192216e+01
2.6813493298388886e+00 1.4747599984245217e+00 2.8240619941123466e+01
2.6829201261656834e+00 1.5176633654461900e+00 2.6385643553154619e+01
2.6844909224924782e+00 1.5574964205447157e+00 2.4331377385906055e+01
2.6860617188192735e+00 1.5951808772314029e+00 2.3649963089433037e+01
2.6876325151460683e+00 1.6323393169244149e+00 2.3661631748369640e+01
2.6892033114728631e+00 1.6689170420054471e+00 2.2910574281254725e+01
2.6907741077996579e+00 1.7033116064807310e+00 2.0881945332622760e+01
2.6923449041264527e+00 1.7335447059607116e+00 1.7612032485203105e+01
2.6939157004532479e+00 1.7581214772167910e+00 1.3680084559940614e+01
2.6954864967800427e+00 1.7769889522555427e+00 1.0342730768702983e+01
2.6970572931068375e+00 1.7914728031154283e+00 8.0986809061511416e+00
2.6986280894336323e+00 1.8029932747861614e+00 6.5696391990284573e+00
2.7001988857604275e+00 1.8123868251981494e+00 5.3906006509753919e+00
2.7017696820872223e+00 1.8201160388773523e+00 4.4505398550942479e+00
2.7033404784140171e+00 1.8266217917891931e+00 3.8328420205379494e+00
2.7049112747408119e+00 1.8326395671964282e+00 3.8292275992889411e+00
2.7064820710676067e+00 1.8394097929831041e+00 4.7908915990932535e+00
2.7080528673944020e+00 1.8481675971413623e+00 6.3598909802444901e+00
2.7096236637211968e+00 1.8586782198010345e+00 7.0226494298405537e+00
2.7111944600479916e+00 1.8692859594487607e+00 6.4835441699003864e+00
2.7127652563747864e+00 1.8780000242898667e+00 4.6115477811826189e+00
2.7143360527015816e+00 1.8828090905520447e+00 1.5115455570727581e+00
2.7159068490283764e+00 1.8839962556564611e+00 0.0000000000000000e+00
2.7174776453551712e+00 1.8829132182825565e+00 -1.3789660128816630e+00
2.7190484416819660e+00 1.8801732921716099e+00 -2.1096162612282732e+00
2.7206192380087608e+00 1.8765070000367847e+00 -2.5584518673828347e+00
2.7221900343355561e+00 1.8724235998120882e+00 -2.6406947756802164e+00
2.7237608306623509e+00 1.8684809743264479e+00 -2.3792119027181160e+00
2.7253316269891457e+00 1.8650479844772494e+00 -1.9918065299561662e+00
2.7269024233159405e+00 1.8617207961787712e+00 -2.2445011844466087e+00
2.7284732196427357e+00 1.8573555451716797e+00 -3.3135090204762068e+00
2.7300440159695305e+00 1.8518580488607175e+00 -3.6861206796768569e+00
2.7316148122963253e+00 1.8466048872078167e+00 -3.0024124716831277e+00
2.7331856086231201e+00 1.8430970025553310e+00 -1.4639649862315356e+00
2.7347564049499149e+00 1.8419472071438667e+00 0.0000000000000000e+00
2.7363272012767101e+00 1.8432722660660805e+00 1.6871174188664393e+00
2.7378979976035049e+00 1.8476220685681704e+00 3.8512231385827120e+00
2.7394687939302997e+00 1.8543085135103472e+00 4.6622229754918170e+00
2.7410395902570945e+00 1.8621476192123561e+00 5.3188363996654324e+00
2.7426103865838893e+00 1.8710168670390310e+00 5.9738406653143583e+00
2.7441811829106846e+00 1.8809035130716654e+00 6.6142280282318060e+00
2.7457519792374794e+00 1.8917853050236075e+00 7.2408998025625744e+00
2.7473227755642742e+00 1.9036438363264110e+00 7.8578511946473766e+00
2.7488935718910690e+00 1.9164669818323870e+00 8.4690847514553145e+00
2.7504643682178642e+00 1.9302489089963772e+00 9.0786099163930167e+00
2.7520351645446590e+00 1.9449900791088550e+00 9.6904308064829596e+00
2.7536059608714538e+00 1.9606986501540795e+00 1.0310343039579951e+01
2.7551767571982486e+00 1.9774583880375192e+00 1.1028817993012742e+01
2.7567475535250434e+00 1.9957214191882560e+00 1.2224395474837010e+01
2.7583183498518387e+00 2.0169003199279580e+00 1.4741418460966250e+01
2.7598891461786335e+00 2.0432879146597509e+00 1.8856310641999563e+01
2.7614599425054283e+00 2.0761123701565256e+00 2.2937084130896302e+01
2.7630307388322231e+00 2.1139021335240153e+00 2.5178336974778603e+01
2.7646015351590183e+00 2.1532778515984230e+00 2.4956384379888977e+01
2.7661723314858131e+00 2.1906283437929108e+00 2.2599739297457987e+01
2.7677431278126079e+00 2.2235291578157566e+00 1.9290878170409055e+01
2.7693139241394027e+00 2.2518146488142996e+00 1.6723327511188668e+01
2.7708847204661975e+00 2.2769138741516364e+00 1.5233998730528993e+01
2.7724555167929927e+00 2.2999561608008645e+00 1.4104351832384911e+01
2.7740263131197875e+00 2.3210509662708367e+00 1.2754388680480993e+01
2.7755971094465823e+00 2.3396801248320678e+00 1.0964992684821549e+01
2.7771679057733771e+00 2.3552534975659261e+00 8.8636413248283077e+00
2.7787387021001724e+00 2.3675445297600244e+00 6.7857869103071353e+00
2.7803094984269672e+00 2.3768290817711160e+00 5.0356718653660097e+00
2.7818802947537620e+00 2.3838397209158804e+00 3.8905511276170519e+00
2.7834510910805568e+00 2.3895050635171073e+00 3.3227871067385095e+00
2.7850218874073516e+00 2.3946177432340927e+00 3.1868788884931640e+00
2.7865926837341468e+00 2.3997805467614559e+00 3.3866067242422706e+00
2.7881634800609416e+00 2.4054125859279796e+00 3.7843282600735786e+00
2.7897342763877364e+00 2.4116023828127076e+00 4.0967659074409850e+00
2.7913050727145312e+00 2.4180824999837855e+00 4.1539755292931648e+00
2.7928758690413265e+00 2.4246000667803127e+00 4.1444482514960734e+00
2.7944466653681213e+00 2.4312138916138726e+00 4.2765350685445753e+00
2.7960174616949161e+00 2.4382013628785595e+00 4.6201896633560340e+00
2.7975882580217108e+00 2.4459020656453241e+00 5.1846496215406432e+00
2.7991590543485056e+00 2.4546598320732200e+00 5.9660849180113225e+00
2.8007298506753009e+00 2.4647849351162794e+00 6.9255966709271659e+00
2.8023006470020957e+00 2.4764846186725671e+00 7.9709030938268404e+00
2.8038714433288905e+00 2.4898060397620290e+00 8.9904570293462172e+00
2.8054422396556853e+00 2.5046459398713030e+00 9.9042906297022348e+00
2.8070130359824805e+00 2.5205636384318306e+00 1.0362752638730971e+01
2.8085838323092753e+00 2.5365141175559924e+00 9.9460281396258097e+00
2.8101546286360701e+00 2.5514881386672239e+00 9.1194876828942188e+00
2.8117254249628649e+00 2.5657798373585043e+00 9.0772682522847639e+00
2.8132962212896597e+00 2.5803341955326542e+00 9.4539161232835323e+00
2.8148670176164550e+00 2.5951843722529384e+00 9.4539161232835323e+00
2.8164378139432498e+00 2.6100345489732182e+00 9.4539161232834541e+00
2.8180086102700446e+00 2.6248847256934980e+00 9.4539161232834541e+00
2.8195794065968394e+00 2.6397349024137777e+00 9.4539161232835323e+00
2.8211502029236346e+00 2.6545850791340619e+00 9.4539161232835323e+00
2.8227209992504294e+00 2.6694352558543417e+00 9.4539161232834541e+00
2.8242917955772242e+00 2.6842854325746215e+00 9.4539161232834541e+00
2.8258625919040190e+00 2.6991356092949013e+00 9.4539161232834541e+00
2.8274333882308138e+00 2.7139857860151810e+00 9.4539161232835287e+00
2.8290041845576090e+00 2.7288359627354652e+00 9.4539161232835287e+00
2.8305749808844038e+00 2.7436861394557450e+00 9.4539161232834541e+00
2.8321457772111986e+00 2.7585363161760248e+00 9.4539161232834541e+00
2.8337165735379934e+00 2.7733864928963046e+00 9.4539161232834541e+00
2.8352873698647882e+00 2.7882366696165843e+00 9.4539161232835323e+00
2.8368581661915835e+00 2.8030868463368686e+00 9.4539161232835323e+00
2.8384289625183783e+00 2.8179370230571483e+00 9.4539161232834541e+00
2.8399997588451731e+00 2.8327871997774281e+00 9.4539161232834541e+00
2.8415705551719679e+00 2.8476373764977079e+00 9.4539161232835323e+00
2.8431413514987631e+00 2.8624875532179921e+00 9.4539161232835323e+00
2.8447121478255579e+00 2.8773377299382719e+00 9.4539161232834541e+00
2.8462829441523527e+00 2.8921879066585516e+00 9.4539161232834541e+00
2.8478537404791475e+00 2.9070380833788314e+00 9.4539161232834541e+00
2.8494245368059423e+00 2.9218882600991112e+00 9.4539161232835287e+00
2.8509953331327376e+00 2.9367384368193954e+00 9.4539161232835287e+00
2.8525661294595324e+00 2.9515886135396752e+00 9.4539161232834541e+00
2.8541369257863272e+00 2.9664387902599549e+00 9.4539161232834541e+00
2.8557077221131220e+00 2.9812889669802347e+00 9.4539161232835287e+00
2.8572785184399172e+00 2.9961391437005189e+00 9.4539161232835287e+00
2.8588493147667120e+00 3.0109893204207987e+00 9.4539161232834541e+00
2.8604201110935068e+00 3.0258394971410785e+00 9.4539161232834541e+00
2.8619909074203016e+00 3.0406896738613582e+00 9.4539161232834541e+00
2.8635617037470964e+00 3.0555398505816380e+00 9.4539161232835323e+00
2.8651325000738916e+00 3.0703900273019222e+00 9.4539161232835323e+00
2.8667032964006864e+00 3.0852402040222020e+00 9.4539161232834541e+00
2.8682740927274812e+00 3.1000903807424818e+00 9.4539161232834541e+00
2.8698448890542760e+00 3.1149405574627616e+00 9.4539161232835323e+00
2.8714156853810713e+00 3.1297907341830458e+00 9.4539161232835323e+00
2.8729864817078661e+00 3.1446409109033255e+00 9.4539161232834541e+00
2.8745572780346609e+00 3.1594910876236053e+00 9.4539161232834541e+00
2.8761280743614557e+00 3.1743412643438851e+00 9.4539161232834541e+00
2.8776988706882505e+00 3.1891914410641649e+00 9.4539161232835287e+00
2.8792696670150457e+00 3.2040416177844491e+00 9.4539161232835287e+00
2.8808404633418405e+00 3.2188917945047288e+00 9.4539161232834541e+00
2.8824112596686353e+00 3.2337419712250086e+00 9.4539161232834541e+00
2.8839820559954301e+00 3.2485921479452884e+00 9.4539161232832480e+00
2.8855528523222254e+00 3.2634423246655722e+00 9.4539161232835323e+00
2.8871236486490202e+00 3.2782925013858524e+00 9.4539161232837383e+00
2.8886944449758150e+00 3.2931426781061326e+00 9.4539161232834541e+00
2.8902652413026098e+00 3.3079928548264124e+00 9.4539161232834541e+00
2.8918360376294046e+00 3.3228430315466921e+00 9.4539161232835323e+00
2.8934068339561998e+00 3.3376932082669764e+00 9.4539161232835323e+00
2.8949776302829946e+00 3.3525433849872561e+00 9.4539161232834541e+00
2.8965484266097894e+00 3.3673935617075359e+00 9.4539161232834541e+00
2.8981192229365842e+00 3.3822437384278157e+00 9.4539161232835323e+00
2.8996900192633794e+00 3.3970939151480994e+00 9.4539161232832480e+00
2.9012608155901742e+00 3.4119440918683792e+00 9.4539161232834541e+00
2.9028316119169690e+00 3.4267942685886594e+00 9.4539161232837383e+00
2.9044024082437638e+00 3.4416444453089396e+00 9.4539161232834541e+00
2.9059732045705586e+00 3.4564946220292194e+00 9.4539161232832480e+00
2.9075440008973539e+00 3.4713447987495032e+00 9.4539161232835323e+00
2.9091147972241487e+00 3.4861949754697834e+00 9.4539161232837383e+00
2.9106855935509435e+00 3.5010451521900636e+00 9.4539161232834541e+00
2.9122563898777383e+00 3.5158953289103434e+00 9.4539161232834541e+00
2.9138271862045331e+00 3.5307455056306232e+00 9.4539161232835323e+00
2.9153979825313283e+00 3.5455956823509074e+00 9.4539161232835323e+00
2.9169687788581231e+00 3.5604458590711872e+00 9.4539161232834541e+00
2.9185395751849179e+00 3.5752960357914669e+00 9.4539161232834541e+00
2.9201103715117127e+00 3.5901462125117467e+00 9.4539161232835323e+00
2.9216811678385080e+00 3.6049963892320305e+00 9.4539161232832480e+00
2.9232519641653028e+00 3.6198465659523102e+00 9.4539161232834541e+00
2.9248227604920976e+00 3.6346967426725905e+00 9.4539161232837383e+00
2.9263935568188923e+00 3.6495469193928707e+00 9.4539161232834541e+00
2.9279643531456871e+00 3.6643970961131505e+00 9.4539161232832480e+00
2.9295351494724824e+00 3.6792472728334342e+00 9.4539161232835323e+00
2.9311059457992772e+00 3.6940974495537144e+00 9.4539161232837383e+00
2.9326767421260720e+00 3.7089476262739947e+00 9.4539161232834541e+00
2.9342475384528668e+00 3.7237978029942744e+00 9.4539161232832480e+00
2.9358183347796620e+00 3.7386479797145582e+00 9.4539161232835323e+00
2.9373891311064568e+00 3.7534981564348380e+00 9.4539161232834541e+00
2.9389599274332516e+00 3.7683483331551177e+00 9.4539161232834541e+00
2.9405307237600464e+00 3.7831985098753980e+00 9.4539161232837383e+00
2.9421015200868412e+00 3.7980486865956782e+00 9.4539161232835323e+00
2.9436723164136365e+00 3.8128988633159620e+00 9.4539161232832480e+00
2.9452431127404313e+00 3.8277490400362417e+00 9.4539161232834541e+00
2.9468139090672261e+00 3.8425992167565219e+00 9.4539161232837383e+00
2.9483847053940209e+00 3.8574493934768022e+00 9.4539161232835323e+00
2.9499555017208161e+00 3.8722995701970859e+00 9.4539161232832480e+00
2.9515262980476109e+00 3.8871497469173657e+00 9.4539161232834541e+00
2.9530970943744057e+00 3.9019999236376455e+00 9.4539161232834541e+00
2.9546678907012005e+00 3.9168501003579252e+00 9.4539161232834541e+00
2.9562386870279953e+00 3.9317002770782050e+00 9.4539161232835323e+00
2.9578094833547905e+00 3.9465504537984892e+00 9.4539161232835323e+00
2.9593802796815853e+00 3.9614006305187690e+00 9.4539161232834541e+00
2.9609510760083801e+00 3.9762508072390488e+00 9.4539161232834541e+00
2.9625218723351749e+00 3.9911009839593286e+00 9.4539161232835323e+00
2.9640926686619702e+00 4.0059511606796123e+00 9.4539161232835323e+00
2.9656634649887650e+00 4.0208013373998925e+00 9.4539161232834541e+00
2.9672342613155598e+00 4.0356515141201728e+00 9.4539161232834541e+00
2.9688050576423546e+00 4.0505016908404530e+00 9.4539161232834541e+00
2.9703758539691494e+00 4.0653518675607332e+00 9.4539161232835287e+00
2.9719466502959446e+00 4.0802020442810170e+00 9.4539161232835287e+00
2.9735174466227394e+00 4.0950522210012972e+00 9.4539161232834541e+00
2.9750882429495342e+00 4.1099023977215774e+00 9.4539161232837383e+00
2.9766590392763290e+00 4.1247525744418576e+00 9.4539161232835323e+00
2.9782298356031243e+00 4.1396027511621414e+00 9.4539161232835323e+00
2.9798006319299191e+00 4.1544529278824216e+00 9.4539161232834541e+00
2.9813714282567139e+00 4.1693031046027009e+00 9.4539161232831699e+00
2.9829422245835087e+00 4.1841532813229803e+00 9.4539161232834541e+00
2.9845130209103035e+00 4.1990034580432605e+00 9.4539161232835323e+00
2.9860838172370987e+00 4.2138536347635442e+00 9.4539161232835323e+00
2.9876546135638935e+00 4.2287038114838245e+00 9.4539161232837383e+00
2.9892254098906883e+00 4.2435539882041047e+00 9.4539161232834541e+00
2.9907962062174831e+00 4.2584041649243840e+00 9.4539161232832480e+00
2.9923670025442783e+00 4.2732543416446678e+00 9.4539161232835323e+00
2.9939377988710731e+00 4.2881045183649480e+00 9.4539161232834541e+00
2.9955085951978679e+00 4.3029546950852282e+00 9.4539161232834541e+00
2.9970793915246627e+00 4.3178048718055084e+00 9.4539161232837383e+00
2.9986501878514575e+00 4.3326550485257886e+00 9.4539161232835323e+00
3.0002209841782528e+00 4.3475052252460724e+00 9.4539161232832480e+00
3.0017917805050476e+00 4.3623554019663517e+00 9.4539161232834541e+00
3.0033625768318424e+00 4.3772055786866320e+00 9.4539161232834541e+00
3.0049333731586372e+00 4.3920557554069122e+00 9.4539161232834541e+00
3.0065041694854320e+00 4.4069059321271924e+00 9.4539161232835323e+00
3.0080749658122272e+00 4.4217561088474762e+00 9.4539161232835323e+00
3.0096457621390220e+00 4.4366062855677564e+00 9.4539161232837383e+00
3.0112165584658168e+00 4.4514564622880366e+00 9.4539161232834541e+00
3.0127873547926116e+00 4.4663066390083159e+00 9.4539161232832480e+00
3.0143581511194069e+00 4.4811568157285997e+00 9.4539161232835323e+00
3.0159289474462017e+00 4.4960069924488799e+00 9.4539161232834541e+00
3.0174997437729965e+00 4.5108571691691601e+00 9.4539161232834541e+00
3.0190705400997913e+00 4.5257073458894403e+00 9.4539161232837383e+00
3.0206413364265861e+00 4.5405575226097206e+00 9.4539161232835323e+00
3.0222121327533813e+00 4.5554076993300043e+00 9.4539161232835323e+00
3.0237829290801761e+00 4.5702578760502846e+00 9.4539161232834541e+00
3.0253537254069709e+00 4.5851080527705639e+00 9.4539161232831699e+00
3.0269245217337657e+00 4.5999582294908432e+00 9.4539161232832480e+00
3.0284953180605609e+00 4.6148084062111270e+00 9.4539161232835323e+00
3.0300661143873557e+00 4.6296585829314072e+00 9.4539161232837383e+00
3.0316369107141505e+00 4.6445087596516874e+00 9.4539161232837383e+00
3.0332077070409453e+00 4.6593589363719676e+00 9.4539161232834541e+00
3.0347785033677401e+00 4.6742091130922470e+00 9.4539161232832480e+00
3.0363492996945354e+00 4.6890592898125307e+00 9.4539161232835323e+00
3.0379200960213302e+00 4.7039094665328109e+00 9.4539161232834541e+00
3.0394908923481250e+00 4.7187596432530912e+00 9.4539161232834541e+00
3.0410616886749198e+00 4.7336098199733714e+00 9.4539161232835323e+00
3.0426324850017150e+00 4.7511631201067042e+00 1.4653073182893470e+01
3.0442032813285098e+00 4.7803486163893290e+00 2.2507054816867672e+01
3.0457740776553046e+00 4.8218711181733145e+00 3.0361036450841382e+01
3.0473448739820994e+00 4.8757306254586581e+00 3.8215018084815092e+01
3.0489156703088942e+00 4.9419271382453624e+00 4.6068999718789165e+01
3.0504864666356895e+00 5.0204606565334515e+00 5.3922981352765660e+01
3.0520572629624843e+00 5.1113311803228809e+00 6.1776962986739868e+01
3.0536280592892791e+00 5.2145387096136702e+00 6.9630944620713848e+01
3.0551988556160738e+00 5.3300832444058193e+00 7.7484926254687650e+01
3.0567696519428691e+00 5.4579647846993664e+00 8.5338907888663584e+01
3.0583404482696639e+00 5.5981833304942388e+00 9.3192889522637486e+01
3.0599112445964587e+00 5.7507388817904710e+00 1.0104687115661176e+02
3.0614820409232535e+00 5.9156314385880648e+00 1.0890085279058604e+02
3.0630528372500483e+00 6.0928610008870185e+00 1.1675483442455985e+02
3.0646236335768435e+00 6.2824275686873872e+00 1.2460881605853605e+02
3.0661944299036383e+00 6.4843311419890650e+00 1.3246279769250998e+02
3.0677652262304331e+00 6.6985717207921027e+00 1.4031677932648395e+02
3.0693360225572279e+00 6.9251493050965003e+00 1.4817076096045804e+02
3.0709068188840232e+00 7.1640638949023270e+00 1.5602474259443397e+02
3.0724776152108180e+00 7.4153154902094478e+00 1.6387872422840817e+02
3.0740484115376128e+00 7.6789040910179303e+00 1.7173270586238243e+02
3.0756192078644076e+00 7.9548296973277717e+00 1.7958668749635643e+02
3.0771900041912024e+00 8.2430923091389747e+00 1.8744066913033024e+02
3.0787608005179976e+00 8.5436919264516220e+00 1.9529465076430617e+02
3.0803315968447924e+00 8.8566285492655474e+00 2.0314863239828006e+02
3.0819023931715872e+00 9.1819021775808327e+00 2.1100261403225434e+02
3.0834731894983820e+00 9.5195128113974796e+00 2.1885659566622843e+02
3.0850439858251772e+00 9.8694604507155859e+00 2.2671057730020465e+02
3.0866147821519720e+00 1.0231745095534956e+01 2.3456455893417885e+02
3.0881855784787668e+00 1.0606366745855688e+01 2.4241854056815254e+02
3.0897563748055616e+00 1.0993325401677776e+01 2.5027252220212625e+02
3.0913271711323564e+00 1.1392621063001226e+01 2.5812650383610060e+02
3.0928979674591517e+00 1.1804253729826154e+01 2.6598048547007681e+02
3.0944687637859465e+00 1.2228223402152327e+01 2.7383446710405076e+02
3.0960395601127413e+00 1.2664530079979862e+01 2.8168844873802504e+02
3.0976103564395361e+00 1.3113173763308758e+01 2.8954243037199876e+02
3.0991811527663309e+00 1.3574154452139013e+01 2.9739641200597282e+02
3.1007519490931261e+00 1.4047472146470763e+01 3.0525039363994904e+02
3.1023227454199209e+00 1.4533126846303741e+01 3.1310437527392270e+02
3.1038935417467157e+00 1.5031118551638079e+01 3.2095835690789698e+02
3.1054643380735105e+00 1.5541447262473778e+01 3.2881233854187099e+02
3.1070351344003058e+00 1.6064112978810986e+01 3.3666632017584720e+02
3.1086059307271006e+00 1.6599115700649406e+01 3.4452030180982143e+02
3.1101767270538954e+00 1.7146455427989189e+01 3.5237428344379515e+02
3.1117475233806902e+00 1.7706132160830332e+01 3.6022826507776887e+02
3.1133183197074850e+00 1.8278145899172838e+01 3.6808224671174321e+02
3.1148891160342802e+00 1.8862496643016868e+01 3.7593622834571943e+02
3.1164599123610750e+00 1.9459184392362094e+01 3.8379020997969337e+02
3.1180307086878698e+00 2.0068209147208680e+01 3.9164419161366766e+02
3.1196015050146646e+00 2.0689570907556629e+01 3.9949817324764138e+02
3.1211723013414598e+00 2.1323269673406116e+01 4.0735215488161759e+02
3.1227430976682546e+00 2.1969305444756788e+01 4.1520613651559154e+02
3.1243138939950494e+00 2.2627678221608818e+01 4.2306011814956526e+02
3.1258846903218442e+00 2.3298388003962209e+01 4.3091409978353954e+02
3.1274554866486390e+00 2.3981434791816959e+01 4.3876808141751360e+02
3.1290262829754343e+00 2.4676818585173272e+01 4.4662206305148982e+02
3.1305970793022291e+00 2.5384539384030745e+01 4.5447604468546405e+02
3.1321678756290239e+00 2.6104597188389583e+01 4.6233002631943776e+02
3.1337386719558187e+00 2.6836991998249779e+01 4.7018400795341176e+02
3.1353094682826139e+00 2.7581723813611546e+01 4.7803798958738798e+02
3.1368802646094087e+00 2.8338792634474462e+01 4.8589197122136164e+02
3.1384510609362035e+00 2.9108198460838747e+01 4.9374595285533593e+02
3.1400218572629983e+00 2.9889941292704382e+01 5.0159993448931021e+02
3.1415926535897931e+00 3.0684021130071383e+01 5.0945391612328422e+02
