# x energy force
1.0000000000000000e-02 7.6242041026583337e+01 2.1157548384276708e+02
1.0996666666666667e-02 7.6031331568661628e+01 2.1125285981282474e+02
1.1993333333333333e-02 7.5820943118285228e+01 2.1093132154448773e+02
1.2990000000000002e-02 7.5610874179049887e+01 2.1061170033244238e+02
1.3986666666666668e-02 7.5401122845985327e+01 2.1029398474693687e+02
1.4983333333333335e-02 7.5191687225478972e+01 2.0997816342635892e+02
1.5980000000000001e-02 7.4982565435208215e+01 2.0966422507683066e+02
1.6976666666666668e-02 7.4773755604073116e+01 2.0935215847185810e+02
1.7973333333333334e-02 7.4565255872129484e+01 2.0904195245181106e+02
1.8970000000000001e-02 7.4357064390522396e+01 2.0873359592361709e+02
1.9966666666666667e-02 7.4149179321420036e+01 2.0842707786038991e+02
2.0963333333333334e-02 7.3941598837947978e+01 2.0812238730093821e+02
2.1960000000000000e-02 7.3734321124123881e+01 2.0781951334943017e+02
2.2956666666666667e-02 7.3527344374792548e+01 2.0751844517499450e+02
2.3953333333333333e-02 7.3320666795561351e+01 2.0721917201135668e+02
2.4950000000000000e-02 7.3114286602736087e+01 2.0692168315640399e+02
2.5946666666666666e-02 7.2908202023257175e+01 2.0662596797183653e+02
2.6943333333333333e-02 7.2702411294636264e+01 2.0633201588282486e+02
2.7940000000000000e-02 7.2496912664893188e+01 2.0603981637753202e+02
2.8936666666666666e-02 7.2291704392493330e+01 2.0574935900679330e+02
2.9933333333333333e-02 7.2086784746285346e+01 2.0546063338379494e+02
3.0929999999999999e-02 7.1882152005439252e+01 2.0517362918360391e+02
3.1926666666666666e-02 7.1677804459384888e+01 2.0488833614286852e+02
3.2923333333333332e-02 7.1473740407750739e+01 2.0460474405943225e+02
3.3920000000000006e-02 7.1269958160303133e+01 2.0432284279194519e+02
3.4916666666666672e-02 7.1066456036885810e+01 2.0404262225953201e+02
3.5913333333333339e-02 7.0863232367359842e+01 2.0376407244141438e+02
3.6910000000000005e-02 7.0660285491543888e+01 2.0348718337656510e+02
3.7906666666666672e-02 7.0457613759154825e+01 2.0321194516337025e+02
3.8903333333333338e-02 7.0255215529748739e+01 2.0293834795922351e+02
3.9900000000000005e-02 7.0053089172662268e+01 2.0266638198016958e+02
4.0896666666666671e-02 6.9851233066954322e+01 2.0239603750065504e+02
4.1893333333333338e-02 6.9649645601348041e+01 2.0212730485307154e+02
4.2890000000000005e-02 6.9448325174173249e+01 2.0186017442744972e+02
4.3886666666666671e-02 6.9247270193309120e+01 2.0159463667113118e+02
4.4883333333333338e-02 6.9046479076127284e+01 2.0133068208840453e+02
4.5880000000000004e-02 6.8845950249435205e+01 2.0106830124017074e+02
4.6876666666666671e-02 6.8645682149419954e+01 2.0080748474360806e+02
4.7873333333333337e-02 6.8445673221592244e+01 2.0054822327185087e+02
4.8870000000000004e-02 6.8245921920730893e+01 2.0029050755361223e+02
4.9866666666666670e-02 6.8046426710827518e+01 2.0003432837289833e+02
5.0863333333333337e-02 6.7847186065031636e+01 1.9977967656868097e+02
5.1860000000000003e-02 6.7648198465596039e+01 1.9952654303451936e+02
5.2856666666666670e-02 6.7449462403822565e+01 1.9927491871827516e+02
5.3853333333333336e-02 6.7250976380008083e+01 1.9902479462181307e+02
5.4850000000000003e-02 6.7052738903390917e+01 1.9877616180060127e+02
5.5846666666666669e-02 6.6854748492097499e+01 1.9852901136343399e+02
5.6843333333333336e-02 6.6657003673089434e+01 1.9828333447215937e+02
5.7840000000000009e-02 6.6459502982110735e+01 1.9803912234129024e+02
5.8836666666666676e-02 6.6262244963635524e+01 1.9779636623773001e+02
5.9833333333333343e-02 6.6065228170815971e+01 1.9755505748044450e+02
6.0830000000000009e-02 6.5868451165430542e+01 1.9731518744015185e+02
6.1826666666666676e-02 6.5671912517832595e+01 1.9707674753902000e+02
6.2823333333333342e-02 6.5475610806899226e+01 1.9683972925036213e+02
6.3820000000000002e-02 6.5279544619980442e+01 1.9660412409836178e+02
6.4816666666666675e-02 6.5083712552848681e+01 1.9636992365767338e+02
6.5813333333333335e-02 6.4888113209648580e+01 1.9613711955322347e+02
6.6810000000000008e-02 6.4692745202847050e+01 1.9590570345988542e+02
6.7806666666666668e-02 6.4497607153183651e+01 1.9567566710211568e+02
6.8803333333333341e-02 6.4302697689621311e+01 1.9544700225376118e+02
6.9800000000000001e-02 6.4108015449297227e+01 1.9521970073770274e+02
7.0796666666666674e-02 6.3913559077474211e+01 1.9499375442554867e+02
7.1793333333333334e-02 6.3719327227492180e+01 1.9476915523739734e+02
7.2789999999999994e-02 6.3525318560720031e+01 1.9454589514150200e+02
7.3786666666666667e-02 6.3331531746507757e+01 1.9432396615402720e+02
7.4783333333333341e-02 6.3137965462138865e+01 1.9410336033873105e+02
7.5780000000000000e-02 6.2944618392783084e+01 1.9388406980665599e+02
7.6776666666666674e-02 6.2751489231449334e+01 1.9366608671591248e+02
7.7773333333333333e-02 6.2558576678939012e+01 1.9344940327135905e+02
7.8770000000000007e-02 6.2365879443799493e+01 1.9323401172432486e+02
7.9766666666666666e-02 6.2173396242277981e+01 1.9301990437235045e+02
8.0763333333333340e-02 6.1981125798275585e+01 1.9280707355888379e+02
8.1759999999999999e-02 6.1789066843301683e+01 1.9259551167302430e+02
8.2756666666666673e-02 6.1597218116428579e+01 1.9238521114925177e+02
8.3753333333333332e-02 6.1405578364246402e+01 1.9217616446715172e+02
8.4750000000000006e-02 6.1214146340818282e+01 1.9196836415115169e+02
8.5746666666666665e-02 6.1022920807635778e+01 1.9176180277026137e+02
8.6743333333333339e-02 6.0831900533574611e+01 1.9155647293776545e+02
8.7739999999999999e-02 6.0641084294850643e+01 1.9135236731099957e+02
8.8736666666666672e-02 6.0450470874976098e+01 1.9114947859108977e+02
8.9733333333333332e-02 6.0260059064716081e+01 1.9094779952266410e+02
9.0730000000000005e-02 6.0069847662045291e+01 1.9074732289363115e+02
9.1726666666666665e-02 5.9879835472105093e+01 1.9054804153486322e+02
9.2723333333333338e-02 5.9690021307160748e+01 1.9034994832001092e+02
9.3719999999999998e-02 5.9500403986558958e+01 1.9015303616519265e+02
9.4716666666666671e-02 5.9310982336685640e+01 1.8995729802875650e+02
9.5713333333333331e-02 5.9121755190923963e+01 1.8976272691106550e+02
9.6710000000000004e-02 5.8932721389612617e+01 1.8956931585417399e+02
9.7706666666666664e-02 5.8743879780004363e+01 1.8937705794165262e+02
9.8703333333333337e-02 5.8555229216224788e+01 1.8918594629829244e+02
9.9699999999999997e-02 5.8366768559231353e+01 1.8899597408986997e+02
1.0069666666666667e-01 5.8178496676772632e+01 1.8880713452293983e+02
1.0169333333333333e-01 5.7990412443347843e+01 1.8861942084453614e+02
1.0269000000000000e-01 5.7802514740166579e+01 1.8843282634194006e+02
1.0368666666666666e-01 5.7614802455108844e+01 1.8824734434247722e+02
1.0468333333333334e-01 5.7427274482685235e+01 1.8806296821325580e+02
1.0568000000000001e-01 5.7239929723997435e+01 1.8787969136092005e+02
1.0667666666666667e-01 5.7052767086698907e+01 1.8769750723144486e+02
1.0767333333333334e-01 5.6865785484955822e+01 1.8751640930986019e+02
1.0867000000000000e-01 5.6678983839408261e+01 1.8733639112003732e+02
1.0966666666666668e-01 5.6492361077131577e+01 1.8715744622447338e+02
1.1066333333333334e-01 5.6305916131598075e+01 1.8697956822403407e+02
1.1166000000000001e-01 5.6119647942638814e+01 1.8680275075776171e+02
1.1265666666666667e-01 5.5933555456405742e+01 1.8662698750258608e+02
1.1365333333333334e-01 5.5747637625333986e+01 1.8645227217316793e+02
1.1465000000000000e-01 5.5561893408104410e+01 1.8627859852163132e+02
1.1564666666666668e-01 5.5376321769606356e+01 1.8610596033733580e+02
1.1664333333333333e-01 5.5190921680900644e+01 1.8593435144670508e+02
1.1764000000000001e-01 5.5005692119182754e+01 1.8576376571293122e+02
1.1863666666666667e-01 5.4820632067746295e+01 1.8559419703581443e+02
1.1963333333333334e-01 5.4635740515946601e+01 1.8542563935153086e+02
1.2063000000000000e-01 5.4451016459164613e+01 1.8525808663239101e+02
1.2162666666666667e-01 5.4266458898770949e+01 1.8509153288666781e+02
1.2262333333333333e-01 5.4082066842090185e+01 1.8492597215834763e+02
1.2362000000000001e-01 5.3897839302365369e+01 1.8476139852690193e+02
1.2461666666666667e-01 5.3713775298722737e+01 1.8459780610713989e+02
1.2561333333333335e-01 5.3529873856136618e+01 1.8443518904894046e+02
1.2661000000000000e-01 5.3346134005394603e+01 1.8427354153705525e+02
1.2760666666666667e-01 5.3162554783062824e+01 1.8411285779093191e+02
1.2860333333333335e-01 5.2979135231451551e+01 1.8395313206445857e+02
1.2960000000000002e-01 5.2795874398580949e+01 1.8379435864577931e+02
1.3059666666666667e-01 5.2612771338147013e+01 1.8363653185711388e+02
1.3159333333333334e-01 5.2429825109487716e+01 1.8347964605452182e+02
1.3259000000000001e-01 5.2247034777549395e+01 1.8332369562772092e+02
1.3358666666666669e-01 5.2064399412853312e+01 1.8316867499986279e+02
1.3458333333333333e-01 5.1881918091462417e+01 1.8301457862736208e+02
1.3558000000000001e-01 5.1699589894948275e+01 1.8286140099968179e+02
1.3657666666666668e-01 5.1517413910358265e+01 1.8270913663913055e+02
1.3757333333333335e-01 5.1335389230182912e+01 1.8255778010069957e+02
1.3857000000000003e-01 5.1153514952323441e+01 1.8240732597181676e+02
1.3956666666666670e-01 5.0971790180059514e+01 1.8225776887218601e+02
1.4056333333333335e-01 5.0790214022017167e+01 1.8210910345359881e+02
1.4156000000000002e-01 5.0608785592136918e+01 1.8196132439973667e+02
1.4255666666666669e-01 5.0427504009642099e+01 1.8181442642597864e+02
1.4355333333333337e-01 5.0246368399007359e+01 1.8166840427918453e+02
1.4455000000000001e-01 5.0065377889927355e+01 1.8152325273755920e+02
1.4554666666666669e-01 4.9884531617285603e+01 1.8137896661043138e+02
1.4654333333333336e-01 4.9703828721123593e+01 1.8123554073807858e+02
1.4754000000000003e-01 4.9523268346609989e+01 1.8109296999155680e+02
1.4853666666666668e-01 4.9342849644010080e+01 1.8095124927248318e+02
1.4953333333333335e-01 4.9162571768655376e+01 1.8081037351287122e+02
1.5053000000000002e-01 4.8982433880913447e+01 1.8067033767494550e+02
1.5152666666666670e-01 4.8802435146157855e+01 1.8053113675098919e+02
1.5252333333333334e-01 4.8622574734738322e+01 1.8039276576312983e+02
1.5352000000000002e-01 4.8442851821951045e+01 1.8025521976317160e+02
1.5451666666666669e-01 4.8263265588009240e+01 1.8011849383242367e+02
1.5551333333333336e-01 4.8083815218013797e+01 1.7998258308151250e+02
1.5651000000000001e-01 4.7904499901924154e+01 1.7984748265022469e+02
1.5750666666666668e-01 4.7725318834529304e+01 1.7971318770732819e+02
1.5850333333333336e-01 4.7546271215419040e+01 1.7957969345039382e+02
1.5950000000000003e-01 4.7367356248955296e+01 1.7944699510561099e+02
1.6049666666666668e-01 4.7188573144243733e+01 1.7931508792763776e+02
1.6149333333333335e-01 4.7009921115105413e+01 1.7918396719942544e+02
1.6249000000000002e-01 4.6831399380048722e+01 1.7905362823206559e+02
1.6348666666666670e-01 4.6653007162241387e+01 1.7892406636459063e+02
1.6448333333333334e-01 4.6474743689482736e+01 1.7879527696381393e+02
1.6548000000000002e-01 4.6296608194176045e+01 1.7866725542418635e+02
1.6647666666666669e-01 4.6118599913301132e+01 1.7853999716760353e+02
1.6747333333333336e-01 4.5940718088387044e+01 1.7841349764327140e+02
1.6847000000000001e-01 4.5762961965484934e+01 1.7828775232752801e+02
1.6946666666666668e-01 4.5585330795141083e+01 1.7816275672367496e+02
1.7046333333333336e-01 4.5407823832370141e+01 1.7803850636182452e+02
1.7146000000000003e-01 4.5230440336628462e+01 1.7791499679873354e+02
1.7245666666666670e-01 4.5053179571787624e+01 1.7779222361766284e+02
1.7345333333333335e-01 4.4876040806108108e+01 1.7767018242820075e+02
1.7445000000000002e-01 4.4699023312213107e+01 1.7754886886610802e+02
1.7544666666666670e-01 4.4522126367062569e+01 1.7742827859316805e+02
1.7644333333333337e-01 4.4345349251927281e+01 1.7730840729703436e+02
1.7744000000000001e-01 4.4168691252363217e+01 1.7718925069106331e+02
1.7843666666666669e-01 4.3992151658185939e+01 1.7707080451417036e+02
1.7943333333333336e-01 4.3815729763445248e+01 1.7695306453068770e+02
1.8043000000000003e-01 4.3639424866399914e+01 1.7683602653017968e+02
1.8142666666666668e-01 4.3463236269492590e+01 1.7671968632732879e+02
1.8242333333333335e-01 4.3287163279324851e+01 1.7660403976177079e+02
1.8342000000000003e-01 4.3111205206632420e+01 1.7648908269794848e+02
1.8441666666666670e-01 4.2935361366260508e+01 1.7637481102494525e+02
1.8541333333333335e-01 4.2759631077139325e+01 1.7626122065636358e+02
1.8641000000000002e-01 4.2584013662259693e+01 1.7614830753018197e+02
1.8740666666666669e-01 4.2408508448648874e+01 1.7603606760857986e+02
1.8840333333333337e-01 4.2233114767346486e+01 1.7592449687781772e+02
1.8940000000000001e-01 4.2057831953380578e+01 1.7581359134808696e+02
1.9039666666666669e-01 4.1882659345743853e+01 1.7570334705336677e+02
1.9139333333333336e-01 4.1707596287370038e+01 1.7559376005127783e+02
1.9239000000000003e-01 4.1532642125110378e+01 1.7548482642294775e+02
1.9338666666666668e-01 4.1357796209710294e+01 1.7537654227287908e+02
1.9438333333333335e-01 4.1183057895786128e+01 1.7526890372878478e+02
1.9538000000000003e-01 4.1008426541802116e+01 1.7516190694147025e+02
1.9637666666666670e-01 4.0833901510047411e+01 1.7505554808469532e+02
1.9737333333333335e-01 4.0659482166613287e+01 1.7494982335502465e+02
1.9837000000000002e-01 4.0485167881370465e+01 1.7484472897170545e+02
1.9936666666666669e-01 4.0310958027946597e+01 1.7474026117652139e+02
2.0036333333333337e-01 4.0136851983703849e+01 1.7463641623367357e+02
2.0136000000000004e-01 3.9962849129716638e+01 1.7453319042962505e+02
2.0235666666666668e-01 3.9788948850749513e+01 1.7443058007297464e+02
2.0335333333333336e-01 3.9615150535235131e+01 1.7432858149434429e+02
2.0435000000000003e-01 3.9441453575252410e+01 1.7422719104623306e+02
2.0534666666666671e-01 3.9267857366504771e+01 1.7412640510287173e+02
2.0634333333333335e-01 3.9094361308298545e+01 1.7402622006012317e+02
2.0734000000000002e-01 3.8920964803521478e+01 1.7392663233533165e+02
2.0833666666666670e-01 3.8747667258621377e+01 1.7382763836720514e+02
2.0933333333333337e-01 3.8574468083584904e+01 1.7372923461568075e+02
2.1033000000000002e-01 3.8401366691916465e+01 1.7363141756180025e+02
2.1132666666666669e-01 3.8228362500617216e+01 1.7353418370759468e+02
2.1232333333333336e-01 3.8055454930164252e+01 1.7343752957594563e+02
2.1332000000000004e-01 3.7882643404489862e+01 1.7334145171046120e+02
2.1431666666666668e-01 3.7709927350960932e+01 1.7324594667536229e+02
2.1531333333333336e-01 3.7537306200358458e+01 1.7315101105535288e+02
2.1631000000000003e-01 3.7364779386857215e+01 1.7305664145549903e+02
2.1730666666666670e-01 3.7192346348005501e+01 1.7296283450111591e+02
2.1830333333333335e-01 3.7020006524705032e+01 1.7286958683762501e+02
2.1930000000000002e-01 3.6847759361190938e+01 1.7277689513045001e+02
2.2029666666666670e-01 3.6675604305011923e+01 1.7268475606490242e+02
2.2129333333333337e-01 3.6503540807010459e+01 1.7259316634606517e+02
2.2229000000000002e-01 3.6331568321303180e+01 1.7250212269864991e+02
2.2328666666666669e-01 3.6159686305261353e+01 1.7241162186689289e+02
2.2428333333333336e-01 3.5987894219491480e+01 1.7232166061445471e+02
2.2528000000000004e-01 3.5816191527816002e+01 1.7223223572429688e+02
2.2627666666666668e-01 3.5644577697254128e+01 1.7214334399853931e+02
2.2727333333333335e-01 3.5473052198002762e+01 1.7205498225838403e+02
2.2827000000000003e-01 3.5301614503417582e+01 1.7196714734398384e+02
2.2926666666666670e-01 3.5130264089994192e+01 1.7187983611432534e+02
2.3026333333333335e-01 3.4959000437349403e+01 1.7179304544712912e+02
2.3126000000000002e-01 3.4787823028202624e+01 1.7170677223871706e+02
2.3225666666666669e-01 3.4616731348357369e+01 1.7162101340393374e+02
2.3325333333333337e-01 3.4445724886682861e+01 1.7153576587602029e+02
2.3425000000000004e-01 3.4274803135095745e+01 1.7145102660648408e+02
2.3524666666666669e-01 3.4103965588541953e+01 1.7136679256500798e+02
2.3624333333333336e-01 3.3933211744978607e+01 1.7128306073936275e+02
2.3724000000000003e-01 3.3762541105356085e+01 1.7119982813526087e+02
2.3823666666666671e-01 3.3591953173600174e+01 1.7111709177626847e+02
2.3923333333333335e-01 3.3421447456594322e+01 1.7103484870370917e+02
2.4023000000000003e-01 3.3251023464162003e+01 1.7095309597653090e+02
2.4122666666666670e-01 3.3080680709049197e+01 1.7087183067123135e+02
2.4222333333333337e-01 3.2910418706906967e+01 1.7079104988173052e+02
2.4322000000000002e-01 3.2740236976274133e+01 1.7071075071927444e+02
2.4421666666666669e-01 3.2570135038560046e+01 1.7063093031233456e+02
2.4521333333333337e-01 3.2400112418027497e+01 1.7055158580649675e+02
2.4621000000000004e-01 3.2230168641775677e+01 1.7047271436437751e+02
2.4720666666666669e-01 3.2060303239723289e+01 1.7039431316550213e+02
2.4820333333333336e-01 3.1890515744591717e+01 1.7031637940621312e+02
2.4920000000000003e-01 3.1720805691888337e+01 1.7023891029956542e+02
2.5019666666666668e-01 3.1551172619889897e+01 1.7016190307523797e+02
2.5119333333333332e-01 3.1381616069625995e+01 1.7008535497942006e+02
2.5219000000000003e-01 3.1212135584862676e+01 1.7000926327471896e+02
2.5318666666666667e-01 3.1042730712086144e+01 1.6993362524007043e+02
2.5418333333333337e-01 3.0873401000486474e+01 1.6985843817062869e+02
2.5518000000000002e-01 3.0704146001941577e+01 1.6978369937766959e+02
2.5617666666666666e-01 3.0534965271001106e+01 1.6970940618850324e+02
2.5717333333333336e-01 3.0365858364870547e+01 1.6963555594638575e+02
2.5817000000000001e-01 3.0196824843395422e+01 1.6956214601039639e+02
2.5916666666666666e-01 3.0027864269045487e+01 1.6948917375536445e+02
2.6016333333333336e-01 2.9858976206899122e+01 1.6941663657177827e+02
2.6116000000000000e-01 2.9690160224627792e+01 1.6934453186567742e+02
2.6215666666666670e-01 2.9521415892480537e+01 1.6927285705856733e+02
2.6315333333333335e-01 2.9352742783268667e+01 1.6920160958733302e+02
2.6415000000000005e-01 2.9184140472350414e+01 1.6913078690413332e+02
2.6514666666666670e-01 2.9015608537615826e+01 1.6906038647631721e+02
2.6614333333333334e-01 2.8847146559471604e+01 1.6899040578634441e+02
2.6714000000000004e-01 2.8678754120826117e+01 1.6892084233167594e+02
2.6813666666666669e-01 2.8510430807074531e+01 1.6885169362469131e+02
2.6913333333333339e-01 2.8342176206083906e+01 1.6878295719260691e+02
2.7013000000000004e-01 2.8173989908178534e+01 1.6871463057737975e+02
2.7112666666666668e-01 2.8005871506125224e+01 1.6864671133562339e+02
2.7212333333333338e-01 2.7837820595118771e+01 1.6857919703851951e+02
2.7312000000000003e-01 2.7669836772767500e+01 1.6851208527172727e+02
2.7411666666666668e-01 2.7501919639078832e+01 1.6844537363530529e+02
2.7511333333333338e-01 2.7334068796444996e+01 1.6837905974361823e+02
2.7611000000000002e-01 2.7166283849628844e+01 1.6831314122525231e+02
2.7710666666666672e-01 2.6998564405749658e+01 1.6824761572293551e+02
2.7810333333333337e-01 2.6830910074269163e+01 1.6818248089345215e+02
2.7910000000000001e-01 2.6663320466977499e+01 1.6811773440755169e+02
2.8009666666666672e-01 2.6495795197979376e+01 1.6805337394987046e+02
2.8109333333333336e-01 2.6328333883680294e+01 1.6798939721885981e+02
2.8209000000000001e-01 2.6160936142772769e+01 1.6792580192668217e+02
2.8308666666666671e-01 2.5993601596222728e+01 1.6786258579914133e+02
2.8408333333333335e-01 2.5826329867255982e+01 1.6779974657560862e+02
2.8508000000000006e-01 2.5659120581344684e+01 1.6773728200892347e+02
2.8607666666666670e-01 2.5491973366194021e+01 1.6767518986532562e+02
2.8707333333333335e-01 2.5324887851728821e+01 1.6761346792438019e+02
2.8807000000000005e-01 2.5157863670080356e+01 1.6755211397888328e+02
2.8906666666666669e-01 2.4990900455573211e+01 1.6749112583479010e+02
2.9006333333333334e-01 2.4823997844712160e+01 1.6743050131114148e+02
2.9106000000000004e-01 2.4657155476169176e+01 1.6737023823998140e+02
2.9205666666666669e-01 2.4490372990770563e+01 1.6731033446627634e+02
2.9305333333333339e-01 2.4323650031484021e+01 1.6725078784784051e+02
2.9405000000000003e-01 2.4156986243405978e+01 1.6719159625526652e+02
2.9504666666666668e-01 2.3990381273748810e+01 1.6713275757183598e+02
2.9604333333333338e-01 2.3823834771828267e+01 1.6707426969345218e+02
2.9704000000000003e-01 2.3657346389050964e+01 1.6701613052856649e+02
2.9803666666666673e-01 2.3490915778901840e+01 1.6695833799809515e+02
2.9903333333333337e-01 2.3324542596931838e+01 1.6690089003535820e+02
3.0003000000000002e-01 2.3158226500745535e+01 1.6684378458599238e+02
3.0102666666666672e-01 2.2991967149988916e+01 1.6678701960787993e+02
3.0202333333333337e-01 2.2825764206337237e+01 1.6673059307108343e+02
3.0302000000000001e-01 2.2659617333482863e+01 1.6667450295776405e+02
3.0401666666666671e-01 2.2493526197123284e+01 1.6661874726211812e+02
3.0501333333333336e-01 2.2327490464949165e+01 1.6656332399030018e+02
3.0601000000000006e-01 2.2161509806632417e+01 1.6650823116035033e+02
3.0700666666666671e-01 2.1995583893814455e+01 1.6645346680212259e+02
3.0800333333333335e-01 2.1829712400094383e+01 1.6639902895722284e+02
3.0900000000000005e-01 2.1663895001017359e+01 1.6634491567893539e+02
3.0999666666666670e-01 2.1498131374063011e+01 1.6629112503213875e+02
3.1099333333333334e-01 2.1332421198633856e+01 1.6623765509325926e+02
3.1199000000000005e-01 2.1166764156043861e+01 1.6618450395019687e+02
3.1298666666666669e-01 2.1001159929507068e+01 1.6613166970223605e+02
3.1398333333333339e-01 2.0835608204126213e+01 1.6607915045999954e+02
3.1498000000000004e-01 2.0670108666881532e+01 1.6602694434538753e+02
3.1597666666666668e-01 2.0504661006619497e+01 1.6597504949148180e+02
3.1697333333333338e-01 2.0339264914041724e+01 1.6592346404249713e+02
3.1797000000000003e-01 2.0173920081693947e+01 1.6587218615372211e+02
3.1896666666666668e-01 2.0008626203954947e+01 1.6582121399143540e+02
3.1996333333333338e-01 1.9843382977025673e+01 1.6577054573284894e+02
3.2096000000000002e-01 1.9678190098918392e+01 1.6572017956604626e+02
3.2195666666666672e-01 1.9513047269445835e+01 1.6567011368991413e+02
3.2295333333333337e-01 1.9347954190210519e+01 1.6562034631407354e+02
3.2395000000000002e-01 1.9182910564594032e+01 1.6557087565882065e+02
3.2494666666666672e-01 1.9017916097746440e+01 1.6552169995506421e+02
3.2594333333333336e-01 1.8852970496575779e+01 1.6547281744425931e+02
3.2694000000000001e-01 1.8688073469737514e+01 1.6542422637835020e+02
3.2793666666666671e-01 1.8523224727624147e+01 1.6537592501970121e+02
3.2893333333333336e-01 1.8358423982354886e+01 1.6532791164102781e+02
3.2993000000000006e-01 1.8193670947765298e+01 1.6528018452535508e+02
3.3092666666666670e-01 1.8028965339397139e+01 1.6523274196594298e+02
3.3192333333333335e-01 1.7864306874488115e+01 1.6518558226622264e+02
3.3292000000000005e-01 1.7699695271961804e+01 1.6513870373974208e+02
3.3391666666666669e-01 1.7535130252417634e+01 1.6509210471010636e+02
3.3491333333333340e-01 1.7370611538120819e+01 1.6504578351091655e+02
3.3591000000000004e-01 1.7206138852992506e+01 1.6499973848570397e+02
3.3690666666666669e-01 1.7041711922599841e+01 1.6495396798788030e+02
3.3790333333333339e-01 1.6877330474146174e+01 1.6490847038067133e+02
3.3890000000000003e-01 1.6712994236461338e+01 1.6486324403706320e+02
3.3989666666666668e-01 1.6548702939991898e+01 1.6481828733974351e+02
3.4089333333333338e-01 1.6384456316791535e+01 1.6477359868104099e+02
3.4189000000000003e-01 1.6220254100511490e+01 1.6472917646287269e+02
3.4288666666666673e-01 1.6056096026390975e+01 1.6468501909667751e+02
3.4388333333333337e-01 1.5891981831247788e+01 1.6464112500336662e+02
3.4488000000000002e-01 1.5727911253468834e+01 1.6459749261327170e+02
3.4587666666666672e-01 1.5563884033000786e+01 1.6455412036607947e+02
3.4687333333333337e-01 1.5399899911340821e+01 1.6451100671078015e+02
3.4787000000000001e-01 1.5235958631527323e+01 1.6446815010561070e+02
3.4886666666666671e-01 1.5072059938130719e+01 1.6442554901799923e+02
3.4986333333333336e-01 1.4908203577244372e+01 1.6438320192451124e+02
3.5086000000000006e-01 1.4744389296475436e+01 1.6434110731079932e+02
3.5185666666666671e-01 1.4580616844935907e+01 1.6429926367153982e+02
3.5285333333333335e-01 1.4416885973233583e+01 1.6425766951038611e+02
3.5385000000000005e-01 1.4253196433463177e+01 1.6421632333991442e+02
3.5484666666666670e-01 1.4089547979197476e+01 1.6417522368156472e+02
3.5584333333333334e-01 1.3925940365478478e+01 1.6413436906559730e+02
3.5684000000000005e-01 1.3762373348808651e+01 1.6409375803103481e+02
3.5783666666666669e-01 1.3598846687142261e+01 1.6405338912560683e+02
3.5883333333333339e-01 1.3435360139876654e+01 1.6401326090570234e+02
3.5983000000000004e-01 1.3271913467843715e+01 1.6397337193632140e+02
3.6082666666666668e-01 1.3108506433301264e+01 1.6393372079101530e+02
3.6182333333333339e-01 1.2945138799924568e+01 1.6389430605184185e+02
3.6282000000000003e-01 1.2781810332797928e+01 1.6385512630931444e+02
3.6381666666666673e-01 1.2618520798406212e+01 1.6381618016234563e+02
3.6481333333333338e-01 1.2455269964626574e+01 1.6377746621820611e+02
3.6581000000000002e-01 1.2292057600720090e+01 1.6373898309246911e+02
3.6680666666666673e-01 1.2128883477323541e+01 1.6370072940895849e+02
3.6780333333333337e-01 1.1965747366441226e+01 1.6366270379970533e+02
3.6880000000000002e-01 1.1802649041436768e+01 1.6362490490489981e+02
3.6979666666666672e-01 1.1639588277025023e+01 1.6358733137283662e+02
3.7079333333333336e-01 1.1476564849264062e+01 1.6354998185986787e+02
3.7179000000000006e-01 1.1313578535547093e+01 1.6351285503035891e+02
3.7278666666666671e-01 1.1150629114594576e+01 1.6347594955663763e+02
3.7378333333333336e-01 1.0987716366446245e+01 1.6343926411894932e+02
3.7478000000000006e-01 1.0824840072453268e+01 1.6340279740540595e+02
3.7577666666666670e-01 1.0662000015270459e+01 1.6336654811194174e+02
3.7677333333333335e-01 1.0499195978848450e+01 1.6333051494226490e+02
3.7777000000000005e-01 1.0336427748425987e+01 1.6329469660781578e+02
3.7876666666666670e-01 1.0173695110522285e+01 1.6325909182771252e+02
3.7976333333333340e-01 1.0010997852929329e+01 1.6322369932870959e+02
3.8076000000000004e-01 9.8483357647043519e+00 1.6318851784516295e+02
3.8175666666666669e-01 9.6857086361622322e+00 1.6315354611896277e+02
3.8275333333333339e-01 9.5231162588680238e+00 1.6311878289950246e+02
3.8375000000000004e-01 9.3605584256295291e+00 1.6308422694363932e+02
3.8474666666666668e-01 9.1980349304898290e+00 1.6304987701563221e+02
3.8574333333333338e-01 9.0355455687199555e+00 1.6301573188711205e+02
3.8674000000000003e-01 8.8730901368115909e+00 1.6298179033703835e+02
3.8773666666666673e-01 8.7106684324697241e+00 1.6294805115164590e+02
3.8873333333333338e-01 8.5482802546054977e+00 1.6291451312440108e+02
3.8973000000000002e-01 8.3859254033289492e+00 1.6288117505597060e+02
3.9072666666666672e-01 8.2236036799418883e+00 1.6284803575417394e+02
3.9172333333333337e-01 8.0613148869308198e+00 1.6281509403393125e+02
3.9272000000000007e-01 7.8990588279598173e+00 1.6278234871723370e+02
3.9371666666666671e-01 7.7368353078635739e+00 1.6274979863309420e+02
3.9471333333333336e-01 7.5746441326403620e+00 1.6271744261750527e+02
3.9571000000000006e-01 7.4124851094451207e+00 1.6268527951340289e+02
3.9670666666666671e-01 7.2503580465825861e+00 1.6265330817062016e+02
3.9770333333333335e-01 7.0882627535003842e+00 1.6262152744584597e+02
3.9870000000000005e-01 6.9261990407822420e+00 1.6258993620258838e+02
3.9969666666666670e-01 6.7641667201412421e+00 1.6255853331113047e+02
4.0069333333333340e-01 6.6021656044130257e+00 1.6252731764849017e+02
4.0169000000000005e-01 6.4401955075491708e+00 1.6249628809838208e+02
4.0268666666666669e-01 6.2782562446104784e+00 1.6246544355117416e+02
4.0368333333333339e-01 6.1163476317603847e+00 1.6243478290385301e+02
4.0468000000000004e-01 5.9544694862584118e+00 1.6240430505997884e+02
4.0567666666666669e-01 5.7926216264535837e+00 1.6237400892965013e+02
4.0667333333333339e-01 5.6308038717779523e+00 1.6234389342946480e+02
4.0767000000000003e-01 5.4690160427401713e+00 1.6231395748247780e+02
4.0866666666666673e-01 5.3072579609190109e+00 1.6228420001816659e+02
4.0966333333333338e-01 5.1455294489570536e+00 1.6225461997239066e+02
4.1066000000000003e-01 4.9838303305542837e+00 1.6222521628735416e+02
4.1165666666666673e-01 4.8221604304618149e+00 1.6219598791156881e+02
4.1265333333333337e-01 4.6605195744756465e+00 1.6216693379981297e+02
4.1365000000000002e-01 4.4989075894303818e+00 1.6213805291309939e+02
4.1464666666666672e-01 4.3373243031930624e+00 1.6210934421863450e+02
4.1564333333333336e-01 4.1757695446570384e+00 1.6208080668978118e+02
4.1664000000000007e-01 4.0142431437357891e+00 1.6205243930602663e+02
4.1763666666666671e-01 3.8527449313569075e+00 1.6202424105293886e+02
4.1863333333333336e-01 3.6902670182909167e+00 1.6401839386209934e+02
4.1963000000000006e-01 3.5281584712284584e+00 1.6128303837024734e+02
4.2062666666666670e-01 3.3689365289131628e+00 1.5822587597483400e+02
4.2162333333333335e-01 3.2095393854065088e+00 1.6163461266728791e+02
4.2262000000000005e-01 3.0475546197836803e+00 1.6341842871630365e+02
4.2361666666666670e-01 2.8848235708610916e+00 1.6313217112836267e+02
4.2461333333333340e-01 2.7222043413870658e+00 1.6319404186298215e+02
4.2561000000000004e-01 2.5590875352603661e+00 1.6413065270565258e+02
4.2660666666666669e-01 2.3945482719094322e+00 1.6604847107549293e+02
4.2760333333333339e-01 2.2281716430628546e+00 1.6781767376712571e+02
4.2860000000000004e-01 2.0609975302524357e+00 1.6764877334408956e+02
4.2959666666666674e-01 1.8955329588325094e+00 1.6438715592665383e+02
4.3059333333333338e-01 1.7349158286178707e+00 1.5792146657764459e+02
4.3159000000000003e-01 1.5817628544714837e+00 1.4940891632481075e+02
4.3258666666666673e-01 1.4369870746660840e+00 1.4111104315089756e+02
4.3358333333333338e-01 1.2996313359834668e+00 1.3451920169716942e+02
4.3458000000000002e-01 1.1683526071489267e+00 1.2891637455943808e+02
4.3557666666666672e-01 1.0430280974715138e+00 1.2257093583001060e+02
4.3657333333333337e-01 9.2488869105225135e-01 1.1449810715179208e+02
4.3757000000000007e-01 8.1556228295673583e-01 1.0488598936094040e+02
4.3856666666666672e-01 7.1590671959816787e-01 9.5091729753247051e+01
4.3956333333333336e-01 6.2530410327318720e-01 8.6719540464109187e+01
4.4056000000000006e-01 5.4219352303319401e-01 8.0057543629516900e+01
4.4155666666666671e-01 4.6541392726257891e-01 7.4015223803158733e+01
4.4255333333333335e-01 3.9492994684557531e-01 6.7424201782804559e+01
4.4355000000000006e-01 3.3149411182706900e-01 5.9871788220882621e+01
4.4454666666666670e-01 2.7583430949033860e-01 5.1820122822725835e+01
4.4554333333333340e-01 2.2785483571843981e-01 4.4459757655997485e+01
4.4654000000000005e-01 1.8643496129566689e-01 3.8657047205755930e+01
4.4753666666666669e-01 1.5015940574175679e-01 3.4136709758613684e+01
4.4853333333333339e-01 1.1821681335924220e-01 2.9962137831714386e+01
4.4953000000000004e-01 9.0601665711303431e-02 2.5452874170839479e+01
4.5052666666666669e-01 6.7667448525847010e-02 2.0568966335094093e+01
4.5152333333333339e-01 4.9478825750067630e-02 1.5929942245063925e+01
4.5252000000000003e-01 3.5453955605192392e-02 1.2213609885121096e+01
4.5351666666666673e-01 2.4631280690785733e-02 9.5041324180353328e+00
4.5451333333333338e-01 1.6163336493003257e-02 7.4883977447392276e+00
4.5551000000000003e-01 9.6002610409385430e-03 5.6816533296383982e+00
4.5650666666666673e-01 4.9575328939885045e-03 3.6348580020335990e+00
4.5750333333333337e-01 2.3056133673857839e-03 1.6867196433231426e+00
4.5850000000000007e-01 9.8709361226974063e-04 9.5913939704340800e-01
4.5949666666666672e-01 2.5456123970489292e-04 5.1082523017705339e-01
4.6049333333333337e-01 0.0000000000000000e+00 -0.0000000000000000e+00
4.6149000000000007e-01 3.2389402070240846e-04 -6.4995455659343926e-01
4.6248666666666671e-01 1.3466087743210634e-03 -1.4023158520059118e+00
4.6348333333333336e-01 3.0259091220023364e-03 -1.9675176216020649e+00
4.6448000000000006e-01 5.2855258916578232e-03 -2.5668304111512636e+00
4.6547666666666671e-01 8.3145219727349898e-03 -3.5114225943548836e+00
4.6647333333333341e-01 1.2542426272842713e-02 -4.9726663021820592e+00
4.6747000000000005e-01 1.8566530476277841e-02 -7.1158371160826652e+00
4.6846666666666670e-01 2.7204597586289618e-02 -1.0218076817051701e+01
4.6946333333333340e-01 3.8994724655247073e-02 -1.3441041047076158e+01
4.7046000000000004e-01 5.3936137626049596e-02 -1.6541727456207123e+01
4.7145666666666669e-01 7.2141905476101276e-02 -1.9991585955268594e+01
4.7245333333333339e-01 9.4200555094267835e-02 -2.4273262776836663e+01
4.7345000000000004e-01 1.2089088412215465e-01 -2.9285925907887169e+01
4.7444666666666674e-01 1.5281638055978738e-01 -3.4778615438530814e+01
4.7544333333333338e-01 1.9025970324188474e-01 -4.0358486933572500e+01
4.7644000000000003e-01 2.3294694674691810e-01 -4.5301533477867480e+01
4.7743666666666673e-01 2.8022225825590541e-01 -4.9565312359561965e+01
4.7843333333333338e-01 3.3174645667099317e-01 -5.3827727938275146e+01
4.7943000000000002e-01 3.8790553488649870e-01 -5.8866074500868734e+01
4.8042666666666672e-01 4.4950148532979739e-01 -6.4737839432167803e+01
4.8142333333333337e-01 5.1697830267126499e-01 -7.0667145199542631e+01
4.8242000000000007e-01 5.8985296031549672e-01 -7.5569625992890479e+01
4.8341666666666672e-01 6.6683919238488143e-01 -7.8917796219924924e+01
4.8441333333333336e-01 7.4646197058631125e-01 -8.0860354017061368e+01
4.8541000000000006e-01 8.2774041657296427e-01 -8.2240206491266662e+01
4.8640666666666671e-01 9.1071452753716253e-01 -8.4263026212813642e+01
4.8740333333333336e-01 9.9611941310782393e-01 -8.7118015066109166e+01
4.8840000000000006e-01 1.0843028264262327e+00 -8.9838667178183201e+01
4.8939666666666670e-01 1.1747386635278414e+00 -9.1637929012339654e+01
4.9039333333333340e-01 1.2664222131528140e+00 -9.2342438128067371e+01
4.9139000000000005e-01 1.3584092172985540e+00 -9.2246867850010105e+01
4.9238666666666669e-01 1.4502268809340972e+00 -9.2002624395231166e+01
4.9338333333333340e-01 1.5419972618485605e+00 -9.2151986135457847e+01
4.9438000000000004e-01 1.6339961152503952e+00 -9.2461097614047290e+01
4.9537666666666674e-01 1.7260349662384527e+00 -9.2232248850275596e+01
4.9637333333333339e-01 1.8173639653276057e+00 -9.1036645643011909e+01
4.9737000000000003e-01 1.9070351406174830e+00 -8.8905512129321167e+01
4.9836666666666674e-01 1.9943893180125125e+00 -8.6387151539628263e+01
4.9936333333333338e-01 2.0792933014685628e+00 -8.3988734994255864e+01
5.0036000000000003e-01 2.1619099844763654e+00 -8.1797250974582255e+01
5.0135666666666667e-01 2.2422665945676021e+00 -7.9453471616531701e+01
5.0235333333333332e-01 2.3199061425958947e+00 -7.6344952520513772e+01
5.0335000000000008e-01 2.3939052559223488e+00 -7.2148251479046294e+01
5.0434666666666672e-01 2.4632347458672244e+00 -6.6974470818365845e+01
5.0534333333333337e-01 2.5271365209972667e+00 -6.1256516064664666e+01
5.0634000000000001e-01 2.5851894701234559e+00 -5.5237696228693821e+01
5.0733666666666666e-01 2.6374567410149150e+00 -4.9646459406343489e+01
5.0833333333333330e-01 2.6846722634938409e+00 -4.5100408444345689e+01
5.0933000000000006e-01 2.7278522261246265e+00 -4.1548345998694550e+01
5.1032666666666671e-01 2.7679364580563695e+00 -3.8888239817513508e+01
5.1132333333333335e-01 2.8056990966861264e+00 -3.6889630342535703e+01
5.1232000000000000e-01 2.8413504707167174e+00 -3.4651588447949443e+01
5.1331666666666675e-01 2.8742430940781594e+00 -3.1353675822496481e+01
5.1431333333333340e-01 2.9039743746906237e+00 -2.8307756844657685e+01
5.1531000000000005e-01 2.9315359717782741e+00 -2.6999795839592053e+01
5.1630666666666669e-01 2.9588234903081085e+00 -2.7757766427635154e+01
5.1730333333333334e-01 2.9879074164535386e+00 -3.0604627175236011e+01
5.1830000000000009e-01 3.0207639090320262e+00 -3.5328133851823210e+01
5.1929666666666674e-01 3.0586600769227825e+00 -4.0717688002538608e+01
5.2029333333333339e-01 3.1014372140192936e+00 -4.5122720886783341e+01
5.2129000000000003e-01 3.1480371468175399e+00 -4.8388849945819736e+01
5.2228666666666668e-01 3.1975237096651301e+00 -5.0915289547674739e+01
5.2328333333333343e-01 3.2492207270417377e+00 -5.2824544652866592e+01
5.2428000000000008e-01 3.3025916331252643e+00 -5.4274263541503380e+01
5.2527666666666673e-01 3.3575532250540010e+00 -5.6016556382385232e+01
5.2627333333333337e-01 3.4151957486687090e+00 -5.9654059566864305e+01
5.2727000000000002e-01 3.4771599044126500e+00 -6.4688727879174024e+01
5.2826666666666677e-01 3.5434365335064308e+00 -6.8307852242113356e+01
5.2926333333333342e-01 3.6119533717768064e+00 -6.9184130909144514e+01
5.3026000000000006e-01 3.6799017876171365e+00 -6.7167205225299710e+01
5.3125666666666671e-01 3.7447337529183855e+00 -6.2930384007978432e+01
5.3225333333333336e-01 3.8052699471385703e+00 -5.8546928808448158e+01
5.3325000000000000e-01 3.8624141384855109e+00 -5.6123689279060265e+01
5.3424666666666676e-01 3.9176726742360106e+00 -5.4763004534642036e+01
5.3524333333333340e-01 3.9708464775305954e+00 -5.1940279668540136e+01
5.3624000000000005e-01 4.0198650019840434e+00 -4.6424652345070655e+01
5.3723666666666670e-01 4.0620651376574575e+00 -3.8257894156764941e+01
5.3823333333333334e-01 4.0955810809225701e+00 -2.8998179284933212e+01
5.3923000000000010e-01 4.1207549289186094e+00 -2.1517903650257356e+01
5.4022666666666674e-01 4.1397557480931209e+00 -1.6610830479197119e+01
5.4122333333333339e-01 4.1544852555619372e+00 -1.2946709592006508e+01
5.4222000000000004e-01 4.1655321745319087e+00 -9.2210207825189716e+00
5.4321666666666668e-01 4.1728314606633141e+00 -5.4263761366900800e+00
5.4421333333333344e-01 4.1761015034103348e+00 -1.1355825529821941e+00
5.4521000000000008e-01 4.1766674020492376e+00 -0.0000000000000000e+00
5.4620666666666673e-01 4.1748630674303842e+00 3.6207383655920369e+00
5.4720333333333337e-01 4.1702445488794186e+00 5.6471918370145406e+00
5.4820000000000002e-01 4.1635737520834137e+00 7.7390224693505933e+00
5.4919666666666667e-01 4.1548339015664846e+00 9.7991391030827106e+00
5.5019333333333342e-01 4.1441358176356520e+00 1.1668587848418984e+01
5.5119000000000007e-01 4.1316287065965724e+00 1.3429293835353558e+01
5.5218666666666671e-01 4.1174112644980827e+00 1.5100690308774309e+01
5.5318333333333336e-01 4.1015688359327784e+00 1.6690136243675912e+01
5.5418000000000001e-01 4.0841813049069602e+00 1.8201230363318359e+01
5.5517666666666676e-01 4.0653257574538788e+00 1.9635988606071880e+01
5.5617333333333341e-01 4.0450768561875368e+00 2.0997258082240847e+01
5.5717000000000005e-01 4.0234046759938380e+00 2.2492066721169639e+01
5.5816666666666670e-01 3.9996778350816959e+00 2.5120323069082886e+01
5.5916333333333335e-01 3.9719404907624982e+00 3.0539899645027809e+01
5.6016000000000010e-01 3.9368873470325099e+00 3.9800857003771974e+01
5.6115666666666675e-01 3.8914357084977325e+00 5.1406444403809722e+01
5.6215333333333339e-01 3.8351826058134462e+00 6.1476035899108396e+01
5.6315000000000004e-01 3.7708223652890949e+00 6.7674948430696404e+01
5.6414666666666669e-01 3.7020926041181510e+00 7.0244304755146985e+01
5.6514333333333344e-01 3.6316897085435813e+00 7.1032408772405205e+01
5.6614000000000009e-01 3.5604079443591505e+00 7.2007920694683236e+01
5.6713666666666673e-01 3.4874686163953350e+00 7.4358623714314092e+01
5.6813333333333338e-01 3.4115907075554111e+00 7.7904738506272153e+01
5.6913000000000002e-01 3.3322118622934078e+00 8.1383914193403129e+01
5.7012666666666667e-01 3.2496738932473508e+00 8.4244117337149177e+01
5.7112333333333343e-01 3.1644820883187603e+00 8.6709337369037172e+01
5.7212000000000007e-01 3.0768052465140117e+00 8.9230813409726281e+01
5.7311666666666672e-01 2.9866481551548834e+00 9.1686426775819626e+01
5.7411333333333336e-01 2.8941310147798505e+00 9.3966697722577976e+01
5.7511000000000001e-01 2.7994815746822712e+00 9.5965289095311206e+01
5.7610666666666677e-01 2.7032363599156644e+00 9.7168921138664814e+01
5.7710333333333341e-01 2.6062164877371523e+00 9.7519785574072330e+01
5.7810000000000006e-01 2.5090619208039939e+00 9.7439211616216099e+01
5.7909666666666670e-01 2.4119689388024064e+00 9.7396203771589015e+01
5.8009333333333335e-01 2.3148503309531798e+00 9.7490634721846178e+01
5.8109000000000011e-01 2.2177186326194938e+00 9.7422472302255031e+01
5.8208666666666675e-01 2.1210233875025004e+00 9.6614808868972730e+01
5.8308333333333340e-01 2.0256949151008916e+00 9.4679784579076014e+01
5.8408000000000004e-01 1.9327466742574959e+00 9.1838424471220378e+01
5.8507666666666669e-01 1.8426440821319980e+00 8.8969452703695652e+01
5.8607333333333345e-01 1.7550391650441821e+00 8.6826367539397296e+01
5.8707000000000009e-01 1.6693656191329893e+00 8.5093791479722242e+01
5.8806666666666674e-01 1.5858439829730810e+00 8.2508153991668934e+01
5.8906333333333338e-01 1.5059171140033594e+00 7.7880211833863129e+01
5.9006000000000003e-01 1.4317753298673752e+00 7.0899288104569663e+01
5.9105666666666667e-01 1.3652343140917229e+00 6.2627833853264001e+01
5.9205333333333343e-01 1.3064025957077710e+00 5.5429126114522120e+01
5.9305000000000008e-01 1.2534726804322116e+00 5.0784750692622481e+01
5.9404666666666672e-01 1.2044842226286976e+00 4.7519846906404389e+01
5.9504333333333337e-01 1.1594217946223062e+00 4.2906430029500136e+01
5.9604000000000001e-01 1.1207603445499896e+00 3.4675075132341007e+01
5.9703666666666677e-01 1.0926812649801434e+00 2.1670903937579652e+01
5.9803333333333342e-01 1.0783150708888143e+00 7.1575791888338687e+00
5.9903000000000006e-01 1.0747482105930455e+00 -0.0000000000000000e+00
6.0002666666666671e-01 1.0773117024666243e+00 -5.1441308499913214e+00
6.0102333333333335e-01 1.0864355017548004e+00 -1.3164496484141505e+01
6.0202000000000011e-01 1.1027419017574995e+00 -1.9557376430970823e+01
6.0301666666666676e-01 1.1242981233985703e+00 -2.3699255624690345e+01
6.0401333333333340e-01 1.1491577085989539e+00 -2.6186199626916800e+01
6.0501000000000005e-01 1.1763825739111193e+00 -2.8445637119904646e+01
6.0600666666666669e-01 1.2071658787069401e+00 -3.3326880865021430e+01
6.0700333333333334e-01 1.2445963944522556e+00 -4.1784521968388923e+01
6.0800000000000010e-01 1.2902510556781150e+00 -4.9830182832658579e+01
6.0899666666666674e-01 1.3418381605184106e+00 -5.3689091094358012e+01
6.0999333333333339e-01 1.3946778428030548e+00 -5.2343716165799748e+01
6.1099000000000003e-01 1.4439695826845718e+00 -4.6569474231895143e+01
6.1198666666666668e-01 1.4868146843554753e+00 -3.9407318418749206e+01
6.1298333333333344e-01 1.5239132414769148e+00 -3.5037946707878532e+01
6.1398000000000008e-01 1.5579838130516264e+00 -3.3331093241377076e+01
6.1497666666666673e-01 1.5904081631347060e+00 -3.1734492209620232e+01
6.1597333333333337e-01 1.6206547580199075e+00 -2.8961015921220138e+01
6.1697000000000002e-01 1.6474755921185451e+00 -2.4860055848622238e+01
6.1796666666666678e-01 1.6698752108148340e+00 -2.0089011769344729e+01
6.1896333333333342e-01 1.6876037759700888e+00 -1.5486704261267787e+01
6.1996000000000007e-01 1.7010734771827813e+00 -1.1542796499988640e+01
6.2095666666666671e-01 1.7109365611172056e+00 -8.2493451744416788e+00
6.2195333333333336e-01 1.7175428952286069e+00 -5.0075125741899980e+00
6.2295000000000011e-01 1.7204989861809066e+00 -9.2444251403621880e-01
6.2394666666666676e-01 1.7209596667004012e+00 -0.0000000000000000e+00
6.2494333333333341e-01 1.7197942137397113e+00 2.3387015933576851e+00
6.2594000000000005e-01 1.7166807020789403e+00 3.9091478931393810e+00
6.2693666666666670e-01 1.7122180248280237e+00 5.0460572926469123e+00
6.2793333333333334e-01 1.7067816460783245e+00 5.8630639442077648e+00
6.2893000000000010e-01 1.7005198086089446e+00 6.7024961950151525e+00
6.2992666666666675e-01 1.6933956271624693e+00 7.5935200855377198e+00
6.3092333333333339e-01 1.6852820529220316e+00 8.6878997949393675e+00
6.3192000000000004e-01 1.6757850127426519e+00 1.0369705916190668e+01
6.3291666666666668e-01 1.6641550083393313e+00 1.2968095562045235e+01
6.3391333333333344e-01 1.6496703622337756e+00 1.6098083913983462e+01
6.3491000000000009e-01 1.6323564375784188e+00 1.8645577601783629e+01
6.3590666666666673e-01 1.6132227829979735e+00 1.9749715870682525e+01
6.3690333333333338e-01 1.5937664881617899e+00 1.9293016242061110e+01
6.3790000000000002e-01 1.5752814909182573e+00 1.7800623711516867e+01
6.3889666666666678e-01 1.5581814873126234e+00 1.6513764794769017e+01
6.3989333333333343e-01 1.5418904991053617e+00 1.6177181440539545e+01
6.4089000000000007e-01 1.5258268139208861e+00 1.6057638327639523e+01
6.4188666666666672e-01 1.5103894193421630e+00 1.4920410994213814e+01
6.4288333333333336e-01 1.4969276325874625e+00 1.2093207911539942e+01
6.4388000000000001e-01 1.4872752673421197e+00 7.2760868951683664e+00
6.4487666666666676e-01 1.4826546073339428e+00 1.9961405459882835e+00
6.4587333333333341e-01 1.4816598639618588e+00 -0.0000000000000000e+00
6.4687000000000006e-01 1.4828738162086510e+00 -2.4360245755027035e+00
6.4786666666666670e-01 1.4868041112977972e+00 -5.4508552020485830e+00
6.4886333333333335e-01 1.4933034259024667e+00 -7.5912476835758325e+00
6.4986000000000010e-01 1.5015019526629529e+00 -8.8606454812781195e+00
6.5085666666666675e-01 1.5106814549362642e+00 -9.5597604183433003e+00
6.5185333333333340e-01 1.5205683949931779e+00 -1.0280253073791430e+01
6.5285000000000004e-01 1.5316059729381628e+00 -1.1868732768988046e+01
6.5384666666666669e-01 1.5446345294258867e+00 -1.4275527741495493e+01
6.5484333333333344e-01 1.5597826517611142e+00 -1.6122042161968192e+01
6.5584000000000009e-01 1.5760479030991135e+00 -1.6517258181843555e+01
6.5683666666666674e-01 1.5919155295634786e+00 -1.5324132716548457e+01
6.5783333333333338e-01 1.6060094240349756e+00 -1.2957929768061300e+01
6.5883000000000003e-01 1.6177556560932067e+00 -1.0613104462503410e+01
6.5982666666666678e-01 1.6276412494422234e+00 -9.2242066057558603e+00
6.6082333333333343e-01 1.6364555279231592e+00 -8.4633087406040222e+00
6.6182000000000007e-01 1.6444777290417776e+00 -7.6347537047844254e+00
6.6281666666666672e-01 1.6514972896465834e+00 -6.4513210874681421e+00
6.6381333333333337e-01 1.6571488041514391e+00 -4.8895106948513050e+00
6.6481000000000001e-01 1.6611890649831698e+00 -3.2180361246751441e+00
6.6580666666666677e-01 1.6637161320502560e+00 -1.8530014681394773e+00
6.6680333333333341e-01 1.6651118069288489e+00 -9.4768390696337446e-01
6.6780000000000006e-01 1.6657851751371486e+00 -4.0355664480858605e-01
6.6879666666666671e-01 1.6660535839564963e+00 -1.3505637060486542e-01
6.6979333333333335e-01 1.6661707222458679e+00 -1.0000374184671142e-01
6.7079000000000011e-01 1.6663071400652041e+00 -1.7374439060024455e-01
6.7178666666666675e-01 1.6666022244410752e+00 -4.1839816967606830e-01
6.7278333333333340e-01 1.6668107261956304e+00 -0.0000000000000000e+00
6.7378000000000005e-01 1.6665877463170529e+00 4.4745126135949159e-01
6.7477666666666669e-01 1.6659065234144788e+00 9.1955121872225909e-01
6.7577333333333345e-01 1.6650753757396171e+00 7.4830364722089315e-01
6.7677000000000009e-01 1.6647024710887519e+00 -0.0000000000000000e+00
6.7776666666666674e-01 1.6649301146023721e+00 -4.5680972632787198e-01
6.7876333333333339e-01 1.6664503668764823e+00 -2.5938637334251049e+00
6.7976000000000003e-01 1.6703618324016103e+00 -5.2552309658284129e+00
6.8075666666666679e-01 1.6772095901400497e+00 -8.4860889106373669e+00
6.8175333333333343e-01 1.6875144151396124e+00 -1.2192489683803542e+01
6.8275000000000008e-01 1.7014409520884510e+00 -1.5753738307177322e+01
6.8374666666666672e-01 1.7188173328007410e+00 -1.9115253088722820e+01
6.8474333333333337e-01 1.7396769152169460e+00 -2.2743440723060825e+01
6.8574000000000002e-01 1.7644922663461606e+00 -2.7053250506133239e+01
6.8673666666666677e-01 1.7940473069997958e+00 -3.2254523380754456e+01
6.8773333333333342e-01 1.8292617431836951e+00 -3.8409897055165281e+01
6.8873000000000006e-01 1.8707275331088975e+00 -4.4799045938553590e+01
6.8972666666666671e-01 1.9183802608906606e+00 -5.0825156967996548e+01
6.9072333333333336e-01 1.9719128882466397e+00 -5.6598175518920193e+01
6.9172000000000011e-01 2.0314150641058362e+00 -6.2804184064740717e+01
6.9271666666666676e-01 2.0974794190619823e+00 -6.9766427887394400e+01
6.9371333333333340e-01 2.1706459444328732e+00 -7.7056031050850791e+01
6.9471000000000005e-01 2.2507771322682424e+00 -8.3742339187351675e+01
6.9570666666666670e-01 2.3367021011478348e+00 -8.8682347527553318e+01
6.9670333333333345e-01 2.4265394625183867e+00 -9.1593294018688667e+01
6.9770000000000010e-01 2.5185756238584784e+00 -9.3094655158756439e+01
6.9869666666666674e-01 2.6121737296167118e+00 -9.4727630643722676e+01
6.9969333333333339e-01 2.7080353681181903e+00 -9.7636861332492828e+01
7.0069000000000004e-01 2.8069630708378237e+00 -1.0088026787078870e+02
7.0168666666666668e-01 2.9083568310426364e+00 -1.0258547167064538e+02
7.0268333333333344e-01 3.0102703408012212e+00 -1.0192324356395468e+02
7.0368000000000008e-01 3.1103819218520590e+00 -9.8969561220339102e+01
7.0467666666666673e-01 3.2067811851503842e+00 -9.4473776502057007e+01
7.0567333333333337e-01 3.2984543305013605e+00 -8.9485712496561632e+01
7.0667000000000002e-01 3.3855075027748129e+00 -8.5202927517058612e+01
7.0766666666666678e-01 3.4689867599058770e+00 -8.2313976424860655e+01
7.0866333333333342e-01 3.5501967863254635e+00 -8.0649287293376943e+01
7.0966000000000007e-01 3.6302251157870074e+00 -7.9942678181295946e+01
7.1065666666666671e-01 3.7098893009983747e+00 -7.9918563045531471e+01
7.1165333333333336e-01 3.7895193584450131e+00 -7.9874194372475571e+01
7.1265000000000012e-01 3.8685745871945914e+00 -7.8765060643386619e+01
7.1364666666666676e-01 3.9463039998257994e+00 -7.7213693800512146e+01
7.1464333333333341e-01 4.0231115970781328e+00 -7.6915263896481065e+01
7.1564000000000005e-01 4.1005771679998873e+00 -7.8534042301022865e+01
7.1663666666666670e-01 4.1806137149368263e+00 -8.2074413090830618e+01
7.1763333333333346e-01 4.2649821465564006e+00 -8.7226787483551121e+01
7.1863000000000010e-01 4.3548824339104391e+00 -9.3175126939272971e+01
7.1962666666666675e-01 4.4505317758230021e+00 -9.8763351815038448e+01
7.2062333333333339e-01 4.5513905867263951e+00 -1.0362891086735914e+02
7.2162000000000004e-01 4.6568866170419909e+00 -1.0806880882949383e+02
7.2261666666666668e-01 4.7666340046865514e+00 -1.1216006269805609e+02
7.2361333333333344e-01 4.8803357001294358e+00 -1.1600387464550495e+02
7.2461000000000009e-01 4.9979628127331752e+00 -1.2003715399076545e+02
7.2560666666666673e-01 5.1199980221929176e+00 -1.2484955395521021e+02
7.2660333333333338e-01 5.2471165518977738e+00 -1.3023779662310156e+02
7.2760000000000002e-01 5.3792626727130655e+00 -1.3493836554805856e+02
7.2859666666666678e-01 5.5151158442665142e+00 -1.3767669442539190e+02
7.2959333333333343e-01 5.6524638125257525e+00 -1.3793795759984198e+02
7.3059000000000007e-01 5.7889445902104582e+00 -1.3593651267047548e+02
7.3158666666666672e-01 5.9227826210248322e+00 -1.3263478662258771e+02
7.3258333333333336e-01 6.0533640725058060e+00 -1.2940157086432205e+02
7.3358000000000012e-01 6.1811248590329217e+00 -1.2697458939073638e+02
7.3457666666666677e-01 6.3067722734473834e+00 -1.2516069037072992e+02
7.3557333333333341e-01 6.4307128187425233e+00 -1.2354943396734907e+02
7.3657000000000006e-01 6.5527351773747009e+00 -1.2131148636478569e+02
7.3756666666666670e-01 6.6728630683316741e+00 -1.1974782659235564e+02
7.3856333333333335e-01 6.7940858295856899e+00 -1.2350855050600889e+02
7.3956000000000011e-01 6.9181820159854466e+00 -1.2551389711889928e+02
7.4055666666666675e-01 7.0422401160202783e+00 -1.2343212301789256e+02
7.4155333333333340e-01 7.1652724090991331e+00 -1.2345542162195514e+02
7.4255000000000004e-01 7.2883279346975725e+00 -1.2347874345852992e+02
7.4354666666666669e-01 7.4114067159822135e+00 -1.2350208855078917e+02
7.4454333333333345e-01 7.5345087761427916e+00 -1.2352545692191968e+02
7.4554000000000009e-01 7.6576341383921216e+00 -1.2354884859513585e+02
7.4653666666666674e-01 7.7807828259662095e+00 -1.2357226359367536e+02
7.4753333333333338e-01 7.9039548621242179e+00 -1.2359570194079424e+02
7.4853000000000003e-01 8.0271502701484998e+00 -1.2361916365977578e+02
7.4952666666666679e-01 8.1503690733446401e+00 -1.2364264877392662e+02
7.5052333333333343e-01 8.2736112950414213e+00 -1.2366615730657568e+02
7.5152000000000008e-01 8.3968769585909282e+00 -1.2368968928107017e+02
7.5251666666666672e-01 8.5201660873685192e+00 -1.2371324472079010e+02
7.5351333333333337e-01 8.6434787047728623e+00 -1.2373682364913542e+02
7.5451000000000013e-01 8.7668148342259737e+00 -1.2376042608952685e+02
7.5550666666666677e-01 8.8901744991731793e+00 -1.2378405206540697e+02
7.5650333333333342e-01 9.0135577230832276e+00 -1.2380770160024730e+02
7.5750000000000006e-01 9.1369645294482567e+00 -1.2383137471754095e+02
7.5849666666666671e-01 9.2603949417838276e+00 -1.2385507144080005e+02
7.5949333333333335e-01 9.3838489836289494e+00 -1.2387879179356355e+02
7.6049000000000011e-01 9.5073266785461197e+00 -1.2390253579939659e+02
7.6148666666666676e-01 9.6308280501212895e+00 -1.2392630348188514e+02
7.6248333333333340e-01 9.7543531219639714e+00 -1.2395009486463803e+02
7.6348000000000005e-01 9.8779019177072040e+00 -1.2397390997128646e+02
7.6447666666666669e-01 1.0001474461007595e+01 -1.2399774882548984e+02
7.6547333333333345e-01 1.0125070775545355e+01 -1.2402161145092811e+02
7.6647000000000010e-01 1.0248690885024265e+01 -1.2404549787130415e+02
7.6746666666666674e-01 1.0372334813171783e+01 -1.2406940811034249e+02
7.6846333333333339e-01 1.0496002583739013e+01 -1.2409334219179830e+02
7.6946000000000003e-01 1.0619694220500747e+01 -1.2411730013944492e+02
7.7045666666666679e-01 1.0743409747255495e+01 -1.2414128197708277e+02
7.7145333333333344e-01 1.0867149187825456e+01 -1.2416528772853135e+02
7.7245000000000008e-01 1.0990912566056627e+01 -1.2418931741763558e+02
7.7344666666666673e-01 1.1114699905818767e+01 -1.2421337106826995e+02
7.7444333333333337e-01 1.1238511231005441e+01 -1.2423744870432552e+02
7.7544000000000013e-01 1.1362346565534052e+01 -1.2426155034971939e+02
7.7643666666666677e-01 1.1486205933345808e+01 -1.2428567602839139e+02
7.7743333333333342e-01 1.1610089358405835e+01 -1.2430982576431025e+02
7.7843000000000007e-01 1.1733996864703142e+01 -1.2433399958146198e+02
7.7942666666666671e-01 1.1857928476250658e+01 -1.2435819750385942e+02
7.8042333333333336e-01 1.1981884217085256e+01 -1.2438241955553885e+02
7.8142000000000011e-01 1.2105864111267792e+01 -1.2440666576056442e+02
7.8241666666666676e-01 1.2229868182883076e+01 -1.2443093614302124e+02
7.8341333333333341e-01 1.2353896456039974e+01 -1.2445523072701619e+02
7.8441000000000005e-01 1.2477948954871380e+01 -1.2447954953668045e+02
7.8540666666666670e-01 1.2602025703534247e+01 -1.2450389259616972e+02
7.8640333333333345e-01 1.2726126726209635e+01 -1.2452825992967112e+02
7.8740000000000010e-01 1.2850252047102678e+01 -1.2455265156138921e+02
7.8839666666666675e-01 1.2974401690442683e+01 -1.2457706751554841e+02
7.8939333333333339e-01 1.3098575680483103e+01 -1.2460150781640291e+02
7.9039000000000004e-01 1.3222774041501577e+01 -1.2462597248823145e+02
7.9138666666666679e-01 1.3346996797799967e+01 -1.2465046155533787e+02
7.9238333333333344e-01 1.3471243973704329e+01 -1.2467497504204876e+02
7.9338000000000009e-01 1.3595515593565015e+01 -1.2469951297270981e+02
7.9437666666666673e-01 1.3719811681756642e+01 -1.2472407537169818e+02
7.9537333333333338e-01 1.3844132262678137e+01 -1.2474866226341442e+02
7.9637000000000002e-01 1.3968477360752756e+01 -1.2477327367227976e+02
7.9736666666666678e-01 1.4092847000428119e+01 -1.2479790962274075e+02
7.9836333333333342e-01 1.4217241206176187e+01 -1.2482257013927358e+02
7.9936000000000007e-01 1.4341660002493363e+01 -1.2484725524636926e+02
8.0035666666666672e-01 1.4466103413900461e+01 -1.2487196496854934e+02
8.0135333333333336e-01 1.4590571464942752e+01 -1.2489669933036683e+02
8.0235000000000012e-01 1.4715064180189993e+01 -1.2492145835638333e+02
8.0334666666666676e-01 1.4839581584236399e+01 -1.2494624207119359e+02
8.0434333333333341e-01 1.4964123701700752e+01 -1.2497105049942044e+02
8.0534000000000006e-01 1.5088690557226370e+01 -1.2499588366570393e+02
8.0633666666666670e-01 1.5213282175481142e+01 -1.2502074159471302e+02
8.0733333333333346e-01 1.5337898581157569e+01 -1.2504562431113844e+02
8.0833000000000010e-01 1.5462539798972735e+01 -1.2507053183970153e+02
8.0932666666666675e-01 1.5587205853668411e+01 -1.2509546420514093e+02
8.1032333333333340e-01 1.5711896770011029e+01 -1.2512042143222327e+02
8.1132000000000004e-01 1.5836612572791712e+01 -1.2514540354573958e+02
8.1231666666666680e-01 1.5961353286826320e+01 -1.2517041057050712e+02
8.1331333333333344e-01 1.6086118936955419e+01 -1.2519544253136580e+02
8.1431000000000009e-01 1.6210909548044381e+01 -1.2522049945317718e+02
8.1530666666666674e-01 1.6335725144983364e+01 -1.2524558136083981e+02
8.1630333333333338e-01 1.6460565752687344e+01 -1.2527068827925953e+02
8.1730000000000003e-01 1.6585431396096141e+01 -1.2529582023338146e+02
8.1829666666666678e-01 1.6710322100174462e+01 -1.2532097724817535e+02
8.1929333333333343e-01 1.6835237889911863e+01 -1.2534615934861833e+02
8.2029000000000007e-01 1.6960178790322853e+01 -1.2537136655972873e+02
8.2128666666666672e-01 1.7085144826446882e+01 -1.2539659890655663e+02
8.2228333333333337e-01 1.7210136023348365e+01 -1.2542185641415058e+02
8.2328000000000012e-01 1.7335152406116720e+01 -1.2544713910760689e+02
8.2427666666666677e-01 1.7460193999866345e+01 -1.2547244701205049e+02
8.2527333333333341e-01 1.7585260829736729e+01 -1.2549778015260499e+02
8.2627000000000006e-01 1.7710352920892404e+01 -1.2552313855444164e+02
8.2726666666666671e-01 1.7835470298523003e+01 -1.2554852224275156e+02
8.2826333333333346e-01 1.7960612987843284e+01 -1.2557393124274328e+02
8.2926000000000011e-01 1.8085781014093115e+01 -1.2559936557966307e+02
8.3025666666666675e-01 1.8210974402537566e+01 -1.2562482527877343e+02
8.3125333333333340e-01 1.8336193178466893e+01 -1.2565031036536330e+02
8.3225000000000005e-01 1.8461437367196563e+01 -1.2567582086475200e+02
8.3324666666666669e-01 1.8586706994067296e+01 -1.2570135680227672e+02
8.3424333333333345e-01 1.8712002084445089e+01 -1.2572691820330651e+02
8.3524000000000009e-01 1.8837322663721196e+01 -1.2575250509323193e+02
8.3623666666666674e-01 1.8962668757312226e+01 -1.2577811749746702e+02
8.3723333333333338e-01 1.9088040390660119e+01 -1.2580375544145402e+02
8.3823000000000003e-01 1.9213437589232186e+01 -1.2582941895066017e+02
8.3922666666666679e-01 1.9338860378521151e+01 -1.2585510805058286e+02
8.4022333333333343e-01 1.9464308784045109e+01 -1.2588082276673211e+02
8.4122000000000008e-01 1.9589782831347648e+01 -1.2590656312465913e+02
8.4221666666666672e-01 1.9715282545997820e+01 -1.2593232914993627e+02
8.4321333333333337e-01 1.9840807953590161e+01 -1.2595812086814490e+02
8.4421000000000013e-01 1.9966359079744745e+01 -1.2598393830491069e+02
8.4520666666666677e-01 2.0091935950107153e+01 -1.2600978148588270e+02
8.4620333333333342e-01 2.0217538590348585e+01 -1.2603565043672796e+02
8.4720000000000006e-01 2.0343167026165823e+01 -1.2606154518314891e+02
8.4819666666666671e-01 2.0468821283281269e+01 -1.2608746575086245e+02
8.4919333333333347e-01 2.0594501387442993e+01 -1.2611341216561897e+02
8.5019000000000011e-01 2.0720207364424699e+01 -1.2613938445319583e+02
8.5118666666666676e-01 2.0845939240025832e+01 -1.2616538263938132e+02
8.5218333333333340e-01 2.0971697040071540e+01 -1.2619140675000618e+02
8.5318000000000005e-01 2.1097480790412735e+01 -1.2621745681092791e+02
8.5417666666666670e-01 2.1223290516926106e+01 -1.2624353284801855e+02
8.5517333333333345e-01 2.1349126245514157e+01 -1.2626963488717458e+02
8.5617000000000010e-01 2.1474988002105171e+01 -1.2629576295433205e+02
8.5716666666666674e-01 2.1600875812653342e+01 -1.2632191707545032e+02
8.5816333333333339e-01 2.1726789703138724e+01 -1.2634809727649558e+02
8.5916000000000003e-01 2.1852729699567274e+01 -1.2637430358347515e+02
8.6015666666666679e-01 2.1978695827970895e+01 -1.2640053602243361e+02
8.6115333333333344e-01 2.2104688114407416e+01 -1.2642679461942105e+02
8.6215000000000008e-01 2.2230706584960682e+01 -1.2645307940051438e+02
8.6314666666666673e-01 2.2356751265740535e+01 -1.2647939039183491e+02
8.6414333333333337e-01 2.2482822182882856e+01 -1.2650572761951473e+02
8.6514000000000013e-01 2.2608919362549599e+01 -1.2653209110971422e+02
8.6613666666666678e-01 2.2735042830928769e+01 -1.2655848088862429e+02
8.6713333333333342e-01 2.2861192614234522e+01 -1.2658489698245377e+02
8.6813000000000007e-01 2.2987368738707136e+01 -1.2661133941744870e+02
8.6912666666666671e-01 2.3113571230613065e+01 -1.2663780821987473e+02
8.7012333333333336e-01 2.3239800116244947e+01 -1.2666430341601738e+02
8.7112000000000012e-01 2.3366055421921654e+01 -1.2669082503220092e+02
8.7211666666666676e-01 2.3492337173988261e+01 -1.2671737309477665e+02
8.7311333333333341e-01 2.3618645398816160e+01 -1.2674394763010493e+02
8.7411000000000005e-01 2.3744980122803010e+01 -1.2677054866458683e+02
8.7510666666666670e-01 2.3871341372372811e+01 -1.2679717622465211e+02
8.7610333333333346e-01 2.3997729173975920e+01 -1.2682383033674814e+02
8.7710000000000010e-01 2.4124143554089024e+01 -1.2685051102734560e+02
8.7809666666666675e-01 2.4250584539215250e+01 -1.2687721832294916e+02
8.7909333333333339e-01 2.4377052155884151e+01 -1.2690395225010077e+02
8.8009000000000004e-01 2.4503546430651728e+01 -1.2693071283534421e+02
8.8108666666666680e-01 2.4630067390100475e+01 -1.2695750010526055e+02
8.8208333333333344e-01 2.4756615060839348e+01 -1.2698431408646485e+02
8.8308000000000009e-01 2.4883189469503886e+01 -1.2701115480559184e+02
8.8407666666666673e-01 2.5009790642756176e+01 -1.2703802228930647e+02
8.8507333333333338e-01 2.5136418607284881e+01 -1.2706491656428618e+02
8.8607000000000014e-01 2.5263073389805296e+01 -1.2709183765725639e+02
8.8706666666666678e-01 2.5389755017059315e+01 -1.2711878559495877e+02
8.8806333333333343e-01 2.5516463515815538e+01 -1.2714576040415632e+02
8.8906000000000007e-01 2.5643198912869245e+01 -1.2717276211164943e+02
8.9005666666666672e-01 2.5769961235042434e+01 -1.2719979074425457e+02
8.9105333333333336e-01 2.5896750509183850e+01 -1.2722684632882917e+02
8.9205000000000012e-01 2.6023566762169029e+01 -1.2725392889224132e+02
8.9304666666666677e-01 2.6150410020900253e+01 -1.2728103846139301e+02
8.9404333333333341e-01 2.6277280312306679e+01 -1.2730817506321664e+02
8.9504000000000006e-01 2.6404177663344306e+01 -1.2733533872466931e+02
8.9603666666666670e-01 2.6531102100996009e+01 -1.2736252947273343e+02
8.9703333333333346e-01 2.6658053652271583e+01 -1.2738974733441592e+02
8.9803000000000011e-01 2.6785032344207714e+01 -1.2741699233675253e+02
8.9902666666666675e-01 2.6912038203868086e+01 -1.2744426450680928e+02
9.0002333333333340e-01 2.7039071258343366e+01 -1.2747156387168241e+02
9.0102000000000004e-01 2.7166131534751226e+01 -1.2749889045847891e+02
9.0201666666666680e-01 2.7293219060236396e+01 -1.2752624429434844e+02
9.0301333333333345e-01 2.7420333861970633e+01 -1.2755362540646395e+02
9.0401000000000009e-01 2.7547475967152828e+01 -1.2758103382202685e+02
9.0500666666666674e-01 2.7674645403008984e+01 -1.2760846956825819e+02
9.0600333333333338e-01 2.7801842196792247e+01 -1.2763593267240753e+02
9.0700000000000014e-01 2.7929066375782956e+01 -1.2766342316176718e+02
9.0799666666666679e-01 2.8056317967288614e+01 -1.2769094106363650e+02
9.0899333333333343e-01 2.8183596998643988e+01 -1.2771848640534536e+02
9.0999000000000008e-01 2.8310903497211090e+01 -1.2774605921426443e+02
9.1098666666666672e-01 2.8438237490379226e+01 -1.2777365951778411e+02
9.1198333333333337e-01 2.8565599005565005e+01 -1.2780128734331964e+02
9.1298000000000012e-01 2.8692988070212394e+01 -1.2782894271830774e+02
9.1397666666666677e-01 2.8820404711792676e+01 -1.2785662567022253e+02
9.1497333333333342e-01 2.8947848957804574e+01 -1.2788433622656659e+02
9.1597000000000006e-01 2.9075320835774217e+01 -1.2791207441486580e+02
9.1696666666666671e-01 2.9202820373255189e+01 -1.2793984026267262e+02
9.1796333333333346e-01 2.9330347597828553e+01 -1.2796763379756459e+02
9.1896000000000011e-01 2.9457902537102836e+01 -1.2799545504715481e+02
9.1995666666666676e-01 2.9585485218714140e+01 -1.2802330403908138e+02
9.2095333333333340e-01 2.9713095670326112e+01 -1.2805118080100200e+02
9.2195000000000005e-01 2.9840733919629979e+01 -1.2807908536060825e+02
9.2294666666666680e-01 2.9968399994344594e+01 -1.2810701774562190e+02
9.2394333333333345e-01 3.0096093922216415e+01 -1.2813497798378984e+02
9.2494000000000010e-01 3.0223815731019606e+01 -1.2816296610288910e+02
9.2593666666666674e-01 3.0351565448556013e+01 -1.2819098213070933e+02
9.2693333333333339e-01 3.0479343102655200e+01 -1.2821902609509175e+02
9.2793000000000003e-01 3.0607148721174493e+01 -1.2824709802389370e+02
9.2892666666666679e-01 3.0734982331998996e+01 -1.2827519794498849e+02
9.2992333333333344e-01 3.0862843963041588e+01 -1.2830332588630299e+02
9.3092000000000008e-01 3.0990733642243018e+01 -1.2833148187577288e+02
9.3191666666666673e-01 3.1118651397571888e+01 -1.2835966594136244e+02
9.3291333333333337e-01 3.1246597257024685e+01 -1.2838787811107687e+02
9.3391000000000013e-01 3.1374571248625827e+01 -1.2841611841293212e+02
9.3490666666666677e-01 3.1502573400427632e+01 -1.2844438687497984e+02
9.3590333333333342e-01 3.1630603740510441e+01 -1.2847268352531071e+02
9.3690000000000007e-01 3.1758662296982575e+01 -1.2850100839202273e+02
9.3789666666666671e-01 3.1886749097980385e+01 -1.2852936150325650e+02
9.3889333333333347e-01 3.2014864171668293e+01 -1.2855774288717774e+02
9.3989000000000011e-01 3.2143007546238771e+01 -1.2858615257197530e+02
9.4088666666666676e-01 3.2271179249912429e+01 -1.2861459058587712e+02
9.4188333333333341e-01 3.2399379310938023e+01 -1.2864305695712375e+02
9.4288000000000005e-01 3.2527607757592456e+01 -1.2867155171398949e+02
9.4387666666666681e-01 3.2655864618180857e+01 -1.2870007488479155e+02
9.4487333333333345e-01 3.2784149921036544e+01 -1.2872862649785779e+02
9.4587000000000010e-01 3.2912463694521108e+01 -1.2875720658154447e+02
9.4686666666666675e-01 3.3040805967024426e+01 -1.2878581516425078e+02
9.4786333333333339e-01 3.3169176766964675e+01 -1.2881445227438297e+02
9.4886000000000004e-01 3.3297576122788371e+01 -1.2884311794039357e+02
9.4985666666666679e-01 3.3426004062970414e+01 -1.2887181219076737e+02
9.5085333333333344e-01 3.3554460616014048e+01 -1.2890053505399260e+02
9.5185000000000008e-01 3.3682945810450988e+01 -1.2892928655860376e+02
9.5284666666666673e-01 3.3811459674841387e+01 -1.2895806673316750e+02
9.5384333333333338e-01 3.3940002237773868e+01 -1.2898687560626831e+02
9.5484000000000013e-01 3.4068573527865588e+01 -1.2901571320652292e+02
9.5583666666666678e-01 3.4197173573762193e+01 -1.2904457956258341e+02
9.5683333333333342e-01 3.4325802404137931e+01 -1.2907347470311620e+02
9.5783000000000007e-01 3.4454460047695633e+01 -1.2910239865682351e+02
9.5882666666666672e-01 3.4583146533166747e+01 -1.2913135145244300e+02
9.5982333333333347e-01 3.4711861889311393e+01 -1.2916033311872678e+02
9.6082000000000012e-01 3.4840606144918318e+01 -1.2918934368447330e+02
9.6181666666666676e-01 3.4969379328805033e+01 -1.2921838317850208e+02
9.6281333333333341e-01 3.5098181469817753e+01 -1.2924745162964371e+02
9.6381000000000006e-01 3.5227012596831464e+01 -1.2927654906677847e+02
9.6480666666666670e-01 3.5355872738749952e+01 -1.2930567551881876e+02
9.6580333333333346e-01 3.5484761924505833e+01 -1.2933483101469497e+02
9.6680000000000010e-01 3.5613680183060531e+01 -1.2936401558336232e+02
9.6779666666666675e-01 3.5742627543404389e+01 -1.2939322925381146e+02
9.6879333333333340e-01 3.5871604034556647e+01 -1.2942247205506897e+02
9.6979000000000004e-01 3.6000609685565486e+01 -1.2945174401617913e+02
9.7078666666666680e-01 3.6129644525508056e+01 -1.2948104516621135e+02
9.7178333333333344e-01 3.6258708583490467e+01 -1.2951037553428480e+02
9.7278000000000009e-01 3.6387801888647900e+01 -1.2953973514953276e+02
9.7377666666666673e-01 3.6516924470144566e+01 -1.2956912404111011e+02
9.7477333333333338e-01 3.6646076357173762e+01 -1.2959854223821438e+02
9.7577000000000014e-01 3.6775257578957905e+01 -1.2962798977007185e+02
9.7676666666666678e-01 3.6904468164748515e+01 -1.2965746666593719e+02
9.7776333333333343e-01 3.7033708143826317e+01 -1.2968697295507903e+02
9.7876000000000007e-01 3.7162977545501221e+01 -1.2971650866681273e+02
9.7975666666666672e-01 3.7292276399112367e+01 -1.2974607383047837e+02
9.8075333333333348e-01 3.7421604734028165e+01 -1.2977566847544486e+02
9.8175000000000012e-01 3.7550962579646260e+01 -1.2980529263110935e+02
9.8274666666666677e-01 3.7680349965393667e+01 -1.2983494632689747e+02
9.8374333333333341e-01 3.7809766920726716e+01 -1.2986462959227060e+02
9.8474000000000006e-01 3.7939213475131119e+01 -1.2989434245670799e+02
9.8573666666666671e-01 3.8068689658121990e+01 -1.2992408494972796e+02
9.8673333333333346e-01 3.8198195499243880e+01 -1.2995385710087047e+02
9.8773000000000011e-01 3.8327731028070772e+01 -1.2998365893971805e+02
9.8872666666666675e-01 3.8457296274206172e+01 -1.3001349049587461e+02
9.8972333333333340e-01 3.8586891267283093e+01 -1.3004335179896188e+02
9.9072000000000005e-01 3.8716516036964094e+01 -1.3007324287864438e+02
9.9171666666666680e-01 3.8846170612941336e+01 -1.3010316376462251e+02
9.9271333333333345e-01 3.8975855024936536e+01 -1.3013311448661790e+02
9.9371000000000009e-01 3.9105569302701092e+01 -1.3016309507437683e+02
9.9470666666666674e-01 3.9235313476016067e+01 -1.3019310555768160e+02
9.9570333333333338e-01 3.9365087574692204e+01 -1.3022314596634280e+02
9.9670000000000014e-01 3.9494891628569995e+01 -1.3025321633019990e+02
9.9769666666666679e-01 3.9624725667519634e+01 -1.3028331667912067e+02
9.9869333333333343e-01 3.9754589721441164e+01 -1.3031344704301176e+02
9.9969000000000008e-01 3.9884483820264407e+01 -1.3034360745180169e+02
1.0006866666666667e+00 4.0014407993949050e+01 -1.3037379793544713e+02
1.0016833333333335e+00 4.0144362272484656e+01 -1.3040401852394101e+02
1.0026800000000000e+00 4.0274346685890642e+01 -1.3043426924730036e+02
1.0036766666666668e+00 4.0404361264216448e+01 -1.3046455013557130e+02
1.0046733333333333e+00 4.0534406037541380e+01 -1.3049486121884254e+02
1.0056700000000001e+00 4.0664481035974845e+01 -1.3052520252721715e+02
1.0066666666666666e+00 4.0794586289656152e+01 -1.3055557409083013e+02
1.0076633333333334e+00 4.0924721828754791e+01 -1.3058597593985914e+02
1.0086600000000001e+00 4.1054887683470241e+01 -1.3061640810449711e+02
1.0096566666666666e+00 4.1185083884032096e+01 -1.3064687061497449e+02
1.0106533333333334e+00 4.1315310460700182e+01 -1.3067736350156184e+02
1.0116500000000002e+00 4.1445567443764418e+01 -1.3070788679454128e+02
1.0126466666666667e+00 4.1575854863544919e+01 -1.3073844052422521e+02
1.0136433333333335e+00 4.1706172750392120e+01 -1.3076902472097720e+02
1.0146400000000000e+00 4.1836521134686613e+01 -1.3079963941516749e+02
1.0156366666666667e+00 4.1966900046839392e+01 -1.3083028463721257e+02
1.0166333333333335e+00 4.2097309517291698e+01 -1.3086096041755496e+02
1.0176300000000000e+00 4.2227749576515109e+01 -1.3089166678665319e+02
1.0186266666666668e+00 4.2358220255011695e+01 -1.3092240377503120e+02
1.0196233333333333e+00 4.2488721583313819e+01 -1.3095317141321260e+02
1.0206200000000001e+00 4.2619253591984403e+01 -1.3098396973175284e+02
1.0216166666666668e+00 4.2749816311616762e+01 -1.3101479876125128e+02
1.0226133333333334e+00 4.2880409772834710e+01 -1.3104565853232688e+02
1.0236100000000001e+00 4.3011034006292697e+01 -1.3107654907564259e+02
1.0246066666666667e+00 4.3141689042675608e+01 -1.3110747042187884e+02
1.0256033333333334e+00 4.3272374912699057e+01 -1.3113842260174073e+02
1.0266000000000002e+00 4.3403091647109186e+01 -1.3116940564599179e+02
1.0275966666666667e+00 4.3533839276682812e+01 -1.3120041958540764e+02
1.0285933333333335e+00 4.3664617832227528e+01 -1.3123146445078675e+02
1.0295900000000000e+00 4.3795427344581512e+01 -1.3126254027296642e+02
1.0305866666666668e+00 4.3926267844613825e+01 -1.3129364708281923e+02
1.0315833333333335e+00 4.4057139363224216e+01 -1.3132478491125136e+02
1.0325800000000001e+00 4.4188041931343250e+01 -1.3135595378918453e+02
1.0335766666666668e+00 4.4318975579932413e+01 -1.3138715374757760e+02
1.0345733333333333e+00 4.4449940339983961e+01 -1.3141838481743187e+02
1.0355700000000001e+00 4.4580936242521162e+01 -1.3144964702977322e+02
1.0365666666666669e+00 4.4711963318598144e+01 -1.3148094041564678e+02
1.0375633333333334e+00 4.4843021599299981e+01 -1.3151226500613473e+02
1.0385600000000001e+00 4.4974111115742843e+01 -1.3154362083235989e+02
1.0395566666666667e+00 4.5105231899073814e+01 -1.3157500792547685e+02
1.0405533333333334e+00 4.5236383980471153e+01 -1.3160642631665047e+02
1.0415500000000002e+00 4.5367567391144114e+01 -1.3163787603708994e+02
1.0425466666666667e+00 4.5498782162333072e+01 -1.3166935711804487e+02
1.0435433333333335e+00 4.5630028325309652e+01 -1.3170086959078432e+02
1.0445400000000000e+00 4.5761305911376539e+01 -1.3173241348661253e+02
1.0455366666666668e+00 4.5892614951867742e+01 -1.3176398883685474e+02
1.0465333333333335e+00 4.6023955478148437e+01 -1.3179559567288061e+02
1.0475300000000001e+00 4.6155327521615071e+01 -1.3182723402608946e+02
1.0485266666666668e+00 4.6286731113695488e+01 -1.3185890392790716e+02
1.0495233333333334e+00 4.6418166285848756e+01 -1.3189060540979125e+02
1.0505200000000001e+00 4.6549633069565424e+01 -1.3192233850323490e+02
1.0515166666666667e+00 4.6681131496367335e+01 -1.3195410323976341e+02
1.0525133333333334e+00 4.6812661597807875e+01 -1.3198589965092299e+02
1.0535100000000002e+00 4.6944223405471803e+01 -1.3201772776830089e+02
1.0545066666666667e+00 4.7075816950975373e+01 -1.3204958762351364e+02
1.0555033333333335e+00 4.7207442265966456e+01 -1.3208147924820466e+02
1.0565000000000000e+00 4.7339099382124367e+01 -1.3211340267406322e+02
1.0574966666666668e+00 4.7470788331160129e+01 -1.3214535793279234e+02
1.0584933333333335e+00 4.7602509144816288e+01 -1.3217734505613603e+02
1.0594900000000000e+00 4.7734261854867057e+01 -1.3220936407587496e+02
1.0604866666666668e+00 4.7866046493118411e+01 -1.3224141502380576e+02
1.0614833333333333e+00 4.7997863091407922e+01 -1.3227349793177086e+02
1.0624800000000001e+00 4.8129711681605031e+01 -1.3230561283163738e+02
1.0634766666666668e+00 4.8261592295610868e+01 -1.3233775975530978e+02
1.0644733333333334e+00 4.8393504965358382e+01 -1.3236993873471826e+02
1.0654700000000001e+00 4.8525449722812439e+01 -1.3240214980182714e+02
1.0664666666666667e+00 4.8657426599969668e+01 -1.3243439298863211e+02
1.0674633333333334e+00 4.8789435628858719e+01 -1.3246666832716414e+02
1.0684600000000002e+00 4.8921476841540098e+01 -1.3249897584948835e+02
1.0694566666666667e+00 4.9053550270106278e+01 -1.3253131558769513e+02
1.0704533333333335e+00 4.9185655946681820e+01 -1.3256368757389851e+02
1.0714500000000000e+00 4.9317793903423194e+01 -1.3259609184026536e+02
1.0724466666666668e+00 4.9449964172519067e+01 -1.3262852841898706e+02
1.0734433333333335e+00 4.9582166786190108e+01 -1.3266099734227126e+02
1.0744400000000001e+00 4.9714401776689108e+01 -1.3269349864237594e+02
1.0754366666666668e+00 4.9846669176301113e+01 -1.3272603235159332e+02
1.0764333333333334e+00 4.9978969017343260e+01 -1.3275859850224359e+02
1.0774300000000001e+00 5.0111301332165013e+01 -1.3279119712666423e+02
1.0784266666666669e+00 5.0243666153147998e+01 -1.3282382825723045e+02
1.0794233333333334e+00 5.0376063512706146e+01 -1.3285649192637493e+02
1.0804200000000002e+00 5.0508493443285793e+01 -1.3288918816654311e+02
1.0814166666666667e+00 5.0640955977365522e+01 -1.3292191701020135e+02
1.0824133333333334e+00 5.0773451147456399e+01 -1.3295467848985820e+02
1.0834100000000002e+00 5.0905978986101829e+01 -1.3298747263806717e+02
1.0844066666666667e+00 5.1038539525877674e+01 -1.3302029948740702e+02
1.0854033333333335e+00 5.1171132799392367e+01 -1.3305315907048009e+02
1.0864000000000000e+00 5.1303758839286736e+01 -1.3308605141993093e+02
1.0873966666666668e+00 5.1436417678234278e+01 -1.3311897656842189e+02
1.0883933333333333e+00 5.1569109348940941e+01 -1.3315193454866534e+02
1.0893900000000001e+00 5.1701833884145422e+01 -1.3318492539341210e+02
1.0903866666666668e+00 5.1834591316618962e+01 -1.3321794913541191e+02
1.0913833333333334e+00 5.1967381679165491e+01 -1.3325100580748577e+02
1.0923800000000001e+00 5.2100205004621728e+01 -1.3328409544246779e+02
1.0933766666666667e+00 5.2233061325857030e+01 -1.3331721807321637e+02
1.0943733333333334e+00 5.2365950675773632e+01 -1.3335037373264637e+02
1.0953700000000002e+00 5.2498873087306499e+01 -1.3338356245368578e+02
1.0963666666666667e+00 5.2631828593423442e+01 -1.3341678426930531e+02
1.0973633333333335e+00 5.2764817227125221e+01 -1.3345003921250299e+02
1.0983600000000000e+00 5.2897839021445392e+01 -1.3348332731630833e+02
1.0993566666666668e+00 5.3030894009450577e+01 -1.3351664861380021e+02
1.1003533333333335e+00 5.3163982224240272e+01 -1.3355000313807764e+02
1.1013500000000001e+00 5.3297103698946991e+01 -1.3358339092226112e+02
1.1023466666666668e+00 5.3430258466736355e+01 -1.3361681199951977e+02
1.1033433333333333e+00 5.3563446560806952e+01 -1.3365026640305416e+02
1.1043400000000001e+00 5.3696668014390589e+01 -1.3368375416610002e+02
1.1053366666666669e+00 5.3829922860752127e+01 -1.3371727532191690e+02
1.1063333333333334e+00 5.3963211133189596e+01 -1.3375082990380329e+02
1.1073300000000001e+00 5.4096532865034305e+01 -1.3378441794509243e+02
1.1083266666666667e+00 5.4229888089650700e+01 -1.3381803947915242e+02
1.1093233333333334e+00 5.4363276840436612e+01 -1.3385169453937576e+02
1.1103200000000002e+00 5.4496699150823076e+01 -1.3388538315918967e+02
1.1113166666666667e+00 5.4630155054274468e+01 -1.3391910537206363e+02
1.1123133333333335e+00 5.4763644584288620e+01 -1.3395286121150201e+02
1.1133100000000000e+00 5.4897167774396664e+01 -1.3398665071102619e+02
1.1143066666666668e+00 5.5030724658163258e+01 -1.3402047390419258e+02
1.1153033333333335e+00 5.5164315269186467e+01 -1.3405433082462454e+02
1.1163000000000001e+00 5.5297939641097848e+01 -1.3408822150593770e+02
1.1172966666666668e+00 5.5431597807562582e+01 -1.3412214598179318e+02
1.1182933333333334e+00 5.5565289802279302e+01 -1.3415610428590497e+02
1.1192900000000001e+00 5.5699015658980365e+01 -1.3419009645198980e+02
1.1202866666666669e+00 5.5832775411431669e+01 -1.3422412251381365e+02
1.1212833333333334e+00 5.5966569093432788e+01 -1.3425818250518819e+02
1.1222800000000002e+00 5.6100396738817089e+01 -1.3429227645994570e+02
1.1232766666666667e+00 5.6234258381451561e+01 -1.3432640441193905e+02
1.1242733333333335e+00 5.6368154055237071e+01 -1.3436056639508183e+02
1.1252700000000000e+00 5.6502083794108181e+01 -1.3439476244330547e+02
1.1262666666666667e+00 5.6636047632033410e+01 -1.3442899259057975e+02
1.1272633333333335e+00 5.6770045603015063e+01 -1.3446325687090604e+02
1.1282600000000000e+00 5.6904077741089338e+01 -1.3449755531831326e+02
1.1292566666666668e+00 5.7038144080326475e+01 -1.3453188796688329e+02
1.1302533333333333e+00 5.7172244654830557e+01 -1.3456625485071146e+02
1.1312500000000001e+00 5.7306379498739801e+01 -1.3460065600393870e+02
1.1322466666666668e+00 5.7440548646226382e+01 -1.3463509146074816e+02
1.1332433333333334e+00 5.7574752131496545e+01 -1.3466956125532920e+02
1.1342400000000001e+00 5.7708989988790719e+01 -1.3470406542192401e+02
1.1352366666666667e+00 5.7843262252383383e+01 -1.3473860399482049e+02
1.1362333333333334e+00 5.7977568956583291e+01 -1.3477317700831642e+02
1.1372300000000002e+00 5.8111910135733325e+01 -1.3480778449675179e+02
1.1382266666666667e+00 5.8246285824210624e+01 -1.3484242649451190e+02
1.1392233333333335e+00 5.8380696056426679e+01 -1.3487710303600667e+02
1.1402200000000000e+00 5.8515140866827188e+01 -1.3491181415568070e+02
1.1412166666666668e+00 5.8649620289892312e+01 -1.3494655988802069e+02
1.1422133333333335e+00 5.8784134360136505e+01 -1.3498134026752712e+02
1.1432100000000001e+00 5.8918683112108631e+01 -1.3501615532875283e+02
1.1442066666666668e+00 5.9053266580392105e+01 -1.3505100510628938e+02
1.1452033333333334e+00 5.9187884799604703e+01 -1.3508588963474907e+02
1.1462000000000001e+00 5.9322537804398841e+01 -1.3512080894878250e+02
1.1471966666666669e+00 5.9457225629461398e+01 -1.3515576308307908e+02
1.1481933333333334e+00 5.9591948309513846e+01 -1.3519075207236634e+02
1.1491900000000002e+00 5.9726705879312362e+01 -1.3522577595139271e+02
1.1501866666666667e+00 5.9861498373647670e+01 -1.3526083475494863e+02
1.1511833333333334e+00 5.9996325827345295e+01 -1.3529592851785938e+02
1.1521800000000002e+00 6.0131188275265409e+01 -1.3533105727498912e+02
1.1531766666666667e+00 6.0266085752302942e+01 -1.3536622106123286e+02
1.1541733333333335e+00 6.0401018293387708e+01 -1.3540141991151367e+02
1.1551700000000000e+00 6.0535985933484227e+01 -1.3543665386080383e+02
1.1561666666666668e+00 6.0670988707592016e+01 -1.3547192294409609e+02
1.1571633333333335e+00 6.0806026650745395e+01 -1.3550722719643298e+02
1.1581600000000001e+00 6.0941099798013617e+01 -1.3554256665288401e+02
1.1591566666666668e+00 6.1076208184501006e+01 -1.3557794134854345e+02
1.1601533333333334e+00 6.1211351845346755e+01 -1.3561335131855108e+02
1.1611500000000001e+00 6.1346530815725224e+01 -1.3564879659808858e+02
1.1621466666666669e+00 6.1481745130845766e+01 -1.3568427722236959e+02
1.1631433333333334e+00 6.1616994825952830e+01 -1.3571979322662401e+02
1.1641400000000002e+00 6.1752279936326104e+01 -1.3575534464613861e+02
1.1651366666666667e+00 6.1887600497280339e+01 -1.3579093151623496e+02
1.1661333333333335e+00 6.2022956544165616e+01 -1.3582655387225603e+02
1.1671300000000000e+00 6.2158348112367150e+01 -1.3586221174958396e+02
1.1681266666666668e+00 6.2293775237305553e+01 -1.3589790518364640e+02
1.1691233333333335e+00 6.2429237954436680e+01 -1.3593363420989584e+02
1.1701200000000000e+00 6.2564736299251734e+01 -1.3596939886382236e+02
1.1711166666666668e+00 6.2700270307277393e+01 -1.3600519918095156e+02
1.1721133333333333e+00 6.2835840014075643e+01 -1.3604103519684745e+02
1.1731100000000001e+00 6.2971445455244059e+01 -1.3607690694711226e+02
1.1741066666666669e+00 6.3107086666415626e+01 -1.3611281446737684e+02
1.1751033333333334e+00 6.3242763683258850e+01 -1.3614875779330572e+02
1.1761000000000001e+00 6.3378476541477895e+01 -1.3618473696060295e+02
1.1770966666666667e+00 6.3514225276812404e+01 -1.3622075200501061e+02
1.1780933333333334e+00 6.3650009925037793e+01 -1.3625680296230567e+02
1.1790900000000002e+00 6.3785830521965053e+01 -1.3629288986829357e+02
1.1800866666666667e+00 6.3921687103440881e+01 -1.3632901275881727e+02
1.1810833333333335e+00 6.4057579705347806e+01 -1.3636517166977666e+02
1.1820800000000000e+00 6.4193508363604039e+01 -1.3640136663708498e+02
1.1830766666666668e+00 6.4329473114163719e+01 -1.3643759769669026e+02
1.1840733333333335e+00 6.4465473993016730e+01 -1.3647386488457286e+02
1.1850700000000001e+00 6.4601511036188853e+01 -1.3651016823676787e+02
1.1860666666666668e+00 6.4737584279741881e+01 -1.3654650778935002e+02
1.1870633333333334e+00 6.4873693759773460e+01 -1.3658288357840007e+02
1.1880600000000001e+00 6.5009839512417329e+01 -1.3661929564005501e+02
1.1890566666666669e+00 6.5146021573843200e+01 -1.3665574401048406e+02
1.1900533333333334e+00 6.5282239980256819e+01 -1.3669222872590055e+02
1.1910500000000002e+00 6.5418494767900143e+01 -1.3672874982254322e+02
1.1920466666666667e+00 6.5554785973051139e+01 -1.3676530733667823e+02
1.1930433333333335e+00 6.5691113632024070e+01 -1.3680190130463490e+02
1.1940400000000002e+00 6.5827477781169335e+01 -1.3683853176276082e+02
1.1950366666666667e+00 6.5963878456873559e+01 -1.3687519874743327e+02
1.1960333333333335e+00 6.6100315695559758e+01 -1.3691190229509053e+02
1.1970300000000000e+00 6.6236789533687144e+01 -1.3694864244218414e+02
1.1980266666666668e+00 6.6373300007751396e+01 -1.3698541922520033e+02
1.1990233333333336e+00 6.6509847154284515e+01 -1.3702223268068633e+02
1.2000200000000001e+00 6.6646431009854894e+01 -1.3705908284520464e+02
1.2010166666666668e+00 6.6783051611067521e+01 -1.3709596975535055e+02
1.2020133333333334e+00 6.6919708994563720e+01 -1.3713289344777510e+02
1.2030100000000001e+00 6.7056403197021524e+01 -1.3716985395917229e+02
1.2040066666666667e+00 6.7193134255155400e+01 -1.3720685132622177e+02
1.2050033333333334e+00 6.7329902205716508e+01 -1.3724388558568774e+02
1.2060000000000002e+00 6.7466707085492629e+01 -1.3728095677438844e+02
1.2069966666666667e+00 6.7603548931308183e+01 -1.3731806492910735e+02
1.2079933333333335e+00 6.7740427780024419e+01 -1.3735521008671776e+02
1.2089900000000000e+00 6.7877343668539211e+01 -1.3739239228412742e+02
1.2099866666666668e+00 6.8014296633787353e+01 -1.3742961155826450e+02
1.2109833333333335e+00 6.8151286712740372e+01 -1.3746686794610412e+02
1.2119800000000001e+00 6.8288313942406674e+01 -1.3750416148464359e+02
1.2129766666666668e+00 6.8425378359831640e+01 -1.3754149221092726e+02
1.2139733333333333e+00 6.8562480002097502e+01 -1.3757886016206970e+02
1.2149700000000001e+00 6.8699618906323565e+01 -1.3761626537515588e+02
1.2159666666666669e+00 6.8836795109666056e+01 -1.3765370788734631e+02
1.2169633333333334e+00 6.8974008649318264e+01 -1.3769118773584509e+02
1.2179600000000002e+00 6.9111259562510654e+01 -1.3772870495788183e+02
1.2189566666666667e+00 6.9248547886510693e+01 -1.3776625959072089e+02
1.2199533333333334e+00 6.9385873658623126e+01 -1.3780385167165392e+02
1.2209500000000002e+00 6.9523236916189816e+01 -1.3784148123805534e+02
1.2219466666666667e+00 6.9660637696589859e+01 -1.3787914832727185e+02
1.2229433333333335e+00 6.9798076037239696e+01 -1.3791685297673268e+02
1.2239400000000000e+00 6.9935551975592986e+01 -1.3795459522389459e+02
1.2249366666666668e+00 7.0073065549140850e+01 -1.3799237510624178e+02
1.2259333333333335e+00 7.0210616795411696e+01 -1.3803019266130565e+02
1.2269300000000001e+00 7.0348205751971349e+01 -1.3806804792665366e+02
1.2279266666666668e+00 7.0485832456423196e+01 -1.3810594093989343e+02
1.2289233333333334e+00 7.0623496946407997e+01 -1.3814387173865990e+02
1.2299200000000001e+00 7.0761199259604155e+01 -1.3818184036061547e+02
1.2309166666666669e+00 7.0898939433727563e+01 -1.3821984684351258e+02
1.2319133333333334e+00 7.1036717506531730e+01 -1.3825789122507558e+02
1.2329100000000002e+00 7.1174533515807880e+01 -1.3829597354310445e+02
1.2339066666666667e+00 7.1312387499384840e+01 -1.3833409383543389e+02
1.2349033333333335e+00 7.1450279495129237e+01 -1.3837225213991869e+02
1.2359000000000002e+00 7.1588209540945385e+01 -1.3841044849447536e+02
1.2368966666666668e+00 7.1726177674775400e+01 -1.3844868293702774e+02
1.2378933333333335e+00 7.1864183934599311e+01 -1.3848695550557554e+02
1.2388900000000000e+00 7.2002228358434905e+01 -1.3852526623813870e+02
1.2398866666666668e+00 7.2140310984338015e+01 -1.3856361517275863e+02
1.2408833333333333e+00 7.2278431850402271e+01 -1.3860200234751940e+02
1.2418800000000001e+00 7.2416590994759417e+01 -1.3864042780058244e+02
1.2428766666666669e+00 7.2554788455579157e+01 -1.3867889157009958e+02
1.2438733333333334e+00 7.2693024271069220e+01 -1.3871739369427257e+02
1.2448700000000001e+00 7.2831298479475535e+01 -1.3875593421135781e+02
1.2458666666666667e+00 7.2969611119082074e+01 -1.3879451315965338e+02
1.2468633333333334e+00 7.3107962228211079e+01 -1.3883313057744891e+02
1.2478600000000002e+00 7.3246351845222904e+01 -1.3887178650312438e+02
1.2488566666666667e+00 7.3384780008516188e+01 -1.3891048097508119e+02
1.2498533333333335e+00 7.3523246756527939e+01 -1.3894921403174686e+02
1.2508500000000000e+00 7.3661752127733351e+01 -1.3898798571159764e+02
1.2518466666666668e+00 7.3800296160646127e+01 -1.3902679605315126e+02
1.2528433333333335e+00 7.3938878893818284e+01 -1.3906564509496613e+02
1.2538400000000001e+00 7.4077500365840265e+01 -1.3910453287560742e+02
1.2548366666666668e+00 7.4216160615341096e+01 -1.3914345943373795e+02
1.2558333333333334e+00 7.4354859680988213e+01 -1.3918242480800509e+02
1.2568300000000001e+00 7.4493597601487707e+01 -1.3922142903711202e+02
1.2578266666666669e+00 7.4632374415584195e+01 -1.3926047215981663e+02
1.2588233333333334e+00 7.4771190162060904e+01 -1.3929955421489092e+02
1.2598200000000002e+00 7.4910044879739843e+01 -1.3933867524116164e+02
1.2608166666666667e+00 7.5048938607481617e+01 -1.3937783527749008e+02
1.2618133333333335e+00 7.5187871384185698e+01 -1.3941703436277891e+02
1.2628100000000002e+00 7.5326843248790254e+01 -1.3945627253596444e+02
1.2638066666666667e+00 7.5465854240272265e+01 -1.3949554983600393e+02
1.2648033333333335e+00 7.5604904397647687e+01 -1.3953486630193802e+02
1.2658000000000000e+00 7.5743993759971261e+01 -1.3957422197282756e+02
1.2667966666666668e+00 7.5883122366336792e+01 -1.3961361688774639e+02
1.2677933333333335e+00 7.6022290255876968e+01 -1.3965305108583047e+02
1.2687900000000001e+00 7.6161497467763510e+01 -1.3969252460625790e+02
1.2697866666666668e+00 7.6300744041207281e+01 -1.3973203748823349e+02
1.2707833333333334e+00 7.6440030015458120e+01 -1.3977158977100333e+02
1.2717800000000001e+00 7.6579355429805133e+01 -1.3981118149387652e+02
1.2727766666666669e+00 7.6718720323576520e+01 -1.3985081269616731e+02
1.2737733333333334e+00 7.6858124736139686e+01 -1.3989048341723921e+02
1.2747700000000002e+00 7.6997568706901376e+01 -1.3993019369649647e+02
1.2757666666666667e+00 7.7137052275307525e+01 -1.3996994357339210e+02
1.2767633333333335e+00 7.7276575480843519e+01 -1.4000973308742888e+02
1.2777600000000000e+00 7.7416138363033994e+01 -1.4004956227810257e+02
1.2787566666666668e+00 7.7555740961443107e+01 -1.4008943118498593e+02
1.2797533333333335e+00 7.7695383315674405e+01 -1.4012933984769276e+02
1.2807500000000001e+00 7.7835065465370903e+01 -1.4016928830584308e+02
1.2817466666666668e+00 7.7974787450215231e+01 -1.4020927659914781e+02
1.2827433333333333e+00 7.8114549309929501e+01 -1.4024930476732365e+02
1.2837400000000001e+00 7.8254351084275541e+01 -1.4028937285011452e+02
1.2847366666666669e+00 7.8394192813054715e+01 -1.4032948088733386e+02
1.2857333333333334e+00 7.8534074536108093e+01 -1.4036962891882257e+02
1.2867300000000002e+00 7.8673996293316577e+01 -1.4040981698445569e+02
1.2877266666666667e+00 7.8813958124600688e+01 -1.4045004512416369e+02
1.2887233333333334e+00 7.8953960069920896e+01 -1.4049031337790441e+02
1.2897200000000002e+00 7.9094002169277417e+01 -1.4053062178566236e+02
1.2907166666666667e+00 7.9234084462710356e+01 -1.4057097038749959e+02
1.2917133333333335e+00 7.9374206990299840e+01 -1.4061135922349052e+02
1.2927100000000000e+00 7.9514369792165837e+01 -1.4065178833374404e+02
1.2937066666666668e+00 7.9654572908468452e+01 -1.4069225775843168e+02
1.2947033333333335e+00 7.9794816379407720e+01 -1.4073276753774496e+02
1.2957000000000001e+00 7.9935100245223794e+01 -1.4077331771193104e+02
1.2966966666666668e+00 8.0075424546197013e+01 -1.4081390832127121e+02
1.2976933333333334e+00 8.0215789322647794e+01 -1.4085453940608102e+02
1.2986900000000001e+00 8.0356194614936854e+01 -1.4089521100672462e+02
1.2996866666666669e+00 8.0496640463465084e+01 -1.4093592316360019e+02
1.3006833333333334e+00 8.0637126908673636e+01 -1.4097667591714739e+02
1.3016800000000002e+00 8.0777653991044104e+01 -1.4101746930785430e+02
1.3026766666666667e+00 8.0918221751098329e+01 -1.4105830337623604e+02
1.3036733333333335e+00 8.1058830229398652e+01 -1.4109917816285628e+02
1.3046700000000002e+00 8.1199479466547800e+01 -1.4114009370832733e+02
1.3056666666666668e+00 8.1340169503188974e+01 -1.4118105005327396e+02
1.3066633333333335e+00 8.1480900380005991e+01 -1.4122204723838396e+02
1.3076600000000000e+00 8.1621672137723124e+01 -1.4126308530440065e+02
1.3086566666666668e+00 8.1762484817105388e+01 -1.4130416429208009e+02
1.3096533333333336e+00 8.1903338458958331e+01 -1.4134528424221287e+02
1.3106500000000001e+00 8.2044233104128182e+01 -1.4138644519565901e+02
1.3116466666666668e+00 8.2185168793502029e+01 -1.4142764719330594e+02
1.3126433333333334e+00 8.2326145568007576e+01 -1.4146889027606090e+02
1.3136400000000001e+00 8.2467163468613478e+01 -1.4151017448492388e+02
1.3146366666666667e+00 8.2608222536329123e+01 -1.4155149986090197e+02
1.3156333333333334e+00 8.2749322812204923e+01 -1.4159286644502930e+02
1.3166300000000002e+00 8.2890464337332105e+01 -1.4163427427839594e+02
1.3176266666666667e+00 8.3031647152842879e+01 -1.4167572340213266e+02
1.3186233333333335e+00 8.3172871299910568e+01 -1.4171721385741927e+02
1.3196200000000000e+00 8.3314136819749436e+01 -1.4175874568548383e+02
1.3206166666666668e+00 8.3455443753614958e+01 -1.4180031892756722e+02
1.3216133333333335e+00 8.3596792142803636e+01 -1.4184193362495202e+02
1.3226100000000001e+00 8.3738182028653185e+01 -1.4188358981900433e+02
1.3236066666666668e+00 8.3879613452542628e+01 -1.4192528755108918e+02
1.3246033333333334e+00 8.4021086455892117e+01 -1.4196702686262722e+02
1.3256000000000001e+00 8.4162601080163213e+01 -1.4200880779507310e+02
1.3265966666666669e+00 8.4304157366858760e+01 -1.4205063038994476e+02
1.3275933333333334e+00 8.4445755357522970e+01 -1.4209249468877937e+02
1.3285900000000002e+00 8.4587395093741577e+01 -1.4213440073315581e+02
1.3295866666666667e+00 8.4729076617141658e+01 -1.4217634856470150e+02
1.3305833333333335e+00 8.4870799969391925e+01 -1.4221833822509922e+02
1.3315800000000002e+00 8.5012565192202558e+01 -1.4226036975606658e+02
1.3325766666666667e+00 8.5154372327325305e+01 -1.4230244319931890e+02
1.3335733333333335e+00 8.5296221416553649e+01 -1.4234455859667037e+02
1.3345700000000000e+00 8.5438112501722642e+01 -1.4238671598996942e+02
1.3355666666666668e+00 8.5580045624709157e+01 -1.4242891542106983e+02
1.3365633333333335e+00 8.5722020827431734e+01 -1.4247115693189613e+02
1.3375600000000001e+00 8.5864038151850707e+01 -1.4251344056442011e+02
1.3385566666666668e+00 8.6006097639968374e+01 -1.4255576636063438e+02
1.3395533333333334e+00 8.6148199333828757e+01 -1.4259813436257963e+02
1.3405500000000001e+00 8.6290343275517941e+01 -1.4264054461235224e+02
1.3415466666666669e+00 8.6432529507163892e+01 -1.4268299715207630e+02
1.3425433333333334e+00 8.6574758070936582e+01 -1.4272549202392312e+02
1.3435400000000002e+00 8.6717029009048119e+01 -1.4276802927009928e+02
1.3445366666666667e+00 8.6859342363752575e+01 -1.4281060893285223e+02
1.3455333333333335e+00 8.7001698177346270e+01 -1.4285323105448504e+02
1.3465300000000002e+00 8.7144096492167648e+01 -1.4289589567734993e+02
1.3475266666666668e+00 8.7286537350597342e+01 -1.4293860284382504e+02
1.3485233333333335e+00 8.7429020795058364e+01 -1.4298135259631641e+02
1.3495200000000001e+00 8.7571546868015858e+01 -1.4302414497729984e+02
1.3505166666666668e+00 8.7714115611977476e+01 -1.4306698002927774e+02
1.3515133333333336e+00 8.7856727069493147e+01 -1.4310985779479518e+02
1.3525100000000001e+00 8.7999381283155230e+01 -1.4315277831645813e+02
1.3535066666666669e+00 8.8142078295598665e+01 -1.4319574163690802e+02
1.3545033333333334e+00 8.8284818149500779e+01 -1.4323874779879878e+02
1.3555000000000001e+00 8.8427600887581548e+01 -1.4328179684485568e+02
1.3564966666666667e+00 8.8570426552603450e+01 -1.4332488881785383e+02
1.3574933333333334e+00 8.8713295187371727e+01 -1.4336802376059515e+02
1.3584900000000002e+00 8.8856206834734209e+01 -1.4341120171592411e+02
1.3594866666666667e+00 8.8999161537581443e+01 -1.4345442272672474e+02
1.3604833333333335e+00 8.9142159338846852e+01 -1.4349768683593786e+02
1.3614800000000000e+00 8.9285200281506533e+01 -1.4354099408653829e+02
1.3624766666666668e+00 8.9428284408579572e+01 -1.4358434452154171e+02
1.3634733333333335e+00 8.9571411763127855e+01 -1.4362773818402800e+02
1.3644700000000001e+00 8.9714582388256218e+01 -1.4367117511708071e+02
1.3654666666666668e+00 8.9857796327112567e+01 -1.4371465536384744e+02
1.3664633333333334e+00 9.0001053622887682e+01 -1.4375817896753824e+02
1.3674600000000001e+00 9.0144354318815587e+01 -1.4380174597136846e+02
1.3684566666666669e+00 9.0287698458173281e+01 -1.4384535641861754e+02
1.3694533333333334e+00 9.0431086084280921e+01 -1.4388901035261145e+02
1.3704500000000002e+00 9.0574517240501976e+01 -1.4393270781671171e+02
1.3714466666666667e+00 9.0717991970243034e+01 -1.4397644885433499e+02
1.3724433333333335e+00 9.0861510316954067e+01 -1.4402023350891776e+02
1.3734400000000002e+00 9.1005072324128292e+01 -1.4406406182394619e+02
1.3744366666666668e+00 9.1148678035302282e+01 -1.4410793384297435e+02
1.3754333333333335e+00 9.1292327494056153e+01 -1.4415184960957760e+02
1.3764300000000000e+00 9.1436020744013319e+01 -1.4419580916737235e+02
1.3774266666666668e+00 9.1579757828840826e+01 -1.4423981256003020e+02
1.3784233333333336e+00 9.1723538792249173e+01 -1.4428385983126563e+02
1.3794200000000001e+00 9.1867363677992444e+01 -1.4432795102483212e+02
1.3804166666666668e+00 9.2011232529868451e+01 -1.4437208618452615e+02
1.3814133333333334e+00 9.2155145391718563e+01 -1.4441626535418510e+02
1.3824100000000001e+00 9.2299102307427958e+01 -1.4446048857769441e+02
1.3834066666666669e+00 9.2443103320925516e+01 -1.4450475589898255e+02
1.3844033333333334e+00 9.2587148476183899e+01 -1.4454906736202395e+02
1.3854000000000002e+00 9.2731237817219721e+01 -1.4459342301084320e+02
1.3863966666666667e+00 9.2875371388093370e+01 -1.4463782288949159e+02
1.3873933333333335e+00 9.3019549232909284e+01 -1.4468226704206836e+02
1.3883900000000002e+00 9.3163771395815772e+01 -1.4472675551273733e+02
1.3893866666666668e+00 9.3308037921005194e+01 -1.4477128834567250e+02
1.3903833333333335e+00 9.3452348852714053e+01 -1.4481586558512663e+02
1.3913800000000001e+00 9.3596704235222859e+01 -1.4486048727537909e+02
1.3923766666666668e+00 9.3741104112856377e+01 -1.4490515346073778e+02
1.3933733333333334e+00 9.3885548529983438e+01 -1.4494986418558909e+02
1.3943700000000001e+00 9.4030037531017285e+01 -1.4499461949433166e+02
1.3953666666666669e+00 9.4174571160415312e+01 -1.4503941943144304e+02
1.3963633333333334e+00 9.4319149462679263e+01 -1.4508426404141798e+02
1.3973600000000002e+00 9.4463772482355367e+01 -1.4512915336878731e+02
1.3983566666666667e+00 9.4608440264034101e+01 -1.4517408745815121e+02
1.3993533333333334e+00 9.4753152852350581e+01 -1.4521906635415075e+02
1.4003500000000002e+00 9.4897910291984303e+01 -1.4526409010146324e+02
1.4013466666666667e+00 9.5042712627659341e+01 -1.4530915874480425e+02
1.4023433333333335e+00 9.5187559904144436e+01 -1.4535427232894699e+02
1.4033400000000000e+00 9.5332452166252864e+01 -1.4539943089871275e+02
1.4043366666666668e+00 9.5477389458842708e+01 -1.4544463449894928e+02
1.4053333333333335e+00 9.5622371826816689e+01 -1.4548988317456207e+02
1.4063300000000001e+00 9.5767399315122290e+01 -1.4553517697050191e+02
1.4073266666666668e+00 9.5912471968751930e+01 -1.4558051593175600e+02
1.4083233333333334e+00 9.6057589832742750e+01 -1.4562590010336646e+02
1.4093200000000001e+00 9.6202752952176922e+01 -1.4567132953040928e+02
1.4103166666666669e+00 9.6347961372181501e+01 -1.4571680425801094e+02
1.4113133333333334e+00 9.6493215137928516e+01 -1.4576232433135749e+02
1.4123100000000002e+00 9.6638514294635158e+01 -1.4580788979566424e+02
1.4133066666666667e+00 9.6783858887563568e+01 -1.4585350069617297e+02
1.4143033333333335e+00 9.6929248962021148e+01 -1.4589915707820910e+02
1.4153000000000002e+00 9.7074684563360378e+01 -1.4594485898712028e+02
1.4162966666666668e+00 9.7220165736978970e+01 -1.4599060646829204e+02
1.4172933333333335e+00 9.7365692528319997e+01 -1.4603639956718925e+02
1.4182900000000001e+00 9.7511264982871722e+01 -1.4608223832929610e+02
1.4192866666666668e+00 9.7656883146167900e+01 -1.4612812280013051e+02
1.4202833333333336e+00 9.7802547063787571e+01 -1.4617405302527533e+02
1.4212800000000001e+00 9.7948256781355255e+01 -1.4622002905037280e+02
1.4222766666666669e+00 9.8094012344541042e+01 -1.4626605092108025e+02
1.4232733333333334e+00 9.8239813799060443e+01 -1.4631211868310999e+02
1.4242700000000001e+00 9.8385661190674682e+01 -1.4635823238222943e+02
1.4252666666666669e+00 9.8531554565190518e+01 -1.4640439206424259e+02
1.4262633333333334e+00 9.8677493968460382e+01 -1.4645059777499833e+02
1.4272600000000002e+00 9.8823479446382535e+01 -1.4649684956039630e+02
1.4282566666666667e+00 9.8969511044900869e+01 -1.4654314746639852e+02
1.4292533333333335e+00 9.9115588810005235e+01 -1.4658949153898106e+02
1.4302500000000000e+00 9.9261712787731184e+01 -1.4663588182416279e+02
1.4312466666666668e+00 9.9407883024160313e+01 -1.4668231836803906e+02
1.4322433333333335e+00 9.9554099565420088e+01 -1.4672880121675618e+02
1.4332400000000001e+00 9.9700362457683951e+01 -1.4677533041646228e+02
1.4342366666666668e+00 9.9846671747171499e+01 -1.4682190601337803e+02
1.4352333333333334e+00 9.9993027480148285e+01 -1.4686852805377890e+02
1.4362300000000001e+00 1.0013942970292611e+02 -1.4691519658396695e+02
1.4372266666666669e+00 1.0028587846186288e+02 -1.4696191165031667e+02
1.4382233333333334e+00 1.0043237380336271e+02 -1.4700867329922573e+02
1.4392200000000002e+00 1.0057891577387610e+02 -1.4705548157713568e+02
1.4402166666666667e+00 1.0072550441989975e+02 -1.4710233653055028e+02
1.4412133333333335e+00 1.0087213978797682e+02 -1.4714923820600671e+02
1.4422100000000002e+00 1.0101882192469679e+02 -1.4719618665010069e+02
1.4432066666666667e+00 1.0116555087669562e+02 -1.4724318190945777e+02
1.4442033333333335e+00 1.0131232669065585e+02 -1.4729022403077630e+02
1.4452000000000000e+00 1.0145914941330646e+02 -1.4733731306078812e+02
1.4461966666666668e+00 1.0160601909142315e+02 -1.4738444904625146e+02
1.4471933333333336e+00 1.0175293577182815e+02 -1.4743163203399010e+02
1.4481900000000001e+00 1.0189989950139039e+02 -1.4747886207087916e+02
1.4491866666666668e+00 1.0204691032702564e+02 -1.4752613920384516e+02
1.4501833333333334e+00 1.0219396829569632e+02 -1.4757346347983372e+02
1.4511800000000001e+00 1.0234107345441180e+02 -1.4762083494585264e+02
1.4521766666666669e+00 1.0248822585022823e+02 -1.4766825364896815e+02
1.4531733333333334e+00 1.0263542553024870e+02 -1.4771571963628344e+02
1.4541700000000002e+00 1.0278267254162334e+02 -1.4776323295493884e+02
1.4551666666666667e+00 1.0292996693154919e+02 -1.4781079365214393e+02
1.4561633333333335e+00 1.0307730874727046e+02 -1.4785840177514868e+02
1.4571600000000002e+00 1.0322469803607841e+02 -1.4790605737121206e+02
1.4581566666666668e+00 1.0337213484531141e+02 -1.4795376048769370e+02
1.4591533333333335e+00 1.0351961922235516e+02 -1.4800151117199073e+02
1.4601500000000001e+00 1.0366715121464249e+02 -1.4804930947151931e+02
1.4611466666666668e+00 1.0381473086965363e+02 -1.4809715543376484e+02
1.4621433333333336e+00 1.0396235823491608e+02 -1.4814504910625709e+02
1.4631400000000001e+00 1.0411003335800474e+02 -1.4819299053656965e+02
1.4641366666666669e+00 1.0425775628654202e+02 -1.4824097977232060e+02
1.4651333333333334e+00 1.0440552706819769e+02 -1.4828901686116848e+02
1.4661300000000002e+00 1.0455334575068919e+02 -1.4833710185085758e+02
1.4671266666666667e+00 1.0470121238178143e+02 -1.4838523478914627e+02
1.4681233333333334e+00 1.0484912700928707e+02 -1.4843341572382639e+02
1.4691200000000002e+00 1.0499708968106634e+02 -1.4848164470278439e+02
1.4701166666666667e+00 1.0514510044502721e+02 -1.4852992177391451e+02
1.4711133333333335e+00 1.0529315934912550e+02 -1.4857824698516990e+02
1.4721100000000000e+00 1.0544126644136473e+02 -1.4862662038455852e+02
1.4731066666666668e+00 1.0558942176979642e+02 -1.4867504202012881e+02
1.4741033333333335e+00 1.0573762538251989e+02 -1.4872351193998841e+02
1.4751000000000001e+00 1.0588587732768245e+02 -1.4877203019228077e+02
1.4760966666666668e+00 1.0603417765347950e+02 -1.4882059682520170e+02
1.4770933333333334e+00 1.0618252640815439e+02 -1.4886921188699426e+02
1.4780900000000001e+00 1.0633092363999869e+02 -1.4891787542594230e+02
1.4790866666666669e+00 1.0647936939735200e+02 -1.4896658749039565e+02
1.4800833333333334e+00 1.0662786372860218e+02 -1.4901534812874038e+02
1.4810800000000002e+00 1.0677640668218540e+02 -1.4906415738940029e+02
1.4820766666666667e+00 1.0692499830658599e+02 -1.4911301532087515e+02
1.4830733333333335e+00 1.0707363865033680e+02 -1.4916192197169823e+02
1.4840700000000002e+00 1.0722232776201895e+02 -1.4921087739044054e+02
1.4850666666666668e+00 1.0737106569026199e+02 -1.4925988162573756e+02
1.4860633333333335e+00 1.0751985248374407e+02 -1.4930893472626258e+02
1.4870600000000000e+00 1.0766868819119178e+02 -1.4935803674075072e+02
1.4880566666666668e+00 1.0781757286138038e+02 -1.4940718771797040e+02
1.4890533333333336e+00 1.0796650654313372e+02 -1.4945638770674236e+02
1.4900500000000001e+00 1.0811548928532427e+02 -1.4950563675594427e+02
1.4910466666666669e+00 1.0826452113687340e+02 -1.4955493491450611e+02
1.4920433333333334e+00 1.0841360214675107e+02 -1.4960428223137691e+02
1.4930400000000001e+00 1.0856273236397625e+02 -1.4965367875558883e+02
1.4940366666666669e+00 1.0871191183761668e+02 -1.4970312453621938e+02
1.4950333333333334e+00 1.0886114061678903e+02 -1.4975261962237420e+02
1.4960300000000002e+00 1.0901041875065903e+02 -1.4980216406321153e+02
1.4970266666666667e+00 1.0915974628844130e+02 -1.4985175790795125e+02
1.4980233333333335e+00 1.0930912327939970e+02 -1.4990140120586796e+02
1.4990200000000002e+00 1.0945854977284709e+02 -1.4995109400625296e+02
1.5000166666666668e+00 1.0960802581814551e+02 -1.5000083635848998e+02
1.5010133333333335e+00 1.0975755146470631e+02 -1.5005062831198683e+02
1.5020100000000001e+00 1.0990712676199000e+02 -1.5010046991618432e+02
1.5030066666666668e+00 1.1005675175950653e+02 -1.5015036122061613e+02
1.5040033333333334e+00 1.1020642650681508e+02 -1.5020030227483721e+02
1.5050000000000001e+00 1.1035615105352439e+02 -1.5025029312844293e+02
1.5059966666666669e+00 1.1050592544929258e+02 -1.5030033383110256e+02
1.5069933333333334e+00 1.1065574974382726e+02 -1.5035042443252053e+02
1.5079900000000002e+00 1.1080562398688572e+02 -1.5040056498243970e+02
1.5089866666666667e+00 1.1095554822827475e+02 -1.5045075553070023e+02
1.5099833333333335e+00 1.1110552251785093e+02 -1.5050099612715402e+02
1.5109800000000002e+00 1.1125554690552043e+02 -1.5055128682166301e+02
1.5119766666666667e+00 1.1140562144123922e+02 -1.5060162766422383e+02
1.5129733333333335e+00 1.1155574617501314e+02 -1.5065201870483591e+02
1.5139700000000000e+00 1.1170592115689782e+02 -1.5070245999354628e+02
1.5149666666666668e+00 1.1185614643699888e+02 -1.5075295158047058e+02
1.5159633333333336e+00 1.1200642206547185e+02 -1.5080349351576305e+02
1.5169600000000001e+00 1.1215674809252225e+02 -1.5085408584961993e+02
1.5179566666666668e+00 1.1230712456840575e+02 -1.5090472863229022e+02
1.5189533333333334e+00 1.1245755154342802e+02 -1.5095542191409891e+02
1.5199500000000001e+00 1.1260802906794503e+02 -1.5100616574540396e+02
1.5209466666666669e+00 1.1275855719236283e+02 -1.5105696017659514e+02
1.5219433333333334e+00 1.1290913596713779e+02 -1.5110780525813220e+02
1.5229400000000002e+00 1.1305976544277664e+02 -1.5115870104052811e+02
1.5239366666666667e+00 1.1321044566983636e+02 -1.5120964757432873e+02
1.5249333333333335e+00 1.1336117669892448e+02 -1.5126064491015583e+02
1.5259300000000002e+00 1.1351195858069890e+02 -1.5131169309867732e+02
1.5269266666666668e+00 1.1366279136586803e+02 -1.5136279219057386e+02
1.5279233333333335e+00 1.1381367510519092e+02 -1.5141394223660794e+02
1.5289200000000001e+00 1.1396460984947714e+02 -1.5146514328760344e+02
1.5299166666666668e+00 1.1411559564958702e+02 -1.5151639539441032e+02
1.5309133333333336e+00 1.1426663255643155e+02 -1.5156769860796027e+02
1.5319100000000001e+00 1.1441772062097245e+02 -1.5161905297918344e+02
1.5329066666666669e+00 1.1456885989422237e+02 -1.5167045855909896e+02
1.5339033333333334e+00 1.1472005042724470e+02 -1.5172191539880166e+02
1.5349000000000002e+00 1.1487129227115389e+02 -1.5177342354937676e+02
1.5358966666666669e+00 1.1502258547711523e+02 -1.5182498306198406e+02
1.5368933333333334e+00 1.1517393009634505e+02 -1.5187659398786028e+02
1.5378900000000002e+00 1.1532532618011085e+02 -1.5192825637826692e+02
1.5388866666666667e+00 1.1547677377973110e+02 -1.5197997028450561e+02
1.5398833333333335e+00 1.1562827294657562e+02 -1.5203173575796799e+02
1.5408800000000002e+00 1.1577982373206531e+02 -1.5208355285007076e+02
1.5418766666666668e+00 1.1593142618767237e+02 -1.5213542161229279e+02
1.5428733333333335e+00 1.1608308036492042e+02 -1.5218734209614522e+02
1.5438700000000001e+00 1.1623478631538431e+02 -1.5223931435318627e+02
1.5448666666666668e+00 1.1638654409069048e+02 -1.5229133843507412e+02
1.5458633333333334e+00 1.1653835374251669e+02 -1.5234341439348111e+02
1.5468600000000001e+00 1.1669021532259238e+02 -1.5239554228011255e+02
1.5478566666666669e+00 1.1684212888269846e+02 -1.5244772214677724e+02
1.5488533333333334e+00 1.1699409447466749e+02 -1.5249995404530338e+02
1.5498500000000002e+00 1.1714611215038381e+02 -1.5255223802755143e+02
1.5508466666666667e+00 1.1729818196178336e+02 -1.5260457414547889e+02
1.5518433333333335e+00 1.1745030396085399e+02 -1.5265696245108336e+02
1.5528400000000002e+00 1.1760247819963531e+02 -1.5270940299637334e+02
1.5538366666666668e+00 1.1775470473021883e+02 -1.5276189583346209e+02
1.5548333333333335e+00 1.1790698360474808e+02 -1.5281444101449534e+02
1.5558300000000000e+00 1.1805931487541845e+02 -1.5286703859165149e+02
1.5568266666666668e+00 1.1821169859447754e+02 -1.5291968861719914e+02
1.5578233333333336e+00 1.1836413481422493e+02 -1.5297239114341770e+02
1.5588200000000001e+00 1.1851662358701233e+02 -1.5302514622266986e+02
1.5598166666666669e+00 1.1866916496524381e+02 -1.5307795390736518e+02
1.5608133333333334e+00 1.1882175900137551e+02 -1.5313081424994590e+02
1.5618100000000001e+00 1.1897440574791604e+02 -1.5318372730292992e+02
1.5628066666666669e+00 1.1912710525742625e+02 -1.5323669311886792e+02
1.5638033333333334e+00 1.1927985758251941e+02 -1.5328971175038612e+02
1.5648000000000002e+00 1.1943266277586136e+02 -1.5334278325015075e+02
1.5657966666666667e+00 1.1958552089017032e+02 -1.5339590767086787e+02
1.5667933333333335e+00 1.1973843197821719e+02 -1.5344908506531203e+02
1.5677900000000002e+00 1.1989139609282543e+02 -1.5350231548631191e+02
1.5687866666666668e+00 1.2004441328687115e+02 -1.5355559898675045e+02
1.5697833333333335e+00 1.2019748361328330e+02 -1.5360893561953623e+02
1.5707800000000001e+00 1.2035060712504344e+02 -1.5366232543765335e+02
1.5717766666666668e+00 1.2050378387518613e+02 -1.5371576849414728e+02
1.5727733333333336e+00 1.2065701391679872e+02 -1.5376926484211765e+02
1.5737700000000001e+00 1.2081029730302147e+02 -1.5382281453468971e+02
1.5747666666666669e+00 1.2096363408704775e+02 -1.5387641762505012e+02
1.5757633333333334e+00 1.2111702432212383e+02 -1.5393007416645386e+02
1.5767600000000002e+00 1.2127046806154920e+02 -1.5398378421219596e+02
1.5777566666666669e+00 1.2142396535867641e+02 -1.5403754781562557e+02
1.5787533333333335e+00 1.2157751626691122e+02 -1.5409136503016737e+02
1.5797500000000002e+00 1.2173112083971272e+02 -1.5414523590926461e+02
1.5807466666666667e+00 1.2188477913059317e+02 -1.5419916050642189e+02
1.5817433333333335e+00 1.2203849119311838e+02 -1.5425313887522213e+02
1.5827400000000000e+00 1.2219225708090737e+02 -1.5430717106927696e+02
1.5837366666666668e+00 1.2234607684763280e+02 -1.5436125714225895e+02
1.5847333333333335e+00 1.2249995054702075e+02 -1.5441539714790261e+02
1.5857300000000001e+00 1.2265387823285084e+02 -1.5446959113997457e+02
1.5867266666666668e+00 1.2280785995895648e+02 -1.5452383917231023e+02
1.5877233333333334e+00 1.2296189577922458e+02 -1.5457814129880629e+02
1.5887200000000001e+00 1.2311598574759590e+02 -1.5463249757338500e+02
1.5897166666666669e+00 1.2327012991806492e+02 -1.5468690805005883e+02
1.5907133333333334e+00 1.2342432834467999e+02 -1.5474137278288669e+02
1.5917100000000002e+00 1.2357858108154340e+02 -1.5479589182594637e+02
1.5927066666666667e+00 1.2373288818281129e+02 -1.5485046523339128e+02
1.5937033333333335e+00 1.2388724970269391e+02 -1.5490509305943587e+02
1.5947000000000002e+00 1.2404166569545546e+02 -1.5495977535837079e+02
1.5956966666666668e+00 1.2419613621541430e+02 -1.5501451218449003e+02
1.5966933333333335e+00 1.2435066131694302e+02 -1.5506930359216386e+02
1.5976900000000001e+00 1.2450524105446829e+02 -1.5512414963583075e+02
1.5986866666666668e+00 1.2465987548247119e+02 -1.5517905036996177e+02
1.5996833333333336e+00 1.2481456465548705e+02 -1.5523400584910434e+02
1.6006800000000001e+00 1.2496930862810554e+02 -1.5528901612783753e+02
1.6016766666666669e+00 1.2512410745497090e+02 -1.5534408126080254e+02
1.6026733333333334e+00 1.2527896119078170e+02 -1.5539920130271588e+02
1.6036700000000002e+00 1.2543386989029121e+02 -1.5545437630831239e+02
1.6046666666666669e+00 1.2558883360830717e+02 -1.5550960633239617e+02
1.6056633333333334e+00 1.2574385239969200e+02 -1.5556489142985995e+02
1.6066600000000002e+00 1.2589892631936294e+02 -1.5562023165560160e+02
1.6076566666666667e+00 1.2605405542229181e+02 -1.5567562706458000e+02
1.6086533333333335e+00 1.2620923976350541e+02 -1.5573107771183649e+02
1.6096500000000002e+00 1.2636447939808529e+02 -1.5578658365245337e+02
1.6106466666666668e+00 1.2651977438116796e+02 -1.5584214494156564e+02
1.6116433333333335e+00 1.2667512476794498e+02 -1.5589776163436349e+02
1.6126400000000001e+00 1.2683053061366282e+02 -1.5595343378609803e+02
1.6136366666666668e+00 1.2698599197362317e+02 -1.5600916145205309e+02
1.6146333333333336e+00 1.2714150890318278e+02 -1.5606494468760334e+02
1.6156300000000001e+00 1.2729708145775359e+02 -1.5612078354816873e+02
1.6166266666666669e+00 1.2745270969280288e+02 -1.5617667808918910e+02
1.6176233333333334e+00 1.2760839366385314e+02 -1.5623262836620790e+02
1.6186200000000002e+00 1.2776413342648232e+02 -1.5628863443479003e+02
1.6196166666666667e+00 1.2791992903632368e+02 -1.5634469635058596e+02
1.6206133333333335e+00 1.2807578054906608e+02 -1.5640081416927146e+02
1.6216100000000002e+00 1.2823168802045382e+02 -1.5645698794658492e+02
1.6226066666666668e+00 1.2838765150628680e+02 -1.5651321773835983e+02
1.6236033333333335e+00 1.2854367106242063e+02 -1.5656950360039949e+02
1.6246000000000000e+00 1.2869974674476649e+02 -1.5662584558863941e+02
1.6255966666666668e+00 1.2885587860929144e+02 -1.5668224375906917e+02
1.6265933333333336e+00 1.2901206671201828e+02 -1.5673869816769101e+02
1.6275900000000001e+00 1.2916831110902567e+02 -1.5679520887057353e+02
1.6285866666666668e+00 1.2932461185644826e+02 -1.5685177592386935e+02
1.6295833333333334e+00 1.2948096901047654e+02 -1.5690839938375657e+02
1.6305800000000001e+00 1.2963738262735720e+02 -1.5696507930648124e+02
1.6315766666666669e+00 1.2979385276339289e+02 -1.5702181574837363e+02
1.6325733333333334e+00 1.2995037947494242e+02 -1.5707860876575890e+02
1.6335700000000002e+00 1.3010696281842090e+02 -1.5713545841507494e+02
1.6345666666666667e+00 1.3026360285029952e+02 -1.5719236475277074e+02
1.6355633333333335e+00 1.3042029962710595e+02 -1.5724932783537739e+02
1.6365600000000002e+00 1.3057705320542414e+02 -1.5730634771949630e+02
1.6375566666666668e+00 1.3073386364189443e+02 -1.5736342446175186e+02
1.6385533333333335e+00 1.3089073099321379e+02 -1.5742055811885294e+02
1.6395500000000001e+00 1.3104765531613552e+02 -1.5747774874754796e+02
1.6405466666666668e+00 1.3120463666746971e+02 -1.5753499640465316e+02
1.6415433333333336e+00 1.3136167510408299e+02 -1.5759230114702660e+02
1.6425400000000001e+00 1.3151877068289866e+02 -1.5764966303159215e+02
1.6435366666666669e+00 1.3167592346089688e+02 -1.5770708211532954e+02
1.6445333333333334e+00 1.3183313349511454e+02 -1.5776455845527229e+02
1.6455300000000002e+00 1.3199040084264550e+02 -1.5782209210852193e+02
1.6465266666666669e+00 1.3214772556064048e+02 -1.5787968313222177e+02
1.6475233333333335e+00 1.3230510770630718e+02 -1.5793733158359478e+02
1.6485200000000002e+00 1.3246254733691043e+02 -1.5799503751989192e+02
1.6495166666666667e+00 1.3262004450977204e+02 -1.5805280099844595e+02
1.6505133333333335e+00 1.3277759928227113e+02 -1.5811062207662937e+02
1.6515100000000003e+00 1.3293521171184389e+02 -1.5816850081185638e+02
1.6525066666666668e+00 1.3309288185598385e+02 -1.5822643726164947e+02
1.6535033333333335e+00 1.3325060977224189e+02 -1.5828443148355888e+02
1.6545000000000001e+00 1.3340839551822620e+02 -1.5834248353517415e+02
1.6554966666666668e+00 1.3356623915160253e+02 -1.5840059347418472e+02
1.6564933333333334e+00 1.3372414073009404e+02 -1.5845876135830841e+02
1.6574900000000001e+00 1.3388210031148154e+02 -1.5851698724531693e+02
1.6584866666666669e+00 1.3404011795360333e+02 -1.5857527119303805e+02
1.6594833333333334e+00 1.3419819371435543e+02 -1.5863361325937922e+02
1.6604800000000002e+00 1.3435632765169169e+02 -1.5869201350230404e+02
1.6614766666666667e+00 1.3451451982362357e+02 -1.5875047197980140e+02
1.6624733333333335e+00 1.3467277028822059e+02 -1.5880898874997081e+02
1.6634700000000002e+00 1.3483107910361002e+02 -1.5886756387092535e+02
1.6644666666666668e+00 1.3498944632797711e+02 -1.5892619740082895e+02
1.6654633333333335e+00 1.3514787201956517e+02 -1.5898488939795914e+02
1.6664600000000001e+00 1.3530635623667555e+02 -1.5904363992060397e+02
1.6674566666666668e+00 1.3546489903766786e+02 -1.5910244902711966e+02
1.6684533333333336e+00 1.3562350048095973e+02 -1.5916131677593316e+02
1.6694500000000001e+00 1.3578216062502710e+02 -1.5922024322549339e+02
1.6704466666666669e+00 1.3594087952840428e+02 -1.5927922843436301e+02
1.6714433333333334e+00 1.3609965724968384e+02 -1.5933827246112966e+02
1.6724400000000001e+00 1.3625849384751695e+02 -1.5939737536443462e+02
1.6734366666666669e+00 1.3641738938061306e+02 -1.5945653720300439e+02
1.6744333333333334e+00 1.3657634390774027e+02 -1.5951575803560141e+02
1.6754300000000002e+00 1.3673535748772534e+02 -1.5957503792103080e+02
1.6764266666666667e+00 1.3689443017945354e+02 -1.5963437691819394e+02
1.6774233333333335e+00 1.3705356204186899e+02 -1.5969377508603137e+02
1.6784200000000002e+00 1.3721275313397450e+02 -1.5975323248355494e+02
1.6794166666666668e+00 1.3737200351483176e+02 -1.5981274916984069e+02
1.6804133333333335e+00 1.3753131324356139e+02 -1.5987232520396461e+02
1.6814100000000001e+00 1.3769068237934283e+02 -1.5993196064512759e+02
1.6824066666666668e+00 1.3785011098141470e+02 -1.5999165555259808e+02
1.6834033333333336e+00 1.3800959910907460e+02 -1.6005140998563039e+02
1.6844000000000001e+00 1.3816914682167922e+02 -1.6011122400359983e+02
1.6853966666666669e+00 1.3832875417864454e+02 -1.6017109766592483e+02
1.6863933333333334e+00 1.3848842123944570e+02 -1.6023103103206262e+02
1.6873900000000002e+00 1.3864814806361721e+02 -1.6029102416158128e+02
1.6883866666666669e+00 1.3880793471075290e+02 -1.6035107711404873e+02
1.6893833333333335e+00 1.3896778124050601e+02 -1.6041118994911133e+02
1.6903800000000002e+00 1.3912768771258936e+02 -1.6047136272650096e+02
1.6913766666666668e+00 1.3928765418677520e+02 -1.6053159550598875e+02
1.6923733333333335e+00 1.3944768072289548e+02 -1.6059188834740289e+02
1.6933700000000000e+00 1.3960776738084172e+02 -1.6065224131064275e+02
1.6943666666666668e+00 1.3976791422056527e+02 -1.6071265445563276e+02
1.6953633333333336e+00 1.3992812130207713e+02 -1.6077312784239732e+02
1.6963600000000001e+00 1.4008838868544819e+02 -1.6083366153103881e+02
1.6973566666666668e+00 1.4024871643080937e+02 -1.6089425558163143e+02
1.6983533333333334e+00 1.4040910459835129e+02 -1.6095491005440255e+02
1.6993500000000001e+00 1.4056955324832487e+02 -1.6101562500961873e+02
1.7003466666666669e+00 1.4073006244104093e+02 -1.6107640050754679e+02
1.7013433333333334e+00 1.4089063223687043e+02 -1.6113723660857431e+02
1.7023400000000002e+00 1.4105126269624466e+02 -1.6119813337314616e+02
1.7033366666666667e+00 1.4121195387965503e+02 -1.6125909086174639e+02
1.7043333333333335e+00 1.4137270584765338e+02 -1.6132010913491240e+02
1.7053300000000002e+00 1.4153351866085185e+02 -1.6138118825329622e+02
1.7063266666666668e+00 1.4169439237992302e+02 -1.6144232827752754e+02
1.7073233333333335e+00 1.4185532706560005e+02 -1.6150352926833648e+02
1.7083200000000001e+00 1.4201632277867657e+02 -1.6156479128656366e+02
1.7093166666666668e+00 1.4217737958000691e+02 -1.6162611439303151e+02
1.7103133333333336e+00 1.4233849753050603e+02 -1.6168749864864881e+02
1.7113100000000001e+00 1.4249967669114960e+02 -1.6174894411440161e+02
1.7123066666666669e+00 1.4266091712297421e+02 -1.6181045085133380e+02
1.7133033333333334e+00 1.4282221888707716e+02 -1.6187201892052838e+02
1.7143000000000002e+00 1.4298358204461684e+02 -1.6193364838314992e+02
1.7152966666666669e+00 1.4314500665681251e+02 -1.6199533930042094e+02
1.7162933333333334e+00 1.4330649278494445e+02 -1.6205709173361271e+02
1.7172900000000002e+00 1.4346804049035418e+02 -1.6211890574408275e+02
1.7182866666666667e+00 1.4362964983444425e+02 -1.6218078139321335e+02
1.7192833333333335e+00 1.4379132087867856e+02 -1.6224271874248291e+02
1.7202800000000003e+00 1.4395305368458219e+02 -1.6230471785341348e+02
1.7212766666666668e+00 1.4411484831374159e+02 -1.6236677878757553e+02
1.7222733333333335e+00 1.4427670482780474e+02 -1.6242890160666892e+02
1.7232700000000001e+00 1.4443862328848093e+02 -1.6249108637233260e+02
1.7242666666666668e+00 1.4460060375754111e+02 -1.6255333314637275e+02
1.7252633333333336e+00 1.4476264629681773e+02 -1.6261564199063957e+02
1.7262600000000001e+00 1.4492475096820493e+02 -1.6267801296698858e+02
1.7272566666666669e+00 1.4508691783365865e+02 -1.6274044613740486e+02
1.7282533333333334e+00 1.4524914695519644e+02 -1.6280294156389800e+02
1.7292500000000002e+00 1.4541143839489789e+02 -1.6286549930853479e+02
1.7302466666666667e+00 1.4557379221490430e+02 -1.6292811943346746e+02
1.7312433333333335e+00 1.4573620847741913e+02 -1.6299080200091575e+02
1.7322400000000002e+00 1.4589868724470770e+02 -1.6305354707310062e+02
1.7332366666666668e+00 1.4606122857909745e+02 -1.6311635471239077e+02
1.7342333333333335e+00 1.4622383254297807e+02 -1.6317922498115621e+02
1.7352300000000001e+00 1.4638649919880135e+02 -1.6324215794186296e+02
1.7362266666666668e+00 1.4654922860908147e+02 -1.6330515365703002e+02
1.7372233333333336e+00 1.4671202083639486e+02 -1.6336821218919226e+02
1.7382200000000001e+00 1.4687487594338029e+02 -1.6343133360103189e+02
1.7392166666666669e+00 1.4703779399273918e+02 -1.6349451795524698e+02
1.7402133333333334e+00 1.4720077504723528e+02 -1.6355776531454589e+02
1.7412100000000001e+00 1.4736381916969506e+02 -1.6362107574183256e+02
1.7422066666666669e+00 1.4752692642300758e+02 -1.6368444929998412e+02
1.7432033333333334e+00 1.4769009687012456e+02 -1.6374788605188238e+02
1.7442000000000002e+00 1.4785333057406064e+02 -1.6381138606061040e+02
1.7451966666666667e+00 1.4801662759789312e+02 -1.6387494938924715e+02
1.7461933333333335e+00 1.4817998800476238e+02 -1.6393857610086778e+02
1.7471900000000002e+00 1.4834341185787162e+02 -1.6400226625874873e+02
1.7481866666666668e+00 1.4850689922048707e+02 -1.6406601992614236e+02
1.7491833333333335e+00 1.4867045015593817e+02 -1.6412983716631715e+02
1.7501800000000001e+00 1.4883406472761732e+02 -1.6419371804270858e+02
1.7511766666666668e+00 1.4899774299898033e+02 -1.6425766261880520e+02
1.7521733333333336e+00 1.4916148503354617e+02 -1.6432167095809749e+02
1.7531700000000001e+00 1.4932529089489714e+02 -1.6438574312413704e+02
1.7541666666666669e+00 1.4948916064667904e+02 -1.6444987918063441e+02
1.7551633333333334e+00 1.4965309435260102e+02 -1.6451407919126751e+02
1.7561600000000002e+00 1.4981709207643584e+02 -1.6457834321972450e+02
1.7571566666666669e+00 1.4998115388201978e+02 -1.6464267132996630e+02
1.7581533333333335e+00 1.5014527983325286e+02 -1.6470706358592960e+02
1.7591500000000002e+00 1.5030946999409881e+02 -1.6477152005139627e+02
1.7601466666666667e+00 1.5047372442858497e+02 -1.6483604079045756e+02
1.7611433333333335e+00 1.5063804320080280e+02 -1.6490062586734342e+02
1.7621400000000003e+00 1.5080242637490750e+02 -1.6496527534608640e+02
1.7631366666666668e+00 1.5096687401511821e+02 -1.6502998929085098e+02
1.7641333333333336e+00 1.5113138618571824e+02 -1.6509476776604646e+02
1.7651300000000001e+00 1.5129596295105492e+02 -1.6515961083602085e+02
1.7661266666666668e+00 1.5146060437553982e+02 -1.6522451856506115e+02
1.7671233333333336e+00 1.5162531052364858e+02 -1.6528949101769879e+02
1.7681200000000001e+00 1.5179008145992123e+02 -1.6535452825856891e+02
1.7691166666666669e+00 1.5195491724896226e+02 -1.6541963035216631e+02
1.7701133333333334e+00 1.5211981795544037e+02 -1.6548479736313845e+02
1.7711100000000002e+00 1.5228478364408889e+02 -1.6555002935628971e+02
1.7721066666666667e+00 1.5244981437970566e+02 -1.6561532639648135e+02
1.7731033333333335e+00 1.5261491022715322e+02 -1.6568068854842809e+02
1.7741000000000002e+00 1.5278007125135861e+02 -1.6574611587708932e+02
1.7750966666666668e+00 1.5294529751731372e+02 -1.6581160844757051e+02
1.7760933333333335e+00 1.5311058909007531e+02 -1.6587716632480857e+02
1.7770900000000001e+00 1.5327594603476481e+02 -1.6594278957392140e+02
1.7780866666666668e+00 1.5344136841656885e+02 -1.6600847826020819e+02
1.7790833333333336e+00 1.5360685630073888e+02 -1.6607423244884248e+02
1.7800800000000001e+00 1.5377240975259141e+02 -1.6614005220508636e+02
1.7810766666666669e+00 1.5393802883750820e+02 -1.6620593759443278e+02
1.7820733333333334e+00 1.5410371362093608e+02 -1.6627188868231354e+02
1.7830700000000002e+00 1.5426946416838729e+02 -1.6633790553414175e+02
1.7840666666666669e+00 1.5443528054543924e+02 -1.6640398821557577e+02
1.7850633333333334e+00 1.5460116281773480e+02 -1.6647013679229119e+02
1.7860600000000002e+00 1.5476711105098238e+02 -1.6653635132990928e+02
1.7870566666666667e+00 1.5493312531095572e+02 -1.6660263189420399e+02
1.7880533333333335e+00 1.5509920566349430e+02 -1.6666897855111600e+02
1.7890500000000003e+00 1.5526535217450325e+02 -1.6673539136648915e+02
1.7900466666666668e+00 1.5543156490995329e+02 -1.6680187040622704e+02
1.7910433333333335e+00 1.5559784393588109e+02 -1.6686841573649278e+02
1.7920400000000001e+00 1.5576418931838904e+02 -1.6693502742334550e+02
1.7930366666666668e+00 1.5593060112364557e+02 -1.6700170553288277e+02
1.7940333333333336e+00 1.5609707941788494e+02 -1.6706845013139042e+02
1.7950300000000001e+00 1.5626362426740755e+02 -1.6713526128524248e+02
1.7960266666666669e+00 1.5643023573857997e+02 -1.6720213906068778e+02
1.7970233333333334e+00 1.5659691389783472e+02 -1.6726908352415600e+02
1.7980200000000002e+00 1.5676365881167084e+02 -1.6733609474225796e+02
1.7990166666666669e+00 1.5693047054665354e+02 -1.6740317278150789e+02
1.8000133333333335e+00 1.5709734916941434e+02 -1.6747031770846502e+02
1.8010100000000002e+00 1.5726429474665139e+02 -1.6753752958990574e+02
1.8020066666666668e+00 1.5743130734512917e+02 -1.6760480849263044e+02
1.8030033333333335e+00 1.5759838703167890e+02 -1.6767215448337834e+02
1.8040000000000003e+00 1.5776553387319828e+02 -1.6773956762906283e+02
1.8049966666666668e+00 1.5793274793665177e+02 -1.6780704799672790e+02
1.8059933333333336e+00 1.5810002928907073e+02 -1.6787459565332111e+02
1.8069900000000001e+00 1.5826737799755313e+02 -1.6794221066591379e+02
1.8079866666666669e+00 1.5843479412926405e+02 -1.6800989310177698e+02
1.8089833333333334e+00 1.5860227775143542e+02 -1.6807764302811040e+02
1.8099800000000001e+00 1.5876982893136633e+02 -1.6814546051216647e+02
1.8109766666666669e+00 1.5893744773642288e+02 -1.6821334562132935e+02
1.8119733333333334e+00 1.5910513423403833e+02 -1.6828129842307050e+02
1.8129700000000002e+00 1.5927288849171327e+02 -1.6834931898483657e+02
1.8139666666666667e+00 1.5944071057701549e+02 -1.6841740737418377e+02
1.8149633333333335e+00 1.5960860055758030e+02 -1.6848556365884906e+02
1.8159600000000002e+00 1.5977655850111037e+02 -1.6855378790647356e+02
1.8169566666666668e+00 1.5994458447537582e+02 -1.6862208018474249e+02
1.8179533333333335e+00 1.6011267854821443e+02 -1.6869044056163003e+02
1.8189500000000001e+00 1.6028084078753162e+02 -1.6875886910502032e+02
1.8199466666666668e+00 1.6044907126130056e+02 -1.6882736588277879e+02
1.8209433333333336e+00 1.6061737003756207e+02 -1.6889593096304549e+02
1.8219400000000001e+00 1.6078573718442490e+02 -1.6896456441394758e+02
1.8229366666666669e+00 1.6095417277006581e+02 -1.6903326630355917e+02
1.8239333333333334e+00 1.6112267686272932e+02 -1.6910203670016361e+02
1.8249300000000002e+00 1.6129124953072821e+02 -1.6917087567216799e+02
1.8259266666666669e+00 1.6145989084244331e+02 -1.6923978328785520e+02
1.8269233333333335e+00 1.6162860086632355e+02 -1.6930875961565172e+02
1.8279200000000002e+00 1.6179737967088624e+02 -1.6937780472414494e+02
1.8289166666666667e+00 1.6196622732471693e+02 -1.6944691868194613e+02
1.8299133333333335e+00 1.6213514389646966e+02 -1.6951610155759079e+02
1.8309100000000003e+00 1.6230412945486677e+02 -1.6958535341987502e+02
1.8319066666666668e+00 1.6247318406869925e+02 -1.6965467433765309e+02
1.8329033333333336e+00 1.6264230780682672e+02 -1.6972406437965495e+02
1.8339000000000001e+00 1.6281150073817727e+02 -1.6979352361483416e+02
1.8348966666666668e+00 1.6298076293174796e+02 -1.6986305211229632e+02
1.8358933333333336e+00 1.6315009445660453e+02 -1.6993264994102339e+02
1.8368900000000001e+00 1.6331949538188155e+02 -1.7000231717009723e+02
1.8378866666666669e+00 1.6348896577678263e+02 -1.7007205386883260e+02
1.8388833333333334e+00 1.6365850571058030e+02 -1.7014186010648243e+02
1.8398800000000002e+00 1.6382811525261630e+02 -1.7021173595232361e+02
1.8408766666666669e+00 1.6399779447230131e+02 -1.7028168147577983e+02
1.8418733333333335e+00 1.6416754343911535e+02 -1.7035169674641796e+02
1.8428700000000002e+00 1.6433736222260779e+02 -1.7042178183369535e+02
1.8438666666666668e+00 1.6450725089239717e+02 -1.7049193680722124e+02
1.8448633333333335e+00 1.6467720951817159e+02 -1.7056216173674770e+02
1.8458600000000001e+00 1.6484723816968858e+02 -1.7063245669204096e+02
1.8468566666666668e+00 1.6501733691677532e+02 -1.7070282174284833e+02
1.8478533333333336e+00 1.6518750582932847e+02 -1.7077325695910702e+02
1.8488500000000001e+00 1.6535774497731447e+02 -1.7084376241084007e+02
1.8498466666666669e+00 1.6552805443076960e+02 -1.7091433816800375e+02
1.8508433333333334e+00 1.6569843425979980e+02 -1.7098498430067801e+02
1.8518400000000002e+00 1.6586888453458110e+02 -1.7105570087916607e+02
1.8528366666666669e+00 1.6603940532535944e+02 -1.7112648797363369e+02
1.8538333333333334e+00 1.6620999670245070e+02 -1.7119734565433160e+02
1.8548300000000002e+00 1.6638065873624103e+02 -1.7126827399178660e+02
1.8558266666666667e+00 1.6655139149718670e+02 -1.7133927305640660e+02
1.8568233333333335e+00 1.6672219505581427e+02 -1.7141034291863744e+02
1.8578200000000002e+00 1.6689306948272056e+02 -1.7148148364912944e+02
1.8588166666666668e+00 1.6706401484857281e+02 -1.7155269531864693e+02
1.8598133333333335e+00 1.6723503122410884e+02 -1.7162397799777361e+02
1.8608100000000001e+00 1.6740611868013679e+02 -1.7169533175733079e+02
1.8618066666666668e+00 1.6757727728753559e+02 -1.7176675666833469e+02
1.8628033333333336e+00 1.6774850711725480e+02 -1.7183825280163552e+02
1.8638000000000001e+00 1.6791980824031464e+02 -1.7190982022819679e+02
1.8647966666666669e+00 1.6809118072780629e+02 -1.7198145901924406e+02
1.8657933333333334e+00 1.6826262465089172e+02 -1.7205316924589809e+02
1.8667900000000002e+00 1.6843414008080396e+02 -1.7212495097930335e+02
1.8677866666666669e+00 1.6860572708884692e+02 -1.7219680429082339e+02
1.8687833333333335e+00 1.6877738574639568e+02 -1.7226872925190645e+02
1.8697800000000002e+00 1.6894911612489662e+02 -1.7234072593389229e+02
1.8707766666666668e+00 1.6912091829586711e+02 -1.7241279440830073e+02
1.8717733333333335e+00 1.6929279233089611e+02 -1.7248493474681808e+02
1.8727700000000003e+00 1.6946473830164376e+02 -1.7255714702102199e+02
1.8737666666666668e+00 1.6963675627984171e+02 -1.7262943130264568e+02
1.8747633333333336e+00 1.6980884633729320e+02 -1.7270178766351364e+02
1.8757600000000001e+00 1.6998100854587298e+02 -1.7277421617554506e+02
1.8767566666666669e+00 1.7015324297752758e+02 -1.7284671691059728e+02
1.8777533333333336e+00 1.7032554970427518e+02 -1.7291928994071844e+02
1.8787500000000001e+00 1.7049792879820575e+02 -1.7299193533806962e+02
1.8797466666666669e+00 1.7067038033148131e+02 -1.7306465317473192e+02
1.8807433333333334e+00 1.7084290437633561e+02 -1.7313744352290965e+02
1.8817400000000002e+00 1.7101550100507461e+02 -1.7321030645499269e+02
1.8827366666666667e+00 1.7118817029007627e+02 -1.7328324204337082e+02
1.8837333333333335e+00 1.7136091230379083e+02 -1.7335625036040025e+02
1.8847300000000002e+00 1.7153372711874064e+02 -1.7342933147865693e+02
1.8857266666666668e+00 1.7170661480752042e+02 -1.7350248547078655e+02
1.8867233333333335e+00 1.7187957544279737e+02 -1.7357571240935508e+02
1.8877200000000001e+00 1.7205260909731095e+02 -1.7364901236710855e+02
1.8887166666666668e+00 1.7222571584387336e+02 -1.7372238541695938e+02
1.8897133333333336e+00 1.7239889575536930e+02 -1.7379583163172612e+02
1.8907100000000001e+00 1.7257214890475612e+02 -1.7386935108435355e+02
1.8917066666666669e+00 1.7274547536506404e+02 -1.7394294384789254e+02
1.8927033333333334e+00 1.7291887520939596e+02 -1.7401660999550262e+02
1.8937000000000002e+00 1.7309234851092785e+02 -1.7409034960023888e+02
1.8946966666666669e+00 1.7326589534290846e+02 -1.7416416273539031e+02
1.8956933333333335e+00 1.7343951577865965e+02 -1.7423804947437227e+02
1.8966900000000002e+00 1.7361320989157647e+02 -1.7431200989047787e+02
1.8976866666666667e+00 1.7378697775512703e+02 -1.7438604405718061e+02
1.8986833333333335e+00 1.7396081944285282e+02 -1.7446015204807705e+02
1.8996800000000003e+00 1.7413473502836862e+02 -1.7453433393675596e+02
1.9006766666666668e+00 1.7430872458536251e+02 -1.7460858979686049e+02
1.9016733333333335e+00 1.7448278818759624e+02 -1.7468291970222583e+02
1.9026700000000001e+00 1.7465692590890495e+02 -1.7475732372669606e+02
1.9036666666666668e+00 1.7483113782319757e+02 -1.7483180194406742e+02
1.9046633333333336e+00 1.7500542400445653e+02 -1.7490635442838490e+02
1.9056600000000001e+00 1.7517978452673813e+02 -1.7498098125379079e+02
1.9066566666666669e+00 1.7535421946417262e+02 -1.7505568249430559e+02
1.9076533333333334e+00 1.7552872889096395e+02 -1.7513045822412974e+02
1.9086500000000002e+00 1.7570331288139027e+02 -1.7520530851761563e+02
1.9096466666666669e+00 1.7587797150980370e+02 -1.7528023344907925e+02
1.9106433333333335e+00 1.7605270485063042e+02 -1.7535523309289093e+02
1.9116400000000002e+00 1.7622751297837101e+02 -1.7543030752366994e+02
1.9126366666666668e+00 1.7640239596760023e+02 -1.7550545681593064e+02
1.9136333333333335e+00 1.7657735389296724e+02 -1.7558068104426746e+02
1.9146300000000003e+00 1.7675238682919559e+02 -1.7565598028346736e+02
1.9156266666666668e+00 1.7692749485108331e+02 -1.7573135460835653e+02
1.9166233333333336e+00 1.7710267803350320e+02 -1.7580680409373986e+02
1.9176200000000001e+00 1.7727793645140247e+02 -1.7588232881453078e+02
1.9186166666666669e+00 1.7745327017980324e+02 -1.7595792884587104e+02
1.9196133333333334e+00 1.7762867929380241e+02 -1.7603360426284519e+02
1.9206100000000002e+00 1.7780416386857175e+02 -1.7610935514050396e+02
1.9216066666666669e+00 1.7797972397935794e+02 -1.7618518155414773e+02
1.9226033333333334e+00 1.7815535970148272e+02 -1.7626108357921564e+02
1.9236000000000002e+00 1.7833107111034303e+02 -1.7633706129095469e+02
1.9245966666666667e+00 1.7850685828141081e+02 -1.7641311476484856e+02
1.9255933333333335e+00 1.7868272129023347e+02 -1.7648924407656116e+02
1.9265900000000002e+00 1.7885866021243362e+02 -1.7656544930160689e+02
1.9275866666666668e+00 1.7903467512370921e+02 -1.7664173051568142e+02
1.9285833333333335e+00 1.7921076609983385e+02 -1.7671808779463041e+02
1.9295800000000001e+00 1.7938693321665662e+02 -1.7679452121429429e+02
1.9305766666666668e+00 1.7956317655010227e+02 -1.7687103085052220e+02
1.9315733333333336e+00 1.7973949617617117e+02 -1.7694761677934176e+02
1.9325700000000001e+00 1.7991589217093951e+02 -1.7702427907693351e+02
1.9335666666666669e+00 1.8009236461055951e+02 -1.7710101781932869e+02
1.9345633333333334e+00 1.8026891357125902e+02 -1.7717783308272382e+02
1.9355600000000002e+00 1.8044553912934214e+02 -1.7725472494356694e+02
1.9365566666666669e+00 1.8062224136118897e+02 -1.7733169347815692e+02
1.9375533333333335e+00 1.8079902034325573e+02 -1.7740873876290212e+02
1.9385500000000002e+00 1.8097587615207502e+02 -1.7748586087443257e+02
1.9395466666666668e+00 1.8115280886425560e+02 -1.7756305988934426e+02
1.9405433333333335e+00 1.8132981855648279e+02 -1.7764033588422777e+02
1.9415400000000003e+00 1.8150690530551819e+02 -1.7771768893590945e+02
1.9425366666666668e+00 1.8168406918820000e+02 -1.7779511912129672e+02
1.9435333333333336e+00 1.8186131028144320e+02 -1.7787262651719075e+02
1.9445300000000001e+00 1.8203862866223918e+02 -1.7795021120057251e+02
1.9455266666666668e+00 1.8221602440765639e+02 -1.7802787324863127e+02
1.9465233333333336e+00 1.8239349759483997e+02 -1.7810561273843607e+02
1.9475200000000001e+00 1.8257104830101196e+02 -1.7818342974717916e+02
1.9485166666666669e+00 1.8274867660347152e+02 -1.7826132435223235e+02
1.9495133333333334e+00 1.8292638257959479e+02 -1.7833929663096140e+02
1.9505100000000002e+00 1.8310416630683517e+02 -1.7841734666074098e+02
1.9515066666666669e+00 1.8328202786272317e+02 -1.7849547451916774e+02
1.9525033333333335e+00 1.8345996732486668e+02 -1.7857368028389027e+02
1.9535000000000002e+00 1.8363798477095102e+02 -1.7865196403247975e+02
1.9544966666666668e+00 1.8381608027873884e+02 -1.7873032584275833e+02
1.9554933333333335e+00 1.8399425392607048e+02 -1.7880876579261397e+02
1.9564900000000003e+00 1.8417250579086385e+02 -1.7888728395992862e+02
1.9574866666666668e+00 1.8435083595111448e+02 -1.7896588042262164e+02
1.9584833333333336e+00 1.8452924448489577e+02 -1.7904455525886308e+02
1.9594800000000001e+00 1.8470773147035891e+02 -1.7912330854683159e+02
1.9604766666666669e+00 1.8488629698573314e+02 -1.7920214036464895e+02
1.9614733333333334e+00 1.8506494110932550e+02 -1.7928105079063627e+02
1.9624700000000002e+00 1.8524366391952131e+02 -1.7936003990326606e+02
1.9634666666666669e+00 1.8542246549478395e+02 -1.7943910778094806e+02
1.9644633333333335e+00 1.8560134591365502e+02 -1.7951825450220014e+02
1.9654600000000002e+00 1.8578030525475455e+02 -1.7959748014567737e+02
1.9664566666666667e+00 1.8595934359678085e+02 -1.7967678479011440e+02
1.9674533333333335e+00 1.8613846101851087e+02 -1.7975616851419758e+02
1.9684500000000003e+00 1.8631765759879985e+02 -1.7983563139680714e+02
1.9694466666666668e+00 1.8649693341658187e+02 -1.7991517351696012e+02
1.9704433333333335e+00 1.8667628855086969e+02 -1.7999479495356812e+02
1.9714400000000001e+00 1.8685572308075476e+02 -1.8007449578575086e+02
1.9724366666666668e+00 1.8703523708540754e+02 -1.8015427609270782e+02
1.9734333333333336e+00 1.8721483064407735e+02 -1.8023413595369024e+02
1.9744300000000001e+00 1.8739450383609247e+02 -1.8031407544794305e+02
1.9754266666666669e+00 1.8757425674086045e+02 -1.8039409465497673e+02
1.9764233333333334e+00 1.8775408943786786e+02 -1.8047419365428175e+02
1.9774200000000002e+00 1.8793400200668071e+02 -1.8055437252531422e+02
1.9784166666666669e+00 1.8811399452694417e+02 -1.8063463134778181e+02
1.9794133333333335e+00 1.8829406707838285e+02 -1.8071497020148524e+02
1.9804100000000002e+00 1.8847421974080106e+02 -1.8079538916612063e+02
1.9814066666666668e+00 1.8865445259408239e+02 -1.8087588832153472e+02
1.9824033333333335e+00 1.8883476571819031e+02 -1.8095646774785376e+02
1.9834000000000003e+00 1.8901515919316799e+02 -1.8103712752502804e+02
1.9843966666666668e+00 1.8919563309913826e+02 -1.8111786773310041e+02
1.9853933333333336e+00 1.8937618751630407e+02 -1.8119868845240870e+02
1.9863900000000001e+00 1.8955682252494819e+02 -1.8127958976324172e+02
1.9873866666666669e+00 1.8973753820543354e+02 -1.8136057174581126e+02
1.9883833333333336e+00 1.8991833463820308e+02 -1.8144163448068059e+02
1.9893800000000001e+00 1.9009921190378003e+02 -1.8152277804839184e+02
1.9903766666666669e+00 1.9028017008276800e+02 -1.8160400252945371e+02
1.9913733333333334e+00 1.9046120925585078e+02 -1.8168530800458291e+02
1.9923700000000002e+00 1.9064232950379278e+02 -1.8176669455460410e+02
1.9933666666666670e+00 1.9082353090743891e+02 -1.8184816226030918e+02
1.9943633333333335e+00 1.9100481354771455e+02 -1.8192971120258196e+02
1.9953600000000002e+00 1.9118617750562601e+02 -1.8201134146251604e+02
1.9963566666666668e+00 1.9136762286226022e+02 -1.8209305312121293e+02
1.9973533333333335e+00 1.9154914969878507e+02 -1.8217484625973159e+02
1.9983500000000001e+00 1.9173075809644922e+02 -1.8225672095933047e+02
1.9993466666666668e+00 1.9191244813658253e+02 -1.8233867730145349e+02
2.0003433333333334e+00 1.9209421990059585e+02 -1.8242071536745075e+02
2.0013399999999999e+00 1.9227607346998124e+02 -1.8250283523877030e+02
2.0023366666666669e+00 1.9245800892631215e+02 -1.8258503699704323e+02
2.0033333333333334e+00 1.9264002635124305e+02 -1.8266732072389880e+02
2.0043299999999999e+00 1.9282212582651013e+02 -1.8274968650107226e+02
2.0053266666666669e+00 1.9300430743393107e+02 -1.8283213441041477e+02
2.0063233333333335e+00 1.9318657125540489e+02 -1.8291466453375514e+02
2.0073200000000000e+00 1.9336891737291251e+02 -1.8299727695314019e+02
2.0083166666666665e+00 1.9355134586851653e+02 -1.8307997175062678e+02
2.0093133333333335e+00 1.9373385682436145e+02 -1.8316274900831081e+02
2.0103100000000000e+00 1.9391645032267346e+02 -1.8324560880844874e+02
2.0113066666666666e+00 1.9409912644576093e+02 -1.8332855123337245e+02
2.0123033333333331e+00 1.9428188527601432e+02 -1.8341157636543835e+02
2.0133000000000001e+00 1.9446472689590624e+02 -1.8349468428714144e+02
2.0142966666666666e+00 1.9464765138799135e+02 -1.8357787508100938e+02
2.0152933333333332e+00 1.9483065883490681e+02 -1.8366114882968927e+02
2.0162900000000001e+00 1.9501374931937227e+02 -1.8374450561593125e+02
2.0172866666666667e+00 1.9519692292418955e+02 -1.8382794552250508e+02
2.0182833333333332e+00 1.9538017973224333e+02 -1.8391146863229847e+02
2.0192799999999997e+00 1.9556351982650082e+02 -1.8399507502826663e+02
2.0202766666666667e+00 1.9574694329001207e+02 -1.8407876479350375e+02
2.0212733333333333e+00 1.9593045020590966e+02 -1.8416253801109352e+02
2.0222699999999998e+00 1.9611404065740936e+02 -1.8424639476428152e+02
2.0232666666666668e+00 1.9629771472780990e+02 -1.8433033513637432e+02
2.0242633333333333e+00 1.9648147250049286e+02 -1.8441435921071204e+02
2.0252599999999998e+00 1.9666531405892312e+02 -1.8449846707079698e+02
2.0262566666666668e+00 1.9684923948664886e+02 -1.8458265880016390e+02
2.0272533333333334e+00 1.9703324886730132e+02 -1.8466693448242378e+02
2.0282499999999999e+00 1.9721734228459539e+02 -1.8475129420134809e+02
2.0292466666666664e+00 1.9740151982232931e+02 -1.8483573804069050e+02
2.0302433333333334e+00 1.9758578156438500e+02 -1.8492026608431550e+02
2.0312399999999999e+00 1.9777012759472777e+02 -1.8500487841624772e+02
2.0322366666666665e+00 1.9795455799740688e+02 -1.8508957512048804e+02
2.0332333333333334e+00 1.9813907285655543e+02 -1.8517435628118469e+02
2.0342300000000000e+00 1.9832367225639018e+02 -1.8525922198256200e+02
2.0352266666666665e+00 1.9850835628121206e+02 -1.8534417230890571e+02
2.0362233333333335e+00 1.9869312501540611e+02 -1.8542920734459250e+02
2.0372200000000000e+00 1.9887797854344126e+02 -1.8551432717414590e+02
2.0382166666666666e+00 1.9906291694987092e+02 -1.8559953188207842e+02
2.0392133333333331e+00 1.9924794031933271e+02 -1.8568482155299913e+02
2.0402100000000001e+00 1.9943304873654873e+02 -1.8577019627167130e+02
2.0412066666666666e+00 1.9961824228632534e+02 -1.8585565612290378e+02
2.0422033333333331e+00 1.9980352105355371e+02 -1.8594120119158083e+02
2.0432000000000001e+00 1.9998888512320963e+02 -1.8602683156264979e+02
2.0441966666666667e+00 2.0017433458035339e+02 -1.8611254732120463e+02
2.0451933333333332e+00 2.0035986951013038e+02 -1.8619834855238614e+02
2.0461900000000002e+00 2.0054548999777083e+02 -1.8628423534139847e+02
2.0471866666666667e+00 2.0073119612858977e+02 -1.8637020777360652e+02
2.0481833333333332e+00 2.0091698798798754e+02 -1.8645626593436356e+02
2.0491799999999998e+00 2.0110286566144953e+02 -1.8654240990916261e+02
2.0501766666666668e+00 2.0128882923454648e+02 -1.8662863978359451e+02
2.0511733333333333e+00 2.0147487879293419e+02 -1.8671495564330920e+02
2.0521699999999998e+00 2.0166101442235416e+02 -1.8680135757404588e+02
2.0531666666666668e+00 2.0184723620863332e+02 -1.8688784566159379e+02
2.0541633333333333e+00 2.0203354423768397e+02 -1.8697441999194507e+02
2.0551599999999999e+00 2.0221993859550437e+02 -1.8706108065103746e+02
2.0561566666666664e+00 2.0240641936817838e+02 -1.8714782772496281e+02
2.0571533333333334e+00 2.0259298664187583e+02 -1.8723466129991098e+02
2.0581499999999999e+00 2.0277964050285223e+02 -1.8732158146213078e+02
2.0591466666666665e+00 2.0296638103744931e+02 -1.8740858829793149e+02
2.0601433333333334e+00 2.0315320833209492e+02 -1.8749568189378692e+02
2.0611400000000000e+00 2.0334012247330284e+02 -1.8758286233620282e+02
2.0621366666666665e+00 2.0352712354767337e+02 -1.8767012971173037e+02
2.0631333333333335e+00 2.0371421164189314e+02 -1.8775748410711469e+02
2.0641300000000000e+00 2.0390138684273504e+02 -1.8784492560911801e+02
2.0651266666666666e+00 2.0408864923705869e+02 -1.8793245430459007e+02
2.0661233333333331e+00 2.0427599891181021e+02 -1.8802007028046401e+02
2.0671200000000001e+00 2.0446343595402254e+02 -1.8810777362378565e+02
2.0681166666666666e+00 2.0465096045081518e+02 -1.8819556442168783e+02
2.0691133333333331e+00 2.0483857248939469e+02 -1.8828344276136303e+02
2.0701100000000001e+00 2.0502627215705465e+02 -1.8837140873008445e+02
2.0711066666666667e+00 2.0521405954117540e+02 -1.8845946241528438e+02
2.0721033333333332e+00 2.0540193472922468e+02 -1.8854760390438329e+02
2.0731000000000002e+00 2.0558989780875743e+02 -1.8863583328493962e+02
2.0740966666666667e+00 2.0577794886741563e+02 -1.8872415064462814e+02
2.0750933333333332e+00 2.0596608799292898e+02 -1.8881255607115355e+02
2.0760899999999998e+00 2.0615431527311449e+02 -1.8890104965233326e+02
2.0770866666666667e+00 2.0634263079587689e+02 -1.8898963147608302e+02
2.0780833333333333e+00 2.0653103464920827e+02 -1.8907830163039131e+02
2.0790799999999998e+00 2.0671952692118870e+02 -1.8916706020333396e+02
2.0800766666666668e+00 2.0690810769998615e+02 -1.8925590728306889e+02
2.0810733333333333e+00 2.0709677707385620e+02 -1.8934484295786947e+02
2.0820699999999999e+00 2.0728553513114269e+02 -1.8943386731608257e+02
2.0830666666666668e+00 2.0747438196027758e+02 -1.8952298044612257e+02
2.0840633333333334e+00 2.0766331764978074e+02 -1.8961218243651970e+02
2.0850599999999999e+00 2.0785234228826056e+02 -1.8970147337587679e+02
2.0860566666666664e+00 2.0804145596441370e+02 -1.8979085335288073e+02
2.0870533333333334e+00 2.0823065876702535e+02 -1.8988032245634611e+02
2.0880500000000000e+00 2.0841995078496902e+02 -1.8996988077515960e+02
2.0890466666666665e+00 2.0860933210720705e+02 -1.9005952839820935e+02
2.0900433333333335e+00 2.0879880282279049e+02 -1.9014926541460889e+02
2.0910400000000000e+00 2.0898836302085897e+02 -1.9023909191347309e+02
2.0920366666666665e+00 2.0917801279064119e+02 -1.9032900798403165e+02
2.0930333333333331e+00 2.0936775222145485e+02 -1.9041901371564188e+02
2.0940300000000001e+00 2.0955758140270672e+02 -1.9050910919766028e+02
2.0950266666666666e+00 2.0974750042389243e+02 -1.9059929451957245e+02
2.0960233333333331e+00 2.0993750937459723e+02 -1.9068956977100751e+02
2.0970200000000001e+00 2.1012760834449560e+02 -1.9077993504163550e+02
2.0980166666666666e+00 2.1031779742335121e+02 -1.9087039042119869e+02
2.0990133333333332e+00 2.1050807670101753e+02 -1.9096093599956836e+02
2.1000100000000002e+00 2.1069844626743759e+02 -1.9105157186667142e+02
2.1010066666666667e+00 2.1088890621264386e+02 -1.9114229811253534e+02
2.1020033333333332e+00 2.1107945662675886e+02 -1.9123311482728766e+02
2.1029999999999998e+00 2.1127009759999484e+02 -1.9132402210118389e+02
2.1039966666666667e+00 2.1146082922265418e+02 -1.9141502002446498e+02
2.1049933333333333e+00 2.1165165158512897e+02 -1.9150610868754342e+02
2.1059899999999998e+00 2.1184256477790174e+02 -1.9159728818093160e+02
2.1069866666666668e+00 2.1203356889154523e+02 -1.9168855859517001e+02
2.1079833333333333e+00 2.1222466401672222e+02 -1.9177992002091352e+02
2.1089799999999999e+00 2.1241585024418617e+02 -1.9187137254894520e+02
2.1099766666666668e+00 2.1260712766478105e+02 -1.9196291627007673e+02
2.1109733333333334e+00 2.1279849636944112e+02 -1.9205455127526224e+02
2.1119699999999999e+00 2.1298995644919162e+02 -1.9214627765555568e+02
2.1129666666666664e+00 2.1318150799514845e+02 -1.9223809550201111e+02
2.1139633333333334e+00 2.1337315109851843e+02 -1.9233000490586798e+02
2.1149600000000000e+00 2.1356488585059913e+02 -1.9242200595843693e+02
2.1159566666666665e+00 2.1375671234277934e+02 -1.9251409875107112e+02
2.1169533333333335e+00 2.1394863066653903e+02 -1.9260628337526691e+02
2.1179500000000000e+00 2.1414064091344912e+02 -1.9269855992263442e+02
2.1189466666666665e+00 2.1433274317517211e+02 -1.9279092848478319e+02
2.1199433333333335e+00 2.1452493754346190e+02 -1.9288338915349502e+02
2.1209400000000000e+00 2.1471722411016364e+02 -1.9297594202059386e+02
2.1219366666666666e+00 2.1490960296721425e+02 -1.9306858717801722e+02
2.1229333333333331e+00 2.1510207420664233e+02 -1.9316132471781725e+02
2.1239300000000001e+00 2.1529463792056828e+02 -1.9325415473210353e+02
2.1249266666666666e+00 2.1548729420120409e+02 -1.9334707731308509e+02
2.1259233333333332e+00 2.1568004314085405e+02 -1.9344009255308399e+02
2.1269200000000001e+00 2.1587288483191438e+02 -1.9353320054445271e+02
2.1279166666666667e+00 2.1606581936687323e+02 -1.9362640137969953e+02
2.1289133333333332e+00 2.1625884683831123e+02 -1.9371969515143209e+02
2.1299099999999997e+00 2.1645196733890123e+02 -1.9381308195230116e+02
2.1309066666666667e+00 2.1664518096140858e+02 -1.9390656187507267e+02
2.1319033333333333e+00 2.1683848779869092e+02 -1.9400013501259699e+02
2.1328999999999998e+00 2.1703188794369868e+02 -1.9409380145785195e+02
2.1338966666666668e+00 2.1722538148947498e+02 -1.9418756130383190e+02
2.1348933333333333e+00 2.1741896852915548e+02 -1.9428141464371535e+02
2.1358899999999998e+00 2.1761264915596900e+02 -1.9437536157073643e+02
2.1368866666666668e+00 2.1780642346323728e+02 -1.9446940217818920e+02
2.1378833333333334e+00 2.1800029154437485e+02 -1.9456353655948038e+02
2.1388799999999999e+00 2.1819425349288969e+02 -1.9465776480815796e+02
2.1398766666666664e+00 2.1838830940238293e+02 -1.9475208701778550e+02
2.1408733333333334e+00 2.1858245936654907e+02 -1.9484650328207022e+02
2.1418699999999999e+00 2.1877670347917586e+02 -1.9494101369480376e+02
2.1428666666666665e+00 2.1897104183414478e+02 -1.9503561834987556e+02
2.1438633333333335e+00 2.1916547452543094e+02 -1.9513031734126466e+02
2.1448600000000000e+00 2.1936000164710288e+02 -1.9522511076300503e+02
2.1458566666666665e+00 2.1955462329332320e+02 -1.9531999870927120e+02
2.1468533333333335e+00 2.1974933955834842e+02 -1.9541498127432740e+02
2.1478500000000000e+00 2.1994415053652878e+02 -1.9551005855253570e+02
2.1488466666666666e+00 2.2013905632230887e+02 -1.9560523063834196e+02
2.1498433333333331e+00 2.2033405701022738e+02 -1.9570049762625069e+02
2.1508400000000001e+00 2.2052915269491729e+02 -1.9579585961091070e+02
2.1518366666666666e+00 2.2072434347110575e+02 -1.9589131668709746e+02
2.1528333333333332e+00 2.2091962943361466e+02 -1.9598686894955523e+02
2.1538300000000001e+00 2.2111501067736040e+02 -1.9608251649326178e+02
2.1548266666666667e+00 2.2131048729735375e+02 -1.9617825941317790e+02
2.1558233333333332e+00 2.2150605938870049e+02 -1.9627409780443264e+02
2.1568200000000002e+00 2.2170172704660129e+02 -1.9637003176224650e+02
2.1578166666666667e+00 2.2189749036635143e+02 -1.9646606138189372e+02
2.1588133333333333e+00 2.2209334944334151e+02 -1.9656218675876110e+02
2.1598099999999998e+00 2.2228930437305712e+02 -1.9665840798832252e+02
2.1608066666666668e+00 2.2248535525107917e+02 -1.9675472516618262e+02
2.1618033333333333e+00 2.2268150217308366e+02 -1.9685113838801507e+02
2.1627999999999998e+00 2.2287774523484222e+02 -1.9694764774960447e+02
2.1637966666666668e+00 2.2307408453222200e+02 -1.9704425334679885e+02
2.1647933333333333e+00 2.2327052016118546e+02 -1.9714095527555722e+02
2.1657899999999999e+00 2.2346705221779101e+02 -1.9723775363192166e+02
2.1667866666666664e+00 2.2366368079819276e+02 -1.9733464851209342e+02
2.1677833333333334e+00 2.2386040599864080e+02 -1.9743164001227626e+02
2.1687799999999999e+00 2.2405722791548095e+02 -1.9752872822885666e+02
2.1697766666666665e+00 2.2425414664515534e+02 -1.9762591325826054e+02
2.1707733333333334e+00 2.2445116228420227e+02 -1.9772319519700642e+02
2.1717700000000000e+00 2.2464827492925608e+02 -1.9782057414176629e+02
2.1727666666666665e+00 2.2484548467704766e+02 -1.9791805018923645e+02
2.1737633333333335e+00 2.2504279162440443e+02 -1.9801562343623536e+02
2.1747600000000000e+00 2.2524019586825003e+02 -1.9811329397974833e+02
2.1757566666666666e+00 2.2543769750560509e+02 -1.9821106191674417e+02
2.1767533333333331e+00 2.2563529663358682e+02 -1.9830892734433641e+02
2.1777500000000001e+00 2.2583299334940943e+02 -1.9840689035977013e+02
2.1787466666666666e+00 2.2603078775038375e+02 -1.9850495106031590e+02
2.1797433333333331e+00 2.2622867993391793e+02 -1.9860310954343979e+02
2.1807400000000001e+00 2.2642666999751728e+02 -1.9870136590661645e+02
2.1817366666666667e+00 2.2662475803878402e+02 -1.9879972024743012e+02
2.1827333333333332e+00 2.2682294415541799e+02 -1.9889817266358898e+02
2.1837300000000002e+00 2.2702122844521645e+02 -1.9899672325292445e+02
2.1847266666666667e+00 2.2721961100607390e+02 -1.9909537211327745e+02
2.1857233333333332e+00 2.2741809193598277e+02 -1.9919411934268547e+02
2.1867199999999998e+00 2.2761667133303305e+02 -1.9929296503921765e+02
2.1877166666666668e+00 2.2781534929541269e+02 -1.9939190930106031e+02
2.1887133333333333e+00 2.2801412592140724e+02 -1.9949095222651084e+02
2.1897099999999998e+00 2.2821300130940054e+02 -1.9959009391391848e+02
2.1907066666666668e+00 2.2841197555787451e+02 -1.9968933446182800e+02
2.1917033333333333e+00 2.2861104876540907e+02 -1.9978867396877902e+02
2.1926999999999999e+00 2.2881022103068264e+02 -1.9988811253343431e+02
2.1936966666666669e+00 2.2900949245247207e+02 -1.9998765025459545e+02
2.1946933333333334e+00 2.2920886312965243e+02 -2.0008728723114430e+02
2.1956899999999999e+00 2.2940833316119767e+02 -2.0018702356204471e+02
2.1966866666666665e+00 2.2960790264618035e+02 -2.0028685934636388e+02
2.1976833333333334e+00 2.2980757168377184e+02 -2.0038679468327246e+02
2.1986800000000000e+00 2.3000734037324222e+02 -2.0048682967205150e+02
2.1996766666666665e+00 2.3020720881396076e+02 -2.0058696441206212e+02
2.2006733333333335e+00 2.3040717710539587e+02 -2.0068719900277645e+02
2.2016700000000000e+00 2.3060724534711485e+02 -2.0078753354374646e+02
2.2026666666666666e+00 2.3080741363878457e+02 -2.0088796813467710e+02
2.2036633333333331e+00 2.3100768208017118e+02 -2.0098850287529149e+02
2.2046600000000001e+00 2.3120805077114039e+02 -2.0108913786548774e+02
2.2056566666666666e+00 2.3140851981165727e+02 -2.0118987320521720e+02
2.2066533333333331e+00 2.3160908930178678e+02 -2.0129070899452472e+02
2.2076500000000001e+00 2.3180975934169371e+02 -2.0139164533361017e+02
2.2086466666666666e+00 2.3201053003164242e+02 -2.0149268232272411e+02
2.2096433333333332e+00 2.3221140147199756e+02 -2.0159382006222503e+02
2.2106400000000002e+00 2.3241237376322383e+02 -2.0169505865256960e+02
2.2116366666666667e+00 2.3261344700588586e+02 -2.0179639819436491e+02
2.2126333333333332e+00 2.3281462130064884e+02 -2.0189783878824227e+02
2.2136299999999998e+00 2.3301589674827821e+02 -2.0199938053493713e+02
2.2146266666666667e+00 2.3321727344963998e+02 -2.0210102353536038e+02
2.2156233333333333e+00 2.3341875150570050e+02 -2.0220276789050428e+02
2.2166199999999998e+00 2.3362033101752709e+02 -2.0230461370138252e+02
2.2176166666666668e+00 2.3382201208628780e+02 -2.0240656106916518e+02
2.2186133333333333e+00 2.3402379481325130e+02 -2.0250861009512954e+02
2.2196099999999999e+00 2.3422567929978754e+02 -2.0261076088067421e+02
2.2206066666666668e+00 2.3442766564736755e+02 -2.0271301352725459e+02
2.2216033333333334e+00 2.3462975395756325e+02 -2.0281536813641890e+02
2.2225999999999999e+00 2.3483194433204812e+02 -2.0291782480985310e+02
2.2235966666666664e+00 2.3503423687259692e+02 -2.0302038364934768e+02
2.2245933333333334e+00 2.3523663168108604e+02 -2.0312304475676942e+02
2.2255900000000000e+00 2.3543912885949314e+02 -2.0322580823409425e+02
2.2265866666666665e+00 2.3564172850989783e+02 -2.0332867418337617e+02
2.2275833333333335e+00 2.3584443073448151e+02 -2.0343164270684099e+02
2.2285800000000000e+00 2.3604723563552727e+02 -2.0353471390677845e+02
2.2295766666666665e+00 2.3625014331542042e+02 -2.0363788788551315e+02
2.2305733333333335e+00 2.3645315387664832e+02 -2.0374116474557061e+02
2.2315700000000001e+00 2.3665626742180029e+02 -2.0384454458955409e+02
2.2325666666666666e+00 2.3685948405356825e+02 -2.0394802752013305e+02
2.2335633333333331e+00 2.3706280387474641e+02 -2.0405161364011022e+02
2.2345600000000001e+00 2.3726622698823155e+02 -2.0415530305237948e+02
2.2355566666666666e+00 2.3746975349702282e+02 -2.0425909585991485e+02
2.2365533333333332e+00 2.3767338350422233e+02 -2.0436299216588179e+02
2.2375500000000001e+00 2.3787711711303498e+02 -2.0446699207341945e+02
2.2385466666666667e+00 2.3808095442676833e+02 -2.0457109568585815e+02
2.2395433333333332e+00 2.3828489554883325e+02 -2.0467530310666552e+02
2.2405399999999998e+00 2.3848894058274362e+02 -2.0477961443927174e+02
2.2415366666666667e+00 2.3869308963211660e+02 -2.0488402978728391e+02
2.2425333333333333e+00 2.3889734280067239e+02 -2.0498854925450297e+02
2.2435299999999998e+00 2.3910170019223497e+02 -2.0509317294472135e+02
2.2445266666666668e+00 2.3930616191073182e+02 -2.0519790096184855e+02
2.2455233333333333e+00 2.3951072806019371e+02 -2.0530273340992790e+02
2.2465199999999999e+00 2.3971539874475553e+02 -2.0540767039307954e+02
2.2475166666666668e+00 2.3992017406865591e+02 -2.0551271201556969e+02
2.2485133333333334e+00 2.4012505413623720e+02 -2.0561785838172679e+02
2.2495099999999999e+00 2.4033003905194607e+02 -2.0572310959600185e+02
2.2505066666666664e+00 2.4053512892033325e+02 -2.0582846576290862e+02
2.2515033333333334e+00 2.4074032384605377e+02 -2.0593392698716681e+02
2.2524999999999999e+00 2.4094562393386681e+02 -2.0603949337349005e+02
2.2534966666666665e+00 2.4115102928863624e+02 -2.0614516502673925e+02
2.2544933333333335e+00 2.4135654001533049e+02 -2.0625094205192264e+02
2.2554900000000000e+00 2.4156215621902246e+02 -2.0635682455408156e+02
2.2564866666666665e+00 2.4176787800489001e+02 -2.0646281263840487e+02
2.2574833333333335e+00 2.4197370547821595e+02 -2.0656890641015750e+02
2.2584800000000000e+00 2.4217963874438774e+02 -2.0667510597475174e+02
2.2594766666666666e+00 2.4238567790889826e+02 -2.0678141143767874e+02
2.2604733333333331e+00 2.4259182307734542e+02 -2.0688782290450752e+02
2.2614700000000001e+00 2.4279807435543259e+02 -2.0699434048097058e+02
2.2624666666666666e+00 2.4300443184896821e+02 -2.0710096427286507e+02
2.2634633333333332e+00 2.4321089566386655e+02 -2.0720769438609224e+02
2.2644600000000001e+00 2.4341746590614750e+02 -2.0731453092673027e+02
2.2654566666666667e+00 2.4362414268193638e+02 -2.0742147400081871e+02
2.2664533333333332e+00 2.4383092609746456e+02 -2.0752852371464343e+02
2.2674500000000002e+00 2.4403781625906939e+02 -2.0763568017453969e+02
2.2684466666666667e+00 2.4424481327319398e+02 -2.0774294348691757e+02
2.2694433333333333e+00 2.4445191724638786e+02 -2.0785031375838017e+02
2.2704399999999998e+00 2.4465912828530671e+02 -2.0795779109553720e+02
2.2714366666666668e+00 2.4486644649671263e+02 -2.0806537560514835e+02
2.2724333333333333e+00 2.4507387198747389e+02 -2.0817306739412285e+02
2.2734299999999998e+00 2.4528140486456570e+02 -2.0828086656941636e+02
2.2744266666666668e+00 2.4548904523506985e+02 -2.0838877323809163e+02
2.2754233333333334e+00 2.4569679320617465e+02 -2.0849678750735734e+02
2.2764199999999999e+00 2.4590464888517556e+02 -2.0860490948451110e+02
2.2774166666666669e+00 2.4611261237947508e+02 -2.0871313927692964e+02
2.2784133333333334e+00 2.4632068379658247e+02 -2.0882147699214951e+02
2.2794099999999999e+00 2.4652886324411452e+02 -2.0892992273778566e+02
2.2804066666666665e+00 2.4673715082979521e+02 -2.0903847662154570e+02
2.2814033333333334e+00 2.4694554666145609e+02 -2.0914713875130192e+02
2.2824000000000000e+00 2.4715405084703588e+02 -2.0925590923491896e+02
2.2833966666666665e+00 2.4736266349458120e+02 -2.0936478818049230e+02
2.2843933333333335e+00 2.4757138471224647e+02 -2.0947377569618340e+02
2.2853900000000000e+00 2.4778021460829368e+02 -2.0958287189024176e+02
2.2863866666666666e+00 2.4798915329109303e+02 -2.0969207687103761e+02
2.2873833333333331e+00 2.4819820086912267e+02 -2.0980139074704866e+02
2.2883800000000001e+00 2.4840735745096907e+02 -2.0991081362684611e+02
2.2893766666666666e+00 2.4861662314532663e+02 -2.1002034561914999e+02
2.2903733333333332e+00 2.4882599806099847e+02 -2.1012998683276845e+02
2.2913700000000001e+00 2.4903548230689620e+02 -2.1023973737656192e+02
2.2923666666666667e+00 2.4924507599203969e+02 -2.1034959735960692e+02
2.2933633333333332e+00 2.4945477922555787e+02 -2.1045956689101070e+02
2.2943600000000002e+00 2.4966459211668848e+02 -2.1056964608000476e+02
2.2953566666666667e+00 2.4987451477477791e+02 -2.1067983503596503e+02
2.2963533333333332e+00 2.5008454730928185e+02 -2.1079013386828794e+02
2.2973499999999998e+00 2.5029468982976499e+02 -2.1090054268657735e+02
2.2983466666666668e+00 2.5050494244590146e+02 -2.1101106160054584e+02
2.2993433333333333e+00 2.5071530526747446e+02 -2.1112169071991158e+02
2.3003399999999998e+00 2.5092577840437690e+02 -2.1123243015457962e+02
2.3013366666666668e+00 2.5113636196661125e+02 -2.1134328001456626e+02
2.3023333333333333e+00 2.5134705606428946e+02 -2.1145424041000317e+02
2.3033299999999999e+00 2.5155786080763355e+02 -2.1156531145106615e+02
2.3043266666666669e+00 2.5176877630697538e+02 -2.1167649324812800e+02
2.3053233333333334e+00 2.5197980267275662e+02 -2.1178778591160574e+02
2.3063199999999999e+00 2.5219094001552932e+02 -2.1189918955205002e+02
2.3073166666666665e+00 2.5240218844595566e+02 -2.1201070428013438e+02
2.3083133333333334e+00 2.5261354807480831e+02 -2.1212233020664090e+02
2.3093100000000000e+00 2.5282501901297007e+02 -2.1223406744245719e+02
2.3103066666666665e+00 2.5303660137143464e+02 -2.1234591609852836e+02
2.3113033333333335e+00 2.5324829526130631e+02 -2.1245787628598353e+02
2.3123000000000000e+00 2.5346010079379997e+02 -2.1256994811606660e+02
2.3132966666666666e+00 2.5367201808024166e+02 -2.1268213170009329e+02
2.3142933333333335e+00 2.5388404723206841e+02 -2.1279442714946379e+02
2.3152900000000001e+00 2.5409618836082811e+02 -2.1290683457576421e+02
2.3162866666666666e+00 2.5430844157818018e+02 -2.1301935409064262e+02
2.3172833333333331e+00 2.5452080699589524e+02 -2.1313198580588471e+02
2.3182800000000001e+00 2.5473328472585553e+02 -2.1324472983332834e+02
2.3192766666666667e+00 2.5494587488005445e+02 -2.1335758628498724e+02
2.3202733333333332e+00 2.5515857757059749e+02 -2.1347055527300370e+02
2.3212700000000002e+00 2.5537139290970185e+02 -2.1358363690954843e+02
2.3222666666666667e+00 2.5558432100969637e+02 -2.1369683130694887e+02
2.3232633333333332e+00 2.5579736198302220e+02 -2.1381013857769403e+02
2.3242599999999998e+00 2.5601051594223247e+02 -2.1392355883432532e+02
2.3252566666666667e+00 2.5622378299999275e+02 -2.1403709218947938e+02
2.3262533333333333e+00 2.5643716326908049e+02 -2.1415073875589718e+02
2.3272499999999998e+00 2.5665065686238603e+02 -2.1426449864653310e+02
2.3282466666666668e+00 2.5686426389291222e+02 -2.1437837197442818e+02
2.3292433333333333e+00 2.5707798447377434e+02 -2.1449235885262286e+02
2.3302399999999999e+00 2.5729181871820072e+02 -2.1460645939432791e+02
2.3312366666666668e+00 2.5750576673953259e+02 -2.1472067371292678e+02
2.3322333333333334e+00 2.5771982865122391e+02 -2.1483500192191616e+02
2.3332299999999999e+00 2.5793400456684213e+02 -2.1494944413478262e+02
2.3342266666666664e+00 2.5814829460006780e+02 -2.1506400046522236e+02
2.3352233333333334e+00 2.5836269886469489e+02 -2.1517867102708470e+02
2.3362200000000000e+00 2.5857721747463057e+02 -2.1529345593423690e+02
2.3372166666666665e+00 2.5879185054389598e+02 -2.1540835530068776e+02
2.3382133333333335e+00 2.5900659818662581e+02 -2.1552336924059119e+02
2.3392100000000000e+00 2.5922146051706829e+02 -2.1563849786818531e+02
2.3402066666666665e+00 2.5943643764958597e+02 -2.1575374129782088e+02
2.3412033333333335e+00 2.5965152969865539e+02 -2.1586909964402267e+02
2.3422000000000001e+00 2.5986673677886694e+02 -2.1598457302137109e+02
2.3431966666666666e+00 2.6008205900492555e+02 -2.1610016154449286e+02
2.3441933333333331e+00 2.6029749649165046e+02 -2.1621586532828195e+02
2.3451900000000001e+00 2.6051304935397548e+02 -2.1633168448770022e+02
2.3461866666666666e+00 2.6072871770694877e+02 -2.1644761913772712e+02
2.3471833333333332e+00 2.6094450166573347e+02 -2.1656366939353987e+02
2.3481800000000002e+00 2.6116040134560757e+02 -2.1667983537040539e+02
2.3491766666666667e+00 2.6137641686196372e+02 -2.1679611718375938e+02
2.3501733333333332e+00 2.6159254833030985e+02 -2.1691251494906405e+02
2.3511700000000002e+00 2.6180879586626924e+02 -2.1702902878198560e+02
2.3521666666666667e+00 2.6202515958558001e+02 -2.1714565879827364e+02
2.3531633333333333e+00 2.6224163960409612e+02 -2.1726240511372353e+02
2.3541599999999998e+00 2.6245823603778683e+02 -2.1737926784431286e+02
2.3551566666666668e+00 2.6267494900273721e+02 -2.1749624710614469e+02
2.3561533333333333e+00 2.6289177861514776e+02 -2.1761334301545330e+02
2.3571499999999999e+00 2.6310872499133524e+02 -2.1773055568852720e+02
2.3581466666666668e+00 2.6332578824773225e+02 -2.1784788524174624e+02
2.3591433333333334e+00 2.6354296850088724e+02 -2.1796533179174384e+02
2.3601399999999999e+00 2.6376026586746525e+02 -2.1808289545514219e+02
2.3611366666666664e+00 2.6397768046424750e+02 -2.1820057634871711e+02
2.3621333333333334e+00 2.6419521240813174e+02 -2.1831837458939927e+02
2.3631300000000000e+00 2.6441286181613202e+02 -2.1843629029413566e+02
2.3641266666666665e+00 2.6463062880537933e+02 -2.1855432358015543e+02
2.3651233333333335e+00 2.6484851349312157e+02 -2.1867247456463735e+02
2.3661200000000000e+00 2.6506651599672313e+02 -2.1879074336495637e+02
2.3671166666666665e+00 2.6528463643366575e+02 -2.1890913009859793e+02
2.3681133333333335e+00 2.6550287492154837e+02 -2.1902763488314037e+02
2.3691100000000000e+00 2.6572123157808687e+02 -2.1914625783635779e+02
2.3701066666666666e+00 2.6593970652111489e+02 -2.1926499907606950e+02
2.3711033333333331e+00 2.6615829986858330e+02 -2.1938385872016369e+02
2.3721000000000001e+00 2.6637701173856078e+02 -2.1950283688674037e+02
2.3730966666666666e+00 2.6659584224923350e+02 -2.1962193369403010e+02
2.3740933333333332e+00 2.6681479151890568e+02 -2.1974114926028773e+02
2.3750900000000001e+00 2.6703385966599956e+02 -2.1986048370391904e+02
2.3760866666666667e+00 2.6725304680905521e+02 -2.1997993714355368e+02
2.3770833333333332e+00 2.6747235306673110e+02 -2.2009950969778859e+02
2.3780800000000002e+00 2.6769177855780407e+02 -2.2021920148534340e+02
2.3790766666666667e+00 2.6791132340116917e+02 -2.2033901262524705e+02
2.3800733333333333e+00 2.6813098771584021e+02 -2.2045894323640201e+02
2.3810699999999998e+00 2.6835077162094956e+02 -2.2057899343795097e+02
2.3820666666666668e+00 2.6857067523574858e+02 -2.2069916334922098e+02
2.3830633333333333e+00 2.6879069867960720e+02 -2.2081945308952606e+02
2.3840599999999998e+00 2.6901084207201467e+02 -2.2093986277834654e+02
2.3850566666666668e+00 2.6923110553257936e+02 -2.2106039253531517e+02
2.3860533333333334e+00 2.6945148918102871e+02 -2.2118104248017389e+02
2.3870499999999999e+00 2.6967199313720977e+02 -2.2130181273271634e+02
2.3880466666666669e+00 2.6989261752108911e+02 -2.2142270341294636e+02
2.3890433333333334e+00 2.7011336245275260e+02 -2.2154371464094800e+02
2.3900399999999999e+00 2.7033422805240622e+02 -2.2166484653690631e+02
2.3910366666666665e+00 2.7055521444037566e+02 -2.2178609922119040e+02
2.3920333333333335e+00 2.7077632173710668e+02 -2.2190747281421133e+02
2.3930300000000000e+00 2.7099755006316491e+02 -2.2202896743650948e+02
2.3940266666666665e+00 2.7121889953923647e+02 -2.2215058320887593e+02
2.3950233333333335e+00 2.7144037028612786e+02 -2.2227232025199970e+02
2.3960200000000000e+00 2.7166196242476570e+02 -2.2239417868684856e+02
2.3970166666666666e+00 2.7188367607619750e+02 -2.2251615863449146e+02
2.3980133333333331e+00 2.7210551136159131e+02 -2.2263826021606735e+02
2.3990100000000001e+00 2.7232746840223626e+02 -2.2276048355287170e+02
2.4000066666666666e+00 2.7254954731954194e+02 -2.2288282876632880e+02
2.4010033333333332e+00 2.7277174823503947e+02 -2.2300529597797092e+02
2.4020000000000001e+00 2.7299407127038108e+02 -2.2312788530942825e+02
2.4029966666666667e+00 2.7321651654734006e+02 -2.2325059688252452e+02
2.4039933333333332e+00 2.7343908418781132e+02 -2.2337343081907665e+02
2.4049900000000002e+00 2.7366177431381141e+02 -2.2349638724111455e+02
2.4059866666666667e+00 2.7388458704747819e+02 -2.2361946627083250e+02
2.4069833333333333e+00 2.7410752251107164e+02 -2.2374266803046780e+02
2.4079799999999998e+00 2.7433058082697357e+02 -2.2386599264238583e+02
2.4089766666666668e+00 2.7455376211768794e+02 -2.2398944022910879e+02
2.4099733333333333e+00 2.7477706650584048e+02 -2.2411301091323017e+02
2.4109699999999998e+00 2.7500049411417962e+02 -2.2423670481756452e+02
2.4119666666666668e+00 2.7522404506557615e+02 -2.2436052206491226e+02
2.4129633333333333e+00 2.7544771948302298e+02 -2.2448446277826611e+02
2.4139599999999999e+00 2.7567151748963607e+02 -2.2460852708081106e+02
2.4149566666666669e+00 2.7589543920865412e+02 -2.2473271509574710e+02
2.4159533333333334e+00 2.7611948476343844e+02 -2.2485702694638056e+02
2.4169499999999999e+00 2.7634365427747355e+02 -2.2498146275628852e+02
2.4179466666666665e+00 2.7656794787436718e+02 -2.2510602264906254e+02
2.4189433333333334e+00 2.7679236567785028e+02 -2.2523070674833761e+02
2.4199400000000000e+00 2.7701690781177695e+02 -2.2535551517807590e+02
2.4209366666666665e+00 2.7724157440012499e+02 -2.2548044806226051e+02
2.4219333333333335e+00 2.7746636556699599e+02 -2.2560550552489016e+02
2.4229300000000000e+00 2.7769128143661487e+02 -2.2573068769026952e+02
2.4239266666666666e+00 2.7791632213333071e+02 -2.2585599468275186e+02
2.4249233333333335e+00 2.7814148778161666e+02 -2.2598142662673570e+02
2.4259200000000001e+00 2.7836677850606964e+02 -2.2610698364689617e+02
2.4269166666666666e+00 2.7859219443141114e+02 -2.2623266586792207e+02
2.4279133333333331e+00 2.7881773568248695e+02 -2.2635847341471657e+02
2.4289100000000001e+00 2.7904340238426744e+02 -2.2648440641217002e+02
2.4299066666666667e+00 2.7926919466184717e+02 -2.2661046498535671e+02
2.4309033333333332e+00 2.7949511264044588e+02 -2.2673664925957070e+02
2.4319000000000002e+00 2.7972115644540810e+02 -2.2686295936015185e+02
2.4328966666666667e+00 2.7994732620220316e+02 -2.2698939541254546e+02
2.4338933333333332e+00 2.8017362203642563e+02 -2.2711595754235236e+02
2.4348899999999998e+00 2.8040004407379536e+02 -2.2724264587527432e+02
2.4358866666666668e+00 2.8062659244015765e+02 -2.2736946053717139e+02
2.4368833333333333e+00 2.8085326726148293e+02 -2.2749640165403082e+02
2.4378799999999998e+00 2.8108006866386751e+02 -2.2762346935191556e+02
2.4388766666666668e+00 2.8130699677353357e+02 -2.2775066375705040e+02
2.4398733333333333e+00 2.8153405171682874e+02 -2.2787798499582158e+02
2.4408699999999999e+00 2.8176123362022696e+02 -2.2800543319469125e+02
2.4418666666666669e+00 2.8198854261032835e+02 -2.2813300848019804e+02
2.4428633333333334e+00 2.8221597881385890e+02 -2.2826071097918444e+02
2.4438599999999999e+00 2.8244354235767133e+02 -2.2838854081839148e+02
2.4448566666666665e+00 2.8267123336874465e+02 -2.2851649812483251e+02
2.4458533333333334e+00 2.8289905197418472e+02 -2.2864458302565166e+02
2.4468500000000000e+00 2.8312699830122375e+02 -2.2877279564800511e+02
2.4478466666666665e+00 2.8335507247722114e+02 -2.2890113611935249e+02
2.4488433333333335e+00 2.8358327462966332e+02 -2.2902960456711710e+02
2.4498400000000000e+00 2.8381160488616348e+02 -2.2915820111891131e+02
2.4508366666666666e+00 2.8404006337446248e+02 -2.2928692590250827e+02
2.4518333333333335e+00 2.8426865022242845e+02 -2.2941577904573074e+02
2.4528300000000001e+00 2.8449736555805669e+02 -2.2954476067659027e+02
2.4538266666666666e+00 2.8472620950947055e+02 -2.2967387092322471e+02
2.4548233333333331e+00 2.8495518220492102e+02 -2.2980310991387378e+02
2.4558200000000001e+00 2.8518428377278701e+02 -2.2993247777693665e+02
2.4568166666666666e+00 2.8541351434157525e+02 -2.3006197464093847e+02
2.4578133333333332e+00 2.8564287403992080e+02 -2.3019160063442166e+02
2.4588100000000002e+00 2.8587236299658696e+02 -2.3032135588620761e+02
2.4598066666666667e+00 2.8610198134046527e+02 -2.3045124052522053e+02
2.4608033333333332e+00 2.8633172920057604e+02 -2.3058125468043033e+02
2.4618000000000002e+00 2.8656160670606823e+02 -2.3071139848100100e+02
2.4627966666666667e+00 2.8679161398621926e+02 -2.3084167205619889e+02
2.4637933333333333e+00 2.8702175117043578e+02 -2.3097207553550135e+02
2.4647899999999998e+00 2.8725201838825336e+02 -2.3110260904837449e+02
2.4657866666666668e+00 2.8748241576933691e+02 -2.3123327272444428e+02
2.4667833333333333e+00 2.8771294344348019e+02 -2.3136406669357609e+02
2.4677799999999999e+00 2.8794360154060683e+02 -2.3149499108570879e+02
2.4687766666666668e+00 2.8817439019077000e+02 -2.3162604603083386e+02
2.4697733333333334e+00 2.8840530952415213e+02 -2.3175723165915872e+02
2.4707699999999999e+00 2.8863635967106592e+02 -2.3188854810098752e+02
2.4717666666666664e+00 2.8886754076195382e+02 -2.3201999548678410e+02
2.4727633333333334e+00 2.8909885292738846e+02 -2.3215157394711622e+02
2.4737600000000000e+00 2.8933029629807237e+02 -2.3228328361267597e+02
2.4747566666666665e+00 2.8956187100483879e+02 -2.3241512461428584e+02
2.4757533333333335e+00 2.8979357717865133e+02 -2.3254709708293581e+02
2.4767500000000000e+00 2.9002541495060393e+02 -2.3267920114974612e+02
2.4777466666666665e+00 2.9025738445192155e+02 -2.3281143694582377e+02
2.4787433333333335e+00 2.9048948581395996e+02 -2.3294380460264401e+02
2.4797400000000001e+00 2.9072171916820565e+02 -2.3307630425169776e+02
2.4807366666666666e+00 2.9095408464627661e+02 -2.3320893602451443e+02
2.4817333333333331e+00 2.9118658237992179e+02 -2.3334170005286992e+02
2.4827300000000001e+00 2.9141921250102178e+02 -2.3347459646867267e+02
2.4837266666666666e+00 2.9165197514158825e+02 -2.3360762540392676e+02
2.4847233333333332e+00 2.9188487043376495e+02 -2.3374078699082236e+02
2.4857200000000002e+00 2.9211789850982728e+02 -2.3387408136154832e+02
2.4867166666666667e+00 2.9235105950218224e+02 -2.3400750864850778e+02
2.4877133333333332e+00 2.9258435354336928e+02 -2.3414106898434704e+02
2.4887100000000002e+00 2.9281778076605985e+02 -2.3427476250165441e+02
2.4897066666666667e+00 2.9305134130305754e+02 -2.3440858933320379e+02
2.4907033333333333e+00 2.9328503528729851e+02 -2.3454254961200706e+02
2.4916999999999998e+00 2.9351886285185157e+02 -2.3467664347115186e+02
2.4926966666666668e+00 2.9375282412991822e+02 -2.3481087104374507e+02
2.4936933333333333e+00 2.9398691925483246e+02 -2.3494523246315924e+02
2.4946899999999999e+00 2.9422114836006159e+02 -2.3507972786289574e+02
2.4956866666666668e+00 2.9445551157920596e+02 -2.3521435737651288e+02
2.4966833333333334e+00 2.9469000904599886e+02 -2.3534912113778276e+02
2.4976799999999999e+00 2.9492464089430729e+02 -2.3548401928054847e+02
2.4986766666666669e+00 2.9515940725813164e+02 -2.3561905193876800e+02
2.4996733333333334e+00 2.9539430827160567e+02 -2.3575421924664099e+02
2.5006699999999999e+00 2.9562934406899723e+02 -2.3588952133846217e+02
2.5016666666666665e+00 2.9586451478470786e+02 -2.3602495834854534e+02
2.5026633333333335e+00 2.9609982055327333e+02 -2.3616053041142362e+02
2.5036600000000000e+00 2.9633526150936314e+02 -2.3629623766186717e+02
2.5046566666666665e+00 2.9657083778778150e+02 -2.3643208023460252e+02
2.5056533333333335e+00 2.9680654952346697e+02 -2.3656805826455766e+02
2.5066500000000000e+00 2.9704239685149241e+02 -2.3670417188690215e+02
2.5076466666666666e+00 2.9727837990706564e+02 -2.3684042123672856e+02
2.5086433333333331e+00 2.9751449882552924e+02 -2.3697680644946269e+02
2.5096400000000001e+00 2.9775075374236081e+02 -2.3711332766052249e+02
2.5106366666666666e+00 2.9798714479317266e+02 -2.3724998500550473e+02
2.5116333333333332e+00 2.9822367211371278e+02 -2.3738677862024770e+02
2.5126300000000001e+00 2.9846033583986451e+02 -2.3752370864056394e+02
2.5136266666666667e+00 2.9869713610764626e+02 -2.3766077520250704e+02
2.5146233333333332e+00 2.9893407305321250e+02 -2.3779797844222830e+02
2.5156200000000002e+00 2.9917114681285346e+02 -2.3793531849596857e+02
2.5166166666666667e+00 2.9940835752299483e+02 -2.3807279550018049e+02
2.5176133333333333e+00 2.9964570532019883e+02 -2.3821040959149596e+02
2.5186099999999998e+00 2.9988319034116364e+02 -2.3834816090653865e+02
2.5196066666666668e+00 3.0012081272272388e+02 -2.3848604958212411e+02
2.5206033333333333e+00 3.0035857260185031e+02 -2.3862407575527538e+02
2.5215999999999998e+00 3.0059647011565062e+02 -2.3876223956308419e+02
2.5225966666666668e+00 3.0083450540136909e+02 -2.3890054114276157e+02
2.5235933333333334e+00 3.0107267859638671e+02 -2.3903898063175828e+02
2.5245899999999999e+00 3.0131098983822170e+02 -2.3917755816756500e+02
2.5255866666666669e+00 3.0154943926452938e+02 -2.3931627388782090e+02
2.5265833333333334e+00 3.0178802701310207e+02 -2.3945512793031889e+02
2.5275799999999999e+00 3.0202675322186974e+02 -2.3959412043297345e+02
2.5285766666666665e+00 3.0226561802889984e+02 -2.3973325153386264e+02
2.5295733333333335e+00 3.0250462157239758e+02 -2.3987252137119995e+02
2.5305700000000000e+00 3.0274376399070576e+02 -2.4001193008334874e+02
2.5315666666666665e+00 3.0298304542230534e+02 -2.4015147780879701e+02
2.5325633333333335e+00 3.0322246600581536e+02 -2.4029116468609720e+02
2.5335600000000000e+00 3.0346202587999284e+02 -2.4043099085406871e+02
2.5345566666666666e+00 3.0370172518373346e+02 -2.4057095645159873e+02
2.5355533333333335e+00 3.0394156405607140e+02 -2.4071106161766753e+02
2.5365500000000001e+00 3.0418154263617907e+02 -2.4085130649149394e+02
2.5375466666666666e+00 3.0442166106336816e+02 -2.4099169121238910e+02
2.5385433333333332e+00 3.0466191947708904e+02 -2.4113221591982850e+02
2.5395400000000001e+00 3.0490231801693125e+02 -2.4127288075330938e+02
2.5405366666666667e+00 3.0514285682262317e+02 -2.4141368585267784e+02
2.5415333333333332e+00 3.0538353603403300e+02 -2.4155463135773317e+02
2.5425300000000002e+00 3.0562435579116823e+02 -2.4169571740845407e+02
2.5435266666666667e+00 3.0586531623417574e+02 -2.4183694414508608e+02
2.5445233333333332e+00 3.0610641750334241e+02 -2.4197831170785258e+02
2.5455199999999998e+00 3.0634765973909498e+02 -2.4211982023714137e+02
2.5465166666666668e+00 3.0658904308200022e+02 -2.4226146987359093e+02
2.5475133333333333e+00 3.0683056767276486e+02 -2.4240326075787448e+02
2.5485099999999998e+00 3.0707223365223621e+02 -2.4254519303084527e+02
2.5495066666666668e+00 3.0731404116140203e+02 -2.4268726683350988e+02
2.5505033333333333e+00 3.0755599034139033e+02 -2.4282948230696903e+02
2.5514999999999999e+00 3.0779808133347018e+02 -2.4297183959250370e+02
2.5524966666666669e+00 3.0804031427905159e+02 -2.4311433883151960e+02
2.5534933333333334e+00 3.0828268931968512e+02 -2.4325698016557408e+02
2.5544899999999999e+00 3.0852520659706289e+02 -2.4339976373634406e+02
2.5554866666666665e+00 3.0876786625301816e+02 -2.4354268968564330e+02
2.5564833333333334e+00 3.0901066842952571e+02 -2.4368575815547970e+02
2.5574800000000000e+00 3.0925361326870171e+02 -2.4382896928806630e+02
2.5584766666666665e+00 3.0949670091280427e+02 -2.4397232322545338e+02
2.5594733333333335e+00 3.0973993150423325e+02 -2.4411582011015940e+02
2.5604700000000000e+00 3.0998330518553036e+02 -2.4425946008476839e+02
2.5614666666666666e+00 3.1022682209937966e+02 -2.4440324329187186e+02
2.5624633333333335e+00 3.1047048238860754e+02 -2.4454716987433105e+02
2.5634600000000001e+00 3.1071428619618246e+02 -2.4469123997512892e+02
2.5644566666666666e+00 3.1095823366521586e+02 -2.4483545373739625e+02
2.5654533333333331e+00 3.1120232493896162e+02 -2.4497981130431558e+02
2.5664500000000001e+00 3.1144656016081666e+02 -2.4512431281932126e+02
2.5674466666666667e+00 3.1169093947432054e+02 -2.4526895842596667e+02
2.5684433333333332e+00 3.1193546302315633e+02 -2.4541374826795501e+02
2.5694400000000002e+00 3.1218013095115032e+02 -2.4555868248906063e+02
2.5704366666666667e+00 3.1242494340227194e+02 -2.4570376123326460e+02
2.5714333333333332e+00 3.1266990052063443e+02 -2.4584898464466906e+02
2.5724300000000002e+00 3.1291500245049480e+02 -2.4599435286759049e+02
2.5734266666666668e+00 3.1316024933625357e+02 -2.4613986604640928e+02
2.5744233333333333e+00 3.1340564132245561e+02 -2.4628552432562415e+02
2.5754199999999998e+00 3.1365117855378975e+02 -2.4643132784992935e+02
2.5764166666666668e+00 3.1389686117508921e+02 -2.4657727676421382e+02
2.5774133333333333e+00 3.1414268933133138e+02 -2.4672337121342869e+02
2.5784099999999999e+00 3.1438866316763847e+02 -2.4686961134264462e+02
2.5794066666666668e+00 3.1463478282927741e+02 -2.4701599729720562e+02
2.5804033333333334e+00 3.1488104846165970e+02 -2.4716252922251849e+02
2.5813999999999999e+00 3.1512746021034218e+02 -2.4730920726407987e+02
2.5823966666666665e+00 3.1537401822102663e+02 -2.4745603156761004e+02
2.5833933333333334e+00 3.1562072263956026e+02 -2.4760300227896875e+02
2.5843900000000000e+00 3.1586757361193543e+02 -2.4775011954416152e+02
2.5853866666666665e+00 3.1611457128429038e+02 -2.4789738350934257e+02
2.5863833333333335e+00 3.1636171580290915e+02 -2.4804479432076860e+02
2.5873800000000000e+00 3.1660900731422117e+02 -2.4819235212481638e+02
2.5883766666666665e+00 3.1685644596480228e+02 -2.4834005706812411e+02
2.5893733333333335e+00 3.1710403190137453e+02 -2.4848790929746258e+02
2.5903700000000001e+00 3.1735176527080591e+02 -2.4863590895957893e+02
2.5913666666666666e+00 3.1759964622011120e+02 -2.4878405620156593e+02
2.5923633333333331e+00 3.1784767489645162e+02 -2.4893235117059854e+02
2.5933600000000001e+00 3.1809585144713532e+02 -2.4908079401393417e+02
2.5943566666666666e+00 3.1834417601961695e+02 -2.4922938487900436e+02
2.5953533333333332e+00 3.1859264876149854e+02 -2.4937812391350201e+02
2.5963500000000002e+00 3.1884126982052931e+02 -2.4952701126513958e+02
2.5973466666666667e+00 3.1909003934460549e+02 -2.4967604708180474e+02
2.5983433333333332e+00 3.1933895748177116e+02 -2.4982523151153245e+02
2.5993400000000002e+00 3.1958802438021786e+02 -2.4997456470246300e+02
2.6003366666666667e+00 3.1983724018828474e+02 -2.5012404680305460e+02
2.6013333333333333e+00 3.2008660505445914e+02 -2.5027367796173985e+02
2.6023299999999998e+00 3.2033611912737638e+02 -2.5042345832711931e+02
2.6033266666666668e+00 3.2058578255582006e+02 -2.5057338804801950e+02
2.6043233333333333e+00 3.2083559548872188e+02 -2.5072346727338342e+02
2.6053199999999999e+00 3.2108555807516228e+02 -2.5087369615221490e+02
2.6063166666666668e+00 3.2133567046437037e+02 -2.5102407483379534e+02
2.6073133333333334e+00 3.2158593280572387e+02 -2.5117460346758136e+02
2.6083099999999999e+00 3.2183634524874964e+02 -2.5132528220294691e+02
2.6093066666666669e+00 3.2208690794312366e+02 -2.5147611118963025e+02
2.6103033333333334e+00 3.2233762103867093e+02 -2.5162709057751565e+02
2.6113000000000000e+00 3.2258848468536610e+02 -2.5177822051651754e+02
2.6122966666666665e+00 3.2283949903333325e+02 -2.5192950115677661e+02
2.6132933333333335e+00 3.2309066423284628e+02 -2.5208093264851740e+02
2.6142900000000000e+00 3.2334198043432860e+02 -2.5223251514222272e+02
2.6152866666666665e+00 3.2359344778835407e+02 -2.5238424878849227e+02
2.6162833333333335e+00 3.2384506644564652e+02 -2.5253613373800607e+02
2.6172800000000001e+00 3.2409683655707983e+02 -2.5268817014161772e+02
2.6182766666666666e+00 3.2434875827367864e+02 -2.5284035815035367e+02
2.6192733333333331e+00 3.2460083174661804e+02 -2.5299269791543804e+02
2.6202700000000001e+00 3.2485305712722408e+02 -2.5314518958815100e+02
2.6212666666666666e+00 3.2510543456697326e+02 -2.5329783332000198e+02
2.6222633333333332e+00 3.2535796421749359e+02 -2.5345062926264501e+02
2.6232600000000001e+00 3.2561064623056416e+02 -2.5360357756778757e+02
2.6242566666666667e+00 3.2586348075811509e+02 -2.5375667838733833e+02
2.6252533333333332e+00 3.2611646795222833e+02 -2.5390993187346427e+02
2.6262500000000002e+00 3.2636960796513756e+02 -2.5406333817838637e+02
2.6272466666666667e+00 3.2662290094922793e+02 -2.5421689745446974e+02
2.6282433333333333e+00 3.2687634705703675e+02 -2.5437060985425140e+02
2.6292399999999998e+00 3.2712994644125342e+02 -2.5452447553040992e+02
2.6302366666666668e+00 3.2738369925471966e+02 -2.5467849463579449e+02
2.6312333333333333e+00 3.2763760565042929e+02 -2.5483266732342597e+02
2.6322299999999998e+00 3.2789166578152907e+02 -2.5498699374641177e+02
2.6332266666666668e+00 3.2814587980131836e+02 -2.5514147405802871e+02
2.6342233333333334e+00 3.2840024786324915e+02 -2.5529610841181105e+02
2.6352199999999999e+00 3.2865477012092674e+02 -2.5545089696132189e+02
2.6362166666666669e+00 3.2890944672810957e+02 -2.5560583986029482e+02
2.6372133333333334e+00 3.2916427783870915e+02 -2.5576093726269173e+02
2.6382099999999999e+00 3.2941926360679076e+02 -2.5591618932256043e+02
2.6392066666666665e+00 3.2967440418657316e+02 -2.5607159619406229e+02
2.6402033333333335e+00 3.2992969973242907e+02 -2.5622715803164419e+02
2.6412000000000000e+00 3.3018515039888473e+02 -2.5638287498980992e+02
2.6421966666666665e+00 3.3044075634062085e+02 -2.5653874722323411e+02
2.6431933333333335e+00 3.3069651771247243e+02 -2.5669477488676318e+02
2.6441900000000000e+00 3.3095243466942844e+02 -2.5685095813535702e+02
2.6451866666666666e+00 3.3120850736663272e+02 -2.5700729712417495e+02
2.6461833333333336e+00 3.3146473595938392e+02 -2.5716379200851986e+02
2.6471800000000001e+00 3.3172112060313515e+02 -2.5732044294386498e+02
2.6481766666666666e+00 3.3197766145349487e+02 -2.5747725008579732e+02
2.6491733333333332e+00 3.3223435866622663e+02 -2.5763421359007532e+02
2.6501700000000001e+00 3.3249121239724940e+02 -2.5779133361260079e+02
2.6511666666666667e+00 3.3274822280263720e+02 -2.5794861030947453e+02
2.6521633333333332e+00 3.3300539003862013e+02 -2.5810604383696705e+02
2.6531600000000002e+00 3.3326271426158411e+02 -2.5826363435143708e+02
2.6541566666666667e+00 3.3352019562807050e+02 -2.5842138200932771e+02
2.6551533333333333e+00 3.3377783429477722e+02 -2.5857928696742289e+02
2.6561499999999998e+00 3.3403563041855830e+02 -2.5873734938265028e+02
2.6571466666666668e+00 3.3429358415642434e+02 -2.5889556941191040e+02
2.6581433333333333e+00 3.3455169566554207e+02 -2.5905394721235905e+02
2.6591399999999998e+00 3.3480996510323536e+02 -2.5921248294140673e+02
2.6601366666666668e+00 3.3506839262698486e+02 -2.5937117675646806e+02
2.6611333333333334e+00 3.3532697839442807e+02 -2.5953002881521212e+02
2.6621299999999999e+00 3.3558572256335987e+02 -2.5968903927544852e+02
2.6631266666666669e+00 3.3584462529173260e+02 -2.5984820829507674e+02
2.6641233333333334e+00 3.3610368673765566e+02 -2.6000753603222239e+02
2.6651199999999999e+00 3.3636290705939655e+02 -2.6016702264518017e+02
2.6661166666666665e+00 3.3662228641538042e+02 -2.6032666829238917e+02
2.6671133333333334e+00 3.3688182496419051e+02 -2.6048647313237592e+02
2.6681100000000000e+00 3.3714152286456783e+02 -2.6064643732389328e+02
2.6691066666666665e+00 3.3740138027541212e+02 -2.6080656102589046e+02
2.6701033333333335e+00 3.3766139735578145e+02 -2.6096684439738027e+02
2.6711000000000000e+00 3.3792157426489223e+02 -2.6112728759757158e+02
2.6720966666666666e+00 3.3818191116211995e+02 -2.6128789078589836e+02
2.6730933333333335e+00 3.3844240820699906e+02 -2.6144865412182975e+02
2.6740900000000001e+00 3.3870306555922269e+02 -2.6160957776508798e+02
2.6750866666666666e+00 3.3896388337864357e+02 -2.6177066187550730e+02
2.6760833333333331e+00 3.3922486182527371e+02 -2.6193190661315197e+02
2.6770800000000001e+00 3.3948600105928483e+02 -2.6209331213814642e+02
2.6780766666666667e+00 3.3974730124100802e+02 -2.6225487861078312e+02
2.6790733333333332e+00 3.4000876253093452e+02 -2.6241660619166447e+02
2.6800700000000002e+00 3.4027038508971572e+02 -2.6257849504137255e+02
2.6810666666666667e+00 3.4053216907816278e+02 -2.6274054532068493e+02
2.6820633333333332e+00 3.4079411465724758e+02 -2.6290275719065960e+02
2.6830600000000002e+00 3.4105622198810249e+02 -2.6306513081239251e+02
2.6840566666666668e+00 3.4131849123202028e+02 -2.6322766634714571e+02
2.6850533333333333e+00 3.4158092255045483e+02 -2.6339036395637817e+02
2.6860499999999998e+00 3.4184351610502091e+02 -2.6355322380169406e+02
2.6870466666666668e+00 3.4210627205749455e+02 -2.6371624604495787e+02
2.6880433333333333e+00 3.4236919056981287e+02 -2.6387943084803101e+02
2.6890399999999999e+00 3.4263227180407466e+02 -2.6404277837302567e+02
2.6900366666666669e+00 3.4289551592254043e+02 -2.6420628878217929e+02
2.6910333333333334e+00 3.4315892308763210e+02 -2.6436996223795154e+02
2.6920299999999999e+00 3.4342249346193393e+02 -2.6453379890293974e+02
2.6930266666666669e+00 3.4368622720819235e+02 -2.6469779893983753e+02
2.6940233333333334e+00 3.4395012448931561e+02 -2.6486196251158964e+02
2.6950200000000000e+00 3.4421418546837486e+02 -2.6502628978125097e+02
2.6960166666666665e+00 3.4447841030860366e+02 -2.6519078091207996e+02
2.6970133333333335e+00 3.4474279917339851e+02 -2.6535543606742465e+02
2.6980100000000000e+00 3.4500735222631852e+02 -2.6552025541088562e+02
2.6990066666666666e+00 3.4527206963108614e+02 -2.6568523910617148e+02
2.7000033333333335e+00 3.4553695155158721e+02 -2.6585038731717430e+02
2.7010000000000001e+00 3.4580199815187052e+02 -2.6601570020792246e+02
2.7019966666666666e+00 3.4606720959614887e+02 -2.6618117794266817e+02
2.7029933333333331e+00 3.4633258604879865e+02 -2.6634682068575341e+02
2.7039900000000001e+00 3.4659812767436034e+02 -2.6651262860172437e+02
2.7049866666666667e+00 3.4686383463753805e+02 -2.6667860185529406e+02
2.7059833333333332e+00 3.4712970710320053e+02 -2.6684474061133903e+02
2.7069800000000002e+00 3.4739574523638095e+02 -2.6701104503486471e+02
2.7079766666666667e+00 3.4766194920227667e+02 -2.6717751529109694e+02
2.7089733333333332e+00 3.4792831916625016e+02 -2.6734415154539721e+02
2.7099700000000002e+00 3.4819485529382871e+02 -2.6751095396325559e+02
2.7109666666666667e+00 3.4846155775070440e+02 -2.6767792271041168e+02
2.7119633333333333e+00 3.4872842670273479e+02 -2.6784505795265659e+02
2.7129599999999998e+00 3.4899546231594280e+02 -2.6801235985610049e+02
2.7139566666666668e+00 3.4926266475651698e+02 -2.6817982858691579e+02
2.7149533333333333e+00 3.4953003419081125e+02 -2.6834746431138376e+02
2.7159499999999999e+00 3.4979757078534578e+02 -2.6851526719606255e+02
2.7169466666666668e+00 3.5006527470680675e+02 -2.6868323740766948e+02
2.7179433333333334e+00 3.5033314612204617e+02 -2.6885137511302759e+02
2.7189399999999999e+00 3.5060118519808293e+02 -2.6901968047917944e+02
2.7199366666666669e+00 3.5086939210210232e+02 -2.6918815367327051e+02
2.7209333333333334e+00 3.5113776700145604e+02 -2.6935679486266548e+02
2.7219300000000000e+00 3.5140631006366300e+02 -2.6952560421492313e+02
2.7229266666666665e+00 3.5167502145640907e+02 -2.6969458189769330e+02
2.7239233333333335e+00 3.5194390134754747e+02 -2.6986372807883168e+02
2.7249200000000000e+00 3.5221294990509836e+02 -2.7003304292635914e+02
2.7259166666666665e+00 3.5248216729724982e+02 -2.7020252660842971e+02
2.7269133333333335e+00 3.5275155369235767e+02 -2.7037217929347253e+02
2.7279100000000001e+00 3.5302110925894527e+02 -2.7054200114999333e+02
2.7289066666666666e+00 3.5329083416570438e+02 -2.7071199234665909e+02
2.7299033333333336e+00 3.5356072858149497e+02 -2.7088215305229869e+02
2.7309000000000001e+00 3.5383079267534492e+02 -2.7105248343595952e+02
2.7318966666666666e+00 3.5410102661645118e+02 -2.7122298366691041e+02
2.7328933333333332e+00 3.5437143057417921e+02 -2.7139365391445534e+02
2.7338900000000002e+00 3.5464200471806350e+02 -2.7156449434813317e+02
2.7348866666666667e+00 3.5491274921780717e+02 -2.7173550513761870e+02
2.7358833333333332e+00 3.5518366424328303e+02 -2.7190668645283284e+02
2.7368800000000002e+00 3.5545474996453322e+02 -2.7207803846380307e+02
2.7378766666666667e+00 3.5572600655176910e+02 -2.7224956134071726e+02
2.7388733333333333e+00 3.5599743417537212e+02 -2.7242125525401309e+02
2.7398699999999998e+00 3.5626903300589345e+02 -2.7259312037419210e+02
2.7408666666666668e+00 3.5654080321405451e+02 -2.7276515687196303e+02
2.7418633333333333e+00 3.5681274497074662e+02 -2.7293736491828372e+02
2.7428599999999999e+00 3.5708485844703182e+02 -2.7310974468418658e+02
2.7438566666666668e+00 3.5735714381414272e+02 -2.7328229634084056e+02
2.7448533333333334e+00 3.5762960124348228e+02 -2.7345502005971684e+02
2.7458499999999999e+00 3.5790223090662482e+02 -2.7362791601238922e+02
2.7468466666666669e+00 3.5817503297531573e+02 -2.7380098437056876e+02
2.7478433333333334e+00 3.5844800762147128e+02 -2.7397422530623999e+02
2.7488400000000000e+00 3.5872115501717957e+02 -2.7414763899140820e+02
2.7498366666666665e+00 3.5899447533470010e+02 -2.7432122559831436e+02
2.7508333333333335e+00 3.5926796874646425e+02 -2.7449498529952160e+02
2.7518300000000000e+00 3.5954163542507513e+02 -2.7466891826755642e+02
2.7528266666666665e+00 3.5981547554330820e+02 -2.7484302467516085e+02
2.7538233333333335e+00 3.6008948927411120e+02 -2.7501730469530150e+02
2.7548200000000000e+00 3.6036367679060407e+02 -2.7519175850113214e+02
2.7558166666666666e+00 3.6063803826607960e+02 -2.7536638626590786e+02
2.7568133333333336e+00 3.6091257387400350e+02 -2.7554118816310893e+02
2.7578100000000001e+00 3.6118728378801399e+02 -2.7571616436640255e+02
2.7588066666666666e+00 3.6146216818192289e+02 -2.7589131504953247e+02
2.7598033333333332e+00 3.6173722722971519e+02 -2.7606664038656487e+02
2.7608000000000001e+00 3.6201246110554945e+02 -2.7624214055160371e+02
2.7617966666666667e+00 3.6228786998375756e+02 -2.7641781571897167e+02
2.7627933333333332e+00 3.6256345403884563e+02 -2.7659366606323499e+02
2.7637900000000002e+00 3.6283921344549378e+02 -2.7676969175898682e+02
2.7647866666666667e+00 3.6311514837855594e+02 -2.7694589298117739e+02
2.7657833333333333e+00 3.6339125901306073e+02 -2.7712226990477188e+02
2.7667800000000002e+00 3.6366754552421133e+02 -2.7729882270496250e+02
2.7677766666666668e+00 3.6394400808738527e+02 -2.7747555155724149e+02
2.7687733333333333e+00 3.6422064687813537e+02 -2.7765245663700608e+02
2.7697699999999998e+00 3.6449746207218925e+02 -2.7782953812003319e+02
2.7707666666666668e+00 3.6477445384545001e+02 -2.7800679618230964e+02
2.7717633333333334e+00 3.6505162237399571e+02 -2.7818423099981237e+02
2.7727599999999999e+00 3.6532896783408040e+02 -2.7836184274881714e+02
2.7737566666666669e+00 3.6560649040213389e+02 -2.7853963160580054e+02
2.7747533333333334e+00 3.6588419025476151e+02 -2.7871759774730987e+02
2.7757499999999999e+00 3.6616206756874504e+02 -2.7889574135016744e+02
2.7767466666666665e+00 3.6644012252104255e+02 -2.7907406259134814e+02
2.7777433333333335e+00 3.6671835528878853e+02 -2.7925256164786595e+02
2.7787400000000000e+00 3.6699676604929380e+02 -2.7943123869718033e+02
2.7797366666666665e+00 3.6727535498004636e+02 -2.7961009391676430e+02
2.7807333333333335e+00 3.6755412225871123e+02 -2.7978912748417878e+02
2.7817300000000000e+00 3.6783306806313016e+02 -2.7996833957731133e+02
2.7827266666666666e+00 3.6811219257132262e+02 -2.8014773037423311e+02
2.7837233333333335e+00 3.6839149596148565e+02 -2.8032730005310441e+02
2.7847200000000001e+00 3.6867097841199353e+02 -2.8050704879226896e+02
2.7857166666666666e+00 3.6895064010139885e+02 -2.8068697677034510e+02
2.7867133333333332e+00 3.6923048120843208e+02 -2.8086708416601851e+02
2.7877100000000001e+00 3.6951050191200204e+02 -2.8104737115812907e+02
2.7887066666666667e+00 3.6979070239119557e+02 -2.8122783792593282e+02
2.7897033333333332e+00 3.7007108282527855e+02 -2.8140848464864115e+02
2.7907000000000002e+00 3.7035164339369550e+02 -2.8158931150555560e+02
2.7916966666666667e+00 3.7063238427606950e+02 -2.8177031867641733e+02
2.7926933333333332e+00 3.7091330565220318e+02 -2.8195150634106449e+02
2.7936900000000002e+00 3.7119440770207848e+02 -2.8213287467945497e+02
2.7946866666666668e+00 3.7147569060585641e+02 -2.8231442387167209e+02
2.7956833333333333e+00 3.7175715454387796e+02 -2.8249615409810139e+02
2.7966799999999998e+00 3.7203879969666389e+02 -2.8267806553928216e+02
2.7976766666666668e+00 3.7232062624491505e+02 -2.8286015837593709e+02
2.7986733333333333e+00 3.7260263436951215e+02 -2.8304243278891954e+02
2.7996699999999999e+00 3.7288482425151665e+02 -2.8322488895926421e+02
2.8006666666666669e+00 3.7316719607217044e+02 -2.8340752706818489e+02
2.8016633333333334e+00 3.7344975001289583e+02 -2.8359034729721901e+02
2.8026599999999999e+00 3.7373248625529646e+02 -2.8377334982791479e+02
2.8036566666666669e+00 3.7401540498115708e+02 -2.8395653484202757e+02
2.8046533333333334e+00 3.7429850637244323e+02 -2.8413990252155173e+02
2.8056500000000000e+00 3.7458179061130232e+02 -2.8432345304858251e+02
2.8066466666666665e+00 3.7486525788006327e+02 -2.8450718660551314e+02
2.8076433333333335e+00 3.7514890836123692e+02 -2.8469110337489212e+02
2.8086400000000000e+00 3.7543274223751581e+02 -2.8487520353931228e+02
2.8096366666666666e+00 3.7571675969177488e+02 -2.8505948728166061e+02
2.8106333333333335e+00 3.7600096090707154e+02 -2.8524395478506290e+02
2.8116300000000001e+00 3.7628534606664539e+02 -2.8542860623271059e+02
2.8126266666666666e+00 3.7656991535391899e+02 -2.8561344180803906e+02
2.8136233333333331e+00 3.7685466895249778e+02 -2.8579846169463912e+02
2.8146200000000001e+00 3.7713960704617040e+02 -2.8598366607628600e+02
2.8156166666666667e+00 3.7742472981890830e+02 -2.8616905513702670e+02
2.8166133333333332e+00 3.7771003745486689e+02 -2.8635462906091715e+02
2.8176100000000002e+00 3.7799553013838511e+02 -2.8654038803236648e+02
2.8186066666666667e+00 3.7828120805398544e+02 -2.8672633223590708e+02
2.8196033333333332e+00 3.7856707138637461e+02 -2.8691246185619269e+02
2.8206000000000002e+00 3.7885312032044362e+02 -2.8709877707811825e+02
2.8215966666666668e+00 3.7913935504126744e+02 -2.8728527808681434e+02
2.8225933333333333e+00 3.7942577573410597e+02 -2.8747196506748378e+02
2.8235899999999998e+00 3.7971238258440366e+02 -2.8765883820551352e+02
2.8245866666666668e+00 3.7999917577779001e+02 -2.8784589768670463e+02
2.8255833333333333e+00 3.8028615550007942e+02 -2.8803314369678651e+02
2.8265799999999999e+00 3.8057332193727177e+02 -2.8822057642169591e+02
2.8275766666666668e+00 3.8086067527555241e+02 -2.8840819604766841e+02
2.8285733333333334e+00 3.8114821570129203e+02 -2.8859600276106136e+02
2.8295699999999999e+00 3.8143594340104755e+02 -2.8878399674846639e+02
2.8305666666666669e+00 3.8172385856156200e+02 -2.8897217819671880e+02
2.8315633333333334e+00 3.8201196136976409e+02 -2.8916054729251783e+02
2.8325600000000000e+00 3.8230025201276931e+02 -2.8934910422303267e+02
2.8335566666666665e+00 3.8258873067787965e+02 -2.8953784917573239e+02
2.8345533333333335e+00 3.8287739755258411e+02 -2.8972678233807272e+02
2.8355500000000000e+00 3.8316625282455817e+02 -2.8991590389752281e+02
2.8365466666666665e+00 3.8345529668166472e+02 -2.9010521404212778e+02
2.8375433333333335e+00 3.8374452931195418e+02 -2.9029471295992192e+02
2.8385400000000001e+00 3.8403395090366399e+02 -2.9048440083905820e+02
2.8395366666666666e+00 3.8432356164521968e+02 -2.9067427786803830e+02
2.8405333333333336e+00 3.8461336172523471e+02 -2.9086434423546649e+02
2.8415300000000001e+00 3.8490335133251023e+02 -2.9105460013015227e+02
2.8425266666666666e+00 3.8519353065603599e+02 -2.9124504574106066e+02
2.8435233333333332e+00 3.8548389988499014e+02 -2.9143568125731485e+02
2.8445200000000002e+00 3.8577445920873953e+02 -2.9162650686836713e+02
2.8455166666666667e+00 3.8606520881683952e+02 -2.9181752276382571e+02
2.8465133333333332e+00 3.8635614889903485e+02 -2.9200872913327453e+02
2.8475100000000002e+00 3.8664727964525946e+02 -2.9220012616671625e+02
2.8485066666666667e+00 3.8693860124563628e+02 -2.9239171405435752e+02
2.8495033333333333e+00 3.8723011389047821e+02 -2.9258349298636085e+02
2.8504999999999998e+00 3.8752181777028778e+02 -2.9277546315336014e+02
2.8514966666666668e+00 3.8781371307575773e+02 -2.9296762474600683e+02
2.8524933333333333e+00 3.8810579999777042e+02 -2.9315997795513454e+02
2.8534899999999999e+00 3.8839807872739902e+02 -2.9335252297195234e+02
2.8544866666666668e+00 3.8869054945590722e+02 -2.9354525998749023e+02
2.8554833333333334e+00 3.8898321237474897e+02 -2.9373818919332359e+02
2.8564799999999999e+00 3.8927606767556961e+02 -2.9393131078123116e+02
2.8574766666666669e+00 3.8956911555020559e+02 -2.9412462494295647e+02
2.8584733333333334e+00 3.8986235619068418e+02 -2.9431813187038864e+02
2.8594700000000000e+00 3.9015578978922457e+02 -2.9451183175585618e+02
2.8604666666666665e+00 3.9044941653823747e+02 -2.9470572479184727e+02
2.8614633333333335e+00 3.9074323663032567e+02 -2.9489981117089576e+02
2.8624600000000000e+00 3.9103725025828351e+02 -2.9509409108571776e+02
2.8634566666666665e+00 3.9133145761509797e+02 -2.9528856472937423e+02
2.8644533333333335e+00 3.9162585889394859e+02 -2.9548323229509253e+02
2.8654500000000001e+00 3.9192045428820705e+02 -2.9567809397618765e+02
2.8664466666666666e+00 3.9221524399143834e+02 -2.9587314996623337e+02
2.8674433333333336e+00 3.9251022819740035e+02 -2.9606840045905625e+02
2.8684400000000001e+00 3.9280540710004385e+02 -2.9626384564842772e+02
2.8694366666666666e+00 3.9310078089351333e+02 -2.9645948572855735e+02
2.8704333333333332e+00 3.9339634977214683e+02 -2.9665532089392951e+02
2.8714300000000001e+00 3.9369211393047635e+02 -2.9685135133901798e+02
2.8724266666666667e+00 3.9398807356322737e+02 -2.9704757725842131e+02
2.8734233333333332e+00 3.9428422886531990e+02 -2.9724399884708089e+02
2.8744200000000002e+00 3.9458058003186841e+02 -2.9744061630027875e+02
2.8754166666666667e+00 3.9487712725818159e+02 -2.9763742981324049e+02
2.8764133333333333e+00 3.9517387073976323e+02 -2.9783443958139225e+02
2.8774100000000002e+00 3.9547081067231193e+02 -2.9803164580044387e+02
2.8784066666666668e+00 3.9576794725172118e+02 -2.9822904866636253e+02
2.8794033333333333e+00 3.9606528067408021e+02 -2.9842664837523932e+02
2.8803999999999998e+00 3.9636281113567361e+02 -2.9862444512329785e+02
2.8813966666666668e+00 3.9666053883298184e+02 -2.9882243910709462e+02
2.8823933333333334e+00 3.9695846396268092e+02 -2.9902063052322421e+02
2.8833899999999999e+00 3.9725658672164332e+02 -2.9921901956856613e+02
2.8843866666666669e+00 3.9755490730693782e+02 -2.9941760644025709e+02
2.8853833333333334e+00 3.9785342591582935e+02 -2.9961639133551876e+02
2.8863799999999999e+00 3.9815214274578000e+02 -2.9981537445181073e+02
2.8873766666666665e+00 3.9845105074071512e+02 -3.0000000000000000e+02
2.8883733333333335e+00 3.9875005074071521e+02 -3.0000000000000000e+02
2.8893700000000000e+00 3.9904905074071519e+02 -3.0000000000000000e+02
2.8903666666666665e+00 3.9934805074071517e+02 -3.0000000000000000e+02
2.8913633333333335e+00 3.9964705074071526e+02 -3.0000000000000000e+02
2.8923600000000000e+00 3.9994605074071524e+02 -3.0000000000000000e+02
2.8933566666666666e+00 4.0024505074071521e+02 -3.0000000000000000e+02
2.8943533333333336e+00 4.0054405074071531e+02 -3.0000000000000000e+02
2.8953500000000001e+00 4.0084305074071528e+02 -3.0000000000000000e+02
2.8963466666666666e+00 4.0114205074071526e+02 -3.0000000000000000e+02
2.8973433333333332e+00 4.0144105074071524e+02 -3.0000000000000000e+02
2.8983400000000001e+00 4.0174005074071533e+02 -3.0000000000000000e+02
2.8993366666666667e+00 4.0203905074071531e+02 -3.0000000000000000e+02
2.9003333333333332e+00 4.0233805074071529e+02 -3.0000000000000000e+02
2.9013300000000002e+00 4.0263705074071538e+02 -3.0000000000000000e+02
2.9023266666666667e+00 4.0293605074071536e+02 -3.0000000000000000e+02
2.9033233333333333e+00 4.0323505074071534e+02 -3.0000000000000000e+02
2.9043200000000002e+00 4.0353405074071543e+02 -3.0000000000000000e+02
2.9053166666666668e+00 4.0383305074071541e+02 -3.0000000000000000e+02
2.9063133333333333e+00 4.0413205074071539e+02 -3.0000000000000000e+02
2.9073099999999998e+00 4.0443105074071536e+02 -3.0000000000000000e+02
2.9083066666666668e+00 4.0473005074071546e+02 -3.0000000000000000e+02
2.9093033333333334e+00 4.0502905074071543e+02 -3.0000000000000000e+02
2.9102999999999999e+00 4.0532805074071541e+02 -3.0000000000000000e+02
2.9112966666666669e+00 4.0562705074071550e+02 -3.0000000000000000e+02
2.9122933333333334e+00 4.0592605074071548e+02 -3.0000000000000000e+02
2.9132899999999999e+00 4.0622505074071546e+02 -3.0000000000000000e+02
2.9142866666666669e+00 4.0652405074071555e+02 -3.0000000000000000e+02
2.9152833333333334e+00 4.0682305074071553e+02 -3.0000000000000000e+02
2.9162800000000000e+00 4.0712205074071551e+02 -3.0000000000000000e+02
2.9172766666666665e+00 4.0742105074071549e+02 -3.0000000000000000e+02
2.9182733333333335e+00 4.0772005074071558e+02 -3.0000000000000000e+02
2.9192700000000000e+00 4.0801905074071556e+02 -3.0000000000000000e+02
2.9202666666666666e+00 4.0831805074071553e+02 -3.0000000000000000e+02
2.9212633333333335e+00 4.0861705074071563e+02 -3.0000000000000000e+02
2.9222600000000001e+00 4.0891605074071560e+02 -3.0000000000000000e+02
2.9232566666666666e+00 4.0921505074071558e+02 -3.0000000000000000e+02
2.9242533333333331e+00 4.0951405074071556e+02 -3.0000000000000000e+02
2.9252500000000001e+00 4.0981305074071565e+02 -3.0000000000000000e+02
2.9262466666666667e+00 4.1011205074071563e+02 -3.0000000000000000e+02
2.9272433333333332e+00 4.1041105074071561e+02 -3.0000000000000000e+02
2.9282400000000002e+00 4.1071005074071570e+02 -3.0000000000000000e+02
2.9292366666666667e+00 4.1100905074071568e+02 -3.0000000000000000e+02
2.9302333333333332e+00 4.1130805074071566e+02 -3.0000000000000000e+02
2.9312300000000002e+00 4.1160705074071575e+02 -3.0000000000000000e+02
2.9322266666666668e+00 4.1190605074071573e+02 -3.0000000000000000e+02
2.9332233333333333e+00 4.1220505074071571e+02 -3.0000000000000000e+02
2.9342199999999998e+00 4.1250405074071568e+02 -3.0000000000000000e+02
2.9352166666666668e+00 4.1280305074071578e+02 -3.0000000000000000e+02
2.9362133333333333e+00 4.1310205074071575e+02 -3.0000000000000000e+02
2.9372099999999999e+00 4.1340105074071573e+02 -3.0000000000000000e+02
2.9382066666666669e+00 4.1370005074071582e+02 -3.0000000000000000e+02
2.9392033333333334e+00 4.1399905074071580e+02 -3.0000000000000000e+02
2.9401999999999999e+00 4.1429805074071578e+02 -3.0000000000000000e+02
2.9411966666666669e+00 4.1459705074071587e+02 -3.0000000000000000e+02
2.9421933333333334e+00 4.1489605074071585e+02 -3.0000000000000000e+02
2.9431900000000000e+00 4.1519505074071583e+02 -3.0000000000000000e+02
2.9441866666666665e+00 4.1549405074071581e+02 -3.0000000000000000e+02
2.9451833333333335e+00 4.1579305074071590e+02 -3.0000000000000000e+02
2.9461800000000000e+00 4.1609205074071588e+02 -3.0000000000000000e+02
2.9471766666666666e+00 4.1639105074071585e+02 -3.0000000000000000e+02
2.9481733333333335e+00 4.1669005074071595e+02 -3.0000000000000000e+02
2.9491700000000001e+00 4.1698905074071592e+02 -3.0000000000000000e+02
2.9501666666666666e+00 4.1728805074071590e+02 -3.0000000000000000e+02
2.9511633333333336e+00 4.1758705074071599e+02 -3.0000000000000000e+02
2.9521600000000001e+00 4.1788605074071597e+02 -3.0000000000000000e+02
2.9531566666666667e+00 4.1818505074071595e+02 -3.0000000000000000e+02
2.9541533333333332e+00 4.1848405074071593e+02 -3.0000000000000000e+02
2.9551500000000002e+00 4.1878305074071602e+02 -3.0000000000000000e+02
2.9561466666666667e+00 4.1908205074071600e+02 -3.0000000000000000e+02
2.9571433333333332e+00 4.1938105074071598e+02 -3.0000000000000000e+02
2.9581400000000002e+00 4.1968005074071607e+02 -3.0000000000000000e+02
2.9591366666666667e+00 4.1997905074071605e+02 -3.0000000000000000e+02
2.9601333333333333e+00 4.2027805074071603e+02 -3.0000000000000000e+02
2.9611299999999998e+00 4.2057705074071600e+02 -3.0000000000000000e+02
2.9621266666666668e+00 4.2087605074071610e+02 -3.0000000000000000e+02
2.9631233333333333e+00 4.2117505074071607e+02 -3.0000000000000000e+02
2.9641199999999999e+00 4.2147405074071605e+02 -3.0000000000000000e+02
2.9651166666666668e+00 4.2177305074071614e+02 -3.0000000000000000e+02
2.9661133333333334e+00 4.2207205074071612e+02 -3.0000000000000000e+02
2.9671099999999999e+00 4.2237105074071610e+02 -3.0000000000000000e+02
2.9681066666666669e+00 4.2267005074071619e+02 -3.0000000000000000e+02
2.9691033333333334e+00 4.2296905074071617e+02 -3.0000000000000000e+02
2.9701000000000000e+00 4.2326805074071615e+02 -3.0000000000000000e+02
2.9710966666666665e+00 4.2356705074071613e+02 -3.0000000000000000e+02
2.9720933333333335e+00 4.2386605074071622e+02 -3.0000000000000000e+02
2.9730900000000000e+00 4.2416505074071620e+02 -3.0000000000000000e+02
2.9740866666666665e+00 4.2446405074071617e+02 -3.0000000000000000e+02
2.9750833333333335e+00 4.2476305074071627e+02 -3.0000000000000000e+02
2.9760800000000001e+00 4.2506205074071624e+02 -3.0000000000000000e+02
2.9770766666666666e+00 4.2536105074071622e+02 -3.0000000000000000e+02
2.9780733333333336e+00 4.2566005074071631e+02 -3.0000000000000000e+02
2.9790700000000001e+00 4.2595905074071629e+02 -3.0000000000000000e+02
2.9800666666666666e+00 4.2625805074071627e+02 -3.0000000000000000e+02
2.9810633333333332e+00 4.2655705074071625e+02 -3.0000000000000000e+02
2.9820600000000002e+00 4.2685605074071634e+02 -3.0000000000000000e+02
2.9830566666666667e+00 4.2715505074071632e+02 -3.0000000000000000e+02
2.9840533333333332e+00 4.2745405074071630e+02 -3.0000000000000000e+02
2.9850500000000002e+00 4.2775305074071639e+02 -3.0000000000000000e+02
2.9860466666666667e+00 4.2805205074071637e+02 -3.0000000000000000e+02
2.9870433333333333e+00 4.2835105074071635e+02 -3.0000000000000000e+02
2.9880400000000003e+00 4.2865005074071644e+02 -3.0000000000000000e+02
2.9890366666666668e+00 4.2894905074071642e+02 -3.0000000000000000e+02
2.9900333333333333e+00 4.2924805074071639e+02 -3.0000000000000000e+02
2.9910299999999999e+00 4.2954705074071637e+02 -3.0000000000000000e+02
2.9920266666666668e+00 4.2984605074071646e+02 -3.0000000000000000e+02
2.9930233333333334e+00 4.3014505074071644e+02 -3.0000000000000000e+02
2.9940199999999999e+00 4.3044405074071642e+02 -3.0000000000000000e+02
2.9950166666666669e+00 4.3074305074071651e+02 -3.0000000000000000e+02
2.9960133333333334e+00 4.3104205074071649e+02 -3.0000000000000000e+02
2.9970100000000000e+00 4.3134105074071647e+02 -3.0000000000000000e+02
2.9980066666666665e+00 4.3164005074071645e+02 -3.0000000000000000e+02
2.9990033333333335e+00 4.3193905074071654e+02 -3.0000000000000000e+02
3.0000000000000000e+00 4.3223805074071652e+02 -3.0000000000000000e+02
