# x energy force
1.0000000000000000e-02 7.6462619899475328e+01 2.1133637763861356e+02
1.0996666666666667e-02 7.6252145428565157e+01 2.1102042017443776e+02
1.1993333333333333e-02 7.6041985333219415e+01 2.1070552366316966e+02
1.2990000000000002e-02 7.5832138149130387e+01 2.1039250460912095e+02
1.3986666666666668e-02 7.5622602010677213e+01 2.1008135181865561e+02
1.4983333333333335e-02 7.5413375063362096e+01 2.0977205416485137e+02
1.5980000000000001e-02 7.5204455463744026e+01 2.0946460058711574e+02
1.6976666666666668e-02 7.4995841379372848e+01 2.0915898009083602e+02
1.7973333333333334e-02 7.4787530988723702e+01 2.0885518174691578e+02
1.8970000000000001e-02 7.4579522481131931e+01 2.0855319469141875e+02
1.9966666666666667e-02 7.4371814056728311e+01 2.0825300812521937e+02
2.0963333333333334e-02 7.4164403926374661e+01 2.0795461131355350e+02
2.1960000000000000e-02 7.3957290311599891e+01 2.0765799358564797e+02
2.2956666666666667e-02 7.3750471444536416e+01 2.0736314433437116e+02
2.3953333333333333e-02 7.3543945567856895e+01 2.0707005301583357e+02
2.4950000000000000e-02 7.3337710934711438e+01 2.0677870914897460e+02
2.5946666666666666e-02 7.3131765808665094e+01 2.0648910231526312e+02
2.6943333333333333e-02 7.2926108463635771e+01 2.0620122215829085e+02
2.7940000000000000e-02 7.2720737183832526e+01 2.0591505838333057e+02
2.8936666666666666e-02 7.2515650263694212e+01 2.0563060075710101e+02
2.9933333333333333e-02 7.2310846007828431e+01 2.0534783910733856e+02
3.0929999999999999e-02 7.2106322730950964e+01 2.0506676332235588e+02
3.1926666666666666e-02 7.1902078757825507e+01 2.0478736335081339e+02
3.2923333333333332e-02 7.1698112423203710e+01 2.0450962920129095e+02
3.3920000000000006e-02 7.1494422071765669e+01 2.0423355094193423e+02
3.4916666666666672e-02 7.1291006058060731e+01 2.0395911870008754e+02
3.5913333333333339e-02 7.1087862746448650e+01 2.0368632266195880e+02
3.6910000000000005e-02 7.0884990511041082e+01 2.0341515307230222e+02
3.7906666666666672e-02 7.0682387735643431e+01 2.0314560023400927e+02
3.8903333333333338e-02 7.0480052813697114e+01 2.0287765450776689e+02
3.9900000000000005e-02 7.0277984148222046e+01 2.0261130631177278e+02
4.0896666666666671e-02 7.0076180151759559e+01 2.0234654612132127e+02
4.1893333333333338e-02 6.9874639246315624e+01 2.0208336446851894e+02
4.2890000000000005e-02 6.9673359863304427e+01 2.0182175194190589e+02
4.3886666666666671e-02 6.9472340443492300e+01 2.0156169918612159e+02
4.4883333333333338e-02 6.9271579436941906e+01 2.0130319690163333e+02
4.5880000000000004e-02 6.9071075302956856e+01 2.0104623584428006e+02
4.6876666666666671e-02 6.8870826510026617e+01 2.0079080682508732e+02
4.7873333333333337e-02 6.8670831535771711e+01 2.0053690070983200e+02
4.8870000000000004e-02 6.8471088866889318e+01 2.0028450841872905e+02
4.9866666666666670e-02 6.8271596999099117e+01 2.0003362092616723e+02
5.0863333333333337e-02 6.8072354437089501e+01 1.9978422926034597e+02
5.1860000000000003e-02 6.7873359694464142e+01 1.9953632450292577e+02
5.2856666666666670e-02 6.7674611293688798e+01 1.9928989778874325e+02
5.3853333333333336e-02 6.7476107766038481e+01 1.9904494030553988e+02
5.4850000000000003e-02 6.7277847651544946e+01 1.9880144329352748e+02
5.5846666666666669e-02 6.7079829498944477e+01 1.9855939804519571e+02
5.6843333333333336e-02 6.6882051865625996e+01 1.9831879590493318e+02
5.7840000000000009e-02 6.6684513317579459e+01 1.9807962826870983e+02
5.8836666666666676e-02 6.6487212429344609e+01 1.9784188658384514e+02
5.9833333333333343e-02 6.6290147783959938e+01 1.9760556234860883e+02
6.0830000000000009e-02 6.6093317972912089e+01 1.9737064711196783e+02
6.1826666666666676e-02 6.5896721596085428e+01 1.9713713247329827e+02
6.2823333333333342e-02 6.5700357261712028e+01 1.9690501008202330e+02
6.3820000000000002e-02 6.5504223586321856e+01 1.9667427163739572e+02
6.4816666666666675e-02 6.5308319194693311e+01 1.9644490888811993e+02
6.5813333333333335e-02 6.5112642719804072e+01 1.9621691363210280e+02
6.6810000000000008e-02 6.4917192802782168e+01 1.9599027771619296e+02
6.7806666666666668e-02 6.4721968092857423e+01 1.9576499303580266e+02
6.8803333333333341e-02 6.4526967247313138e+01 1.9554105153467955e+02
6.9800000000000001e-02 6.4332188931438054e+01 1.9531844520461414e+02
7.0796666666666674e-02 6.4137631818478667e+01 1.9509716608513349e+02
7.1793333333333334e-02 6.3943294589591744e+01 1.9487720626321391e+02
7.2789999999999994e-02 6.3749175933797183e+01 1.9465855787303147e+02
7.3786666666666667e-02 6.3555274547931120e+01 1.9444121309565014e+02
7.4783333333333341e-02 6.3361589136599335e+01 1.9422516415876183e+02
7.5780000000000000e-02 6.3168118412130923e+01 1.9401040333638363e+02
7.6776666666666674e-02 6.2974861094532237e+01 1.9379692294859561e+02
7.7773333333333333e-02 6.2781815911441157e+01 1.9358471536127050e+02
7.8770000000000007e-02 6.2588981598081531e+01 1.9337377298579659e+02
7.9766666666666666e-02 6.2396356897217998e+01 1.9316408827882503e+02
8.0763333333333340e-02 6.2203940559110976e+01 1.9295565374195229e+02
8.1759999999999999e-02 6.2011731341472029e+01 1.9274846192149229e+02
8.2756666666666673e-02 6.1819728009419400e+01 1.9254250540820158e+02
8.3753333333333332e-02 6.1627929335433869e+01 1.9233777683700896e+02
8.4750000000000006e-02 6.1436334099314855e+01 1.9213426888675826e+02
8.5746666666666665e-02 6.1244941088136784e+01 1.9193197427994500e+02
8.6743333333333339e-02 6.1053749096205692e+01 1.9173088578244170e+02
8.7739999999999999e-02 6.0862756925016150e+01 1.9153099620325904e+02
8.8736666666666672e-02 6.0671963383208372e+01 1.9133229839428935e+02
8.9733333333333332e-02 6.0481367286525618e+01 1.9113478525002844e+02
9.0730000000000005e-02 6.0290967457771849e+01 1.9093844970736191e+02
9.1726666666666665e-02 6.0100762726769638e+01 1.9074328474523702e+02
9.2723333333333338e-02 5.9910751930318312e+01 1.9054928338450588e+02
9.3719999999999998e-02 5.9720933912152368e+01 1.9035643868762969e+02
9.4716666666666671e-02 5.9531307522900093e+01 1.9016474375840414e+02
9.5713333333333331e-02 5.9341871620042504e+01 1.8997419174177082e+02
9.6710000000000004e-02 5.9152625067872471e+01 1.8978477582351357e+02
9.7706666666666664e-02 5.8963566737454101e+01 1.8959648923007387e+02
9.8703333333333337e-02 5.8774695506582368e+01 1.8940932522825088e+02
9.9699999999999997e-02 5.8586010259743006e+01 1.8922327712499504e+02
1.0069666666666667e-01 5.8397509888072570e+01 1.8903833826718684e+02
1.0169333333333333e-01 5.8209193289318819e+01 1.8885450204134108e+02
1.0269000000000000e-01 5.8021059367801300e+01 1.8867176187340718e+02
1.0368666666666666e-01 5.7833107034372155e+01 1.8849011122855188e+02
1.0468333333333334e-01 5.7645335206377169e+01 1.8830954361087959e+02
1.0568000000000001e-01 5.7457742807617073e+01 1.8813005256322552e+02
1.0667666666666667e-01 5.7270328768309035e+01 1.8795163166695346e+02
1.0767333333333334e-01 5.7083092025048408e+01 1.8777427454166551e+02
1.0867000000000000e-01 5.6896031520770720e+01 1.8759797484500720e+02
1.0966666666666668e-01 5.6709146204713853e+01 1.8742272627244401e+02
1.1066333333333334e-01 5.6522435032380500e+01 1.8724852255702956e+02
1.1166000000000001e-01 5.6335896965500766e+01 1.8707535746919538e+02
1.1265666666666667e-01 5.6149530971995070e+01 1.8690322481648718e+02
1.1365333333333334e-01 5.5963336025937231e+01 1.8673211844339016e+02
1.1465000000000000e-01 5.5777311107517789e+01 1.8656203223108301e+02
1.1564666666666668e-01 5.5591455203007520e+01 1.8639296009721710e+02
1.1664333333333333e-01 5.5405767304721195e+01 1.8622489599574135e+02
1.1764000000000001e-01 5.5220246410981538e+01 1.8605783391661052e+02
1.1863666666666667e-01 5.5034891526083420e+01 1.8589176788562807e+02
1.1963333333333334e-01 5.4849701660258241e+01 1.8572669196422510e+02
1.2063000000000000e-01 5.4664675829638540e+01 1.8556260024922878e+02
1.2162666666666667e-01 5.4479813056222795e+01 1.8539948687266983e+02
1.2262333333333333e-01 5.4295112367840474e+01 1.8523734600155444e+02
1.2362000000000001e-01 5.4110572798117261e+01 1.8507617183767161e+02
1.2461666666666667e-01 5.3926193386440495e+01 1.8491595861738179e+02
1.2561333333333335e-01 5.3741973177924812e+01 1.8475670061140937e+02
1.2661000000000000e-01 5.3557911223378028e+01 1.8459839212462413e+02
1.2760666666666667e-01 5.3374006579267146e+01 1.8444102749587560e+02
1.2860333333333335e-01 5.3190258307684651e+01 1.8428460109775153e+02
1.2960000000000002e-01 5.3006665476314978e+01 1.8412910733637540e+02
1.3059666666666667e-01 5.2823227158401153e+01 1.8397454065124441e+02
1.3159333333333334e-01 5.2639942432711635e+01 1.8382089551501107e+02
1.3259000000000001e-01 5.2456810383507403e+01 1.8366816643327311e+02
1.3358666666666669e-01 5.2273830100509201e+01 1.8351634794438499e+02
1.3458333333333333e-01 5.2091000678864987e+01 1.8336543461926183e+02
1.3558000000000001e-01 5.1908321219117560e+01 1.8321542106118997e+02
1.3657666666666668e-01 5.1725790827172425e+01 1.8306630190563831e+02
1.3757333333333335e-01 5.1543408614265779e+01 1.8291807182006332e+02
1.3857000000000003e-01 5.1361173696932767e+01 1.8277072550370224e+02
1.3956666666666670e-01 5.1179085196975869e+01 1.8262425768739092e+02
1.4056333333333335e-01 5.0997142241433515e+01 1.8247866313339350e+02
1.4156000000000002e-01 5.0815343962548830e+01 1.8233393663520113e+02
1.4255666666666669e-01 5.0633689497738636e+01 1.8219007301735741e+02
1.4355333333333337e-01 5.0452177989562593e+01 1.8204706713524121e+02
1.4455000000000001e-01 5.0270808585692535e+01 1.8190491387491025e+02
1.4554666666666669e-01 5.0089580438882003e+01 1.8176360815291136e+02
1.4654333333333336e-01 4.9908492706935938e+01 1.8162314491610937e+02
1.4754000000000003e-01 4.9727544552680563e+01 1.8148351914149882e+02
1.4853666666666668e-01 4.9546735143933446e+01 1.8134472583600083e+02
1.4953333333333335e-01 4.9366063653473738e+01 1.8120676003632704e+02
1.5053000000000002e-01 4.9185529259012597e+01 1.8106961680876924e+02
1.5152666666666670e-01 4.9005131143163787e+01 1.8093329124903588e+02
1.5252333333333334e-01 4.8824868493414449e+01 1.8079777848208508e+02
1.5352000000000002e-01 4.8644740502096013e+01 1.8066307366193428e+02
1.5451666666666669e-01 4.8464746366355357e+01 1.8052917197148270e+02
1.5551333333333336e-01 4.8284885288126091e+01 1.8039606862236195e+02
1.5651000000000001e-01 4.8105156474099999e+01 1.8026375885475426e+02
1.5750666666666668e-01 4.7925559135698670e+01 1.8013223793721011e+02
1.5850333333333336e-01 4.7746092489045317e+01 1.8000150116650906e+02
1.5950000000000003e-01 4.7566755754936722e+01 1.7987154386745397e+02
1.6049666666666668e-01 4.7387548158815406e+01 1.7974236139271738e+02
1.6149333333333335e-01 4.7208468930741894e+01 1.7961394912268773e+02
1.6249000000000002e-01 4.7029517305367207e+01 1.7948630246530550e+02
1.6348666666666670e-01 4.6850692521905479e+01 1.7935941685588540e+02
1.6448333333333334e-01 4.6671993824106757e+01 1.7923328775694910e+02
1.6548000000000002e-01 4.6493420460229935e+01 1.7910791065807462e+02
1.6647666666666669e-01 4.6314971683015926e+01 1.7898328107572175e+02
1.6747333333333336e-01 4.6136646749660891e+01 1.7885939455310805e+02
1.6847000000000001e-01 4.5958444921789692e+01 1.7873624666000202e+02
1.6946666666666668e-01 4.5780365465429483e+01 1.7861383299259421e+02
1.7046333333333336e-01 4.5602407650983466e+01 1.7849214917332932e+02
1.7146000000000003e-01 4.5424570753204804e+01 1.7837119085074460e+02
1.7245666666666670e-01 4.5246854051170679e+01 1.7825095369933558e+02
1.7345333333333335e-01 4.5069256828256528e+01 1.7813143341937291e+02
1.7445000000000002e-01 4.4891778372110380e+01 1.7801262573676848e+02
1.7544666666666670e-01 4.4714417974627438e+01 1.7789452640291870e+02
1.7644333333333337e-01 4.4537174931924696e+01 1.7777713119455183e+02
1.7744000000000001e-01 4.4360048544315823e+01 1.7766043591356760e+02
1.7843666666666669e-01 4.4183038116286085e+01 1.7754443638690842e+02
1.7943333333333336e-01 4.4006142956467521e+01 1.7742912846638771e+02
1.8043000000000003e-01 4.3829362377614210e+01 1.7731450802854505e+02
1.8142666666666668e-01 4.3652695696577688e+01 1.7720057097451772e+02
1.8242333333333335e-01 4.3476142234282491e+01 1.7708731322988282e+02
1.8342000000000003e-01 4.3299701315701924e+01 1.7697473074449360e+02
1.8441666666666670e-01 4.3123372269833894e+01 1.7686281949235899e+02
1.8541333333333335e-01 4.2947154429676907e+01 1.7675157547149729e+02
1.8641000000000002e-01 4.2771047132206228e+01 1.7664099470378250e+02
1.8740666666666669e-01 4.2595049718350168e+01 1.7653107323479753e+02
1.8840333333333337e-01 4.2419161532966527e+01 1.7642180713371798e+02
1.8940000000000001e-01 4.2243381924819140e+01 1.7631319249315501e+02
1.9039666666666669e-01 4.2067710246554604e+01 1.7620522542899425e+02
1.9139333333333336e-01 4.1892145854679136e+01 1.7609790208030645e+02
1.9239000000000003e-01 4.1716688109535546e+01 1.7599121860916316e+02
1.9338666666666668e-01 4.1541336375280387e+01 1.7588517120052276e+02
1.9438333333333335e-01 4.1366090019861183e+01 1.7577975606209739e+02
1.9538000000000003e-01 4.1190948414993841e+01 1.7567496942420007e+02
1.9637666666666670e-01 4.1015910936140202e+01 1.7557080753962390e+02
1.9737333333333335e-01 4.0840976962485684e+01 1.7546726668349643e+02
1.9837000000000002e-01 4.0666145876917078e+01 1.7536434315316438e+02
1.9936666666666669e-01 4.0491417066000508e+01 1.7526203326804398e+02
2.0036333333333337e-01 4.0316789919959469e+01 1.7516033336948757e+02
2.0136000000000004e-01 4.0142263832653036e+01 1.7505923982067827e+02
2.0235666666666668e-01 3.9967838201554173e+01 1.7495874900647854e+02
2.0335333333333336e-01 3.9793512427728189e+01 1.7485885733328223e+02
2.0435000000000003e-01 3.9619285915811346e+01 1.7475956122893606e+02
2.0534666666666671e-01 3.9445158073989539e+01 1.7466085714257997e+02
2.0634333333333335e-01 3.9271128313977144e+01 1.7456274154451208e+02
2.0734000000000002e-01 3.9097196050995962e+01 1.7446521092608037e+02
2.0833666666666670e-01 3.8923360703754355e+01 1.7436826179955460e+02
2.0933333333333337e-01 3.8749621694426402e+01 1.7427189069800608e+02
2.1033000000000002e-01 3.8575978448631282e+01 1.7417609417515425e+02
2.1132666666666669e-01 3.8402430395412694e+01 1.7408086880529100e+02
2.1232333333333336e-01 3.8228976967218465e+01 1.7398621118312377e+02
2.1332000000000004e-01 3.8055617599880257e+01 1.7389211792364463e+02
2.1431666666666668e-01 3.7882351732593392e+01 1.7379858566205189e+02
2.1531333333333336e-01 3.7709178807896755e+01 1.7370561105359928e+02
2.1631000000000003e-01 3.7536098271652925e+01 1.7361319077347866e+02
2.1730666666666670e-01 3.7363109573028311e+01 1.7352132151670995e+02
2.1830333333333335e-01 3.7190212164473479e+01 1.7342999999800634e+02
2.1930000000000002e-01 3.7017405501703550e+01 1.7333922295168009e+02
2.2029666666666670e-01 3.6844689043678763e+01 1.7324898713150364e+02
2.2129333333333337e-01 3.6672062252585107e+01 1.7315928931061103e+02
2.2229000000000002e-01 3.6499524593815103e+01 1.7307012628138361e+02
2.2328666666666669e-01 3.6327075535948651e+01 1.7298149485530644e+02
2.2428333333333336e-01 3.6154714550734077e+01 1.7289339186289720e+02
2.2528000000000004e-01 3.5982441113069214e+01 1.7280581415355365e+02
2.2627666666666668e-01 3.5810254700982625e+01 1.7271875859545409e+02
2.2727333333333335e-01 3.5638154795614952e+01 1.7263222207546710e+02
2.2827000000000003e-01 3.5466140881200332e+01 1.7254620149901959e+02
2.2926666666666670e-01 3.5294212445047982e+01 1.7246069378997666e+02
2.3026333333333335e-01 3.5122368977523855e+01 1.7237569589054914e+02
2.3126000000000002e-01 3.4950609972032410e+01 1.7229120476117461e+02
2.3225666666666669e-01 3.4778934924998516e+01 1.7220721738042135e+02
2.3325333333333337e-01 3.4607343335849407e+01 1.7212373074488349e+02
2.3425000000000004e-01 3.4435834706996808e+01 1.7204074186902562e+02
2.3524666666666669e-01 3.4264408543819151e+01 1.7195824778513867e+02
2.3624333333333336e-01 3.4093064354643857e+01 1.7187624554320919e+02
2.3724000000000003e-01 3.3921801650729776e+01 1.7179473221079849e+02
2.3823666666666671e-01 3.3750619946249699e+01 1.7171370487296139e+02
2.3923333333333335e-01 3.3579518758273004e+01 1.7163316063212517e+02
2.4023000000000003e-01 3.3408497606748341e+01 1.7155309660799941e+02
2.4122666666666670e-01 3.3237556014486515e+01 1.7147350993746903e+02
2.4222333333333337e-01 3.3066693507143391e+01 1.7139439777447765e+02
2.4322000000000002e-01 3.2895909613202960e+01 1.7131575728993863e+02
2.4421666666666669e-01 3.2725203863960438e+01 1.7123758567164484e+02
2.4521333333333337e-01 3.2554575793505535e+01 1.7115988012414371e+02
2.4621000000000004e-01 3.2384024938705785e+01 1.7108263786866007e+02
2.4720666666666669e-01 3.2213550839189992e+01 1.7100585614297862e+02
2.4820333333333336e-01 3.2043153037331734e+01 1.7092953220135351e+02
2.4920000000000003e-01 3.1872831078233045e+01 1.7085366331441278e+02
2.5019666666666668e-01 3.1702584509708121e+01 1.7077824676905007e+02
2.5119333333333332e-01 3.1532412882267156e+01 1.7070327986834172e+02
2.5219000000000003e-01 3.1362315749100258e+01 1.7062875993144493e+02
2.5318666666666667e-01 3.1192292666061501e+01 1.7055468429349452e+02
2.5418333333333337e-01 3.1022343191652986e+01 1.7048105030551903e+02
2.5518000000000002e-01 3.0852466887009125e+01 1.7040785533433936e+02
2.5617666666666666e-01 3.0682663315880887e+01 1.7033509676246817e+02
2.5717333333333336e-01 3.0512932044620214e+01 1.7026277198803268e+02
2.5817000000000001e-01 3.0343272642164553e+01 1.7019087842467147e+02
2.5916666666666666e-01 3.0173684680021378e+01 1.7011941350143962e+02
2.6016333333333336e-01 3.0004167732252895e+01 1.7004837466272554e+02
2.6116000000000000e-01 2.9834721375460845e+01 1.6997775936815466e+02
2.6215666666666670e-01 2.9665345188771283e+01 1.6990756509249076e+02
2.6315333333333335e-01 2.9496038753819626e+01 1.6983778932555606e+02
2.6415000000000005e-01 2.9326801654735597e+01 1.6976842957214757e+02
2.6514666666666670e-01 2.9157633478128432e+01 1.6969948335193476e+02
2.6614333333333334e-01 2.8988533813072038e+01 1.6963094819936657e+02
2.6714000000000004e-01 2.8819502251090324e+01 1.6956282166359571e+02
2.6813666666666669e-01 2.8650538386142617e+01 1.6949510130839906e+02
2.6913333333333339e-01 2.8481641814609080e+01 1.6942778471206790e+02
2.7013000000000004e-01 2.8312812135276353e+01 1.6936086946732772e+02
2.7112666666666668e-01 2.8144048949323139e+01 1.6929435318126616e+02
2.7212333333333338e-01 2.7975351860305977e+01 1.6922823347523266e+02
2.7312000000000003e-01 2.7806720474145084e+01 1.6916250798476196e+02
2.7411666666666668e-01 2.7638154399110206e+01 1.6909717435948318e+02
2.7511333333333338e-01 2.7469653245806644e+01 1.6903223026303934e+02
2.7611000000000002e-01 2.7301216627161356e+01 1.6896767337299912e+02
2.7710666666666672e-01 2.7132844158409046e+01 1.6890350138078625e+02
2.7810333333333337e-01 2.6964535457078483e+01 1.6883971199158646e+02
2.7910000000000001e-01 2.6796290142978755e+01 1.6877630292426178e+02
2.8009666666666672e-01 2.6628107838185706e+01 1.6871327191127816e+02
2.8109333333333336e-01 2.6459988167028445e+01 1.6865061669861672e+02
2.8209000000000001e-01 2.6291930756075860e+01 1.6858833504571149e+02
2.8308666666666671e-01 2.6123935234123280e+01 1.6852642472534012e+02
2.8408333333333335e-01 2.5956001232179251e+01 1.6846488352355905e+02
2.8508000000000006e-01 2.5788128383452250e+01 1.6840370923963812e+02
2.8607666666666670e-01 2.5620316323337665e+01 1.6834289968595499e+02
2.8707333333333335e-01 2.5452564689404678e+01 1.6828245268793637e+02
2.8807000000000005e-01 2.5284873121383338e+01 1.6822236608397478e+02
2.8906666666666669e-01 2.5117241261151698e+01 1.6816263772534347e+02
2.9006333333333334e-01 2.4949668752722964e+01 1.6810326547613235e+02
2.9106000000000004e-01 2.4782155242232786e+01 1.6804424721317233e+02
2.9205666666666669e-01 2.4614700377926631e+01 1.6798558082594067e+02
2.9305333333333339e-01 2.4447303810147140e+01 1.6792726421650224e+02
2.9405000000000003e-01 2.4279965191321704e+01 1.6786929529943100e+02
2.9504666666666668e-01 2.4112684175949958e+01 1.6781167200173874e+02
2.9604333333333338e-01 2.3945460420591463e+01 1.6775439226279153e+02
2.9704000000000003e-01 2.3778293583853447e+01 1.6769745403423448e+02
2.9803666666666673e-01 2.3611183326378544e+01 1.6764085527994209e+02
2.9903333333333337e-01 2.3444129310832711e+01 1.6758459397591673e+02
3.0003000000000002e-01 2.3277131201893120e+01 1.6752866811022767e+02
3.0102666666666672e-01 2.3110188666236184e+01 1.6747307568294747e+02
3.0202333333333337e-01 2.2943301372525664e+01 1.6741781470606514e+02
3.0302000000000001e-01 2.2776468991400773e+01 1.6736288320342231e+02
3.0401666666666671e-01 2.2609691195464421e+01 1.6730827921065000e+02
3.0501333333333336e-01 2.2442967659271535e+01 1.6725400077508601e+02
3.0601000000000006e-01 2.2276298059317348e+01 1.6720004595570944e+02
3.0700666666666671e-01 2.2109682074025926e+01 1.6714641282307292e+02
3.0800333333333335e-01 2.1943119383738580e+01 1.6709309945923292e+02
3.0900000000000005e-01 2.1776609670702477e+01 1.6704010395768580e+02
3.0999666666666670e-01 2.1610152619059296e+01 1.6698742442328492e+02
3.1099333333333334e-01 2.1443747914833889e+01 1.6693505897218728e+02
3.1199000000000005e-01 2.1277395245923071e+01 1.6688300573178657e+02
3.1298666666666669e-01 2.1111094302084485e+01 1.6683126284063457e+02
3.1398333333333339e-01 2.0944844774925450e+01 1.6677982844838601e+02
3.1498000000000004e-01 2.0778646357892008e+01 1.6672870071572200e+02
3.1597666666666668e-01 2.0612498746257888e+01 1.6667787781429095e+02
3.1697333333333338e-01 2.0446401637113645e+01 1.6662735792665194e+02
3.1797000000000003e-01 2.0280354729355849e+01 1.6657713924618992e+02
3.1896666666666668e-01 2.0114357723676267e+01 1.6652721997706223e+02
3.1996333333333338e-01 1.9948410322551183e+01 1.6647759833413193e+02
3.2096000000000002e-01 1.9782512230230793e+01 1.6642827254290862e+02
3.2195666666666672e-01 1.9616663152728560e+01 1.6637924083948789e+02
3.2295333333333337e-01 1.9450862797810768e+01 1.6633050147046959e+02
3.2395000000000002e-01 1.9285110874986021e+01 1.6628205269291121e+02
3.2494666666666672e-01 1.9119407095494871e+01 1.6623389277426924e+02
3.2594333333333336e-01 1.8953751172299523e+01 1.6618601999232175e+02
3.2694000000000001e-01 1.8788142820073521e+01 1.6613843263511302e+02
3.2793666666666671e-01 1.8622581755191565e+01 1.6609112900090645e+02
3.2893333333333336e-01 1.8457067695719395e+01 1.6604410739810405e+02
3.2993000000000006e-01 1.8291600361403649e+01 1.6599736614518773e+02
3.3092666666666670e-01 1.8126179473661917e+01 1.6595090357067116e+02
3.3192333333333335e-01 1.7960804755572706e+01 1.6590471801303403e+02
3.3292000000000005e-01 1.7795475931865575e+01 1.6585880782066104e+02
3.3391666666666669e-01 1.7630192728911307e+01 1.6581317135178702e+02
3.3491333333333340e-01 1.7464954874712070e+01 1.6576780697442905e+02
3.3591000000000004e-01 1.7299762098891762e+01 1.6572271306633297e+02
3.3690666666666669e-01 1.7134614132686270e+01 1.6567788801492887e+02
3.3790333333333339e-01 1.6969510708933893e+01 1.6563333021725279e+02
3.3890000000000003e-01 1.6804451562065818e+01 1.6558903807989208e+02
3.3989666666666668e-01 1.6639436428096566e+01 1.6554501001894519e+02
3.4089333333333338e-01 1.6474465044614576e+01 1.6550124445995201e+02
3.4189000000000003e-01 1.6309537150772847e+01 1.6545773983783391e+02
3.4288666666666673e-01 1.6144652487279558e+01 1.6541449459684713e+02
3.4388333333333337e-01 1.5979810796388856e+01 1.6537150719052485e+02
3.4488000000000002e-01 1.5815011821891575e+01 1.6532877608161763e+02
3.4587666666666672e-01 1.5650255309106113e+01 1.6528629974204156e+02
3.4687333333333337e-01 1.5485541004869342e+01 1.6524407665282502e+02
3.4787000000000001e-01 1.5320868657527502e+01 1.6520210530405262e+02
3.4886666666666671e-01 1.5156238016927229e+01 1.6516038419481049e+02
3.4986333333333336e-01 1.4991648834406641e+01 1.6511891183313307e+02
3.5086000000000006e-01 1.4827100862786375e+01 1.6507768673595024e+02
3.5185666666666671e-01 1.4662593856360829e+01 1.6503670742903495e+02
3.5285333333333335e-01 1.4498127570889300e+01 1.6499597244694976e+02
3.5385000000000005e-01 1.4333701763587289e+01 1.6495548033299400e+02
3.5484666666666670e-01 1.4169316193117840e+01 1.6491522963915170e+02
3.5584333333333334e-01 1.4004970619582856e+01 1.6487521892603985e+02
3.5684000000000005e-01 1.3840664804514550e+01 1.6483544676285791e+02
3.5783666666666669e-01 1.3676398510866939e+01 1.6479591172733768e+02
3.5883333333333339e-01 1.3512171503007309e+01 1.6475661240568752e+02
3.5983000000000004e-01 1.3347983546707860e+01 1.6471754739254533e+02
3.6082666666666668e-01 1.3183834409137265e+01 1.6467871529093051e+02
3.6182333333333339e-01 1.3019723858852371e+01 1.6464011471219112e+02
3.6282000000000003e-01 1.2855651665789951e+01 1.6460174427595146e+02
3.6381666666666673e-01 1.2691617601258413e+01 1.6456360261006773e+02
3.6481333333333338e-01 1.2527621437929694e+01 1.6452568835057852e+02
3.6581000000000002e-01 1.2363662949831069e+01 1.6448800014165278e+02
3.6680666666666673e-01 1.2199741912337094e+01 1.6445053663554293e+02
3.6780333333333337e-01 1.2035858102161605e+01 1.6441329649253822e+02
3.6880000000000002e-01 1.1872011297349671e+01 1.6437627838091490e+02
3.6979666666666672e-01 1.1708201277269694e+01 1.6433948097688736e+02
3.7079333333333336e-01 1.1544427822605540e+01 1.6430290296456675e+02
3.7179000000000006e-01 1.1380690715348633e+01 1.6426654303590482e+02
3.7278666666666671e-01 1.1216989738790234e+01 1.6423039989065430e+02
3.7378333333333336e-01 1.1053324677513627e+01 1.6419447223632145e+02
3.7478000000000006e-01 1.0889695317386444e+01 1.6415875878811715e+02
3.7577666666666670e-01 1.0726101445553027e+01 1.6412325826891310e+02
3.7677333333333335e-01 1.0562542850426773e+01 1.6408796940919461e+02
3.7777000000000005e-01 1.0399019321682589e+01 1.6405289094701692e+02
3.7876666666666670e-01 1.0235530650249398e+01 1.6401802162795633e+02
3.7976333333333340e-01 1.0072076628302600e+01 1.6398336020507287e+02
3.8076000000000004e-01 9.9086570492567105e+00 1.6394890543885811e+02
3.8175666666666669e-01 9.7452717077579152e+00 1.6391465609719151e+02
3.8275333333333339e-01 9.5819203996767488e+00 1.6388061095530520e+02
3.8375000000000004e-01 9.4186029221008187e+00 1.6384676879573038e+02
3.8474666666666668e-01 9.2553190733275041e+00 1.6381312840825362e+02
3.8574333333333338e-01 9.0920686528567636e+00 1.6377968858987771e+02
3.8674000000000003e-01 8.9288514613839958e+00 1.6374644814478143e+02
3.8773666666666673e-01 8.7656673007928436e+00 1.6371340588427540e+02
3.8873333333333338e-01 8.6025159741481865e+00 1.6368056062674978e+02
3.8973000000000002e-01 8.4393972856890347e+00 1.6364791119764320e+02
3.9072666666666672e-01 8.2763110408215521e+00 1.6361545642939919e+02
3.9172333333333337e-01 8.1132570461121301e+00 1.6358319516142046e+02
3.9272000000000007e-01 7.9502351092804018e+00 1.6355112624002854e+02
3.9371666666666671e-01 7.7872450391924435e+00 1.6351924851842341e+02
3.9471333333333336e-01 7.6242866458538705e+00 1.6348756085664598e+02
3.9571000000000006e-01 7.4613597404030738e+00 1.6345606212153049e+02
3.9670666666666671e-01 7.2984641351044921e+00 1.6342475118666624e+02
3.9770333333333335e-01 7.1355996433418465e+00 1.6339362693236191e+02
3.9870000000000005e-01 6.9727660796114899e+00 1.6336268824560051e+02
3.9969666666666670e-01 6.8099632595158033e+00 1.6333193401999884e+02
4.0069333333333340e-01 6.6471909997565382e+00 1.6330136315577226e+02
4.0169000000000005e-01 6.4844491181283344e+00 1.6327097455969420e+02
4.0268666666666669e-01 6.3217374335121379e+00 1.6324076714505418e+02
4.0368333333333339e-01 6.1590557658687564e+00 1.6321073983162046e+02
4.0468000000000004e-01 5.9964039362324435e+00 1.6318089154560352e+02
4.0567666666666669e-01 5.8337817667044467e+00 1.6315122121961480e+02
4.0667333333333339e-01 5.6711890804466725e+00 1.6312172779263028e+02
4.0767000000000003e-01 5.5086257016753892e+00 1.6309241020995134e+02
4.0866666666666673e-01 5.3460914556548795e+00 1.6306326742316793e+02
4.0966333333333338e-01 5.1835861686912610e+00 1.6303429839012102e+02
4.1066000000000003e-01 5.0211096681262131e+00 1.6300550207486469e+02
4.1165666666666673e-01 4.8586617823308309e+00 1.6297687744763005e+02
4.1265333333333337e-01 4.6962423406995137e+00 1.6294842348478664e+02
4.1365000000000002e-01 4.5338511736438090e+00 1.6292013916880768e+02
4.1464666666666672e-01 4.3714881125863778e+00 1.6289202348823338e+02
4.1564333333333336e-01 4.2091529899549904e+00 1.6286407543763522e+02
4.1664000000000007e-01 4.0468456391764702e+00 1.6283629401757761e+02
4.1763666666666671e-01 3.8845658946708137e+00 1.6280867823458340e+02
4.1863333333333336e-01 3.7218882905892503e+00 1.6363467443745694e+02
4.1963000000000006e-01 3.5590991001607759e+00 1.6303259732535651e+02
4.2062666666666670e-01 3.3974731812726762e+00 1.6130035027618803e+02
4.2162333333333335e-01 3.2365938695250902e+00 1.6153438901663321e+02
4.2262000000000005e-01 3.0750334582716690e+00 1.6266710513737826e+02
4.2361666666666670e-01 2.9124155578018374e+00 1.6365644095593592e+02
4.2461333333333340e-01 2.7488703706720017e+00 1.6452788104372291e+02
4.2561000000000004e-01 2.5842989753731911e+00 1.6571572156259273e+02
4.2660666666666669e-01 2.4184104278274714e+00 1.6717099592046389e+02
4.2760333333333339e-01 2.2513241360522720e+00 1.6811922168862040e+02
4.2860000000000004e-01 2.0841160651888453e+00 1.6741536867277779e+02
4.2959666666666674e-01 1.9188502568509254e+00 1.6422170491501021e+02
4.3059333333333338e-01 1.7580086237842294e+00 1.5853742498472093e+02
4.3159000000000003e-01 1.6036405278730341e+00 1.5123132935213229e+02
4.3258666666666673e-01 1.4567411351048896e+00 1.4355006081804703e+02
4.3358333333333338e-01 1.3172715683660967e+00 1.3632197946047302e+02
4.3458000000000002e-01 1.1848700112386610e+00 1.2936676393906919e+02
4.3557666666666672e-01 1.0596385736605887e+00 1.2193377969584975e+02
4.3657333333333337e-01 9.4228166874397923e-01 1.1356502615688321e+02
4.3757000000000007e-01 8.3359658260237546e-01 1.0453213666906994e+02
4.3856666666666672e-01 7.3385666769560676e-01 9.5614849765921591e+01
4.3956333333333336e-01 6.4263077712088246e-01 8.7447138009448764e+01
4.4056000000000006e-01 5.5914098868748685e-01 8.0090898980636879e+01
4.4155666666666671e-01 4.8279770178898118e-01 7.3106332253825940e+01
4.4255333333333335e-01 4.1349607126170562e-01 6.5960484857766730e+01
4.4355000000000006e-01 3.5147755375068929e-01 5.8491389746275082e+01
4.4454666666666670e-01 2.9688315420983535e-01 5.1062589265474266e+01
4.4554333333333340e-01 2.4942467469040977e-01 4.4171817796914922e+01
4.4654000000000005e-01 2.0848288809939261e-01 3.7985613489408848e+01
4.4753666666666669e-01 1.7338787448541293e-01 3.2439162993495003e+01
4.4853333333333339e-01 1.4361481586927044e-01 2.7306105132541369e+01
4.4953000000000004e-01 1.1885225358561255e-01 2.2384655302893581e+01
4.5052666666666669e-01 9.8823995090021363e-02 1.7805829972541094e+01
4.5152333333333339e-01 8.3008503289396629e-02 1.3930942871520823e+01
4.5252000000000003e-01 7.0608002532453043e-02 1.0953005135724341e+01
4.5351666666666673e-01 6.0836305652293129e-02 8.6557511455323208e+00
4.5451333333333338e-01 5.3116504944777633e-02 6.8354877324255297e+00
4.5551000000000003e-01 4.6947303279303763e-02 5.5441811615022276e+00
4.5650666666666673e-01 4.1760977809019141e-02 4.8631609193361163e+00
4.5750333333333337e-01 3.7093402364503494e-02 4.5032112101269188e+00
4.5850000000000007e-01 3.2766464563709047e-02 4.1796071192261843e+00
4.5949666666666672e-01 2.8563066301739840e-02 4.2553057810466584e+00
4.6049333333333337e-01 2.4049159025223726e-02 4.8027021316948968e+00
4.6149000000000007e-01 1.9024904587778658e-02 5.2794137962881704e+00
4.6248666666666671e-01 1.3711299074722218e-02 5.3833397416179549e+00
4.6348333333333336e-01 8.5306406072582081e-03 5.0126304272063651e+00
4.6448000000000006e-01 4.0524787071565312e-03 3.9736476331980262e+00
4.6547666666666671e-01 1.0361388183064738e-03 2.0792083310497080e+00
4.6647333333333341e-01 0.0000000000000000e+00 -0.0000000000000000e+00
4.6747000000000005e-01 3.5707325801974990e-04 -7.1653496592593457e-01
4.6846666666666670e-01 2.6351386442851669e-03 -3.8548337021652990e+00
4.6946333333333340e-01 8.2129321912129058e-03 -7.3380630475220823e+00
4.7046000000000004e-01 1.7459027197121377e-02 -1.1215973753632435e+01
4.7145666666666669e-01 3.0832840612366900e-02 -1.5621110022780551e+01
4.7245333333333339e-01 4.8938528539235346e-02 -2.0711374111402368e+01
4.7345000000000004e-01 7.2362760977074655e-02 -2.6293774593292891e+01
4.7444666666666674e-01 1.0142592367870482e-01 -3.2026953236063257e+01
4.7544333333333338e-01 1.3610496136729094e-01 -3.7563088948391957e+01
4.7644000000000003e-01 1.7598291745236927e-01 -4.2459565402937436e+01
4.7743666666666673e-01 2.2036915517303027e-01 -4.6609807949556476e+01
4.7843333333333338e-01 2.6871052091066794e-01 -5.0396277142695105e+01
4.7943000000000002e-01 3.2113559194265762e-01 -5.4804534292737941e+01
4.8042666666666672e-01 3.7850978270571661e-01 -6.0327621084633982e+01
4.8142333333333337e-01 4.4157548931594176e-01 -6.6225636327191737e+01
4.8242000000000007e-01 5.1033228709227318e-01 -7.1747870916277861e+01
4.8341666666666672e-01 5.8421533658565328e-01 -7.6512429070441073e+01
4.8441333333333336e-01 6.6242463524806683e-01 -8.0429307375877130e+01
4.8541000000000006e-01 7.4425928452943146e-01 -8.3787380145250310e+01
4.8640666666666671e-01 8.2953781358181877e-01 -8.7340102903022043e+01
4.8740333333333336e-01 9.1850920487012788e-01 -9.1197806036732501e+01
4.8840000000000006e-01 1.0111498470401623e+00 -9.4703148150621061e+01
4.8939666666666670e-01 1.1069740998692574e+00 -9.7586322409440314e+01
4.9039333333333340e-01 1.2053679894728777e+00 -9.9859609905509799e+01
4.9139000000000005e-01 1.3058772775346665e+00 -1.0183126914825127e+02
4.9238666666666669e-01 1.4086265815998045e+00 -1.0435462529684609e+02
4.9338333333333340e-01 1.5144930442106728e+00 -1.0808643679853421e+02
4.9438000000000004e-01 1.6242210511837085e+00 -1.1210354374936816e+02
4.9537666666666674e-01 1.7373258775395573e+00 -1.1486266298476836e+02
4.9637333333333339e-01 1.8522258937916360e+00 -1.1570593150101351e+02
4.9737000000000003e-01 1.9670210714340399e+00 -1.1465228450381537e+02
4.9836666666666674e-01 2.0800786175226107e+00 -1.1221904543979716e+02
4.9936333333333338e-01 2.1907598396991728e+00 -1.0988374153658593e+02
5.0036000000000003e-01 2.2993569131871778e+00 -1.0803680726877985e+02
5.0135666666666667e-01 2.4055968011142732e+00 -1.0515360328726918e+02
5.0235333333333332e-01 2.5078575054679746e+00 -1.0005182350946011e+02
5.0335000000000008e-01 2.6037216433966193e+00 -9.2317684039641932e+01
5.0434666666666672e-01 2.6906128034076828e+00 -8.2045847755138112e+01
5.0534333333333337e-01 2.7663223830499621e+00 -6.9879730122348917e+01
5.0634000000000001e-01 2.8302866607219346e+00 -5.8476679921745962e+01
5.0733666666666666e-01 2.8837914140037637e+00 -4.8890717968214318e+01
5.0833333333333330e-01 2.9285409823920174e+00 -4.0907747024938800e+01
5.0933000000000006e-01 2.9661781652070123e+00 -3.4618372336247745e+01
5.1032666666666671e-01 2.9982668773284749e+00 -2.9773692121537660e+01
5.1132333333333335e-01 3.0258669381427445e+00 -2.5611045298402619e+01
5.1232000000000000e-01 3.0490891193427583e+00 -2.0988649417344678e+01
5.1331666666666675e-01 3.0674884682695476e+00 -1.5933121004303004e+01
5.1431333333333340e-01 3.0812923338970495e+00 -1.1766943800049486e+01
5.1531000000000005e-01 3.0919945774086655e+00 -9.7091301363044593e+00
5.1630666666666669e-01 3.1018415063696367e+00 -1.0050593531197276e+01
5.1730333333333334e-01 3.1132999809294755e+00 -1.2943000903261929e+01
5.1830000000000009e-01 3.1289353791443739e+00 -1.8432380129976117e+01
5.1929666666666674e-01 3.1506968983108994e+00 -2.5236220204190044e+01
5.2029333333333339e-01 3.1788194548119293e+00 -3.1197003543697420e+01
5.2129000000000003e-01 3.2122060477642078e+00 -3.5799504052849919e+01
5.2228666666666668e-01 3.2496442989731382e+00 -3.9327421450022243e+01
5.2328333333333343e-01 3.2901925867735313e+00 -4.2040380156110238e+01
5.2428000000000008e-01 3.3332193736569979e+00 -4.4300998205363051e+01
5.2527666666666673e-01 3.3785272868423415e+00 -4.6617891129776289e+01
5.2627333333333337e-01 3.4265280145108115e+00 -4.9704639308627058e+01
5.2727000000000002e-01 3.4777419888946199e+00 -5.3065877849519381e+01
5.2826666666666677e-01 3.5316292625599051e+00 -5.5069119472113520e+01
5.2926333333333342e-01 3.5864034359325299e+00 -5.4845609703724257e+01
5.3026000000000006e-01 3.6397784956256785e+00 -5.2261533493231653e+01
5.3125666666666671e-01 3.6897140022678525e+00 -4.7943496557956045e+01
5.3225333333333336e-01 3.7349851389692899e+00 -4.2901593812822796e+01
5.3325000000000000e-01 3.7753983548331314e+00 -3.8195160429001149e+01
5.3424666666666676e-01 3.8112856621780828e+00 -3.3819503139456899e+01
5.3524333333333340e-01 3.8425659823277512e+00 -2.8950370070581553e+01
5.3624000000000005e-01 3.8684326267714102e+00 -2.2955939849805418e+01
5.3723666666666670e-01 3.8879348347423317e+00 -1.6178925643683492e+01
5.3823333333333334e-01 3.9012945752787198e+00 -1.0629918242046111e+01
5.3923000000000010e-01 3.9094501823697057e+00 -5.7358484957164872e+00
5.4022666666666674e-01 3.9133975412257835e+00 -2.1852729546072154e+00
5.4122333333333339e-01 3.9150940761515955e+00 -1.2191449567214561e+00
5.4222000000000004e-01 3.9162226771588915e+00 -1.0456062284879120e+00
5.4321666666666668e-01 3.9170882995891958e+00 -6.9142874871105042e-01
5.4421333333333344e-01 3.9174600414235248e+00 -5.4541487400544264e-02
5.4521000000000008e-01 3.9175148422203860e+00 -5.5426666835683494e-02
5.4620666666666673e-01 3.9175424631760256e+00 -0.0000000000000000e+00
5.4720333333333337e-01 3.9169831186728699e+00 1.1224304411150861e+00
5.4820000000000002e-01 3.9149604748416835e+00 2.9363866114329760e+00
5.4919666666666667e-01 3.9112307072136021e+00 4.5480969231786750e+00
5.5019333333333342e-01 3.9060714045796114e+00 5.8050187303130754e+00
5.5119000000000007e-01 3.8996863424282884e+00 7.0078150181616659e+00
5.5218666666666671e-01 3.8920375146148962e+00 8.3410033364719993e+00
5.5318333333333336e-01 3.8831487996255940e+00 9.4958829296870633e+00
5.5418000000000001e-01 3.8732224176127228e+00 1.0423278300155019e+01
5.5517666666666676e-01 3.8624477800900561e+00 1.1198067899174653e+01
5.5617333333333341e-01 3.8509008395900262e+00 1.1973050161086695e+01
5.5717000000000005e-01 3.8383823273809718e+00 1.3147710124641343e+01
5.5816666666666670e-01 3.8241527166496612e+00 1.5406692680664635e+01
5.5916333333333335e-01 3.8068399047527679e+00 1.9334735874975141e+01
5.6016000000000010e-01 3.7845948283899498e+00 2.5304213348067119e+01
5.6115666666666675e-01 3.7553388847625686e+00 3.3403365837313991e+01
5.6215333333333339e-01 3.7177048681919715e+00 4.2116399856193475e+01
5.6315000000000004e-01 3.6721792409414178e+00 4.9239373890739209e+01
5.6414666666666669e-01 3.6206644471063587e+00 5.4134794340151153e+01
5.6514333333333344e-01 3.5650672573766977e+00 5.7431472675880734e+01
5.6614000000000009e-01 3.5071668292932938e+00 5.8756677324263606e+01
5.6713666666666673e-01 3.4484239745596899e+00 5.9121960937151762e+01
5.6813333333333338e-01 3.3886515056383830e+00 6.0822792751092308e+01
5.6913000000000002e-01 3.3263931918016083e+00 6.4110278493274365e+01
5.7012666666666667e-01 3.2602172132850571e+00 6.8684327225559926e+01
5.7112333333333343e-01 3.1888472695941323e+00 7.4532951083975121e+01
5.7212000000000007e-01 3.1112956221479098e+00 8.1089083925170073e+01
5.7311666666666672e-01 3.0279452649302114e+00 8.6169157983257790e+01
5.7411333333333336e-01 2.9404213787313571e+00 8.9464058469296390e+01
5.7511000000000001e-01 2.8497714674350321e+00 9.2442118045072093e+01
5.7610666666666677e-01 2.7563519879234253e+00 9.5021720439740278e+01
5.7710333333333341e-01 2.6605773192782225e+00 9.7168250085753897e+01
5.7810000000000006e-01 2.5627043005405055e+00 9.9232456411340820e+01
5.7909666666666670e-01 2.4625171334480003e+00 1.0181202604854049e+02
5.8009333333333335e-01 2.3594918267696712e+00 1.0492771979426433e+02
5.8109000000000011e-01 2.2535623382584498e+00 1.0763981567973963e+02
5.8208666666666675e-01 2.1455997318767999e+00 1.0900755498578322e+02
5.8308333333333340e-01 2.0371250049738645e+00 1.0866748227763703e+02
5.8408000000000004e-01 1.9297150920765871e+00 1.0687080447275687e+02
5.8507666666666669e-01 1.8243998478000862e+00 1.0446413387474072e+02
5.8607333333333345e-01 1.7210904193501873e+00 1.0284575599125834e+02
5.8707000000000009e-01 1.6190432526205929e+00 1.0193116721194524e+02
5.8806666666666674e-01 1.5184237995993217e+00 9.9980778650141673e+01
5.8906333333333338e-01 1.4208554393159549e+00 9.5808573089059834e+01
5.9006000000000003e-01 1.3285815990788441e+00 8.9356323707821900e+01
5.9105666666666667e-01 1.2433152589627861e+00 8.1746699936445196e+01
5.9205333333333343e-01 1.1652554969723070e+00 7.4894962920689309e+01
5.9305000000000008e-01 1.0929660933699146e+00 7.0167385445318544e+01
5.9404666666666672e-01 1.0252282245421096e+00 6.5761448322854946e+01
5.9504333333333337e-01 9.6357828246104815e-01 5.7950810033792806e+01
5.9604000000000001e-01 9.1270163822461714e-01 4.4142790440652803e+01
5.9703666666666677e-01 8.7811980052968752e-01 2.5252201589299993e+01
5.9803333333333342e-01 8.6164780586076273e-01 7.8019683148976311e+00
5.9903000000000006e-01 8.5775982498383885e-01 -0.0000000000000000e+00
6.0002666666666671e-01 8.6091405618333416e-01 -6.3295609354423341e+00
6.0102333333333335e-01 8.7326382625870513e-01 -1.8452586372994826e+01
6.0202000000000011e-01 8.9729418063016742e-01 -2.9768860526256255e+01
6.0301666666666676e-01 9.3092678658232575e-01 -3.7721318641955769e+01
6.0401333333333340e-01 9.7126311969120649e-01 -4.3221155824027377e+01
6.0501000000000005e-01 1.0169717573137260e+00 -4.8501862816482110e+01
6.0600666666666669e-01 1.0694201380456090e+00 -5.6745723936462504e+01
6.0700333333333334e-01 1.1318740665482334e+00 -6.8579885098906900e+01
6.0800000000000010e-01 1.2055863874284036e+00 -7.9337815663963241e+01
6.0899666666666674e-01 1.2871736530330555e+00 -8.4382449763435318e+01
6.0999333333333339e-01 1.3699990486051485e+00 -8.1822357404647931e+01
6.1099000000000003e-01 1.4471286923338595e+00 -7.2952847402133202e+01
6.1198666666666668e-01 1.5143323245821503e+00 -6.1903939718185647e+01
6.1298333333333344e-01 1.5718674104014099e+00 -5.3551081992692779e+01
6.1398000000000008e-01 1.6225297221148798e+00 -4.8112419773469831e+01
6.1497666666666673e-01 1.6680694647963186e+00 -4.3271679252830623e+01
6.1597333333333337e-01 1.7084022990516503e+00 -3.7663774102351880e+01
6.1697000000000002e-01 1.7425785403249445e+00 -3.0917312064795293e+01
6.1796666666666678e-01 1.7696094681971757e+00 -2.3325352561750559e+01
6.1896333333333342e-01 1.7891680481374990e+00 -1.5922633940571256e+01
6.1996000000000007e-01 1.8019254316317055e+00 -9.6774667166998203e+00
6.2095666666666671e-01 1.8088626215887702e+00 -4.2433158058381455e+00
6.2195333333333336e-01 1.8110072506990691e+00 -6.0287759979321585e-02
6.2295000000000011e-01 1.8110372940994588e+00 -0.0000000000000000e+00
6.2394666666666676e-01 1.8101917129936982e+00 1.6968182724293264e+00
6.2494333333333341e-01 1.8083414036616821e+00 2.0161770426532448e+00
6.2594000000000005e-01 1.8066508287902765e+00 1.3762808932778507e+00
6.2693666666666670e-01 1.8057025665309303e+00 5.2658651678129775e-01
6.2793333333333334e-01 1.8052613067027392e+00 3.5888471035800762e-01
6.2893000000000010e-01 1.8048195926706883e+00 5.2749796265372462e-01
6.2992666666666675e-01 1.8038732551559844e+00 1.3715070835748080e+00
6.3092333333333339e-01 1.8013007310904032e+00 3.7907485664208727e+00
6.3192000000000004e-01 1.7954268027304099e+00 7.9963986442682318e+00
6.3291666666666668e-01 1.7851015780839361e+00 1.2723115696482244e+01
6.3391333333333344e-01 1.7703015349422762e+00 1.6975967530926294e+01
6.3491000000000009e-01 1.7517696625560730e+00 2.0211736254097676e+01
6.3590666666666673e-01 1.7306159494114048e+00 2.2237186444234069e+01
6.3690333333333338e-01 1.7080954839542533e+00 2.2954383035000848e+01
6.3790000000000002e-01 1.6852195445117908e+00 2.2950512167265792e+01
6.3889666666666678e-01 1.6620928533702148e+00 2.3457563702113184e+01
6.3989333333333343e-01 1.6379104720980793e+00 2.5068953900835321e+01
6.4089000000000007e-01 1.6121803137803319e+00 2.6563470817053538e+01
6.4188666666666672e-01 1.5860170072382147e+00 2.5938147662112620e+01
6.4288333333333336e-01 1.5620926299046989e+00 2.2070636284742985e+01
6.4388000000000001e-01 1.5436175381745021e+00 1.5003126384549001e+01
6.4487666666666676e-01 1.5327819658845410e+00 6.7404969397856727e+00
6.4587333333333341e-01 1.5294229515762146e+00 -0.0000000000000000e+00
6.4687000000000006e-01 1.5294719271089905e+00 -9.8278661088982103e-02
6.4786666666666670e-01 1.5316725003771243e+00 -4.3175874288116853e+00
6.4886333333333335e-01 1.5375357730353660e+00 -7.4481771027772838e+00
6.4986000000000010e-01 1.5459790725799791e+00 -9.4948989064781433e+00
6.5085666666666675e-01 1.5560207772010615e+00 -1.0655678928469960e+01
6.5185333333333340e-01 1.5671127673626168e+00 -1.1602495308765516e+01
6.5285000000000004e-01 1.5795459209334359e+00 -1.3346976739701466e+01
6.5384666666666669e-01 1.5941108480184598e+00 -1.5880301691785300e+01
6.5484333333333344e-01 1.6108609471022357e+00 -1.7731937272310496e+01
6.5584000000000009e-01 1.6286293003123755e+00 -1.7923621008907247e+01
6.5683666666666674e-01 1.6455734517796379e+00 -1.6078020731419308e+01
6.5783333333333338e-01 1.6597120849563771e+00 -1.2293818419228577e+01
6.5883000000000003e-01 1.6693972031442088e+00 -7.1412013556850198e+00
6.5982666666666678e-01 1.6747091410078323e+00 -3.5182057285082231e+00
6.6082333333333343e-01 1.6771228454595035e+00 -1.3253483551130982e+00
6.6182000000000007e-01 1.6777833107231348e+00 -0.0000000000000000e+00
6.6281666666666672e-01 1.6768408384319184e+00 1.8912487449158357e+00
6.6381333333333337e-01 1.6740564825372837e+00 3.6960874984984966e+00
6.6481000000000001e-01 1.6697498806179121e+00 4.9459230420466600e+00
6.6580666666666677e-01 1.6643244954588021e+00 5.9411374779053636e+00
6.6680333333333341e-01 1.6579267291548461e+00 6.8971895534448660e+00
6.6780000000000006e-01 1.6505413921284176e+00 7.9228847470809338e+00
6.6879666666666671e-01 1.6422150802846347e+00 8.7854333340892055e+00
6.6979333333333335e-01 1.6332562050657238e+00 9.1922426904816987e+00
6.7079000000000011e-01 1.6240989621068835e+00 9.1834956884604484e+00
6.7178666666666675e-01 1.6150023953915806e+00 9.0704843422481769e+00
6.7278333333333340e-01 1.6059528402394978e+00 9.0891581034035056e+00
6.7378000000000005e-01 1.5969373155023516e+00 9.0021958841812495e+00
6.7477666666666669e-01 1.5884081531728076e+00 8.1131800279474930e+00
6.7577333333333345e-01 1.5814225010199707e+00 5.9048510479782506e+00
6.7677000000000009e-01 1.5769537802893667e+00 3.0624815217956369e+00
6.7776666666666674e-01 1.5754276436643386e+00 -0.0000000000000000e+00
6.7876333333333339e-01 1.5756556877534733e+00 -4.5761355679221222e-01
6.7976000000000003e-01 1.5784973055805736e+00 -5.2446295745127465e+00
6.8075666666666679e-01 1.5857926363734782e+00 -9.3948302105790624e+00
6.8175333333333343e-01 1.5969798764300658e+00 -1.3054480939764245e+01
6.8275000000000008e-01 1.6118987338528163e+00 -1.6883025594184137e+01
6.8374666666666672e-01 1.6307727255802444e+00 -2.0991205296976670e+01
6.8474333333333337e-01 1.6539738229481638e+00 -2.5566180725604710e+01
6.8574000000000002e-01 1.6818371739219462e+00 -3.0346898151551976e+01
6.8673666666666677e-01 1.7145134188912052e+00 -3.5224161987423258e+01
6.8773333333333342e-01 1.7524997256014851e+00 -4.1002540441233648e+01
6.8873000000000006e-01 1.7966091245171520e+00 -4.7511303536694889e+01
6.8972666666666671e-01 1.8473241720163722e+00 -5.4258022548698676e+01
6.9072333333333336e-01 1.9049293924306667e+00 -6.1337737479988562e+01
6.9172000000000011e-01 1.9700096880089550e+00 -6.9258173379441075e+01
6.9271666666666676e-01 2.0433096679036655e+00 -7.7832087278844142e+01
6.9371333333333340e-01 2.1251336684200308e+00 -8.6363231483096456e+01
6.9471000000000005e-01 2.2150742780440980e+00 -9.4119597193964950e+01
6.9570666666666670e-01 2.3117629864185147e+00 -9.9904566768079349e+01
6.9670333333333345e-01 2.4130618289624550e+00 -1.0337070255084589e+02
6.9770000000000010e-01 2.5170744028949903e+00 -1.0535018159471467e+02
6.9869666666666674e-01 2.6232426929115129e+00 -1.0769655422439850e+02
6.9969333333333339e-01 2.7324962554630470e+00 -1.1154136393921975e+02
7.0069000000000004e-01 2.8454817432280679e+00 -1.1518536736183033e+02
7.0168666666666668e-01 2.9607137723223182e+00 -1.1604947362998161e+02
7.0268333333333344e-01 3.0749565690281493e+00 -1.1320028564591307e+02
7.0368000000000008e-01 3.1846699479063347e+00 -1.0696034086550038e+02
7.0467666666666673e-01 3.2871929650684621e+00 -9.8771466148806596e+01
7.0567333333333337e-01 3.3819129992524637e+00 -9.1302181043173675e+01
7.0667000000000002e-01 3.4703474702953607e+00 -8.6158295965987563e+01
7.0766666666666678e-01 3.5545903239202890e+00 -8.2890908632515718e+01
7.0866333333333342e-01 3.6361371594337850e+00 -8.0748226177178552e+01
7.0966000000000007e-01 3.7159099282611585e+00 -7.9330908593474305e+01
7.1065666666666671e-01 3.7944506998664229e+00 -7.8275990948865726e+01
7.1165333333333336e-01 3.8718752036957023e+00 -7.7090906367417119e+01
7.1265000000000012e-01 3.9478276898990563e+00 -7.5322109425253132e+01
7.1364666666666676e-01 4.0220641640320087e+00 -7.3647403885022825e+01
7.1464333333333341e-01 4.0952992436381086e+00 -7.3312622080398427e+01
7.1564000000000005e-01 4.1691421346253303e+00 -7.4867092275234185e+01
7.1663666666666670e-01 4.2454885010568546e+00 -7.8336318624148888e+01
7.1763333333333346e-01 4.3260760550154789e+00 -8.3377836476755107e+01
7.1863000000000010e-01 4.4121014300981960e+00 -8.9248334257797239e+01
7.1962666666666675e-01 4.5039203650918385e+00 -9.5003709207710429e+01
7.2062333333333339e-01 4.6011933604986535e+00 -1.0019293709359388e+02
7.2162000000000004e-01 4.7033798175201671e+00 -1.0486349840108655e+02
7.2261666666666668e-01 4.8100149266614807e+00 -1.0911999820356053e+02
7.2361333333333344e-01 4.9208083258369548e+00 -1.1320789311844125e+02
7.2461000000000009e-01 5.0357627560090590e+00 -1.1746989318010081e+02
7.2560666666666673e-01 5.1551840688521056e+00 -1.2217153727417779e+02
7.2660333333333338e-01 5.2793827875020423e+00 -1.2705666068556613e+02
7.2760000000000002e-01 5.4081107022446169e+00 -1.3126022508549244e+02
7.2859666666666678e-01 5.5402465063987067e+00 -1.3389523475546667e+02
7.2959333333333343e-01 5.6740048847667381e+00 -1.3451622685262825e+02
7.3059000000000007e-01 5.8074738744727377e+00 -1.3331452172129030e+02
7.3158666666666672e-01 5.9391954104282618e+00 -1.3100963069782787e+02
7.3258333333333336e-01 6.0684967558734169e+00 -1.2845795213526506e+02
7.3358000000000012e-01 6.1954012914080838e+00 -1.2619997870350792e+02
7.3457666666666677e-01 6.3202388077411129e+00 -1.2431008751662320e+02
7.3557333333333341e-01 6.4433270254246153e+00 -1.2268968041014188e+02
7.3657000000000006e-01 6.5650863721446573e+00 -1.2164345682071615e+02
7.3756666666666670e-01 6.6865158725535805e+00 -1.2202778145806522e+02
7.3856333333333335e-01 6.8090849390111439e+00 -1.2393021143337148e+02
7.3956000000000011e-01 6.9327806190685370e+00 -1.2428854453461983e+02
7.4055666666666675e-01 7.0562287693119909e+00 -1.2343349608770168e+02
7.4155333333333340e-01 7.1792624302837087e+00 -1.2345679348765610e+02
7.4255000000000004e-01 7.3023193225743173e+00 -1.2348011411892229e+02
7.4354666666666669e-01 7.4253994693492382e+00 -1.2350345800466951e+02
7.4454333333333345e-01 7.5485028937970053e+00 -1.2352682516808582e+02
7.4554000000000009e-01 7.6716296191292370e+00 -1.2355021563238385e+02
7.4653666666666674e-01 7.7947796685807376e+00 -1.2357362942079949e+02
7.4753333333333338e-01 7.9179530654094661e+00 -1.2359706655658790e+02
7.4853000000000003e-01 8.0411498328965738e+00 -1.2362052706303233e+02
7.4952666666666679e-01 8.1643699943464405e+00 -1.2364401096343366e+02
7.5052333333333343e-01 8.2876135730866416e+00 -1.2366751828112345e+02
7.5152000000000008e-01 8.4108805924680592e+00 -1.2369104903945122e+02
7.5251666666666672e-01 8.5341710758648404e+00 -1.2371460326178797e+02
7.5351333333333337e-01 8.6574850466744451e+00 -1.2373818097153728e+02
7.5451000000000013e-01 8.7808225283176782e+00 -1.2376178219211806e+02
7.5550666666666677e-01 8.9041835442386539e+00 -1.2378540694697020e+02
7.5650333333333342e-01 9.0275681179049094e+00 -1.2380905525956618e+02
7.5750000000000006e-01 9.1509762728073660e+00 -1.2383272715339545e+02
7.5849666666666671e-01 9.2744080324603715e+00 -1.2385642265197019e+02
7.5949333333333335e-01 9.3978634204017180e+00 -1.2388014177882937e+02
7.6049000000000011e-01 9.5213424601926846e+00 -1.2390388455753451e+02
7.6148666666666676e-01 9.6448451754180020e+00 -1.2392765101167078e+02
7.6248333333333340e-01 9.7683715896859642e+00 -1.2395144116484867e+02
7.6348000000000005e-01 9.8919217266283912e+00 -1.2397525504069594e+02
7.6447666666666669e-01 1.0015495609900665e+01 -1.2399909266286923e+02
7.6547333333333345e-01 1.0139093263181772e+01 -1.2402295405504853e+02
7.6647000000000010e-01 1.0262714710174269e+01 -1.2404683924093666e+02
7.6746666666666674e-01 1.0386359974604389e+01 -1.2407074824425824e+02
7.6846333333333339e-01 1.0510029080222008e+01 -1.2409468108876212e+02
7.6946000000000003e-01 1.0633722050800687e+01 -1.2411863779822350e+02
7.7045666666666679e-01 1.0757438910137708e+01 -1.2414261839644367e+02
7.7145333333333344e-01 1.0881179682054039e+01 -1.2416662290723764e+02
7.7245000000000008e-01 1.1004944390394444e+01 -1.2419065135444939e+02
7.7344666666666673e-01 1.1128733059027448e+01 -1.2421470376195354e+02
7.7444333333333337e-01 1.1252545711845382e+01 -1.2423878015363751e+02
7.7544000000000013e-01 1.1376382372764411e+01 -1.2426288055342019e+02
7.7643666666666677e-01 1.1500243065724508e+01 -1.2428700498524140e+02
7.7743333333333342e-01 1.1624127814689560e+01 -1.2431115347306279e+02
7.7843000000000007e-01 1.1748036643647335e+01 -1.2433532604087385e+02
7.7942666666666671e-01 1.1871969576609523e+01 -1.2435952271268394e+02
7.8042333333333336e-01 1.1995926637611753e+01 -1.2438374351253104e+02
7.8142000000000011e-01 1.2119907850713638e+01 -1.2440798846447493e+02
7.8241666666666676e-01 1.2243913239998744e+01 -1.2443225759259892e+02
7.8341333333333341e-01 1.2367942829574691e+01 -1.2445655092101160e+02
7.8441000000000005e-01 1.2491996643573124e+01 -1.2448086847384241e+02
7.8540666666666670e-01 1.2616074706149750e+01 -1.2450521027524351e+02
7.8640333333333345e-01 1.2740177041484376e+01 -1.2452957634940290e+02
7.8740000000000010e-01 1.2864303673780887e+01 -1.2455396672052426e+02
7.8839666666666675e-01 1.2988454627267338e+01 -1.2457838141282660e+02
7.8939333333333339e-01 1.3112629926195927e+01 -1.2460282045056958e+02
7.9039000000000004e-01 1.3236829594843041e+01 -1.2462728385802465e+02
7.9138666666666679e-01 1.3361053657509284e+01 -1.2465177165949757e+02
7.9238333333333344e-01 1.3485302138519456e+01 -1.2467628387931484e+02
7.9338000000000009e-01 1.3609575062222650e+01 -1.2470082054181508e+02
7.9437666666666673e-01 1.3733872452992223e+01 -1.2472538167137988e+02
7.9537333333333338e-01 1.3858194335225843e+01 -1.2474996729240891e+02
7.9637000000000002e-01 1.3982540733345500e+01 -1.2477457742931712e+02
7.9736666666666678e-01 1.4106911671797553e+01 -1.2479921210655289e+02
7.9836333333333342e-01 1.4231307175052697e+01 -1.2482387134859064e+02
7.9936000000000007e-01 1.4355727267606069e+01 -1.2484855517992044e+02
8.0035666666666672e-01 1.4480171973977217e+01 -1.2487326362506649e+02
8.0135333333333336e-01 1.4604641318710145e+01 -1.2489799670857302e+02
8.0235000000000012e-01 1.4729135326373338e+01 -1.2492275445500235e+02
8.0334666666666676e-01 1.4853654021559739e+01 -1.2494753688895295e+02
8.0434333333333341e-01 1.4978197428886860e+01 -1.2497234403504039e+02
8.0534000000000006e-01 1.5102765572996741e+01 -1.2499717591790575e+02
8.0633666666666670e-01 1.5227358478556001e+01 -1.2502203256221874e+02
8.0733333333333346e-01 1.5351976170255863e+01 -1.2504691399266750e+02
8.0833000000000010e-01 1.5476618672812135e+01 -1.2507182023397070e+02
8.0932666666666675e-01 1.5601286010965309e+01 -1.2509675131086514e+02
8.1032333333333340e-01 1.5725978209480532e+01 -1.2512170724811747e+02
8.1132000000000004e-01 1.5850695293147650e+01 -1.2514668807051966e+02
8.1231666666666680e-01 1.5975437286781242e+01 -1.2517169380288625e+02
8.1331333333333344e-01 1.6100204215220586e+01 -1.2519672447005360e+02
8.1431000000000009e-01 1.6224996103329772e+01 -1.2522178009688149e+02
8.1530666666666674e-01 1.6349812975997672e+01 -1.2524686070827379e+02
8.1630333333333338e-01 1.6474654858137978e+01 -1.2527196632913100e+02
8.1730000000000003e-01 1.6599521774689215e+01 -1.2529709698439117e+02
8.1829666666666678e-01 1.6724413750614797e+01 -1.2532225269902933e+02
8.1929333333333343e-01 1.6849330810902995e+01 -1.2534743349802440e+02
8.2029000000000007e-01 1.6974272980567022e+01 -1.2537263940638583e+02
8.2128666666666672e-01 1.7099240284645035e+01 -1.2539787044916369e+02
8.2228333333333337e-01 1.7224232748200155e+01 -1.2542312665141544e+02
8.2328000000000012e-01 1.7349250396320503e+01 -1.2544840803822309e+02
8.2427666666666677e-01 1.7474293254119178e+01 -1.2547371463471164e+02
8.2527333333333341e-01 1.7599361346734369e+01 -1.2549904646601001e+02
8.2627000000000006e-01 1.7724454699329307e+01 -1.2552440355728054e+02
8.2726666666666671e-01 1.7849573337092320e+01 -1.2554978593372323e+02
8.2826333333333346e-01 1.7974717285236874e+01 -1.2557519362054134e+02
8.2926000000000011e-01 1.8099886569001523e+01 -1.2560062664297213e+02
8.3025666666666675e-01 1.8225081213650032e+01 -1.2562608502628356e+02
8.3125333333333340e-01 1.8350301244471353e+01 -1.2565156879576807e+02
8.3225000000000005e-01 1.8475546686779648e+01 -1.2567707797673425e+02
8.3324666666666669e-01 1.8600817565914319e+01 -1.2570261259451760e+02
8.3424333333333345e-01 1.8726113907240055e+01 -1.2572817267449602e+02
8.3524000000000009e-01 1.8851435736146797e+01 -1.2575375824205112e+02
8.3623666666666674e-01 1.8976783078049845e+01 -1.2577936932259527e+02
8.3723333333333338e-01 1.9102155958389819e+01 -1.2580500594157236e+02
8.3823000000000003e-01 1.9227554402632720e+01 -1.2583066812445334e+02
8.3922666666666679e-01 1.9352978436269950e+01 -1.2585635589672125e+02
8.4022333333333343e-01 1.9478428084818287e+01 -1.2588206928389323e+02
8.4122000000000008e-01 1.9603903373820000e+01 -1.2590780831152055e+02
8.4221666666666672e-01 1.9729404328842811e+01 -1.2593357300516300e+02
8.4321333333333337e-01 1.9854930975479938e+01 -1.2595936339041629e+02
8.4421000000000013e-01 1.9980483339350133e+01 -1.2598517949289892e+02
8.4520666666666677e-01 2.0106061446097655e+01 -1.2601102133825285e+02
8.4620333333333342e-01 2.0231665321392370e+01 -1.2603688895215218e+02
8.4720000000000006e-01 2.0357294990929734e+01 -1.2606278236029232e+02
8.4819666666666671e-01 2.0482950480430826e+01 -1.2608870158839002e+02
8.4919333333333347e-01 2.0608631815642379e+01 -1.2611464666219224e+02
8.5019000000000011e-01 2.0734339022336762e+01 -1.2614061760747990e+02
8.5118666666666676e-01 2.0860072126312090e+01 -1.2616661445004119e+02
8.5218333333333340e-01 2.0985831153392180e+01 -1.2619263721569800e+02
8.5318000000000005e-01 2.1111616129426608e+01 -1.2621868593031326e+02
8.5417666666666670e-01 2.1237427080290722e+01 -1.2624476061975167e+02
8.5517333333333345e-01 2.1363264031885684e+01 -1.2627086130991349e+02
8.5617000000000010e-01 2.1489127010138443e+01 -1.2629698802673290e+02
8.5716666666666674e-01 2.1615016041001851e+01 -1.2632314079616384e+02
8.5816333333333339e-01 2.1740931150454617e+01 -1.2634931964417437e+02
8.5916000000000003e-01 2.1866872364501354e+01 -1.2637552459677187e+02
8.6015666666666679e-01 2.1992839709172621e+01 -1.2640175567999722e+02
8.6115333333333344e-01 2.2118833210524897e+01 -1.2642801291989699e+02
8.6215000000000008e-01 2.2244852894640683e+01 -1.2645429634255348e+02
8.6314666666666673e-01 2.2370898787628470e+01 -1.2648060597408258e+02
8.6414333333333337e-01 2.2496970915622789e+01 -1.2650694184061111e+02
8.6514000000000013e-01 2.2623069304784241e+01 -1.2653330396830302e+02
8.6613666666666678e-01 2.2749193981299477e+01 -1.2655969238334914e+02
8.6713333333333342e-01 2.2875344971381299e+01 -1.2658610711195300e+02
8.6813000000000007e-01 2.3001522301268633e+01 -1.2661254818036059e+02
8.6912666666666671e-01 2.3127725997226570e+01 -1.2663901561483591e+02
8.7012333333333336e-01 2.3253956085546392e+01 -1.2666550944166610e+02
8.7112000000000012e-01 2.3380212592545611e+01 -1.2669202968717556e+02
8.7211666666666676e-01 2.3506495544567940e+01 -1.2671857637770124e+02
8.7311333333333341e-01 2.3632804967983400e+01 -1.2674514953961423e+02
8.7411000000000005e-01 2.3759140889188298e+01 -1.2677174919931740e+02
8.7510666666666670e-01 2.3885503334605264e+01 -1.2679837538322801e+02
8.7610333333333346e-01 2.4011892330683285e+01 -1.2682502811779524e+02
8.7710000000000010e-01 2.4138307903897680e+01 -1.2685170742949330e+02
8.7809666666666675e-01 2.4264750080750211e+01 -1.2687841334482330e+02
8.7909333333333339e-01 2.4391218887769057e+01 -1.2690514589032186e+02
8.8009000000000004e-01 2.4517714351508847e+01 -1.2693190509253631e+02
8.8108666666666680e-01 2.4644236498550697e+01 -1.2695869097804595e+02
8.8208333333333344e-01 2.4770785355502195e+01 -1.2698550357346224e+02
8.8308000000000009e-01 2.4897360948997498e+01 -1.2701234290541640e+02
8.8407666666666673e-01 2.5023963305697315e+01 -1.2703920900057514e+02
8.8507333333333338e-01 2.5150592452288933e+01 -1.2706610188562125e+02
8.8607000000000014e-01 2.5277248415486266e+01 -1.2709302158726588e+02
8.8706666666666678e-01 2.5403931222029826e+01 -1.2711996813225424e+02
8.8806333333333343e-01 2.5530640898686826e+01 -1.2714694154735298e+02
8.8906000000000007e-01 2.5657377472251166e+01 -1.2717394185935528e+02
8.9005666666666672e-01 2.5784140969543458e+01 -1.2720096909508119e+02
8.9105333333333336e-01 2.5910931417411057e+01 -1.2722802328137749e+02
8.9205000000000012e-01 2.6037748842728103e+01 -1.2725510444511754e+02
8.9304666666666677e-01 2.6164593272395500e+01 -1.2728221261320697e+02
8.9404333333333341e-01 2.6291464733341009e+01 -1.2730934781257099e+02
8.9504000000000006e-01 2.6418363252519235e+01 -1.2733651007016141e+02
8.9603666666666670e-01 2.6545288856911654e+01 -1.2736369941296054e+02
8.9703333333333346e-01 2.6672241573526669e+01 -1.2739091586798439e+02
8.9803000000000011e-01 2.6799221429399573e+01 -1.2741815946226141e+02
8.9902666666666675e-01 2.6926228451592650e+01 -1.2744543022284526e+02
9.0002333333333340e-01 2.7053262667195156e+01 -1.2747272817684100e+02
9.0102000000000004e-01 2.7180324103323372e+01 -1.2750005335135923e+02
9.0201666666666680e-01 2.7307412787120626e+01 -1.2752740577354245e+02
9.0301333333333345e-01 2.7434528745757266e+01 -1.2755478547055831e+02
9.0401000000000009e-01 2.7561672006430779e+01 -1.2758219246960824e+02
9.0500666666666674e-01 2.7688842596365760e+01 -1.2760962679791855e+02
9.0600333333333338e-01 2.7816040542813948e+01 -1.2763708848273349e+02
9.0700000000000014e-01 2.7943265873054273e+01 -1.2766457755133825e+02
9.0799666666666679e-01 2.8070518614392821e+01 -1.2769209403103937e+02
9.0899333333333343e-01 2.8197798794162953e+01 -1.2771963794916483e+02
9.0999000000000008e-01 2.8325106439725268e+01 -1.2774720933307647e+02
9.1098666666666672e-01 2.8452441578467649e+01 -1.2777480821016819e+02
9.1198333333333337e-01 2.8579804237805295e+01 -1.2780243460785354e+02
9.1298000000000012e-01 2.8707194445180747e+01 -1.2783008855356741e+02
9.1397666666666677e-01 2.8834612228063872e+01 -1.2785777007478565e+02
9.1497333333333342e-01 2.8962057613951977e+01 -1.2788547919900735e+02
9.1597000000000006e-01 2.9089530630369765e+01 -1.2791321595374941e+02
9.1696666666666671e-01 2.9217031304869391e+01 -1.2794098036657329e+02
9.1796333333333346e-01 2.9344559665030495e+01 -1.2796877246505470e+02
9.1896000000000011e-01 2.9472115738460182e+01 -1.2799659227679962e+02
9.1995666666666676e-01 2.9599699552793126e+01 -1.2802443982944612e+02
9.2095333333333340e-01 2.9727311135691536e+01 -1.2805231515064835e+02
9.2195000000000005e-01 2.9854950514845214e+01 -1.2808021826810497e+02
9.2294666666666680e-01 2.9982617717971582e+01 -1.2810814920953075e+02
9.2394333333333345e-01 3.0110312772815657e+01 -1.2813610800266713e+02
9.2494000000000010e-01 3.0238035707150175e+01 -1.2816409467529655e+02
9.2593666666666674e-01 3.0365786548775539e+01 -1.2819210925520682e+02
9.2693333333333339e-01 3.0493565325519882e+01 -1.2822015177023385e+02
9.2793000000000003e-01 3.0621372065239083e+01 -1.2824822224823313e+02
9.2892666666666679e-01 3.0749206795816807e+01 -1.2827632071707808e+02
9.2992333333333344e-01 3.0877069545164488e+01 -1.2830444720469907e+02
9.3092000000000008e-01 3.1004960341221441e+01 -1.2833260173902465e+02
9.3191666666666673e-01 3.1132879211954812e+01 -1.2836078434801200e+02
9.3291333333333337e-01 3.1260826185359640e+01 -1.2838899505967700e+02
9.3391000000000013e-01 3.1388801289458904e+01 -1.2841723390203205e+02
9.3490666666666677e-01 3.1516804552303469e+01 -1.2844550090312160e+02
9.3590333333333342e-01 3.1644836001972223e+01 -1.2847379609103641e+02
9.3690000000000007e-01 3.1772895666572033e+01 -1.2850211949387440e+02
9.3789666666666671e-01 3.1900983574237799e+01 -1.2853047113977624e+02
9.3889333333333347e-01 3.2029099753132492e+01 -1.2855885105690231e+02
9.3989000000000011e-01 3.2157244231447109e+01 -1.2858725927344321e+02
9.4088666666666676e-01 3.2285417037400819e+01 -1.2861569581762330e+02
9.4188333333333341e-01 3.2413618199240908e+01 -1.2864416071768315e+02
9.4288000000000005e-01 3.2541847745242833e+01 -1.2867265400190067e+02
9.4387666666666681e-01 3.2670105703710249e+01 -1.2870117569857521e+02
9.4487333333333345e-01 3.2798392102975001e+01 -1.2872972583604883e+02
9.4587000000000010e-01 3.2926706971397230e+01 -1.2875830444267433e+02
9.4686666666666675e-01 3.3055050337365337e+01 -1.2878691154683656e+02
9.4786333333333339e-01 3.3183422229296028e+01 -1.2881554717696318e+02
9.4886000000000004e-01 3.3311822675634353e+01 -1.2884421136148890e+02
9.4985666666666679e-01 3.3440251704853736e+01 -1.2887290412889138e+02
9.5085333333333344e-01 3.3568709345455957e+01 -1.2890162550768025e+02
9.5185000000000008e-01 3.3697195625971254e+01 -1.2893037552636861e+02
9.5284666666666673e-01 3.3825710574958300e+01 -1.2895915421352314e+02
9.5384333333333338e-01 3.3954254221004248e+01 -1.2898796159774253e+02
9.5484000000000013e-01 3.4082826592724771e+01 -1.2901679770762570e+02
9.5583666666666678e-01 3.4211427718764028e+01 -1.2904566257182123e+02
9.5683333333333342e-01 3.4340057627794792e+01 -1.2907455621901335e+02
9.5783000000000007e-01 3.4468716348518413e+01 -1.2910347867788636e+02
9.5882666666666672e-01 3.4597403909664848e+01 -1.2913242997717441e+02
9.5982333333333347e-01 3.4726120339992733e+01 -1.2916141014564391e+02
9.6082000000000012e-01 3.4854865668289328e+01 -1.2919041921207901e+02
9.6181666666666676e-01 3.4983639923370653e+01 -1.2921945720529570e+02
9.6281333333333341e-01 3.5112443134081431e+01 -1.2924852415413520e+02
9.6381000000000006e-01 3.5241275329295163e+01 -1.2927762008747075e+02
9.6480666666666670e-01 3.5370136537914128e+01 -1.2930674503420752e+02
9.6580333333333346e-01 3.5499026788869458e+01 -1.2933589902328666e+02
9.6680000000000010e-01 3.5627946111121076e+01 -1.2936508208364555e+02
9.6779666666666675e-01 3.5756894533657828e+01 -1.2939429424428556e+02
9.6879333333333340e-01 3.5885872085497454e+01 -1.2942353553423683e+02
9.6979000000000004e-01 3.6014878795686634e+01 -1.2945280598251861e+02
9.7078666666666680e-01 3.6143914693301014e+01 -1.2948210561822538e+02
9.7178333333333344e-01 3.6272979807445211e+01 -1.2951143447046553e+02
9.7278000000000009e-01 3.6402074167252884e+01 -1.2954079256835098e+02
9.7377666666666673e-01 3.6531197801886741e+01 -1.2957017994106511e+02
9.7477333333333338e-01 3.6660350740538568e+01 -1.2959959661779837e+02
9.7577000000000014e-01 3.6789533012429281e+01 -1.2962904262775913e+02
9.7676666666666678e-01 3.6918744646808882e+01 -1.2965851800020923e+02
9.7776333333333343e-01 3.7047985672956585e+01 -1.2968802276441738e+02
9.7876000000000007e-01 3.7177256120180786e+01 -1.2971755694969883e+02
9.7975666666666672e-01 3.7306556017819105e+01 -1.2974712058539373e+02
9.8075333333333348e-01 3.7435885395238437e+01 -1.2977671370086381e+02
9.8175000000000012e-01 3.7565244281834907e+01 -1.2980633632550268e+02
9.8274666666666677e-01 3.7694632707034003e+01 -1.2983598848874308e+02
9.8374333333333341e-01 3.7824050700290542e+01 -1.2986567022003933e+02
9.8474000000000006e-01 3.7953498291088714e+01 -1.2989538154886705e+02
9.8573666666666671e-01 3.8082975508942098e+01 -1.2992512250475167e+02
9.8673333333333346e-01 3.8212482383393727e+01 -1.2995489311722253e+02
9.8773000000000011e-01 3.8342018944016047e+01 -1.2998469341586215e+02
9.8872666666666675e-01 3.8471585220411036e+01 -1.3001452343027788e+02
9.8972333333333340e-01 3.8601181242210181e+01 -1.3004438319008091e+02
9.9072000000000005e-01 3.8730807039074499e+01 -1.3007427272494996e+02
9.9171666666666680e-01 3.8860462640694621e+01 -1.3010419206457473e+02
9.9271333333333345e-01 3.8990148076790732e+01 -1.3013414123866613e+02
9.9371000000000009e-01 3.9119863377112694e+01 -1.3016412027697763e+02
9.9470666666666674e-01 3.9249608571440014e+01 -1.3019412920929508e+02
9.9570333333333338e-01 3.9379383689581907e+01 -1.3022416806541835e+02
9.9670000000000014e-01 3.9509188761377324e+01 -1.3025423687518690e+02
9.9769666666666679e-01 3.9639023816694916e+01 -1.3028433566848281e+02
9.9869333333333343e-01 3.9768888885433178e+01 -1.3031446447519133e+02
9.9969000000000008e-01 3.9898783997520390e+01 -1.3034462332524089e+02
1.0006866666666667e+00 4.0028709182914682e+01 -1.3037481224859539e+02
1.0016833333333335e+00 4.0158664471604077e+01 -1.3040503127524414e+02
1.0026800000000000e+00 4.0288649893606433e+01 -1.3043528043519711e+02
1.0036766666666668e+00 4.0418665478969636e+01 -1.3046555975850396e+02
1.0046733333333333e+00 4.0548711257771437e+01 -1.3049586927524982e+02
1.0056700000000001e+00 4.0678787260119691e+01 -1.3052620901553414e+02
1.0066666666666666e+00 4.0808893516152146e+01 -1.3055657900949913e+02
1.0076633333333334e+00 4.0939030056036735e+01 -1.3058697928731527e+02
1.0086600000000001e+00 4.1069196909971375e+01 -1.3061740987916841e+02
1.0096566666666666e+00 4.1199394108184102e+01 -1.3064787081529965e+02
1.0106533333333334e+00 4.1329621680933180e+01 -1.3067836212596890e+02
1.0116500000000002e+00 4.1459879658506956e+01 -1.3070888384145110e+02
1.0126466666666667e+00 4.1590168071223978e+01 -1.3073943599206936e+02
1.0136433333333335e+00 4.1720486949433116e+01 -1.3077001860818368e+02
1.0146400000000000e+00 4.1850836323513391e+01 -1.3080063172016085e+02
1.0156366666666667e+00 4.1981216223874227e+01 -1.3083127535841004e+02
1.0166333333333335e+00 4.2111626680955283e+01 -1.3086194955338104e+02
1.0176300000000000e+00 4.2242067725226569e+01 -1.3089265433552873e+02
1.0186266666666668e+00 4.2372539387188574e+01 -1.3092338973536641e+02
1.0196233333333333e+00 4.2503041697372090e+01 -1.3095415578342838e+02
1.0206200000000001e+00 4.2633574686338463e+01 -1.3098495251026642e+02
1.0216166666666668e+00 4.2764138384679413e+01 -1.3101577994646937e+02
1.0226133333333334e+00 4.2894732823017179e+01 -1.3104663812266321e+02
1.0236100000000001e+00 4.3025358032004625e+01 -1.3107752706950731e+02
1.0246066666666667e+00 4.3156014042325054e+01 -1.3110844681767509e+02
1.0256033333333334e+00 4.3286700884692486e+01 -1.3113939739788583e+02
1.0266000000000002e+00 4.3417418589851486e+01 -1.3117037884089228e+02
1.0275966666666667e+00 4.3548167188577274e+01 -1.3120139117745236e+02
1.0285933333333335e+00 4.3678946711675842e+01 -1.3123243443837526e+02
1.0295900000000000e+00 4.3809757189983785e+01 -1.3126350865451596e+02
1.0305866666666668e+00 4.3940598654368564e+01 -1.3129461385672224e+02
1.0315833333333335e+00 4.4071471135728331e+01 -1.3132575007589656e+02
1.0325800000000001e+00 4.4202374664992050e+01 -1.3135691734297501e+02
1.0335766666666668e+00 4.4333309273119617e+01 -1.3138811568890577e+02
1.0345733333333333e+00 4.4464274991101675e+01 -1.3141934514469006e+02
1.0355700000000001e+00 4.4595271849959900e+01 -1.3145060574135024e+02
1.0365666666666669e+00 4.4726299880746801e+01 -1.3148189750993501e+02
1.0375633333333334e+00 4.4857359114545858e+01 -1.3151322048151940e+02
1.0385600000000001e+00 4.4988449582471624e+01 -1.3154457468722271e+02
1.0395566666666667e+00 4.5119571315669582e+01 -1.3157596015820656e+02
1.0405533333333334e+00 4.5250724345316371e+01 -1.3160737692562878e+02
1.0415500000000002e+00 4.5381908702619633e+01 -1.3163882502069495e+02
1.0425466666666667e+00 4.5513124418818137e+01 -1.3167030447466180e+02
1.0435433333333335e+00 4.5644371525181882e+01 -1.3170181531878774e+02
1.0445400000000000e+00 4.5775650053011937e+01 -1.3173335758436983e+02
1.0455366666666668e+00 4.5906960033640701e+01 -1.3176493130275477e+02
1.0465333333333335e+00 4.6038301498431721e+01 -1.3179653650529076e+02
1.0475300000000001e+00 4.6169674478779825e+01 -1.3182817322337360e+02
1.0485266666666668e+00 4.6301079006111230e+01 -1.3185984148844690e+02
1.0495233333333334e+00 4.6432515111883376e+01 -1.3189154133195049e+02
1.0505200000000001e+00 4.6563982827585185e+01 -1.3192327278537391e+02
1.0515166666666667e+00 4.6695482184736875e+01 -1.3195503588025321e+02
1.0525133333333334e+00 4.6827013214890194e+01 -1.3198683064812386e+02
1.0535100000000002e+00 4.6958575949628269e+01 -1.3201865712056949e+02
1.0545066666666667e+00 4.7090170420565727e+01 -1.3205051532921388e+02
1.0555033333333335e+00 4.7221796659348804e+01 -1.3208240530570396e+02
1.0565000000000000e+00 4.7353454697655181e+01 -1.3211432708170759e+02
1.0574966666666668e+00 4.7485144567194233e+01 -1.3214628068893489e+02
1.0584933333333335e+00 4.7616866299706871e+01 -1.3217826615914069e+02
1.0594900000000000e+00 4.7748619926965659e+01 -1.3221028352408416e+02
1.0604866666666668e+00 4.7880405480774932e+01 -1.3224233281556906e+02
1.0614833333333333e+00 4.8012222992970621e+01 -1.3227441406544145e+02
1.0624800000000001e+00 4.8144072495420517e+01 -1.3230652730555769e+02
1.0634766666666668e+00 4.8275954020024095e+01 -1.3233867256782233e+02
1.0644733333333334e+00 4.8407867598712656e+01 -1.3237084988417624e+02
1.0654700000000001e+00 4.8539813263449417e+01 -1.3240305928656579e+02
1.0664666666666667e+00 4.8671791046229359e+01 -1.3243530080699037e+02
1.0674633333333334e+00 4.8803800979079469e+01 -1.3246757447748806e+02
1.0684600000000002e+00 4.8935843094058598e+01 -1.3249988033010607e+02
1.0694566666666667e+00 4.9067917423257555e+01 -1.3253221839693845e+02
1.0704533333333335e+00 4.9200023998799246e+01 -1.3256458871011350e+02
1.0714500000000000e+00 4.9332162852838486e+01 -1.3259699130177660e+02
1.0724466666666668e+00 4.9464334017562273e+01 -1.3262942620411920e+02
1.0734433333333335e+00 4.9596537525189603e+01 -1.3266189344936322e+02
1.0744400000000001e+00 4.9728773407971609e+01 -1.3269439306975238e+02
1.0754366666666668e+00 4.9861041698191670e+01 -1.3272692509757530e+02
1.0764333333333334e+00 4.9993342428165242e+01 -1.3275948956515217e+02
1.0774300000000001e+00 5.0125675630240124e+01 -1.3279208650482406e+02
1.0784266666666669e+00 5.0258041336796275e+01 -1.3282471594896617e+02
1.0794233333333334e+00 5.0390439580245939e+01 -1.3285737793000044e+02
1.0804200000000002e+00 5.0522870393033784e+01 -1.3289007248037245e+02
1.0814166666666667e+00 5.0655333807636708e+01 -1.3292279963255197e+02
1.0824133333333334e+00 5.0787829856564102e+01 -1.3295555941904763e+02
1.0834100000000002e+00 5.0920358572357685e+01 -1.3298835187240579e+02
1.0844066666666667e+00 5.1052919987591643e+01 -1.3302117702520164e+02
1.0854033333333335e+00 5.1185514134872719e+01 -1.3305403491003753e+02
1.0864000000000000e+00 5.1318141046840047e+01 -1.3308692555955798e+02
1.0873966666666668e+00 5.1450800756165442e+01 -1.3311984900642545e+02
1.0883933333333333e+00 5.1583493295553161e+01 -1.3315280528334858e+02
1.0893900000000001e+00 5.1716218697740210e+01 -1.3318579442307833e+02
1.0903866666666668e+00 5.1848976995496137e+01 -1.3321881645836433e+02
1.0913833333333334e+00 5.1981768221623177e+01 -1.3325187142201341e+02
1.0923800000000001e+00 5.2114592408956348e+01 -1.3328495934687032e+02
1.0933766666666667e+00 5.2247449590363303e+01 -1.3331808026578992e+02
1.0943733333333334e+00 5.2380339798744586e+01 -1.3335123421167998e+02
1.0953700000000002e+00 5.2513263067033463e+01 -1.3338442121747553e+02
1.0963666666666667e+00 5.2646219428196034e+01 -1.3341764131614374e+02
1.0973633333333335e+00 5.2779208915231358e+01 -1.3345089454067198e+02
1.0983600000000000e+00 5.2912231561171282e+01 -1.3348418092409688e+02
1.0993566666666668e+00 5.3045287399080721e+01 -1.3351750049949732e+02
1.1003533333333335e+00 5.3178376462057457e+01 -1.3355085329995097e+02
1.1013500000000001e+00 5.3311498783232281e+01 -1.3358423935859958e+02
1.1023466666666668e+00 5.3444654395769120e+01 -1.3361765870860876e+02
1.1033433333333333e+00 5.3577843332864838e+01 -1.3365111138316493e+02
1.1043400000000001e+00 5.3711065627749520e+01 -1.3368459741551086e+02
1.1053366666666669e+00 5.3844321313686315e+01 -1.3371811683890610e+02
1.1063333333333334e+00 5.3977610423971527e+01 -1.3375166968664206e+02
1.1073300000000001e+00 5.4110932991934753e+01 -1.3378525599204474e+02
1.1083266666666667e+00 5.4244289050938704e+01 -1.3381887578848946e+02
1.1093233333333334e+00 5.4377678634379478e+01 -1.3385252910936521e+02
1.1103200000000002e+00 5.4511101775686392e+01 -1.3388621598809547e+02
1.1113166666666667e+00 5.4644558508322085e+01 -1.3391993645815344e+02
1.1123133333333335e+00 5.4778048865782672e+01 -1.3395369055303985e+02
1.1133100000000000e+00 5.4911572881597543e+01 -1.3398747830626897e+02
1.1143066666666668e+00 5.5045130589329631e+01 -1.3402129975140440e+02
1.1153033333333335e+00 5.5178722022575251e+01 -1.3405515492205870e+02
1.1163000000000001e+00 5.5312347214964227e+01 -1.3408904385184400e+02
1.1172966666666668e+00 5.5446006200159999e+01 -1.3412296657442855e+02
1.1182933333333334e+00 5.5579699011859461e+01 -1.3415692312351914e+02
1.1192900000000001e+00 5.5713425683793226e+01 -1.3419091353283616e+02
1.1202866666666669e+00 5.5847186249725446e+01 -1.3422493783614200e+02
1.1212833333333334e+00 5.5980980743453948e+01 -1.3425899606724471e+02
1.1222800000000002e+00 5.6114809198810356e+01 -1.3429308825996947e+02
1.1232766666666667e+00 5.6248671649659897e+01 -1.3432721444817631e+02
1.1242733333333335e+00 5.6382568129901699e+01 -1.3436137466577884e+02
1.1252700000000000e+00 5.6516498673468568e+01 -1.3439556894669769e+02
1.1262666666666667e+00 5.6650463314327261e+01 -1.3442979732489565e+02
1.1272633333333335e+00 5.6784462086478321e+01 -1.3446405983439175e+02
1.1282600000000000e+00 5.6918495023956197e+01 -1.3449835650920792e+02
1.1292566666666668e+00 5.7052562160829360e+01 -1.3453268738340816e+02
1.1302533333333333e+00 5.7186663531200139e+01 -1.3456705249110561e+02
1.1312500000000001e+00 5.7320799169204989e+01 -1.3460145186643061e+02
1.1322466666666668e+00 5.7454969109014307e+01 -1.3463588554355189e+02
1.1332433333333334e+00 5.7589173384832570e+01 -1.3467035355668025e+02
1.1342400000000001e+00 5.7723412030898452e+01 -1.3470485594005086e+02
1.1352366666666667e+00 5.7857685081484647e+01 -1.3473939272793726e+02
1.1362333333333334e+00 5.7991992570898148e+01 -1.3477396395464436e+02
1.1372300000000002e+00 5.8126334533480055e+01 -1.3480856965451213e+02
1.1382266666666667e+00 5.8260711003605728e+01 -1.3484320986192239e+02
1.1392233333333335e+00 5.8395122015684883e+01 -1.3487788461127786e+02
1.1402200000000000e+00 5.8529567604161436e+01 -1.3491259393702677e+02
1.1412166666666668e+00 5.8664047803513768e+01 -1.3494733787364859e+02
1.1422133333333335e+00 5.8798562648254546e+01 -1.3498211645564746e+02
1.1432100000000001e+00 5.8933112172930855e+01 -1.3501692971758325e+02
1.1442066666666668e+00 5.9067696412124320e+01 -1.3505177769402985e+02
1.1452033333333334e+00 5.9202315400450928e+01 -1.3508666041959586e+02
1.1462000000000001e+00 5.9336969172561297e+01 -1.3512157792894976e+02
1.1471966666666669e+00 5.9471657763140527e+01 -1.3515653025676670e+02
1.1481933333333334e+00 5.9606381206908281e+01 -1.3519151743775990e+02
1.1491900000000002e+00 5.9741139538618945e+01 -1.3522653950669570e+02
1.1501866666666667e+00 5.9875932793061445e+01 -1.3526159649835733e+02
1.1511833333333334e+00 6.0010761005059514e+01 -1.3529668844757012e+02
1.1521800000000002e+00 6.0145624209471514e+01 -1.3533181538919467e+02
1.1531766666666667e+00 6.0280522441190570e+01 -1.3536697735811526e+02
1.1541733333333335e+00 6.0415455735144690e+01 -1.3540217438926209e+02
1.1551700000000000e+00 6.0550424126296598e+01 -1.3543740651760746e+02
1.1561666666666668e+00 6.0685427649643991e+01 -1.3547267377814416e+02
1.1571633333333335e+00 6.0820466340219383e+01 -1.3550797620589680e+02
1.1581600000000001e+00 6.0955540233090218e+01 -1.3554331383594209e+02
1.1591566666666668e+00 6.1090649363358999e+01 -1.3557868670338851e+02
1.1601533333333334e+00 6.1225793766163108e+01 -1.3561409484335809e+02
1.1611500000000001e+00 6.1360973476675085e+01 -1.3564953829102177e+02
1.1621466666666669e+00 6.1496188530102458e+01 -1.3568501708160744e+02
1.1631433333333334e+00 6.1631438961687863e+01 -1.3572053125034503e+02
1.1641400000000002e+00 6.1766724806709163e+01 -1.3575608083250347e+02
1.1651366666666667e+00 6.1902046100479275e+01 -1.3579166586341501e+02
1.1661333333333335e+00 6.2037402878346469e+01 -1.3582728637841549e+02
1.1671300000000000e+00 6.2172795175694112e+01 -1.3586294241288351e+02
1.1681266666666668e+00 6.2308223027941004e+01 -1.3589863400225386e+02
1.1691233333333335e+00 6.2443686470541159e+01 -1.3593436118197545e+02
1.1701200000000000e+00 6.2579185538983943e+01 -1.3597012398752761e+02
1.1711166666666668e+00 6.2714720268794203e+01 -1.3600592245444315e+02
1.1721133333333333e+00 6.2850290695532095e+01 -1.3604175661828248e+02
1.1731100000000001e+00 6.2985896854793346e+01 -1.3607762651463352e+02
1.1741066666666669e+00 6.3121538782209086e+01 -1.3611353217913435e+02
1.1751033333333334e+00 6.3257216513445989e+01 -1.3614947364746021e+02
1.1761000000000001e+00 6.3392930084206377e+01 -1.3618545095530081e+02
1.1770966666666667e+00 6.3528679530228047e+01 -1.3622146413839104e+02
1.1780933333333334e+00 6.3664464887284559e+01 -1.3625751323251509e+02
1.1790900000000002e+00 6.3800286191185059e+01 -1.3629359827347497e+02
1.1800866666666667e+00 6.3936143477774387e+01 -1.3632971929711692e+02
1.1810833333333335e+00 6.4072036782933225e+01 -1.3636587633933030e+02
1.1820800000000000e+00 6.4207966142577931e+01 -1.3640206943602124e+02
1.1830766666666668e+00 6.4343931592660752e+01 -1.3643829862313771e+02
1.1840733333333335e+00 6.4479933169169740e+01 -1.3647456393668500e+02
1.1850700000000001e+00 6.4615970908128816e+01 -1.3651086541266977e+02
1.1860666666666668e+00 6.4752044845597908e+01 -1.3654720308715955e+02
1.1870633333333334e+00 6.4888155017672787e+01 -1.3658357699625657e+02
1.1880600000000001e+00 6.5024301460485347e+01 -1.3661998717607631e+02
1.1890566666666669e+00 6.5160484210203393e+01 -1.3665643366279517e+02
1.1900533333333334e+00 6.5296703303030824e+01 -1.3669291649261942e+02
1.1910500000000002e+00 6.5432958775207723e+01 -1.3672943570179487e+02
1.1920466666666667e+00 6.5569250663010180e+01 -1.3676599132658762e+02
1.1930433333333335e+00 6.5705579002750596e+01 -1.3680258340331284e+02
1.1940400000000002e+00 6.5841943830777467e+01 -1.3683921196831804e+02
1.1950366666666667e+00 6.5978345183475554e+01 -1.3687587705798057e+02
1.1960333333333335e+00 6.6114783097265985e+01 -1.3691257870873869e+02
1.1970300000000000e+00 6.6251257608606082e+01 -1.3694931695704395e+02
1.1980266666666668e+00 6.6387768753989647e+01 -1.3698609183938248e+02
1.1990233333333336e+00 6.6524316569946777e+01 -1.3702290339228020e+02
1.2000200000000001e+00 6.6660901093043989e+01 -1.3705975165232107e+02
1.2010166666666668e+00 6.6797522359884368e+01 -1.3709663665610736e+02
1.2020133333333334e+00 6.6934180407107377e+01 -1.3713355844025455e+02
1.2030100000000001e+00 6.7070875271389113e+01 -1.3717051704146377e+02
1.2040066666666667e+00 6.7207606989442155e+01 -1.3720751249644317e+02
1.2050033333333334e+00 6.7344375598015787e+01 -1.3724454484193558e+02
1.2060000000000002e+00 6.7481181133895873e+01 -1.3728161411473070e+02
1.2069966666666667e+00 6.7618023633904926e+01 -1.3731872035163346e+02
1.2079933333333335e+00 6.7754903134902278e+01 -1.3735586358951701e+02
1.2089900000000000e+00 6.7891819673783914e+01 -1.3739304386529633e+02
1.2099866666666668e+00 6.8028773287482721e+01 -1.3743026121588534e+02
1.2109833333333335e+00 6.8165764012968310e+01 -1.3746751567825910e+02
1.2119800000000001e+00 6.8302791887247182e+01 -1.3750480728940789e+02
1.2129766666666668e+00 6.8439856947362799e+01 -1.3754213608638315e+02
1.2139733333333333e+00 6.8576959230395460e+01 -1.3757950210628513e+02
1.2149700000000001e+00 6.8714098773462567e+01 -1.3761690538621306e+02
1.2159666666666669e+00 6.8851275613718428e+01 -1.3765434596332045e+02
1.2169633333333334e+00 6.8988489788354414e+01 -1.3769182387480410e+02
1.2179600000000002e+00 6.9125741334599056e+01 -1.3772933915788661e+02
1.2189566666666667e+00 6.9263030289717889e+01 -1.3776689184983940e+02
1.2199533333333334e+00 6.9400356691013741e+01 -1.3780448198796125e+02
1.2209500000000002e+00 6.9537720575826540e+01 -1.3784210960959820e+02
1.2219466666666667e+00 6.9675121981533451e+01 -1.3787977475213239e+02
1.2229433333333335e+00 6.9812560945548995e+01 -1.3791747745295751e+02
1.2239400000000000e+00 6.9950037505324886e+01 -1.3795521774953036e+02
1.2249366666666668e+00 7.0087551698350296e+01 -1.3799299567934935e+02
1.2259333333333335e+00 7.0225103562151688e+01 -1.3803081127995296e+02
1.2269300000000001e+00 7.0362693134292968e+01 -1.3806866458888734e+02
1.2279266666666668e+00 7.0500320452375576e+01 -1.3810655564375296e+02
1.2289233333333334e+00 7.0637985554038323e+01 -1.3814448448219898e+02
1.2299200000000001e+00 7.0775688476957669e+01 -1.3818245114188070e+02
1.2309166666666669e+00 7.0913429258847543e+01 -1.3822045566052213e+02
1.2319133333333334e+00 7.1051207937459509e+01 -1.3825849807589734e+02
1.2329100000000002e+00 7.1189024550582857e+01 -1.3829657842578510e+02
1.2339066666666667e+00 7.1326879136044440e+01 -1.3833469674799858e+02
1.2349033333333335e+00 7.1464771731708936e+01 -1.3837285308039981e+02
1.2359000000000002e+00 7.1602702375478700e+01 -1.3841104746089812e+02
1.2368966666666668e+00 7.1740671105293870e+01 -1.3844927992743871e+02
1.2378933333333335e+00 7.1878677959132531e+01 -1.3848755051800705e+02
1.2388900000000000e+00 7.2016722975010509e+01 -1.3852585927060889e+02
1.2398866666666668e+00 7.2154806190981645e+01 -1.3856420622328557e+02
1.2408833333333333e+00 7.2292927645137610e+01 -1.3860259141414969e+02
1.2418800000000001e+00 7.2431087375608200e+01 -1.3864101488131990e+02
1.2428766666666669e+00 7.2569285420561116e+01 -1.3867947666295515e+02
1.2438733333333334e+00 7.2707521818202125e+01 -1.3871797679729289e+02
1.2448700000000001e+00 7.2845796606775195e+01 -1.3875651532255384e+02
1.2458666666666667e+00 7.2984109824562296e+01 -1.3879509227702178e+02
1.2468633333333334e+00 7.3122461509883692e+01 -1.3883370769900773e+02
1.2478600000000002e+00 7.3260851701097778e+01 -1.3887236162687753e+02
1.2488566666666667e+00 7.3399280436601174e+01 -1.3891105409903960e+02
1.2498533333333335e+00 7.3537747754828914e+01 -1.3894978515392148e+02
1.2508500000000000e+00 7.3676253694254214e+01 -1.3898855482999940e+02
1.2518466666666668e+00 7.3814798293388790e+01 -1.3902736316577688e+02
1.2528433333333335e+00 7.3953381590782641e+01 -1.3906621019979804e+02
1.2538400000000001e+00 7.4092003625024233e+01 -1.3910509597067085e+02
1.2548366666666668e+00 7.4230664434740603e+01 -1.3914402051700827e+02
1.2558333333333334e+00 7.4369364058597171e+01 -1.3918298387747893e+02
1.2568300000000001e+00 7.4508102535298036e+01 -1.3922198609080030e+02
1.2578266666666669e+00 7.4646879903585813e+01 -1.3926102719568757e+02
1.2588233333333334e+00 7.4785696202241738e+01 -1.3930010723094122e+02
1.2598200000000002e+00 7.4924551470085802e+01 -1.3933922623538089e+02
1.2608166666666667e+00 7.5063445745976594e+01 -1.3937838424784644e+02
1.2618133333333335e+00 7.5202379068811567e+01 -1.3941758130726194e+02
1.2628100000000002e+00 7.5341351477526899e+01 -1.3945681745256377e+02
1.2638066666666667e+00 7.5480363011097552e+01 -1.3949609272269478e+02
1.2648033333333335e+00 7.5619413708537465e+01 -1.3953540715669575e+02
1.2658000000000000e+00 7.5758503608899360e+01 -1.3957476079362746e+02
1.2667966666666668e+00 7.5897632751275012e+01 -1.3961415367254241e+02
1.2677933333333335e+00 7.6036801174795087e+01 -1.3965358583259788e+02
1.2687900000000001e+00 7.6176008918629279e+01 -1.3969305731298627e+02
1.2697866666666668e+00 7.6315256021986443e+01 -1.3973256815286254e+02
1.2707833333333334e+00 7.6454542524114373e+01 -1.3977211839151548e+02
1.2717800000000001e+00 7.6593868464300158e+01 -1.3981170806823280e+02
1.2727766666666669e+00 7.6733233881869950e+01 -1.3985133722230739e+02
1.2737733333333334e+00 7.6872638816189124e+01 -1.3989100589313128e+02
1.2747700000000002e+00 7.7012083306662404e+01 -1.3993071412010869e+02
1.2757666666666667e+00 7.7151567392733668e+01 -1.3997046194267128e+02
1.2767633333333335e+00 7.7291091113886267e+01 -1.4001024940031468e+02
1.2777600000000000e+00 7.7430654509642807e+01 -1.4005007653256317e+02
1.2787566666666668e+00 7.7570257619565396e+01 -1.4008994337895388e+02
1.2797533333333335e+00 7.7709900483255510e+01 -1.4012984997910769e+02
1.2807500000000001e+00 7.7849583140354127e+01 -1.4016979637268034e+02
1.2817466666666668e+00 7.7989305630541850e+01 -1.4020978259931852e+02
1.2827433333333333e+00 7.8129067993538712e+01 -1.4024980869876748e+02
1.2837400000000001e+00 7.8268870269104482e+01 -1.4028987471079253e+02
1.2847366666666669e+00 7.8408712497038493e+01 -1.4032998067515004e+02
1.2857333333333334e+00 7.8548594717179739e+01 -1.4037012663172376e+02
1.2867300000000002e+00 7.8688516969407061e+01 -1.4041031262039579e+02
1.2877266666666667e+00 7.8828479293638921e+01 -1.4045053868103250e+02
1.2887233333333334e+00 7.8968481729833712e+01 -1.4049080485364149e+02
1.2897200000000002e+00 7.9108524317989605e+01 -1.4053111117822178e+02
1.2907166666666667e+00 7.9248607098144618e+01 -1.4057145769476384e+02
1.2917133333333335e+00 7.9388730110376812e+01 -1.4061184444338508e+02
1.2927100000000000e+00 7.9528893394804086e+01 -1.4065227146421566e+02
1.2937066666666668e+00 7.9669096991584453e+01 -1.4069273879737730e+02
1.2947033333333335e+00 7.9809340940915888e+01 -1.4073324648307570e+02
1.2957000000000001e+00 7.9949625283036454e+01 -1.4077379456156515e+02
1.2966966666666668e+00 8.0089950058224417e+01 -1.4081438307312703e+02
1.2976933333333334e+00 8.0230315306798104e+01 -1.4085501205806258e+02
1.2986900000000001e+00 8.0370721069116158e+01 -1.4089568155672160e+02
1.2996866666666669e+00 8.0511167385577352e+01 -1.4093639160953094e+02
1.3006833333333334e+00 8.0651654296620777e+01 -1.4097714225692297e+02
1.3016800000000002e+00 8.0792181842725938e+01 -1.4101793353935022e+02
1.3026766666666667e+00 8.0932750064412545e+01 -1.4105876549736354e+02
1.3036733333333335e+00 8.1073359002240892e+01 -1.4109963817152649e+02
1.3046700000000002e+00 8.1214008696811575e+01 -1.4114055160240144e+02
1.3056666666666668e+00 8.1354699188765693e+01 -1.4118150583065599e+02
1.3066633333333335e+00 8.1495430518784985e+01 -1.4122250089698511e+02
1.3076600000000000e+00 8.1636202727591595e+01 -1.4126353684208212e+02
1.3086566666666668e+00 8.1777015855948434e+01 -1.4130461370672452e+02
1.3096533333333336e+00 8.1917869944658946e+01 -1.4134573153172428e+02
1.3106500000000001e+00 8.2058765034567259e+01 -1.4138689035790580e+02
1.3116466666666668e+00 8.2199701166558327e+01 -1.4142809022616359e+02
1.3126433333333334e+00 8.2340678381557765e+01 -1.4146933117743342e+02
1.3136400000000001e+00 8.2481696720532113e+01 -1.4151061325265826e+02
1.3146366666666667e+00 8.2622756224488612e+01 -1.4155193649285945e+02
1.3156333333333334e+00 8.2763856934475555e+01 -1.4159330093909963e+02
1.3166300000000002e+00 8.2904998891582053e+01 -1.4163470663244033e+02
1.3176266666666667e+00 8.3046182136938185e+01 -1.4167615361402670e+02
1.3186233333333335e+00 8.3187406711715155e+01 -1.4171764192503127e+02
1.3196200000000000e+00 8.3328672657125097e+01 -1.4175917160665369e+02
1.3206166666666668e+00 8.3469980014421338e+01 -1.4180074270016331e+02
1.3216133333333335e+00 8.3611328824898280e+01 -1.4184235524684985e+02
1.3226100000000001e+00 8.3752719129891474e+01 -1.4188400928803654e+02
1.3236066666666668e+00 8.3894150970777801e+01 -1.4192570486510994e+02
1.3246033333333334e+00 8.4035624388975279e+01 -1.4196744201949772e+02
1.3256000000000001e+00 8.4177139425943338e+01 -1.4200922079264754e+02
1.3265966666666669e+00 8.4318696123182676e+01 -1.4205104122605587e+02
1.3275933333333334e+00 8.4460294522235344e+01 -1.4209290336128117e+02
1.3285900000000002e+00 8.4601934664684933e+01 -1.4213480723988823e+02
1.3295866666666667e+00 8.4743616592156371e+01 -1.4217675290351153e+02
1.3305833333333335e+00 8.4885340346316227e+01 -1.4221874039381956e+02
1.3315800000000002e+00 8.5027105968872490e+01 -1.4226076975250857e+02
1.3325766666666667e+00 8.5168913501574778e+01 -1.4230284102135090e+02
1.3335733333333335e+00 8.5310762986214428e+01 -1.4234495424212514e+02
1.3345700000000000e+00 8.5452654464624302e+01 -1.4238710945664403e+02
1.3355666666666668e+00 8.5594587978679101e+01 -1.4242930670681127e+02
1.3365633333333335e+00 8.5736563570295218e+01 -1.4247154603453711e+02
1.3375600000000001e+00 8.5878581281430826e+01 -1.4251382748177909e+02
1.3385566666666668e+00 8.6020641154086036e+01 -1.4255615109052982e+02
1.3395533333333334e+00 8.6162743230302709e+01 -1.4259851690282292e+02
1.3405500000000001e+00 8.6304887552164743e+01 -1.4264092496077606e+02
1.3415466666666669e+00 8.6447074161797943e+01 -1.4268337530649200e+02
1.3425433333333334e+00 8.6589303101370078e+01 -1.4272586798212066e+02
1.3435400000000002e+00 8.6731574413091082e+01 -1.4276840302990428e+02
1.3445366666666667e+00 8.6873888139212852e+01 -1.4281098049208313e+02
1.3455333333333335e+00 8.7016244322029536e+01 -1.4285360041094600e+02
1.3465300000000002e+00 8.7158643003877373e+01 -1.4289626282883810e+02
1.3475266666666668e+00 8.7301084227134808e+01 -1.4293896778813036e+02
1.3485233333333335e+00 8.7443568034222636e+01 -1.4298171533124312e+02
1.3495200000000001e+00 8.7586094467603843e+01 -1.4302450550064495e+02
1.3505166666666668e+00 8.7728663569783862e+01 -1.4306733833884553e+02
1.3515133333333336e+00 8.7871275383310433e+01 -1.4311021388837554e+02
1.3525100000000001e+00 8.8013929950773715e+01 -1.4315313219184102e+02
1.3535066666666669e+00 8.8156627314806443e+01 -1.4319609329187631e+02
1.3545033333333334e+00 8.8299367518083727e+01 -1.4323909723113528e+02
1.3555000000000001e+00 8.8442150603323341e+01 -1.4328214405235030e+02
1.3564966666666667e+00 8.8584976613285562e+01 -1.4332523379829652e+02
1.3574933333333334e+00 8.8727845590773413e+01 -1.4336836651175454e+02
1.3584900000000002e+00 8.8870757578632507e+01 -1.4341154223556867e+02
1.3594866666666667e+00 8.9013712619751175e+01 -1.4345476101264450e+02
1.3604833333333335e+00 8.9156710757060637e+01 -1.4349802288590138e+02
1.3614800000000000e+00 8.9299752033534759e+01 -1.4354132789832119e+02
1.3624766666666668e+00 8.9442836492190409e+01 -1.4358467609291267e+02
1.3634733333333335e+00 8.9585964176087231e+01 -1.4362806751273411e+02
1.3644700000000001e+00 8.9729135128327840e+01 -1.4367150220089766e+02
1.3654666666666668e+00 8.9872349392057899e+01 -1.4371498020054386e+02
1.3664633333333334e+00 9.0015607010465985e+01 -1.4375850155485412e+02
1.3674600000000001e+00 9.0158908026783863e+01 -1.4380206630707235e+02
1.3684566666666669e+00 9.0302252484286299e+01 -1.4384567450047805e+02
1.3694533333333334e+00 9.0445640426291234e+01 -1.4388932617836147e+02
1.3704500000000002e+00 9.0589071896159879e+01 -1.4393302138410556e+02
1.3714466666666667e+00 9.0732546937296561e+01 -1.4397676016112695e+02
1.3724433333333335e+00 9.0876065593149036e+01 -1.4402054255284787e+02
1.3734400000000002e+00 9.1019627907208260e+01 -1.4406436860276168e+02
1.3744366666666668e+00 9.1163233923008562e+01 -1.4410823835441525e+02
1.3754333333333335e+00 9.1306883684127797e+01 -1.4415215185138396e+02
1.3764300000000000e+00 9.1450577234187136e+01 -1.4419610913728420e+02
1.3774266666666668e+00 9.1594314616851349e+01 -1.4424011025577332e+02
1.3784233333333336e+00 9.1738095875828691e+01 -1.4428415525058006e+02
1.3794200000000001e+00 9.1881921054871000e+01 -1.4432824416545080e+02
1.3804166666666668e+00 9.2025790197773802e+01 -1.4437237704415350e+02
1.3814133333333334e+00 9.2169703348376189e+01 -1.4441655393056115e+02
1.3824100000000001e+00 9.2313660550561096e+01 -1.4446077486855921e+02
1.3834066666666669e+00 9.2457661848255128e+01 -1.4450503990204052e+02
1.3844033333333334e+00 9.2601707285428660e+01 -1.4454934907499373e+02
1.3854000000000002e+00 9.2745796906096047e+01 -1.4459370243144343e+02
1.3863966666666667e+00 9.2889930754315387e+01 -1.4463810001542666e+02
1.3873933333333335e+00 9.3034108874188831e+01 -1.4468254187106407e+02
1.3883900000000002e+00 9.3178331309862443e+01 -1.4472702804250525e+02
1.3893866666666668e+00 9.3322598105526268e+01 -1.4477155857390989e+02
1.3903833333333335e+00 9.3466909305414532e+01 -1.4481613350954498e+02
1.3913800000000001e+00 9.3611264953805460e+01 -1.4486075289368284e+02
1.3923766666666668e+00 9.3755665095021513e+01 -1.4490541677061708e+02
1.3933733333333334e+00 9.3900109773429250e+01 -1.4495012518474115e+02
1.3943700000000001e+00 9.4044599033439596e+01 -1.4499487818048229e+02
1.3953666666666669e+00 9.4189132919507671e+01 -1.4503967580225392e+02
1.3963633333333334e+00 9.4333711476132905e+01 -1.4508451809457213e+02
1.3973600000000002e+00 9.4478334747859208e+01 -1.4512940510200332e+02
1.3983566666666667e+00 9.4623002779274785e+01 -1.4517433686909789e+02
1.3993533333333334e+00 9.4767715615012420e+01 -1.4521931344051822e+02
1.4003500000000002e+00 9.4912473299749323e+01 -1.4526433486094163e+02
1.4013466666666667e+00 9.5057275878207236e+01 -1.4530940117505517e+02
1.4023433333333335e+00 9.5202123395152597e+01 -1.4535451242765350e+02
1.4033400000000000e+00 9.5347015895396368e+01 -1.4539966866356494e+02
1.4043366666666668e+00 9.5491953423794314e+01 -1.4544486992760170e+02
1.4053333333333335e+00 9.5636936025246825e+01 -1.4549011626469056e+02
1.4063300000000001e+00 9.5781963744699070e+01 -1.4553540771978240e+02
1.4073266666666668e+00 9.5927036627141135e+01 -1.4558074433783582e+02
1.4083233333333334e+00 9.6072154717607830e+01 -1.4562612616392866e+02
1.4093200000000001e+00 9.6217318061179014e+01 -1.4567155324310832e+02
1.4103166666666669e+00 9.6362526702979395e+01 -1.4571702562050845e+02
1.4113133333333334e+00 9.6507780688178684e+01 -1.4576254334131514e+02
1.4123100000000002e+00 9.6653080061991730e+01 -1.4580810645071509e+02
1.4133066666666667e+00 9.6798424869678314e+01 -1.4585371499397866e+02
1.4143033333333335e+00 9.6943815156543508e+01 -1.4589936901641701e+02
1.4153000000000002e+00 9.7089250967937446e+01 -1.4594506856337779e+02
1.4162966666666668e+00 9.7234732349255509e+01 -1.4599081368025361e+02
1.4172933333333335e+00 9.7380259345938413e+01 -1.4603660441250227e+02
1.4182900000000001e+00 9.7525832003472075e+01 -1.4608244080557941e+02
1.4192866666666668e+00 9.7671450367387877e+01 -1.4612832290503147e+02
1.4202833333333336e+00 9.7817114483262529e+01 -1.4617425075644135e+02
1.4212800000000001e+00 9.7962824396718162e+01 -1.4622022440541554e+02
1.4222766666666669e+00 9.8108580153422537e+01 -1.4626624389763998e+02
1.4232733333333334e+00 9.8254381799088790e+01 -1.4631230927881984e+02
1.4242700000000001e+00 9.8400229379475775e+01 -1.4635842059470824e+02
1.4252666666666669e+00 9.8546122940387889e+01 -1.4640457789111630e+02
1.4262633333333334e+00 9.8692062527675205e+01 -1.4645078121390006e+02
1.4272600000000002e+00 9.8838048187233596e+01 -1.4649703060893069e+02
1.4282566666666667e+00 9.8984079965004582e+01 -1.4654332612217010e+02
1.4292533333333335e+00 9.9130157906975626e+01 -1.4658966779962299e+02
1.4302500000000000e+00 9.9276282059179920e+01 -1.4663605568728678e+02
1.4312466666666668e+00 9.9422452467696672e+01 -1.4668248983124971e+02
1.4322433333333335e+00 9.9568669178650964e+01 -1.4672897027765805e+02
1.4332400000000001e+00 9.9714932238213848e+01 -1.4677549707266004e+02
1.4342366666666668e+00 9.9861241692602533e+01 -1.4682207026247616e+02
1.4352333333333334e+00 1.0000759758808019e+02 -1.4686868989338203e+02
1.4362300000000001e+00 1.0015399997095622e+02 -1.4691535601166547e+02
1.4372266666666669e+00 1.0030044888758613e+02 -1.4696206866370090e+02
1.4382233333333334e+00 1.0044694438437165e+02 -1.4700882789590020e+02
1.4392200000000002e+00 1.0059348650776087e+02 -1.4705563375467651e+02
1.4402166666666667e+00 1.0074007530424807e+02 -1.4710248628655489e+02
1.4412133333333335e+00 1.0088671082037402e+02 -1.4714938553806553e+02
1.4422100000000002e+00 1.0103339310272580e+02 -1.4719633155578259e+02
1.4432066666666667e+00 1.0118012219793695e+02 -1.4724332438636736e+02
1.4442033333333335e+00 1.0132689815268762e+02 -1.4729036407647541e+02
1.4452000000000000e+00 1.0147372101370433e+02 -1.4733745067283857e+02
1.4461966666666668e+00 1.0162059082776040e+02 -1.4738458422224352e+02
1.4471933333333336e+00 1.0176750764167562e+02 -1.4743176477149279e+02
1.4481900000000001e+00 1.0191447150231652e+02 -1.4747899236745428e+02
1.4491866666666668e+00 1.0206148245659642e+02 -1.4752626705706876e+02
1.4501833333333334e+00 1.0220854055147534e+02 -1.4757358888726765e+02
1.4511800000000001e+00 1.0235564583396018e+02 -1.4762095790504443e+02
1.4521766666666669e+00 1.0250279835110469e+02 -1.4766837415749387e+02
1.4531733333333334e+00 1.0264999815000951e+02 -1.4771583769169069e+02
1.4541700000000002e+00 1.0279724527782234e+02 -1.4776334855478234e+02
1.4551666666666667e+00 1.0294453978173779e+02 -1.4781090679398542e+02
1.4561633333333335e+00 1.0309188170899763e+02 -1.4785851245651435e+02
1.4571600000000002e+00 1.0323927110689066e+02 -1.4790616558966374e+02
1.4581566666666668e+00 1.0338670802275281e+02 -1.4795386624078608e+02
1.4591533333333335e+00 1.0353419250396735e+02 -1.4800161445724996e+02
1.4601500000000001e+00 1.0368172459796462e+02 -1.4804941028647872e+02
1.4611466666666668e+00 1.0382930435222242e+02 -1.4809725377597195e+02
1.4621433333333336e+00 1.0397693181426580e+02 -1.4814514497324524e+02
1.4631400000000001e+00 1.0412460703166717e+02 -1.4819308392586501e+02
1.4641366666666669e+00 1.0427233005204650e+02 -1.4824107068145642e+02
1.4651333333333334e+00 1.0442010092307110e+02 -1.4828910528767807e+02
1.4661300000000002e+00 1.0456791969245596e+02 -1.4833718779226004e+02
1.4671266666666667e+00 1.0471578640796349e+02 -1.4838531824296061e+02
1.4681233333333334e+00 1.0486370111740389e+02 -1.4843349668757165e+02
1.4691200000000002e+00 1.0501166386863491e+02 -1.4848172317397965e+02
1.4701166666666667e+00 1.0515967470956205e+02 -1.4852999775007876e+02
1.4711133333333335e+00 1.0530773368813865e+02 -1.4857832046380079e+02
1.4721100000000000e+00 1.0545584085236575e+02 -1.4862669136318939e+02
1.4731066666666668e+00 1.0560399625029240e+02 -1.4867511049626444e+02
1.4741033333333335e+00 1.0575219993001542e+02 -1.4872357791110500e+02
1.4751000000000001e+00 1.0590045193967963e+02 -1.4877209365590457e+02
1.4760966666666668e+00 1.0604875232747796e+02 -1.4882065777883034e+02
1.4770933333333334e+00 1.0619710114165123e+02 -1.4886927032810402e+02
1.4780900000000001e+00 1.0634549843048852e+02 -1.4891793135205216e+02
1.4790866666666669e+00 1.0649394424232698e+02 -1.4896664089899625e+02
1.4800833333333334e+00 1.0664243862555190e+02 -1.4901539901730078e+02
1.4810800000000002e+00 1.0679098162859700e+02 -1.4906420575543240e+02
1.4820766666666667e+00 1.0693957329994409e+02 -1.4911306116185526e+02
1.4830733333333335e+00 1.0708821368812350e+02 -1.4916196528509545e+02
1.4840700000000002e+00 1.0723690284171384e+02 -1.4921091817374543e+02
1.4850666666666668e+00 1.0738564080934216e+02 -1.4925991987642635e+02
1.4860633333333335e+00 1.0753442763968410e+02 -1.4930897044181870e+02
1.4870600000000000e+00 1.0768326338146370e+02 -1.4935806991863618e+02
1.4880566666666668e+00 1.0783214808345373e+02 -1.4940721835564719e+02
1.4890533333333336e+00 1.0798108179447549e+02 -1.4945641580168672e+02
1.4900500000000001e+00 1.0813006456339895e+02 -1.4950566230562535e+02
1.4910466666666669e+00 1.0827909643914293e+02 -1.4955495791638594e+02
1.4920433333333334e+00 1.0842817747067490e+02 -1.4960430268291040e+02
1.4930400000000001e+00 1.0857730770701126e+02 -1.4965369665423086e+02
1.4940366666666669e+00 1.0872648719721721e+02 -1.4970313987941765e+02
1.4950333333333334e+00 1.0887571599040689e+02 -1.4975263240759074e+02
1.4960300000000002e+00 1.0902499413574350e+02 -1.4980217428790834e+02
1.4970266666666667e+00 1.0917432168243910e+02 -1.4985176556954045e+02
1.4980233333333335e+00 1.0932369867975500e+02 -1.4990140630181153e+02
1.4990200000000002e+00 1.0947312517700153e+02 -1.4995109653401298e+02
1.5000166666666668e+00 1.0962260122353818e+02 -1.5000083631547852e+02
1.5010133333333335e+00 1.0977212686877374e+02 -1.5005062569564444e+02
1.5020100000000001e+00 1.0992170216216616e+02 -1.5010046472395882e+02
1.5030066666666668e+00 1.1007132715322282e+02 -1.5015035344992674e+02
1.5040033333333334e+00 1.1022100189150036e+02 -1.5020029192311031e+02
1.5050000000000001e+00 1.1037072642660496e+02 -1.5025028019311907e+02
1.5059966666666669e+00 1.1052050080819215e+02 -1.5030031830958680e+02
1.5069933333333334e+00 1.1067032508596699e+02 -1.5035040632223919e+02
1.5079900000000002e+00 1.1082019930968421e+02 -1.5040054428084056e+02
1.5089866666666667e+00 1.1097012352914800e+02 -1.5045073223516684e+02
1.5099833333333335e+00 1.1112009779421236e+02 -1.5050097023509136e+02
1.5109800000000002e+00 1.1127012215478089e+02 -1.5055125833051170e+02
1.5119766666666667e+00 1.1142019666080698e+02 -1.5060159657137461e+02
1.5129733333333335e+00 1.1157032136229390e+02 -1.5065198500770094e+02
1.5139700000000000e+00 1.1172049630929466e+02 -1.5070242368953043e+02
1.5149666666666668e+00 1.1187072155191233e+02 -1.5075291266696459e+02
1.5159633333333336e+00 1.1202099714029981e+02 -1.5080345199016483e+02
1.5169600000000001e+00 1.1217132312466003e+02 -1.5085404170932722e+02
1.5179566666666668e+00 1.1232169955524610e+02 -1.5090468187470807e+02
1.5189533333333334e+00 1.1247212648236105e+02 -1.5095537253661089e+02
1.5199500000000001e+00 1.1262260395635826e+02 -1.5100611374539369e+02
1.5209466666666669e+00 1.1277313202764120e+02 -1.5105690555143906e+02
1.5219433333333334e+00 1.1292371074666359e+02 -1.5110774800522813e+02
1.5229400000000002e+00 1.1307434016392958e+02 -1.5115864115725967e+02
1.5239366666666667e+00 1.1322502032999353e+02 -1.5120958505805805e+02
1.5249333333333335e+00 1.1337575129546035e+02 -1.5126057975826660e+02
1.5259300000000002e+00 1.1352653311098531e+02 -1.5131162530853879e+02
1.5269266666666668e+00 1.1367736582727422e+02 -1.5136272175954826e+02
1.5279233333333335e+00 1.1382824949508350e+02 -1.5141386916206457e+02
1.5289200000000001e+00 1.1397918416522008e+02 -1.5146506756690454e+02
1.5299166666666668e+00 1.1413016988854169e+02 -1.5151631702492523e+02
1.5309133333333336e+00 1.1428120671595667e+02 -1.5156761758705116e+02
1.5319100000000001e+00 1.1443229469842413e+02 -1.5161896930419826e+02
1.5329066666666669e+00 1.1458343388695405e+02 -1.5167037222739279e+02
1.5339033333333334e+00 1.1473462433260720e+02 -1.5172182640772243e+02
1.5349000000000002e+00 1.1488586608649537e+02 -1.5177333189626526e+02
1.5358966666666669e+00 1.1503715919978121e+02 -1.5182488874420255e+02
1.5368933333333334e+00 1.1518850372367842e+02 -1.5187649700275662e+02
1.5378900000000002e+00 1.1533989970945186e+02 -1.5192815672316058e+02
1.5388866666666667e+00 1.1549134720841732e+02 -1.5197986795674456e+02
1.5398833333333335e+00 1.1564284627194198e+02 -1.5203163075490016e+02
1.5408800000000002e+00 1.1579439695144407e+02 -1.5208344516901556e+02
1.5418766666666668e+00 1.1594599929839315e+02 -1.5213531125056249e+02
1.5428733333333335e+00 1.1609765336431015e+02 -1.5218722905108064e+02
1.5438700000000001e+00 1.1624935920076727e+02 -1.5223919862212114e+02
1.5448666666666668e+00 1.1640111685938828e+02 -1.5229122001532070e+02
1.5458633333333334e+00 1.1655292639184827e+02 -1.5234329328235884e+02
1.5468600000000001e+00 1.1670478784987401e+02 -1.5239541847494081e+02
1.5478566666666669e+00 1.1685670128524373e+02 -1.5244759564486836e+02
1.5488533333333334e+00 1.1700866674978731e+02 -1.5249982484396256e+02
1.5498500000000002e+00 1.1716068429538640e+02 -1.5255210612409090e+02
1.5508466666666667e+00 1.1731275397397427e+02 -1.5260443953721102e+02
1.5518433333333335e+00 1.1746487583753608e+02 -1.5265682513530612e+02
1.5528400000000002e+00 1.1761704993810876e+02 -1.5270926297038483e+02
1.5538366666666668e+00 1.1776927632778111e+02 -1.5276175309456033e+02
1.5548333333333335e+00 1.1792155505869398e+02 -1.5281429555998545e+02
1.5558300000000000e+00 1.1807388618304006e+02 -1.5286689041881729e+02
1.5568266666666668e+00 1.1822626975306423e+02 -1.5291953772331723e+02
1.5578233333333336e+00 1.1837870582106338e+02 -1.5297223752579328e+02
1.5588200000000001e+00 1.1853119443938654e+02 -1.5302498987857962e+02
1.5598166666666669e+00 1.1868373566043503e+02 -1.5307779483408572e+02
1.5608133333333334e+00 1.1883632953666230e+02 -1.5313065244476815e+02
1.5618100000000001e+00 1.1898897612057425e+02 -1.5318356276311633e+02
1.5628066666666669e+00 1.1914167546472900e+02 -1.5323652584170213e+02
1.5638033333333334e+00 1.1929442762173711e+02 -1.5328954173313059e+02
1.5648000000000002e+00 1.1944723264426169e+02 -1.5334261049006787e+02
1.5657966666666667e+00 1.1960009058501824e+02 -1.5339573216524141e+02
1.5667933333333335e+00 1.1975300149677494e+02 -1.5344890681139731e+02
1.5677900000000002e+00 1.1990596543235252e+02 -1.5350213448136412e+02
1.5687866666666668e+00 1.2005898244462435e+02 -1.5355541522802491e+02
1.5697833333333335e+00 1.2021205258651663e+02 -1.5360874910428106e+02
1.5707800000000001e+00 1.2036517591100821e+02 -1.5366213616313803e+02
1.5717766666666668e+00 1.2051835247113091e+02 -1.5371557645762707e+02
1.5727733333333336e+00 1.2067158231996932e+02 -1.5376907004081224e+02
1.5737700000000001e+00 1.2082486551066096e+02 -1.5382261696584717e+02
1.5747666666666669e+00 1.2097820209639643e+02 -1.5387621728591859e+02
1.5757633333333334e+00 1.2113159213041926e+02 -1.5392987105426010e+02
1.5767600000000002e+00 1.2128503566602620e+02 -1.5398357832418094e+02
1.5777566666666669e+00 1.2143853275656704e+02 -1.5403733914903748e+02
1.5787533333333335e+00 1.2159208345544477e+02 -1.5409115358221149e+02
1.5797500000000002e+00 1.2174568781611571e+02 -1.5414502167716773e+02
1.5807466666666667e+00 1.2189934589208937e+02 -1.5419894348743213e+02
1.5817433333333335e+00 1.2205305773692878e+02 -1.5425291906654491e+02
1.5827400000000000e+00 1.2220682340425020e+02 -1.5430694846812472e+02
1.5837366666666668e+00 1.2236064294772352e+02 -1.5436103174585844e+02
1.5847333333333335e+00 1.2251451642107203e+02 -1.5441516895345922e+02
1.5857300000000001e+00 1.2266844387807259e+02 -1.5446936014470072e+02
1.5867266666666668e+00 1.2282242537255580e+02 -1.5452360537341846e+02
1.5877233333333334e+00 1.2297646095840578e+02 -1.5457790469348768e+02
1.5887200000000001e+00 1.2313055068956055e+02 -1.5463225815885201e+02
1.5897166666666669e+00 1.2328469462001178e+02 -1.5468666582351682e+02
1.5907133333333334e+00 1.2343889280380499e+02 -1.5474112774151251e+02
1.5917100000000002e+00 1.2359314529503970e+02 -1.5479564396693121e+02
1.5927066666666667e+00 1.2374745214786925e+02 -1.5485021455394752e+02
1.5937033333333335e+00 1.2390181341650110e+02 -1.5490483955674750e+02
1.5947000000000002e+00 1.2405622915519665e+02 -1.5495951902960752e+02
1.5956966666666668e+00 1.2421069941827142e+02 -1.5501425302684299e+02
1.5966933333333335e+00 1.2436522426009520e+02 -1.5506904160280277e+02
1.5976900000000001e+00 1.2451980373509187e+02 -1.5512388481193952e+02
1.5986866666666668e+00 1.2467443789773968e+02 -1.5517878270872444e+02
1.5996833333333336e+00 1.2482912680257114e+02 -1.5523373534767632e+02
1.6006800000000001e+00 1.2498387050417310e+02 -1.5528874278339566e+02
1.6016766666666669e+00 1.2513866905718697e+02 -1.5534380507050943e+02
1.6026733333333334e+00 1.2529352251630851e+02 -1.5539892226371981e+02
1.6036700000000002e+00 1.2544843093628815e+02 -1.5545409441779736e+02
1.6046666666666669e+00 1.2560339437193082e+02 -1.5550932158752482e+02
1.6056633333333334e+00 1.2575841287809608e+02 -1.5556460382775205e+02
1.6066600000000002e+00 1.2591348650969830e+02 -1.5561994119341256e+02
1.6076566666666667e+00 1.2606861532170650e+02 -1.5567533373947239e+02
1.6086533333333335e+00 1.2622379936914463e+02 -1.5573078152095155e+02
1.6096500000000002e+00 1.2637903870709140e+02 -1.5578628459294657e+02
1.6106466666666668e+00 1.2653433339068046e+02 -1.5584184301055674e+02
1.6116433333333335e+00 1.2668968347510051e+02 -1.5589745682899365e+02
1.6126400000000001e+00 1.2684508901559518e+02 -1.5595312610350857e+02
1.6136366666666668e+00 1.2700055006746331e+02 -1.5600885088937088e+02
1.6146333333333336e+00 1.2715606668605876e+02 -1.5606463124195528e+02
1.6156300000000001e+00 1.2731163892679062e+02 -1.5612046721667471e+02
1.6166266666666669e+00 1.2746726684512332e+02 -1.5617635886897600e+02
1.6176233333333334e+00 1.2762295049657645e+02 -1.5623230625440263e+02
1.6186200000000002e+00 1.2777868993672512e+02 -1.5628830942851246e+02
1.6196166666666667e+00 1.2793448522119968e+02 -1.5634436844692024e+02
1.6206133333333335e+00 1.2809033640568614e+02 -1.5640048336535875e+02
1.6216100000000002e+00 1.2824624354592595e+02 -1.5645665423954509e+02
1.6226066666666668e+00 1.2840220669771605e+02 -1.5651288112524844e+02
1.6236033333333335e+00 1.2855822591690921e+02 -1.5656916407835061e+02
1.6246000000000000e+00 1.2871430125941367e+02 -1.5662550315475866e+02
1.6255966666666668e+00 1.2887043278119367e+02 -1.5668189841043358e+02
1.6265933333333336e+00 1.2902662053826907e+02 -1.5673834990139184e+02
1.6275900000000001e+00 1.2918286458671562e+02 -1.5679485768373053e+02
1.6285866666666668e+00 1.2933916498266512e+02 -1.5685142181354541e+02
1.6295833333333334e+00 1.2949552178230513e+02 -1.5690804234704291e+02
1.6305800000000001e+00 1.2965193504187943e+02 -1.5696471934048344e+02
1.6315766666666669e+00 1.2980840481768774e+02 -1.5702145285011167e+02
1.6325733333333334e+00 1.2996493116608599e+02 -1.5707824293235257e+02
1.6335700000000002e+00 1.3012151414348637e+02 -1.5713508964360136e+02
1.6345666666666667e+00 1.3027815380635712e+02 -1.5719199304026404e+02
1.6355633333333335e+00 1.3043485021122305e+02 -1.5724895317892896e+02
1.6365600000000002e+00 1.3059160341466514e+02 -1.5730597011619736e+02
1.6375566666666668e+00 1.3074841347332082e+02 -1.5736304390863668e+02
1.6385533333333335e+00 1.3090528044388412e+02 -1.5742017461298437e+02
1.6395500000000001e+00 1.3106220438310544e+02 -1.5747736228598865e+02
1.6405466666666668e+00 1.3121918534779186e+02 -1.5753460698442319e+02
1.6415433333333336e+00 1.3137622339480711e+02 -1.5759190876518878e+02
1.6425400000000001e+00 1.3153331858107154e+02 -1.5764926768519493e+02
1.6435366666666669e+00 1.3169047096356240e+02 -1.5770668380143573e+02
1.6445333333333334e+00 1.3184768059931361e+02 -1.5776415717093039e+02
1.6455300000000002e+00 1.3200494754541609e+02 -1.5782168785073770e+02
1.6465266666666669e+00 1.3216227185901758e+02 -1.5787927589804363e+02
1.6475233333333335e+00 1.3231965359732283e+02 -1.5793692137005709e+02
1.6485200000000002e+00 1.3247709281759373e+02 -1.5799462432401464e+02
1.6495166666666667e+00 1.3263458957714911e+02 -1.5805238481724911e+02
1.6505133333333335e+00 1.3279214393336511e+02 -1.5811020290714717e+02
1.6515100000000003e+00 1.3294975594367500e+02 -1.5816807865112310e+02
1.6525066666666668e+00 1.3310742566556928e+02 -1.5822601210668518e+02
1.6535033333333335e+00 1.3326515315659591e+02 -1.5828400333135500e+02
1.6545000000000001e+00 1.3342293847436008e+02 -1.5834205238275067e+02
1.6554966666666668e+00 1.3358078167652457e+02 -1.5840015931854737e+02
1.6564933333333334e+00 1.3373868282080952e+02 -1.5845832419644873e+02
1.6574900000000001e+00 1.3389664196499277e+02 -1.5851654707424061e+02
1.6584866666666669e+00 1.3405465916690966e+02 -1.5857482800976510e+02
1.6594833333333334e+00 1.3421273448445319e+02 -1.5863316706091541e+02
1.6604800000000002e+00 1.3437086797557421e+02 -1.5869156428561234e+02
1.6614766666666667e+00 1.3452905969828123e+02 -1.5875001974188754e+02
1.6624733333333335e+00 1.3468730971064070e+02 -1.5880853348782620e+02
1.6634700000000002e+00 1.3484561807077694e+02 -1.5886710558151302e+02
1.6644666666666668e+00 1.3500398483687215e+02 -1.5892573608114040e+02
1.6654633333333335e+00 1.3516241006716669e+02 -1.5898442504498573e+02
1.6664600000000001e+00 1.3532089381995885e+02 -1.5904317253132308e+02
1.6674566666666668e+00 1.3547943615360521e+02 -1.5910197859847997e+02
1.6684533333333336e+00 1.3563803712652040e+02 -1.5916084330489755e+02
1.6694500000000001e+00 1.3579669679717733e+02 -1.5921976670906764e+02
1.6704466666666669e+00 1.3595541522410733e+02 -1.5927874886949590e+02
1.6714433333333334e+00 1.3611419246589992e+02 -1.5933778984476984e+02
1.6724400000000001e+00 1.3627302858120319e+02 -1.5939688969353077e+02
1.6734366666666669e+00 1.3643192362872361e+02 -1.5945604847451946e+02
1.6744333333333334e+00 1.3659087766722624e+02 -1.5951526624649841e+02
1.6754300000000002e+00 1.3674989075553478e+02 -1.5957454306824422e+02
1.6764266666666667e+00 1.3690896295253145e+02 -1.5963387899868661e+02
1.6774233333333335e+00 1.3706809431715737e+02 -1.5969327409675213e+02
1.6784200000000002e+00 1.3722728490841226e+02 -1.5975272842139540e+02
1.6794166666666668e+00 1.3738653478535474e+02 -1.5981224203176384e+02
1.6804133333333335e+00 1.3754584400710240e+02 -1.5987181498691925e+02
1.6814100000000001e+00 1.3770521263283163e+02 -1.5993144734601947e+02
1.6824066666666668e+00 1.3786464072177799e+02 -1.5999113916836174e+02
1.6834033333333336e+00 1.3802412833323598e+02 -1.6005089051320027e+02
1.6844000000000001e+00 1.3818367552655926e+02 -1.6011070143988189e+02
1.6853966666666669e+00 1.3834328236116073e+02 -1.6017057200783916e+02
1.6863933333333334e+00 1.3850294889651244e+02 -1.6023050227654377e+02
1.6873900000000002e+00 1.3866267519214583e+02 -1.6029049230550663e+02
1.6883866666666669e+00 1.3882246130765165e+02 -1.6035054215433851e+02
1.6893833333333335e+00 1.3898230730268008e+02 -1.6041065188268567e+02
1.6903800000000002e+00 1.3914221323694085e+02 -1.6047082155025157e+02
1.6913766666666668e+00 1.3930217917020309e+02 -1.6053105121682157e+02
1.6923733333333335e+00 1.3946220516229567e+02 -1.6059134094220957e+02
1.6933700000000000e+00 1.3962229127310701e+02 -1.6065169078628651e+02
1.6943666666666668e+00 1.3978243756258536e+02 -1.6071210080904797e+02
1.6953633333333336e+00 1.3994264409073867e+02 -1.6077257107046142e+02
1.6963600000000001e+00 1.4010291091763469e+02 -1.6083310163060065e+02
1.6973566666666668e+00 1.4026323810340119e+02 -1.6089369254962551e+02
1.6983533333333334e+00 1.4042362570822576e+02 -1.6095434388767779e+02
1.6993500000000001e+00 1.4058407379235612e+02 -1.6101505570502397e+02
1.7003466666666669e+00 1.4074458241610003e+02 -1.6107582806198801e+02
1.7013433333333334e+00 1.4090515163982533e+02 -1.6113666101891462e+02
1.7023400000000002e+00 1.4106578152396017e+02 -1.6119755463624881e+02
1.7033366666666667e+00 1.4122647212899284e+02 -1.6125850897447447e+02
1.7043333333333335e+00 1.4138722351547204e+02 -1.6131952409412906e+02
1.7053300000000002e+00 1.4154803574400680e+02 -1.6138060005583611e+02
1.7063266666666668e+00 1.4170890887526653e+02 -1.6144173692023952e+02
1.7073233333333335e+00 1.4186984296998128e+02 -1.6150293474809808e+02
1.7083200000000001e+00 1.4203083808894149e+02 -1.6156419360020939e+02
1.7093166666666668e+00 1.4219189429299843e+02 -1.6162551353741034e+02
1.7103133333333336e+00 1.4235301164306384e+02 -1.6168689462059533e+02
1.7113100000000001e+00 1.4251419020011025e+02 -1.6174833691073624e+02
1.7123066666666669e+00 1.4267543002517112e+02 -1.6180984046889125e+02
1.7133033333333334e+00 1.4283673117934057e+02 -1.6187140535615742e+02
1.7143000000000002e+00 1.4299809372377385e+02 -1.6193303163368520e+02
1.7152966666666669e+00 1.4315951771968705e+02 -1.6199471936266869e+02
1.7162933333333334e+00 1.4332100322835728e+02 -1.6205646860439319e+02
1.7172900000000002e+00 1.4348255031112291e+02 -1.6211827942023066e+02
1.7182866666666667e+00 1.4364415902938327e+02 -1.6218015187153483e+02
1.7192833333333335e+00 1.4380582944459911e+02 -1.6224208601976983e+02
1.7202800000000003e+00 1.4396756161829234e+02 -1.6230408192648616e+02
1.7212766666666668e+00 1.4412935561204623e+02 -1.6236613965325444e+02
1.7222733333333335e+00 1.4429121148750554e+02 -1.6242825926173157e+02
1.7232700000000001e+00 1.4445312930637638e+02 -1.6249044081359941e+02
1.7242666666666668e+00 1.4461510913042653e+02 -1.6255268437063563e+02
1.7252633333333336e+00 1.4477715102148525e+02 -1.6261498999466181e+02
1.7262600000000001e+00 1.4493925504144346e+02 -1.6267735774757637e+02
1.7272566666666669e+00 1.4510142125225389e+02 -1.6273978769136423e+02
1.7282533333333334e+00 1.4526364971593091e+02 -1.6280227988799231e+02
1.7292500000000002e+00 1.4542594049455087e+02 -1.6286483439954173e+02
1.7302466666666667e+00 1.4558829365025190e+02 -1.6292745128817890e+02
1.7312433333333335e+00 1.4575070924523419e+02 -1.6299013061608071e+02
1.7322400000000002e+00 1.4591318734175988e+02 -1.6305287244549669e+02
1.7332366666666668e+00 1.4607572800215320e+02 -1.6311567683879557e+02
1.7342333333333335e+00 1.4623833128880062e+02 -1.6317854385834738e+02
1.7352300000000001e+00 1.4640099726415067e+02 -1.6324147356657528e+02
1.7362266666666668e+00 1.4656372599071432e+02 -1.6330446602599841e+02
1.7372233333333336e+00 1.4672651753106473e+02 -1.6336752129922277e+02
1.7382200000000001e+00 1.4688937194783750e+02 -1.6343063944885941e+02
1.7392166666666669e+00 1.4705228930373076e+02 -1.6349382053756352e+02
1.7402133333333334e+00 1.4721526966150498e+02 -1.6355706462815752e+02
1.7412100000000001e+00 1.4737831308398347e+02 -1.6362037178348845e+02
1.7422066666666669e+00 1.4754141963405200e+02 -1.6368374206637637e+02
1.7432033333333334e+00 1.4770458937465904e+02 -1.6374717553974574e+02
1.7442000000000002e+00 1.4786782236881592e+02 -1.6381067226670822e+02
1.7451966666666667e+00 1.4803111867959677e+02 -1.6387423231031426e+02
1.7461933333333335e+00 1.4819447837013865e+02 -1.6393785573358210e+02
1.7471900000000002e+00 1.4835790150364150e+02 -1.6400154259984490e+02
1.7481866666666668e+00 1.4852138814336831e+02 -1.6406529297236958e+02
1.7491833333333335e+00 1.4868493835264522e+02 -1.6412910691438174e+02
1.7501800000000001e+00 1.4884855219486136e+02 -1.6419298448930257e+02
1.7511766666666668e+00 1.4901222973346924e+02 -1.6425692576062065e+02
1.7521733333333336e+00 1.4917597103198457e+02 -1.6432093079188346e+02
1.7531700000000001e+00 1.4933977615398638e+02 -1.6438499964657137e+02
1.7541666666666669e+00 1.4950364516311714e+02 -1.6444913238838063e+02
1.7551633333333334e+00 1.4966757812308273e+02 -1.6451332908107469e+02
1.7561600000000002e+00 1.4983157509765266e+02 -1.6457758978829898e+02
1.7571566666666669e+00 1.4999563615065986e+02 -1.6464191457394310e+02
1.7581533333333335e+00 1.5015976134600101e+02 -1.6470630350197223e+02
1.7591500000000002e+00 1.5032395074763656e+02 -1.6477075663625382e+02
1.7601466666666667e+00 1.5048820441959060e+02 -1.6483527404082213e+02
1.7611433333333335e+00 1.5065252242595125e+02 -1.6489985577982151e+02
1.7621400000000003e+00 1.5081690483087036e+02 -1.6496450191737003e+02
1.7631366666666668e+00 1.5098135169856377e+02 -1.6502921251761802e+02
1.7641333333333336e+00 1.5114586309331148e+02 -1.6509398764497462e+02
1.7651300000000001e+00 1.5131043907945747e+02 -1.6515882736374522e+02
1.7661266666666668e+00 1.5147507972140997e+02 -1.6522373173823092e+02
1.7671233333333336e+00 1.5163978508364133e+02 -1.6528870083303462e+02
1.7681200000000001e+00 1.5180455523068824e+02 -1.6535373471266303e+02
1.7691166666666669e+00 1.5196939022715182e+02 -1.6541883344166800e+02
1.7701133333333334e+00 1.5213429013769743e+02 -1.6548399708471123e+02
1.7711100000000002e+00 1.5229925502705510e+02 -1.6554922570658283e+02
1.7721066666666667e+00 1.5246428496001928e+02 -1.6561451937211564e+02
1.7731033333333335e+00 1.5262938000144919e+02 -1.6567987814603853e+02
1.7741000000000002e+00 1.5279454021626850e+02 -1.6574530209332519e+02
1.7750966666666668e+00 1.5295976566946570e+02 -1.6581079127903834e+02
1.7760933333333335e+00 1.5312505642609423e+02 -1.6587634576814338e+02
1.7770900000000001e+00 1.5329041255127217e+02 -1.6594196562574399e+02
1.7780866666666668e+00 1.5345583411018271e+02 -1.6600765091711077e+02
1.7790833333333336e+00 1.5362132116807399e+02 -1.6607340170748859e+02
1.7800800000000001e+00 1.5378687379025914e+02 -1.6613921806206824e+02
1.7810766666666669e+00 1.5395249204211652e+02 -1.6620510004634272e+02
1.7820733333333334e+00 1.5411817598908959e+02 -1.6627104772577223e+02
1.7830700000000002e+00 1.5428392569668722e+02 -1.6633706116577000e+02
1.7840666666666669e+00 1.5444974123048343e+02 -1.6640314043193735e+02
1.7850633333333334e+00 1.5461562265611764e+02 -1.6646928558994972e+02
1.7860600000000002e+00 1.5478157003929491e+02 -1.6653549670552840e+02
1.7870566666666667e+00 1.5494758344578557e+02 -1.6660177384434738e+02
1.7880533333333335e+00 1.5511366294142573e+02 -1.6666811707236161e+02
1.7890500000000003e+00 1.5527980859211709e+02 -1.6673452645540084e+02
1.7900466666666668e+00 1.5544602046382693e+02 -1.6680100205938268e+02
1.7910433333333335e+00 1.5561229862258853e+02 -1.6686754395049897e+02
1.7920400000000001e+00 1.5577864313450090e+02 -1.6693415219475170e+02
1.7930366666666668e+00 1.5594505406572901e+02 -1.6700082685826692e+02
1.7940333333333336e+00 1.5611153148250372e+02 -1.6706756800731620e+02
1.7950300000000001e+00 1.5627807545112196e+02 -1.6713437570825945e+02
1.7960266666666669e+00 1.5644468603794689e+02 -1.6720125002734540e+02
1.7970233333333334e+00 1.5661136330940761e+02 -1.6726819103100371e+02
1.7980200000000002e+00 1.5677810733199971e+02 -1.6733519878588802e+02
1.7990166666666669e+00 1.5694491817228499e+02 -1.6740227335842707e+02
1.8000133333333335e+00 1.5711179589689149e+02 -1.6746941481523692e+02
1.8010100000000002e+00 1.5727874057251393e+02 -1.6753662322306565e+02
1.8020066666666668e+00 1.5744575226591331e+02 -1.6760389864868506e+02
1.8030033333333335e+00 1.5761283104391745e+02 -1.6767124115891988e+02
1.8040000000000003e+00 1.5777997697342059e+02 -1.6773865082058379e+02
1.8049966666666668e+00 1.5794719012138370e+02 -1.6780612770073498e+02
1.8059933333333336e+00 1.5811447055483464e+02 -1.6787367186636374e+02
1.8069900000000001e+00 1.5828181834086797e+02 -1.6794128338452714e+02
1.8079866666666669e+00 1.5844923354664530e+02 -1.6800896232243934e+02
1.8089833333333334e+00 1.5861671623939506e+02 -1.6807670874734271e+02
1.8099800000000001e+00 1.5878426648641289e+02 -1.6814452272650385e+02
1.8109766666666669e+00 1.5895188435506134e+02 -1.6821240432723573e+02
1.8119733333333334e+00 1.5911956991277023e+02 -1.6828035361709536e+02
1.8129700000000002e+00 1.5928732322703672e+02 -1.6834837066345821e+02
1.8139666666666667e+00 1.5945514436542501e+02 -1.6841645553385169e+02
1.8149633333333335e+00 1.5962303339556695e+02 -1.6848460829611281e+02
1.8159600000000002e+00 1.5979099038516173e+02 -1.6855282901779711e+02
1.8169566666666668e+00 1.5995901540197596e+02 -1.6862111776663247e+02
1.8179533333333335e+00 1.6012710851384392e+02 -1.6868947461052187e+02
1.8189500000000001e+00 1.6029526978866747e+02 -1.6875789961739218e+02
1.8199466666666668e+00 1.6046349929441632e+02 -1.6882639285519446e+02
1.8209433333333336e+00 1.6063179709912779e+02 -1.6889495439188329e+02
1.8219400000000001e+00 1.6080016327090706e+02 -1.6896358429568568e+02
1.8229366666666669e+00 1.6096859787792738e+02 -1.6903228263470433e+02
1.8239333333333334e+00 1.6113710098842978e+02 -1.6910104947715115e+02
1.8249300000000002e+00 1.6130567267072348e+02 -1.6916988489143336e+02
1.8259266666666669e+00 1.6147431299318575e+02 -1.6923878894584811e+02
1.8269233333333335e+00 1.6164302202426200e+02 -1.6930776170885028e+02
1.8279200000000002e+00 1.6181179983246599e+02 -1.6937680324899884e+02
1.8289166666666667e+00 1.6198064648637978e+02 -1.6944591363487649e+02
1.8299133333333335e+00 1.6214956205465381e+02 -1.6951509293503304e+02
1.8309100000000003e+00 1.6231854660600689e+02 -1.6958434121826460e+02
1.8319066666666668e+00 1.6248760020922643e+02 -1.6965365855343961e+02
1.8329033333333336e+00 1.6265672293316851e+02 -1.6972304500924534e+02
1.8339000000000001e+00 1.6282591484675768e+02 -1.6979250065469228e+02
1.8348966666666668e+00 1.6299517601898742e+02 -1.6986202555880064e+02
1.8358933333333336e+00 1.6316450651891989e+02 -1.6993161979059491e+02
1.8368900000000001e+00 1.6333390641568607e+02 -1.7000128341917147e+02
1.8378866666666669e+00 1.6350337577848600e+02 -1.7007101651377369e+02
1.8388833333333334e+00 1.6367291467658865e+02 -1.7014081914375424e+02
1.8398800000000002e+00 1.6384252317933215e+02 -1.7021069137829028e+02
1.8408766666666669e+00 1.6401220135612363e+02 -1.7028063328686247e+02
1.8418733333333335e+00 1.6418194927643950e+02 -1.7035064493899500e+02
1.8428700000000002e+00 1.6435176700982552e+02 -1.7042072640414506e+02
1.8438666666666668e+00 1.6452165462589662e+02 -1.7049087775196483e+02
1.8448633333333335e+00 1.6469161219433735e+02 -1.7056109905216354e+02
1.8458600000000001e+00 1.6486163978490163e+02 -1.7063139037452169e+02
1.8468566666666668e+00 1.6503173746741300e+02 -1.7070175178872958e+02
1.8478533333333336e+00 1.6520190531176451e+02 -1.7077218336478137e+02
1.8488500000000001e+00 1.6537214338791898e+02 -1.7084268517270013e+02
1.8498466666666669e+00 1.6554245176590911e+02 -1.7091325728235668e+02
1.8508433333333334e+00 1.6571283051583717e+02 -1.7098389976397337e+02
1.8518400000000002e+00 1.6588327970787560e+02 -1.7105461268771106e+02
1.8528366666666669e+00 1.6605379941226667e+02 -1.7112539612377805e+02
1.8538333333333334e+00 1.6622438969932267e+02 -1.7119625014246805e+02
1.8548300000000002e+00 1.6639505063942607e+02 -1.7126717481417944e+02
1.8558266666666667e+00 1.6656578230302952e+02 -1.7133817020949115e+02
1.8568233333333335e+00 1.6673658476065597e+02 -1.7140923639873506e+02
1.8578200000000002e+00 1.6690745808289856e+02 -1.7148037345256157e+02
1.8588166666666668e+00 1.6707840234042087e+02 -1.7155158144172051e+02
1.8598133333333335e+00 1.6724941760395703e+02 -1.7162286043682428e+02
1.8608100000000001e+00 1.6742050394431155e+02 -1.7169421050875124e+02
1.8618066666666668e+00 1.6759166143235973e+02 -1.7176563172838920e+02
1.8628033333333336e+00 1.6776289013904744e+02 -1.7183712416667390e+02
1.8638000000000001e+00 1.6793419013539125e+02 -1.7190868789451201e+02
1.8647966666666669e+00 1.6810556149247861e+02 -1.7198032298312876e+02
1.8657933333333334e+00 1.6827700428146787e+02 -1.7205202950370222e+02
1.8667900000000002e+00 1.6844851857358833e+02 -1.7212380752729112e+02
1.8677866666666669e+00 1.6862010444014024e+02 -1.7219565712535899e+02
1.8687833333333335e+00 1.6879176195249502e+02 -1.7226757836924000e+02
1.8697800000000002e+00 1.6896349118209531e+02 -1.7233957133031649e+02
1.8707766666666668e+00 1.6913529220045481e+02 -1.7241163608012275e+02
1.8717733333333335e+00 1.6930716507915875e+02 -1.7248377269028785e+02
1.8727700000000003e+00 1.6947910988986362e+02 -1.7255598123247515e+02
1.8737666666666668e+00 1.6965112670429730e+02 -1.7262826177831809e+02
1.8747633333333336e+00 1.6982321559425935e+02 -1.7270061439971229e+02
1.8757600000000001e+00 1.6999537663162084e+02 -1.7277303916852009e+02
1.8767566666666669e+00 1.7016760988832456e+02 -1.7284553615661292e+02
1.8777533333333336e+00 1.7033991543638493e+02 -1.7291810543605331e+02
1.8787500000000001e+00 1.7051229334788820e+02 -1.7299074707894516e+02
1.8797466666666669e+00 1.7068474369499270e+02 -1.7306346115745524e+02
1.8807433333333334e+00 1.7085726654992843e+02 -1.7313624774371664e+02
1.8817400000000002e+00 1.7102986198499761e+02 -1.7320910691013327e+02
1.8827366666666667e+00 1.7120253007257446e+02 -1.7328203872909509e+02
1.8837333333333335e+00 1.7137527088510546e+02 -1.7335504327290121e+02
1.8847300000000002e+00 1.7154808449510924e+02 -1.7342812061424172e+02
1.8857266666666668e+00 1.7172097097517675e+02 -1.7350127082566240e+02
1.8867233333333335e+00 1.7189393039797147e+02 -1.7357449397974349e+02
1.8877200000000001e+00 1.7206696283622907e+02 -1.7364779014923110e+02
1.8887166666666668e+00 1.7224006836275797e+02 -1.7372115940703753e+02
1.8897133333333336e+00 1.7241324705043914e+02 -1.7379460182603847e+02
1.8907100000000001e+00 1.7258649897222614e+02 -1.7386811747902189e+02
1.8917066666666669e+00 1.7275982420114539e+02 -1.7394170643918099e+02
1.8927033333333334e+00 1.7293322281029606e+02 -1.7401536877960444e+02
1.8937000000000002e+00 1.7310669487285031e+02 -1.7408910457336117e+02
1.8946966666666669e+00 1.7328024046205311e+02 -1.7416291389375465e+02
1.8956933333333335e+00 1.7345385965122250e+02 -1.7423679681411460e+02
1.8966900000000002e+00 1.7362755251374981e+02 -1.7431075340786256e+02
1.8976866666666667e+00 1.7380131912309929e+02 -1.7438478374835790e+02
1.8986833333333335e+00 1.7397515955280866e+02 -1.7445888790922564e+02
1.8996800000000003e+00 1.7414907387648887e+02 -1.7453306596408311e+02
1.9006766666666668e+00 1.7432306216782422e+02 -1.7460731798650224e+02
1.9016733333333335e+00 1.7449712450057262e+02 -1.7468164405040366e+02
1.9026700000000001e+00 1.7467126094856545e+02 -1.7475604422954601e+02
1.9036666666666668e+00 1.7484547158570774e+02 -1.7483051859776816e+02
1.9046633333333336e+00 1.7501975648597815e+02 -1.7490506722911530e+02
1.9056600000000001e+00 1.7519411572342915e+02 -1.7497969019768672e+02
1.9066566666666669e+00 1.7536854937218715e+02 -1.7505438757751733e+02
1.9076533333333334e+00 1.7554305750645224e+02 -1.7512915944277904e+02
1.9086500000000002e+00 1.7571764020049875e+02 -1.7520400586792388e+02
1.9096466666666669e+00 1.7589229752867499e+02 -1.7527892692715415e+02
1.9106433333333335e+00 1.7606702956540326e+02 -1.7535392269486826e+02
1.9116400000000002e+00 1.7624183638518031e+02 -1.7542899324565727e+02
1.9126366666666668e+00 1.7641671806257699e+02 -1.7550413865406384e+02
1.9136333333333335e+00 1.7659167467223864e+02 -1.7557935899472540e+02
1.9146300000000003e+00 1.7676670628888496e+02 -1.7565465434234318e+02
1.9156266666666668e+00 1.7694181298731013e+02 -1.7573002477177204e+02
1.9166233333333336e+00 1.7711699484238304e+02 -1.7580547035778827e+02
1.9176200000000001e+00 1.7729225192904704e+02 -1.7588099117537644e+02
1.9186166666666669e+00 1.7746758432232042e+02 -1.7595658729957873e+02
1.9196133333333334e+00 1.7764299209729609e+02 -1.7603225880547956e+02
1.9206100000000002e+00 1.7781847532914202e+02 -1.7610800576825804e+02
1.9216066666666669e+00 1.7799403409310099e+02 -1.7618382826308618e+02
1.9226033333333334e+00 1.7816966846449085e+02 -1.7625972636541741e+02
1.9236000000000002e+00 1.7834537851870465e+02 -1.7633570015051305e+02
1.9245966666666667e+00 1.7852116433121037e+02 -1.7641174969379966e+02
1.9255933333333335e+00 1.7869702597755153e+02 -1.7648787507104100e+02
1.9265900000000002e+00 1.7887296353334688e+02 -1.7656407635770861e+02
1.9275866666666668e+00 1.7904897707429046e+02 -1.7664035362944114e+02
1.9285833333333335e+00 1.7922506667615193e+02 -1.7671670696211299e+02
1.9295800000000001e+00 1.7940123241477644e+02 -1.7679313643159279e+02
1.9305766666666668e+00 1.7957747436608486e+02 -1.7686964211367285e+02
1.9315733333333336e+00 1.7975379260607357e+02 -1.7694622408439500e+02
1.9325700000000001e+00 1.7993018721081489e+02 -1.7702288241998255e+02
1.9335666666666669e+00 1.8010665825645708e+02 -1.7709961719639534e+02
1.9345633333333334e+00 1.8028320581922404e+02 -1.7717642848987282e+02
1.9355600000000002e+00 1.8045982997541594e+02 -1.7725331637680603e+02
1.9365566666666669e+00 1.8063653080140895e+02 -1.7733028093352220e+02
1.9375533333333335e+00 1.8081330837365530e+02 -1.7740732223647248e+02
1.9385500000000002e+00 1.8099016276868366e+02 -1.7748444036220152e+02
1.9395466666666668e+00 1.8116709406309883e+02 -1.7756163538736217e+02
1.9405433333333335e+00 1.8134410233358216e+02 -1.7763890738850230e+02
1.9415400000000003e+00 1.8152118765689124e+02 -1.7771625644241971e+02
1.9425366666666668e+00 1.8169835010986037e+02 -1.7779368262610743e+02
1.9435333333333336e+00 1.8187558976940053e+02 -1.7787118601630962e+02
1.9445300000000001e+00 1.8205290671249915e+02 -1.7794876668999285e+02
1.9455266666666668e+00 1.8223030101622064e+02 -1.7802642472434650e+02
1.9465233333333336e+00 1.8240777275770620e+02 -1.7810416019648238e+02
1.9475200000000001e+00 1.8258532201417387e+02 -1.7818197318350727e+02
1.9485166666666669e+00 1.8276294886291879e+02 -1.7825986376280690e+02
1.9495133333333334e+00 1.8294065338131313e+02 -1.7833783201183292e+02
1.9505100000000002e+00 1.8311843564680629e+02 -1.7841587800786019e+02
1.9515066666666669e+00 1.8329629573692478e+02 -1.7849400182852793e+02
1.9525033333333335e+00 1.8347423372927244e+02 -1.7857220355145634e+02
1.9535000000000002e+00 1.8365224970153062e+02 -1.7865048325420230e+02
1.9544966666666668e+00 1.8383034373145790e+02 -1.7872884101463083e+02
1.9554933333333335e+00 1.8400851589689066e+02 -1.7880727691058701e+02
1.9564900000000003e+00 1.8418676627574271e+02 -1.7888579101995285e+02
1.9574866666666668e+00 1.8436509494600560e+02 -1.7896438342066187e+02
1.9584833333333336e+00 1.8454350198574869e+02 -1.7904305419086990e+02
1.9594800000000001e+00 1.8472198747311913e+02 -1.7912180340874147e+02
1.9604766666666669e+00 1.8490055148634210e+02 -1.7920063115238392e+02
1.9614733333333334e+00 1.8507919410372060e+02 -1.7927953750017551e+02
1.9624700000000002e+00 1.8525791540363591e+02 -1.7935852253053159e+02
1.9634666666666669e+00 1.8543671546454738e+02 -1.7943758632186203e+02
1.9644633333333335e+00 1.8561559436499249e+02 -1.7951672895267049e+02
1.9654600000000002e+00 1.8579455218358723e+02 -1.7959595050162608e+02
1.9664566666666667e+00 1.8597358899902585e+02 -1.7967525104750638e+02
1.9674533333333335e+00 1.8615270489008122e+02 -1.7975463066891220e+02
1.9684500000000003e+00 1.8633189993560455e+02 -1.7983408944475227e+02
1.9694466666666668e+00 1.8651117421452577e+02 -1.7991362745404354e+02
1.9704433333333335e+00 1.8669052780585361e+02 -1.7999324477569769e+02
1.9714400000000001e+00 1.8686996078867540e+02 -1.8007294148879160e+02
1.9724366666666668e+00 1.8704947324215749e+02 -1.8015271767258190e+02
1.9734333333333336e+00 1.8722906524554514e+02 -1.8023257340630553e+02
1.9744300000000001e+00 1.8740873687816256e+02 -1.8031250876915030e+02
1.9754266666666669e+00 1.8758848821941314e+02 -1.8039252384066950e+02
1.9764233333333334e+00 1.8776831934877939e+02 -1.8047261870032520e+02
1.9774200000000002e+00 1.8794823034582313e+02 -1.8055279342755912e+02
1.9784166666666669e+00 1.8812822129018545e+02 -1.8063304810216448e+02
1.9794133333333335e+00 1.8830829226158690e+02 -1.8071338280382810e+02
1.9804100000000002e+00 1.8848844333982760e+02 -1.8079379761226011e+02
1.9814066666666668e+00 1.8866867460478701e+02 -1.8087429260736442e+02
1.9824033333333335e+00 1.8884898613642451e+02 -1.8095486786918178e+02
1.9834000000000003e+00 1.8902937801477910e+02 -1.8103552347776213e+02
1.9843966666666668e+00 1.8920985031996952e+02 -1.8111625951307724e+02
1.9853933333333336e+00 1.8939040313219451e+02 -1.8119707605543618e+02
1.9863900000000001e+00 1.8957103653173272e+02 -1.8127797318514229e+02
1.9873866666666669e+00 1.8975175059894292e+02 -1.8135895098246411e+02
1.9883833333333336e+00 1.8993254541426393e+02 -1.8144000952786536e+02
1.9893800000000001e+00 1.9011342105821475e+02 -1.8152114890191652e+02
1.9903766666666669e+00 1.9029437761139485e+02 -1.8160236918521187e+02
1.9913733333333334e+00 1.9047541515448387e+02 -1.8168367045832557e+02
1.9923700000000002e+00 1.9065653376824204e+02 -1.8176505280216782e+02
1.9933666666666670e+00 1.9083773353351006e+02 -1.8184651629751622e+02
1.9943633333333335e+00 1.9101901453120917e+02 -1.8192806102516914e+02
1.9953600000000002e+00 1.9120037684234146e+02 -1.8200968706634825e+02
1.9963566666666668e+00 1.9138182054798969e+02 -1.8209139450205564e+02
1.9973533333333335e+00 1.9156334572931758e+02 -1.8217318341337844e+02
1.9983500000000001e+00 1.9174495246756953e+02 -1.8225505388157538e+02
1.9993466666666668e+00 1.9192664084407124e+02 -1.8233700598804731e+02
2.0003433333333334e+00 1.9210841094022933e+02 -1.8241903981418733e+02
2.0013399999999999e+00 1.9229026283753169e+02 -1.8250115544141491e+02
2.0023366666666669e+00 1.9247219661754750e+02 -1.8258335295138966e+02
2.0033333333333334e+00 1.9265421236192705e+02 -1.8266563242569802e+02
2.0043299999999999e+00 1.9283631015240229e+02 -1.8274799394608954e+02
2.0053266666666669e+00 1.9301849007078667e+02 -1.8283043759435833e+02
2.0063233333333335e+00 1.9320075219897495e+02 -1.8291296345240448e+02
2.0073200000000000e+00 1.9338309661894385e+02 -1.8299557160228909e+02
2.0083166666666665e+00 1.9356552341275173e+02 -1.8307826212596933e+02
2.0093133333333335e+00 1.9374803266253886e+02 -1.8316103510559788e+02
2.0103100000000000e+00 1.9393062445052712e+02 -1.8324389062341714e+02
2.0113066666666666e+00 1.9411329885902069e+02 -1.8332682876173038e+02
2.0123033333333331e+00 1.9429605597040572e+02 -1.8340984960293682e+02
2.0133000000000001e+00 1.9447889586715058e+02 -1.8349295322946020e+02
2.0142966666666666e+00 1.9466181863180566e+02 -1.8357613972392781e+02
2.0152933333333332e+00 1.9484482434700388e+02 -1.8365940916888727e+02
2.0162900000000001e+00 1.9502791309546058e+02 -1.8374276164711688e+02
2.0172866666666667e+00 1.9521108495997333e+02 -1.8382619724138675e+02
2.0182833333333332e+00 1.9539434002342247e+02 -1.8390971603454147e+02
2.0192799999999997e+00 1.9557767836877096e+02 -1.8399331810965052e+02
2.0202766666666667e+00 1.9576110007906456e+02 -1.8407700354963697e+02
2.0212733333333333e+00 1.9594460523743157e+02 -1.8416077243771278e+02
2.0222699999999998e+00 1.9612819392708346e+02 -1.8424462485706658e+02
2.0232666666666668e+00 1.9631186623131461e+02 -1.8432856089093357e+02
2.0242633333333333e+00 1.9649562223350227e+02 -1.8441258062281079e+02
2.0252599999999998e+00 1.9667946201710708e+02 -1.8449668413607216e+02
2.0262566666666668e+00 1.9686338566567289e+02 -1.8458087151428086e+02
2.0272533333333334e+00 1.9704739326282660e+02 -1.8466514284104812e+02
2.0282499999999999e+00 1.9723148489227876e+02 -1.8474949820011668e+02
2.0292466666666664e+00 1.9741566063782329e+02 -1.8483393767526874e+02
2.0302433333333334e+00 1.9759992058333779e+02 -1.8491846135034035e+02
2.0312399999999999e+00 1.9778426481278319e+02 -1.8500306930939891e+02
2.0322366666666665e+00 1.9796869341020448e+02 -1.8508776163635977e+02
2.0332333333333334e+00 1.9815320645973034e+02 -1.8517253841544235e+02
2.0342300000000000e+00 1.9833780404557322e+02 -1.8525739973082838e+02
2.0352266666666665e+00 1.9852248625202967e+02 -1.8534234566677486e+02
2.0362233333333335e+00 1.9870725316348037e+02 -1.8542737630777265e+02
2.0372200000000000e+00 1.9889210486438992e+02 -1.8551249173817430e+02
2.0382166666666666e+00 1.9907704143930732e+02 -1.8559769204259183e+02
2.0392133333333331e+00 1.9926206297286583e+02 -1.8568297730562034e+02
2.0402100000000001e+00 1.9944716954978318e+02 -1.8576834761199439e+02
2.0412066666666666e+00 1.9963236125486131e+02 -1.8585380304652304e+02
2.0422033333333331e+00 1.9981763817298699e+02 -1.8593934369404752e+02
2.0432000000000001e+00 2.0000300038913167e+02 -1.8602496963964361e+02
2.0441966666666667e+00 2.0018844798835127e+02 -1.8611068096827708e+02
2.0451933333333332e+00 2.0037398105578671e+02 -1.8619647776513131e+02
2.0461900000000002e+00 2.0055959967666391e+02 -1.8628236011538209e+02
2.0471866666666667e+00 2.0074530393629337e+02 -1.8636832810433705e+02
2.0481833333333332e+00 2.0093109392007105e+02 -1.8645438181750652e+02
2.0491799999999998e+00 2.0111696971347797e+02 -1.8654052134026946e+02
2.0501766666666668e+00 2.0130293140208045e+02 -1.8662674675821651e+02
2.0511733333333333e+00 2.0148897907152983e+02 -1.8671305815696931e+02
2.0521699999999998e+00 2.0167511280756315e+02 -1.8679945562230969e+02
2.0531666666666668e+00 2.0186133269600296e+02 -1.8688593924005554e+02
2.0541633333333333e+00 2.0204763882275711e+02 -1.8697250909605634e+02
2.0551599999999999e+00 2.0223403127381937e+02 -1.8705916527642074e+02
2.0561566666666664e+00 2.0242051013526921e+02 -1.8714590786712694e+02
2.0571533333333334e+00 2.0260707549327199e+02 -1.8723273695437865e+02
2.0581499999999999e+00 2.0279372743407873e+02 -1.8731965262442503e+02
2.0591466666666665e+00 2.0298046604402671e+02 -1.8740665496354649e+02
2.0601433333333334e+00 2.0316729140953933e+02 -1.8749374405828846e+02
2.0611400000000000e+00 2.0335420361712590e+02 -1.8758091999507093e+02
2.0621366666666665e+00 2.0354120275338224e+02 -1.8766818286050218e+02
2.0631333333333335e+00 2.0372828890499051e+02 -1.8775553274128461e+02
2.0641300000000000e+00 2.0391546215871909e+02 -1.8784296972416604e+02
2.0651266666666666e+00 2.0410272260142312e+02 -1.8793049389601063e+02
2.0661233333333331e+00 2.0429007032004424e+02 -1.8801810534373726e+02
2.0671200000000001e+00 2.0447750540161090e+02 -1.8810580415443428e+02
2.0681166666666666e+00 2.0466502793323806e+02 -1.8819359041516350e+02
2.0691133333333331e+00 2.0485263800212780e+02 -1.8828146421314585e+02
2.0701100000000001e+00 2.0504033569556918e+02 -1.8836942563566882e+02
2.0711066666666667e+00 2.0522812110093801e+02 -1.8845747477006478e+02
2.0721033333333332e+00 2.0541599430569752e+02 -1.8854561170389684e+02
2.0731000000000002e+00 2.0560395539739815e+02 -1.8863383652465222e+02
2.0740966666666667e+00 2.0579200446367736e+02 -1.8872214931994850e+02
2.0750933333333332e+00 2.0598014159226025e+02 -1.8881055017753337e+02
2.0760899999999998e+00 2.0616836687095932e+02 -1.8889903918519548e+02
2.0770866666666667e+00 2.0635668038767474e+02 -1.8898761643092206e+02
2.0780833333333333e+00 2.0654508223039412e+02 -1.8907628200263019e+02
2.0790799999999998e+00 2.0673357248719296e+02 -1.8916503598838153e+02
2.0800766666666668e+00 2.0692215124623462e+02 -1.8925387847636242e+02
2.0810733333333333e+00 2.0711081859577016e+02 -1.8934280955484627e+02
2.0820699999999999e+00 2.0729957462413884e+02 -1.8943182931212294e+02
2.0830666666666668e+00 2.0748841941976804e+02 -1.8952093783662104e+02
2.0840633333333334e+00 2.0767735307117303e+02 -1.8961013521695645e+02
2.0850599999999999e+00 2.0786637566695771e+02 -1.8969942154161774e+02
2.0860566666666664e+00 2.0805548729581409e+02 -1.8978879689933476e+02
2.0870533333333334e+00 2.0824468804652281e+02 -1.8987826137889348e+02
2.0880500000000000e+00 2.0843397800795273e+02 -1.8996781506913783e+02
2.0890466666666665e+00 2.0862335726906161e+02 -1.9005745805909845e+02
2.0900433333333335e+00 2.0881282591889592e+02 -1.9014719043774647e+02
2.0910400000000000e+00 2.0900238404659069e+02 -1.9023701229425365e+02
2.0920366666666665e+00 2.0919203174137002e+02 -1.9032692371782130e+02
2.0930333333333331e+00 2.0938176909254690e+02 -1.9041692479774949e+02
2.0940300000000001e+00 2.0957159618952355e+02 -1.9050701562349471e+02
2.0950266666666666e+00 2.0976151312179101e+02 -1.9059719628448548e+02
2.0960233333333331e+00 2.0995151997892984e+02 -1.9068746687037932e+02
2.0970200000000001e+00 2.1014161685060992e+02 -1.9077782747078956e+02
2.0980166666666666e+00 2.1033180382659029e+02 -1.9086827817547234e+02
2.0990133333333332e+00 2.1052208099671972e+02 -1.9095881907429919e+02
2.1000100000000002e+00 2.1071244845093662e+02 -1.9104945025716842e+02
2.1010066666666667e+00 2.1090290627926882e+02 -1.9114017181419291e+02
2.1020033333333332e+00 2.1109345457183417e+02 -1.9123098383540071e+02
2.1029999999999998e+00 2.1128409341884029e+02 -1.9132188641104702e+02
2.1039966666666667e+00 2.1147482291058483e+02 -1.9141287963143012e+02
2.1049933333333333e+00 2.1166564313745528e+02 -1.9150396358691938e+02
2.1059899999999998e+00 2.1185655418992945e+02 -1.9159513836798476e+02
2.1069866666666668e+00 2.1204755615857536e+02 -1.9168640406518082e+02
2.1079833333333333e+00 2.1223864913405117e+02 -1.9177776076926216e+02
2.1089799999999999e+00 2.1242983320710564e+02 -1.9186920857088373e+02
2.1099766666666668e+00 2.1262110846857806e+02 -1.9196074756091411e+02
2.1109733333333334e+00 2.1281247500939796e+02 -1.9205237783025041e+02
2.1119699999999999e+00 2.1300393292058584e+02 -1.9214409946991816e+02
2.1129666666666664e+00 2.1319548229325292e+02 -1.9223591257112810e+02
2.1139633333333334e+00 2.1338712321860137e+02 -1.9232781722497717e+02
2.1149600000000000e+00 2.1357885578792397e+02 -1.9241981352277605e+02
2.1159566666666665e+00 2.1377068009260483e+02 -1.9251190155592064e+02
2.1169533333333335e+00 2.1396259622411918e+02 -1.9260408141586461e+02
2.1179500000000000e+00 2.1415460427403318e+02 -1.9269635319423216e+02
2.1189466666666665e+00 2.1434670433400461e+02 -1.9278871698263302e+02
2.1199433333333335e+00 2.1453889649578264e+02 -1.9288117287283455e+02
2.1209400000000000e+00 2.1473118085120763e+02 -1.9297372095664656e+02
2.1219366666666666e+00 2.1492355749221178e+02 -1.9306636132602077e+02
2.1229333333333331e+00 2.1511602651081895e+02 -1.9315909407300941e+02
2.1239300000000001e+00 2.1530858799914475e+02 -1.9325191928967922e+02
2.1249266666666666e+00 2.1550124204939644e+02 -1.9334483706828195e+02
2.1259233333333332e+00 2.1569398875387350e+02 -1.9343784750109702e+02
2.1269200000000001e+00 2.1588682820496740e+02 -1.9353095068051960e+02
2.1279166666666667e+00 2.1607976049516151e+02 -1.9362414669900096e+02
2.1289133333333332e+00 2.1627278571703164e+02 -1.9371743564912015e+02
2.1299099999999997e+00 2.1646590396324586e+02 -1.9381081762364209e+02
2.1309066666666667e+00 2.1665911532656480e+02 -1.9390429271523286e+02
2.1319033333333333e+00 2.1685241989984121e+02 -1.9399786101675718e+02
2.1328999999999998e+00 2.1704581777602075e+02 -1.9409152262117848e+02
2.1338966666666668e+00 2.1723930904814176e+02 -1.9418527762151970e+02
2.1348933333333333e+00 2.1743289380933507e+02 -1.9427912611090241e+02
2.1358899999999998e+00 2.1762657215282462e+02 -1.9437306818256056e+02
2.1368866666666668e+00 2.1782034417192739e+02 -1.9446710392988808e+02
2.1378833333333334e+00 2.1801420996005308e+02 -1.9456123344614923e+02
2.1388799999999999e+00 2.1820816961070483e+02 -1.9465545682496310e+02
2.1398766666666664e+00 2.1840222321747893e+02 -1.9474977415989335e+02
2.1408733333333334e+00 2.1859637087406503e+02 -1.9484418554454734e+02
2.1418699999999999e+00 2.1879061267424601e+02 -1.9493869107287364e+02
2.1428666666666665e+00 2.1898494871189854e+02 -1.9503329083863338e+02
2.1438633333333335e+00 2.1917937908099287e+02 -1.9512798493580547e+02
2.1448600000000000e+00 2.1937390387559267e+02 -1.9522277345849523e+02
2.1458566666666665e+00 2.1956852318985568e+02 -1.9531765650077742e+02
2.1468533333333335e+00 2.1976323711803354e+02 -1.9541263415700175e+02
2.1478500000000000e+00 2.1995804575447161e+02 -1.9550770652147332e+02
2.1488466666666666e+00 2.2015294919360963e+02 -1.9560287368863794e+02
2.1498433333333331e+00 2.2034794752998135e+02 -1.9569813575300026e+02
2.1508400000000001e+00 2.2054304085821491e+02 -1.9579349280920889e+02
2.1518366666666666e+00 2.2073822927303254e+02 -1.9588894495201083e+02
2.1528333333333332e+00 2.2093351286925122e+02 -1.9598449227616473e+02
2.1538300000000001e+00 2.2112889174178244e+02 -1.9608013487667674e+02
2.1548266666666667e+00 2.2132436598563208e+02 -1.9617587284843646e+02
2.1558233333333332e+00 2.2151993569590104e+02 -1.9627170628661563e+02
2.1568200000000002e+00 2.2171560096778501e+02 -1.9636763528642047e+02
2.1578166666666667e+00 2.2191136189657433e+02 -1.9646365994306828e+02
2.1588133333333333e+00 2.2210721857765472e+02 -1.9655978035204552e+02
2.1598099999999998e+00 2.2230317110650682e+02 -1.9665599660875506e+02
2.1608066666666668e+00 2.2249921957870663e+02 -1.9675230880880125e+02
2.1618033333333333e+00 2.2269536408992516e+02 -1.9684871704784368e+02
2.1627999999999998e+00 2.2289160473592912e+02 -1.9694522142166679e+02
2.1637966666666668e+00 2.2308794161258066e+02 -1.9704182202613313e+02
2.1647933333333333e+00 2.2328437481583731e+02 -1.9713851895715862e+02
2.1657899999999999e+00 2.2348090444175253e+02 -1.9723531231087108e+02
2.1667866666666664e+00 2.2367753058647546e+02 -1.9733220218335771e+02
2.1677833333333334e+00 2.2387425334625121e+02 -1.9742918867087914e+02
2.1687799999999999e+00 2.2407107281742060e+02 -1.9752627186976508e+02
2.1697766666666665e+00 2.2426798909642079e+02 -1.9762345187646963e+02
2.1707733333333334e+00 2.2446500227978510e+02 -1.9772072878756865e+02
2.1717700000000000e+00 2.2466211246414287e+02 -1.9781810269961986e+02
2.1727666666666665e+00 2.2485931974622000e+02 -1.9791557370937670e+02
2.1737633333333335e+00 2.2505662422283888e+02 -1.9801314191365759e+02
2.1747600000000000e+00 2.2525402599091817e+02 -1.9811080740939087e+02
2.1757566666666666e+00 2.2545152514747346e+02 -1.9820857029357373e+02
2.1767533333333331e+00 2.2564912178961694e+02 -1.9830643066330552e+02
2.1777500000000001e+00 2.2584681601455779e+02 -1.9840438861588839e+02
2.1787466666666666e+00 2.2604460791960187e+02 -1.9850244424852167e+02
2.1797433333333331e+00 2.2624249760215224e+02 -1.9860059765864273e+02
2.1807400000000001e+00 2.2644048515970917e+02 -1.9869884894376909e+02
2.1817366666666667e+00 2.2663857068986985e+02 -1.9879719820144223e+02
2.1827333333333332e+00 2.2683675429032908e+02 -1.9889564552948443e+02
2.1837300000000002e+00 2.2703503605887909e+02 -1.9899419102555601e+02
2.1847266666666667e+00 2.2723341609340926e+02 -1.9909283478756896e+02
2.1857233333333332e+00 2.2743189449190697e+02 -1.9919157691357537e+02
2.1867199999999998e+00 2.2763047135245716e+02 -1.9929041750157282e+02
2.1877166666666668e+00 2.2782914677324268e+02 -1.9938935664984760e+02
2.1887133333333333e+00 2.2802792085254404e+02 -1.9948839445661153e+02
2.1897099999999998e+00 2.2822679368873997e+02 -1.9958753102022800e+02
2.1907066666666668e+00 2.2842576538030733e+02 -1.9968676643921336e+02
2.1917033333333333e+00 2.2862483602582088e+02 -1.9978610081213566e+02
2.1926999999999999e+00 2.2882400572395400e+02 -1.9988553423767203e+02
2.1936966666666669e+00 2.2902327457347840e+02 -1.9998506681453850e+02
2.1946933333333334e+00 2.2922264267326409e+02 -2.0008469864171664e+02
2.1956899999999999e+00 2.2942211012227986e+02 -2.0018442981808491e+02
2.1966866666666665e+00 2.2962167701959314e+02 -2.0028426044272447e+02
2.1976833333333334e+00 2.2982134346437022e+02 -2.0038419061483486e+02
2.1986800000000000e+00 2.3002110955587600e+02 -2.0048422043361134e+02
2.1996766666666665e+00 2.3022097539347465e+02 -2.0058434999852921e+02
2.2006733333333335e+00 2.3042094107662945e+02 -2.0068457940896067e+02
2.2016700000000000e+00 2.3062100670490253e+02 -2.0078490876448626e+02
2.2026666666666666e+00 2.3082117237795561e+02 -2.0088533816479676e+02
2.2036633333333331e+00 2.3102143819554968e+02 -2.0098586770962939e+02
2.2046600000000001e+00 2.3122180425754530e+02 -2.0108649749883972e+02
2.2056566666666666e+00 2.3142227066390234e+02 -2.0118722763237878e+02
2.2066533333333331e+00 2.3162283751468061e+02 -2.0128805821036298e+02
2.2076500000000001e+00 2.3182350491003973e+02 -2.0138898933290650e+02
2.2086466666666666e+00 2.3202427295023890e+02 -2.0149002110027428e+02
2.2096433333333332e+00 2.3222514173563755e+02 -2.0159115361281044e+02
2.2106400000000002e+00 2.3242611136669518e+02 -2.0169238697095736e+02
2.2116366666666667e+00 2.3262718194397127e+02 -2.0179372127539352e+02
2.2126333333333332e+00 2.3282835356812575e+02 -2.0189515662665050e+02
2.2136299999999998e+00 2.3302962633991888e+02 -2.0199669312550620e+02
2.2146266666666667e+00 2.3323100036021148e+02 -2.0209833087290042e+02
2.2156233333333333e+00 2.3343247572996469e+02 -2.0220006996972532e+02
2.2166199999999998e+00 2.3363405255024057e+02 -2.0230191051702329e+02
2.2176166666666668e+00 2.3383573092220192e+02 -2.0240385261599283e+02
2.2186133333333333e+00 2.3403751094711222e+02 -2.0250589636793976e+02
2.2196099999999999e+00 2.3423939272633618e+02 -2.0260804187414865e+02
2.2206066666666668e+00 2.3444137636133954e+02 -2.0271028923616035e+02
2.2216033333333334e+00 2.3464346195368901e+02 -2.0281263855549474e+02
2.2225999999999999e+00 2.3484564960505281e+02 -2.0291508993376630e+02
2.2235966666666664e+00 2.3504793941720044e+02 -2.0301764347287966e+02
2.2245933333333334e+00 2.3525033149200300e+02 -2.0312029927461617e+02
2.2255900000000000e+00 2.3545282593143290e+02 -2.0322305744095155e+02
2.2265866666666665e+00 2.3565542283756449e+02 -2.0332591807398276e+02
2.2275833333333335e+00 2.3585812231257390e+02 -2.0342888127585002e+02
2.2285800000000000e+00 2.3606092445873887e+02 -2.0353194714891416e+02
2.2295766666666665e+00 2.3626382937843945e+02 -2.0363511579545727e+02
2.2305733333333335e+00 2.3646683717415775e+02 -2.0373838731801897e+02
2.2315700000000001e+00 2.3666994794847776e+02 -2.0384176181917414e+02
2.2325666666666666e+00 2.3687316180408607e+02 -2.0394523940157782e+02
2.2335633333333331e+00 2.3707647884377158e+02 -2.0404882016806135e+02
2.2345600000000001e+00 2.3727989917042575e+02 -2.0415250422146158e+02
2.2355566666666666e+00 2.3748342288704242e+02 -2.0425629166486655e+02
2.2365533333333332e+00 2.3768705009671837e+02 -2.0436018260129924e+02
2.2375500000000001e+00 2.3789078090265318e+02 -2.0446417713395567e+02
2.2385466666666667e+00 2.3809461540814905e+02 -2.0456827536618056e+02
2.2395433333333332e+00 2.3829855371661151e+02 -2.0467247740132737e+02
2.2405399999999998e+00 2.3850259593154905e+02 -2.0477678334298318e+02
2.2415366666666667e+00 2.3870674215657354e+02 -2.0488119329466963e+02
2.2425333333333333e+00 2.3891099249539982e+02 -2.0498570736015893e+02
2.2435299999999998e+00 2.3911534705184650e+02 -2.0509032564325796e+02
2.2445266666666668e+00 2.3931980592983564e+02 -2.0519504824786179e+02
2.2455233333333333e+00 2.3952436923339269e+02 -2.0529987527804244e+02
2.2465199999999999e+00 2.3972903706664709e+02 -2.0540480683787715e+02
2.2475166666666668e+00 2.3993380953383215e+02 -2.0550984303166069e+02
2.2485133333333334e+00 2.4013868673928479e+02 -2.0561498396369305e+02
2.2495099999999999e+00 2.4034366878744632e+02 -2.0572022973841089e+02
2.2505066666666664e+00 2.4054875578286200e+02 -2.0582558046035655e+02
2.2515033333333334e+00 2.4075394783018152e+02 -2.0593103623417841e+02
2.2524999999999999e+00 2.4095924503415858e+02 -2.0603659716468988e+02
2.2534966666666665e+00 2.4116464749965169e+02 -2.0614226335668067e+02
2.2544933333333335e+00 2.4137015533162386e+02 -2.0624803491513029e+02
2.2554900000000000e+00 2.4157576863514251e+02 -2.0635391194510893e+02
2.2564866666666665e+00 2.4178148751538009e+02 -2.0645989455177659e+02
2.2574833333333335e+00 2.4198731207761398e+02 -2.0656598284048405e+02
2.2584800000000000e+00 2.4219324242722618e+02 -2.0667217691650072e+02
2.2594766666666666e+00 2.4239927866970410e+02 -2.0677847688537500e+02
2.2604733333333331e+00 2.4260542091064022e+02 -2.0688488285270435e+02
2.2614700000000001e+00 2.4281166925573243e+02 -2.0699139492417851e+02
2.2624666666666666e+00 2.4301802381078375e+02 -2.0709801320559467e+02
2.2634633333333332e+00 2.4322448468170290e+02 -2.0720473780282541e+02
2.2644600000000001e+00 2.4343105197450433e+02 -2.0731156882197760e+02
2.2654566666666667e+00 2.4363772579530786e+02 -2.0741850636909072e+02
2.2664533333333332e+00 2.4384450625033938e+02 -2.0752555055042214e+02
2.2674500000000002e+00 2.4405139344593076e+02 -2.0763270147230710e+02
2.2684466666666667e+00 2.4425838748851959e+02 -2.0773995924112720e+02
2.2694433333333333e+00 2.4446548848464988e+02 -2.0784732396354244e+02
2.2704399999999998e+00 2.4467269654097183e+02 -2.0795479574609146e+02
2.2714366666666668e+00 2.4488001176424200e+02 -2.0806237469557649e+02
2.2724333333333333e+00 2.4508743426132318e+02 -2.0817006091887851e+02
2.2734299999999998e+00 2.4529496413918500e+02 -2.0827785452293867e+02
2.2744266666666668e+00 2.4550260150490371e+02 -2.0838575561483412e+02
2.2754233333333334e+00 2.4571034646566210e+02 -2.0849376430170219e+02
2.2764199999999999e+00 2.4591819912875008e+02 -2.0860188069096881e+02
2.2774166666666669e+00 2.4612615960156461e+02 -2.0871010488992522e+02
2.2784133333333334e+00 2.4633422799160942e+02 -2.0881843700607945e+02
2.2794099999999999e+00 2.4654240440649571e+02 -2.0892687714706065e+02
2.2804066666666665e+00 2.4675068895394188e+02 -2.0903542542056215e+02
2.2814033333333334e+00 2.4695908174177387e+02 -2.0914408193449907e+02
2.2824000000000000e+00 2.4716758287792490e+02 -2.0925284679669329e+02
2.2833966666666665e+00 2.4737619247043600e+02 -2.0936172011524025e+02
2.2843933333333335e+00 2.4758491062745597e+02 -2.0947070199830145e+02
2.2853900000000000e+00 2.4779373745724121e+02 -2.0957979255408358e+02
2.2863866666666666e+00 2.4800267306815630e+02 -2.0968899189098545e+02
2.2873833333333331e+00 2.4821171756867381e+02 -2.0979830011745614e+02
2.2883800000000001e+00 2.4842087106737458e+02 -2.0990771734213820e+02
2.2893766666666666e+00 2.4863013367294744e+02 -2.1001724367366617e+02
2.2903733333333332e+00 2.4883950549418984e+02 -2.1012687922083381e+02
2.2913700000000001e+00 2.4904898664000774e+02 -2.1023662409255869e+02
2.2923666666666667e+00 2.4925857721941543e+02 -2.1034647839784606e+02
2.2933633333333332e+00 2.4946827734153618e+02 -2.1045644224587434e+02
2.2943600000000002e+00 2.4967808711560210e+02 -2.1056651574580383e+02
2.2953566666666667e+00 2.4988800665095388e+02 -2.1067669900701043e+02
2.2963533333333332e+00 2.5009803605704158e+02 -2.1078699213893339e+02
2.2973499999999998e+00 2.5030817544342426e+02 -2.1089739525110519e+02
2.2983466666666668e+00 2.5051842491977035e+02 -2.1100790845329553e+02
2.2993433333333333e+00 2.5072878459585738e+02 -2.1111853185517975e+02
2.3003399999999998e+00 2.5093925458157256e+02 -2.1122926556664868e+02
2.3013366666666668e+00 2.5114983498691271e+02 -2.1134010969774710e+02
2.3023333333333333e+00 2.5136052592198408e+02 -2.1145106435857812e+02
2.3033299999999999e+00 2.5157132749700295e+02 -2.1156212965931766e+02
2.3043266666666669e+00 2.5178223982229554e+02 -2.1167330571029578e+02
2.3053233333333334e+00 2.5199326300829776e+02 -2.1178459262200059e+02
2.3063199999999999e+00 2.5220439716555600e+02 -2.1189599050494007e+02
2.3073166666666665e+00 2.5241564240472673e+02 -2.1200749946980196e+02
2.3083133333333334e+00 2.5262699883657683e+02 -2.1211911962728306e+02
2.3093100000000000e+00 2.5283846657198339e+02 -2.1223085108829906e+02
2.3103066666666665e+00 2.5305004572193437e+02 -2.1234269396390945e+02
2.3113033333333335e+00 2.5326173639752838e+02 -2.1245464836508648e+02
2.3123000000000000e+00 2.5347353870997452e+02 -2.1256671440311666e+02
2.3132966666666666e+00 2.5368545277059306e+02 -2.1267889218931586e+02
2.3142933333333335e+00 2.5389747869081529e+02 -2.1279118183508425e+02
2.3152900000000001e+00 2.5410961658218332e+02 -2.1290358345199363e+02
2.3162866666666666e+00 2.5432186655635078e+02 -2.1301609715166364e+02
2.3172833333333331e+00 2.5453422872508256e+02 -2.1312872304592264e+02
2.3182800000000001e+00 2.5474670320025504e+02 -2.1324146124658000e+02
2.3192766666666667e+00 2.5495929009385594e+02 -2.1335431186566376e+02
2.3202733333333332e+00 2.5517198951798491e+02 -2.1346727501525916e+02
2.3212700000000002e+00 2.5538480158485334e+02 -2.1358035080753686e+02
2.3222666666666667e+00 2.5559772640678426e+02 -2.1369353935490989e+02
2.3232633333333332e+00 2.5581076409621303e+02 -2.1380684076976752e+02
2.3242599999999998e+00 2.5602391476568698e+02 -2.1392025516463673e+02
2.3252566666666667e+00 2.5623717852786575e+02 -2.1403378265219700e+02
2.3262533333333333e+00 2.5645055549552109e+02 -2.1414742334521790e+02
2.3272499999999998e+00 2.5666404578153742e+02 -2.1426117735655404e+02
2.3282466666666668e+00 2.5687764949891181e+02 -2.1437504479924630e+02
2.3292433333333333e+00 2.5709136676075366e+02 -2.1448902578644919e+02
2.3302399999999999e+00 2.5730519768028546e+02 -2.1460312043128812e+02
2.3312366666666668e+00 2.5751914237084259e+02 -2.1471732884711781e+02
2.3322333333333334e+00 2.5773320094587314e+02 -2.1483165114740655e+02
2.3332299999999999e+00 2.5794737351893866e+02 -2.1494608744569794e+02
2.3342266666666664e+00 2.5816166020371384e+02 -2.1506063785571669e+02
2.3352233333333334e+00 2.5837606111398679e+02 -2.1517530249122646e+02
2.3362200000000000e+00 2.5859057636365884e+02 -2.1529008146612321e+02
2.3372166666666665e+00 2.5880520606674514e+02 -2.1540497489438712e+02
2.3382133333333335e+00 2.5901995033737450e+02 -2.1551998289014358e+02
2.3392100000000000e+00 2.5923480928978933e+02 -2.1563510556774480e+02
2.3402066666666665e+00 2.5944978303834620e+02 -2.1575034304145601e+02
2.3412033333333335e+00 2.5966487169751576e+02 -2.1586569542574489e+02
2.3422000000000001e+00 2.5988007538188248e+02 -2.1598116283522046e+02
2.3431966666666666e+00 2.6009539420614533e+02 -2.1609674538456633e+02
2.3441933333333331e+00 2.6031082828511762e+02 -2.1621244318864805e+02
2.3451900000000001e+00 2.6052637773372726e+02 -2.1632825636228489e+02
2.3461866666666666e+00 2.6074204266701639e+02 -2.1644418502059887e+02
2.3471833333333332e+00 2.6095782320014223e+02 -2.1656022927876728e+02
2.3481800000000002e+00 2.6117371944837680e+02 -2.1667638925202832e+02
2.3491766666666667e+00 2.6138973152710685e+02 -2.1679266505576092e+02
2.3501733333333332e+00 2.6160585955183433e+02 -2.1690905680542710e+02
2.3511700000000002e+00 2.6182210363817643e+02 -2.1702556461675016e+02
2.3521666666666667e+00 2.6203846390186544e+02 -2.1714218860539418e+02
2.3531633333333333e+00 2.6225494045874922e+02 -2.1725892888721154e+02
2.3541599999999998e+00 2.6247153342479112e+02 -2.1737578557815138e+02
2.3551566666666668e+00 2.6268824291607012e+02 -2.1749275879434504e+02
2.3561533333333333e+00 2.6290506904878083e+02 -2.1760984865194149e+02
2.3571499999999999e+00 2.6312201193923386e+02 -2.1772705526720063e+02
2.3581466666666668e+00 2.6333907170385584e+02 -2.1784437875670190e+02
2.3591433333333334e+00 2.6355624845918925e+02 -2.1796181923687925e+02
2.3601399999999999e+00 2.6377354232189310e+02 -2.1807937682441170e+02
2.3611366666666664e+00 2.6399095340874254e+02 -2.1819705163604675e+02
2.3621333333333334e+00 2.6420848183662929e+02 -2.1831484378868632e+02
2.3631300000000000e+00 2.6442612772256132e+02 -2.1843275339942019e+02
2.3641266666666665e+00 2.6464389118366364e+02 -2.1855078058527786e+02
2.3651233333333335e+00 2.6486177233717802e+02 -2.1866892546352355e+02
2.3661200000000000e+00 2.6507977130046282e+02 -2.1878718815153232e+02
2.3671166666666665e+00 2.6529788819099372e+02 -2.1890556876673253e+02
2.3681133333333335e+00 2.6551612312636360e+02 -2.1902406742681646e+02
2.3691100000000000e+00 2.6573447622428222e+02 -2.1914268424938743e+02
2.3701066666666666e+00 2.6595294760257707e+02 -2.1926141935232141e+02
2.3711033333333331e+00 2.6617153737919301e+02 -2.1938027285359243e+02
2.3721000000000001e+00 2.6639024567219263e+02 -2.1949924487121481e+02
2.3730966666666666e+00 2.6660907259975590e+02 -2.1961833552339064e+02
2.3740933333333332e+00 2.6682801828018103e+02 -2.1973754492837469e+02
2.3750900000000001e+00 2.6704708283188404e+02 -2.1985687320465837e+02
2.3760866666666667e+00 2.6726626637339893e+02 -2.1997632047072881e+02
2.3770833333333332e+00 2.6748556902337805e+02 -2.2009588684523976e+02
2.3780800000000002e+00 2.6770499090059207e+02 -2.2021557244696808e+02
2.3790766666666667e+00 2.6792453212392985e+02 -2.2033537739480013e+02
2.3800733333333333e+00 2.6814419281239913e+02 -2.2045530180778076e+02
2.3810699999999998e+00 2.6836397308512613e+02 -2.2057534580496741e+02
2.3820666666666668e+00 2.6858387306135597e+02 -2.2069550950565835e+02
2.3830633333333333e+00 2.6880389286045249e+02 -2.2081579302919636e+02
2.3840599999999998e+00 2.6902403260189874e+02 -2.2093619649506149e+02
2.3850566666666668e+00 2.6924429240529690e+02 -2.2105672002285823e+02
2.3860533333333334e+00 2.6946467239036821e+02 -2.2117736373227123e+02
2.3870499999999999e+00 2.6968517267695347e+02 -2.2129812774326547e+02
2.3880466666666669e+00 2.6990579338501317e+02 -2.2141901217570211e+02
2.3890433333333334e+00 2.7012653463462692e+02 -2.2154001714963667e+02
2.3900399999999999e+00 2.7034739654599446e+02 -2.2166114278531126e+02
2.3910366666666665e+00 2.7056837923943527e+02 -2.2178238920303789e+02
2.3920333333333335e+00 2.7078948283538898e+02 -2.2190375652331329e+02
2.3930300000000000e+00 2.7101070745441490e+02 -2.2202524486659220e+02
2.3940266666666665e+00 2.7123205321719297e+02 -2.2214685435363722e+02
2.3950233333333335e+00 2.7145352024452336e+02 -2.2226858510522288e+02
2.3960200000000000e+00 2.7167510865732646e+02 -2.2239043724223146e+02
2.3970166666666666e+00 2.7189681857664351e+02 -2.2251241088573187e+02
2.3980133333333331e+00 2.7211865012363637e+02 -2.2263450615689152e+02
2.3990100000000001e+00 2.7234060341958786e+02 -2.2275672317706301e+02
2.4000066666666666e+00 2.7256267858590138e+02 -2.2287906206749963e+02
2.4010033333333332e+00 2.7278487574410167e+02 -2.2300152294984733e+02
2.4020000000000001e+00 2.7300719501583467e+02 -2.2312410594570832e+02
2.4029966666666667e+00 2.7322963652286734e+02 -2.2324681117679174e+02
2.4039933333333332e+00 2.7345220038708840e+02 -2.2336963876514295e+02
2.4049900000000002e+00 2.7367488673050804e+02 -2.2349258883264926e+02
2.4059866666666667e+00 2.7389769567525781e+02 -2.2361566150141934e+02
2.4069833333333333e+00 2.7412062734359137e+02 -2.2373885689377605e+02
2.4079799999999998e+00 2.7434368185788423e+02 -2.2386217513208476e+02
2.4089766666666668e+00 2.7456685934063398e+02 -2.2398561633886763e+02
2.4099733333333333e+00 2.7479015991446011e+02 -2.2410918063668976e+02
2.4109699999999998e+00 2.7501358370210460e+02 -2.2423286814828006e+02
2.4119666666666668e+00 2.7523713082643184e+02 -2.2435667899655300e+02
2.4129633333333333e+00 2.7546080141042847e+02 -2.2448061330450130e+02
2.4139599999999999e+00 2.7568459557720411e+02 -2.2460467119516753e+02
2.4149566666666669e+00 2.7590851344999106e+02 -2.2472885279183691e+02
2.4159533333333334e+00 2.7613255515214422e+02 -2.2485315821790161e+02
2.4169499999999999e+00 2.7635672080714181e+02 -2.2497758759676751e+02
2.4179466666666665e+00 2.7658101053858513e+02 -2.2510214105205475e+02
2.4189433333333334e+00 2.7680542447019872e+02 -2.2522681870748366e+02
2.4199400000000000e+00 2.7702996272583022e+02 -2.2535162068693108e+02
2.4209366666666665e+00 2.7725462542945115e+02 -2.2547654711435146e+02
2.4219333333333335e+00 2.7747941270515662e+02 -2.2560159811382920e+02
2.4229300000000000e+00 2.7770432467716512e+02 -2.2572677380964029e+02
2.4239266666666666e+00 2.7792936146981936e+02 -2.2585207432602419e+02
2.4249233333333335e+00 2.7815452320758601e+02 -2.2597749978749309e+02
2.4259200000000001e+00 2.7837981001505557e+02 -2.2610305031869405e+02
2.4269166666666666e+00 2.7860522201694306e+02 -2.2622872604425845e+02
2.4279133333333331e+00 2.7883075933808783e+02 -2.2635452708908974e+02
2.4289100000000001e+00 2.7905642210345371e+02 -2.2648045357810662e+02
2.4299066666666667e+00 2.7928221043812891e+02 -2.2660650563644049e+02
2.4309033333333332e+00 2.7950812446732670e+02 -2.2673268338927136e+02
2.4319000000000002e+00 2.7973416431638509e+02 -2.2685898696191049e+02
2.4328966666666667e+00 2.7996033011076690e+02 -2.2698541647988881e+02
2.4338933333333332e+00 2.8018662197606028e+02 -2.2711197206875005e+02
2.4348899999999998e+00 2.8041304003797853e+02 -2.2723865385425296e+02
2.4358866666666668e+00 2.8063958442236043e+02 -2.2736546196217233e+02
2.4368833333333333e+00 2.8086625525516990e+02 -2.2749239651849499e+02
2.4378799999999998e+00 2.8109305266249686e+02 -2.2761945764931278e+02
2.4388766666666668e+00 2.8131997677055682e+02 -2.2774664548085022e+02
2.4398733333333333e+00 2.8154702770569094e+02 -2.2787396013949373e+02
2.4408699999999999e+00 2.8177420559436661e+02 -2.2800140175159135e+02
2.4418666666666669e+00 2.8200151056317742e+02 -2.2812897044385269e+02
2.4428633333333334e+00 2.8222894273884282e+02 -2.2825666634294939e+02
2.4438599999999999e+00 2.8245650224820889e+02 -2.2838448957567917e+02
2.4448566666666665e+00 2.8268418921824821e+02 -2.2851244026914125e+02
2.4458533333333334e+00 2.8291200377605998e+02 -2.2864051855030851e+02
2.4468500000000000e+00 2.8313994604886983e+02 -2.2876872454645115e+02
2.4478466666666665e+00 2.8336801616403062e+02 -2.2889705838494342e+02
2.4488433333333335e+00 2.8359621424902213e+02 -2.2902552019320845e+02
2.4498400000000000e+00 2.8382454043145106e+02 -2.2915411009897272e+02
2.4508366666666666e+00 2.8405299483905156e+02 -2.2928282822986694e+02
2.4518333333333335e+00 2.8428157759968519e+02 -2.2941167471374209e+02
2.4528300000000001e+00 2.8451028884134070e+02 -2.2954064967863857e+02
2.4538266666666666e+00 2.8473912869213478e+02 -2.2966975325269394e+02
2.4548233333333331e+00 2.8496809728031178e+02 -2.2979898556406258e+02
2.4558200000000001e+00 2.8519719473424396e+02 -2.2992834674114360e+02
2.4568166666666666e+00 2.8542642118243134e+02 -2.3005783691254766e+02
2.4578133333333332e+00 2.8565577675350244e+02 -2.3018745620676012e+02
2.4588100000000002e+00 2.8588526157621396e+02 -2.3031720475263091e+02
2.4598066666666667e+00 2.8611487577945070e+02 -2.3044708267899890e+02
2.4608033333333332e+00 2.8634461949222629e+02 -2.3057709011483368e+02
2.4618000000000002e+00 2.8657449284368295e+02 -2.3070722718938489e+02
2.4627966666666667e+00 2.8680449596309148e+02 -2.3083749403186192e+02
2.4637933333333333e+00 2.8703462897985190e+02 -2.3096789077168512e+02
2.4647899999999998e+00 2.8726489202349302e+02 -2.3109841753834894e+02
2.4657866666666668e+00 2.8749528522367302e+02 -2.3122907446153650e+02
2.4667833333333333e+00 2.8772580871017908e+02 -2.3135986167108473e+02
2.4677799999999999e+00 2.8795646261292802e+02 -2.3149077929676130e+02
2.4687766666666668e+00 2.8818724706196627e+02 -2.3162182746878563e+02
2.4697733333333334e+00 2.8841816218746965e+02 -2.3175300631725159e+02
2.4707699999999999e+00 2.8864920811974400e+02 -2.3188431597243422e+02
2.4717666666666664e+00 2.8888038498922504e+02 -2.3201575656482640e+02
2.4727633333333334e+00 2.8911169292647867e+02 -2.3214732822493841e+02
2.4737600000000000e+00 2.8934313206220071e+02 -2.3227903108357677e+02
2.4747566666666665e+00 2.8957470252721760e+02 -2.3241086527142119e+02
2.4757533333333335e+00 2.8980640445248616e+02 -2.3254283091951871e+02
2.4767500000000000e+00 2.9003823796909359e+02 -2.3267492815896100e+02
2.4777466666666665e+00 2.9027020320825807e+02 -2.3280715712096924e+02
2.4787433333333335e+00 2.9050230030132860e+02 -2.3293951793681910e+02
2.4797400000000001e+00 2.9073452937978482e+02 -2.3307201073797273e+02
2.4807366666666666e+00 2.9096689057523787e+02 -2.3320463565621645e+02
2.4817333333333331e+00 2.9119938401943006e+02 -2.3333739282315500e+02
2.4827300000000001e+00 2.9143200984423504e+02 -2.3347028237066823e+02
2.4837266666666666e+00 2.9166476818165773e+02 -2.3360330443076032e+02
2.4847233333333332e+00 2.9189765916383493e+02 -2.3373645913562132e+02
2.4857200000000002e+00 2.9213068292303529e+02 -2.3386974661749716e+02
2.4867166666666667e+00 2.9236383959165903e+02 -2.3400316700873401e+02
2.4877133333333332e+00 2.9259712930223861e+02 -2.3413672044197804e+02
2.4887100000000002e+00 2.9283055218743874e+02 -2.3427040704978918e+02
2.4897066666666667e+00 2.9306410838005604e+02 -2.3440422696496975e+02
2.4907033333333333e+00 2.9329779801301993e+02 -2.3453818032047479e+02
2.4916999999999998e+00 2.9353162121939221e+02 -2.3467226724939169e+02
2.4926966666666668e+00 2.9376557813236758e+02 -2.3480648788494136e+02
2.4936933333333333e+00 2.9399966888527314e+02 -2.3494084236035414e+02
2.4946899999999999e+00 2.9423389361156927e+02 -2.3507533080915948e+02
2.4956866666666668e+00 2.9446825244484944e+02 -2.3520995336494451e+02
2.4966833333333334e+00 2.9470274551884000e+02 -2.3534471016133872e+02
2.4976799999999999e+00 2.9493737296740102e+02 -2.3547960133235603e+02
2.4986766666666669e+00 2.9517213492452601e+02 -2.3561462701192622e+02
2.4996733333333334e+00 2.9540703152434179e+02 -2.3574978733416319e+02
2.5006699999999999e+00 2.9564206290110923e+02 -2.3588508243330486e+02
2.5016666666666665e+00 2.9587722918922293e+02 -2.3602051244375022e+02
2.5026633333333335e+00 2.9611253052321172e+02 -2.3615607750011830e+02
2.5036600000000000e+00 2.9634796703773816e+02 -2.3629177773697947e+02
2.5046566666666665e+00 2.9658353886759949e+02 -2.3642761328917430e+02
2.5056533333333335e+00 2.9681924614772731e+02 -2.3656358429160235e+02
2.5066500000000000e+00 2.9705508901318746e+02 -2.3669969087934763e+02
2.5076466666666666e+00 2.9729106759918079e+02 -2.3683593318758815e+02
2.5086433333333331e+00 2.9752718204104281e+02 -2.3697231135166439e+02
2.5096400000000001e+00 2.9776343247424415e+02 -2.3710882550713640e+02
2.5106366666666666e+00 2.9799981903439027e+02 -2.3724547578948761e+02
2.5116333333333332e+00 2.9823634185722204e+02 -2.3738226233449856e+02
2.5126300000000001e+00 2.9847300107861571e+02 -2.3751918527806788e+02
2.5136266666666667e+00 2.9870979683458273e+02 -2.3765624475613484e+02
2.5146233333333332e+00 2.9894672926127049e+02 -2.3779344090502170e+02
2.5156200000000002e+00 2.9918379849496222e+02 -2.3793077386082709e+02
2.5166166666666667e+00 2.9942100467207655e+02 -2.3806824376000330e+02
2.5176133333333333e+00 2.9965834792916860e+02 -2.3820585073921100e+02
2.5186099999999998e+00 2.9989582840292957e+02 -2.3834359493501674e+02
2.5196066666666668e+00 3.0013344623018696e+02 -2.3848147648432163e+02
2.5206033333333333e+00 3.0037120154790443e+02 -2.3861949552406307e+02
2.5215999999999998e+00 3.0060909449318257e+02 -2.3875765219136133e+02
2.5225966666666668e+00 3.0084712520325866e+02 -2.3889594662339908e+02
2.5235933333333334e+00 3.0108529381550647e+02 -2.3903437895762690e+02
2.5245899999999999e+00 3.0132360046743719e+02 -2.3917294933150714e+02
2.5255866666666669e+00 3.0156204529669901e+02 -2.3931165788267873e+02
2.5265833333333334e+00 3.0180062844107709e+02 -2.3945050474902027e+02
2.5275799999999999e+00 3.0203935003849438e+02 -2.3958949006830369e+02
2.5285766666666665e+00 3.0227821022701107e+02 -2.3972861397869252e+02
2.5295733333333335e+00 3.0251720914482536e+02 -2.3986787661840026e+02
2.5305700000000000e+00 3.0275634693027280e+02 -2.4000727812567621e+02
2.5315666666666665e+00 3.0299562372182720e+02 -2.4014681863903704e+02
2.5325633333333335e+00 3.0323503965810045e+02 -2.4028649829709195e+02
2.5335600000000000e+00 3.0347459487784238e+02 -2.4042631723863198e+02
2.5345566666666666e+00 3.0371428951994153e+02 -2.4056627560251582e+02
2.5355533333333335e+00 3.0395412372342486e+02 -2.4070637352775216e+02
2.5365500000000001e+00 3.0419409762745767e+02 -2.4084661115350286e+02
2.5375466666666666e+00 3.0443421137134430e+02 -2.4098698861907914e+02
2.5385433333333332e+00 3.0467446509452799e+02 -2.4112750606398475e+02
2.5395400000000001e+00 3.0491485893659109e+02 -2.4126816362768875e+02
2.5405366666666667e+00 3.0515539303725478e+02 -2.4140896145003700e+02
2.5415333333333332e+00 3.0539606753637997e+02 -2.4154989967080036e+02
2.5425300000000002e+00 3.0563688257396694e+02 -2.4169097842995748e+02
2.5435266666666667e+00 3.0587783829015530e+02 -2.4183219786781103e+02
2.5445233333333332e+00 3.0611893482522476e+02 -2.4197355812444175e+02
2.5455199999999998e+00 3.0636017231959465e+02 -2.4211505934035139e+02
2.5465166666666668e+00 3.0660155091382461e+02 -2.4225670165612166e+02
2.5475133333333333e+00 3.0684307074861408e+02 -2.4239848521245395e+02
2.5485099999999998e+00 3.0708473196480310e+02 -2.4254041015017347e+02
2.5495066666666668e+00 3.0732653470337209e+02 -2.4268247661017227e+02
2.5505033333333333e+00 3.0756847910544178e+02 -2.4282468473372239e+02
2.5514999999999999e+00 3.0781056531227398e+02 -2.4296703466201922e+02
2.5524966666666669e+00 3.0805279346527129e+02 -2.4310952653646848e+02
2.5534933333333334e+00 3.0829516370597707e+02 -2.4325216049857056e+02
2.5544899999999999e+00 3.0853767617607599e+02 -2.4339493669000211e+02
2.5554866666666665e+00 3.0878033101739413e+02 -2.4353785525277675e+02
2.5564833333333334e+00 3.0902312837189896e+02 -2.4368091632861731e+02
2.5574800000000000e+00 3.0926606838169914e+02 -2.4382412005973652e+02
2.5584766666666665e+00 3.0950915118904544e+02 -2.4396746658841306e+02
2.5594733333333335e+00 3.0975237693633045e+02 -2.4411095605699418e+02
2.5604700000000000e+00 3.0999574576608848e+02 -2.4425458860803533e+02
2.5614666666666666e+00 3.1023925782099622e+02 -2.4439836438415657e+02
2.5624633333333335e+00 3.1048291324387270e+02 -2.4454228352833329e+02
2.5634600000000001e+00 3.1072671217767902e+02 -2.4468634618334883e+02
2.5644566666666666e+00 3.1097065476551904e+02 -2.4483055249236241e+02
2.5654533333333331e+00 3.1121474115063938e+02 -2.4497490259869917e+02
2.5664500000000001e+00 3.1145897147642955e+02 -2.4511939664565091e+02
2.5674466666666667e+00 3.1170334588642169e+02 -2.4526403477679943e+02
2.5684433333333332e+00 3.1194786452429139e+02 -2.4540881713576263e+02
2.5694400000000002e+00 3.1219252753385757e+02 -2.4555374386645707e+02
2.5704366666666667e+00 3.1243733505908222e+02 -2.4569881511277859e+02
2.5714333333333332e+00 3.1268228724407106e+02 -2.4584403101880062e+02
2.5724300000000002e+00 3.1292738423307372e+02 -2.4598939172889683e+02
2.5734266666666668e+00 3.1317262617048328e+02 -2.4613489738733341e+02
2.5744233333333333e+00 3.1341801320083704e+02 -2.4628054813869474e+02
2.5754199999999998e+00 3.1366354546881644e+02 -2.4642634412767481e+02
2.5764166666666668e+00 3.1390922311924720e+02 -2.4657228549907748e+02
2.5774133333333333e+00 3.1415504629709915e+02 -2.4671837239788195e+02
2.5784099999999999e+00 3.1440101514748704e+02 -2.4686460496918767e+02
2.5794066666666668e+00 3.1464712981567033e+02 -2.4701098335830994e+02
2.5804033333333334e+00 3.1489339044705298e+02 -2.4715750771059868e+02
2.5813999999999999e+00 3.1513979718718423e+02 -2.4730417817160739e+02
2.5823966666666665e+00 3.1538635018175842e+02 -2.4745099488705668e+02
2.5833933333333334e+00 3.1563304957661524e+02 -2.4759795800272036e+02
2.5843900000000000e+00 3.1587989551773944e+02 -2.4774506766466126e+02
2.5853866666666665e+00 3.1612688815126177e+02 -2.4789232401900492e+02
2.5863833333333335e+00 3.1637402762345863e+02 -2.4803972721200816e+02
2.5873800000000000e+00 3.1662131408075197e+02 -2.4818727739004760e+02
2.5883766666666665e+00 3.1686874766970999e+02 -2.4833497469973312e+02
2.5893733333333335e+00 3.1711632853704720e+02 -2.4848281928783533e+02
2.5903700000000001e+00 3.1736405682962396e+02 -2.4863081130110157e+02
2.5913666666666666e+00 3.1761193269444749e+02 -2.4877895088659588e+02
2.5923633333333331e+00 3.1785995627867135e+02 -2.4892723819149327e+02
2.5933600000000001e+00 3.1810812772959611e+02 -2.4907567336307969e+02
2.5943566666666666e+00 3.1835644719466882e+02 -2.4922425654875829e+02
2.5953533333333332e+00 3.1860491482148382e+02 -2.4937298789616480e+02
2.5963500000000002e+00 3.1885353075778278e+02 -2.4952186755309714e+02
2.5973466666666667e+00 3.1910229515145426e+02 -2.4967089566732915e+02
2.5983433333333332e+00 3.1935120815053460e+02 -2.4982007238698114e+02
2.5993400000000002e+00 3.1960026990320785e+02 -2.4996939786016512e+02
2.6003366666666667e+00 3.1984948055780535e+02 -2.5011887223525341e+02
2.6013333333333333e+00 3.2009884026280685e+02 -2.5026849566079295e+02
2.6023299999999998e+00 3.2034834916683991e+02 -2.5041826828527007e+02
2.6033266666666668e+00 3.2059800741868048e+02 -2.5056819025756846e+02
2.6043233333333333e+00 3.2084781516725252e+02 -2.5071826172657410e+02
2.6053199999999999e+00 3.2109777256162886e+02 -2.5086848284137599e+02
2.6063166666666668e+00 3.2134787975103092e+02 -2.5101885375117061e+02
2.6073133333333334e+00 3.2159813688482853e+02 -2.5116937460532850e+02
2.6083099999999999e+00 3.2184854411254094e+02 -2.5132004555342357e+02
2.6093066666666669e+00 3.2209910158383639e+02 -2.5147086674502287e+02
2.6103033333333334e+00 3.2234980944853208e+02 -2.5162183833006742e+02
2.6113000000000000e+00 3.2260066785659501e+02 -2.5177296045844361e+02
2.6122966666666665e+00 3.2285167695814141e+02 -2.5192423328020632e+02
2.6132933333333335e+00 3.2310283690343744e+02 -2.5207565694580816e+02
2.6142900000000000e+00 3.2335414784289878e+02 -2.5222723160550404e+02
2.6152866666666665e+00 3.2360560992709145e+02 -2.5237895740989336e+02
2.6162833333333335e+00 3.2385722330673150e+02 -2.5253083450977053e+02
2.6172800000000001e+00 3.2410898813268500e+02 -2.5268286305590340e+02
2.6182766666666666e+00 3.2436090455596883e+02 -2.5283504319931845e+02
2.6192733333333331e+00 3.2461297272775028e+02 -2.5298737509123976e+02
2.6202700000000001e+00 3.2486519279934748e+02 -2.5313985888297614e+02
2.6212666666666666e+00 3.2511756492222923e+02 -2.5329249472592289e+02
2.6222633333333332e+00 3.2537008924801557e+02 -2.5344528277181948e+02
2.6232600000000001e+00 3.2562276592847786e+02 -2.5359822317237362e+02
2.6242566666666667e+00 3.2587559511553832e+02 -2.5375131607943675e+02
2.6252533333333332e+00 3.2612857696127105e+02 -2.5390456164520435e+02
2.6262500000000002e+00 3.2638171161790189e+02 -2.5405796002184067e+02
2.6272466666666667e+00 3.2663499923780802e+02 -2.5421151136173890e+02
2.6282433333333333e+00 3.2688843997351893e+02 -2.5436521581740791e+02
2.6292399999999998e+00 3.2714203397771610e+02 -2.5451907354152601e+02
2.6302366666666668e+00 3.2739578140323340e+02 -2.5467308468697104e+02
2.6312333333333333e+00 3.2764968240305672e+02 -2.5482724940667833e+02
2.6322299999999998e+00 3.2790373713032483e+02 -2.5498156785386934e+02
2.6332266666666668e+00 3.2815794573832932e+02 -2.5513604018173535e+02
2.6342233333333334e+00 3.2841230838051416e+02 -2.5529066654375336e+02
2.6352199999999999e+00 3.2866682521047670e+02 -2.5544544709354389e+02
2.6362166666666669e+00 3.2892149638196747e+02 -2.5560038198481178e+02
2.6372133333333334e+00 3.2917632204889003e+02 -2.5575547137157585e+02
2.6382099999999999e+00 3.2943130236530169e+02 -2.5591071540774163e+02
2.6392066666666665e+00 3.2968643748541319e+02 -2.5606611424755579e+02
2.6402033333333335e+00 3.2994172756358927e+02 -2.5622166804546532e+02
2.6412000000000000e+00 3.3019717275434829e+02 -2.5637737695594546e+02
2.6421966666666665e+00 3.3045277321236290e+02 -2.5653324113364238e+02
2.6431933333333335e+00 3.3070852909246003e+02 -2.5668926073337389e+02
2.6441900000000000e+00 3.3096444054962069e+02 -2.5684543591021406e+02
2.6451866666666666e+00 3.3122050773898081e+02 -2.5700176681920806e+02
2.6461833333333336e+00 3.3147673081583093e+02 -2.5715825361565868e+02
2.6471800000000001e+00 3.3173310993561614e+02 -2.5731489645501091e+02
2.6481766666666666e+00 3.3198964525393677e+02 -2.5747169549285155e+02
2.6491733333333332e+00 3.3224633692654839e+02 -2.5762865088505305e+02
2.6501700000000001e+00 3.3250318510936194e+02 -2.5778576278740343e+02
2.6511666666666667e+00 3.3276018995844333e+02 -2.5794303135597460e+02
2.6521633333333332e+00 3.3301735163001462e+02 -2.5810045674703747e+02
2.6531600000000002e+00 3.3327467028045356e+02 -2.5825803911689354e+02
2.6541566666666667e+00 3.3353214606629348e+02 -2.5841577862218537e+02
2.6551533333333333e+00 3.3378977914422427e+02 -2.5857367541955449e+02
2.6561499999999998e+00 3.3404756967109176e+02 -2.5873172966584309e+02
2.6571466666666668e+00 3.3430551780389845e+02 -2.5888994151803718e+02
2.6581433333333333e+00 3.3456362369980297e+02 -2.5904831113329243e+02
2.6591399999999998e+00 3.3482188751612108e+02 -2.5920683866896240e+02
2.6601366666666668e+00 3.3508030941032530e+02 -2.5936552428246171e+02
2.6611333333333334e+00 3.3533888954004487e+02 -2.5952436813148802e+02
2.6621299999999999e+00 3.3559762806306662e+02 -2.5968337037379382e+02
2.6631266666666669e+00 3.3585652513733470e+02 -2.5984253116733566e+02
2.6641233333333334e+00 3.3611558092095038e+02 -2.6000185067018208e+02
2.6651199999999999e+00 3.3637479557217290e+02 -2.6016132904059924e+02
2.6661166666666665e+00 3.3663416924941924e+02 -2.6032096643708337e+02
2.6671133333333334e+00 3.3689370211126447e+02 -2.6048076301807538e+02
2.6681100000000000e+00 3.3715339431644139e+02 -2.6064071894241357e+02
2.6691066666666665e+00 3.3741324602384157e+02 -2.6080083436899048e+02
2.6701033333333335e+00 3.3767325739251481e+02 -2.6096110945678998e+02
2.6711000000000000e+00 3.3793342858166932e+02 -2.6112154436502129e+02
2.6720966666666666e+00 3.3819375975067231e+02 -2.6128213925306096e+02
2.6730933333333335e+00 3.3845425105904997e+02 -2.6144289428052093e+02
2.6740900000000001e+00 3.3871490266648721e+02 -2.6160380960700957e+02
2.6750866666666666e+00 3.3897571473282852e+02 -2.6176488539236078e+02
2.6760833333333331e+00 3.3923668741807762e+02 -2.6192612179658204e+02
2.6770800000000001e+00 3.3949782088239800e+02 -2.6208751897988299e+02
2.6780766666666667e+00 3.3975911528611238e+02 -2.6224907710258509e+02
2.6790733333333332e+00 3.4002057078970381e+02 -2.6241079632509087e+02
2.6800700000000002e+00 3.4028218755381528e+02 -2.6257267680809645e+02
2.6810666666666667e+00 3.4054396573924964e+02 -2.6273471871243635e+02
2.6820633333333332e+00 3.4080590550697048e+02 -2.6289692219902622e+02
2.6830600000000002e+00 3.4106800701810187e+02 -2.6305928742901875e+02
2.6840566666666668e+00 3.4133027043392821e+02 -2.6322181456367639e+02
2.6850533333333333e+00 3.4159269591589504e+02 -2.6338450376445769e+02
2.6860499999999998e+00 3.4185528362560876e+02 -2.6354735519293865e+02
2.6870466666666668e+00 3.4211803372483712e+02 -2.6371036901095505e+02
2.6880433333333333e+00 3.4238094637550876e+02 -2.6387354538036823e+02
2.6890399999999999e+00 3.4264402173971411e+02 -2.6403688446326208e+02
2.6900366666666669e+00 3.4290725997970537e+02 -2.6420038642201638e+02
2.6910333333333334e+00 3.4317066125789603e+02 -2.6436405141886303e+02
2.6920299999999999e+00 3.4343422573686195e+02 -2.6452787961651296e+02
2.6930266666666669e+00 3.4369795357934112e+02 -2.6469187117766018e+02
2.6940233333333334e+00 3.4396184494823342e+02 -2.6485602626513509e+02
2.6950200000000000e+00 3.4422590000660148e+02 -2.6502034504210684e+02
2.6960166666666665e+00 3.4449011891767049e+02 -2.6518482767174828e+02
2.6970133333333335e+00 3.4475450184482855e+02 -2.6534947431749293e+02
2.6980100000000000e+00 3.4501904895162625e+02 -2.6551428514282748e+02
2.6990066666666666e+00 3.4528376040177761e+02 -2.6567926031151728e+02
2.7000033333333335e+00 3.4554863635916001e+02 -2.6584439998739759e+02
2.7010000000000001e+00 3.4581367698781372e+02 -2.6600970433449675e+02
2.7019966666666666e+00 3.4607888245194306e+02 -2.6617517351709546e+02
2.7029933333333331e+00 3.4634425291591594e+02 -2.6634080769947860e+02
2.7039900000000001e+00 3.4660978854426435e+02 -2.6650660704627802e+02
2.7049866666666667e+00 3.4687548950168389e+02 -2.6667257172209264e+02
2.7059833333333332e+00 3.4714135595303475e+02 -2.6683870189179902e+02
2.7069800000000002e+00 3.4740738806334161e+02 -2.6700499772045958e+02
2.7079766666666667e+00 3.4767358599779328e+02 -2.6717145937324318e+02
2.7089733333333332e+00 3.4793994992174368e+02 -2.6733808701553971e+02
2.7099700000000002e+00 3.4820648000071157e+02 -2.6750488081278240e+02
2.7109666666666667e+00 3.4847317640038040e+02 -2.6767184093071063e+02
2.7119633333333333e+00 3.4874003928659920e+02 -2.6783896753514432e+02
2.7129599999999998e+00 3.4900706882538225e+02 -2.6800626079216465e+02
2.7139566666666668e+00 3.4927426518290963e+02 -2.6817372086794455e+02
2.7149533333333333e+00 3.4954162852552662e+02 -2.6834134792870799e+02
2.7159499999999999e+00 3.4980915901974470e+02 -2.6850914214109855e+02
2.7169466666666668e+00 3.5007685683224150e+02 -2.6867710367174840e+02
2.7179433333333334e+00 3.5034472212986043e+02 -2.6884523268742311e+02
2.7189399999999999e+00 3.5061275507961170e+02 -2.6901352935533657e+02
2.7199366666666669e+00 3.5088095584867204e+02 -2.6918199384249169e+02
2.7209333333333334e+00 3.5114932460438445e+02 -2.6935062631622452e+02
2.7219300000000000e+00 3.5141786151425919e+02 -2.6951942694415101e+02
2.7229266666666665e+00 3.5168656674597344e+02 -2.6968839589386386e+02
2.7239233333333335e+00 3.5195544046737172e+02 -2.6985753333327585e+02
2.7249200000000000e+00 3.5222448284646555e+02 -2.7002683943035078e+02
2.7259166666666665e+00 3.5249369405143437e+02 -2.7019631435327108e+02
2.7269133333333335e+00 3.5276307425062527e+02 -2.7036595827038064e+02
2.7279100000000001e+00 3.5303262361255281e+02 -2.7053577135021345e+02
2.7289066666666666e+00 3.5330234230590008e+02 -2.7070575376146508e+02
2.7299033333333336e+00 3.5357223049951830e+02 -2.7087590567290749e+02
2.7309000000000001e+00 3.5384228836242670e+02 -2.7104622725367335e+02
2.7318966666666666e+00 3.5411251606381342e+02 -2.7121671867291786e+02
2.7328933333333332e+00 3.5438291377303517e+02 -2.7138738009994444e+02
2.7338900000000002e+00 3.5465348165961768e+02 -2.7155821170429249e+02
2.7348866666666667e+00 3.5492421989325533e+02 -2.7172921365563639e+02
2.7358833333333332e+00 3.5519512864381215e+02 -2.7190038612398274e+02
2.7368800000000002e+00 3.5546620808132150e+02 -2.7207172927921653e+02
2.7378766666666667e+00 3.5573745837598591e+02 -2.7224324329158264e+02
2.7388733333333333e+00 3.5600887969817802e+02 -2.7241492833146179e+02
2.7398699999999998e+00 3.5628047221844025e+02 -2.7258678456935519e+02
2.7408666666666668e+00 3.5655223610748510e+02 -2.7275881217602893e+02
2.7418633333333333e+00 3.5682417153619508e+02 -2.7293101132232675e+02
2.7428599999999999e+00 3.5709627867562341e+02 -2.7310338217939494e+02
2.7438566666666668e+00 3.5736855769699383e+02 -2.7327592491828864e+02
2.7448533333333334e+00 3.5764100877170051e+02 -2.7344863971053564e+02
2.7458499999999999e+00 3.5791363207130888e+02 -2.7362152672771026e+02
2.7468466666666669e+00 3.5818642776755541e+02 -2.7379458614140924e+02
2.7478433333333334e+00 3.5845939603234751e+02 -2.7396781812370267e+02
2.7488400000000000e+00 3.5873253703776436e+02 -2.7414122284659584e+02
2.7498366666666665e+00 3.5900585095605658e+02 -2.7431480048232982e+02
2.7508333333333335e+00 3.5927933795964668e+02 -2.7448855120332507e+02
2.7518300000000000e+00 3.5955299822112880e+02 -2.7466247518222195e+02
2.7528266666666665e+00 3.5982683191326947e+02 -2.7483657259173435e+02
2.7538233333333335e+00 3.6010083920900746e+02 -2.7501084360477165e+02
2.7548200000000000e+00 3.6037502028145377e+02 -2.7518528839457309e+02
2.7558166666666666e+00 3.6064937530389233e+02 -2.7535990713433694e+02
2.7568133333333336e+00 3.6092390444977980e+02 -2.7553469999751491e+02
2.7578100000000001e+00 3.6119860789274549e+02 -2.7570966715774546e+02
2.7588066666666666e+00 3.6147348580659212e+02 -2.7588480878880108e+02
2.7598033333333332e+00 3.6174853836529576e+02 -2.7606012506474792e+02
2.7608000000000001e+00 3.6202376574300598e+02 -2.7623561615966133e+02
2.7617966666666667e+00 3.6229916811404570e+02 -2.7641128224786411e+02
2.7627933333333332e+00 3.6257474565291193e+02 -2.7658712350389385e+02
2.7637900000000002e+00 3.6285049853427580e+02 -2.7676314010237229e+02
2.7647866666666667e+00 3.6312642693298221e+02 -2.7693933221822124e+02
2.7657833333333333e+00 3.6340253102405075e+02 -2.7711570002637717e+02
2.7667800000000002e+00 3.6367881098267549e+02 -2.7729224370206089e+02
2.7677766666666668e+00 3.6395526698422492e+02 -2.7746896342067924e+02
2.7687733333333333e+00 3.6423189920424278e+02 -2.7764585935774318e+02
2.7697699999999998e+00 3.6450870781844765e+02 -2.7782293168891601e+02
2.7707666666666668e+00 3.6478569300273347e+02 -2.7800018059012706e+02
2.7717633333333334e+00 3.6506285493316926e+02 -2.7817760623758164e+02
2.7727599999999999e+00 3.6534019378599993e+02 -2.7835520880735595e+02
2.7737566666666669e+00 3.6561770973764618e+02 -2.7853298847592635e+02
2.7747533333333334e+00 3.6589540296470420e+02 -2.7871094541986889e+02
2.7757499999999999e+00 3.6617327364394669e+02 -2.7888907981592024e+02
2.7767466666666665e+00 3.6645132195232247e+02 -2.7906739184119783e+02
2.7777433333333335e+00 3.6672954806695697e+02 -2.7924588167268723e+02
2.7787400000000000e+00 3.6700795216515183e+02 -2.7942454948767676e+02
2.7797366666666665e+00 3.6728653442438588e+02 -2.7960339546366788e+02
2.7807333333333335e+00 3.6756529502231490e+02 -2.7978241977836410e+02
2.7817300000000000e+00 3.6784423413677149e+02 -2.7996162260956754e+02
2.7827266666666666e+00 3.6812335194576593e+02 -2.8014100413526370e+02
2.7837233333333335e+00 3.6840264862748603e+02 -2.8032056453369853e+02
2.7847200000000001e+00 3.6868212436029688e+02 -2.8050030398318728e+02
2.7857166666666666e+00 3.6896177932274185e+02 -2.8068022266229093e+02
2.7867133333333332e+00 3.6924161369354215e+02 -2.8086032074972400e+02
2.7877100000000001e+00 3.6952162765159733e+02 -2.8104059842435476e+02
2.7887066666666667e+00 3.6980182137598496e+02 -2.8122105586532535e+02
2.7897033333333332e+00 3.7008219504596167e+02 -2.8140169325187543e+02
2.7907000000000002e+00 3.7036274884096269e+02 -2.8158251076342071e+02
2.7916966666666667e+00 3.7064348294060193e+02 -2.8176350857958835e+02
2.7926933333333332e+00 3.7092439752467266e+02 -2.8194468688010227e+02
2.7936900000000002e+00 3.7120549277314745e+02 -2.8212604584509160e+02
2.7946866666666668e+00 3.7148676886617807e+02 -2.8230758565458274e+02
2.7956833333333333e+00 3.7176822598409620e+02 -2.8248930648890382e+02
2.7966799999999998e+00 3.7204986430741326e+02 -2.8267120852865150e+02
2.7976766666666668e+00 3.7233168401682076e+02 -2.8285329195443433e+02
2.7986733333333333e+00 3.7261368529319003e+02 -2.8303555694716255e+02
2.7996699999999999e+00 3.7289586831757310e+02 -2.8321800368787109e+02
2.8006666666666669e+00 3.7317823327120266e+02 -2.8340063235783049e+02
2.8016633333333334e+00 3.7346078033549162e+02 -2.8358344313843611e+02
2.8026599999999999e+00 3.7374350969203419e+02 -2.8376643621126391e+02
2.8036566666666669e+00 3.7402642152260563e+02 -2.8394961175804156e+02
2.8046533333333334e+00 3.7430951600916217e+02 -2.8413296996079129e+02
2.8056500000000000e+00 3.7459279333384177e+02 -2.8431651100175122e+02
2.8066466666666665e+00 3.7487625367896402e+02 -2.8450023506305803e+02
2.8076433333333335e+00 3.7515989722703029e+02 -2.8468414232723137e+02
2.8086400000000000e+00 3.7544372416072355e+02 -2.8486823297709225e+02
2.8096366666666666e+00 3.7572773466290948e+02 -2.8505250719541408e+02
2.8106333333333335e+00 3.7601192891663595e+02 -2.8523696516520806e+02
2.8116300000000001e+00 3.7629630710513300e+02 -2.8542160706975142e+02
2.8126266666666666e+00 3.7658086941181381e+02 -2.8560643309250798e+02
2.8136233333333331e+00 3.7686561602027433e+02 -2.8579144341701158e+02
2.8146200000000001e+00 3.7715054711429372e+02 -2.8597663822700878e+02
2.8156166666666667e+00 3.7743566287783386e+02 -2.8616201770651833e+02
2.8166133333333332e+00 3.7772096349504068e+02 -2.8634758203970978e+02
2.8176100000000002e+00 3.7800644915024361e+02 -2.8653333141085034e+02
2.8186066666666667e+00 3.7829212002795555e+02 -2.8671926600444323e+02
2.8196033333333332e+00 3.7857797631287366e+02 -2.8690538600525662e+02
2.8206000000000002e+00 3.7886401818987946e+02 -2.8709169159815679e+02
2.8215966666666668e+00 3.7915024584403830e+02 -2.8727818296816042e+02
2.8225933333333333e+00 3.7943665946060048e+02 -2.8746486030052705e+02
2.8235899999999998e+00 3.7972325922500096e+02 -2.8765172378072958e+02
2.8245866666666668e+00 3.8001004532285964e+02 -2.8783877359436917e+02
2.8255833333333333e+00 3.8029701793998117e+02 -2.8802600992723251e+02
2.8265799999999999e+00 3.8058417726235592e+02 -2.8821343296531307e+02
2.8275766666666668e+00 3.8087152347615967e+02 -2.8840104289484663e+02
2.8285733333333334e+00 3.8115905676775350e+02 -2.8858883990216185e+02
2.8295699999999999e+00 3.8144677732368461e+02 -2.8877682417373660e+02
2.8305666666666669e+00 3.8173468533068632e+02 -2.8896499589637745e+02
2.8315633333333334e+00 3.8202278097567768e+02 -2.8915335525698322e+02
2.8325600000000000e+00 3.8231106444576460e+02 -2.8934190244260913e+02
2.8335566666666665e+00 3.8259953592823939e+02 -2.8953063764069572e+02
2.8345533333333335e+00 3.8288819561058136e+02 -2.8971956103861322e+02
2.8355500000000000e+00 3.8317704368045622e+02 -2.8990867282400154e+02
2.8365466666666665e+00 3.8346608032571720e+02 -2.9009797318476387e+02
2.8375433333333335e+00 3.8375530573440494e+02 -2.9028746230890528e+02
2.8385400000000001e+00 3.8404472009474722e+02 -2.9047714038472185e+02
2.8395366666666666e+00 3.8433432359515984e+02 -2.9066700760057239e+02
2.8405333333333336e+00 3.8462411642424649e+02 -2.9085706414506137e+02
2.8415300000000001e+00 3.8491409877079855e+02 -2.9104731020699808e+02
2.8425266666666666e+00 3.8520427082379604e+02 -2.9123774597534771e+02
2.8435233333333332e+00 3.8549463277240733e+02 -2.9142837163934723e+02
2.8445200000000002e+00 3.8578518480598950e+02 -2.9161918738824977e+02
2.8455166666666667e+00 3.8607592711408807e+02 -2.9181019341160612e+02
2.8465133333333332e+00 3.8636685988643791e+02 -2.9200138989922857e+02
2.8475100000000002e+00 3.8665798331296321e+02 -2.9219277704100551e+02
2.8485066666666667e+00 3.8694929758377708e+02 -2.9238435502705846e+02
2.8495033333333333e+00 3.8724080288918259e+02 -2.9257612404763483e+02
2.8504999999999998e+00 3.8753249941967249e+02 -2.9276808429334062e+02
2.8514966666666668e+00 3.8782438736592957e+02 -2.9296023595474128e+02
2.8524933333333333e+00 3.8811646691882629e+02 -2.9315257922275629e+02
2.8534899999999999e+00 3.8840873826942601e+02 -2.9334511428850902e+02
2.8544866666666668e+00 3.8870120160898250e+02 -2.9353784134311491e+02
2.8554833333333334e+00 3.8899385712893991e+02 -2.9373076057814961e+02
2.8564799999999999e+00 3.8928670502093360e+02 -2.9392387218519218e+02
2.8574766666666669e+00 3.8957974547679009e+02 -2.9411717635604293e+02
2.8584733333333334e+00 3.8987297868852676e+02 -2.9431067328279084e+02
2.8594700000000000e+00 3.9016640484835284e+02 -2.9450436315759339e+02
2.8604666666666665e+00 3.9046002414866916e+02 -2.9469824617285292e+02
2.8614633333333335e+00 3.9075383678206845e+02 -2.9489232252116039e+02
2.8624600000000000e+00 3.9104784294133515e+02 -2.9508659239531767e+02
2.8634566666666665e+00 3.9134204281944631e+02 -2.9528105598830007e+02
2.8644533333333335e+00 3.9163643660957138e+02 -2.9547571349330633e+02
2.8654500000000001e+00 3.9193102450507217e+02 -2.9567056510365154e+02
2.8664466666666666e+00 3.9222580669950355e+02 -2.9586561101285241e+02
2.8674433333333336e+00 3.9252078338661340e+02 -2.9606085141479252e+02
2.8684400000000001e+00 3.9281595476034255e+02 -2.9625628650327184e+02
2.8694366666666666e+00 3.9311132101482542e+02 -2.9645191647247145e+02
2.8704333333333332e+00 3.9340688234439006e+02 -2.9664774151679012e+02
2.8714300000000001e+00 3.9370263894355827e+02 -2.9684376183064467e+02
2.8724266666666667e+00 3.9399859100704555e+02 -2.9703997760874751e+02
2.8734233333333332e+00 3.9429473872976183e+02 -2.9723638904606889e+02
2.8744200000000002e+00 3.9459108230681159e+02 -2.9743299633783352e+02
2.8754166666666667e+00 3.9488762193349334e+02 -2.9762979967909610e+02
2.8764133333333333e+00 3.9518435780530064e+02 -2.9782679926545364e+02
2.8774100000000002e+00 3.9548129011792219e+02 -2.9802399529264471e+02
2.8784066666666668e+00 3.9577841906724126e+02 -2.9822138795643673e+02
2.8794033333333333e+00 3.9607574484933696e+02 -2.9841897745306335e+02
2.8803999999999998e+00 3.9637326766048375e+02 -2.9861676397866285e+02
2.8813966666666668e+00 3.9667098769715193e+02 -2.9881474772982000e+02
2.8823933333333334e+00 3.9696890515600734e+02 -2.9901292890312965e+02
2.8833899999999999e+00 3.9726702023391221e+02 -2.9921130769538547e+02
2.8843866666666669e+00 3.9756533312792521e+02 -2.9940988430380986e+02
2.8853833333333334e+00 3.9786384403530116e+02 -2.9960865892553903e+02
2.8863799999999999e+00 3.9816255315349179e+02 -2.9980763175806084e+02
2.8873766666666665e+00 3.9846145728998454e+02 -3.0000000000000000e+02
2.8883733333333335e+00 3.9876045728998463e+02 -3.0000000000000000e+02
2.8893700000000000e+00 3.9905945728998461e+02 -3.0000000000000000e+02
2.8903666666666665e+00 3.9935845728998459e+02 -3.0000000000000000e+02
2.8913633333333335e+00 3.9965745728998468e+02 -3.0000000000000000e+02
2.8923600000000000e+00 3.9995645728998466e+02 -3.0000000000000000e+02
2.8933566666666666e+00 4.0025545728998463e+02 -3.0000000000000000e+02
2.8943533333333336e+00 4.0055445728998473e+02 -3.0000000000000000e+02
2.8953500000000001e+00 4.0085345728998470e+02 -3.0000000000000000e+02
2.8963466666666666e+00 4.0115245728998468e+02 -3.0000000000000000e+02
2.8973433333333332e+00 4.0145145728998466e+02 -3.0000000000000000e+02
2.8983400000000001e+00 4.0175045728998475e+02 -3.0000000000000000e+02
2.8993366666666667e+00 4.0204945728998473e+02 -3.0000000000000000e+02
2.9003333333333332e+00 4.0234845728998471e+02 -3.0000000000000000e+02
2.9013300000000002e+00 4.0264745728998480e+02 -3.0000000000000000e+02
2.9023266666666667e+00 4.0294645728998478e+02 -3.0000000000000000e+02
2.9033233333333333e+00 4.0324545728998476e+02 -3.0000000000000000e+02
2.9043200000000002e+00 4.0354445728998485e+02 -3.0000000000000000e+02
2.9053166666666668e+00 4.0384345728998483e+02 -3.0000000000000000e+02
2.9063133333333333e+00 4.0414245728998480e+02 -3.0000000000000000e+02
2.9073099999999998e+00 4.0444145728998478e+02 -3.0000000000000000e+02
2.9083066666666668e+00 4.0474045728998487e+02 -3.0000000000000000e+02
2.9093033333333334e+00 4.0503945728998485e+02 -3.0000000000000000e+02
2.9102999999999999e+00 4.0533845728998483e+02 -3.0000000000000000e+02
2.9112966666666669e+00 4.0563745728998492e+02 -3.0000000000000000e+02
2.9122933333333334e+00 4.0593645728998490e+02 -3.0000000000000000e+02
2.9132899999999999e+00 4.0623545728998488e+02 -3.0000000000000000e+02
2.9142866666666669e+00 4.0653445728998497e+02 -3.0000000000000000e+02
2.9152833333333334e+00 4.0683345728998495e+02 -3.0000000000000000e+02
2.9162800000000000e+00 4.0713245728998493e+02 -3.0000000000000000e+02
2.9172766666666665e+00 4.0743145728998491e+02 -3.0000000000000000e+02
2.9182733333333335e+00 4.0773045728998500e+02 -3.0000000000000000e+02
2.9192700000000000e+00 4.0802945728998498e+02 -3.0000000000000000e+02
2.9202666666666666e+00 4.0832845728998495e+02 -3.0000000000000000e+02
2.9212633333333335e+00 4.0862745728998505e+02 -3.0000000000000000e+02
2.9222600000000001e+00 4.0892645728998502e+02 -3.0000000000000000e+02
2.9232566666666666e+00 4.0922545728998500e+02 -3.0000000000000000e+02
2.9242533333333331e+00 4.0952445728998498e+02 -3.0000000000000000e+02
2.9252500000000001e+00 4.0982345728998507e+02 -3.0000000000000000e+02
2.9262466666666667e+00 4.1012245728998505e+02 -3.0000000000000000e+02
2.9272433333333332e+00 4.1042145728998503e+02 -3.0000000000000000e+02
2.9282400000000002e+00 4.1072045728998512e+02 -3.0000000000000000e+02
2.9292366666666667e+00 4.1101945728998510e+02 -3.0000000000000000e+02
2.9302333333333332e+00 4.1131845728998508e+02 -3.0000000000000000e+02
2.9312300000000002e+00 4.1161745728998517e+02 -3.0000000000000000e+02
2.9322266666666668e+00 4.1191645728998515e+02 -3.0000000000000000e+02
2.9332233333333333e+00 4.1221545728998512e+02 -3.0000000000000000e+02
2.9342199999999998e+00 4.1251445728998510e+02 -3.0000000000000000e+02
2.9352166666666668e+00 4.1281345728998519e+02 -3.0000000000000000e+02
2.9362133333333333e+00 4.1311245728998517e+02 -3.0000000000000000e+02
2.9372099999999999e+00 4.1341145728998515e+02 -3.0000000000000000e+02
2.9382066666666669e+00 4.1371045728998524e+02 -3.0000000000000000e+02
2.9392033333333334e+00 4.1400945728998522e+02 -3.0000000000000000e+02
2.9401999999999999e+00 4.1430845728998520e+02 -3.0000000000000000e+02
2.9411966666666669e+00 4.1460745728998529e+02 -3.0000000000000000e+02
2.9421933333333334e+00 4.1490645728998527e+02 -3.0000000000000000e+02
2.9431900000000000e+00 4.1520545728998525e+02 -3.0000000000000000e+02
2.9441866666666665e+00 4.1550445728998523e+02 -3.0000000000000000e+02
2.9451833333333335e+00 4.1580345728998532e+02 -3.0000000000000000e+02
2.9461800000000000e+00 4.1610245728998530e+02 -3.0000000000000000e+02
2.9471766666666666e+00 4.1640145728998527e+02 -3.0000000000000000e+02
2.9481733333333335e+00 4.1670045728998537e+02 -3.0000000000000000e+02
2.9491700000000001e+00 4.1699945728998534e+02 -3.0000000000000000e+02
2.9501666666666666e+00 4.1729845728998532e+02 -3.0000000000000000e+02
2.9511633333333336e+00 4.1759745728998541e+02 -3.0000000000000000e+02
2.9521600000000001e+00 4.1789645728998539e+02 -3.0000000000000000e+02
2.9531566666666667e+00 4.1819545728998537e+02 -3.0000000000000000e+02
2.9541533333333332e+00 4.1849445728998535e+02 -3.0000000000000000e+02
2.9551500000000002e+00 4.1879345728998544e+02 -3.0000000000000000e+02
2.9561466666666667e+00 4.1909245728998542e+02 -3.0000000000000000e+02
2.9571433333333332e+00 4.1939145728998540e+02 -3.0000000000000000e+02
2.9581400000000002e+00 4.1969045728998549e+02 -3.0000000000000000e+02
2.9591366666666667e+00 4.1998945728998547e+02 -3.0000000000000000e+02
2.9601333333333333e+00 4.2028845728998544e+02 -3.0000000000000000e+02
2.9611299999999998e+00 4.2058745728998542e+02 -3.0000000000000000e+02
2.9621266666666668e+00 4.2088645728998551e+02 -3.0000000000000000e+02
2.9631233333333333e+00 4.2118545728998549e+02 -3.0000000000000000e+02
2.9641199999999999e+00 4.2148445728998547e+02 -3.0000000000000000e+02
2.9651166666666668e+00 4.2178345728998556e+02 -3.0000000000000000e+02
2.9661133333333334e+00 4.2208245728998554e+02 -3.0000000000000000e+02
2.9671099999999999e+00 4.2238145728998552e+02 -3.0000000000000000e+02
2.9681066666666669e+00 4.2268045728998561e+02 -3.0000000000000000e+02
2.9691033333333334e+00 4.2297945728998559e+02 -3.0000000000000000e+02
2.9701000000000000e+00 4.2327845728998557e+02 -3.0000000000000000e+02
2.9710966666666665e+00 4.2357745728998555e+02 -3.0000000000000000e+02
2.9720933333333335e+00 4.2387645728998564e+02 -3.0000000000000000e+02
2.9730900000000000e+00 4.2417545728998562e+02 -3.0000000000000000e+02
2.9740866666666665e+00 4.2447445728998559e+02 -3.0000000000000000e+02
2.9750833333333335e+00 4.2477345728998569e+02 -3.0000000000000000e+02
2.9760800000000001e+00 4.2507245728998566e+02 -3.0000000000000000e+02
2.9770766666666666e+00 4.2537145728998564e+02 -3.0000000000000000e+02
2.9780733333333336e+00 4.2567045728998573e+02 -3.0000000000000000e+02
2.9790700000000001e+00 4.2596945728998571e+02 -3.0000000000000000e+02
2.9800666666666666e+00 4.2626845728998569e+02 -3.0000000000000000e+02
2.9810633333333332e+00 4.2656745728998567e+02 -3.0000000000000000e+02
2.9820600000000002e+00 4.2686645728998576e+02 -3.0000000000000000e+02
2.9830566666666667e+00 4.2716545728998574e+02 -3.0000000000000000e+02
2.9840533333333332e+00 4.2746445728998572e+02 -3.0000000000000000e+02
2.9850500000000002e+00 4.2776345728998581e+02 -3.0000000000000000e+02
2.9860466666666667e+00 4.2806245728998579e+02 -3.0000000000000000e+02
2.9870433333333333e+00 4.2836145728998576e+02 -3.0000000000000000e+02
2.9880400000000003e+00 4.2866045728998586e+02 -3.0000000000000000e+02
2.9890366666666668e+00 4.2895945728998583e+02 -3.0000000000000000e+02
2.9900333333333333e+00 4.2925845728998581e+02 -3.0000000000000000e+02
2.9910299999999999e+00 4.2955745728998579e+02 -3.0000000000000000e+02
2.9920266666666668e+00 4.2985645728998588e+02 -3.0000000000000000e+02
2.9930233333333334e+00 4.3015545728998586e+02 -3.0000000000000000e+02
2.9940199999999999e+00 4.3045445728998584e+02 -3.0000000000000000e+02
2.9950166666666669e+00 4.3075345728998593e+02 -3.0000000000000000e+02
2.9960133333333334e+00 4.3105245728998591e+02 -3.0000000000000000e+02
2.9970100000000000e+00 4.3135145728998589e+02 -3.0000000000000000e+02
2.9980066666666665e+00 4.3165045728998587e+02 -3.0000000000000000e+02
2.9990033333333335e+00 4.3194945728998596e+02 -3.0000000000000000e+02
3.0000000000000000e+00 4.3224845728998594e+02 -3.0000000000000000e+02
