# x energy force
1.0000000000000000e-02 7.6556807574819416e+01 2.1112989401815085e+02
1.0996666666666667e-02 7.6346536030379227e+01 2.1081969348724232e+02
1.1993333333333333e-02 7.6136573134398063e+01 2.1051053256191338e+02
1.2990000000000002e-02 7.5926917450247473e+01 2.1020321489745885e+02
1.3986666666666668e-02 7.5717567146287351e+01 2.0989772950413487e+02
1.4983333333333335e-02 7.5508520401798052e+01 2.0959406545766399e+02
1.5980000000000001e-02 7.5299775406915344e+01 2.0929221189893630e+02
1.6976666666666668e-02 7.5091330362565628e+01 2.0899215803360261e+02
1.7973333333333334e-02 7.4883183480401641e+01 2.0869389313159661e+02
1.8970000000000001e-02 7.4675332982738482e+01 2.0839740652690747e+02
1.9966666666666667e-02 7.4467777102490061e+01 2.0810268761707985e+02
2.0963333333333334e-02 7.4260514083105889e+01 2.0780972586286541e+02
2.1960000000000000e-02 7.4053542178508266e+01 2.0751851078788715e+02
2.2956666666666667e-02 7.3846859653029838e+01 2.0722903197817629e+02
2.3953333333333333e-02 7.3640464781351568e+01 2.0694127908189432e+02
2.4950000000000000e-02 7.3434355848440987e+01 2.0665524180890503e+02
2.5946666666666666e-02 7.3228531149490891e+01 2.0637090993042537e+02
2.6943333333333333e-02 7.3022988989858348e+01 2.0608827327869011e+02
2.7940000000000000e-02 7.2817727685004130e+01 2.0580732174650308e+02
2.8936666666666666e-02 7.2612745560432458e+01 2.0552804528693750e+02
2.9933333333333333e-02 7.2408040951631151e+01 2.0525043391300099e+02
3.0929999999999999e-02 7.2203612204012060e+01 2.0497447769722200e+02
3.1926666666666666e-02 7.1999457672851904e+01 2.0470016677132921e+02
3.2923333333333332e-02 7.1795575723233469e+01 2.0442749132586539e+02
3.3920000000000006e-02 7.1591964729987154e+01 2.0415644160987026e+02
3.4916666666666672e-02 7.1388623077632843e+01 2.0388700793056219e+02
3.5913333333333339e-02 7.1185549160322097e+01 2.0361918065286855e+02
3.6910000000000005e-02 7.0982741381780812e+01 2.0335295019920076e+02
3.7906666666666672e-02 7.0780198155252066e+01 2.0308830704911637e+02
3.8903333333333338e-02 7.0577917903439399e+01 2.0282524173885656e+02
3.9900000000000005e-02 7.0375899058450401e+01 2.0256374486113918e+02
4.0896666666666671e-02 7.0174140061740658e+01 2.0230380706476672e+02
4.1893333333333338e-02 6.9972639364058011e+01 2.0204541905425566e+02
4.2890000000000005e-02 6.9771395425387155e+01 2.0178857158960128e+02
4.3886666666666671e-02 6.9570406714894560e+01 2.0153325548584959e+02
4.4883333333333338e-02 6.9369671710873718e+01 2.0127946161281972e+02
4.5880000000000004e-02 6.9169188900690784e+01 2.0102718089474703e+02
4.6876666666666671e-02 6.8968956780730423e+01 2.0077640430999853e+02
4.7873333333333337e-02 6.8768973856342043e+01 2.0052712289076561e+02
4.8870000000000004e-02 6.8569238641786370e+01 2.0027932772262247e+02
4.9866666666666670e-02 6.8369749660182336e+01 2.0003300994434801e+02
5.0863333333333337e-02 6.8170505443454203e+01 1.9978816074756188e+02
5.1860000000000003e-02 6.7971504532279113e+01 1.9954477137636107e+02
5.2856666666666670e-02 6.7772745476034913e+01 1.9930283312706342e+02
5.3853333333333336e-02 6.7574226832748224e+01 1.9906233734790072e+02
5.4850000000000003e-02 6.7375947169042917e+01 1.9882327543866256e+02
5.5846666666666669e-02 6.7177905060088861e+01 1.9858563885041815e+02
5.6843333333333336e-02 6.6980099089550947e+01 1.9834941908520912e+02
5.7840000000000009e-02 6.6782527849538440e+01 1.9811460769573151e+02
5.8836666666666676e-02 6.6585189940554670e+01 1.9788119628508264e+02
5.9833333333333343e-02 6.6388083971446918e+01 1.9764917650639052e+02
6.0830000000000009e-02 6.6191208559356738e+01 1.9741854006253942e+02
6.1826666666666676e-02 6.5994562329670458e+01 1.9718927870590298e+02
6.2823333333333342e-02 6.5798143915970059e+01 1.9696138423803939e+02
6.3820000000000002e-02 6.5601951959984262e+01 1.9673484850936677e+02
6.4816666666666675e-02 6.5405985111540019e+01 1.9650966341887099e+02
6.5813333333333335e-02 6.5210242028514187e+01 1.9628582091389904e+02
6.6810000000000008e-02 6.5014721376785531e+01 1.9606331298976309e+02
6.7806666666666668e-02 6.4819421830187039e+01 1.9584213168949054e+02
6.8803333333333341e-02 6.4624342070458482e+01 1.9562226910358859e+02
6.9800000000000001e-02 6.4429480787199296e+01 1.9540371736969485e+02
7.0796666666666674e-02 6.4234836677821676e+01 1.9518646867233528e+02
7.1793333333333334e-02 6.4040408447504049e+01 1.9497051524262571e+02
7.2789999999999994e-02 6.3846194809144741e+01 1.9475584935799444e+02
7.3786666666666667e-02 6.3652194483315945e+01 1.9454246334193414e+02
7.4783333333333341e-02 6.3458406198217972e+01 1.9433034956369912e+02
7.5780000000000000e-02 6.3264828689633788e+01 1.9411950043801718e+02
7.6776666666666674e-02 6.3071460700883783e+01 1.9390990842486275e+02
7.7773333333333333e-02 6.2878300982780864e+01 1.9370156602916148e+02
7.8770000000000007e-02 6.2685348293585740e+01 1.9349446580052083e+02
7.9766666666666666e-02 6.2492601398962549e+01 1.9328860033298031e+02
8.0763333333333340e-02 6.2300059071934697e+01 1.9308396226471206e+02
8.1759999999999999e-02 6.2107720092841014e+01 1.9288054427780381e+02
8.2756666666666673e-02 6.1915583249292091e+01 1.9267833909795877e+02
8.3753333333333332e-02 6.1723647336126973e+01 1.9247733949424691e+02
8.4750000000000006e-02 6.1531911155370025e+01 1.9227753827888330e+02
8.5746666666666665e-02 6.1340373516188116e+01 1.9207892830689687e+02
8.6743333333333339e-02 6.1149033234848012e+01 1.9188150247592378e+02
8.7739999999999999e-02 6.0957889134674069e+01 1.9168525372596844e+02
8.8736666666666672e-02 6.0766940046006141e+01 1.9149017503910051e+02
8.9733333333333332e-02 6.0576184806157762e+01 1.9129625943924822e+02
9.0730000000000005e-02 6.0385622259374550e+01 1.9110349999194167e+02
9.1726666666666665e-02 6.0195251256792901e+01 1.9091188980401361e+02
9.2723333333333338e-02 6.0005070656398885e+01 1.9072142202344571e+02
9.3719999999999998e-02 5.9815079322987415e+01 1.9053208983904472e+02
9.4716666666666671e-02 5.9625276128121655e+01 1.9034388648021056e+02
9.5713333333333331e-02 5.9435659950092671e+01 1.9015680521675782e+02
9.6710000000000004e-02 5.9246229673879292e+01 1.8997083935858822e+02
9.7706666666666664e-02 5.9056984191108270e+01 1.8978598225550155e+02
9.8703333333333337e-02 5.8867922400014628e+01 1.8960222729694965e+02
9.9699999999999997e-02 5.8679043205402273e+01 1.8941956791179055e+02
1.0069666666666667e-01 5.8490345518604805e+01 1.8923799756807452e+02
1.0169333333333333e-01 5.8301828257446608e+01 1.8905750977278745e+02
1.0269000000000000e-01 5.8113490346204145e+01 1.8887809807161923e+02
1.0368666666666666e-01 5.7925330715567497e+01 1.8869975604875327e+02
1.0468333333333334e-01 5.7737348302602101e+01 1.8852247732661942e+02
1.0568000000000001e-01 5.7549542050710777e+01 1.8834625556567224e+02
1.0667666666666667e-01 5.7361910909595906e+01 1.8817108446416776e+02
1.0767333333333334e-01 5.7174453835221897e+01 1.8799695775792335e+02
1.0867000000000000e-01 5.6987169789777838e+01 1.8782386922011870e+02
1.0966666666666668e-01 5.6800057741640387e+01 1.8765181266105120e+02
1.1066333333333334e-01 5.6613116665336889e+01 1.8748078192790794e+02
1.1166000000000001e-01 5.6426345541508695e+01 1.8731077090459078e+02
1.1265666666666667e-01 5.6239743356874705e+01 1.8714177351144920e+02
1.1365333333333334e-01 5.6053309104195137e+01 1.8697378370507005e+02
1.1465000000000000e-01 5.5867041782235539e+01 1.8680679547807759e+02
1.1564666666666668e-01 5.5680940395730929e+01 1.8664080285892740e+02
1.1664333333333333e-01 5.5495003955350242e+01 1.8647579991168092e+02
1.1764000000000001e-01 5.5309231477660930e+01 1.8631178073576388e+02
1.1863666666666667e-01 5.5123621985093820e+01 1.8614873946579118e+02
1.1963333333333334e-01 5.4938174505908144e+01 1.8598667027135315e+02
1.2063000000000000e-01 5.4752888074156779e+01 1.8582556735681243e+02
1.2162666666666667e-01 5.4567761729651700e+01 1.8566542496107562e+02
1.2262333333333333e-01 5.4382794517929661e+01 1.8550623735739393e+02
1.2362000000000001e-01 5.4197985490218066e+01 1.8534799885315988e+02
1.2461666666666667e-01 5.4013333703401038e+01 1.8519070378971341e+02
1.2561333333333335e-01 5.3828838219985663e+01 1.8503434654213484e+02
1.2661000000000000e-01 5.3644498108068518e+01 1.8487892151902597e+02
1.2760666666666667e-01 5.3460312441302293e+01 1.8472442316235524e+02
1.2860333333333335e-01 5.3276280298862694e+01 1.8457084594720556e+02
1.2960000000000002e-01 5.3092400765415512e+01 1.8441818438158245e+02
1.3059666666666667e-01 5.2908672931083906e+01 1.8426643300626625e+02
1.3159333333333334e-01 5.2725095891415812e+01 1.8411558639458681e+02
1.3259000000000001e-01 5.2541668747351650e+01 1.8396563915222376e+02
1.3358666666666669e-01 5.2358390605192156e+01 1.8381658591699676e+02
1.3458333333333333e-01 5.2175260576566430e+01 1.8366842135871599e+02
1.3558000000000001e-01 5.1992277778400151e+01 1.8352114017897108e+02
1.3657666666666668e-01 5.1809441332884013e+01 1.8337473711092804e+02
1.3757333333333335e-01 5.1626750367442341e+01 1.8322920691917747e+02
1.3857000000000003e-01 5.1444204014701867e+01 1.8308454439949898e+02
1.3956666666666670e-01 5.1261801412460727e+01 1.8294074437871117e+02
1.4056333333333335e-01 5.1079541703657625e+01 1.8279780171447990e+02
1.4156000000000002e-01 5.0897424036341171e+01 1.8265571129512054e+02
1.4255666666666669e-01 5.0715447563639444e+01 1.8251446803945194e+02
1.4355333333333337e-01 5.0533611443729669e+01 1.8237406689655094e+02
1.4455000000000001e-01 5.0351914839808160e+01 1.8223450284561704e+02
1.4554666666666669e-01 5.0170356920060357e+01 1.8209577089579344e+02
1.4654333333333336e-01 4.9988936857631103e+01 1.8195786608598888e+02
1.4754000000000003e-01 4.9807653830595044e+01 1.8182078348468929e+02
1.4853666666666668e-01 4.9626507021927281e+01 1.8168451818975475e+02
1.4953333333333335e-01 4.9445495619474116e+01 1.8154906532829395e+02
1.5053000000000002e-01 4.9264618815924045e+01 1.8141442005645749e+02
1.5152666666666670e-01 4.9083875808778856e+01 1.8128057755929956e+02
1.5252333333333334e-01 4.8903265800324945e+01 1.8114753305056391e+02
1.5352000000000002e-01 4.8722787997604769e+01 1.8101528177253016e+02
1.5451666666666669e-01 4.8542441612388522e+01 1.8088381899584965e+02
1.5551333333333336e-01 4.8362225861145944e+01 1.8075314001935723e+02
1.5651000000000001e-01 4.8182139965018287e+01 1.8062324016993227e+02
1.5750666666666668e-01 4.8002183149790447e+01 1.8049411480231259e+02
1.5850333333333336e-01 4.7822354645863328e+01 1.8036575929893408e+02
1.5950000000000003e-01 4.7642653688226261e+01 1.8023816906975674e+02
1.6049666666666668e-01 4.7463079516429701e+01 1.8011133955210417e+02
1.6149333333333335e-01 4.7283631374558006e+01 1.7998526621049908e+02
1.6249000000000002e-01 4.7104308511202397e+01 1.7985994453653490e+02
1.6348666666666670e-01 4.6925110179434107e+01 1.7973537004866239e+02
1.6448333333333334e-01 4.6746035636777663e+01 1.7961153829204039e+02
1.6548000000000002e-01 4.6567084145184317e+01 1.7948844483841344e+02
1.6647666666666669e-01 4.6388254971005701e+01 1.7936608528590543e+02
1.6747333333333336e-01 4.6209547384967536e+01 1.7924445525889877e+02
1.6847000000000001e-01 4.6030960662143606e+01 1.7912355040786346e+02
1.6946666666666668e-01 4.5852494081929770e+01 1.7900336640920327e+02
1.7046333333333336e-01 4.5674146928018246e+01 1.7888389896508789e+02
1.7146000000000003e-01 4.5495918488371984e+01 1.7876514380332301e+02
1.7245666666666670e-01 4.5317808055199201e+01 1.7864709667718094e+02
1.7345333333333335e-01 4.5139814924928061e+01 1.7852975336524918e+02
1.7445000000000002e-01 4.4961938398181516e+01 1.7841310967129664e+02
1.7544666666666670e-01 4.4784177779752312e+01 1.7829716142409561e+02
1.7644333333333337e-01 4.4606532378578116e+01 1.7818190447730453e+02
1.7744000000000001e-01 4.4429001507716805e+01 1.7806733470928665e+02
1.7843666666666669e-01 4.4251584484321889e+01 1.7795344802298402e+02
1.7943333333333336e-01 4.4074280629618123e+01 1.7784024034577527e+02
1.8043000000000003e-01 4.3897089268877210e+01 1.7772770762930520e+02
1.8142666666666668e-01 4.3720009731393674e+01 1.7761584584937069e+02
1.8242333333333335e-01 4.3543041350460868e+01 1.7750465100575224e+02
1.8342000000000003e-01 4.3366183463347170e+01 1.7739411912207166e+02
1.8441666666666670e-01 4.3189435411272235e+01 1.7728424624568208e+02
1.8541333333333335e-01 4.3012796539383480e+01 1.7717502844748299e+02
1.8641000000000002e-01 4.2836266196732616e+01 1.7706646182180489e+02
1.8740666666666669e-01 4.2659843736252419e+01 1.7695854248627415e+02
1.8840333333333337e-01 4.2483528514733571e+01 1.7685126658164978e+02
1.8940000000000001e-01 4.2307319892801651e+01 1.7674463027170225e+02
1.9039666666666669e-01 4.2131217234894279e+01 1.7663862974308421e+02
1.9139333333333336e-01 4.1955219909238394e+01 1.7653326120517747e+02
1.9239000000000003e-01 4.1779327287827648e+01 1.7642852088995815e+02
1.9338666666666668e-01 4.1603538746399970e+01 1.7632440505188271e+02
1.9438333333333335e-01 4.1427853664415196e+01 1.7622090996772673e+02
1.9538000000000003e-01 4.1252271425032937e+01 1.7611803193646367e+02
1.9637666666666670e-01 4.1076791415090490e+01 1.7601576727914795e+02
1.9737333333333335e-01 4.0901413025080906e+01 1.7591411233875144e+02
1.9837000000000002e-01 4.0726135649131201e+01 1.7581306348005160e+02
1.9936666666666669e-01 4.0550958684980706e+01 1.7571261708950681e+02
2.0036333333333337e-01 4.0375881533959500e+01 1.7561276957511970e+02
2.0136000000000004e-01 4.0200903600967024e+01 1.7551351736630622e+02
2.0235666666666668e-01 4.0026024294450792e+01 1.7541485691376292e+02
2.0335333333333336e-01 3.9851243026385234e+01 1.7531678468936099e+02
2.0435000000000003e-01 3.9676559212250673e+01 1.7521929718601092e+02
2.0534666666666671e-01 3.9501972271012420e+01 1.7512239091750322e+02
2.0634333333333335e-01 3.9327481625100013e+01 1.7502606241844063e+02
2.0734000000000002e-01 3.9153086700386517e+01 1.7493030824409794e+02
2.0833666666666670e-01 3.8978786926168034e+01 1.7483512497024404e+02
2.0933333333333337e-01 3.8804581735143302e+01 1.7474050919309633e+02
2.1033000000000002e-01 3.8630470563393374e+01 1.7464645752917116e+02
2.1132666666666669e-01 3.8456452850361465e+01 1.7455296661512955e+02
2.1232333333333336e-01 3.8282528038832915e+01 1.7446003310771303e+02
2.1332000000000004e-01 3.8108695574915252e+01 1.7436765368358397e+02
2.1431666666666668e-01 3.7934954908018398e+01 1.7427582503920851e+02
2.1531333333333336e-01 3.7761305490834957e+01 1.7418454389077297e+02
2.1631000000000003e-01 3.7587746779320668e+01 1.7409380697402031e+02
2.1730666666666670e-01 3.7414278232674938e+01 1.7400361104416177e+02
2.1830333333333335e-01 3.7240899313321513e+01 1.7391395287576304e+02
2.1930000000000002e-01 3.7067609486889218e+01 1.7382482926261449e+02
2.2029666666666670e-01 3.6894408222192901e+01 1.7373623701761420e+02
2.2129333333333337e-01 3.6721294991214407e+01 1.7364817297267925e+02
2.2229000000000002e-01 3.6548269269083690e+01 1.7356063397859990e+02
2.2328666666666669e-01 3.6375330534060055e+01 1.7347361690494577e+02
2.2428333333333336e-01 3.6202478267513506e+01 1.7338711863996622e+02
2.2528000000000004e-01 3.6029711953906187e+01 1.7330113609043062e+02
2.2627666666666668e-01 3.5857031080773972e+01 1.7321566618158235e+02
2.2727333333333335e-01 3.5684435138708082e+01 1.7313070585698424e+02
2.2827000000000003e-01 3.5511923621336940e+01 1.7304625207841912e+02
2.2926666666666670e-01 3.5339496025308009e+01 1.7296230182579046e+02
2.3026333333333335e-01 3.5167151850269825e+01 1.7287885209699829e+02
2.3126000000000002e-01 3.4994890598854070e+01 1.7279589990785922e+02
2.3225666666666669e-01 3.4822711776657826e+01 1.7271344229195702e+02
2.3325333333333337e-01 3.4650614892225875e+01 1.7263147630058401e+02
2.3425000000000004e-01 3.4478599457033113e+01 1.7254999900261069e+02
2.3524666666666669e-01 3.4306664985467108e+01 1.7246900748436326e+02
2.3624333333333336e-01 3.4134810994810699e+01 1.7238849884956406e+02
2.3724000000000003e-01 3.3963037005224770e+01 1.7230847021918575e+02
2.3823666666666671e-01 3.3791342539731069e+01 1.7222891873137738e+02
2.3923333333333335e-01 3.3619727124195165e+01 1.7214984154134669e+02
2.4023000000000003e-01 3.3448190287309465e+01 1.7207123582125948e+02
2.4122666666666670e-01 3.3276731560576394e+01 1.7199309876015013e+02
2.4222333333333337e-01 3.3105350478291626e+01 1.7191542756380181e+02
2.4322000000000002e-01 3.2934046577527425e+01 1.7183821945466426e+02
2.4421666666666669e-01 3.2762819398116100e+01 1.7176147167174238e+02
2.4521333333333337e-01 3.2591668482633544e+01 1.7168518147050713e+02
2.4621000000000004e-01 3.2420593376382882e+01 1.7160934612279655e+02
2.4720666666666669e-01 3.2249593627378204e+01 1.7153396291669841e+02
2.4820333333333336e-01 3.2078668786328400e+01 1.7145902915648492e+02
2.4920000000000003e-01 3.1907818406621107e+01 1.7138454216249724e+02
2.5019666666666668e-01 3.1737042044306730e+01 1.7131049927104644e+02
2.5119333333333332e-01 3.1566339258082554e+01 1.7123689783433204e+02
2.5219000000000003e-01 3.1395709609276970e+01 1.7116373522033689e+02
2.5318666666666667e-01 3.1225152661833825e+01 1.7109100881273810e+02
2.5418333333333337e-01 3.1054667982296753e+01 1.7101871601080884e+02
2.5518000000000002e-01 3.0884255139793755e+01 1.7094685422932940e+02
2.5617666666666666e-01 3.0713913706021728e+01 1.7087542089849390e+02
2.5717333333333336e-01 3.0543643255231171e+01 1.7080441346381872e+02
2.5817000000000001e-01 3.0373443364210988e+01 1.7073382938605153e+02
2.5916666666666666e-01 3.0203313612273305e+01 1.7066366614107716e+02
2.6016333333333336e-01 3.0033253581238448e+01 1.7059392121982637e+02
2.6116000000000000e-01 2.9863262855420022e+01 1.7052459212819275e+02
2.6215666666666670e-01 2.9693341021609971e+01 1.7045567638694436e+02
2.6315333333333335e-01 2.9523487669063886e+01 1.7038717153162438e+02
2.6415000000000005e-01 2.9353702389486237e+01 1.7031907511247255e+02
2.6514666666666670e-01 2.9183984777015851e+01 1.7025138469433227e+02
2.6614333333333334e-01 2.9014334428211324e+01 1.7018409785656593e+02
2.6714000000000004e-01 2.8844750942036633e+01 1.7011721219297240e+02
2.6813666666666669e-01 2.8675233919846811e+01 1.7005072531169142e+02
2.6913333333333339e-01 2.8505782965373641e+01 1.6998463483512586e+02
2.7013000000000004e-01 2.8336397684711546e+01 1.6991893839985065e+02
2.7112666666666668e-01 2.8167077686303450e+01 1.6985363365653740e+02
2.7212333333333338e-01 2.7997822580926787e+01 1.6978871826986469e+02
2.7312000000000003e-01 2.7828631981679624e+01 1.6972418991842721e+02
2.7411666666666668e-01 2.7659505503966770e+01 1.6966004629466627e+02
2.7511333333333338e-01 2.7490442765486041e+01 1.6959628510478055e+02
2.7611000000000002e-01 2.7321443386214622e+01 1.6953290406864127e+02
2.7710666666666672e-01 2.7152506988395416e+01 1.6946990091971975e+02
2.7810333333333337e-01 2.6983633196523602e+01 1.6940727340499805e+02
2.7910000000000001e-01 2.6814821637333143e+01 1.6934501928489036e+02
2.8009666666666672e-01 2.6646071939783475e+01 1.6928313633316176e+02
2.8109333333333336e-01 2.6477383735046253e+01 1.6922162233685373e+02
2.8209000000000001e-01 2.6308756656492118e+01 1.6916047509619833e+02
2.8308666666666671e-01 2.6140190339677606e+01 1.6909969242455065e+02
2.8408333333333335e-01 2.5971684422332142e+01 1.6903927214829491e+02
2.8508000000000006e-01 2.5803238544345028e+01 1.6897921210677191e+02
2.8607666666666670e-01 2.5634852347752634e+01 1.6891951015221665e+02
2.8707333333333335e-01 2.5466525476725536e+01 1.6886016414966170e+02
2.8807000000000005e-01 2.5298257577555809e+01 1.6880117197686675e+02
2.8906666666666669e-01 2.5130048298644425e+01 1.6874253152424754e+02
2.9006333333333334e-01 2.4961897290488604e+01 1.6868424069479940e+02
2.9106000000000004e-01 2.4793804205669353e+01 1.6862629740401829e+02
2.9205666666666669e-01 2.4625768698839074e+01 1.6856869957982525e+02
2.9305333333333339e-01 2.4457790426709142e+01 1.6851144516250091e+02
2.9405000000000003e-01 2.4289869048037705e+01 1.6845453210460335e+02
2.9504666666666668e-01 2.4122004223617420e+01 1.6839795837089483e+02
2.9604333333333338e-01 2.3954195616263345e+01 1.6834172193827817e+02
2.9704000000000003e-01 2.3786442890800910e+01 1.6828582079571422e+02
2.9803666666666673e-01 2.3618745714053869e+01 1.6823025294415615e+02
2.9903333333333337e-01 2.3451103754832459e+01 1.6817501639647281e+02
3.0003000000000002e-01 2.3283516683921491e+01 1.6812010917738269e+02
3.0102666666666672e-01 2.3115984174068604e+01 1.6806552932337928e+02
3.0202333333333337e-01 2.2948505899972595e+01 1.6801127488266775e+02
3.0302000000000001e-01 2.2781081538271721e+01 1.6795734391508287e+02
3.0401666666666671e-01 2.2613710767532169e+01 1.6790373449203327e+02
3.0501333333333336e-01 2.2446393268236591e+01 1.6785044469642224e+02
3.0601000000000006e-01 2.2279128722772615e+01 1.6779747262258059e+02
3.0700666666666671e-01 2.2111916815421555e+01 1.6774481637621113e+02
3.0800333333333335e-01 2.1944757232347051e+01 1.6769247407430319e+02
3.0900000000000005e-01 2.1777649661583890e+01 1.6764044384507199e+02
3.0999666666666670e-01 2.1610593793026865e+01 1.6758872382789201e+02
3.1099333333333334e-01 2.1443589318419640e+01 1.6753731217323812e+02
3.1199000000000005e-01 2.1276635931343737e+01 1.6748620704260816e+02
3.1298666666666669e-01 2.1109733327207625e+01 1.6743540660845824e+02
3.1398333333333339e-01 2.0942881203235757e+01 1.6738490905414437e+02
3.1498000000000004e-01 2.0776079258457809e+01 1.6733471257385108e+02
3.1597666666666668e-01 2.0609327193697865e+01 1.6728481537253410e+02
3.1697333333333338e-01 2.0442624711563735e+01 1.6723521566584603e+02
3.1797000000000003e-01 2.0275971516436353e+01 1.6718591168007819e+02
3.1896666666666668e-01 2.0109367314459153e+01 1.6713690165210710e+02
3.1996333333333338e-01 1.9942811813527577e+01 1.6708818382930477e+02
3.2096000000000002e-01 1.9776304723278674e+01 1.6703975646950423e+02
3.2195666666666672e-01 1.9609845755080638e+01 1.6699161784092513e+02
3.2295333333333337e-01 1.9443434622022565e+01 1.6694376622210586e+02
3.2395000000000002e-01 1.9277071038904129e+01 1.6689619990185176e+02
3.2494666666666672e-01 1.9110754722225412e+01 1.6684891717917111e+02
3.2594333333333336e-01 1.8944485390176794e+01 1.6680191636321558e+02
3.2694000000000001e-01 1.8778262762628810e+01 1.6675519577321776e+02
3.2793666666666671e-01 1.8612086561122169e+01 1.6670875373842426e+02
3.2893333333333336e-01 1.8445956508857829e+01 1.6666258859804921e+02
3.2993000000000006e-01 1.8279872330687024e+01 1.6661669870121216e+02
3.3092666666666670e-01 1.8113833753101503e+01 1.6657108240686463e+02
3.3192333333333335e-01 1.7947840504223681e+01 1.6652573808375126e+02
3.3292000000000005e-01 1.7781892313796956e+01 1.6648066411033642e+02
3.3391666666666669e-01 1.7615988913176054e+01 1.6643585887475822e+02
3.3491333333333340e-01 1.7450130035317368e+01 1.6639132077476580e+02
3.3591000000000004e-01 1.7284315414769484e+01 1.6634704821765180e+02
3.3690666666666669e-01 1.7118544787663620e+01 1.6630303962020946e+02
3.3790333333333339e-01 1.6952817891704221e+01 1.6625929340867572e+02
3.3890000000000003e-01 1.6787134466159596e+01 1.6621580801866983e+02
3.3989666666666668e-01 1.6621494251852557e+01 1.6617258189512742e+02
3.4089333333333338e-01 1.6455896991151167e+01 1.6612961349226723e+02
3.4189000000000003e-01 1.6290342427959551e+01 1.6608690127352736e+02
3.4288666666666673e-01 1.6124830307708677e+01 1.6604444371149162e+02
3.4388333333333337e-01 1.5959360377347336e+01 1.6600223928786048e+02
3.4488000000000002e-01 1.5793932385333019e+01 1.6596028649338598e+02
3.4587666666666672e-01 1.5628546081622945e+01 1.6591858382782004e+02
3.4687333333333337e-01 1.5463201217665157e+01 1.6587712979985562e+02
3.4787000000000001e-01 1.5297897546389571e+01 1.6583592292707812e+02
3.4886666666666671e-01 1.5132634822199174e+01 1.6579496173591482e+02
3.4986333333333336e-01 1.4967412800961263e+01 1.6575424476157116e+02
3.5086000000000006e-01 1.4802231239998658e+01 1.6571377054799200e+02
3.5185666666666671e-01 1.4637089898081090e+01 1.6567353764780316e+02
3.5285333333333335e-01 1.4471988535416513e+01 1.6563354462225783e+02
3.5385000000000005e-01 1.4306926913642556e+01 1.6559379004118745e+02
3.5484666666666670e-01 1.4141904795818030e+01 1.6555427248295112e+02
3.5584333333333334e-01 1.3976921946414395e+01 1.6551499053438334e+02
3.5684000000000005e-01 1.3811978131307368e+01 1.6547594279074335e+02
3.5783666666666669e-01 1.3647073117768576e+01 1.6543712785566848e+02
3.5883333333333339e-01 1.3482206674457171e+01 1.6539854434111925e+02
3.5983000000000004e-01 1.3317378571411629e+01 1.6536019086733273e+02
3.6082666666666668e-01 1.3152588580041465e+01 1.6532206606276864e+02
3.6182333333333339e-01 1.2987836473119085e+01 1.6528416856407105e+02
3.6282000000000003e-01 1.2823122024771683e+01 1.6524649701600799e+02
3.6381666666666673e-01 1.2658445010473107e+01 1.6520905007142494e+02
3.6481333333333338e-01 1.2493805207035900e+01 1.6517182639120659e+02
3.6581000000000002e-01 1.2329202392603252e+01 1.6513482464421460e+02
3.6680666666666673e-01 1.2164636346641098e+01 1.6509804350725332e+02
3.6780333333333337e-01 1.2000106849930257e+01 1.6506148166501151e+02
3.6880000000000002e-01 1.1835613684558536e+01 1.6502513781001974e+02
3.6979666666666672e-01 1.1671156633912972e+01 1.6498901064260838e+02
3.7079333333333336e-01 1.1506735482672100e+01 1.6495309887085261e+02
3.7179000000000006e-01 1.1342350016798205e+01 1.6491740121053141e+02
3.7278666666666671e-01 1.1178000023529728e+01 1.6488191638508155e+02
3.7378333333333336e-01 1.1013685291373601e+01 1.6484664312554787e+02
3.7478000000000006e-01 1.0849405610097710e+01 1.6481158017054460e+02
3.7577666666666670e-01 1.0685160770723401e+01 1.6477672626620401e+02
3.7677333333333335e-01 1.0520950565517955e+01 1.6474208016613571e+02
3.7777000000000005e-01 1.0356774787987188e+01 1.6470764063138034e+02
3.7876666666666670e-01 1.0192633232868090e+01 1.6467340643036309e+02
3.7976333333333340e-01 1.0028525696121424e+01 1.6463937633885476e+02
3.8076000000000004e-01 9.8644519749245028e+00 1.6460554913992323e+02
3.8175666666666669e-01 9.7004118676638722e+00 1.6457192362389225e+02
3.8275333333333339e-01 9.5364051739281237e+00 1.6453849858830120e+02
3.8375000000000004e-01 9.3724316945007597e+00 1.6450527283785379e+02
3.8474666666666668e-01 9.2084912313530154e+00 1.6447224518438085e+02
3.8574333333333338e-01 9.0445835876368044e+00 1.6443941444680107e+02
3.8674000000000003e-01 8.8807085676777007e+00 1.6440677945107103e+02
3.8773666666666673e-01 8.7168659769678865e+00 1.6437433903014909e+02
3.8873333333333338e-01 8.5530556221592633e+00 1.6434209202395184e+02
3.8973000000000002e-01 8.3892773110564729e+00 1.6431003727931247e+02
3.9072666666666672e-01 8.2255308526100581e+00 1.6427817364993825e+02
3.9172333333333337e-01 8.0618160569096524e+00 1.6424649999636881e+02
3.9272000000000007e-01 7.8981327351771276e+00 1.6421501518594255e+02
3.9371666666666671e-01 7.7344806997599163e+00 1.6418371809275007e+02
3.9471333333333336e-01 7.5708597641242337e+00 1.6415260759759016e+02
3.9571000000000006e-01 7.4072697428484391e+00 1.6412168258793869e+02
3.9670666666666671e-01 7.2437104516164315e+00 1.6409094195790266e+02
3.9770333333333335e-01 7.0801817072110014e+00 1.6406038460818448e+02
3.9870000000000005e-01 6.9166833275073074e+00 1.6403000944603912e+02
3.9969666666666670e-01 6.7532151314663924e+00 1.6399981538523608e+02
4.0069333333333340e-01 6.5897769391286429e+00 1.6396980134602322e+02
4.0169000000000005e-01 6.4263685716074281e+00 1.6393996625508439e+02
4.0268666666666669e-01 6.2629898510826383e+00 1.6391030904550405e+02
4.0368333333333339e-01 6.0996406007943555e+00 1.6388082865672479e+02
4.0468000000000004e-01 5.9363206450365569e+00 1.6385152403451644e+02
4.0567666666666669e-01 5.7730298091507786e+00 1.6382239413093239e+02
4.0667333333333339e-01 5.6097679195198955e+00 1.6379343790427231e+02
4.0767000000000003e-01 5.4465348035619430e+00 1.6376465431905029e+02
4.0866666666666673e-01 5.2833302897238781e+00 1.6373604234595209e+02
4.0966333333333338e-01 5.1201542074755180e+00 1.6370760096180013e+02
4.1066000000000003e-01 4.9570063873033821e+00 1.6367932914951609e+02
4.1165666666666673e-01 4.7938866607046533e+00 1.6365122589808857e+02
4.1265333333333337e-01 4.6307948601811804e+00 1.6362329020253293e+02
4.1365000000000002e-01 4.4677308192334344e+00 1.6359552106385462e+02
4.1464666666666672e-01 4.3046943723545805e+00 1.6356791748901770e+02
4.1564333333333336e-01 4.1416853550245891e+00 1.6354047849090580e+02
4.1664000000000007e-01 3.9787036037042856e+00 1.6351320308828664e+02
4.1763666666666671e-01 3.8157489558295792e+00 1.6348609030577961e+02
4.1863333333333336e-01 3.6524926091373109e+00 1.6411861877570243e+02
4.1963000000000006e-01 3.4890907133984097e+00 1.6377816197124525e+02
4.2062666666666670e-01 3.3265451261778707e+00 1.6240027392281962e+02
4.2162333333333335e-01 3.1647629205367092e+00 1.6224629258119049e+02
4.2262000000000005e-01 3.0026717178116615e+00 1.6302033496069961e+02
4.2361666666666670e-01 2.8396419466325042e+00 1.6412970753928869e+02
4.2461333333333340e-01 2.6754600974210612e+00 1.6533219723282602e+02
4.2561000000000004e-01 2.5100159382970140e+00 1.6666277090908139e+02
4.2660666666666669e-01 2.3432534629224020e+00 1.6797764790285609e+02
4.2760333333333339e-01 2.1754890821202144e+00 1.6867328347275983e+02
4.2860000000000004e-01 2.0077754998691488e+00 1.6787571101099053e+02
4.2959666666666674e-01 1.8419177317733240e+00 1.6494924168964980e+02
4.3059333333333338e-01 1.6800407790448837e+00 1.5988745274869862e+02
4.3159000000000003e-01 1.5239675592052533e+00 1.5330295495625180e+02
4.3258666666666673e-01 1.3747936688310480e+00 1.4604264445685851e+02
4.3358333333333338e-01 1.2329041436609089e+00 1.3868549969727280e+02
4.3458000000000002e-01 1.0983952037853515e+00 1.3123210540418606e+02
4.3557666666666672e-01 9.7153228951032899e-01 1.2334230451223819e+02
4.3657333333333337e-01 8.5283988425910318e-01 1.1483643512233371e+02
4.3757000000000007e-01 7.4280845497678483e-01 1.0596241962478585e+02
4.3856666666666672e-01 6.4155214626482626e-01 9.7227497522961258e+01
4.3956333333333336e-01 5.4877061471909128e-01 8.8956177819654570e+01
4.4056000000000006e-01 4.6401612124810732e-01 8.1119728811076612e+01
4.4155666666666671e-01 3.8699047925603625e-01 7.3446776858634493e+01
4.4255333333333335e-01 3.1767848781545677e-01 6.5640831383333918e+01
4.4355000000000006e-01 2.5624037905927716e-01 5.7646343378226248e+01
4.4454666666666670e-01 2.0274051010216479e-01 4.9711253191232267e+01
4.4554333333333340e-01 1.5698241720018069e-01 4.2111006812746005e+01
4.4654000000000005e-01 1.1864205400920647e-01 3.4826176848073466e+01
4.4753666666666669e-01 8.7330855638753327e-02 2.8005659346817101e+01
4.4853333333333339e-01 6.2524037669720506e-02 2.1773908484016253e+01
4.4953000000000004e-01 4.3623606510140467e-02 1.6153378123837467e+01
4.5052666666666669e-01 2.9941275770355099e-02 1.1302803962688929e+01
4.5152333333333339e-01 2.0684863423348618e-02 7.2719365329756078e+00
4.5252000000000003e-01 1.5621454387272537e-02 2.8887504959398145e+00
4.5351666666666673e-01 1.4181893723462480e-02 -0.0000000000000000e+00
4.5451333333333338e-01 1.4729313440410362e-02 -1.0985011042432649e+00
4.5551000000000003e-01 1.6915366172635594e-02 -3.2882267865098012e+00
4.5650666666666673e-01 2.0991803903264526e-02 -4.8919158167586758e+00
4.5750333333333337e-01 2.5784928854542033e-02 -4.7263951222599374e+00
4.5850000000000007e-01 2.9931257676696587e-02 -3.5939971629997483e+00
4.5949666666666672e-01 3.2211818826553315e-02 -9.8237972634495241e-01
4.6049333333333337e-01 3.2701371390181873e-02 -0.0000000000000000e+00
4.6149000000000007e-01 3.1568554930649369e-02 2.2732102866872235e+00
4.6248666666666671e-01 2.8543692269322539e-02 3.7967482310256031e+00
4.6348333333333336e-01 2.4416233188654511e-02 4.4857783522548926e+00
4.6448000000000006e-01 2.0030207959787816e-02 4.3156100668752932e+00
4.6547666666666671e-01 1.6024994912403511e-02 3.7216067506184665e+00
4.6647333333333341e-01 1.2252769125805710e-02 3.8480771020858864e+00
4.6747000000000005e-01 8.0445933349968315e-03 4.5964228125809363e+00
4.6846666666666670e-01 3.5950158127507513e-03 4.3324952922608837e+00
4.6946333333333340e-01 7.1799449605364782e-04 1.4407916308769155e+00
4.7046000000000004e-01 0.0000000000000000e+00 -0.0000000000000000e+00
4.7145666666666669e-01 3.0372709578835844e-03 -6.0948581094655152e+00
4.7245333333333339e-01 1.3026676148326042e-02 -1.3950771035234371e+01
4.7345000000000004e-01 3.0669466744655142e-02 -2.1452822134657545e+01
4.7444666666666674e-01 5.5305518604591167e-02 -2.7984071229760865e+01
4.7544333333333338e-01 8.6229924736383384e-02 -3.4071593248753260e+01
4.7644000000000003e-01 1.2304013266800941e-01 -3.9795044741133289e+01
4.7743666666666673e-01 1.6541602806173833e-01 -4.5240196851630813e+01
4.7843333333333338e-01 2.1321378588719458e-01 -5.0675036242932222e+01
4.7943000000000002e-01 2.6670944012585679e-01 -5.6674102697529307e+01
4.8042666666666672e-01 3.2652401755784555e-01 -6.3355149674350301e+01
4.8142333333333337e-01 3.9287909274624777e-01 -6.9798847359235552e+01
4.8242000000000007e-01 4.6509112809211361e-01 -7.5108246980289579e+01
4.8341666666666672e-01 5.4178459139579993e-01 -7.8791679381625968e+01
4.8441333333333336e-01 6.2133425763694494e-01 -8.0839757891578060e+01
4.8541000000000006e-01 7.0232114007565372e-01 -8.1675725263015778e+01
4.8640666666666671e-01 7.8395346684763600e-01 -8.2134963911534200e+01
4.8740333333333336e-01 8.6619600524629459e-01 -8.2900230199489741e+01
4.8840000000000006e-01 9.4942267316917672e-01 -8.4109805766154295e+01
4.8939666666666670e-01 1.0340351722550734e+00 -8.5681162299193531e+01
4.9039333333333340e-01 1.1203379750034352e+00 -8.7501719470088574e+01
4.9139000000000005e-01 1.2085686252559500e+00 -8.9549752608539890e+01
4.9238666666666669e-01 1.2989450081269207e+00 -9.1807537433545463e+01
4.9338333333333340e-01 1.3915510072601169e+00 -9.4023898954132662e+01
4.9438000000000004e-01 1.4861087711776610e+00 -9.5724122285090459e+01
4.9537666666666674e-01 1.5819262522469397e+00 -9.6551759459274976e+01
4.9637333333333339e-01 1.6780651564477209e+00 -9.6369118535607754e+01
4.9737000000000003e-01 1.7735462054374584e+00 -9.5231648667883078e+01
4.9836666666666674e-01 1.8676401925291000e+00 -9.3585716733397547e+01
4.9936333333333338e-01 1.9603700293590911e+00 -9.2494223393678865e+01
5.0036000000000003e-01 2.0522307884892004e+00 -9.1841748104872153e+01
5.0135666666666667e-01 2.1427723005948276e+00 -8.9846904949902097e+01
5.0235333333333332e-01 2.2299836555498191e+00 -8.5159158504934084e+01
5.0335000000000008e-01 2.3108977207063126e+00 -7.7210203013098607e+01
5.0434666666666672e-01 2.3821346824945739e+00 -6.5740221980070572e+01
5.0534333333333337e-01 2.4406373173774876e+00 -5.1656369758220286e+01
5.0634000000000001e-01 2.4853846165775018e+00 -3.8137541679937165e+01
5.0733666666666666e-01 2.5177270630969577e+00 -2.6763688793888502e+01
5.0833333333333330e-01 2.5399734954027764e+00 -1.7877981385013111e+01
5.0933000000000006e-01 2.5546363706986930e+00 -1.1545848640235196e+01
5.1032666666666671e-01 2.5637502555182947e+00 -6.7428834392333581e+00
5.1132333333333335e-01 2.5683364725515223e+00 -2.4602276642335212e+00
5.1232000000000000e-01 2.5695624860041986e+00 -0.0000000000000000e+00
5.1331666666666675e-01 2.5683076667060911e+00 2.5180320363357684e+00
5.1431333333333340e-01 2.5620736940798716e+00 9.9916120296567765e+00
5.1531000000000005e-01 2.5498042761178854e+00 1.4629293579680660e+01
5.1630666666666669e-01 2.5377161814685416e+00 9.6277525394042716e+00
5.1730333333333334e-01 2.5318039268624535e+00 2.2363035263250559e+00
5.1830000000000009e-01 2.5306895022718345e+00 -0.0000000000000000e+00
5.1929666666666674e-01 2.5378704643441532e+00 -1.4409957335756401e+01
5.2029333333333339e-01 2.5624426963625937e+00 -3.4898869457102116e+01
5.2129000000000003e-01 2.6034581023043448e+00 -4.7406292967818345e+01
5.2228666666666668e-01 2.6543809357599866e+00 -5.4779994903037029e+01
5.2328333333333343e-01 2.7116492548430360e+00 -6.0139708942537069e+01
5.2428000000000008e-01 2.7740300963910571e+00 -6.5039237307675307e+01
5.2527666666666673e-01 2.8418055840029126e+00 -7.0965085659261845e+01
5.2627333333333337e-01 2.9167055655686203e+00 -7.9335880693331859e+01
5.2727000000000002e-01 3.0008129156384107e+00 -8.9441410416619433e+01
5.2826666666666677e-01 3.0941213772452643e+00 -9.7799649664006296e+01
5.2926333333333342e-01 3.1932872009020210e+00 -1.0119531419571052e+02
5.3026000000000006e-01 3.2928369274064160e+00 -9.8570023271306823e+01
5.3125666666666671e-01 3.3874816398850087e+00 -9.1352476685739560e+01
5.3225333333333336e-01 3.4741564566226604e+00 -8.2576921450019640e+01
5.3325000000000000e-01 3.5527339003339131e+00 -7.5103567602664455e+01
5.3424666666666676e-01 3.6246906903044382e+00 -6.9291328659245750e+01
5.3524333333333340e-01 3.6910278474905893e+00 -6.3826712516979853e+01
5.3624000000000005e-01 3.7516271232935612e+00 -5.7777185415408027e+01
5.3723666666666670e-01 3.8059893329041796e+00 -5.1310860625969084e+01
5.3823333333333334e-01 3.8541064248880486e+00 -4.5245176799856928e+01
5.3923000000000010e-01 3.8964588390387616e+00 -3.9742945241700063e+01
5.4022666666666674e-01 3.9334664365586063e+00 -3.4519792256317984e+01
5.4122333333333339e-01 3.9652975776215649e+00 -2.9355407201125267e+01
5.4222000000000004e-01 3.9918366589227325e+00 -2.3900274339680919e+01
5.4321666666666668e-01 4.0127660958703917e+00 -1.8098595789401255e+01
5.4421333333333344e-01 4.0279914578688834e+00 -1.2453970093856835e+01
5.4521000000000008e-01 4.0379959508528014e+00 -7.6219355594913045e+00
5.4620666666666673e-01 4.0437386124801549e+00 -3.9018001475727679e+00
5.4720333333333337e-01 4.0463369821895752e+00 -1.3123196706621219e+00
5.4820000000000002e-01 4.0469909548254552e+00 -0.0000000000000000e+00
5.4919666666666667e-01 4.0461733798955910e+00 1.6406185883560032e+00
5.5019333333333342e-01 4.0437183003266233e+00 3.2859624864946211e+00
5.5119000000000007e-01 4.0392926097129402e+00 5.5950220225685712e+00
5.5218666666666671e-01 4.0323136978076652e+00 8.4094834729672243e+00
5.5318333333333336e-01 4.0228268052185676e+00 1.0627759180740290e+01
5.5418000000000001e-01 4.0111908851500733e+00 1.2721913197510434e+01
5.5517666666666676e-01 3.9974708869397420e+00 1.4809855786429578e+01
5.5617333333333341e-01 3.9815741929529658e+00 1.7089864588372517e+01
5.5717000000000005e-01 3.9631262595556720e+00 1.9929399754024121e+01
5.5816666666666670e-01 3.9413027299602215e+00 2.3863636223469229e+01
5.5916333333333335e-01 3.9144737897187434e+00 2.9973702053745068e+01
5.6016000000000010e-01 3.8801204073351765e+00 3.8962851224309333e+01
5.6115666666666675e-01 3.8361819529264527e+00 4.9207960298214822e+01
5.6215333333333339e-01 3.7824797880466758e+00 5.8555581266556636e+01
5.6315000000000004e-01 3.7206599313276247e+00 6.5497642918832568e+01
5.6414666666666669e-01 3.6535199385951773e+00 6.9231439487419451e+01
5.6514333333333344e-01 3.5841077816601290e+00 7.0057169746778669e+01
5.6614000000000009e-01 3.5142465243581902e+00 7.0132644237048183e+01
5.6713666666666673e-01 3.4439350501176551e+00 7.0960615108510197e+01
5.6813333333333338e-01 3.3724754488498938e+00 7.2436578070947249e+01
5.6913000000000002e-01 3.2991246815044737e+00 7.4755597204146270e+01
5.7012666666666667e-01 3.2230305779144337e+00 7.7941600635402480e+01
5.7112333333333343e-01 3.1434903482159244e+00 8.1670900431825416e+01
5.7212000000000007e-01 3.0601821013680768e+00 8.5502839062187022e+01
5.7311666666666672e-01 2.9731019568751638e+00 8.9239925806538110e+01
5.7411333333333336e-01 2.8825555542864958e+00 9.2458540926578578e+01
5.7511000000000001e-01 2.7892698150234767e+00 9.4736922477477137e+01
5.7610666666666677e-01 2.6941083705817763e+00 9.6222497806854435e+01
5.7710333333333341e-01 2.5977566364789149e+00 9.7125463603574062e+01
5.7810000000000006e-01 2.5006369950794483e+00 9.7763448903721283e+01
5.7909666666666670e-01 2.4030196718787349e+00 9.8124156181326768e+01
5.8009333333333335e-01 2.3052196246041339e+00 9.8130119286103820e+01
5.8109000000000011e-01 2.2074475072115289e+00 9.8068109595359573e+01
5.8208666666666675e-01 2.1097961693414278e+00 9.7887752351336218e+01
5.8308333333333340e-01 2.0124883451017914e+00 9.7378784584393117e+01
5.8408000000000004e-01 1.9157949304548409e+00 9.6654823402802421e+01
5.8507666666666669e-01 1.8198029594756371e+00 9.5971205318012011e+01
5.8607333333333345e-01 1.7246906299078637e+00 9.4889656690880585e+01
5.8707000000000009e-01 1.6310723589616121e+00 9.2973094371835757e+01
5.8806666666666674e-01 1.5398558850698887e+00 9.0069997049686393e+01
5.8906333333333338e-01 1.4522208584291079e+00 8.5786243701047880e+01
5.9006000000000003e-01 1.3694453103230897e+00 8.0318535107019017e+01
5.9105666666666667e-01 1.2921783596800820e+00 7.4732201969253708e+01
5.9205333333333343e-01 1.2199472692021047e+00 7.0213130093563805e+01
5.9305000000000008e-01 1.1518417162624264e+00 6.6453531323853937e+01
5.9404666666666672e-01 1.0879094184065767e+00 6.1838705176181662e+01
5.9504333333333337e-01 1.0303196413853004e+00 5.3726064766181238e+01
5.9604000000000001e-01 9.8370333585771907e-01 3.9818361041676212e+01
5.9703666666666677e-01 9.5319318940904452e-01 2.1406013102815770e+01
5.9803333333333342e-01 9.3963743018510248e-01 5.7961793198110110e+00
5.9903000000000006e-01 9.3674900082406343e-01 -0.0000000000000000e+00
6.0002666666666671e-01 9.3896813580938343e-01 -4.4531136829164657e+00
6.0102333333333335e-01 9.4874322314655157e-01 -1.5162446190999878e+01
6.0202000000000011e-01 9.6986721257467279e-01 -2.7226830253386737e+01
6.0301666666666676e-01 1.0017376010820198e+00 -3.6727126617544897e+01
6.0401333333333340e-01 1.0417468679472737e+00 -4.3559027627113352e+01
6.0501000000000005e-01 1.0883138952380278e+00 -4.9886512086776683e+01
6.0600666666666669e-01 1.1420790908653820e+00 -5.8003512583501383e+01
6.0700333333333334e-01 1.2048943236593306e+00 -6.8047121785628960e+01
6.0800000000000010e-01 1.2771261668939995e+00 -7.6899720825733823e+01
6.0899666666666674e-01 1.3554203746168743e+00 -8.0212401695088431e+01
6.0999333333333339e-01 1.4332775187728182e+00 -7.6022670189752034e+01
6.1099000000000003e-01 1.5039700563482279e+00 -6.5835264744183490e+01
6.1198666666666668e-01 1.5636323279619717e+00 -5.3888357223198064e+01
6.1298333333333344e-01 1.6122071200441577e+00 -4.3586141938370176e+01
6.1398000000000008e-01 1.6517893159032750e+00 -3.5843013631766858e+01
6.1497666666666673e-01 1.6844202462326099e+00 -2.9637114119407940e+01
6.1597333333333337e-01 1.7110191164504815e+00 -2.3738545180670226e+01
6.1697000000000002e-01 1.7316221143487027e+00 -1.7605263310744167e+01
6.1796666666666678e-01 1.7459953078782535e+00 -1.1237265511094195e+01
6.1896333333333342e-01 1.7537318569482341e+00 -4.2875821209741503e+00
6.1996000000000007e-01 1.7558685020385194e+00 -0.0000000000000000e+00
6.2095666666666671e-01 1.7543211480073611e+00 3.1050582565049707e+00
6.2195333333333336e-01 1.7505245884139913e+00 4.5134559776820220e+00
6.2295000000000011e-01 1.7457469315122904e+00 5.0738153969677757e+00
6.2394666666666676e-01 1.7406203072332298e+00 5.2137249623512911e+00
6.2494333333333341e-01 1.7361607009480775e+00 3.7353177503290755e+00
6.2594000000000005e-01 1.7334251196807624e+00 1.7541429867580749e+00
6.2693666666666670e-01 1.7323166969360513e+00 4.7011670162559782e-01
6.2793333333333334e-01 1.7320490516122506e+00 6.6964215700069010e-02
6.2893000000000010e-01 1.7319805367883587e+00 7.0523725220242556e-02
6.2992666666666675e-01 1.7315275615400401e+00 8.3845670618839663e-01
6.3092333333333339e-01 1.7294974798724387e+00 3.2352857706036340e+00
6.3192000000000004e-01 1.7240762796511166e+00 7.6433768808792637e+00
6.3291666666666668e-01 1.7130857436362030e+00 1.4411210440018252e+01
6.3391333333333344e-01 1.6946547824265008e+00 2.2573996000852549e+01
6.3491000000000009e-01 1.6688767495191361e+00 2.9154498127639503e+01
6.3590666666666673e-01 1.6379422489698847e+00 3.2921422706980195e+01
6.3690333333333338e-01 1.6046137800507463e+00 3.3958448033767290e+01
6.3790000000000002e-01 1.5711540030881459e+00 3.3184917108576116e+01
6.3889666666666678e-01 1.5384996118248322e+00 3.2342289439873646e+01
6.3989333333333343e-01 1.5061995260036023e+00 3.2473936288348050e+01
6.4089000000000007e-01 1.4739275542859278e+00 3.2285873178558496e+01
6.4188666666666672e-01 1.4431652419055361e+00 2.9444519558014917e+01
6.4288333333333336e-01 1.4171773829737573e+00 2.2705030137863574e+01
6.4388000000000001e-01 1.3994069108918659e+00 1.2954780059912462e+01
6.4487666666666676e-01 1.3911182644123845e+00 3.6779553504163709e+00
6.4587333333333341e-01 1.3892854166627604e+00 -0.0000000000000000e+00
6.4687000000000006e-01 1.3912644457060233e+00 -3.9712957389889589e+00
6.4786666666666670e-01 1.3985768185868355e+00 -1.0702362215818610e+01
6.4886333333333335e-01 1.4123648616670319e+00 -1.6965951657485711e+01
6.4986000000000010e-01 1.4311543503256312e+00 -2.0738707858094870e+01
6.5085666666666675e-01 1.4527327982687002e+00 -2.2562525472479095e+01
6.5185333333333340e-01 1.4758100053524053e+00 -2.3746251284120753e+01
6.5285000000000004e-01 1.5005428496361102e+00 -2.5884874368800084e+01
6.5384666666666669e-01 1.5277858345613151e+00 -2.8783322805525273e+01
6.5484333333333344e-01 1.5572668071688862e+00 -3.0375819550799218e+01
6.5584000000000009e-01 1.5870800035517236e+00 -2.9449992588675190e+01
6.5683666666666674e-01 1.6145197835925182e+00 -2.5613111172117620e+01
6.5783333333333338e-01 1.6369834427107213e+00 -1.9464465653708768e+01
6.5883000000000003e-01 1.6531311713844934e+00 -1.2939003256871628e+01
6.5982666666666678e-01 1.6635207445754696e+00 -7.9096385979284722e+00
6.6082333333333343e-01 1.6697010585932064e+00 -4.4923293306406249e+00
6.6182000000000007e-01 1.6728152015396305e+00 -1.7567869498090833e+00
6.6281666666666672e-01 1.6736906670362852e+00 -0.0000000000000000e+00
6.6381333333333337e-01 1.6727527228314376e+00 1.8821622839752288e+00
6.6481000000000001e-01 1.6700673588176478e+00 3.5065280447003340e+00
6.6580666666666677e-01 1.6656553527638389e+00 5.3469958090960805e+00
6.6680333333333341e-01 1.6587850659106778e+00 8.4395329932343035e+00
6.6780000000000006e-01 1.6489052901340691e+00 1.1386104016683344e+01
6.6879666666666671e-01 1.6367128555007677e+00 1.3080319996630934e+01
6.6979333333333335e-01 1.6234911417466460e+00 1.3451547068496934e+01
6.7079000000000011e-01 1.6103706537335949e+00 1.2877191419228748e+01
6.7178666666666675e-01 1.5979552917709094e+00 1.2036578405558506e+01
6.7278333333333340e-01 1.5859924848475961e+00 1.1969054216475515e+01
6.7378000000000005e-01 1.5737750879413066e+00 1.2547461314540719e+01
6.7477666666666669e-01 1.5612253408376353e+00 1.2635977689482585e+01
6.7577333333333345e-01 1.5490864463540215e+00 1.1723007896362148e+01
6.7677000000000009e-01 1.5384452047801025e+00 9.6306541248806070e+00
6.7776666666666674e-01 1.5304243044828223e+00 6.4647979766854444e+00
6.7876333333333339e-01 1.5254372783646839e+00 3.5426122938265978e+00
6.7976000000000003e-01 1.5236718765715938e+00 -0.0000000000000000e+00
6.8075666666666679e-01 1.5239829578885471e+00 -6.2424344539147081e-01
6.8175333333333343e-01 1.5278849226200890e+00 -7.2057861162314314e+00
6.8275000000000008e-01 1.5377037897048660e+00 -1.2497626094023817e+01
6.8374666666666672e-01 1.5524417833103146e+00 -1.7076943013900429e+01
6.8474333333333337e-01 1.5716142624201848e+00 -2.1396259213264507e+01
6.8574000000000002e-01 1.5950615894876687e+00 -2.5655233229848097e+01
6.8673666666666677e-01 1.6228670978639115e+00 -3.0141773545215919e+01
6.8773333333333342e-01 1.6555270542224469e+00 -3.5396600418401974e+01
6.8873000000000006e-01 1.6939194474495558e+00 -4.1644991341684410e+01
6.8972666666666671e-01 1.7389833972655973e+00 -4.8784339392848743e+01
6.9072333333333336e-01 1.7915329074745063e+00 -5.6666182765499386e+01
6.9172000000000011e-01 1.8522957699669318e+00 -6.5265982771129501e+01
6.9271666666666676e-01 1.9220167312930190e+00 -7.4642300826372662e+01
6.9371333333333340e-01 2.0011157199811369e+00 -8.4084766775205480e+01
6.9471000000000005e-01 2.0889826580656043e+00 -9.2236848110017391e+01
6.9570666666666670e-01 2.1840084655171403e+00 -9.8450390923169607e+01
6.9670333333333345e-01 2.2842598273853598e+00 -1.0272291048461052e+02
6.9770000000000010e-01 2.3881482709273980e+00 -1.0574888257634041e+02
6.9869666666666674e-01 2.4951679008332754e+00 -1.0900622760268234e+02
6.9969333333333339e-01 2.6059722313905054e+00 -1.1334359960246641e+02
7.0069000000000004e-01 2.7207468941274158e+00 -1.1697344936792730e+02
7.0168666666666668e-01 2.8375096222428313e+00 -1.1733302845565385e+02
7.0268333333333344e-01 2.9525647388277561e+00 -1.1354680415621424e+02
7.0368000000000008e-01 3.0619588221220848e+00 -1.0597309543107255e+02
7.0467666666666673e-01 3.1626616955204656e+00 -9.6106249181067327e+01
7.0567333333333337e-01 3.2538065352648524e+00 -8.6793094787605639e+01
7.0667000000000002e-01 3.3368738537573952e+00 -7.9897176434891961e+01
7.0766666666666678e-01 3.4142024765777208e+00 -7.5277317518924960e+01
7.0866333333333342e-01 3.4878009557797527e+00 -7.2411938404887593e+01
7.0966000000000007e-01 3.5592230697701068e+00 -7.0910029468735544e+01
7.1065666666666671e-01 3.6295441527063161e+00 -7.0202511540383227e+01
7.1165333333333336e-01 3.6991444993300764e+00 -6.9463735865158569e+01
7.1265000000000012e-01 3.7676487200850071e+00 -6.8002927857097461e+01
7.1364666666666676e-01 3.8347606689186859e+00 -6.6669879167009952e+01
7.1464333333333341e-01 3.9014153123378201e+00 -6.7085258128914717e+01
7.1564000000000005e-01 3.9697174050830628e+00 -6.9975797547160852e+01
7.1663666666666670e-01 4.0421167847318493e+00 -7.5307238537363929e+01
7.1763333333333346e-01 4.1207453097701778e+00 -8.2475754850572031e+01
7.1863000000000010e-01 4.2068412311620049e+00 -9.0291980383867866e+01
7.1962666666666675e-01 4.3003922901716400e+00 -9.7435897227443135e+01
7.2062333333333339e-01 4.4005447153335879e+00 -1.0353886898382697e+02
7.2162000000000004e-01 4.5064624825293755e+00 -1.0900514545588577e+02
7.2261666666666668e-01 4.6176531679748534e+00 -1.1411997583939218e+02
7.2361333333333344e-01 4.7338573744086858e+00 -1.1906572269001717e+02
7.2461000000000009e-01 4.8549732092883255e+00 -1.2397608643301021e+02
7.2560666666666673e-01 4.9809561146526109e+00 -1.2883241931472554e+02
7.2660333333333338e-01 5.1115870216345121e+00 -1.3330317998006524e+02
7.2760000000000002e-01 5.2461801917781381e+00 -1.3678344907069442e+02
7.2859666666666678e-01 5.3834579114405683e+00 -1.3869023587061139e+02
7.2959333333333343e-01 5.5217251418487976e+00 -1.3876908936329920e+02
7.3059000000000007e-01 5.6592650651340435e+00 -1.3723075669405594e+02
7.3158666666666672e-01 5.7947610145526598e+00 -1.3466746956404236e+02
7.3258333333333336e-01 5.9275329431724133e+00 -1.3176449422142130e+02
7.3358000000000012e-01 6.0574748163116290e+00 -1.2898842846594488e+02
7.3457666666666677e-01 6.1848122634052229e+00 -1.2653822122020306e+02
7.3557333333333341e-01 6.3099608388805182e+00 -1.2459604394761871e+02
7.3657000000000006e-01 6.4336394592543646e+00 -1.2358847854171002e+02
7.3756666666666670e-01 6.5570449779967204e+00 -1.2404801391787123e+02
7.3856333333333335e-01 6.6817304483519733e+00 -1.2615694331675485e+02
7.3956000000000011e-01 6.8076903851380095e+00 -1.2660547163847914e+02
7.4055666666666675e-01 6.9333741473587152e+00 -1.2560274686461445e+02
7.4155333333333340e-01 7.0585688802837439e+00 -1.2562414194815679e+02
7.4255000000000004e-01 7.1837849476070081e+00 -1.2564555836609134e+02
7.4354666666666669e-01 7.3090223706023894e+00 -1.2566699613969578e+02
7.4454333333333345e-01 7.4342811705649972e+00 -1.2568845529026332e+02
7.4554000000000009e-01 7.5595613688111341e+00 -1.2570993583911299e+02
7.4653666666666674e-01 7.6848629866784002e+00 -1.2573143780758095e+02
7.4753333333333338e-01 7.8101860455256595e+00 -1.2575296121702515e+02
7.4853000000000003e-01 7.9355305667330729e+00 -1.2577450608882708e+02
7.4952666666666679e-01 8.0608965717021359e+00 -1.2579607244438699e+02
7.5052333333333343e-01 8.1862840818556428e+00 -1.2581766030512901e+02
7.5152000000000008e-01 8.3116931186377894e+00 -1.2583926969249526e+02
7.5251666666666672e-01 8.4371237035141426e+00 -1.2586090062795255e+02
7.5351333333333337e-01 8.5625758579716766e+00 -1.2588255313299014e+02
7.5451000000000013e-01 8.6880496035188024e+00 -1.2590422722911384e+02
7.5550666666666677e-01 8.8135449616853379e+00 -1.2592592293785117e+02
7.5650333333333342e-01 8.9390619540226091e+00 -1.2594764028075932e+02
7.5750000000000006e-01 9.0646006021034236e+00 -1.2596937927940830e+02
7.5849666666666671e-01 9.1901609275220952e+00 -1.2599113995538984e+02
7.5949333333333335e-01 9.3157429518944728e+00 -1.2601292233032150e+02
7.6049000000000011e-01 9.4413466968579716e+00 -1.2603472642584195e+02
7.6148666666666676e-01 9.5669721840715454e+00 -1.2605655226360965e+02
7.6248333333333340e-01 9.6926194352157857e+00 -1.2607839986530557e+02
7.6348000000000005e-01 9.8182884719928882e+00 -1.2610026925263089e+02
7.6447666666666669e-01 9.9439793161266898e+00 -1.2612216044731103e+02
7.6547333333333345e-01 1.0069691989362703e+01 -1.2614407347108802e+02
7.6647000000000010e-01 1.0195426513468082e+01 -1.2616600834573258e+02
7.6746666666666674e-01 1.0321182910231730e+01 -1.2618796509303263e+02
7.6846333333333339e-01 1.0446961201464262e+01 -1.2620994373479718e+02
7.6946000000000003e-01 1.0572761408998042e+01 -1.2623194429285947e+02
7.7045666666666679e-01 1.0698583554687218e+01 -1.2625396678907555e+02
7.7145333333333344e-01 1.0824427660407689e+01 -1.2627601124532053e+02
7.7245000000000008e-01 1.0950293748057211e+01 -1.2629807768348921e+02
7.7344666666666673e-01 1.1076181839555357e+01 -1.2632016612550377e+02
7.7444333333333337e-01 1.1202091956843562e+01 -1.2634227659330702e+02
7.7544000000000013e-01 1.1328024121885154e+01 -1.2636440910885938e+02
7.7643666666666677e-01 1.1453978356665315e+01 -1.2638656369414630e+02
7.7743333333333342e-01 1.1579954683191200e+01 -1.2640874037117948e+02
7.7843000000000007e-01 1.1705953123491890e+01 -1.2643093916198077e+02
7.7942666666666671e-01 1.1831973699618429e+01 -1.2645316008860355e+02
7.8042333333333336e-01 1.1958016433643854e+01 -1.2647540317312419e+02
7.8142000000000011e-01 1.2084081347663227e+01 -1.2649766843763511e+02
7.8241666666666676e-01 1.2210168463793600e+01 -1.2651995590425453e+02
7.8341333333333341e-01 1.2336277804174120e+01 -1.2654226559512237e+02
7.8441000000000005e-01 1.2462409390965998e+01 -1.2656459753239695e+02
7.8540666666666670e-01 1.2588563246352539e+01 -1.2658695173825994e+02
7.8640333333333345e-01 1.2714739392539187e+01 -1.2660932823492213e+02
7.8740000000000010e-01 1.2840937851753486e+01 -1.2663172704461236e+02
7.8839666666666675e-01 1.2967158646245187e+01 -1.2665414818957477e+02
7.8939333333333339e-01 1.3093401798286209e+01 -1.2667659169208176e+02
7.9039000000000004e-01 1.3219667330170683e+01 -1.2669905757442635e+02
7.9138666666666679e-01 1.3345955264214984e+01 -1.2672154585893078e+02
7.9238333333333344e-01 1.3472265622757702e+01 -1.2674405656793351e+02
7.9338000000000009e-01 1.3598598428159741e+01 -1.2676658972378910e+02
7.9437666666666673e-01 1.3724953702804287e+01 -1.2678914534888318e+02
7.9537333333333338e-01 1.3851331469096847e+01 -1.2681172346562190e+02
7.9637000000000002e-01 1.3977731749465271e+01 -1.2683432409643640e+02
7.9736666666666678e-01 1.4104154566359785e+01 -1.2685694726377191e+02
7.9836333333333342e-01 1.4230599942252963e+01 -1.2687959299010323e+02
7.9936000000000007e-01 1.4357067899639826e+01 -1.2690226129792306e+02
8.0035666666666672e-01 1.4483558461037815e+01 -1.2692495220974979e+02
8.0135333333333336e-01 1.4610071648986823e+01 -1.2694766574813131e+02
8.0235000000000012e-01 1.4736607486049236e+01 -1.2697040193561891e+02
8.0334666666666676e-01 1.4863165994809892e+01 -1.2699316079479968e+02
8.0434333333333341e-01 1.4989747197876193e+01 -1.2701594234828478e+02
8.0534000000000006e-01 1.5116351117878072e+01 -1.2703874661869959e+02
8.0633666666666670e-01 1.5242977777468024e+01 -1.2706157362870162e+02
8.0733333333333346e-01 1.5369627199321153e+01 -1.2708442340096511e+02
8.0833000000000010e-01 1.5496299406135126e+01 -1.2710729595818498e+02
8.0932666666666675e-01 1.5622994420630288e+01 -1.2713019132308116e+02
8.1032333333333340e-01 1.5749712265549622e+01 -1.2715310951839835e+02
8.1132000000000004e-01 1.5876452963658794e+01 -1.2717605056690375e+02
8.1231666666666680e-01 1.6003216537746187e+01 -1.2719901449138474e+02
8.1331333333333344e-01 1.6130003010622858e+01 -1.2722200131464942e+02
8.1431000000000009e-01 1.6256812405122655e+01 -1.2724501105953360e+02
8.1530666666666674e-01 1.6383644744102188e+01 -1.2726804374889511e+02
8.1630333333333338e-01 1.6510500050440850e+01 -1.2729109940561338e+02
8.1730000000000003e-01 1.6637378347040851e+01 -1.2731417805259100e+02
8.1829666666666678e-01 1.6764279656827259e+01 -1.2733727971275168e+02
8.1929333333333343e-01 1.6891204002747948e+01 -1.2736040440903903e+02
8.2029000000000007e-01 1.7018151407773722e+01 -1.2738355216442694e+02
8.2128666666666672e-01 1.7145121894898281e+01 -1.2740672300191943e+02
8.2228333333333337e-01 1.7272115487138255e+01 -1.2742991694451713e+02
8.2328000000000012e-01 1.7399132207533224e+01 -1.2745313401526505e+02
8.2427666666666677e-01 1.7526172079145717e+01 -1.2747637423723504e+02
8.2527333333333341e-01 1.7653235125061297e+01 -1.2749963763349901e+02
8.2627000000000006e-01 1.7780321368388528e+01 -1.2752292422716977e+02
8.2726666666666671e-01 1.7907430832259021e+01 -1.2754623404138509e+02
8.2826333333333346e-01 1.8034563539827470e+01 -1.2756956709929345e+02
8.2926000000000011e-01 1.8161719514271613e+01 -1.2759292342407362e+02
8.3025666666666675e-01 1.8288898778792340e+01 -1.2761630303892575e+02
8.3125333333333340e-01 1.8416101356613662e+01 -1.2763970596707500e+02
8.3225000000000005e-01 1.8543327270982751e+01 -1.2766313223177146e+02
8.3324666666666669e-01 1.8670576545169961e+01 -1.2768658185627939e+02
8.3424333333333345e-01 1.8797849202468861e+01 -1.2771005486389878e+02
8.3524000000000009e-01 1.8925145266196207e+01 -1.2773355127794211e+02
8.3623666666666674e-01 1.9052464759692050e+01 -1.2775707112175033e+02
8.3723333333333338e-01 1.9179807706319700e+01 -1.2778061441868934e+02
8.3823000000000003e-01 1.9307174129465761e+01 -1.2780418119214293e+02
8.3922666666666679e-01 1.9434564052540175e+01 -1.2782777146551796e+02
8.4022333333333343e-01 1.9561977498976177e+01 -1.2785138526224813e+02
8.4122000000000008e-01 1.9689414492230419e+01 -1.2787502260580091e+02
8.4221666666666672e-01 1.9816875055782930e+01 -1.2789868351964563e+02
8.4321333333333337e-01 1.9944359213137147e+01 -1.2792236802728713e+02
8.4421000000000013e-01 2.0071866987819966e+01 -1.2794607615225722e+02
8.4520666666666677e-01 2.0199398403381693e+01 -1.2796980791810174e+02
8.4620333333333342e-01 2.0326953483396160e+01 -1.2799356334839338e+02
8.4720000000000006e-01 2.0454532251460694e+01 -1.2801734246673334e+02
8.4819666666666671e-01 2.0582134731196156e+01 -1.2804114529674237e+02
8.4919333333333347e-01 2.0709760946246970e+01 -1.2806497186206090e+02
8.5019000000000011e-01 2.0837410920281098e+01 -1.2808882218635964e+02
8.5118666666666676e-01 2.0965084676990141e+01 -1.2811269629333060e+02
8.5218333333333340e-01 2.1092782240089313e+01 -1.2813659420668546e+02
8.5318000000000005e-01 2.1220503633317477e+01 -1.2816051595016805e+02
8.5417666666666670e-01 2.1348248880437168e+01 -1.2818446154754176e+02
8.5517333333333345e-01 2.1476018005234625e+01 -1.2820843102258414e+02
8.5617000000000010e-01 2.1603811031519768e+01 -1.2823242439911209e+02
8.5716666666666674e-01 2.1731627983126305e+01 -1.2825644170096561e+02
8.5816333333333339e-01 2.1859468883911692e+01 -1.2828048295199002e+02
8.5916000000000003e-01 2.1987333757757170e+01 -1.2830454817606278e+02
8.6015666666666679e-01 2.2115222628567810e+01 -1.2832863739710413e+02
8.6115333333333344e-01 2.2243135520272485e+01 -1.2835275063903961e+02
8.6215000000000008e-01 2.2371072456823967e+01 -1.2837688792581261e+02
8.6314666666666673e-01 2.2499033462198895e+01 -1.2840104928140568e+02
8.6414333333333337e-01 2.2627018560397822e+01 -1.2842523472982282e+02
8.6514000000000013e-01 2.2755027775445246e+01 -1.2844944429508413e+02
8.6613666666666678e-01 2.2883061131389578e+01 -1.2847367800123806e+02
8.6713333333333342e-01 2.3011118652303249e+01 -1.2849793587235638e+02
8.6813000000000007e-01 2.3139200362282686e+01 -1.2852221793253747e+02
8.6912666666666671e-01 2.3267306285448342e+01 -1.2854652420590654e+02
8.7012333333333336e-01 2.3395436445944721e+01 -1.2857085471659764e+02
8.7112000000000012e-01 2.3523590867940413e+01 -1.2859520948878415e+02
8.7211666666666676e-01 2.3651769575628073e+01 -1.2861958854666074e+02
8.7311333333333341e-01 2.3779972593224517e+01 -1.2864399191443806e+02
8.7411000000000005e-01 2.3908199944970701e+01 -1.2866841961636791e+02
8.7510666666666670e-01 2.4036451655131749e+01 -1.2869287167670910e+02
8.7610333333333346e-01 2.4164727747996995e+01 -1.2871734811974903e+02
8.7710000000000010e-01 2.4293028247879953e+01 -1.2874184896980358e+02
8.7809666666666675e-01 2.4421353179118420e+01 -1.2876637425120464e+02
8.7909333333333339e-01 2.4549702566074451e+01 -1.2879092398832694e+02
8.8009000000000004e-01 2.4678076433134397e+01 -1.2881549820555045e+02
8.8108666666666680e-01 2.4806474804708934e+01 -1.2884009692728026e+02
8.8208333333333344e-01 2.4934897705233041e+01 -1.2886472017795529e+02
8.8308000000000009e-01 2.5063345159166101e+01 -1.2888936798203744e+02
8.8407666666666673e-01 2.5191817190991880e+01 -1.2891404036401192e+02
8.8507333333333338e-01 2.5320313825218552e+01 -1.2893873734838002e+02
8.8607000000000014e-01 2.5448835086378747e+01 -1.2896345895968039e+02
8.8706666666666678e-01 2.5577380999029511e+01 -1.2898820522246425e+02
8.8806333333333343e-01 2.5705951587752427e+01 -1.2901297616131828e+02
8.8906000000000007e-01 2.5834546877153571e+01 -1.2903777180085075e+02
8.9005666666666672e-01 2.5963166891863558e+01 -1.2906259216568404e+02
8.9105333333333336e-01 2.6091811656537562e+01 -1.2908743728048154e+02
8.9205000000000012e-01 2.6220481195855353e+01 -1.2911230716991392e+02
8.9304666666666677e-01 2.6349175534521272e+01 -1.2913720185869099e+02
8.9404333333333341e-01 2.6477894697264340e+01 -1.2916212137154912e+02
8.9504000000000006e-01 2.6606638708838219e+01 -1.2918706573322839e+02
8.9603666666666670e-01 2.6735407594021250e+01 -1.2921203496851163e+02
8.9703333333333346e-01 2.6864201377616503e+01 -1.2923702910220854e+02
8.9803000000000011e-01 2.6993020084451739e+01 -1.2926204815913943e+02
8.9902666666666675e-01 2.7121863739379513e+01 -1.2928709216415822e+02
9.0002333333333340e-01 2.7250732367277152e+01 -1.2931216114214590e+02
9.0102000000000004e-01 2.7379625993046787e+01 -1.2933725511799935e+02
9.0201666666666680e-01 2.7508544641615398e+01 -1.2936237411664942e+02
9.0301333333333345e-01 2.7637488337934776e+01 -1.2938751816304475e+02
9.0401000000000009e-01 2.7766457106981637e+01 -1.2941268728216588e+02
9.0500666666666674e-01 2.7895450973757590e+01 -1.2943788149901491e+02
9.0600333333333338e-01 2.8024469963289171e+01 -1.2946310083861169e+02
9.0700000000000014e-01 2.8153514100627888e+01 -1.2948834532601367e+02
9.0799666666666679e-01 2.8282583410850187e+01 -1.2951361498629424e+02
9.0899333333333343e-01 2.8411677919057556e+01 -1.2953890984455685e+02
9.0999000000000008e-01 2.8540797650376511e+01 -1.2956422992592672e+02
9.1098666666666672e-01 2.8669942629958616e+01 -1.2958957525555729e+02
9.1198333333333337e-01 2.8799112882980516e+01 -1.2961494585862707e+02
9.1298000000000012e-01 2.8928308434643974e+01 -1.2964034176032902e+02
9.1397666666666677e-01 2.9057529310175841e+01 -1.2966576298590044e+02
9.1497333333333342e-01 2.9186775534828172e+01 -1.2969120956058558e+02
9.1597000000000006e-01 2.9316047133878175e+01 -1.2971668150966289e+02
9.1696666666666671e-01 2.9445344132628279e+01 -1.2974217885844092e+02
9.1796333333333346e-01 2.9574666556406147e+01 -1.2976770163223915e+02
9.1896000000000011e-01 2.9704014430564659e+01 -1.2979324985641787e+02
9.1995666666666676e-01 2.9833387780482017e+01 -1.2981882355634974e+02
9.2095333333333340e-01 2.9962786631561720e+01 -1.2984442275743965e+02
9.2195000000000005e-01 3.0092211009232592e+01 -1.2987004748511910e+02
9.2294666666666680e-01 3.0221660938948833e+01 -1.2989569776483782e+02
9.2394333333333345e-01 3.0351136446189976e+01 -1.2992137362207899e+02
9.2494000000000010e-01 3.0480637556461012e+01 -1.2994707508234890e+02
9.2593666666666674e-01 3.0610164295292346e+01 -1.2997280217117196e+02
9.2693333333333339e-01 3.0739716688239842e+01 -1.2999855491410807e+02
9.2793000000000003e-01 3.0869294760884845e+01 -1.3002433333673665e+02
9.2892666666666679e-01 3.0998898538834222e+01 -1.3005013746466594e+02
9.2992333333333344e-01 3.1128528047720337e+01 -1.3007596732353258e+02
9.3092000000000008e-01 3.1258183313201158e+01 -1.3010182293898887e+02
9.3191666666666673e-01 3.1387864360960215e+01 -1.3012770433671434e+02
9.3291333333333337e-01 3.1517571216706649e+01 -1.3015361154242561e+02
9.3391000000000013e-01 3.1647303906175264e+01 -1.3017954458186108e+02
9.3490666666666677e-01 3.1777062455126472e+01 -1.3020550348076955e+02
9.3590333333333342e-01 3.1906846889346415e+01 -1.3023148826494250e+02
9.3690000000000007e-01 3.2036657234646938e+01 -1.3025749896019295e+02
9.3789666666666671e-01 3.2166493516865629e+01 -1.3028353559236243e+02
9.3889333333333347e-01 3.2296355761865840e+01 -1.3030959818730688e+02
9.3989000000000011e-01 3.2426243995536680e+01 -1.3033568677091245e+02
9.4088666666666676e-01 3.2556158243793121e+01 -1.3036180136910414e+02
9.4188333333333341e-01 3.2686098532575954e+01 -1.3038794200782519e+02
9.4288000000000005e-01 3.2816064887851844e+01 -1.3041410871302580e+02
9.4387666666666681e-01 3.2946057335613354e+01 -1.3044030151070987e+02
9.4487333333333345e-01 3.3076075901878930e+01 -1.3046652042690255e+02
9.4587000000000010e-01 3.3206120612692999e+01 -1.3049276548762509e+02
9.4686666666666675e-01 3.3336191494125949e+01 -1.3051903671897404e+02
9.4786333333333339e-01 3.3466288572274173e+01 -1.3054533414703508e+02
9.4886000000000004e-01 3.3596411873260074e+01 -1.3057165779791873e+02
9.4985666666666679e-01 3.3726561423232120e+01 -1.3059800769779656e+02
9.5085333333333344e-01 3.3856737248364816e+01 -1.3062438387282916e+02
9.5185000000000008e-01 3.3986939374858800e+01 -1.3065078634921232e+02
9.5284666666666673e-01 3.4117167828940829e+01 -1.3067721515318888e+02
9.5384333333333338e-01 3.4247422636863810e+01 -1.3070367031099403e+02
9.5484000000000013e-01 3.4377703824906845e+01 -1.3073015184891338e+02
9.5583666666666678e-01 3.4508011419375201e+01 -1.3075665979327150e+02
9.5683333333333342e-01 3.4638345446600411e+01 -1.3078319417036769e+02
9.5783000000000007e-01 3.4768705932940250e+01 -1.3080975500657291e+02
9.5882666666666672e-01 3.4899092904778783e+01 -1.3083634232828285e+02
9.5982333333333347e-01 3.5029506388526393e+01 -1.3086295616188656e+02
9.6082000000000012e-01 3.5159946410619760e+01 -1.3088959653384040e+02
9.6181666666666676e-01 3.5290412997521969e+01 -1.3091626347060409e+02
9.6281333333333341e-01 3.5420906175722479e+01 -1.3094295699864844e+02
9.6381000000000006e-01 3.5551425971737146e+01 -1.3096967714450830e+02
9.6480666666666670e-01 3.5681972412108294e+01 -1.3099642393472905e+02
9.6580333333333346e-01 3.5812545523404715e+01 -1.3102319739586366e+02
9.6680000000000010e-01 3.5943145332221654e+01 -1.3104999755451476e+02
9.6779666666666675e-01 3.6073771865180909e+01 -1.3107682443730593e+02
9.6879333333333340e-01 3.6204425148930817e+01 -1.3110367807087911e+02
9.6979000000000004e-01 3.6335105210146288e+01 -1.3113055848191874e+02
9.7078666666666680e-01 3.6465812075528859e+01 -1.3115746569712394e+02
9.7178333333333344e-01 3.6596545771806625e+01 -1.3118439974321493e+02
9.7278000000000009e-01 3.6727306325734389e+01 -1.3121136064695781e+02
9.7377666666666673e-01 3.6858093764093624e+01 -1.3123834843512302e+02
9.7477333333333338e-01 3.6988908113692496e+01 -1.3126536313451956e+02
9.7577000000000014e-01 3.7119749401365922e+01 -1.3129240477200000e+02
9.7676666666666678e-01 3.7250617653975546e+01 -1.3131947337440567e+02
9.7776333333333343e-01 3.7381512898409824e+01 -1.3134656896862751e+02
9.7876000000000007e-01 3.7512435161584015e+01 -1.3137369158159268e+02
9.7975666666666672e-01 3.7643384470440218e+01 -1.3140084124022792e+02
9.8075333333333348e-01 3.7774360851947414e+01 -1.3142801797151401e+02
9.8175000000000012e-01 3.7905364333101438e+01 -1.3145522180244922e+02
9.8274666666666677e-01 3.8036394940925078e+01 -1.3148245276003854e+02
9.8374333333333341e-01 3.8167452702468054e+01 -1.3150971087135164e+02
9.8474000000000006e-01 3.8298537644807062e+01 -1.3153699616345813e+02
9.8573666666666671e-01 3.8429649795045805e+01 -1.3156430866344871e+02
9.8673333333333346e-01 3.8560789180315005e+01 -1.3159164839847529e+02
9.8773000000000011e-01 3.8691955827772432e+01 -1.3161901539569294e+02
9.8872666666666675e-01 3.8823149764602945e+01 -1.3164640968226703e+02
9.8972333333333340e-01 3.8954371018018506e+01 -1.3167383128542059e+02
9.9072000000000005e-01 3.9085619615258217e+01 -1.3170128023240471e+02
9.9171666666666680e-01 3.9216895583588361e+01 -1.3172875655046764e+02
9.9271333333333345e-01 3.9348198950302354e+01 -1.3175626026691413e+02
9.9371000000000009e-01 3.9479529742720878e+01 -1.3178379140906279e+02
9.9470666666666674e-01 3.9610887988191848e+01 -1.3181135000425428e+02
9.9570333333333338e-01 3.9742273714090437e+01 -1.3183893607987164e+02
9.9670000000000014e-01 3.9873686947819138e+01 -1.3186654966331636e+02
9.9769666666666679e-01 4.0005127716807728e+01 -1.3189419078201792e+02
9.9869333333333343e-01 4.0136596048513368e+01 -1.3192185946342687e+02
9.9969000000000008e-01 4.0268091970420599e+01 -1.3194955573503714e+02
1.0006866666666667e+00 4.0399615510041365e+01 -1.3197727962436008e+02
1.0016833333333335e+00 4.0531166694915051e+01 -1.3200503115892570e+02
1.0026800000000000e+00 4.0662745552608442e+01 -1.3203281036630901e+02
1.0036766666666668e+00 4.0794352110715927e+01 -1.3206061727410381e+02
1.0046733333333333e+00 4.0925986396859287e+01 -1.3208845190993210e+02
1.0056700000000001e+00 4.1057648438687963e+01 -1.3211631430143734e+02
1.0066666666666666e+00 4.1189338263878852e+01 -1.3214420447630215e+02
1.0076633333333334e+00 4.1321055900136571e+01 -1.3217212246223372e+02
1.0086600000000001e+00 4.1452801375193260e+01 -1.3220006828695168e+02
1.0096566666666666e+00 4.1584574716808724e+01 -1.3222804197822640e+02
1.0106533333333334e+00 4.1716375952770541e+01 -1.3225604356385102e+02
1.0116500000000002e+00 4.1848205110893900e+01 -1.3228407307163081e+02
1.0126466666666667e+00 4.1980062219021733e+01 -1.3231213052940024e+02
1.0136433333333335e+00 4.2111947305024813e+01 -1.3234021596504920e+02
1.0146400000000000e+00 4.2243860396801608e+01 -1.3236832940647420e+02
1.0156366666666667e+00 4.2375801522278500e+01 -1.3239647088158202e+02
1.0166333333333335e+00 4.2507770709409641e+01 -1.3242464041834538e+02
1.0176300000000000e+00 4.2639767986177063e+01 -1.3245283804474499e+02
1.0186266666666668e+00 4.2771793380590779e+01 -1.3248106378878117e+02
1.0196233333333333e+00 4.2903846920688622e+01 -1.3250931767850020e+02
1.0206200000000001e+00 4.3035928634536496e+01 -1.3253759974196558e+02
1.0216166666666668e+00 4.3168038550228211e+01 -1.3256591000727144e+02
1.0226133333333334e+00 4.3300176695885575e+01 -1.3259424850253018e+02
1.0236100000000001e+00 4.3432343099658539e+01 -1.3262261525590620e+02
1.0246066666666667e+00 4.3564537789725009e+01 -1.3265101029557761e+02
1.0256033333333334e+00 4.3696760794291102e+01 -1.3267943364973274e+02
1.0266000000000002e+00 4.3829012141590965e+01 -1.3270788534662609e+02
1.0275966666666667e+00 4.3961291859886913e+01 -1.3273636541451262e+02
1.0285933333333335e+00 4.4093599977469523e+01 -1.3276487388167439e+02
1.0295900000000000e+00 4.4225936522657463e+01 -1.3279341077643923e+02
1.0305866666666668e+00 4.4358301523797763e+01 -1.3282197612715581e+02
1.0315833333333335e+00 4.4490695009265636e+01 -1.3285056996219632e+02
1.0325800000000001e+00 4.4623117007464572e+01 -1.3287919230995479e+02
1.0335766666666668e+00 4.4755567546826484e+01 -1.3290784319887717e+02
1.0345733333333333e+00 4.4888046655811522e+01 -1.3293652265742318e+02
1.0355700000000001e+00 4.5020554362908328e+01 -1.3296523071406986e+02
1.0365666666666669e+00 4.5153090696633861e+01 -1.3299396739734624e+02
1.0375633333333334e+00 4.5285655685533527e+01 -1.3302273273579246e+02
1.0385600000000001e+00 4.5418249358181264e+01 -1.3305152675797572e+02
1.0395566666666667e+00 4.5550871743179407e+01 -1.3308034949251251e+02
1.0405533333333334e+00 4.5683522869158921e+01 -1.3310920096802249e+02
1.0415500000000002e+00 4.5816202764779227e+01 -1.3313808121316663e+02
1.0425466666666667e+00 4.5948911458728332e+01 -1.3316699025664181e+02
1.0435433333333335e+00 4.6081648979722935e+01 -1.3319592812715433e+02
1.0445400000000000e+00 4.6214415356508255e+01 -1.3322489485345611e+02
1.0455366666666668e+00 4.6347210617858288e+01 -1.3325389046431650e+02
1.0465333333333335e+00 4.6480034792575637e+01 -1.3328291498853557e+02
1.0475300000000001e+00 4.6612887909491626e+01 -1.3331196845495268e+02
1.0485266666666668e+00 4.6745769997466418e+01 -1.3334105089242743e+02
1.0495233333333334e+00 4.6878681085388834e+01 -1.3337016232984371e+02
1.0505200000000001e+00 4.7011621202176620e+01 -1.3339930279611750e+02
1.0515166666666667e+00 4.7144590376776236e+01 -1.3342847232020043e+02
1.0525133333333334e+00 4.7277588638163131e+01 -1.3345767093106852e+02
1.0535100000000002e+00 4.7410616015341560e+01 -1.3348689865772153e+02
1.0545066666666667e+00 4.7543672537344690e+01 -1.3351615552919486e+02
1.0555033333333335e+00 4.7676758233234736e+01 -1.3354544157454768e+02
1.0565000000000000e+00 4.7809873132102773e+01 -1.3357475682288134e+02
1.0574966666666668e+00 4.7943017263069002e+01 -1.3360410130331084e+02
1.0584933333333335e+00 4.8076190655282574e+01 -1.3363347504497145e+02
1.0594900000000000e+00 4.8209393337921703e+01 -1.3366287807706249e+02
1.0604866666666668e+00 4.8342625340193791e+01 -1.3369231042878218e+02
1.0614833333333333e+00 4.8475886691335248e+01 -1.3372177212936020e+02
1.0624800000000001e+00 4.8609177420611744e+01 -1.3375126320807189e+02
1.0634766666666668e+00 4.8742497557318060e+01 -1.3378078369420950e+02
1.0644733333333334e+00 4.8875847130778176e+01 -1.3381033361710055e+02
1.0654700000000001e+00 4.9009226170345414e+01 -1.3383991300608943e+02
1.0664666666666667e+00 4.9142634705402230e+01 -1.3386952189056268e+02
1.0674633333333334e+00 4.9276072765360510e+01 -1.3389916029993822e+02
1.0684600000000002e+00 4.9409540379661372e+01 -1.3392882826364379e+02
1.0694566666666667e+00 4.9543037577775301e+01 -1.3395852581116370e+02
1.0704533333333335e+00 4.9676564389202255e+01 -1.3398825297199565e+02
1.0714500000000000e+00 4.9810120843471488e+01 -1.3401800977566162e+02
1.0724466666666668e+00 4.9943706970141811e+01 -1.3404779625171855e+02
1.0734433333333335e+00 5.0077322798801433e+01 -1.3407761242976531e+02
1.0744400000000001e+00 5.0210968359068062e+01 -1.3410745833942164e+02
1.0754366666666668e+00 5.0344643680589023e+01 -1.3413733401031354e+02
1.0764333333333334e+00 5.0478348793041093e+01 -1.3416723947214123e+02
1.0774300000000001e+00 5.0612083726130770e+01 -1.3419717475460422e+02
1.0784266666666669e+00 5.0745848509594062e+01 -1.3422713988742620e+02
1.0794233333333334e+00 5.0879643173196641e+01 -1.3425713490039084e+02
1.0804200000000002e+00 5.1013467746733951e+01 -1.3428715982328816e+02
1.0814166666666667e+00 5.1147322260031032e+01 -1.3431721468593952e+02
1.0824133333333334e+00 5.1281206742942771e+01 -1.3434729951819412e+02
1.0834100000000002e+00 5.1415121225353744e+01 -1.3437741434994686e+02
1.0844066666666667e+00 5.1549065737178324e+01 -1.3440755921111318e+02
1.0854033333333335e+00 5.1683040308360802e+01 -1.3443773413162575e+02
1.0864000000000000e+00 5.1817044968875209e+01 -1.3446793914146988e+02
1.0873966666666668e+00 5.1951079748725590e+01 -1.3449817427064525e+02
1.0883933333333333e+00 5.2085144677945785e+01 -1.3452843954918350e+02
1.0893900000000001e+00 5.2219239786599708e+01 -1.3455873500715487e+02
1.0903866666666668e+00 5.2353365104781155e+01 -1.3458906067465034e+02
1.0913833333333334e+00 5.2487520662613932e+01 -1.3461941658179205e+02
1.0923800000000001e+00 5.2621706490251967e+01 -1.3464980275872651e+02
1.0933766666666667e+00 5.2755922617879143e+01 -1.3468021923564939e+02
1.0943733333333334e+00 5.2890169075709572e+01 -1.3471066604277709e+02
1.0953700000000002e+00 5.3024445893987384e+01 -1.3474114321033596e+02
1.0963666666666667e+00 5.3158753102986879e+01 -1.3477165076862286e+02
1.0973633333333335e+00 5.3293090733012640e+01 -1.3480218874793403e+02
1.0983600000000000e+00 5.3427458814399337e+01 -1.3483275717858632e+02
1.0993566666666668e+00 5.3561857377512013e+01 -1.3486335609097074e+02
1.1003533333333335e+00 5.3696286452745902e+01 -1.3489398551547771e+02
1.1013500000000001e+00 5.3830746070526551e+01 -1.3492464548251809e+02
1.1023466666666668e+00 5.3965236261309926e+01 -1.3495533602255210e+02
1.1033433333333333e+00 5.4099757055582238e+01 -1.3498605716607483e+02
1.1043400000000001e+00 5.4234308483860239e+01 -1.3501680894360555e+02
1.1053366666666669e+00 5.4368890576691008e+01 -1.3504759138567388e+02
1.1063333333333334e+00 5.4503503364652083e+01 -1.3507840452287232e+02
1.1073300000000001e+00 5.4638146878351591e+01 -1.3510924838581082e+02
1.1083266666666667e+00 5.4772821148428051e+01 -1.3514012300510922e+02
1.1093233333333334e+00 5.4907526205550653e+01 -1.3517102841145797e+02
1.1103200000000002e+00 5.5042262080419093e+01 -1.3520196463555061e+02
1.1113166666666667e+00 5.5177028803763662e+01 -1.3523293170810794e+02
1.1123133333333335e+00 5.5311826406345396e+01 -1.3526392965989677e+02
1.1133100000000000e+00 5.5446654918955879e+01 -1.3529495852171166e+02
1.1143066666666668e+00 5.5581514372417523e+01 -1.3532601832437487e+02
1.1153033333333335e+00 5.5716404797583387e+01 -1.3535710909873683e+02
1.1163000000000001e+00 5.5851326225337289e+01 -1.3538823087568227e+02
1.1172966666666668e+00 5.5986278686593934e+01 -1.3541938368612779e+02
1.1182933333333334e+00 5.6121262212298745e+01 -1.3545056756101408e+02
1.1192900000000001e+00 5.6256276833428103e+01 -1.3548178253132011e+02
1.1202866666666669e+00 5.6391322580989204e+01 -1.3551302862805332e+02
1.1212833333333334e+00 5.6526399486020154e+01 -1.3554430588225162e+02
1.1222800000000002e+00 5.6661507579590108e+01 -1.3557561432498497e+02
1.1232766666666667e+00 5.6796646892799075e+01 -1.3560695398735433e+02
1.1242733333333335e+00 5.6931817456778198e+01 -1.3563832490048941e+02
1.1252700000000000e+00 5.7067019302689538e+01 -1.3566972709554463e+02
1.1262666666666667e+00 5.7202252461726353e+01 -1.3570116060372376e+02
1.1272633333333335e+00 5.7337516965112918e+01 -1.3573262545625514e+02
1.1282600000000000e+00 5.7472812844104652e+01 -1.3576412168437989e+02
1.1292566666666668e+00 5.7608140129988207e+01 -1.3579564931939237e+02
1.1302533333333333e+00 5.7743498854081338e+01 -1.3582720839261481e+02
1.1312500000000001e+00 5.7878889047733139e+01 -1.3585879893538612e+02
1.1322466666666668e+00 5.8014310742323865e+01 -1.3589042097909172e+02
1.1332433333333334e+00 5.8149763969265074e+01 -1.3592207455514369e+02
1.1342400000000001e+00 5.8285248759999732e+01 -1.3595375969498622e+02
1.1352366666666667e+00 5.8420765146002047e+01 -1.3598547643009113e+02
1.1362333333333334e+00 5.8556313158777719e+01 -1.3601722479196494e+02
1.1372300000000002e+00 5.8691892829863775e+01 -1.3604900481214278e+02
1.1382266666666667e+00 5.8827504190828698e+01 -1.3608081652218999e+02
1.1392233333333335e+00 5.8963147273272533e+01 -1.3611265995371477e+02
1.1402200000000000e+00 5.9098822108826724e+01 -1.3614453513834926e+02
1.1412166666666668e+00 5.9234528729154377e+01 -1.3617644210775333e+02
1.1422133333333335e+00 5.9370267165950068e+01 -1.3620838089361538e+02
1.1432100000000001e+00 5.9506037450939992e+01 -1.3624035152766831e+02
1.1442066666666668e+00 5.9641839615882063e+01 -1.3627235404167345e+02
1.1452033333333334e+00 5.9777673692565735e+01 -1.3630438846740216e+02
1.1462000000000001e+00 5.9913539712812288e+01 -1.3633645483669957e+02
1.1471966666666669e+00 6.0049437708474656e+01 -1.3636855318141096e+02
1.1481933333333334e+00 6.0185367711437522e+01 -1.3640068353340817e+02
1.1491900000000002e+00 6.0321329753617455e+01 -1.3643284592462373e+02
1.1501866666666667e+00 6.0457323866962732e+01 -1.3646504038700004e+02
1.1511833333333334e+00 6.0593350083453601e+01 -1.3649726695251763e+02
1.1521800000000002e+00 6.0729408435102123e+01 -1.3652952565318236e+02
1.1531766666666667e+00 6.0865498953952262e+01 -1.3656181652104766e+02
1.1541733333333335e+00 6.1001621672080041e+01 -1.3659413958818527e+02
1.1551700000000000e+00 6.1137776621593339e+01 -1.3662649488670141e+02
1.1561666666666668e+00 6.1273963834632184e+01 -1.3665888244874421e+02
1.1571633333333335e+00 6.1410183343368551e+01 -1.3669130230647639e+02
1.1581600000000001e+00 6.1546435180006490e+01 -1.3672375449210108e+02
1.1591566666666668e+00 6.1682719376782266e+01 -1.3675623903786465e+02
1.1601533333333334e+00 6.1819035965964176e+01 -1.3678875597603016e+02
1.1611500000000001e+00 6.1955384979852788e+01 -1.3682130533889199e+02
1.1621466666666669e+00 6.2091766450780810e+01 -1.3685388715878739e+02
1.1631433333333334e+00 6.2228180411113186e+01 -1.3688650146808712e+02
1.1641400000000002e+00 6.2364626893247227e+01 -1.3691914829918721e+02
1.1651366666666667e+00 6.2501105929612415e+01 -1.3695182768450408e+02
1.1661333333333335e+00 6.2637617552670697e+01 -1.3698453965651117e+02
1.1671300000000000e+00 6.2774161794916282e+01 -1.3701728424770687e+02
1.1681266666666668e+00 6.2910738688875888e+01 -1.3705006149060645e+02
1.1691233333333335e+00 6.3047348267108575e+01 -1.3708287141777197e+02
1.1701200000000000e+00 6.3183990562205878e+01 -1.3711571406180568e+02
1.1711166666666668e+00 6.3320665606791927e+01 -1.3714858945532109e+02
1.1721133333333333e+00 6.3457373433523244e+01 -1.3718149763096989e+02
1.1731100000000001e+00 6.3594114075089045e+01 -1.3721443862144909e+02
1.1741066666666669e+00 6.3730887564211059e+01 -1.3724741245948474e+02
1.1751033333333334e+00 6.3867693933643629e+01 -1.3728041917781815e+02
1.1761000000000001e+00 6.4004533216173868e+01 -1.3731345880924815e+02
1.1770966666666667e+00 6.4141405444621455e+01 -1.3734653138660107e+02
1.1780933333333334e+00 6.4278310651838908e+01 -1.3737963694270942e+02
1.1790900000000002e+00 6.4415248870711423e+01 -1.3741277551047040e+02
1.1800866666666667e+00 6.4552220134156983e+01 -1.3744594712279630e+02
1.1810833333333335e+00 6.4689224475126494e+01 -1.3747915181263932e+02
1.1820800000000000e+00 6.4826261926603578e+01 -1.3751238961298617e+02
1.1830766666666668e+00 6.4963332521604897e+01 -1.3754566055685109e+02
1.1840733333333335e+00 6.5100436293179925e+01 -1.3757896467729532e+02
1.1850700000000001e+00 6.5237573274411105e+01 -1.3761230200738089e+02
1.1860666666666668e+00 6.5374743498413949e+01 -1.3764567258023104e+02
1.1870633333333334e+00 6.5511946998336867e+01 -1.3767907642900360e+02
1.1880600000000001e+00 6.5649183807361453e+01 -1.3771251358686251e+02
1.1890566666666669e+00 6.5786453958702296e+01 -1.3774598408704020e+02
1.1900533333333334e+00 6.5923757485607112e+01 -1.3777948796278389e+02
1.1910500000000002e+00 6.6061094421356842e+01 -1.3781302524735955e+02
1.1920466666666667e+00 6.6198464799265508e+01 -1.3784659597408179e+02
1.1930433333333335e+00 6.6335868652680475e+01 -1.3788020017631419e+02
1.1940400000000002e+00 6.6473306014982256e+01 -1.3791383788743889e+02
1.1950366666666667e+00 6.6610776919584666e+01 -1.3794750914083858e+02
1.1960333333333335e+00 6.6748281399934896e+01 -1.3798121396997874e+02
1.1970300000000000e+00 6.6885819489513409e+01 -1.3801495240835237e+02
1.1980266666666668e+00 6.7023391221834174e+01 -1.3804872448946549e+02
1.1990233333333336e+00 6.7160996630444458e+01 -1.3808253024687147e+02
1.2000200000000001e+00 6.7298635748925008e+01 -1.3811636971413824e+02
1.2010166666666668e+00 6.7436308610890123e+01 -1.3815024292486686e+02
1.2020133333333334e+00 6.7574015249987511e+01 -1.3818414991272843e+02
1.2030100000000001e+00 6.7711755699898546e+01 -1.3821809071140842e+02
1.2040066666666667e+00 6.7849529994338099e+01 -1.3825206535460646e+02
1.2050033333333334e+00 6.7987338167054730e+01 -1.3828607387607815e+02
1.2060000000000002e+00 6.8125180251830614e+01 -1.3832011630960503e+02
1.2069966666666667e+00 6.8263056282481571e+01 -1.3835419268899739e+02
1.2079933333333335e+00 6.8400966292857234e+01 -1.3838830304810580e+02
1.2089900000000000e+00 6.8538910316840898e+01 -1.3842244742082238e+02
1.2099866666666668e+00 6.8676888388349752e+01 -1.3845662584106665e+02
1.2109833333333335e+00 6.8814900541334723e+01 -1.3849083834278420e+02
1.2119800000000001e+00 6.8952946809780556e+01 -1.3852508495994218e+02
1.2129766666666668e+00 6.9091027227706007e+01 -1.3855936572656924e+02
1.2139733333333333e+00 6.9229141829163638e+01 -1.3859368067673589e+02
1.2149700000000001e+00 6.9367290648240072e+01 -1.3862802984451841e+02
1.2159666666666669e+00 6.9505473719055843e+01 -1.3866241326403355e+02
1.2169633333333334e+00 6.9643691075765503e+01 -1.3869683096944084e+02
1.2179600000000002e+00 6.9781942752557754e+01 -1.3873128299491165e+02
1.2189566666666667e+00 6.9920228783655247e+01 -1.3876576937468749e+02
1.2199533333333334e+00 7.0058549203314925e+01 -1.3880029014302292e+02
1.2209500000000002e+00 7.0196904045827765e+01 -1.3883484533421293e+02
1.2219466666666667e+00 7.0335293345518949e+01 -1.3886943498256670e+02
1.2229433333333335e+00 7.0473717136747965e+01 -1.3890405912245527e+02
1.2239400000000000e+00 7.0612175453908463e+01 -1.3893871778827696e+02
1.2249366666666668e+00 7.0750668331428500e+01 -1.3897341101443604e+02
1.2259333333333335e+00 7.0889195803770363e+01 -1.3900813883542006e+02
1.2269300000000001e+00 7.1027757905430718e+01 -1.3904290128572347e+02
1.2279266666666668e+00 7.1166354670940720e+01 -1.3907769839988134e+02
1.2289233333333334e+00 7.1304986134865842e+01 -1.3911253021242743e+02
1.2299200000000001e+00 7.1443652331806106e+01 -1.3914739675797986e+02
1.2309166666666669e+00 7.1582353296395993e+01 -1.3918229807119016e+02
1.2319133333333334e+00 7.1721089063304490e+01 -1.3921723418670967e+02
1.2329100000000002e+00 7.1859859667235270e+01 -1.3925220513925873e+02
1.2339066666666667e+00 7.1998665142926484e+01 -1.3928721096355650e+02
1.2349033333333335e+00 7.2137505525151028e+01 -1.3932225169437083e+02
1.2359000000000002e+00 7.2276380848716386e+01 -1.3935732736652443e+02
1.2368966666666668e+00 7.2415291148464760e+01 -1.3939243801485378e+02
1.2378933333333335e+00 7.2554236459273170e+01 -1.3942758367424344e+02
1.2388900000000000e+00 7.2693216816053322e+01 -1.3946276437960489e+02
1.2398866666666668e+00 7.2832232253751840e+01 -1.3949798016587840e+02
1.2408833333333333e+00 7.2971282807350050e+01 -1.3953323106803256e+02
1.2418800000000001e+00 7.3110368511864309e+01 -1.3956851712109895e+02
1.2428766666666669e+00 7.3249489402345802e+01 -1.3960383836014282e+02
1.2438733333333334e+00 7.3388645513880675e+01 -1.3963919482022877e+02
1.2448700000000001e+00 7.3527836881590119e+01 -1.3967458653647645e+02
1.2458666666666667e+00 7.3667063540630238e+01 -1.3971001354406130e+02
1.2468633333333334e+00 7.3806325526192325e+01 -1.3974547587815744e+02
1.2478600000000002e+00 7.3945622873502657e+01 -1.3978097357397982e+02
1.2488566666666667e+00 7.4084955617822644e+01 -1.3981650666682827e+02
1.2498533333333335e+00 7.4224323794448964e+01 -1.3985207519197229e+02
1.2508500000000000e+00 7.4363727438713340e+01 -1.3988767918473690e+02
1.2518466666666668e+00 7.4503166585982868e+01 -1.3992331868052440e+02
1.2528433333333335e+00 7.4642641271659841e+01 -1.3995899371469952e+02
1.2538400000000001e+00 7.4782151531181796e+01 -1.3999470432270456e+02
1.2548366666666668e+00 7.4921697400021742e+01 -1.4003045054004431e+02
1.2558333333333334e+00 7.5061278913687943e+01 -1.4006623240219358e+02
1.2568300000000001e+00 7.5200896107724162e+01 -1.4010204994469711e+02
1.2578266666666669e+00 7.5340549017709520e+01 -1.4013790320316215e+02
1.2588233333333334e+00 7.5480237679258650e+01 -1.4017379221318075e+02
1.2598200000000002e+00 7.5619962128021740e+01 -1.4020971701040014e+02
1.2608166666666667e+00 7.5759722399684449e+01 -1.4024567763052329e+02
1.2618133333333335e+00 7.5899518529968120e+01 -1.4028167410925187e+02
1.2628100000000002e+00 7.6039350554629621e+01 -1.4031770648236426e+02
1.2638066666666667e+00 7.6179218509461492e+01 -1.4035377478563765e+02
1.2648033333333335e+00 7.6319122430292040e+01 -1.4038987905489057e+02
1.2658000000000000e+00 7.6459062352985171e+01 -1.4042601932601843e+02
1.2667966666666668e+00 7.6599038313440701e+01 -1.4046219563489399e+02
1.2677933333333335e+00 7.6739050347594130e+01 -1.4049840801745958e+02
1.2687900000000001e+00 7.6879098491416812e+01 -1.4053465650970634e+02
1.2697866666666668e+00 7.7019182780916054e+01 -1.4057094114760957e+02
1.2707833333333334e+00 7.7159303252134919e+01 -1.4060726196721441e+02
1.2717800000000001e+00 7.7299459941152577e+01 -1.4064361900463595e+02
1.2727766666666669e+00 7.7439652884084055e+01 -1.4068001229596638e+02
1.2737733333333334e+00 7.7579882117080402e+01 -1.4071644187733935e+02
1.2747700000000002e+00 7.7720147676328793e+01 -1.4075290778496537e+02
1.2757666666666667e+00 7.7860449598052384e+01 -1.4078941005506073e+02
1.2767633333333335e+00 7.8000787918510568e+01 -1.4082594872387742e+02
1.2777600000000000e+00 7.8141162673998778e+01 -1.4086252382773858e+02
1.2787566666666668e+00 7.8281573900848755e+01 -1.4089913540295183e+02
1.2797533333333335e+00 7.8422021635428365e+01 -1.4093578348586598e+02
1.2807500000000001e+00 7.8562505914141752e+01 -1.4097246811292834e+02
1.2817466666666668e+00 7.8703026773429457e+01 -1.4100918932056331e+02
1.2827433333333333e+00 7.8843584249768227e+01 -1.4104594714523677e+02
1.2837400000000001e+00 7.8984178379671306e+01 -1.4108274162346294e+02
1.2847366666666669e+00 7.9124809199688258e+01 -1.4111957279179043e+02
1.2857333333333334e+00 7.9265476746405085e+01 -1.4115644068683744e+02
1.2867300000000002e+00 7.9406181056444396e+01 -1.4119334534518541e+02
1.2877266666666667e+00 7.9546922166465137e+01 -1.4123028680349969e+02
1.2887233333333334e+00 7.9687700113162990e+01 -1.4126726509850840e+02
1.2897200000000002e+00 7.9828514933270100e+01 -1.4130428026690993e+02
1.2907166666666667e+00 7.9969366663555249e+01 -1.4134133234547929e+02
1.2917133333333335e+00 8.0110255340823997e+01 -1.4137842137103311e+02
1.2927100000000000e+00 8.0251181001918440e+01 -1.4141554738040082e+02
1.2937066666666668e+00 8.0392143683717578e+01 -1.4145271041047445e+02
1.2947033333333335e+00 8.0533143423137062e+01 -1.4148991049816632e+02
1.2957000000000001e+00 8.0674180257129365e+01 -1.4152714768040823e+02
1.2966966666666668e+00 8.0815254222683890e+01 -1.4156442199420934e+02
1.2976933333333334e+00 8.0956365356826836e+01 -1.4160173347661285e+02
1.2986900000000001e+00 8.1097513696621419e+01 -1.4163908216465350e+02
1.2996866666666669e+00 8.1238699279167705e+01 -1.4167646809542893e+02
1.3006833333333334e+00 8.1379922141602776e+01 -1.4171389130609907e+02
1.3016800000000002e+00 8.1521182321100852e+01 -1.4175135183382278e+02
1.3026766666666667e+00 8.1662479854873069e+01 -1.4178884971581439e+02
1.3036733333333335e+00 8.1803814780167812e+01 -1.4182638498932241e+02
1.3046700000000002e+00 8.1945187134270498e+01 -1.4186395769163002e+02
1.3056666666666668e+00 8.2086596954503747e+01 -1.4190156786006813e+02
1.3066633333333335e+00 8.2228044278227472e+01 -1.4193921553198808e+02
1.3076600000000000e+00 8.2369529142838715e+01 -1.4197690074478251e+02
1.3086566666666668e+00 8.2511051585771938e+01 -1.4201462353590657e+02
1.3096533333333336e+00 8.2652611644498847e+01 -1.4205238394282179e+02
1.3106500000000001e+00 8.2794209356528498e+01 -1.4209018200301577e+02
1.3116466666666668e+00 8.2935844759407459e+01 -1.4212801775406820e+02
1.3126433333333334e+00 8.3077517890719605e+01 -1.4216589123354260e+02
1.3136400000000001e+00 8.3219228788086397e+01 -1.4220380247905268e+02
1.3146366666666667e+00 8.3360977489166700e+01 -1.4224175152829045e+02
1.3156333333333334e+00 8.3502764031657080e+01 -1.4227973841893206e+02
1.3166300000000002e+00 8.3644588453291561e+01 -1.4231776318869569e+02
1.3176266666666667e+00 8.3786450791841801e+01 -1.4235582587538269e+02
1.3186233333333335e+00 8.3928351085117242e+01 -1.4239392651678651e+02
1.3196200000000000e+00 8.4070289370964872e+01 -1.4243206515074877e+02
1.3206166666666668e+00 8.4212265687269564e+01 -1.4247024181517386e+02
1.3216133333333335e+00 8.4354280071953880e+01 -1.4250845654796538e+02
1.3226100000000001e+00 8.4496332562978168e+01 -1.4254670938709566e+02
1.3236066666666668e+00 8.4638423198340746e+01 -1.4258500037055776e+02
1.3246033333333334e+00 8.4780552016077678e+01 -1.4262332953637880e+02
1.3256000000000001e+00 8.4922719054263112e+01 -1.4266169692265552e+02
1.3265966666666669e+00 8.5064924351009040e+01 -1.4270010256747693e+02
1.3275933333333334e+00 8.5207167944465468e+01 -1.4273854650900071e+02
1.3285900000000002e+00 8.5349449872820543e+01 -1.4277702878543383e+02
1.3295866666666667e+00 8.5491770174300370e+01 -1.4281554943498156e+02
1.3305833333333335e+00 8.5634128887169268e+01 -1.4285410849589752e+02
1.3315800000000002e+00 8.5776526049729640e+01 -1.4289270600650607e+02
1.3325766666666667e+00 8.5918961700322100e+01 -1.4293134200515016e+02
1.3335733333333335e+00 8.6061435877325550e+01 -1.4297001653018648e+02
1.3345700000000000e+00 8.6203948619157075e+01 -1.4300872962005550e+02
1.3355666666666668e+00 8.6346499964272155e+01 -1.4304748131319633e+02
1.3365633333333335e+00 8.6489089951164544e+01 -1.4308627164809727e+02
1.3375600000000001e+00 8.6631718618366378e+01 -1.4312510066332220e+02
1.3385566666666668e+00 8.6774386004448331e+01 -1.4316396839742035e+02
1.3395533333333334e+00 8.6917092148019364e+01 -1.4320287488898197e+02
1.3405500000000001e+00 8.7059837087727104e+01 -1.4324182017668838e+02
1.3415466666666669e+00 8.7202620862257604e+01 -1.4328080429921340e+02
1.3425433333333334e+00 8.7345443510335500e+01 -1.4331982729527769e+02
1.3435400000000002e+00 8.7488305070724138e+01 -1.4335888920364434e+02
1.3445366666666667e+00 8.7631205582225391e+01 -1.4339799006311037e+02
1.3455333333333335e+00 8.7774145083679940e+01 -1.4343712991254250e+02
1.3465300000000002e+00 8.7917123613967107e+01 -1.4347630879078562e+02
1.3475266666666668e+00 8.8060141212004979e+01 -1.4351552673676713e+02
1.3485233333333335e+00 8.8203197916750568e+01 -1.4355478378947112e+02
1.3495200000000001e+00 8.8346293767199583e+01 -1.4359407998786574e+02
1.3505166666666668e+00 8.8489428802386755e+01 -1.4363341537098160e+02
1.3515133333333336e+00 8.8632603061385637e+01 -1.4367278997791320e+02
1.3525100000000001e+00 8.8775816583308739e+01 -1.4371220384775899e+02
1.3535066666666669e+00 8.8919069407307688e+01 -1.4375165701967416e+02
1.3545033333333334e+00 8.9062361572573010e+01 -1.4379114953286216e+02
1.3555000000000001e+00 8.9205693118334452e+01 -1.4383068142652644e+02
1.3564966666666667e+00 8.9349064083860725e+01 -1.4387025273994158e+02
1.3574933333333334e+00 8.9492474508459850e+01 -1.4390986351244479e+02
1.3584900000000002e+00 8.9635924431478941e+01 -1.4394951378335170e+02
1.3594866666666667e+00 8.9779413892304333e+01 -1.4398920359204578e+02
1.3604833333333335e+00 8.9922942930361742e+01 -1.4402893297798886e+02
1.3614800000000000e+00 9.0066511585116089e+01 -1.4406870198061247e+02
1.3624766666666668e+00 9.0210119896071760e+01 -1.4410851063943187e+02
1.3634733333333335e+00 9.0353767902772432e+01 -1.4414835899399102e+02
1.3644700000000001e+00 9.0497455644801207e+01 -1.4418824708385861e+02
1.3654666666666668e+00 9.0641183161780774e+01 -1.4422817494868903e+02
1.3664633333333334e+00 9.0784950493373202e+01 -1.4426814262812761e+02
1.3674600000000001e+00 9.0928757679280224e+01 -1.4430815016186082e+02
1.3684566666666669e+00 9.1072604759243077e+01 -1.4434819758964647e+02
1.3694533333333334e+00 9.1216491773042620e+01 -1.4438828495126705e+02
1.3704500000000002e+00 9.1360418760499471e+01 -1.4442841228654095e+02
1.3714466666666667e+00 9.1504385761473856e+01 -1.4446857963532744e+02
1.3724433333333335e+00 9.1648392815865833e+01 -1.4450878703751255e+02
1.3734400000000002e+00 9.1792439963615180e+01 -1.4454903453305366e+02
1.3744366666666668e+00 9.1936527244701495e+01 -1.4458932216194015e+02
1.3754333333333335e+00 9.2080654699144347e+01 -1.4462964996416142e+02
1.3764300000000000e+00 9.2224822367003057e+01 -1.4467001797979057e+02
1.3774266666666668e+00 9.2369030288377061e+01 -1.4471042624894181e+02
1.3784233333333336e+00 9.2513278503405644e+01 -1.4475087481172946e+02
1.3794200000000001e+00 9.2657567052268135e+01 -1.4479136370834942e+02
1.3804166666666668e+00 9.2801895975184024e+01 -1.4483189297902658e+02
1.3814133333333334e+00 9.2946265312412777e+01 -1.4487246266399077e+02
1.3824100000000001e+00 9.3090675104254132e+01 -1.4491307280357717e+02
1.3834066666666669e+00 9.3235125391047916e+01 -1.4495372343810698e+02
1.3844033333333334e+00 9.3379616213174174e+01 -1.4499441460794711e+02
1.3854000000000002e+00 9.3524147611053337e+01 -1.4503514635355765e+02
1.3863966666666667e+00 9.3668719625145997e+01 -1.4507591871536107e+02
1.3873933333333335e+00 9.3813332295953202e+01 -1.4511673173386350e+02
1.3883900000000002e+00 9.3957985664016334e+01 -1.4515758544964294e+02
1.3893866666666668e+00 9.4102679769917174e+01 -1.4519847990323728e+02
1.3903833333333335e+00 9.4247414654278046e+01 -1.4523941513527780e+02
1.3913800000000001e+00 9.4392190357761692e+01 -1.4528039118645063e+02
1.3923766666666668e+00 9.4537006921071509e+01 -1.4532140809743507e+02
1.3933733333333334e+00 9.4681864384951353e+01 -1.4536246590898142e+02
1.3943700000000001e+00 9.4826762790185853e+01 -1.4540356466188115e+02
1.3953666666666669e+00 9.4971702177600193e+01 -1.4544470439695448e+02
1.3963633333333334e+00 9.5116682588060257e+01 -1.4548588515506026e+02
1.3973600000000002e+00 9.5261704062472802e+01 -1.4552710697712189e+02
1.3983566666666667e+00 9.5406766641785239e+01 -1.4556836990407524e+02
1.3993533333333334e+00 9.5551870366985938e+01 -1.4560967397689689e+02
1.4003500000000002e+00 9.5697015279104036e+01 -1.4565101923664258e+02
1.4013466666666667e+00 9.5842201419209587e+01 -1.4569240572437059e+02
1.4023433333333335e+00 9.5987428828413698e+01 -1.4573383348118981e+02
1.4033400000000000e+00 9.6132697547868347e+01 -1.4577530254824984e+02
1.4043366666666668e+00 9.6278007618766665e+01 -1.4581681296674120e+02
1.4053333333333335e+00 9.6423359082342770e+01 -1.4585836477791938e+02
1.4063300000000001e+00 9.6568751979871891e+01 -1.4589995802302784e+02
1.4073266666666668e+00 9.6714186352670509e+01 -1.4594159274339648e+02
1.4083233333333334e+00 9.6859662242096192e+01 -1.4598326898041029e+02
1.4093200000000001e+00 9.7005179689547873e+01 -1.4602498677543079e+02
1.4103166666666669e+00 9.7150738736465641e+01 -1.4606674616989886e+02
1.4113133333333334e+00 9.7296339424330938e+01 -1.4610854720532888e+02
1.4123100000000002e+00 9.7441981794666674e+01 -1.4615038992320763e+02
1.4133066666666667e+00 9.7587665889036998e+01 -1.4619227436511244e+02
1.4143033333333335e+00 9.7733391749047669e+01 -1.4623420057266878e+02
1.4153000000000002e+00 9.7879159416345829e+01 -1.4627616858748857e+02
1.4162966666666668e+00 9.8024968932620126e+01 -1.4631817845128575e+02
1.4172933333333335e+00 9.8170820339600922e+01 -1.4636023020578955e+02
1.4182900000000001e+00 9.8316713679060001e+01 -1.4640232389274843e+02
1.4192866666666668e+00 9.8462648992810969e+01 -1.4644445955399445e+02
1.4202833333333336e+00 9.8608626322709043e+01 -1.4648663723140351e+02
1.4212800000000001e+00 9.8754645710651147e+01 -1.4652885696683208e+02
1.4222766666666669e+00 9.8900707198576086e+01 -1.4657111880223746e+02
1.4232733333333334e+00 9.9046810828464345e+01 -1.4661342277960341e+02
1.4242700000000001e+00 9.9192956642338430e+01 -1.4665576894094019e+02
1.4252666666666669e+00 9.9339144682262628e+01 -1.4669815732833771e+02
1.4262633333333334e+00 9.9485374990343189e+01 -1.4674058798387321e+02
1.4272600000000002e+00 9.9631647608728429e+01 -1.4678306094969665e+02
1.4282566666666667e+00 9.9777962579608570e+01 -1.4682557626802702e+02
1.4292533333333335e+00 9.9924319945216055e+01 -1.4686813398107628e+02
1.4302500000000000e+00 1.0007071974782528e+02 -1.4691073413110621e+02
1.4312466666666668e+00 1.0021716202975293e+02 -1.4695337676046219e+02
1.4322433333333335e+00 1.0036364683335779e+02 -1.4699606191149076e+02
1.4332400000000001e+00 1.0051017420104091e+02 -1.4703878962657572e+02
1.4342366666666668e+00 1.0065674417524568e+02 -1.4708155994818776e+02
1.4352333333333334e+00 1.0080335679845770e+02 -1.4712437291879547e+02
1.4362300000000001e+00 1.0095001211320508e+02 -1.4716722858092237e+02
1.4372266666666669e+00 1.0109671016205820e+02 -1.4721012697717171e+02
1.4382233333333334e+00 1.0124345098762996e+02 -1.4725306815011982e+02
1.4392200000000002e+00 1.0139023463257575e+02 -1.4729605214243691e+02
1.4402166666666667e+00 1.0153706113959346e+02 -1.4733907899681981e+02
1.4412133333333335e+00 1.0168393055142363e+02 -1.4738214875599866e+02
1.4422100000000002e+00 1.0183084291084934e+02 -1.4742526146278360e+02
1.4432066666666667e+00 1.0197779826069633e+02 -1.4746841715997181e+02
1.4442033333333335e+00 1.0212479664383314e+02 -1.4751161589044040e+02
1.4452000000000000e+00 1.0227183810317092e+02 -1.4755485769711422e+02
1.4461966666666668e+00 1.0241892268166376e+02 -1.4759814262293014e+02
1.4471933333333336e+00 1.0256605042230845e+02 -1.4764147071088382e+02
1.4481900000000001e+00 1.0271322136814470e+02 -1.4768484200403603e+02
1.4491866666666668e+00 1.0286043556225520e+02 -1.4772825654545647e+02
1.4501833333333334e+00 1.0300769304776550e+02 -1.4777171437825535e+02
1.4511800000000001e+00 1.0315499386784425e+02 -1.4781521554562619e+02
1.4521766666666669e+00 1.0330233806570307e+02 -1.4785876009077137e+02
1.4531733333333334e+00 1.0344972568459666e+02 -1.4790234805693706e+02
1.4541700000000002e+00 1.0359715676782295e+02 -1.4794597948743532e+02
1.4551666666666667e+00 1.0374463135872293e+02 -1.4798965442559731e+02
1.4561633333333335e+00 1.0389214950068092e+02 -1.4803337291480906e+02
1.4571600000000002e+00 1.0403971123712439e+02 -1.4807713499850118e+02
1.4581566666666668e+00 1.0418731661152417e+02 -1.4812094072014082e+02
1.4591533333333335e+00 1.0433496566739447e+02 -1.4816479012326096e+02
1.4601500000000001e+00 1.0448265844829281e+02 -1.4820868325138528e+02
1.4611466666666668e+00 1.0463039499782025e+02 -1.4825262014812088e+02
1.4621433333333336e+00 1.0477817535962122e+02 -1.4829660085714789e+02
1.4631400000000001e+00 1.0492599957738371e+02 -1.4834062542212578e+02
1.4641366666666669e+00 1.0507386769483932e+02 -1.4838469388677302e+02
1.4651333333333334e+00 1.0522177975576317e+02 -1.4842880629489142e+02
1.4661300000000002e+00 1.0536973580397414e+02 -1.4847296269029692e+02
1.4671266666666667e+00 1.0551773588333467e+02 -1.4851716311682685e+02
1.4681233333333334e+00 1.0566578003775108e+02 -1.4856140761842335e+02
1.4691200000000002e+00 1.0581386831117338e+02 -1.4860569623901614e+02
1.4701166666666667e+00 1.0596200074759540e+02 -1.4865002902259263e+02
1.4711133333333335e+00 1.0611017739105492e+02 -1.4869440601321350e+02
1.4721100000000000e+00 1.0625839828563353e+02 -1.4873882725493709e+02
1.4731066666666668e+00 1.0640666347545688e+02 -1.4878329279189083e+02
1.4741033333333335e+00 1.0655497300469455e+02 -1.4882780266826836e+02
1.4751000000000001e+00 1.0670332691756013e+02 -1.4887235692826368e+02
1.4760966666666668e+00 1.0685172525831143e+02 -1.4891695561612997e+02
1.4770933333333334e+00 1.0700016807125024e+02 -1.4896159877618240e+02
1.4780900000000001e+00 1.0714865540072267e+02 -1.4900628645275489e+02
1.4790866666666669e+00 1.0729718729111896e+02 -1.4905101869025515e+02
1.4800833333333334e+00 1.0744576378687358e+02 -1.4909579553310522e+02
1.4810800000000002e+00 1.0759438493246545e+02 -1.4914061702577220e+02
1.4820766666666667e+00 1.0774305077241765e+02 -1.4918548321280642e+02
1.4830733333333335e+00 1.0789176135129786e+02 -1.4923039413876296e+02
1.4840700000000002e+00 1.0804051671371806e+02 -1.4927534984823487e+02
1.4850666666666668e+00 1.0818931690433472e+02 -1.4932035038590789e+02
1.4860633333333335e+00 1.0833816196784895e+02 -1.4936539579647726e+02
1.4870600000000000e+00 1.0848705194900630e+02 -1.4941048612467870e+02
1.4880566666666668e+00 1.0863598689259707e+02 -1.4945562141530965e+02
1.4890533333333336e+00 1.0878496684345612e+02 -1.4950080171318422e+02
1.4900500000000001e+00 1.0893399184646300e+02 -1.4954602706320907e+02
1.4910466666666669e+00 1.0908306194654216e+02 -1.4959129751032199e+02
1.4920433333333334e+00 1.0923217718866267e+02 -1.4963661309944391e+02
1.4930400000000001e+00 1.0938133761783858e+02 -1.4968197387560750e+02
1.4940366666666669e+00 1.0953054327912875e+02 -1.4972737988389795e+02
1.4950333333333334e+00 1.0967979421763695e+02 -1.4977283116940006e+02
1.4960300000000002e+00 1.0982909047851204e+02 -1.4981832777724409e+02
1.4970266666666667e+00 1.0997843210694775e+02 -1.4986386975265040e+02
1.4980233333333335e+00 1.1012781914818302e+02 -1.4990945714085842e+02
1.4990200000000002e+00 1.1027725164750181e+02 -1.4995508998713871e+02
1.5000166666666668e+00 1.1042672965023323e+02 -1.5000076833681842e+02
1.5010133333333335e+00 1.1057625320175167e+02 -1.5004649223527025e+02
1.5020100000000001e+00 1.1072582234747665e+02 -1.5009226172793555e+02
1.5030066666666668e+00 1.1087543713287312e+02 -1.5013807686027008e+02
1.5040033333333334e+00 1.1102509760345121e+02 -1.5018393767776516e+02
1.5050000000000001e+00 1.1117480380476660e+02 -1.5022984422599527e+02
1.5059966666666669e+00 1.1132455578242026e+02 -1.5027579655055894e+02
1.5069933333333334e+00 1.1147435358205865e+02 -1.5032179469708990e+02
1.5079900000000002e+00 1.1162419724937385e+02 -1.5036783871130291e+02
1.5089866666666667e+00 1.1177408683010336e+02 -1.5041392863892466e+02
1.5099833333333335e+00 1.1192402237003043e+02 -1.5046006452572908e+02
1.5109800000000002e+00 1.1207400391498385e+02 -1.5050624641755729e+02
1.5119766666666667e+00 1.1222403151083812e+02 -1.5055247436027102e+02
1.5129733333333335e+00 1.1237410520351357e+02 -1.5059874839979895e+02
1.5139700000000000e+00 1.1252422503897620e+02 -1.5064506858212440e+02
1.5149666666666668e+00 1.1267439106323799e+02 -1.5069143495322805e+02
1.5159633333333336e+00 1.1282460332235668e+02 -1.5073784755917211e+02
1.5169600000000001e+00 1.1297486186243594e+02 -1.5078430644608912e+02
1.5179566666666668e+00 1.1312516672962555e+02 -1.5083081166010027e+02
1.5189533333333334e+00 1.1327551797012110e+02 -1.5087736324740982e+02
1.5199500000000001e+00 1.1342591563016445e+02 -1.5092396125426947e+02
1.5209466666666669e+00 1.1357635975604343e+02 -1.5097060572693394e+02
1.5219433333333334e+00 1.1372685039409204e+02 -1.5101729671177799e+02
1.5229400000000002e+00 1.1387738759069057e+02 -1.5106403425516538e+02
1.5239366666666667e+00 1.1402797139226546e+02 -1.5111081840351423e+02
1.5249333333333335e+00 1.1417860184528953e+02 -1.5115764920331850e+02
1.5259300000000002e+00 1.1432927899628190e+02 -1.5120452670106829e+02
1.5269266666666668e+00 1.1448000289180801e+02 -1.5125145094334502e+02
1.5279233333333335e+00 1.1463077357847989e+02 -1.5129842197677630e+02
1.5289200000000001e+00 1.1478159110295587e+02 -1.5134543984798694e+02
1.5299166666666668e+00 1.1493245551194097e+02 -1.5139250460369908e+02
1.5309133333333336e+00 1.1508336685218669e+02 -1.5143961629068804e+02
1.5319100000000001e+00 1.1523432517049112e+02 -1.5148677495571340e+02
1.5329066666666669e+00 1.1538533051369913e+02 -1.5153398064562379e+02
1.5339033333333334e+00 1.1553638292870217e+02 -1.5158123340733627e+02
1.5349000000000002e+00 1.1568748246243858e+02 -1.5162853328777263e+02
1.5358966666666669e+00 1.1583862916189339e+02 -1.5167588033390780e+02
1.5368933333333334e+00 1.1598982307409852e+02 -1.5172327459280086e+02
1.5378900000000002e+00 1.1614106424613286e+02 -1.5177071611151416e+02
1.5388866666666667e+00 1.1629235272512210e+02 -1.5181820493717169e+02
1.5398833333333335e+00 1.1644368855823909e+02 -1.5186574111695174e+02
1.5408800000000002e+00 1.1659507179270358e+02 -1.5191332469805752e+02
1.5418766666666668e+00 1.1674650247578244e+02 -1.5196095572779035e+02
1.5428733333333335e+00 1.1689798065478976e+02 -1.5200863425344082e+02
1.5438700000000001e+00 1.1704950637708669e+02 -1.5205636032235384e+02
1.5448666666666668e+00 1.1720107969008170e+02 -1.5210413398198136e+02
1.5458633333333334e+00 1.1735270064123044e+02 -1.5215195527975379e+02
1.5468600000000001e+00 1.1750436927803601e+02 -1.5219982426315602e+02
1.5478566666666669e+00 1.1765608564804874e+02 -1.5224774097977635e+02
1.5488533333333334e+00 1.1780784979886644e+02 -1.5229570547719402e+02
1.5498500000000002e+00 1.1795966177813445e+02 -1.5234371780304181e+02
1.5508466666666667e+00 1.1811152163354545e+02 -1.5239177800503543e+02
1.5518433333333335e+00 1.1826342941283987e+02 -1.5243988613089496e+02
1.5528400000000002e+00 1.1841538516380561e+02 -1.5248804222842259e+02
1.5538366666666668e+00 1.1856738893427824e+02 -1.5253624634546131e+02
1.5548333333333335e+00 1.1871944077214113e+02 -1.5258449852986499e+02
1.5558300000000000e+00 1.1887154072532523e+02 -1.5263279882959159e+02
1.5568266666666668e+00 1.1902368884180947e+02 -1.5268114729261791e+02
1.5578233333333336e+00 1.1917588516962050e+02 -1.5272954396695297e+02
1.5588200000000001e+00 1.1932812975683285e+02 -1.5277798890068206e+02
1.5598166666666669e+00 1.1948042265156910e+02 -1.5282648214192994e+02
1.5608133333333334e+00 1.1963276390199968e+02 -1.5287502373886142e+02
1.5618100000000001e+00 1.1978515355634318e+02 -1.5292361373970272e+02
1.5628066666666669e+00 1.1993759166286618e+02 -1.5297225219271249e+02
1.5638033333333334e+00 1.2009007826988339e+02 -1.5302093914620400e+02
1.5648000000000002e+00 1.2024261342575780e+02 -1.5306967464856595e+02
1.5657966666666667e+00 1.2039519717890049e+02 -1.5311845874816979e+02
1.5667933333333335e+00 1.2054782957777093e+02 -1.5316729149349118e+02
1.5677900000000002e+00 1.2070051067087684e+02 -1.5321617293305994e+02
1.5687866666666668e+00 1.2085324050677430e+02 -1.5326510311539590e+02
1.5697833333333335e+00 1.2100601913406790e+02 -1.5331408208911589e+02
1.5707800000000001e+00 1.2115884660141056e+02 -1.5336310990289087e+02
1.5717766666666668e+00 1.2131172295750387e+02 -1.5341218660541031e+02
1.5727733333333336e+00 1.2146464825109788e+02 -1.5346131224541082e+02
1.5737700000000001e+00 1.2161762253099123e+02 -1.5351048687171163e+02
1.5747666666666669e+00 1.2177064584603133e+02 -1.5355971053315062e+02
1.5757633333333334e+00 1.2192371824511417e+02 -1.5360898327861963e+02
1.5767600000000002e+00 1.2207683977718465e+02 -1.5365830515707924e+02
1.5777566666666669e+00 1.2223001049123633e+02 -1.5370767621750113e+02
1.5787533333333335e+00 1.2238323043631165e+02 -1.5375709650894703e+02
1.5797500000000002e+00 1.2253649966150206e+02 -1.5380656608049003e+02
1.5807466666666667e+00 1.2268981821594782e+02 -1.5385608498127868e+02
1.5817433333333335e+00 1.2284318614883834e+02 -1.5390565326052584e+02
1.5827400000000000e+00 1.2299660350941193e+02 -1.5395527096743712e+02
1.5837366666666668e+00 1.2315007034695611e+02 -1.5400493815129377e+02
1.5847333333333335e+00 1.2330358671080749e+02 -1.5405465486147406e+02
1.5857300000000001e+00 1.2345715265035186e+02 -1.5410442114733186e+02
1.5867266666666668e+00 1.2361076821502435e+02 -1.5415423705830381e+02
1.5877233333333334e+00 1.2376443345430926e+02 -1.5420410264389506e+02
1.5887200000000001e+00 1.2391814841774035e+02 -1.5425401795360773e+02
1.5897166666666669e+00 1.2407191315490071e+02 -1.5430398303704843e+02
1.5907133333333334e+00 1.2422572771542283e+02 -1.5435399794384878e+02
1.5917100000000002e+00 1.2437959214898883e+02 -1.5440406272368094e+02
1.5927066666666667e+00 1.2453350650533021e+02 -1.5445417742627802e+02
1.5937033333333335e+00 1.2468747083422819e+02 -1.5450434210142029e+02
1.5947000000000002e+00 1.2484148518551356e+02 -1.5455455679895664e+02
1.5956966666666668e+00 1.2499554960906677e+02 -1.5460482156873988e+02
1.5966933333333335e+00 1.2514966415481813e+02 -1.5465513646071290e+02
1.5976900000000001e+00 1.2530382887274759e+02 -1.5470550152486558e+02
1.5986866666666668e+00 1.2545804381288508e+02 -1.5475591681122040e+02
1.5996833333333336e+00 1.2561230902531032e+02 -1.5480638236985467e+02
1.6006800000000001e+00 1.2576662456015296e+02 -1.5485689825087763e+02
1.6016766666666669e+00 1.2592099046759274e+02 -1.5490746450450320e+02
1.6026733333333334e+00 1.2607540679785932e+02 -1.5495808118095636e+02
1.6036700000000002e+00 1.2622987360123254e+02 -1.5500874833049502e+02
1.6046666666666669e+00 1.2638439092804232e+02 -1.5505946600347448e+02
1.6056633333333334e+00 1.2653895882866874e+02 -1.5511023425026062e+02
1.6066600000000002e+00 1.2669357735354224e+02 -1.5516105312127405e+02
1.6076566666666667e+00 1.2684824655314338e+02 -1.5521192266701792e+02
1.6086533333333335e+00 1.2700296647800323e+02 -1.5526284293800668e+02
1.6096500000000002e+00 1.2715773717870312e+02 -1.5531381398482387e+02
1.6106466666666668e+00 1.2731255870587484e+02 -1.5536483585812033e+02
1.6116433333333335e+00 1.2746743111020075e+02 -1.5541590860855928e+02
1.6126400000000001e+00 1.2762235444241361e+02 -1.5546703228686479e+02
1.6136366666666668e+00 1.2777732875329693e+02 -1.5551820694384352e+02
1.6146333333333336e+00 1.2793235409368474e+02 -1.5556943263032875e+02
1.6156300000000001e+00 1.2808743051446174e+02 -1.5562070939717080e+02
1.6166266666666669e+00 1.2824255806656353e+02 -1.5567203729533227e+02
1.6176233333333334e+00 1.2839773680097630e+02 -1.5572341637582244e+02
1.6186200000000002e+00 1.2855296676873726e+02 -1.5577484668962222e+02
1.6196166666666667e+00 1.2870824802093435e+02 -1.5582632828786214e+02
1.6206133333333335e+00 1.2886358060870663e+02 -1.5587786122168387e+02
1.6216100000000002e+00 1.2901896458324399e+02 -1.5592944554224150e+02
1.6226066666666668e+00 1.2917439999578741e+02 -1.5598108130079888e+02
1.6236033333333335e+00 1.2932988689762905e+02 -1.5603276854864654e+02
1.6246000000000000e+00 1.2948542534011213e+02 -1.5608450733714304e+02
1.6255966666666668e+00 1.2964101537463114e+02 -1.5613629771767262e+02
1.6265933333333336e+00 1.2979665705263170e+02 -1.5618813974164601e+02
1.6275900000000001e+00 1.2995235042561080e+02 -1.5624003346059786e+02
1.6285866666666668e+00 1.3010809554511684e+02 -1.5629197892607539e+02
1.6295833333333334e+00 1.3026389246274951e+02 -1.5634397618967958e+02
1.6305800000000001e+00 1.3041974123016007e+02 -1.5639602530305123e+02
1.6315766666666669e+00 1.3057564189905119e+02 -1.5644812631788639e+02
1.6325733333333334e+00 1.3073159452117707e+02 -1.5650027928594776e+02
1.6335700000000002e+00 1.3088759914834367e+02 -1.5655248425905341e+02
1.6345666666666667e+00 1.3104365583240843e+02 -1.5660474128903263e+02
1.6355633333333335e+00 1.3119976462528066e+02 -1.5665705042781116e+02
1.6365600000000002e+00 1.3135592557892136e+02 -1.5670941172738466e+02
1.6375566666666668e+00 1.3151213874534326e+02 -1.5676182523968683e+02
1.6385533333333335e+00 1.3166840417661112e+02 -1.5681429101683523e+02
1.6395500000000001e+00 1.3182472192484144e+02 -1.5686680911095846e+02
1.6405466666666668e+00 1.3198109204220290e+02 -1.5691937957419620e+02
1.6415433333333336e+00 1.3213751458091602e+02 -1.5697200245878665e+02
1.6425400000000001e+00 1.3229398959325340e+02 -1.5702467781696274e+02
1.6435366666666669e+00 1.3245051713153993e+02 -1.5707740570109874e+02
1.6445333333333334e+00 1.3260709724815246e+02 -1.5713018616356567e+02
1.6455300000000002e+00 1.3276372999552026e+02 -1.5718301925675985e+02
1.6465266666666669e+00 1.3292041542612478e+02 -1.5723590503319036e+02
1.6475233333333335e+00 1.3307715359249974e+02 -1.5728884354537530e+02
1.6485200000000002e+00 1.3323394454723140e+02 -1.5734183484591713e+02
1.6495166666666667e+00 1.3339078834295833e+02 -1.5739487898744349e+02
1.6505133333333335e+00 1.3354768503237170e+02 -1.5744797602265001e+02
1.6515100000000003e+00 1.3370463466821514e+02 -1.5750112600427414e+02
1.6525066666666668e+00 1.3386163730328482e+02 -1.5755432898511896e+02
1.6535033333333335e+00 1.3401869299042974e+02 -1.5760758501804366e+02
1.6545000000000001e+00 1.3417580178255142e+02 -1.5766089415591821e+02
1.6554966666666668e+00 1.3433296373260424e+02 -1.5771425645171254e+02
1.6564933333333334e+00 1.3449017889359530e+02 -1.5776767195845358e+02
1.6574900000000001e+00 1.3464744731858465e+02 -1.5782114072917915e+02
1.6584866666666669e+00 1.3480476906068517e+02 -1.5787466281699739e+02
1.6594833333333334e+00 1.3496214417306271e+02 -1.5792823827508209e+02
1.6604800000000002e+00 1.3511957270893623e+02 -1.5798186715667742e+02
1.6614766666666667e+00 1.3527705472157760e+02 -1.5803554951502412e+02
1.6624733333333335e+00 1.3543459026431196e+02 -1.5808928540343092e+02
1.6634700000000002e+00 1.3559217939051757e+02 -1.5814307487533401e+02
1.6644666666666668e+00 1.3574982215362584e+02 -1.5819691798412094e+02
1.6654633333333335e+00 1.3590751860712160e+02 -1.5825081478326410e+02
1.6664600000000001e+00 1.3606526880454288e+02 -1.5830476532634631e+02
1.6674566666666668e+00 1.3622307279948123e+02 -1.5835876966696156e+02
1.6684533333333336e+00 1.3638093064558151e+02 -1.5841282785868870e+02
1.6694500000000001e+00 1.3653884239654212e+02 -1.5846693995527156e+02
1.6704466666666669e+00 1.3669680810611507e+02 -1.5852110601048204e+02
1.6714433333333334e+00 1.3685482782810584e+02 -1.5857532607807411e+02
1.6724400000000001e+00 1.3701290161637371e+02 -1.5862960021195533e+02
1.6734366666666669e+00 1.3717102952483160e+02 -1.5868392846601833e+02
1.6744333333333334e+00 1.3732921160744610e+02 -1.5873831089422086e+02
1.6754300000000002e+00 1.3748744791823776e+02 -1.5879274755059134e+02
1.6764266666666667e+00 1.3764573851128091e+02 -1.5884723848921172e+02
1.6774233333333335e+00 1.3780408344070386e+02 -1.5890178376420346e+02
1.6784200000000002e+00 1.3796248276068886e+02 -1.5895638342974442e+02
1.6794166666666668e+00 1.3812093652547213e+02 -1.5901103754007738e+02
1.6804133333333335e+00 1.3827944478934410e+02 -1.5906574614947326e+02
1.6814100000000001e+00 1.3843800760664919e+02 -1.5912050931232767e+02
1.6824066666666668e+00 1.3859662503178620e+02 -1.5917532708299015e+02
1.6834033333333336e+00 1.3875529711920800e+02 -1.5923019951590956e+02
1.6844000000000001e+00 1.3891402392342178e+02 -1.5928512666564231e+02
1.6853966666666669e+00 1.3907280549898923e+02 -1.5934010858670166e+02
1.6863933333333334e+00 1.3923164190052620e+02 -1.5939514533371144e+02
1.6873900000000002e+00 1.3939053318270328e+02 -1.5945023696137764e+02
1.6883866666666669e+00 1.3954947940024539e+02 -1.5950538352440577e+02
1.6893833333333335e+00 1.3970848060793202e+02 -1.5956058507755182e+02
1.6903800000000002e+00 1.3986753686059737e+02 -1.5961584167565701e+02
1.6913766666666668e+00 1.4002664821313024e+02 -1.5967115337363037e+02
1.6923733333333335e+00 1.4018581472047430e+02 -1.5972652022642370e+02
1.6933700000000000e+00 1.4034503643762781e+02 -1.5978194228901725e+02
1.6943666666666668e+00 1.4050431341964403e+02 -1.5983741961644489e+02
1.6953633333333336e+00 1.4066364572163104e+02 -1.5989295226382583e+02
1.6963600000000001e+00 1.4082303339875187e+02 -1.5994854028635788e+02
1.6973566666666668e+00 1.4098247650622466e+02 -1.6000418373923884e+02
1.6983533333333334e+00 1.4114197509932242e+02 -1.6005988267771983e+02
1.6993500000000001e+00 1.4130152923337349e+02 -1.6011563715713407e+02
1.7003466666666669e+00 1.4146113896376119e+02 -1.6017144723288618e+02
1.7013433333333334e+00 1.4162080434592417e+02 -1.6022731296041610e+02
1.7023400000000002e+00 1.4178052543535640e+02 -1.6028323439519266e+02
1.7033366666666667e+00 1.4194030228760704e+02 -1.6033921159278066e+02
1.7043333333333335e+00 1.4210013495828085e+02 -1.6039524460881270e+02
1.7053300000000002e+00 1.4226002350303787e+02 -1.6045133349889306e+02
1.7063266666666668e+00 1.4241996797759364e+02 -1.6050747831873261e+02
1.7073233333333335e+00 1.4257996843771937e+02 -1.6056367912417085e+02
1.7083200000000001e+00 1.4274002493924178e+02 -1.6061993597100073e+02
1.7093166666666668e+00 1.4290013753804337e+02 -1.6067624891508297e+02
1.7103133333333336e+00 1.4306030629006224e+02 -1.6073261801240687e+02
1.7113100000000001e+00 1.4322053125129233e+02 -1.6078904331889717e+02
1.7123066666666669e+00 1.4338081247778342e+02 -1.6084552489062139e+02
1.7133033333333334e+00 1.4354115002564114e+02 -1.6090206278375763e+02
1.7143000000000002e+00 1.4370154395102716e+02 -1.6095865705439456e+02
1.7152966666666669e+00 1.4386199431015905e+02 -1.6101530775874983e+02
1.7162933333333334e+00 1.4402250115931045e+02 -1.6107201495313299e+02
1.7172900000000002e+00 1.4418306455481121e+02 -1.6112877869385403e+02
1.7182866666666667e+00 1.4434368455304721e+02 -1.6118559903730483e+02
1.7192833333333335e+00 1.4450436121046070e+02 -1.6124247603993066e+02
1.7202800000000003e+00 1.4466509458355011e+02 -1.6129940975819150e+02
1.7212766666666668e+00 1.4482588472887019e+02 -1.6135640024868198e+02
1.7222733333333335e+00 1.4498673170303221e+02 -1.6141344756804011e+02
1.7232700000000001e+00 1.4514763556270375e+02 -1.6147055177288601e+02
1.7242666666666668e+00 1.4530859636460903e+02 -1.6152771291993562e+02
1.7252633333333336e+00 1.4546961416552870e+02 -1.6158493106599136e+02
1.7262600000000001e+00 1.4563068902230006e+02 -1.6164220626790441e+02
1.7272566666666669e+00 1.4579182099181722e+02 -1.6169953858255516e+02
1.7282533333333334e+00 1.4595301013103085e+02 -1.6175692806690583e+02
1.7292500000000002e+00 1.4611425649694854e+02 -1.6181437477793304e+02
1.7302466666666667e+00 1.4627556014663460e+02 -1.6187187877271282e+02
1.7312433333333335e+00 1.4643692113721036e+02 -1.6192944010837496e+02
1.7322400000000002e+00 1.4659833952585402e+02 -1.6198705884209249e+02
1.7332366666666668e+00 1.4675981536980083e+02 -1.6204473503114426e+02
1.7342333333333335e+00 1.4692134872634318e+02 -1.6210246873275298e+02
1.7352300000000001e+00 1.4708293965283045e+02 -1.6216026000426578e+02
1.7362266666666668e+00 1.4724458820666933e+02 -1.6221810890318292e+02
1.7372233333333336e+00 1.4740629444532374e+02 -1.6227601548689159e+02
1.7382200000000001e+00 1.4756805842631479e+02 -1.6233397981289858e+02
1.7392166666666669e+00 1.4772988020722107e+02 -1.6239200193882590e+02
1.7402133333333334e+00 1.4789175984567851e+02 -1.6245008192226302e+02
1.7412100000000001e+00 1.4805369739938058e+02 -1.6250821982099538e+02
1.7422066666666669e+00 1.4821569292607825e+02 -1.6256641569270971e+02
1.7432033333333334e+00 1.4837774648358001e+02 -1.6262466959515501e+02
1.7442000000000002e+00 1.4853985812975213e+02 -1.6268298158632408e+02
1.7451966666666667e+00 1.4870202792251848e+02 -1.6274135172409166e+02
1.7461933333333335e+00 1.4886425591986074e+02 -1.6279978006635710e+02
1.7471900000000002e+00 1.4902654217981834e+02 -1.6285826667126349e+02
1.7481866666666668e+00 1.4918888676048863e+02 -1.6291681159690205e+02
1.7491833333333335e+00 1.4935128972002695e+02 -1.6297541490136533e+02
1.7501800000000001e+00 1.4951375111664649e+02 -1.6303407664287028e+02
1.7511766666666668e+00 1.4967627100861861e+02 -1.6309279687975823e+02
1.7521733333333336e+00 1.4983884945427278e+02 -1.6315157567034353e+02
1.7531700000000001e+00 1.5000148651199649e+02 -1.6321041307293112e+02
1.7541666666666669e+00 1.5016418224023565e+02 -1.6326930914606979e+02
1.7551633333333334e+00 1.5032693669749429e+02 -1.6332826394823320e+02
1.7561600000000002e+00 1.5048974994233490e+02 -1.6338727753791957e+02
1.7571566666666669e+00 1.5065262203337826e+02 -1.6344634997381391e+02
1.7581533333333335e+00 1.5081555302930366e+02 -1.6350548131462040e+02
1.7591500000000002e+00 1.5097854298884891e+02 -1.6356467161900193e+02
1.7601466666666667e+00 1.5114159197081034e+02 -1.6362392094576009e+02
1.7611433333333335e+00 1.5130470003404298e+02 -1.6368322935383509e+02
1.7621400000000003e+00 1.5146786723746052e+02 -1.6374259690208305e+02
1.7631366666666668e+00 1.5163109364003535e+02 -1.6380202364942207e+02
1.7641333333333336e+00 1.5179437930079871e+02 -1.6386150965497126e+02
1.7651300000000001e+00 1.5195772427884071e+02 -1.6392105497783160e+02
1.7661266666666668e+00 1.5212112863331043e+02 -1.6398065967707157e+02
1.7671233333333336e+00 1.5228459242341580e+02 -1.6404032381193255e+02
1.7681200000000001e+00 1.5244811570842384e+02 -1.6410004744171727e+02
1.7691166666666669e+00 1.5261169854766078e+02 -1.6415983062570191e+02
1.7701133333333334e+00 1.5277534100051182e+02 -1.6421967342325834e+02
1.7711100000000002e+00 1.5293904312642155e+02 -1.6427957589390095e+02
1.7721066666666667e+00 1.5310280498489374e+02 -1.6433953809713003e+02
1.7731033333333335e+00 1.5326662663549155e+02 -1.6439956009241325e+02
1.7741000000000002e+00 1.5343050813783742e+02 -1.6445964193943402e+02
1.7750966666666668e+00 1.5359444955161337e+02 -1.6451978369795128e+02
1.7760933333333335e+00 1.5375845093656093e+02 -1.6457998542756923e+02
1.7770900000000001e+00 1.5392251235248108e+02 -1.6464024718813019e+02
1.7780866666666668e+00 1.5408663385923458e+02 -1.6470056903958653e+02
1.7790833333333336e+00 1.5425081551674180e+02 -1.6476095104175022e+02
1.7800800000000001e+00 1.5441505738498279e+02 -1.6482139325459397e+02
1.7810766666666669e+00 1.5457935952399757e+02 -1.6488189573823519e+02
1.7820733333333334e+00 1.5474372199388591e+02 -1.6494245855280141e+02
1.7830700000000002e+00 1.5490814485480763e+02 -1.6500308175833069e+02
1.7840666666666669e+00 1.5507262816698241e+02 -1.6506376541509113e+02
1.7850633333333334e+00 1.5523717199068997e+02 -1.6512450958342617e+02
1.7860600000000002e+00 1.5540177638627031e+02 -1.6518531432358162e+02
1.7870566666666667e+00 1.5556644141412337e+02 -1.6524617969598438e+02
1.7880533333333335e+00 1.5573116713470955e+02 -1.6530710576117141e+02
1.7890500000000003e+00 1.5589595360854938e+02 -1.6536809257958231e+02
1.7900466666666668e+00 1.5606080089622370e+02 -1.6542914021175974e+02
1.7910433333333335e+00 1.5622570905837395e+02 -1.6549024871846288e+02
1.7920400000000001e+00 1.5639067815570186e+02 -1.6555141816036121e+02
1.7930366666666668e+00 1.5655570824896986e+02 -1.6561264859811993e+02
1.7940333333333336e+00 1.5672079939900078e+02 -1.6567394009266329e+02
1.7950300000000001e+00 1.5688595166667821e+02 -1.6573529270487637e+02
1.7960266666666669e+00 1.5705116511294648e+02 -1.6579670649561803e+02
1.7970233333333334e+00 1.5721643979881054e+02 -1.6585818152594268e+02
1.7980200000000002e+00 1.5738177578533637e+02 -1.6591971785695756e+02
1.7990166666666669e+00 1.5754717313365074e+02 -1.6598131554975825e+02
1.8000133333333335e+00 1.5771263190494133e+02 -1.6604297466548610e+02
1.8010100000000002e+00 1.5787815216045692e+02 -1.6610469526544227e+02
1.8020066666666668e+00 1.5804373396150731e+02 -1.6616647741095193e+02
1.8030033333333335e+00 1.5820937736946351e+02 -1.6622832116330775e+02
1.8040000000000003e+00 1.5837508244575761e+02 -1.6629022658400442e+02
1.8049966666666668e+00 1.5854084925188300e+02 -1.6635219373456846e+02
1.8059933333333336e+00 1.5870667784939454e+02 -1.6641422267650054e+02
1.8069900000000001e+00 1.5887256829990821e+02 -1.6647631347136829e+02
1.8079866666666669e+00 1.5903852066510160e+02 -1.6653846618091049e+02
1.8089833333333334e+00 1.5920453500671377e+02 -1.6660068086693721e+02
1.8099800000000001e+00 1.5937061138654539e+02 -1.6666295759111156e+02
1.8109766666666669e+00 1.5953674986645865e+02 -1.6672529641537074e+02
1.8119733333333334e+00 1.5970295050837746e+02 -1.6678769740166868e+02
1.8129700000000002e+00 1.5986921337428757e+02 -1.6685016061189103e+02
1.8139666666666667e+00 1.6003553852623637e+02 -1.6691268610813302e+02
1.8149633333333335e+00 1.6020192602633330e+02 -1.6697527395255688e+02
1.8159600000000002e+00 1.6036837593674963e+02 -1.6703792420728513e+02
1.8169566666666668e+00 1.6053488831971862e+02 -1.6710063693452827e+02
1.8179533333333335e+00 1.6070146323753565e+02 -1.6716341219661405e+02
1.8189500000000001e+00 1.6086810075255815e+02 -1.6722625005593704e+02
1.8199466666666668e+00 1.6103480092720582e+02 -1.6728915057483070e+02
1.8209433333333336e+00 1.6120156382396050e+02 -1.6735211381581669e+02
1.8219400000000001e+00 1.6136838950536637e+02 -1.6741513984150478e+02
1.8229366666666669e+00 1.6153527803403009e+02 -1.6747822871442230e+02
1.8239333333333334e+00 1.6170222947262053e+02 -1.6754138049720635e+02
1.8249300000000002e+00 1.6186924388386922e+02 -1.6760459525266057e+02
1.8259266666666669e+00 1.6203632133057019e+02 -1.6766787304357800e+02
1.8269233333333335e+00 1.6220346187558005e+02 -1.6773121393275343e+02
1.8279200000000002e+00 1.6237066558181817e+02 -1.6779461798318485e+02
1.8289166666666667e+00 1.6253793251226659e+02 -1.6785808525783719e+02
1.8299133333333335e+00 1.6270526272997023e+02 -1.6792161581968537e+02
1.8309100000000003e+00 1.6287265629803679e+02 -1.6798520973189304e+02
1.8319066666666668e+00 1.6304011327963690e+02 -1.6804886705766845e+02
1.8329033333333336e+00 1.6320763373800429e+02 -1.6811258786016646e+02
1.8339000000000001e+00 1.6337521773643559e+02 -1.6817637220269430e+02
1.8348966666666668e+00 1.6354286533829071e+02 -1.6824022014868297e+02
1.8358933333333336e+00 1.6371057660699262e+02 -1.6830413176149591e+02
1.8368900000000001e+00 1.6387835160602754e+02 -1.6836810710459793e+02
1.8378866666666669e+00 1.6404619039894507e+02 -1.6843214624160018e+02
1.8388833333333334e+00 1.6421409304935813e+02 -1.6849624923612359e+02
1.8398800000000002e+00 1.6438205962094310e+02 -1.6856041615177023e+02
1.8408766666666669e+00 1.6455009017743981e+02 -1.6862464705230281e+02
1.8418733333333335e+00 1.6471818478265163e+02 -1.6868894200158536e+02
1.8428700000000002e+00 1.6488634350044569e+02 -1.6875330106340019e+02
1.8438666666666668e+00 1.6505456639475261e+02 -1.6881772430171020e+02
1.8448633333333335e+00 1.6522285352956695e+02 -1.6888221178054997e+02
1.8458600000000001e+00 1.6539120496894694e+02 -1.6894676356396803e+02
1.8468566666666668e+00 1.6555962077701480e+02 -1.6901137971600852e+02
1.8478533333333336e+00 1.6572810101795659e+02 -1.6907606030091901e+02
1.8488500000000001e+00 1.6589664575602239e+02 -1.6914080538300550e+02
1.8498466666666669e+00 1.6606525505552645e+02 -1.6920561502646368e+02
1.8508433333333334e+00 1.6623392898084697e+02 -1.6927048929571288e+02
1.8518400000000002e+00 1.6640266759642654e+02 -1.6933542825525345e+02
1.8528366666666669e+00 1.6657147096677193e+02 -1.6940043196954713e+02
1.8538333333333334e+00 1.6674033915645413e+02 -1.6946550050311342e+02
1.8548300000000002e+00 1.6690927223010868e+02 -1.6953063392069004e+02
1.8558266666666667e+00 1.6707827025243549e+02 -1.6959583228696718e+02
1.8568233333333335e+00 1.6724733328819903e+02 -1.6966109566660205e+02
1.8578200000000002e+00 1.6741646140222826e+02 -1.6972642412449844e+02
1.8588166666666668e+00 1.6758565465941686e+02 -1.6979181772558917e+02
1.8598133333333335e+00 1.6775491312472329e+02 -1.6985727653476894e+02
1.8608100000000001e+00 1.6792423686317059e+02 -1.6992280061704162e+02
1.8618066666666668e+00 1.6809362593984682e+02 -1.6998839003756339e+02
1.8628033333333336e+00 1.6826308041990487e+02 -1.7005404486149476e+02
1.8638000000000001e+00 1.6843260036856253e+02 -1.7011976515393974e+02
1.8647966666666669e+00 1.6860218585110277e+02 -1.7018555098027761e+02
1.8657933333333334e+00 1.6877183693287353e+02 -1.7025140240589738e+02
1.8667900000000002e+00 1.6894155367928803e+02 -1.7031731949608343e+02
1.8677866666666669e+00 1.6911133615582460e+02 -1.7038330231639560e+02
1.8687833333333335e+00 1.6928118442802690e+02 -1.7044935093240835e+02
1.8697800000000002e+00 1.6945109856150404e+02 -1.7051546540964367e+02
1.8707766666666668e+00 1.6962107862193037e+02 -1.7058164581378981e+02
1.8717733333333335e+00 1.6979112467504589e+02 -1.7064789221065882e+02
1.8727700000000003e+00 1.6996123678665612e+02 -1.7071420466601032e+02
1.8737666666666668e+00 1.7013141502263210e+02 -1.7078058324570358e+02
1.8747633333333336e+00 1.7030165944891070e+02 -1.7084702801568864e+02
1.8757600000000001e+00 1.7047197013149443e+02 -1.7091353904199576e+02
1.8767566666666669e+00 1.7064234713645169e+02 -1.7098011639062247e+02
1.8777533333333336e+00 1.7081279052991670e+02 -1.7104676012774175e+02
1.8787500000000001e+00 1.7098330037808961e+02 -1.7111347031964087e+02
1.8797466666666669e+00 1.7115387674723675e+02 -1.7118024703246923e+02
1.8807433333333334e+00 1.7132451970369030e+02 -1.7124709033252822e+02
1.8817400000000002e+00 1.7149522931384871e+02 -1.7131400028630460e+02
1.8827366666666667e+00 1.7166600564417658e+02 -1.7138097696029959e+02
1.8837333333333335e+00 1.7183684876120489e+02 -1.7144802042092383e+02
1.8847300000000002e+00 1.7200775873153088e+02 -1.7151513073486402e+02
1.8857266666666668e+00 1.7217873562181819e+02 -1.7158230796879198e+02
1.8867233333333335e+00 1.7234977949879701e+02 -1.7164955218934210e+02
1.8877200000000001e+00 1.7252089042926391e+02 -1.7171686346335756e+02
1.8887166666666668e+00 1.7269206848008227e+02 -1.7178424185774813e+02
1.8897133333333336e+00 1.7286331371818204e+02 -1.7185168743942867e+02
1.8907100000000001e+00 1.7303462621055988e+02 -1.7191920027534198e+02
1.8917066666666669e+00 1.7320600602427933e+02 -1.7198678043257857e+02
1.8927033333333334e+00 1.7337745322647075e+02 -1.7205442797832384e+02
1.8937000000000002e+00 1.7354896788433152e+02 -1.7212214297968720e+02
1.8946966666666669e+00 1.7372055006512588e+02 -1.7218992550396854e+02
1.8956933333333335e+00 1.7389219983618526e+02 -1.7225777561856685e+02
1.8966900000000002e+00 1.7406391726490827e+02 -1.7232569339077236e+02
1.8976866666666667e+00 1.7423570241876052e+02 -1.7239367888806984e+02
1.8986833333333335e+00 1.7440755536527516e+02 -1.7246173217805335e+02
1.8996800000000003e+00 1.7457947617205249e+02 -1.7252985332829402e+02
1.9006766666666668e+00 1.7475146490676028e+02 -1.7259804240641870e+02
1.9016733333333335e+00 1.7492352163713380e+02 -1.7266629948023092e+02
1.9026700000000001e+00 1.7509564643097585e+02 -1.7273462461754349e+02
1.9036666666666668e+00 1.7526783935615686e+02 -1.7280301788610737e+02
1.9046633333333336e+00 1.7544010048061483e+02 -1.7287147935392127e+02
1.9056600000000001e+00 1.7561242987235559e+02 -1.7294000908909689e+02
1.9066566666666669e+00 1.7578482759945285e+02 -1.7300860715958046e+02
1.9076533333333334e+00 1.7595729373004806e+02 -1.7307727363351265e+02
1.9086500000000002e+00 1.7612982833235074e+02 -1.7314600857920033e+02
1.9096466666666669e+00 1.7630243147463838e+02 -1.7321481206484222e+02
1.9106433333333335e+00 1.7647510322525645e+02 -1.7328368415874931e+02
1.9116400000000002e+00 1.7664784365261875e+02 -1.7335262492945242e+02
1.9126366666666668e+00 1.7682065282520719e+02 -1.7342163444539179e+02
1.9136333333333335e+00 1.7699353081157204e+02 -1.7349071277504532e+02
1.9146300000000003e+00 1.7716647768033187e+02 -1.7355985998709664e+02
1.9156266666666668e+00 1.7733949350017360e+02 -1.7362907615024153e+02
1.9166233333333336e+00 1.7751257833985287e+02 -1.7369836133318208e+02
1.9176200000000001e+00 1.7768573226819359e+02 -1.7376771560475757e+02
1.9186166666666669e+00 1.7785895535408855e+02 -1.7383713903390745e+02
1.9196133333333334e+00 1.7803224766649907e+02 -1.7390663168959932e+02
1.9206100000000002e+00 1.7820560927445538e+02 -1.7397619364078173e+02
1.9216066666666669e+00 1.7837904024705642e+02 -1.7404582495656607e+02
1.9226033333333334e+00 1.7855254065347003e+02 -1.7411552570621836e+02
1.9236000000000002e+00 1.7872611056293314e+02 -1.7418529595888282e+02
1.9245966666666667e+00 1.7889975004475158e+02 -1.7425513578385494e+02
1.9255933333333335e+00 1.7907345916830045e+02 -1.7432504525061077e+02
1.9265900000000002e+00 1.7924723800302388e+02 -1.7439502442851850e+02
1.9275866666666668e+00 1.7942108661843528e+02 -1.7446507338702946e+02
1.9285833333333335e+00 1.7959500508411745e+02 -1.7453519219585806e+02
1.9295800000000001e+00 1.7976899346972246e+02 -1.7460538092464219e+02
1.9305766666666668e+00 1.7994305184497202e+02 -1.7467563964300032e+02
1.9315733333333336e+00 1.8011718027965716e+02 -1.7474596842078560e+02
1.9325700000000001e+00 1.8029137884363857e+02 -1.7481636732790545e+02
1.9335666666666669e+00 1.8046564760684672e+02 -1.7488683643420276e+02
1.9345633333333334e+00 1.8063998663928155e+02 -1.7495737580965752e+02
1.9355600000000002e+00 1.8081439601101309e+02 -1.7502798552448704e+02
1.9365566666666669e+00 1.8098887579218109e+02 -1.7509866564874423e+02
1.9375533333333335e+00 1.8116342605299522e+02 -1.7516941625256453e+02
1.9385500000000002e+00 1.8133804686373526e+02 -1.7524023740634681e+02
1.9395466666666668e+00 1.8151273829475096e+02 -1.7531112918041342e+02
1.9405433333333335e+00 1.8168750041646237e+02 -1.7538209164510994e+02
1.9415400000000003e+00 1.8186233329935959e+02 -1.7545312487100256e+02
1.9425366666666668e+00 1.8203723701400310e+02 -1.7552422892869734e+02
1.9435333333333336e+00 1.8221221163102379e+02 -1.7559540388869291e+02
1.9445300000000001e+00 1.8238725722112278e+02 -1.7566664982171079e+02
1.9455266666666668e+00 1.8256237385507194e+02 -1.7573796679863833e+02
1.9465233333333336e+00 1.8273756160371357e+02 -1.7580935489024171e+02
1.9475200000000001e+00 1.8291282053796061e+02 -1.7588081416741167e+02
1.9485166666666669e+00 1.8308815072879682e+02 -1.7595234470118888e+02
1.9495133333333334e+00 1.8326355224727658e+02 -1.7602394656259429e+02
1.9505100000000002e+00 1.8343902516452528e+02 -1.7609561982272911e+02
1.9515066666666669e+00 1.8361456955173912e+02 -1.7616736455283004e+02
1.9525033333333335e+00 1.8379018548018530e+02 -1.7623918082418709e+02
1.9535000000000002e+00 1.8396587302120224e+02 -1.7631106870808327e+02
1.9544966666666668e+00 1.8414163224619924e+02 -1.7638302827591031e+02
1.9554933333333335e+00 1.8431746322665703e+02 -1.7645505959922562e+02
1.9564900000000003e+00 1.8449336603412752e+02 -1.7652716274955108e+02
1.9574866666666668e+00 1.8466934074023391e+02 -1.7659933779844766e+02
1.9584833333333336e+00 1.8484538741667097e+02 -1.7667158481769738e+02
1.9594800000000001e+00 1.8502150613520485e+02 -1.7674390387909114e+02
1.9604766666666669e+00 1.8519769696767335e+02 -1.7681629505436300e+02
1.9614733333333334e+00 1.8537395998598578e+02 -1.7688875841541778e+02
1.9624700000000002e+00 1.8555029526212326e+02 -1.7696129403434045e+02
1.9634666666666669e+00 1.8572670286813863e+02 -1.7703390198312374e+02
1.9644633333333335e+00 1.8590318287615656e+02 -1.7710658233387005e+02
1.9654600000000002e+00 1.8607973535837377e+02 -1.7717933515883212e+02
1.9664566666666667e+00 1.8625636038705881e+02 -1.7725216053027137e+02
1.9674533333333335e+00 1.8643305803455243e+02 -1.7732505852047231e+02
1.9684500000000003e+00 1.8660982837326742e+02 -1.7739802920186975e+02
1.9694466666666668e+00 1.8678667147568876e+02 -1.7747107264700796e+02
1.9704433333333335e+00 1.8696358741437385e+02 -1.7754418892839647e+02
1.9714400000000001e+00 1.8714057626195225e+02 -1.7761737811862463e+02
1.9724366666666668e+00 1.8731763809112613e+02 -1.7769064029046163e+02
1.9734333333333336e+00 1.8749477297467004e+02 -1.7776397551667031e+02
1.9744300000000001e+00 1.8767198098543105e+02 -1.7783738387002316e+02
1.9754266666666669e+00 1.8784926219632902e+02 -1.7791086542354279e+02
1.9764233333333334e+00 1.8802661668035645e+02 -1.7798442025026063e+02
1.9774200000000002e+00 1.8820404451057868e+02 -1.7805804842306003e+02
1.9784166666666669e+00 1.8838154576013375e+02 -1.7813175001516012e+02
1.9794133333333335e+00 1.8855912050223273e+02 -1.7820552509990358e+02
1.9804100000000002e+00 1.8873676881015982e+02 -1.7827937375039878e+02
1.9814066666666668e+00 1.8891449075727201e+02 -1.7835329604001910e+02
1.9824033333333335e+00 1.8909228641699974e+02 -1.7842729204234658e+02
1.9834000000000003e+00 1.8927015586284651e+02 -1.7850136183075747e+02
1.9843966666666668e+00 1.8944809916838906e+02 -1.7857550547875101e+02
1.9853933333333336e+00 1.8962611640727764e+02 -1.7864972306014849e+02
1.9863900000000001e+00 1.8980420765323584e+02 -1.7872401464866570e+02
1.9873866666666669e+00 1.8998237298006089e+02 -1.7879838031798440e+02
1.9883833333333336e+00 1.9016061246162346e+02 -1.7887282014200835e+02
1.9893800000000001e+00 1.9033892617186791e+02 -1.7894733419473576e+02
1.9903766666666669e+00 1.9051731418481245e+02 -1.7902192255013071e+02
1.9913733333333334e+00 1.9069577657454892e+02 -1.7909658528227959e+02
1.9923700000000002e+00 1.9087431341524322e+02 -1.7917132246543429e+02
1.9933666666666670e+00 1.9105292478113512e+02 -1.7924613417378421e+02
1.9943633333333335e+00 1.9123161074653834e+02 -1.7932102048155539e+02
1.9953600000000002e+00 1.9141037138584085e+02 -1.7939598146325369e+02
1.9963566666666668e+00 1.9158920677350469e+02 -1.7947101719335055e+02
1.9973533333333335e+00 1.9176811698406627e+02 -1.7954612774627483e+02
1.9983500000000001e+00 1.9194710209213616e+02 -1.7962131319668319e+02
1.9993466666666668e+00 1.9212616217239949e+02 -1.7969657361931826e+02
2.0003433333333334e+00 1.9230529729961572e+02 -1.7977190908888534e+02
2.0013399999999999e+00 1.9248450754861895e+02 -1.7984731968021788e+02
2.0023366666666669e+00 1.9266379299431799e+02 -1.7992280546822974e+02
2.0033333333333334e+00 1.9284315371169603e+02 -1.7999836652791996e+02
2.0043299999999999e+00 1.9302258977581138e+02 -1.8007400293435273e+02
2.0053266666666669e+00 1.9320210126179711e+02 -1.8014971476261897e+02
2.0063233333333335e+00 1.9338168824486095e+02 -1.8022550208794576e+02
2.0073200000000000e+00 1.9356135080028594e+02 -1.8030136498563701e+02
2.0083166666666665e+00 1.9374108900343006e+02 -1.8037730353103393e+02
2.0093133333333335e+00 1.9392090292972654e+02 -1.8045331779955814e+02
2.0103100000000000e+00 1.9410079265468357e+02 -1.8052940786676476e+02
2.0113066666666666e+00 1.9428075825388490e+02 -1.8060557380818565e+02
2.0123033333333331e+00 1.9446079980298953e+02 -1.8068181569947561e+02
2.0133000000000001e+00 1.9464091737773199e+02 -1.8075813361641295e+02
2.0142966666666666e+00 1.9482111105392215e+02 -1.8083452763479519e+02
2.0152933333333332e+00 1.9500138090744565e+02 -1.8091099783048449e+02
2.0162900000000001e+00 1.9518172701426383e+02 -1.8098754427947048e+02
2.0172866666666667e+00 1.9536214945041354e+02 -1.8106416705777883e+02
2.0182833333333332e+00 1.9554264829200764e+02 -1.8114086624148288e+02
2.0192799999999997e+00 1.9572322361523487e+02 -1.8121764190683652e+02
2.0202766666666667e+00 1.9590387549636000e+02 -1.8129449413007433e+02
2.0212733333333333e+00 1.9608460401172360e+02 -1.8137142298755001e+02
2.0222699999999998e+00 1.9626540923774260e+02 -1.8144842855566714e+02
2.0232666666666668e+00 1.9644629125091018e+02 -1.8152551091090046e+02
2.0242633333333333e+00 1.9662725012779546e+02 -1.8160267012984608e+02
2.0252599999999998e+00 1.9680828594504422e+02 -1.8167990628913549e+02
2.0262566666666668e+00 1.9698939877937869e+02 -1.8175721946551454e+02
2.0272533333333334e+00 1.9717058870759732e+02 -1.8183460973577894e+02
2.0282499999999999e+00 1.9735185580657540e+02 -1.8191207717678594e+02
2.0292466666666664e+00 1.9753320015326477e+02 -1.8198962186547359e+02
2.0302433333333334e+00 1.9771462182469409e+02 -1.8206724387888980e+02
2.0312399999999999e+00 1.9789612089796864e+02 -1.8214494329414387e+02
2.0322366666666665e+00 1.9807769745027076e+02 -1.8222272018840874e+02
2.0332333333333334e+00 1.9825935155885981e+02 -1.8230057463897253e+02
2.0342300000000000e+00 1.9844108330107190e+02 -1.8237850672314423e+02
2.0352266666666665e+00 1.9862289275432053e+02 -1.8245651651831037e+02
2.0362233333333335e+00 1.9880477999609639e+02 -1.8253460410200177e+02
2.0372200000000000e+00 1.9898674510396717e+02 -1.8261276955179807e+02
2.0382166666666666e+00 1.9916878815557820e+02 -1.8269101294532632e+02
2.0392133333333331e+00 1.9935090922865214e+02 -1.8276933436028028e+02
2.0402100000000001e+00 1.9953310840098919e+02 -1.8284773387447811e+02
2.0412066666666666e+00 1.9971538575046691e+02 -1.8292621156582749e+02
2.0422033333333331e+00 1.9989774135504081e+02 -1.8300476751225665e+02
2.0432000000000001e+00 2.0008017529274406e+02 -1.8308340179179564e+02
2.0441966666666667e+00 2.0026268764168742e+02 -1.8316211448258031e+02
2.0451933333333332e+00 2.0044527848005984e+02 -1.8324090566276689e+02
2.0461900000000002e+00 2.0062794788612814e+02 -1.8331977541062790e+02
2.0471866666666667e+00 2.0081069593823699e+02 -1.8339872380452738e+02
2.0481833333333332e+00 2.0099352271480944e+02 -1.8347775092287611e+02
2.0491799999999998e+00 2.0117642829434666e+02 -1.8355685684419484e+02
2.0501766666666668e+00 2.0135941275542820e+02 -1.8363604164705785e+02
2.0511733333333333e+00 2.0154247617671163e+02 -1.8371530541007149e+02
2.0521699999999998e+00 2.0172561863693326e+02 -1.8379464821200457e+02
2.0531666666666668e+00 2.0190884021490794e+02 -1.8387407013170053e+02
2.0541633333333333e+00 2.0209214098952881e+02 -1.8395357124803667e+02
2.0551599999999999e+00 2.0227552103976799e+02 -1.8403315163997945e+02
2.0561566666666664e+00 2.0245898044467620e+02 -1.8411281138657736e+02
2.0571533333333334e+00 2.0264251928338311e+02 -1.8419255056696096e+02
2.0581499999999999e+00 2.0282613763509701e+02 -1.8427236926033535e+02
2.0591466666666665e+00 2.0300983557910547e+02 -1.8435226754598241e+02
2.0601433333333334e+00 2.0319361319477508e+02 -1.8443224550328770e+02
2.0611400000000000e+00 2.0337747056155135e+02 -1.8451230321169882e+02
2.0621366666666665e+00 2.0356140775895926e+02 -1.8459244075071132e+02
2.0631333333333335e+00 2.0374542486660306e+02 -1.8467265819995325e+02
2.0641300000000000e+00 2.0392952196416616e+02 -1.8475295563910041e+02
2.0651266666666666e+00 2.0411369913141166e+02 -1.8483333314793171e+02
2.0661233333333331e+00 2.0429795644818213e+02 -1.8491379080626561e+02
2.0671200000000001e+00 2.0448229399439984e+02 -1.8499432869403122e+02
2.0681166666666666e+00 2.0466671185006649e+02 -1.8507494689124664e+02
2.0691133333333331e+00 2.0485121009526378e+02 -1.8515564547796313e+02
2.0701100000000001e+00 2.0503578881015332e+02 -1.8523642453436523e+02
2.0711066666666667e+00 2.0522044807497636e+02 -1.8531728414068471e+02
2.0721033333333332e+00 2.0540518797005444e+02 -1.8539822437725783e+02
2.0731000000000002e+00 2.0559000857578920e+02 -1.8547924532449744e+02
2.0740966666666667e+00 2.0577490997266219e+02 -1.8556034706283506e+02
2.0750933333333332e+00 2.0595989224123542e+02 -1.8564152967283337e+02
2.0760899999999998e+00 2.0614495546215124e+02 -1.8572279323519476e+02
2.0770866666666667e+00 2.0633009971613242e+02 -1.8580413783060462e+02
2.0780833333333333e+00 2.0651532508398202e+02 -1.8588556353987948e+02
2.0790799999999998e+00 2.0670063164658390e+02 -1.8596707044389694e+02
2.0800766666666668e+00 2.0688601948490259e+02 -1.8604865862359776e+02
2.0810733333333333e+00 2.0707148867998310e+02 -1.8613032816006927e+02
2.0820699999999999e+00 2.0725703931295149e+02 -1.8621207913440296e+02
2.0830666666666668e+00 2.0744267146501471e+02 -1.8629391162779629e+02
2.0840633333333334e+00 2.0762838521746048e+02 -1.8637582572160761e+02
2.0850599999999999e+00 2.0781418065165781e+02 -1.8645782149714077e+02
2.0860566666666664e+00 2.0800005784905673e+02 -1.8653989903583951e+02
2.0870533333333334e+00 2.0818601689118859e+02 -1.8662205841928790e+02
2.0880500000000000e+00 2.0837205785966583e+02 -1.8670429972905811e+02
2.0890466666666665e+00 2.0855818083618246e+02 -1.8678662304685417e+02
2.0900433333333335e+00 2.0874438590251401e+02 -1.8686902845447295e+02
2.0910400000000000e+00 2.0893067314051729e+02 -1.8695151603372904e+02
2.0920366666666665e+00 2.0911704263213090e+02 -1.8703408586656758e+02
2.0930333333333331e+00 2.0930349445937517e+02 -1.8711673803504547e+02
2.0940300000000001e+00 2.0949002870435228e+02 -1.8719947262124612e+02
2.0950266666666666e+00 2.0967664544924600e+02 -1.8728228970734048e+02
2.0960233333333331e+00 2.0986334477632232e+02 -1.8736518937561686e+02
2.0970200000000001e+00 2.1005012676792927e+02 -1.8744817170842859e+02
2.0980166666666666e+00 2.1023699150649671e+02 -1.8753123678814615e+02
2.0990133333333332e+00 2.1042393907453695e+02 -1.8761438469732880e+02
2.1000100000000002e+00 2.1061096955464461e+02 -1.8769761551860074e+02
2.1010066666666667e+00 2.1079808302949644e+02 -1.8778092933460348e+02
2.1020033333333332e+00 2.1098527958185181e+02 -1.8786432622805197e+02
2.1029999999999998e+00 2.1117255929455254e+02 -1.8794780628184421e+02
2.1039966666666667e+00 2.1135992225052323e+02 -1.8803136957891954e+02
2.1049933333333333e+00 2.1154736853277083e+02 -1.8811501620226159e+02
2.1059899999999998e+00 2.1173489822438535e+02 -1.8819874623494238e+02
2.1069866666666668e+00 2.1192251140853963e+02 -1.8828255976015689e+02
2.1079833333333333e+00 2.1211020816848924e+02 -1.8836645686115997e+02
2.1089799999999999e+00 2.1229798858757295e+02 -1.8845043762125130e+02
2.1099766666666668e+00 2.1248585274921268e+02 -1.8853450212391144e+02
2.1109733333333334e+00 2.1267380073691331e+02 -1.8861865045262317e+02
2.1119699999999999e+00 2.1286183263426318e+02 -1.8870288269097063e+02
2.1129666666666664e+00 2.1304994852493394e+02 -1.8878719892263615e+02
2.1139633333333334e+00 2.1323814849268072e+02 -1.8887159923134362e+02
2.1149600000000000e+00 2.1342643262134195e+02 -1.8895608370094644e+02
2.1159566666666665e+00 2.1361480099483990e+02 -1.8904065241538584e+02
2.1169533333333335e+00 2.1380325369718051e+02 -1.8912530545865593e+02
2.1179500000000000e+00 2.1399179081245330e+02 -1.8921004291486679e+02
2.1189466666666665e+00 2.1418041242483181e+02 -1.8929486486814483e+02
2.1199433333333335e+00 2.1436911861857354e+02 -1.8937977140276945e+02
2.1209400000000000e+00 2.1455790947801978e+02 -1.8946476260309322e+02
2.1219366666666666e+00 2.1474678508759615e+02 -1.8954983855352691e+02
2.1229333333333331e+00 2.1493574553181239e+02 -1.8963499933860842e+02
2.1239300000000001e+00 2.1512479089526258e+02 -1.8972024504291744e+02
2.1249266666666666e+00 2.1531392126262492e+02 -1.8980557575110586e+02
2.1259233333333332e+00 2.1550313671866226e+02 -1.8989099154794133e+02
2.1269200000000001e+00 2.1569243734822200e+02 -1.8997649251830248e+02
2.1279166666666667e+00 2.1588182323623590e+02 -1.9006207874711228e+02
2.1289133333333332e+00 2.1607129446772069e+02 -1.9014775031938001e+02
2.1299099999999997e+00 2.1626085112777773e+02 -1.9023350732019969e+02
2.1309066666666667e+00 2.1645049330159335e+02 -1.9031934983476430e+02
2.1319033333333333e+00 2.1664022107443859e+02 -1.9040527794835322e+02
2.1328999999999998e+00 2.1683003453166972e+02 -1.9049129174630394e+02
2.1338966666666668e+00 2.1701993375872820e+02 -1.9057739131406589e+02
2.1348933333333333e+00 2.1720991884114036e+02 -1.9066357673717508e+02
2.1358899999999998e+00 2.1739998986451818e+02 -1.9074984810126827e+02
2.1368866666666668e+00 2.1759014691455889e+02 -1.9083620549199469e+02
2.1378833333333334e+00 2.1778039007704493e+02 -1.9092264899510417e+02
2.1388799999999999e+00 2.1797071943784456e+02 -1.9100917869654683e+02
2.1398766666666664e+00 2.1816113508291164e+02 -1.9109579468225778e+02
2.1408733333333334e+00 2.1835163709828578e+02 -1.9118249703827166e+02
2.1418699999999999e+00 2.1854222557009209e+02 -1.9126928585068069e+02
2.1428666666666665e+00 2.1873290058454182e+02 -1.9135616120571984e+02
2.1438633333333335e+00 2.1892366222793225e+02 -1.9144312318969492e+02
2.1448600000000000e+00 2.1911451058664645e+02 -1.9153017188898295e+02
2.1458566666666665e+00 2.1930544574715381e+02 -1.9161730739006146e+02
2.1468533333333335e+00 2.1949646779601002e+02 -1.9170452977944990e+02
2.1478500000000000e+00 2.1968757681985676e+02 -1.9179183914382500e+02
2.1488466666666666e+00 2.1987877290542241e+02 -1.9187923556992070e+02
2.1498433333333331e+00 2.2007005613952174e+02 -1.9196671914451332e+02
2.1508400000000001e+00 2.2026142660905617e+02 -1.9205428995453624e+02
2.1518366666666666e+00 2.2045288440101351e+02 -1.9214194808697988e+02
2.1528333333333332e+00 2.2064442960246856e+02 -1.9222969362890572e+02
2.1538300000000001e+00 2.2083606230058300e+02 -1.9231752666747548e+02
2.1548266666666667e+00 2.2102778258260508e+02 -1.9240544728992180e+02
2.1558233333333332e+00 2.2121959053587037e+02 -1.9249345558361978e+02
2.1568200000000002e+00 2.2141148624780152e+02 -1.9258155163597371e+02
2.1578166666666667e+00 2.2160346980590811e+02 -1.9266973553448713e+02
2.1588133333333333e+00 2.2179554129778720e+02 -1.9275800736674915e+02
2.1598099999999998e+00 2.2198770081112312e+02 -1.9284636722044863e+02
2.1608066666666668e+00 2.2217994843368774e+02 -1.9293481518337475e+02
2.1618033333333333e+00 2.2237228425334021e+02 -1.9302335134337352e+02
2.1627999999999998e+00 2.2256470835802750e+02 -1.9311197578838988e+02
2.1637966666666668e+00 2.2275722083578435e+02 -1.9320068860648428e+02
2.1647933333333333e+00 2.2294982177473295e+02 -1.9328948988575928e+02
2.1657899999999999e+00 2.2314251126308366e+02 -1.9337837971438816e+02
2.1667866666666664e+00 2.2333528938913469e+02 -1.9346735818071579e+02
2.1677833333333334e+00 2.2352815624127240e+02 -1.9355642537311618e+02
2.1687799999999999e+00 2.2372111190797105e+02 -1.9364558138006265e+02
2.1697766666666665e+00 2.2391415647779334e+02 -1.9373482629015570e+02
2.1707733333333334e+00 2.2410729003939034e+02 -1.9382416019198376e+02
2.1717700000000000e+00 2.2430051268150117e+02 -1.9391358317429092e+02
2.1727666666666665e+00 2.2449382449295376e+02 -1.9400309532594841e+02
2.1737633333333335e+00 2.2468722556266462e+02 -1.9409269673584441e+02
2.1747600000000000e+00 2.2488071597963864e+02 -1.9418238749299385e+02
2.1757566666666666e+00 2.2507429583296971e+02 -1.9427216768649643e+02
2.1767533333333331e+00 2.2526796521184053e+02 -1.9436203740552398e+02
2.1777500000000001e+00 2.2546172420552278e+02 -1.9445199673933502e+02
2.1787466666666666e+00 2.2565557290337688e+02 -1.9454204577730107e+02
2.1797433333333331e+00 2.2584951139485264e+02 -1.9463218460889183e+02
2.1807400000000001e+00 2.2604353976948906e+02 -1.9472241332362313e+02
2.1817366666666667e+00 2.2623765811691419e+02 -1.9481273201113729e+02
2.1827333333333332e+00 2.2643186652684568e+02 -1.9490314076114632e+02
2.1837300000000002e+00 2.2662616508909065e+02 -1.9499363966342275e+02
2.1847266666666667e+00 2.2682055389354551e+02 -1.9508422880792278e+02
2.1857233333333332e+00 2.2701503303019661e+02 -1.9517490828461544e+02
2.1867199999999998e+00 2.2720960258911990e+02 -1.9526567818355656e+02
2.1877166666666668e+00 2.2740426266048124e+02 -1.9535653859491762e+02
2.1887133333333333e+00 2.2759901333453615e+02 -1.9544748960895419e+02
2.1897099999999998e+00 2.2779385470163041e+02 -1.9553853131601923e+02
2.1907066666666668e+00 2.2798878685219987e+02 -1.9562966380654183e+02
2.1917033333333333e+00 2.2818380987677034e+02 -1.9572088717106257e+02
2.1926999999999999e+00 2.2837892386595817e+02 -1.9581220150021963e+02
2.1936966666666669e+00 2.2857412891047002e+02 -1.9590360688464182e+02
2.1946933333333334e+00 2.2876942510110274e+02 -1.9599510341515480e+02
2.1956899999999999e+00 2.2896481252874398e+02 -1.9608669118269691e+02
2.1966866666666665e+00 2.2916029128437197e+02 -1.9617837027820804e+02
2.1976833333333334e+00 2.2935586145905575e+02 -1.9627014079277262e+02
2.1986800000000000e+00 2.2955152314395485e+02 -1.9636200281751587e+02
2.1996766666666665e+00 2.2974727643032000e+02 -1.9645395644371706e+02
2.2006733333333335e+00 2.2994312140949293e+02 -1.9654600176271828e+02
2.2016700000000000e+00 2.3013905817290618e+02 -1.9663813886593010e+02
2.2026666666666666e+00 2.3033508681208372e+02 -1.9673036784491768e+02
2.2036633333333331e+00 2.3053120741864072e+02 -1.9682268879127690e+02
2.2046600000000001e+00 2.3072742008428378e+02 -1.9691510179667696e+02
2.2056566666666666e+00 2.3092372490081064e+02 -1.9700760695295614e+02
2.2066533333333331e+00 2.3112012196011091e+02 -1.9710020435200627e+02
2.2076500000000001e+00 2.3131661135416579e+02 -1.9719289408578314e+02
2.2086466666666666e+00 2.3151319317504795e+02 -1.9728567624638151e+02
2.2096433333333332e+00 2.3170986751492214e+02 -1.9737855092597837e+02
2.2106400000000002e+00 2.3190663446604501e+02 -1.9747151821677195e+02
2.2116366666666667e+00 2.3210349412076491e+02 -1.9756457821117070e+02
2.2126333333333332e+00 2.3230044657152257e+02 -1.9765773100159515e+02
2.2136299999999998e+00 2.3249749191085081e+02 -1.9775097668055352e+02
2.2146266666666667e+00 2.3269463023137482e+02 -1.9784431534072792e+02
2.2156233333333333e+00 2.3289186162581186e+02 -1.9793774707479767e+02
2.2166199999999998e+00 2.3308918618697192e+02 -1.9803127197555247e+02
2.2176166666666668e+00 2.3328660400775752e+02 -1.9812489013591812e+02
2.2186133333333333e+00 2.3348411518116359e+02 -1.9821860164890208e+02
2.2196099999999999e+00 2.3368171980027805e+02 -1.9831240660757882e+02
2.2206066666666668e+00 2.3387941795828164e+02 -1.9840630510515967e+02
2.2216033333333334e+00 2.3407720974844773e+02 -1.9850029723486588e+02
2.2225999999999999e+00 2.3427509526414295e+02 -1.9859438309005839e+02
2.2235966666666664e+00 2.3447307459882700e+02 -1.9868856276425791e+02
2.2245933333333334e+00 2.3467114784605283e+02 -1.9878283635098816e+02
2.2255900000000000e+00 2.3486931509946641e+02 -1.9887720394388384e+02
2.2265866666666665e+00 2.3506757645280737e+02 -1.9897166563668927e+02
2.2275833333333335e+00 2.3526593199990882e+02 -1.9906622152324348e+02
2.2285800000000000e+00 2.3546438183469712e+02 -1.9916087169748062e+02
2.2295766666666665e+00 2.3566292605119261e+02 -1.9925561625340143e+02
2.2305733333333335e+00 2.3586156474350938e+02 -1.9935045528511611e+02
2.2315700000000001e+00 2.3606029800585506e+02 -1.9944538888685815e+02
2.2325666666666666e+00 2.3625912593253153e+02 -1.9954041715294360e+02
2.2335633333333331e+00 2.3645804861793462e+02 -1.9963554017770576e+02
2.2345600000000001e+00 2.3665706615655432e+02 -1.9973075805566683e+02
2.2355566666666666e+00 2.3685617864297461e+02 -1.9982607088144539e+02
2.2365533333333332e+00 2.3705538617187409e+02 -1.9992147874966915e+02
2.2375500000000001e+00 2.3725468883802571e+02 -2.0001698175514730e+02
2.2385466666666667e+00 2.3745408673629672e+02 -2.0011257999271237e+02
2.2395433333333332e+00 2.3765357996164914e+02 -2.0020827355735003e+02
2.2405399999999998e+00 2.3785316860913969e+02 -2.0030406254412091e+02
2.2415366666666667e+00 2.3805285277391988e+02 -2.0039994704813205e+02
2.2425333333333333e+00 2.3825263255123591e+02 -2.0049592716470070e+02
2.2435299999999998e+00 2.3845250803642921e+02 -2.0059200298913854e+02
2.2445266666666668e+00 2.3865247932493625e+02 -2.0068817461685404e+02
2.2455233333333333e+00 2.3885254651228843e+02 -2.0078444214340686e+02
2.2465199999999999e+00 2.3905270969411262e+02 -2.0088080566442210e+02
2.2475166666666668e+00 2.3925296896613114e+02 -2.0097726527560798e+02
2.2485133333333334e+00 2.3945332442416139e+02 -2.0107382107280918e+02
2.2495099999999999e+00 2.3965377616411669e+02 -2.0117047315192374e+02
2.2505066666666664e+00 2.3985432428200582e+02 -2.0126722160892459e+02
2.2515033333333334e+00 2.4005496887393340e+02 -2.0136406653996016e+02
2.2524999999999999e+00 2.4025571003609969e+02 -2.0146100804124600e+02
2.2534966666666665e+00 2.4045654786480105e+02 -2.0155804620901989e+02
2.2544933333333335e+00 2.4065748245642990e+02 -2.0165518113971760e+02
2.2554900000000000e+00 2.4085851390747456e+02 -2.0175241292985405e+02
2.2564866666666665e+00 2.4105964231451975e+02 -2.0184974167593779e+02
2.2574833333333335e+00 2.4126086777424655e+02 -2.0194716747468988e+02
2.2584800000000000e+00 2.4146219038343216e+02 -2.0204469042288201e+02
2.2594766666666666e+00 2.4166361023895053e+02 -2.0214231061739537e+02
2.2604733333333331e+00 2.4186512743777220e+02 -2.0224002815524392e+02
2.2614700000000001e+00 2.4206674207696443e+02 -2.0233784313340357e+02
2.2624666666666666e+00 2.4226845425369100e+02 -2.0243575564907349e+02
2.2634633333333332e+00 2.4247026406521286e+02 -2.0253376579954605e+02
2.2644600000000001e+00 2.4267217160888796e+02 -2.0263187368215597e+02
2.2654566666666667e+00 2.4287417698217106e+02 -2.0273007939434495e+02
2.2664533333333332e+00 2.4307628028261436e+02 -2.0282838303370440e+02
2.2674500000000002e+00 2.4327848160786732e+02 -2.0292678469785454e+02
2.2684466666666667e+00 2.4348078105567652e+02 -2.0302528448450789e+02
2.2694433333333333e+00 2.4368317872388624e+02 -2.0312388249158624e+02
2.2704399999999998e+00 2.4388567471043831e+02 -2.0322257881698749e+02
2.2714366666666668e+00 2.4408826911337229e+02 -2.0332137355875727e+02
2.2724333333333333e+00 2.4429096203082520e+02 -2.0342026681503603e+02
2.2734299999999998e+00 2.4449375356103221e+02 -2.0351925868404211e+02
2.2744266666666668e+00 2.4469664380232643e+02 -2.0361834926412322e+02
2.2754233333333334e+00 2.4489963285313880e+02 -2.0371753865369075e+02
2.2764199999999999e+00 2.4510272081199861e+02 -2.0381682695131917e+02
2.2774166666666669e+00 2.4530590777753346e+02 -2.0391621425561320e+02
2.2784133333333334e+00 2.4550919384846901e+02 -2.0401570066526924e+02
2.2794099999999999e+00 2.4571257912362961e+02 -2.0411528627913546e+02
2.2804066666666665e+00 2.4591606370193810e+02 -2.0421497119613628e+02
2.2814033333333334e+00 2.4611964768241606e+02 -2.0431475551533015e+02
2.2824000000000000e+00 2.4632333116418349e+02 -2.0441463933575582e+02
2.2833966666666665e+00 2.4652711424645952e+02 -2.0451462275668601e+02
2.2843933333333335e+00 2.4673099702856226e+02 -2.0461470587745305e+02
2.2853900000000000e+00 2.4693497960990854e+02 -2.0471488879740923e+02
2.2863866666666666e+00 2.4713906209001459e+02 -2.0481517161612948e+02
2.2873833333333331e+00 2.4734324456849581e+02 -2.0491555443320851e+02
2.2883800000000001e+00 2.4754752714506702e+02 -2.0501603734836092e+02
2.2893766666666666e+00 2.4775190991954221e+02 -2.0511662046142388e+02
2.2903733333333332e+00 2.4795639299183514e+02 -2.0521730387226870e+02
2.2913700000000001e+00 2.4816097646195922e+02 -2.0531808768091224e+02
2.2923666666666667e+00 2.4836566043002730e+02 -2.0541897198750553e+02
2.2933633333333332e+00 2.4857044499625235e+02 -2.0551995689224742e+02
2.2943600000000002e+00 2.4877533026094727e+02 -2.0562104249544041e+02
2.2953566666666667e+00 2.4898031632452475e+02 -2.0572222889752049e+02
2.2963533333333332e+00 2.4918540328749779e+02 -2.0582351619896042e+02
2.2973499999999998e+00 2.4939059125047962e+02 -2.0592490450038139e+02
2.2983466666666668e+00 2.4959588031418380e+02 -2.0602639390251102e+02
2.2993433333333333e+00 2.4980127057942411e+02 -2.0612798450618439e+02
2.3003399999999998e+00 2.5000676214711513e+02 -2.0622967641229872e+02
2.3013366666666668e+00 2.5021235511827203e+02 -2.0633146972184127e+02
2.3023333333333333e+00 2.5041804959401048e+02 -2.0643336453596103e+02
2.3033299999999999e+00 2.5062384567554722e+02 -2.0653536095585434e+02
2.3043266666666669e+00 2.5082974346419991e+02 -2.0663745908285094e+02
2.3053233333333334e+00 2.5103574306138700e+02 -2.0673965901835632e+02
2.3063199999999999e+00 2.5124184456862832e+02 -2.0684196086394076e+02
2.3073166666666665e+00 2.5144804808754489e+02 -2.0694436472118093e+02
2.3083133333333334e+00 2.5165435371985907e+02 -2.0704687069175984e+02
2.3093100000000000e+00 2.5186076156739443e+02 -2.0714947887756799e+02
2.3103066666666665e+00 2.5206727173207636e+02 -2.0725218938051410e+02
2.3113033333333335e+00 2.5227388431593187e+02 -2.0735500230261283e+02
2.3123000000000000e+00 2.5248059942108941e+02 -2.0745791774601116e+02
2.3132966666666666e+00 2.5268741714977958e+02 -2.0756093581291719e+02
2.3142933333333335e+00 2.5289433760433491e+02 -2.0766405660567355e+02
2.3152900000000001e+00 2.5310136088718968e+02 -2.0776728022671256e+02
2.3162866666666666e+00 2.5330848710088063e+02 -2.0787060677855914e+02
2.3172833333333331e+00 2.5351571634804660e+02 -2.0797403636390206e+02
2.3182800000000001e+00 2.5372304873142892e+02 -2.0807756908542319e+02
2.3192766666666667e+00 2.5393048435387104e+02 -2.0818120504596806e+02
2.3202733333333332e+00 2.5413802331831928e+02 -2.0828494434854272e+02
2.3212700000000002e+00 2.5434566572782262e+02 -2.0838878709614633e+02
2.3222666666666667e+00 2.5455341168553247e+02 -2.0849273339192393e+02
2.3232633333333332e+00 2.5476126129470344e+02 -2.0859678333918450e+02
2.3242599999999998e+00 2.5496921465869298e+02 -2.0870093704122988e+02
2.3252566666666667e+00 2.5517727188096168e+02 -2.0880519460151208e+02
2.3262533333333333e+00 2.5538543306507302e+02 -2.0890955612363248e+02
2.3272499999999998e+00 2.5559369831469405e+02 -2.0901402171128100e+02
2.3282466666666668e+00 2.5580206773359521e+02 -2.0911859146818449e+02
2.3292433333333333e+00 2.5601054142565010e+02 -2.0922326549820087e+02
2.3302399999999999e+00 2.5621911949483621e+02 -2.0932804390536208e+02
2.3312366666666668e+00 2.5642780204523461e+02 -2.0943292679369461e+02
2.3322333333333334e+00 2.5663658918103005e+02 -2.0953791426739858e+02
2.3332299999999999e+00 2.5684548100651131e+02 -2.0964300643080912e+02
2.3342266666666664e+00 2.5705447762607110e+02 -2.0974820338826899e+02
2.3352233333333334e+00 2.5726357914420640e+02 -2.0985350524429995e+02
2.3362200000000000e+00 2.5747278566551802e+02 -2.0995891210347310e+02
2.3372166666666665e+00 2.5768209729471135e+02 -2.1006442407050406e+02
2.3382133333333335e+00 2.5789151413659624e+02 -2.1017004125024687e+02
2.3392100000000000e+00 2.5810103629608676e+02 -2.1027576374755762e+02
2.3402066666666665e+00 2.5831066387820192e+02 -2.1038159166749406e+02
2.3412033333333335e+00 2.5852039698806533e+02 -2.1048752511516702e+02
2.3422000000000001e+00 2.5873023573090524e+02 -2.1059356419577483e+02
2.3431966666666666e+00 2.5894018021205511e+02 -2.1069970901467860e+02
2.3441933333333331e+00 2.5915023053695325e+02 -2.1080595967730480e+02
2.3451900000000001e+00 2.5936038681114331e+02 -2.1091231628923077e+02
2.3461866666666666e+00 2.5957064914027387e+02 -2.1101877895611116e+02
2.3471833333333332e+00 2.5978101763009914e+02 -2.1112534778363062e+02
2.3481800000000002e+00 2.5999149238647874e+02 -2.1123202287767043e+02
2.3491766666666667e+00 2.6020207351537766e+02 -2.1133880434425578e+02
2.3501733333333332e+00 2.6041276112286675e+02 -2.1144569228941347e+02
2.3511700000000002e+00 2.6062355531512264e+02 -2.1155268681928146e+02
2.3521666666666667e+00 2.6083445619842763e+02 -2.1165978804022728e+02
2.3531633333333333e+00 2.6104546387917020e+02 -2.1176699605860983e+02
2.3541599999999998e+00 2.6125657846384485e+02 -2.1187431098085347e+02
2.3551566666666668e+00 2.6146780005905237e+02 -2.1198173291364824e+02
2.3561533333333333e+00 2.6167912877149951e+02 -2.1208926196364695e+02
2.3571499999999999e+00 2.6189056470799983e+02 -2.1219689823770258e+02
2.3581466666666668e+00 2.6210210797547330e+02 -2.1230464184272384e+02
2.3591433333333334e+00 2.6231375868094625e+02 -2.1241249288570543e+02
2.3601399999999999e+00 2.6252551693155203e+02 -2.1252045147380448e+02
2.3611366666666664e+00 2.6273738283453071e+02 -2.1262851771427216e+02
2.3621333333333334e+00 2.6294935649722942e+02 -2.1273669171445508e+02
2.3631300000000000e+00 2.6316143802710201e+02 -2.1284497358177566e+02
2.3641266666666665e+00 2.6337362753170976e+02 -2.1295336342382799e+02
2.3651233333333335e+00 2.6358592511872126e+02 -2.1306186134826262e+02
2.3661200000000000e+00 2.6379833089591210e+02 -2.1317046746284439e+02
2.3671166666666665e+00 2.6401084497116568e+02 -2.1327918187548073e+02
2.3681133333333335e+00 2.6422346745247296e+02 -2.1338800469419311e+02
2.3691100000000000e+00 2.6443619844793233e+02 -2.1349693602703155e+02
2.3701066666666666e+00 2.6464903806575023e+02 -2.1360597598220764e+02
2.3711033333333331e+00 2.6486198641424090e+02 -2.1371512466799942e+02
2.3721000000000001e+00 2.6507504360182662e+02 -2.1382438219289426e+02
2.3730966666666666e+00 2.6528820973703768e+02 -2.1393374866542703e+02
2.3740933333333332e+00 2.6550148492851270e+02 -2.1404322419416056e+02
2.3750900000000001e+00 2.6571486928499866e+02 -2.1415280888791531e+02
2.3760866666666667e+00 2.6592836291535076e+02 -2.1426250285553976e+02
2.3770833333333332e+00 2.6614196592853307e+02 -2.1437230620596725e+02
2.3780800000000002e+00 2.6635567843361815e+02 -2.1448221904827511e+02
2.3790766666666667e+00 2.6656950053978716e+02 -2.1459224149162549e+02
2.3800733333333333e+00 2.6678343235633042e+02 -2.1470237364537007e+02
2.3810699999999998e+00 2.6699747399264709e+02 -2.1481261561887067e+02
2.3820666666666668e+00 2.6721162555824549e+02 -2.1492296752164168e+02
2.3830633333333333e+00 2.6742588716274292e+02 -2.1503342946327311e+02
2.3840599999999998e+00 2.6764025891586624e+02 -2.1514400155349622e+02
2.3850566666666668e+00 2.6785474092745176e+02 -2.1525468390221587e+02
2.3860533333333334e+00 2.6806933330744499e+02 -2.1536547661933565e+02
2.3870499999999999e+00 2.6828403616590134e+02 -2.1547637981484334e+02
2.3880466666666669e+00 2.6849884961298596e+02 -2.1558739359898601e+02
2.3890433333333334e+00 2.6871377375897367e+02 -2.1569851808203819e+02
2.3900399999999999e+00 2.6892880871424939e+02 -2.1580975337432051e+02
2.3910366666666665e+00 2.6914395458930812e+02 -2.1592109958639250e+02
2.3920333333333335e+00 2.6935921149475513e+02 -2.1603255682888121e+02
2.3930300000000000e+00 2.6957457954130570e+02 -2.1614412521243182e+02
2.3940266666666665e+00 2.6979005883978573e+02 -2.1625580484785843e+02
2.3950233333333335e+00 2.7000564950113164e+02 -2.1636759584615032e+02
2.3960200000000000e+00 2.7022135163639024e+02 -2.1647949831832312e+02
2.3970166666666666e+00 2.7043716535671933e+02 -2.1659151237560994e+02
2.3980133333333331e+00 2.7065309077338753e+02 -2.1670363812919751e+02
2.3990100000000001e+00 2.7086912799777440e+02 -2.1681587569045476e+02
2.4000066666666666e+00 2.7108527714137028e+02 -2.1692822517091079e+02
2.4010033333333332e+00 2.7130153831577707e+02 -2.1704068668217769e+02
2.4020000000000001e+00 2.7151791163270786e+02 -2.1715326033595821e+02
2.4029966666666667e+00 2.7173439720398687e+02 -2.1726594624406647e+02
2.4039933333333332e+00 2.7195099514155015e+02 -2.1737874451845667e+02
2.4049900000000002e+00 2.7216770555744534e+02 -2.1749165527114531e+02
2.4059866666666667e+00 2.7238452856383157e+02 -2.1760467861428882e+02
2.4069833333333333e+00 2.7260146427297997e+02 -2.1771781466017478e+02
2.4079799999999998e+00 2.7281851279727368e+02 -2.1783106352124466e+02
2.4089766666666668e+00 2.7303567424920794e+02 -2.1794442530992328e+02
2.4099733333333333e+00 2.7325294874138990e+02 -2.1805790013882304e+02
2.4109699999999998e+00 2.7347033638653920e+02 -2.1817148812066768e+02
2.4119666666666668e+00 2.7368783729748793e+02 -2.1828518936830116e+02
2.4129633333333333e+00 2.7390545158718044e+02 -2.1839900399464992e+02
2.4139599999999999e+00 2.7412317936867396e+02 -2.1851293211277948e+02
2.4149566666666669e+00 2.7434102075513846e+02 -2.1862697383590486e+02
2.4159533333333334e+00 2.7455897585985650e+02 -2.1874112927723746e+02
2.4169499999999999e+00 2.7477704479622383e+02 -2.1885539855020522e+02
2.4179466666666665e+00 2.7499522767774920e+02 -2.1896978176830478e+02
2.4189433333333334e+00 2.7521352461805463e+02 -2.1908427904515875e+02
2.4199400000000000e+00 2.7543193573087524e+02 -2.1919889049457763e+02
2.4209366666666665e+00 2.7565046113005980e+02 -2.1931361623031097e+02
2.4219333333333335e+00 2.7586910092957049e+02 -2.1942845636631552e+02
2.4229300000000000e+00 2.7608785524348303e+02 -2.1954341101671542e+02
2.4239266666666666e+00 2.7630672418598704e+02 -2.1965848029571617e+02
2.4249233333333335e+00 2.7652570787138609e+02 -2.1977366431758870e+02
2.4259200000000001e+00 2.7674480641409735e+02 -2.1988896319677050e+02
2.4269166666666666e+00 2.7696401992865253e+02 -2.2000437704777286e+02
2.4279133333333331e+00 2.7718334852969730e+02 -2.2011990598520424e+02
2.4289100000000001e+00 2.7740279233199175e+02 -2.2023555012391432e+02
2.4299066666666667e+00 2.7762235145041024e+02 -2.2035130957874000e+02
2.4309033333333332e+00 2.7784202599994182e+02 -2.2046718446465633e+02
2.4319000000000002e+00 2.7806181609569035e+02 -2.2058317489676153e+02
2.4328966666666667e+00 2.7828172185287400e+02 -2.2069928099026336e+02
2.4338933333333332e+00 2.7850174338682632e+02 -2.2081550286055639e+02
2.4348899999999998e+00 2.7872188081299561e+02 -2.2093184062304792e+02
2.4358866666666668e+00 2.7894213424694550e+02 -2.2104829439327213e+02
2.4368833333333333e+00 2.7916250380435446e+02 -2.2116486428697868e+02
2.4378799999999998e+00 2.7938298960101667e+02 -2.2128155041988327e+02
2.4388766666666668e+00 2.7960359175284179e+02 -2.2139835290794034e+02
2.4398733333333333e+00 2.7982431037585474e+02 -2.2151527186721310e+02
2.4408699999999999e+00 2.8004514558619638e+02 -2.2163230741373084e+02
2.4418666666666669e+00 2.8026609750012346e+02 -2.2174945966384729e+02
2.4428633333333334e+00 2.8048716623400833e+02 -2.2186672873396807e+02
2.4438599999999999e+00 2.8070835190433974e+02 -2.2198411474045673e+02
2.4448566666666665e+00 2.8092965462772236e+02 -2.2210161779994667e+02
2.4458533333333334e+00 2.8115107452087727e+02 -2.2221923802922743e+02
2.4468500000000000e+00 2.8137261170064181e+02 -2.2233697554510380e+02
2.4478466666666665e+00 2.8159426628396989e+02 -2.2245483046451687e+02
2.4488433333333335e+00 2.8181603838793222e+02 -2.2257280290459110e+02
2.4498400000000000e+00 2.8203792812971591e+02 -2.2269089298244481e+02
2.4508366666666666e+00 2.8225993562662512e+02 -2.2280910081538963e+02
2.4518333333333335e+00 2.8248206099608109e+02 -2.2292742652086400e+02
2.4528300000000001e+00 2.8270430435562179e+02 -2.2304587021641390e+02
2.4538266666666666e+00 2.8292666582290275e+02 -2.2316443201971430e+02
2.4548233333333331e+00 2.8314914551569672e+02 -2.2328311204848222e+02
2.4558200000000001e+00 2.8337174355189387e+02 -2.2340191042061991e+02
2.4568166666666666e+00 2.8359446004950178e+02 -2.2352082725418674e+02
2.4578133333333332e+00 2.8381729512664594e+02 -2.2363986266726388e+02
2.4588100000000002e+00 2.8404024890156961e+02 -2.2375901677808861e+02
2.4598066666666667e+00 2.8426332149263368e+02 -2.2387828970506246e+02
2.4608033333333332e+00 2.8448651301831740e+02 -2.2399768156663714e+02
2.4618000000000002e+00 2.8470982359721808e+02 -2.2411719248139238e+02
2.4627966666666667e+00 2.8493325334805104e+02 -2.2423682256804338e+02
2.4637933333333333e+00 2.8515680238965024e+02 -2.2435657194549080e+02
2.4647899999999998e+00 2.8538047084096814e+02 -2.2447644073262094e+02
2.4657866666666668e+00 2.8560425882107580e+02 -2.2459642904853413e+02
2.4667833333333333e+00 2.8582816644916278e+02 -2.2471653701240206e+02
2.4677799999999999e+00 2.8605219384453778e+02 -2.2483676474353106e+02
2.4687766666666668e+00 2.8627634112662849e+02 -2.2495711236138575e+02
2.4697733333333334e+00 2.8650060841498129e+02 -2.2507757998545111e+02
2.4707699999999999e+00 2.8672499582926218e+02 -2.2519816773542601e+02
2.4717666666666664e+00 2.8694950348925630e+02 -2.2531887573113758e+02
2.4727633333333334e+00 2.8717413151486846e+02 -2.2543970409242831e+02
2.4737600000000000e+00 2.8739888002612258e+02 -2.2556065293932508e+02
2.4747566666666665e+00 2.8762374914316268e+02 -2.2568172239201789e+02
2.4757533333333335e+00 2.8784873898625256e+02 -2.2580291257074168e+02
2.4767500000000000e+00 2.8807384967577559e+02 -2.2592422359589420e+02
2.4777466666666665e+00 2.8829908133223552e+02 -2.2604565558795031e+02
2.4787433333333335e+00 2.8852443407625623e+02 -2.2616720866751587e+02
2.4797400000000001e+00 2.8874990802858161e+02 -2.2628888295541634e+02
2.4807366666666666e+00 2.8897550331007631e+02 -2.2641067857246219e+02
2.4817333333333331e+00 2.8920122004172532e+02 -2.2653259563962112e+02
2.4827300000000001e+00 2.8942705834463436e+02 -2.2665463427807646e+02
2.4837266666666666e+00 2.8965301834002969e+02 -2.2677679460893887e+02
2.4847233333333332e+00 2.8987910014925865e+02 -2.2689907675362358e+02
2.4857200000000002e+00 2.9010530389378971e+02 -2.2702148083364978e+02
2.4867166666666667e+00 2.9033162969521209e+02 -2.2714400697049865e+02
2.4877133333333332e+00 2.9055807767523652e+02 -2.2726665528592761e+02
2.4887100000000002e+00 2.9078464795569516e+02 -2.2738942590182663e+02
2.4897066666666667e+00 2.9101134065854131e+02 -2.2751231894004769e+02
2.4907033333333333e+00 2.9123815590585025e+02 -2.2763533452271238e+02
2.4916999999999998e+00 2.9146509381981878e+02 -2.2775847277207197e+02
2.4926966666666668e+00 2.9169215452276575e+02 -2.2788173381033673e+02
2.4936933333333333e+00 2.9191933813713160e+02 -2.2800511776004302e+02
2.4946899999999999e+00 2.9214664478547928e+02 -2.2812862474371784e+02
2.4956866666666668e+00 2.9237407459049382e+02 -2.2825225488396433e+02
2.4966833333333334e+00 2.9260162767498230e+02 -2.2837600830371829e+02
2.4976799999999999e+00 2.9282930416187469e+02 -2.2849988512587703e+02
2.4986766666666669e+00 2.9305710417422341e+02 -2.2862388547347192e+02
2.4996733333333334e+00 2.9328502783520338e+02 -2.2874800946969526e+02
2.5006699999999999e+00 2.9351307526811257e+02 -2.2887225723780881e+02
2.5016666666666665e+00 2.9374124659637181e+02 -2.2899662890123284e+02
2.5026633333333335e+00 2.9396954194352514e+02 -2.2912112458354710e+02
2.5036600000000000e+00 2.9419796143323947e+02 -2.2924574440842872e+02
2.5046566666666665e+00 2.9442650518930532e+02 -2.2937048849962991e+02
2.5056533333333335e+00 2.9465517333563662e+02 -2.2949535698106652e+02
2.5066500000000000e+00 2.9488396599627060e+02 -2.2962034997678654e+02
2.5076466666666666e+00 2.9511288329536848e+02 -2.2974546761096374e+02
2.5086433333333331e+00 2.9534192535721519e+02 -2.2987071000790257e+02
2.5096400000000001e+00 2.9557109230621967e+02 -2.2999607729192448e+02
2.5106366666666666e+00 2.9580038426691465e+02 -2.3012156958764766e+02
2.5116333333333332e+00 2.9602980136395729e+02 -2.3024718701973629e+02
2.5126300000000001e+00 2.9625934372212913e+02 -2.3037292971287675e+02
2.5136266666666667e+00 2.9648901146633574e+02 -2.3049879779208663e+02
2.5146233333333332e+00 2.9671880472160763e+02 -2.3062479138231490e+02
2.5156200000000002e+00 2.9694872361309990e+02 -2.3075091060870460e+02
2.5166166666666667e+00 2.9717876826609222e+02 -2.3087715559667240e+02
2.5176133333333333e+00 2.9740893880598946e+02 -2.3100352647147520e+02
2.5186099999999998e+00 2.9763923535832146e+02 -2.3113002335867213e+02
2.5196066666666668e+00 2.9786965804874330e+02 -2.3125664638398266e+02
2.5206033333333333e+00 2.9810020700303505e+02 -2.3138339567310851e+02
2.5215999999999998e+00 2.9833088234710254e+02 -2.3151027135202472e+02
2.5225966666666668e+00 2.9856168420697719e+02 -2.3163727354675902e+02
2.5235933333333334e+00 2.9879261270881568e+02 -2.3176440238338395e+02
2.5245899999999999e+00 2.9902366797890085e+02 -2.3189165798824496e+02
2.5255866666666669e+00 2.9925485014364148e+02 -2.3201904048774074e+02
2.5265833333333334e+00 2.9948615932957205e+02 -2.3214655000840003e+02
2.5275799999999999e+00 2.9971759566335356e+02 -2.3227418667696213e+02
2.5285766666666665e+00 2.9994915927177323e+02 -2.3240195062009832e+02
2.5295733333333335e+00 3.0018085028174477e+02 -2.3252984196475472e+02
2.5305700000000000e+00 3.0041266882030811e+02 -2.3265786083800202e+02
2.5315666666666665e+00 3.0064461501463023e+02 -2.3278600736698357e+02
2.5325633333333335e+00 3.0087668899200486e+02 -2.3291428167898258e+02
2.5335600000000000e+00 3.0110889087985242e+02 -2.3304268390146896e+02
2.5345566666666666e+00 3.0134122080572070e+02 -2.3317121416195656e+02
2.5355533333333335e+00 3.0157367889728454e+02 -2.3329987258809956e+02
2.5365500000000001e+00 3.0180626528234592e+02 -2.3342865930776716e+02
2.5375466666666666e+00 3.0203898008883459e+02 -2.3355757444881010e+02
2.5385433333333332e+00 3.0227182344480764e+02 -2.3368661813929694e+02
2.5395400000000001e+00 3.0250479547845003e+02 -2.3381579050745773e+02
2.5405366666666667e+00 3.0273789631807421e+02 -2.3394509168158933e+02
2.5415333333333332e+00 3.0297112609212093e+02 -2.3407452179014601e+02
2.5425300000000002e+00 3.0320448492915898e+02 -2.3420408096163811e+02
2.5435266666666667e+00 3.0343797295788499e+02 -2.3433376932479018e+02
2.5445233333333332e+00 3.0367159030712440e+02 -2.3446358700847929e+02
2.5455199999999998e+00 3.0390533710583082e+02 -2.3459353414162962e+02
2.5465166666666668e+00 3.0413921348308668e+02 -2.3472361085329837e+02
2.5475133333333333e+00 3.0437321956810274e+02 -2.3485381727266656e+02
2.5485099999999998e+00 3.0460735549021894e+02 -2.3498415352912880e+02
2.5495066666666668e+00 3.0484162137890416e+02 -2.3511461975216568e+02
2.5505033333333333e+00 3.0507601736375619e+02 -2.3524521607135733e+02
2.5514999999999999e+00 3.0531054357450222e+02 -2.3537594261641189e+02
2.5524966666666669e+00 3.0554520014099887e+02 -2.3550679951718075e+02
2.5534933333333334e+00 3.0577998719323193e+02 -2.3563778690370049e+02
2.5544899999999999e+00 3.0601490486131706e+02 -2.3576890490604509e+02
2.5554866666666665e+00 3.0624995327549971e+02 -2.3590015365445043e+02
2.5564833333333334e+00 3.0648513256615513e+02 -2.3603153327934334e+02
2.5574800000000000e+00 3.0672044286378838e+02 -2.3616304391115943e+02
2.5584766666666665e+00 3.0695588429903489e+02 -2.3629468568057572e+02
2.5594733333333335e+00 3.0719145700266046e+02 -2.3642645871838548e+02
2.5604700000000000e+00 3.0742716110556086e+02 -2.3655836315542351e+02
2.5614666666666666e+00 3.0766299673876279e+02 -2.3669039912276583e+02
2.5624633333333335e+00 3.0789896403342357e+02 -2.3682256675154821e+02
2.5634600000000001e+00 3.0813506312083098e+02 -2.3695486617306159e+02
2.5644566666666666e+00 3.0837129413240399e+02 -2.3708729751869151e+02
2.5654533333333331e+00 3.0860765719969260e+02 -2.3721986092001384e+02
2.5664500000000001e+00 3.0884415245437799e+02 -2.3735255650876798e+02
2.5674466666666667e+00 3.0908078002827244e+02 -2.3748538441667267e+02
2.5684433333333332e+00 3.0931754005331993e+02 -2.3761834477571591e+02
2.5694400000000002e+00 3.0955443266159602e+02 -2.3775143771800350e+02
2.5704366666666667e+00 3.0979145798530766e+02 -2.3788466337568215e+02
2.5714333333333332e+00 3.1002861615679393e+02 -2.3801802188108167e+02
2.5724300000000002e+00 3.1026590730852581e+02 -2.3815151336673588e+02
2.5734266666666668e+00 3.1050333157310621e+02 -2.3828513796527636e+02
2.5744233333333333e+00 3.1074088908327053e+02 -2.3841889580934244e+02
2.5754199999999998e+00 3.1097857997188635e+02 -2.3855278703179357e+02
2.5764166666666668e+00 3.1121640437195384e+02 -2.3868681176570976e+02
2.5774133333333333e+00 3.1145436241660559e+02 -2.3882097014420719e+02
2.5784099999999999e+00 3.1169245423910718e+02 -2.3895526230055617e+02
2.5794066666666668e+00 3.1193067997285715e+02 -2.3908968836811817e+02
2.5804033333333334e+00 3.1216903975138666e+02 -2.3922424848043721e+02
2.5813999999999999e+00 3.1240753370836035e+02 -2.3935894277115040e+02
2.5823966666666665e+00 3.1264616197757601e+02 -2.3949377137411508e+02
2.5833933333333334e+00 3.1288492469296511e+02 -2.3962873442326739e+02
2.5843900000000000e+00 3.1312382198859223e+02 -2.3976383205257895e+02
2.5853866666666665e+00 3.1336285399865591e+02 -2.3989906439634592e+02
2.5863833333333335e+00 3.1360202085748858e+02 -2.4003443158884320e+02
2.5873800000000000e+00 3.1384132269955632e+02 -2.4016993376455559e+02
2.5883766666666665e+00 3.1408075965945960e+02 -2.4030557105812144e+02
2.5893733333333335e+00 3.1432033187193309e+02 -2.4044134360421484e+02
2.5903700000000001e+00 3.1456003947184547e+02 -2.4057725153772003e+02
2.5913666666666666e+00 3.1479988259420026e+02 -2.4071329499367079e+02
2.5923633333333331e+00 3.1503986137413546e+02 -2.4084947410717939e+02
2.5933600000000001e+00 3.1527997594692403e+02 -2.4098578901349427e+02
2.5943566666666666e+00 3.1552022644797336e+02 -2.4112223984806982e+02
2.5953533333333332e+00 3.1576061301282624e+02 -2.4125882674645626e+02
2.5963500000000002e+00 3.1600113577716070e+02 -2.4139554984429790e+02
2.5973466666666667e+00 3.1624179487678964e+02 -2.4153240927736306e+02
2.5983433333333332e+00 3.1648259044766166e+02 -2.4166940518165777e+02
2.5993400000000002e+00 3.1672352262586111e+02 -2.4180653769334003e+02
2.6003366666666667e+00 3.1696459154760760e+02 -2.4194380694852032e+02
2.6013333333333333e+00 3.1720579734925690e+02 -2.4208121308354350e+02
2.6023299999999998e+00 3.1744714016730057e+02 -2.4221875623497635e+02
2.6033266666666668e+00 3.1768862013836656e+02 -2.4235643653940798e+02
2.6043233333333333e+00 3.1793023739921858e+02 -2.4249425413360467e+02
2.6053199999999999e+00 3.1817199208675709e+02 -2.4263220915445601e+02
2.6063166666666668e+00 3.1841388433801905e+02 -2.4277030173900451e+02
2.6073133333333334e+00 3.1865591429017780e+02 -2.4290853202447286e+02
2.6083099999999999e+00 3.1889808208054382e+02 -2.4304690014814955e+02
2.6093066666666669e+00 3.1914038784656435e+02 -2.4318540624739103e+02
2.6103033333333334e+00 3.1938283172582345e+02 -2.4332405045984771e+02
2.6113000000000000e+00 3.1962541385604271e+02 -2.4346283292331825e+02
2.6122966666666665e+00 3.1986813437508096e+02 -2.4360175377556715e+02
2.6132933333333335e+00 3.2011099342093456e+02 -2.4374081315458133e+02
2.6142900000000000e+00 3.2035399113173719e+02 -2.4388001119852458e+02
2.6152866666666665e+00 3.2059712764576051e+02 -2.4401934804568273e+02
2.6162833333333335e+00 3.2084040310141421e+02 -2.4415882383446814e+02
2.6172800000000001e+00 3.2108381763724555e+02 -2.4429843870341523e+02
2.6182766666666666e+00 3.2132737139194035e+02 -2.4443819279120621e+02
2.6192733333333331e+00 3.2157106450432252e+02 -2.4457808623663206e+02
2.6202700000000001e+00 3.2181489711335456e+02 -2.4471811917870687e+02
2.6212666666666666e+00 3.2205886935813726e+02 -2.4485829175650701e+02
2.6222633333333332e+00 3.2230298137791033e+02 -2.4499860410928713e+02
2.6232600000000001e+00 3.2254723331205247e+02 -2.4513905637642989e+02
2.6242566666666667e+00 3.2279162530008091e+02 -2.4527964869741061e+02
2.6252533333333332e+00 3.2303615748165237e+02 -2.4542038121196870e+02
2.6262500000000002e+00 3.2328082999656289e+02 -2.4556125405980069e+02
2.6272466666666667e+00 3.2352564298474749e+02 -2.4570226738089517e+02
2.6282433333333333e+00 3.2377059658628110e+02 -2.4584342131533131e+02
2.6292399999999998e+00 3.2401569094137818e+02 -2.4598471600326877e+02
2.6302366666666668e+00 3.2426092619039315e+02 -2.4612615158514811e+02
2.6312333333333333e+00 3.2450630247382009e+02 -2.4626772820144299e+02
2.6322299999999998e+00 3.2475181993229347e+02 -2.4640944599274755e+02
2.6332266666666668e+00 3.2499747870658803e+02 -2.4655130509981399e+02
2.6342233333333334e+00 3.2524327893761847e+02 -2.4669330566362908e+02
2.6352199999999999e+00 3.2548922076644038e+02 -2.4683544782521466e+02
2.6362166666666669e+00 3.2573530433425003e+02 -2.4697773172577934e+02
2.6372133333333334e+00 3.2598152978238414e+02 -2.4712015750662385e+02
2.6382099999999999e+00 3.2622789725232070e+02 -2.4726272530925223e+02
2.6392066666666665e+00 3.2647440688567866e+02 -2.4740543527533572e+02
2.6402033333333335e+00 3.2672105882421829e+02 -2.4754828754651319e+02
2.6412000000000000e+00 3.2696785320984088e+02 -2.4769128226476960e+02
2.6421966666666665e+00 3.2721479018458962e+02 -2.4783441957218102e+02
2.6431933333333335e+00 3.2746186989064927e+02 -2.4797769961086951e+02
2.6441900000000000e+00 3.2770909247034604e+02 -2.4812112252313364e+02
2.6451866666666666e+00 3.2795645806614834e+02 -2.4826468845150546e+02
2.6461833333333336e+00 3.2820396682066678e+02 -2.4840839753856361e+02
2.6471800000000001e+00 3.2845161887665381e+02 -2.4855224992706292e+02
2.6481766666666666e+00 3.2869941437700447e+02 -2.4869624575998984e+02
2.6491733333333332e+00 3.2894735346475630e+02 -2.4884038518021333e+02
2.6501700000000001e+00 3.2919543628308946e+02 -2.4898466833099815e+02
2.6511666666666667e+00 3.2944366297532667e+02 -2.4912909535572678e+02
2.6521633333333332e+00 3.2969203368493379e+02 -2.4927366639775752e+02
2.6531600000000002e+00 3.2994054855551980e+02 -2.4941838160078180e+02
2.6541566666666667e+00 3.3018920773083653e+02 -2.4956324110846705e+02
2.6551533333333333e+00 3.3043801135477952e+02 -2.4970824506476873e+02
2.6561499999999998e+00 3.3068695957138760e+02 -2.4985339361378198e+02
2.6571466666666668e+00 3.3093605252484349e+02 -2.4999868689957080e+02
2.6581433333333333e+00 3.3118529035947324e+02 -2.5014412506651536e+02
2.6591399999999998e+00 3.3143467321974714e+02 -2.5028970825911421e+02
2.6601366666666668e+00 3.3168420125027961e+02 -2.5043543662191490e+02
2.6611333333333334e+00 3.3193387459582885e+02 -2.5058131029972537e+02
2.6621299999999999e+00 3.3218369340129783e+02 -2.5072732943744316e+02
2.6631266666666669e+00 3.3243365781173401e+02 -2.5087349418010078e+02
2.6641233333333334e+00 3.3268376797232906e+02 -2.5101980467290562e+02
2.6651199999999999e+00 3.3293402402841986e+02 -2.5116626106118133e+02
2.6661166666666665e+00 3.3318442612548802e+02 -2.5131286349042028e+02
2.6671133333333334e+00 3.3343497440916042e+02 -2.5145961210622713e+02
2.6681100000000000e+00 3.3368566902520877e+02 -2.5160650705440787e+02
2.6691066666666665e+00 3.3393651011955046e+02 -2.5175354848088583e+02
2.6701033333333335e+00 3.3418749783824848e+02 -2.5190073653166394e+02
2.6711000000000000e+00 3.3443863232751096e+02 -2.5204807135300456e+02
2.6720966666666666e+00 3.3468991373369232e+02 -2.5219555309122998e+02
2.6730933333333335e+00 3.3494134220329278e+02 -2.5234318189282811e+02
2.6740900000000001e+00 3.3519291788295840e+02 -2.5249095790451767e+02
2.6750866666666666e+00 3.3544464091948186e+02 -2.5263888127304756e+02
2.6760833333333331e+00 3.3569651145980203e+02 -2.5278695214536455e+02
2.6770800000000001e+00 3.3594852965100438e+02 -2.5293517066852820e+02
2.6780766666666667e+00 3.3620069564032070e+02 -2.5308353698974184e+02
2.6790733333333332e+00 3.3645300957513001e+02 -2.5323205125643923e+02
2.6800700000000002e+00 3.3670547160295831e+02 -2.5338071361619274e+02
2.6810666666666667e+00 3.3695808187147827e+02 -2.5352952421660501e+02
2.6820633333333332e+00 3.3721084052851023e+02 -2.5367848320548009e+02
2.6830600000000002e+00 3.3746374772202188e+02 -2.5382759073081840e+02
2.6840566666666668e+00 3.3771680360012817e+02 -2.5397684694076452e+02
2.6850533333333333e+00 3.3797000831109210e+02 -2.5412625198352100e+02
2.6860499999999998e+00 3.3822336200332427e+02 -2.5427580600751730e+02
2.6870466666666668e+00 3.3847686482538353e+02 -2.5442550916135383e+02
2.6880433333333333e+00 3.3873051692597642e+02 -2.5457536159365964e+02
2.6890399999999999e+00 3.3898431845395817e+02 -2.5472536345335038e+02
2.6900366666666669e+00 3.3923826955833238e+02 -2.5487551488942512e+02
2.6910333333333334e+00 3.3949237038825100e+02 -2.5502581605102660e+02
2.6920299999999999e+00 3.3974662109301499e+02 -2.5517626708746917e+02
2.6930266666666669e+00 3.4000102182207416e+02 -2.5532686814818015e+02
2.6940233333333334e+00 3.4025557272502704e+02 -2.5547761938272990e+02
2.6950200000000000e+00 3.4051027395162163e+02 -2.5562852094091721e+02
2.6960166666666665e+00 3.4076512565175517e+02 -2.5577957297262611e+02
2.6970133333333335e+00 3.4102012797547451e+02 -2.5593077562791160e+02
2.6980100000000000e+00 3.4127528107297576e+02 -2.5608212905697155e+02
2.6990066666666666e+00 3.4153058509460516e+02 -2.5623363341011776e+02
2.7000033333333335e+00 3.4178604019085884e+02 -2.5638528883786176e+02
2.7010000000000001e+00 3.4204164651238261e+02 -2.5653709549085761e+02
2.7019966666666666e+00 3.4229740420997297e+02 -2.5668905351993027e+02
2.7029933333333331e+00 3.4255331343457652e+02 -2.5684116307593331e+02
2.7039900000000001e+00 3.4280937433729065e+02 -2.5699342431009143e+02
2.7049866666666667e+00 3.4306558706936300e+02 -2.5714583737360061e+02
2.7059833333333332e+00 3.4332195178219234e+02 -2.5729840241776981e+02
2.7069800000000002e+00 3.4357846862732839e+02 -2.5745111959425219e+02
2.7079766666666667e+00 3.4383513775647180e+02 -2.5760398905475677e+02
2.7089733333333332e+00 3.4409195932147469e+02 -2.5775701095107740e+02
2.7099700000000002e+00 3.4434893347434064e+02 -2.5791018543523779e+02
2.7109666666666667e+00 3.4460606036722447e+02 -2.5806351265943209e+02
2.7119633333333333e+00 3.4486334015243307e+02 -2.5821699277591040e+02
2.7129599999999998e+00 3.4512077298242502e+02 -2.5837062593712312e+02
2.7139566666666668e+00 3.4537835900981116e+02 -2.5852441229572145e+02
2.7149533333333333e+00 3.4563609838735408e+02 -2.5867835200446990e+02
2.7159499999999999e+00 3.4589399126796906e+02 -2.5883244521624488e+02
2.7169466666666668e+00 3.4615203780472388e+02 -2.5898669208418335e+02
2.7179433333333334e+00 3.4641023815083861e+02 -2.5914109276144870e+02
2.7189399999999999e+00 3.4666859245968641e+02 -2.5929564740140211e+02
2.7199366666666669e+00 3.4692710088479339e+02 -2.5945035615760838e+02
2.7209333333333334e+00 3.4718576357983846e+02 -2.5960521918371586e+02
2.7219300000000000e+00 3.4744458069865408e+02 -2.5976023663359945e+02
2.7229266666666665e+00 3.4770355239522598e+02 -2.5991540866122097e+02
2.7239233333333335e+00 3.4796267882369358e+02 -2.6007073542071527e+02
2.7249200000000000e+00 3.4822196013834963e+02 -2.6022621706638660e+02
2.7259166666666665e+00 3.4848139649364106e+02 -2.6038185375262185e+02
2.7269133333333335e+00 3.4874098804416883e+02 -2.6053764563407032e+02
2.7279100000000001e+00 3.4900073494468779e+02 -2.6069359286557784e+02
2.7289066666666666e+00 3.4926063735010740e+02 -2.6084969560195907e+02
2.7299033333333336e+00 3.4952069541549156e+02 -2.6100595399820560e+02
2.7309000000000001e+00 3.4978090929605844e+02 -2.6116236820961979e+02
2.7318966666666666e+00 3.5004127914718134e+02 -2.6131893839161563e+02
2.7328933333333332e+00 3.5030180512438847e+02 -2.6147566469969496e+02
2.7338900000000002e+00 3.5056248738336313e+02 -2.6163254728947624e+02
2.7348866666666667e+00 3.5082332607994357e+02 -2.6178958631683201e+02
2.7358833333333332e+00 3.5108432137012375e+02 -2.6194678193774507e+02
2.7368800000000002e+00 3.5134547341005316e+02 -2.6210413430843420e+02
2.7378766666666667e+00 3.5160678235603677e+02 -2.6226164358519981e+02
2.7388733333333333e+00 3.5186824836453570e+02 -2.6241930992442502e+02
2.7398699999999998e+00 3.5212987159216692e+02 -2.6257713348275229e+02
2.7408666666666668e+00 3.5239165219570367e+02 -2.6273511441694114e+02
2.7418633333333333e+00 3.5265359033207523e+02 -2.6289325288394787e+02
2.7428599999999999e+00 3.5291568615836775e+02 -2.6305154904089522e+02
2.7438566666666668e+00 3.5317793983182395e+02 -2.6321000304497232e+02
2.7448533333333334e+00 3.5344035150984303e+02 -2.6336861505359150e+02
2.7458499999999999e+00 3.5370292134998147e+02 -2.6352738522427461e+02
2.7468466666666669e+00 3.5396564950995281e+02 -2.6368631371475266e+02
2.7478433333333334e+00 3.5422853614762766e+02 -2.6384540068298020e+02
2.7488400000000000e+00 3.5449158142103431e+02 -2.6400464628693641e+02
2.7498366666666665e+00 3.5475478548835849e+02 -2.6416405068477536e+02
2.7508333333333335e+00 3.5501814850794381e+02 -2.6432361403479700e+02
2.7518300000000000e+00 3.5528167063829142e+02 -2.6448333649558316e+02
2.7528266666666665e+00 3.5554535203806086e+02 -2.6464321822579541e+02
2.7538233333333335e+00 3.5580919286606991e+02 -2.6480325938419230e+02
2.7548200000000000e+00 3.5607319328129432e+02 -2.6496346012981178e+02
2.7558166666666666e+00 3.5633735344286879e+02 -2.6512382062174288e+02
2.7568133333333336e+00 3.5660167351008664e+02 -2.6528434101928627e+02
2.7578100000000001e+00 3.5686615364239975e+02 -2.6544502148196472e+02
2.7588066666666666e+00 3.5713079399941927e+02 -2.6560586216926833e+02
2.7598033333333332e+00 3.5739559474091539e+02 -2.6576686324106174e+02
2.7608000000000001e+00 3.5766055602681780e+02 -2.6592802485724314e+02
2.7617966666666667e+00 3.5792567801721526e+02 -2.6608934717784842e+02
2.7627933333333332e+00 3.5819096087235653e+02 -2.6625083036319194e+02
2.7637900000000002e+00 3.5845640475265014e+02 -2.6641247457371594e+02
2.7647866666666667e+00 3.5872200981866433e+02 -2.6657427996991277e+02
2.7657833333333333e+00 3.5898777623112773e+02 -2.6673624671249570e+02
2.7667800000000002e+00 3.5925370415092914e+02 -2.6689837496244911e+02
2.7677766666666668e+00 3.5951979373911763e+02 -2.6706066488075004e+02
2.7687733333333333e+00 3.5978604515690313e+02 -2.6722311662865587e+02
2.7697699999999998e+00 3.6005245856565620e+02 -2.6738573036751433e+02
2.7707666666666668e+00 3.6031903412690838e+02 -2.6754850625879249e+02
2.7717633333333334e+00 3.6058577200235197e+02 -2.6771144446423727e+02
2.7727599999999999e+00 3.6085267235384094e+02 -2.6787454514575910e+02
2.7737566666666669e+00 3.6111973534339052e+02 -2.6803780846528406e+02
2.7747533333333334e+00 3.6138696113317724e+02 -2.6820123458504378e+02
2.7757499999999999e+00 3.6165434988553966e+02 -2.6836482366737920e+02
2.7767466666666665e+00 3.6192190176297811e+02 -2.6852857587472130e+02
2.7777433333333335e+00 3.6218961692815503e+02 -2.6869249136982091e+02
2.7787400000000000e+00 3.6245749554389482e+02 -2.6885657031545185e+02
2.7797366666666665e+00 3.6272553777318450e+02 -2.6902081287457867e+02
2.7807333333333335e+00 3.6299374377917360e+02 -2.6918521921041145e+02
2.7817300000000000e+00 3.6326211372517406e+02 -2.6934978948626571e+02
2.7827266666666666e+00 3.6353064777466102e+02 -2.6951452386556213e+02
2.7837233333333335e+00 3.6379934609127258e+02 -2.6967942251193881e+02
2.7847200000000001e+00 3.6406820883880965e+02 -2.6984448558922452e+02
2.7857166666666666e+00 3.6433723618123685e+02 -2.7000971326138455e+02
2.7867133333333332e+00 3.6460642828268220e+02 -2.7017510569256126e+02
2.7877100000000001e+00 3.6487578530743747e+02 -2.7034066304698899e+02
2.7887066666666667e+00 3.6514530741995793e+02 -2.7050638548918090e+02
2.7897033333333332e+00 3.6541499478486327e+02 -2.7067227318375461e+02
2.7907000000000002e+00 3.6568484756693715e+02 -2.7083832629546112e+02
2.7916966666666667e+00 3.6595486593112736e+02 -2.7100454498929849e+02
2.7926933333333332e+00 3.6622505004254646e+02 -2.7117092943031173e+02
2.7936900000000002e+00 3.6649540006647157e+02 -2.7133747978379398e+02
2.7946866666666668e+00 3.6676591616834435e+02 -2.7150419621519950e+02
2.7956833333333333e+00 3.6703659851377182e+02 -2.7167107889014676e+02
2.7966799999999998e+00 3.6730744726852595e+02 -2.7183812797440368e+02
2.7976766666666668e+00 3.6757846259854421e+02 -2.7200534363391625e+02
2.7986733333333333e+00 3.6784964466992909e+02 -2.7217272603476613e+02
2.7996699999999999e+00 3.6812099364894908e+02 -2.7234027534319517e+02
2.8006666666666669e+00 3.6839250970203852e+02 -2.7250799172572368e+02
2.8016633333333334e+00 3.6866419299579735e+02 -2.7267587534888952e+02
2.8026599999999999e+00 3.6893604369699193e+02 -2.7284392637944751e+02
2.8036566666666669e+00 3.6920806197255502e+02 -2.7301214498437457e+02
2.8046533333333334e+00 3.6948024798958534e+02 -2.7318053133077876e+02
2.8056500000000000e+00 3.6975260191534875e+02 -2.7334908558584652e+02
2.8066466666666665e+00 3.7002512391727765e+02 -2.7351780791702788e+02
2.8076433333333335e+00 3.7029781416297158e+02 -2.7368669849200938e+02
2.8086400000000000e+00 3.7057067282019682e+02 -2.7385575747849799e+02
2.8096366666666666e+00 3.7084370005688737e+02 -2.7402498504441706e+02
2.8106333333333335e+00 3.7111689604114457e+02 -2.7419438135785623e+02
2.8116300000000001e+00 3.7139026094123710e+02 -2.7436394658712152e+02
2.8126266666666666e+00 3.7166379492560185e+02 -2.7453368090068187e+02
2.8136233333333331e+00 3.7193749816284338e+02 -2.7470358446707115e+02
2.8146200000000001e+00 3.7221137082173465e+02 -2.7487365745503138e+02
2.8156166666666667e+00 3.7248541307121644e+02 -2.7504390003363835e+02
2.8166133333333332e+00 3.7275962508039851e+02 -2.7521431237192689e+02
2.8176100000000002e+00 3.7303400701855912e+02 -2.7538489463912811e+02
2.8186066666666667e+00 3.7330855905514494e+02 -2.7555564700474559e+02
2.8196033333333332e+00 3.7358328135977206e+02 -2.7572656963838403e+02
2.8206000000000002e+00 3.7385817410222569e+02 -2.7589766270984541e+02
2.8215966666666668e+00 3.7413323745245992e+02 -2.7606892638900399e+02
2.8225933333333333e+00 3.7440847158059870e+02 -2.7624036084609588e+02
2.8235899999999998e+00 3.7468387665693558e+02 -2.7641196625136615e+02
2.8245866666666668e+00 3.7495945285193392e+02 -2.7658374277526849e+02
2.8255833333333333e+00 3.7523520033622680e+02 -2.7675569058847583e+02
2.8265799999999999e+00 3.7551111928061778e+02 -2.7692780986170402e+02
2.8275766666666668e+00 3.7578720985608066e+02 -2.7710010076601054e+02
2.8285733333333334e+00 3.7606347223375951e+02 -2.7727256347249596e+02
2.8295699999999999e+00 3.7633990658496924e+02 -2.7744519815250334e+02
2.8305666666666669e+00 3.7661651308119576e+02 -2.7761800497751824e+02
2.8315633333333334e+00 3.7689329189409557e+02 -2.7779098411918295e+02
2.8325600000000000e+00 3.7717024319549665e+02 -2.7796413574930136e+02
2.8335566666666665e+00 3.7744736715739822e+02 -2.7813746003985796e+02
2.8345533333333335e+00 3.7772466395197114e+02 -2.7831095716313223e+02
2.8355500000000000e+00 3.7800213375155761e+02 -2.7848462729142256e+02
2.8365466666666665e+00 3.7827977672867206e+02 -2.7865847059718328e+02
2.8375433333333335e+00 3.7855759305600088e+02 -2.7883248725312700e+02
2.8385400000000001e+00 3.7883558290640235e+02 -2.7900667743215081e+02
2.8395366666666666e+00 3.7911374645290744e+02 -2.7918104130722207e+02
2.8405333333333336e+00 3.7939208386871962e+02 -2.7935557905153837e+02
2.8415300000000001e+00 3.7967059532721481e+02 -2.7953029083859565e+02
2.8425266666666666e+00 3.7994928100194221e+02 -2.7970517684185126e+02
2.8435233333333332e+00 3.8022814106662378e+02 -2.7988023723500027e+02
2.8445200000000002e+00 3.8050717569515496e+02 -2.8005547219197729e+02
2.8455166666666667e+00 3.8078638506160422e+02 -2.8023088188687706e+02
2.8465133333333332e+00 3.8106576934021399e+02 -2.8040646649394927e+02
2.8475100000000002e+00 3.8134532870540033e+02 -2.8058222618750477e+02
2.8485066666666667e+00 3.8162506333175293e+02 -2.8075816114223710e+02
2.8495033333333333e+00 3.8190497339403601e+02 -2.8093427153291458e+02
2.8504999999999998e+00 3.8218505906718786e+02 -2.8111055753440178e+02
2.8514966666666668e+00 3.8246532052632131e+02 -2.8128701932183139e+02
2.8524933333333333e+00 3.8274575794672347e+02 -2.8146365707049591e+02
2.8534899999999999e+00 3.8302637150385658e+02 -2.8164047095592753e+02
2.8544866666666668e+00 3.8330716137335793e+02 -2.8181746115366400e+02
2.8554833333333334e+00 3.8358812773103949e+02 -2.8199462783953953e+02
2.8564799999999999e+00 3.8386927075288901e+02 -2.8217197118962793e+02
2.8574766666666669e+00 3.8415059061506963e+02 -2.8234949137998052e+02
2.8584733333333334e+00 3.8443208749391977e+02 -2.8252718858697347e+02
2.8594700000000000e+00 3.8471376156595414e+02 -2.8270506298714230e+02
2.8604666666666665e+00 3.8499561300786337e+02 -2.8288311475717666e+02
2.8614633333333335e+00 3.8527764199651432e+02 -2.8306134407394956e+02
2.8624600000000000e+00 3.8555984870894986e+02 -2.8323975111446453e+02
2.8634566666666665e+00 3.8584223332238975e+02 -2.8341833605590648e+02
2.8644533333333335e+00 3.8612479601423047e+02 -2.8359709907575342e+02
2.8654500000000001e+00 3.8640753696204507e+02 -2.8377604035160795e+02
2.8664466666666666e+00 3.8669045634358406e+02 -2.8395516006111069e+02
2.8674433333333336e+00 3.8697355433677507e+02 -2.8413445838225346e+02
2.8684400000000001e+00 3.8725683111972296e+02 -2.8431393549315209e+02
2.8694366666666666e+00 3.8754028687071042e+02 -2.8449359157205203e+02
2.8704333333333332e+00 3.8782392176819781e+02 -2.8467342679741125e+02
2.8714300000000001e+00 3.8810773599082364e+02 -2.8485344134789989e+02
2.8724266666666667e+00 3.8839172971740413e+02 -2.8503363540237507e+02
2.8734233333333332e+00 3.8867590312693426e+02 -2.8521400913970325e+02
2.8744200000000002e+00 3.8896025639858732e+02 -2.8539456273915999e+02
2.8754166666666667e+00 3.8924478971171504e+02 -2.8557529638005883e+02
2.8764133333333333e+00 3.8952950324584828e+02 -2.8575621024192151e+02
2.8774100000000002e+00 3.8981439718069703e+02 -2.8593730450453751e+02
2.8784066666666668e+00 3.9009947169615003e+02 -2.8611857934767647e+02
2.8794033333333333e+00 3.9038472697227576e+02 -2.8630003495149384e+02
2.8803999999999998e+00 3.9067016318932218e+02 -2.8648167149621565e+02
2.8813966666666668e+00 3.9095578052771708e+02 -2.8666348916225235e+02
2.8823933333333334e+00 3.9124157916806780e+02 -2.8684548813020058e+02
2.8833899999999999e+00 3.9152755929116211e+02 -2.8702766858089296e+02
2.8843866666666669e+00 3.9181372107796818e+02 -2.8721003069531781e+02
2.8853833333333334e+00 3.9210006470963413e+02 -2.8739257465452766e+02
2.8863799999999999e+00 3.9238659036748913e+02 -2.8757530063990407e+02
2.8873766666666665e+00 3.9267329823304306e+02 -2.8775820883295586e+02
2.8883733333333335e+00 3.9296018848798690e+02 -2.8794129941537750e+02
2.8893700000000000e+00 3.9324726131419243e+02 -2.8812457256904889e+02
2.8903666666666665e+00 3.9353451689371315e+02 -2.8830802847599961e+02
2.8913633333333335e+00 3.9382195540878416e+02 -2.8849166731850170e+02
2.8923600000000000e+00 3.9410957704182186e+02 -2.8867548927894859e+02
2.8933566666666666e+00 3.9439738197542488e+02 -2.8885949453991100e+02
2.8943533333333336e+00 3.9468537039237401e+02 -2.8904368328420344e+02
2.8953500000000001e+00 3.9497354247563186e+02 -2.8922805569478942e+02
2.8963466666666666e+00 3.9526189840834388e+02 -2.8941261195481735e+02
2.8973433333333332e+00 3.9555043837383806e+02 -2.8959735224759277e+02
2.8983400000000001e+00 3.9583916255562525e+02 -2.8978227675660759e+02
2.8993366666666667e+00 3.9612807113739893e+02 -2.8996738566562357e+02
2.9003333333333332e+00 3.9641716430303626e+02 -2.9015267915846590e+02
2.9013300000000002e+00 3.9670644223659758e+02 -2.9033815741920438e+02
2.9023266666666667e+00 3.9699590512232646e+02 -2.9052382063211434e+02
2.9033233333333333e+00 3.9728555314465058e+02 -2.9070966898159048e+02
2.9043200000000002e+00 3.9757538648818155e+02 -2.9089570265224506e+02
2.9053166666666668e+00 3.9786540533771461e+02 -2.9108192182886665e+02
2.9063133333333333e+00 3.9815560987822965e+02 -2.9126832669642795e+02
2.9073099999999998e+00 3.9844600029489101e+02 -2.9145491744017363e+02
2.9083066666666668e+00 3.9873657677304772e+02 -2.9164169424539296e+02
2.9093033333333334e+00 3.9902733949823323e+02 -2.9182865729753036e+02
2.9102999999999999e+00 3.9931828865616637e+02 -2.9201580678243408e+02
2.9112966666666669e+00 3.9960942443275121e+02 -2.9220314288600059e+02
2.9122933333333334e+00 3.9990074701407684e+02 -2.9239066579424457e+02
2.9132899999999999e+00 4.0019225658641818e+02 -2.9257837569349869e+02
2.9142866666666669e+00 4.0048395333623603e+02 -2.9276627277023005e+02
2.9152833333333334e+00 4.0077583745017665e+02 -2.9295435721102371e+02
2.9162800000000000e+00 4.0106790911507284e+02 -2.9314262920276218e+02
2.9172766666666665e+00 4.0136016851794352e+02 -2.9333108893248669e+02
2.9182733333333335e+00 4.0165261584599432e+02 -2.9351973658734101e+02
2.9192700000000000e+00 4.0194525128661707e+02 -2.9370857235470856e+02
2.9202666666666666e+00 4.0223807502739083e+02 -2.9389759642220457e+02
2.9212633333333335e+00 4.0253108725608183e+02 -2.9408680897763713e+02
2.9222600000000001e+00 4.0282428816064311e+02 -2.9427621020893173e+02
2.9232566666666666e+00 4.0311767792921540e+02 -2.9446580030416794e+02
2.9242533333333331e+00 4.0341125675012705e+02 -2.9465557945172725e+02
2.9252500000000001e+00 4.0370502481189425e+02 -2.9484554784012278e+02
2.9262466666666667e+00 4.0399898230322077e+02 -2.9503570565804978e+02
2.9272433333333332e+00 4.0429312941299906e+02 -2.9522605309443441e+02
2.9282400000000002e+00 4.0458746633030984e+02 -2.9541659033834043e+02
2.9292366666666667e+00 4.0488199324442195e+02 -2.9560731757900487e+02
2.9302333333333332e+00 4.0517671034479338e+02 -2.9579823500586684e+02
2.9312300000000002e+00 4.0547161782107099e+02 -2.9598934280858924e+02
2.9322266666666668e+00 4.0576671586309050e+02 -2.9618064117712203e+02
2.9332233333333333e+00 4.0606200466087728e+02 -2.9637213030139787e+02
2.9342199999999998e+00 4.0635748440464590e+02 -2.9656381037153767e+02
2.9352166666666668e+00 4.0665315528480090e+02 -2.9675568157807993e+02
2.9362133333333333e+00 4.0694901749193622e+02 -2.9694774411160228e+02
2.9372099999999999e+00 4.0724507121683627e+02 -2.9713999816285440e+02
2.9382066666666669e+00 4.0754131665047572e+02 -2.9733244392284058e+02
2.9392033333333334e+00 4.0783775398401929e+02 -2.9752508158270848e+02
2.9401999999999999e+00 4.0813438340882266e+02 -2.9771791133377809e+02
2.9411966666666669e+00 4.0843120511643230e+02 -2.9791093336765255e+02
2.9421933333333334e+00 4.0872821929858537e+02 -2.9810414787607874e+02
2.9431900000000000e+00 4.0902542614721062e+02 -2.9829755505087024e+02
2.9441866666666665e+00 4.0932282585442795e+02 -2.9849115508425814e+02
2.9451833333333335e+00 4.0962041861254903e+02 -2.9868494816857867e+02
2.9461800000000000e+00 4.0991820461407696e+02 -2.9887893449623431e+02
2.9471766666666666e+00 4.1021618405170710e+02 -2.9907311425999819e+02
2.9481733333333335e+00 4.1051435711832704e+02 -2.9926748765270099e+02
2.9491700000000001e+00 4.1081272400701619e+02 -2.9946205486745805e+02
2.9501666666666666e+00 4.1111128491104705e+02 -2.9965681609755552e+02
2.9511633333333336e+00 4.1141004002388473e+02 -2.9985177153639472e+02
2.9521600000000001e+00 4.1170896615670034e+02 -3.0000000000000000e+02
2.9531566666666667e+00 4.1200796615670032e+02 -3.0000000000000000e+02
2.9541533333333332e+00 4.1230696615670030e+02 -3.0000000000000000e+02
2.9551500000000002e+00 4.1260596615670039e+02 -3.0000000000000000e+02
2.9561466666666667e+00 4.1290496615670037e+02 -3.0000000000000000e+02
2.9571433333333332e+00 4.1320396615670035e+02 -3.0000000000000000e+02
2.9581400000000002e+00 4.1350296615670044e+02 -3.0000000000000000e+02
2.9591366666666667e+00 4.1380196615670042e+02 -3.0000000000000000e+02
2.9601333333333333e+00 4.1410096615670039e+02 -3.0000000000000000e+02
2.9611299999999998e+00 4.1439996615670037e+02 -3.0000000000000000e+02
2.9621266666666668e+00 4.1469896615670046e+02 -3.0000000000000000e+02
2.9631233333333333e+00 4.1499796615670044e+02 -3.0000000000000000e+02
2.9641199999999999e+00 4.1529696615670042e+02 -3.0000000000000000e+02
2.9651166666666668e+00 4.1559596615670051e+02 -3.0000000000000000e+02
2.9661133333333334e+00 4.1589496615670049e+02 -3.0000000000000000e+02
2.9671099999999999e+00 4.1619396615670047e+02 -3.0000000000000000e+02
2.9681066666666669e+00 4.1649296615670056e+02 -3.0000000000000000e+02
2.9691033333333334e+00 4.1679196615670054e+02 -3.0000000000000000e+02
2.9701000000000000e+00 4.1709096615670052e+02 -3.0000000000000000e+02
2.9710966666666665e+00 4.1738996615670050e+02 -3.0000000000000000e+02
2.9720933333333335e+00 4.1768896615670059e+02 -3.0000000000000000e+02
2.9730900000000000e+00 4.1798796615670057e+02 -3.0000000000000000e+02
2.9740866666666665e+00 4.1828696615670054e+02 -3.0000000000000000e+02
2.9750833333333335e+00 4.1858596615670064e+02 -3.0000000000000000e+02
2.9760800000000001e+00 4.1888496615670061e+02 -3.0000000000000000e+02
2.9770766666666666e+00 4.1918396615670059e+02 -3.0000000000000000e+02
2.9780733333333336e+00 4.1948296615670068e+02 -3.0000000000000000e+02
2.9790700000000001e+00 4.1978196615670066e+02 -3.0000000000000000e+02
2.9800666666666666e+00 4.2008096615670064e+02 -3.0000000000000000e+02
2.9810633333333332e+00 4.2037996615670062e+02 -3.0000000000000000e+02
2.9820600000000002e+00 4.2067896615670071e+02 -3.0000000000000000e+02
2.9830566666666667e+00 4.2097796615670069e+02 -3.0000000000000000e+02
2.9840533333333332e+00 4.2127696615670067e+02 -3.0000000000000000e+02
2.9850500000000002e+00 4.2157596615670076e+02 -3.0000000000000000e+02
2.9860466666666667e+00 4.2187496615670074e+02 -3.0000000000000000e+02
2.9870433333333333e+00 4.2217396615670071e+02 -3.0000000000000000e+02
2.9880400000000003e+00 4.2247296615670081e+02 -3.0000000000000000e+02
2.9890366666666668e+00 4.2277196615670078e+02 -3.0000000000000000e+02
2.9900333333333333e+00 4.2307096615670076e+02 -3.0000000000000000e+02
2.9910299999999999e+00 4.2336996615670074e+02 -3.0000000000000000e+02
2.9920266666666668e+00 4.2366896615670083e+02 -3.0000000000000000e+02
2.9930233333333334e+00 4.2396796615670081e+02 -3.0000000000000000e+02
2.9940199999999999e+00 4.2426696615670079e+02 -3.0000000000000000e+02
2.9950166666666669e+00 4.2456596615670088e+02 -3.0000000000000000e+02
2.9960133333333334e+00 4.2486496615670086e+02 -3.0000000000000000e+02
2.9970100000000000e+00 4.2516396615670084e+02 -3.0000000000000000e+02
2.9980066666666665e+00 4.2546296615670082e+02 -3.0000000000000000e+02
2.9990033333333335e+00 4.2576196615670091e+02 -3.0000000000000000e+02
3.0000000000000000e+00 4.2606096615670089e+02 -3.0000000000000000e+02
