# x energy force
1.0000000000000000e-02 5.3443027554310575e+01 2.4567794457827688e+02
1.0996666666666667e-02 5.3198803550224490e+01 2.4440366897240261e+02
1.1993333333333333e-02 5.2955846852480924e+01 2.4313485492772224e+02
1.2990000000000002e-02 5.2714150969577751e+01 2.4187360574754402e+02
1.3986666666666668e-02 5.2473708384342949e+01 2.4061987632898391e+02
1.4983333333333335e-02 5.2234511624423050e+01 2.3937362183803208e+02
1.5980000000000001e-02 5.1996553262015951e+01 2.3813479770799020e+02
1.6976666666666668e-02 5.1759825913605233e+01 2.3690335963792961e+02
1.7973333333333334e-02 5.1524322239696168e+01 2.3567926359096637e+02
1.8970000000000001e-02 5.1290034944553256e+01 2.3446246579280836e+02
1.9966666666666667e-02 5.1056956775939298e+01 2.3325292273018118e+02
2.0963333333333334e-02 5.0825080524856077e+01 2.3205059114918993e+02
2.1960000000000000e-02 5.0594399025286549e+01 2.3085542805387161e+02
2.2956666666666667e-02 5.0364905153938579e+01 2.2966739070459076e+02
2.3953333333333333e-02 5.0136591829990216e+01 2.2848643661653946e+02
2.4950000000000000e-02 4.9909452014836475e+01 2.2731252355818918e+02
2.5946666666666666e-02 4.9683478711837651e+01 2.2614560954981664e+02
2.6943333333333333e-02 4.9458664966069080e+01 2.2498565286203373e+02
2.7940000000000000e-02 4.9235003864072439e+01 2.2383261201416249e+02
2.8936666666666666e-02 4.9012488533608561e+01 2.2268644577288876e+02
2.9933333333333333e-02 4.8791112143411610e+01 2.2154711315075602e+02
3.0929999999999999e-02 4.8570867902944833e+01 2.2041457340464152e+02
3.1926666666666666e-02 4.8351749062157737e+01 2.1928878603435064e+02
3.2923333333333332e-02 4.8133748911244666e+01 2.1816971078117339e+02
3.3920000000000006e-02 4.7916860780404882e+01 2.1705730762642153e+02
3.4916666666666672e-02 4.7701078039604035e+01 2.1595153678998915e+02
3.5913333333333339e-02 4.7486394098337101e+01 2.1485235872894734e+02
3.6910000000000005e-02 4.7272802405392660e+01 2.1375973413615515e+02
3.7906666666666672e-02 4.7060296448618637e+01 2.1267362393881547e+02
3.8903333333333338e-02 4.6848869754689424e+01 2.1159398929706526e+02
3.9900000000000005e-02 4.6638515888874409e+01 2.1052079160263443e+02
4.0896666666666671e-02 4.6429228454807841e+01 2.0945399247743836e+02
4.1893333333333338e-02 4.6221001094260110e+01 2.0839355377219093e+02
4.2890000000000005e-02 4.6013827486910358e+01 2.0733943756509700e+02
4.3886666666666671e-02 4.5807701350120468e+01 2.0629160616043583e+02
4.4883333333333338e-02 4.5602616438710399e+01 2.0525002208719772e+02
4.5880000000000004e-02 4.5398566544734855e+01 2.0421464809783501e+02
4.6876666666666671e-02 4.5195545497261278e+01 2.0318544716686188e+02
4.7873333333333337e-02 4.4993547162149170e+01 2.0216238248953880e+02
4.8870000000000004e-02 4.4792565441830746e+01 2.0114541748054276e+02
4.9866666666666670e-02 4.4592594275092878e+01 2.0013451577270249e+02
5.0863333333333337e-02 4.4393627636860330e+01 1.9912964121569314e+02
5.1860000000000003e-02 4.4195659537980305e+01 1.9813075787465684e+02
5.2856666666666670e-02 4.3998684025008295e+01 1.9713783002903807e+02
5.3853333333333336e-02 4.3802695179995141e+01 1.9615082217127389e+02
5.4850000000000003e-02 4.3607687120275415e+01 1.9516969900542986e+02
5.5846666666666669e-02 4.3413653998257089e+01 1.9419442544606289e+02
5.6843333333333336e-02 4.3220590001212372e+01 1.9322496661691159e+02
5.7840000000000009e-02 4.3028489351069872e+01 1.9226128784963441e+02
5.8836666666666676e-02 4.2837346304207976e+01 1.9130335468260100e+02
5.9833333333333343e-02 4.2647155151249429e+01 1.9035113285964107e+02
6.0830000000000009e-02 4.2457910216857172e+01 1.8940458832883246e+02
6.1826666666666676e-02 4.2269605859531410e+01 1.8846368724126117e+02
6.2823333333333342e-02 4.2082236471407846e+01 1.8752839594983618e+02
6.3820000000000002e-02 4.1895796478057150e+01 1.8659868100809166e+02
6.4816666666666675e-02 4.1710280338285592e+01 1.8567450916893873e+02
6.5813333333333335e-02 4.1525682543936945e+01 1.8475584738352958e+02
6.6810000000000008e-02 4.1341997619695448e+01 1.8384266280007282e+02
6.7806666666666668e-02 4.1159220122890041e+01 1.8293492276262521e+02
6.8803333333333341e-02 4.0977344643299709e+01 1.8203259480994686e+02
6.9800000000000001e-02 4.0796365802960032e+01 1.8113564667435071e+02
7.0796666666666674e-02 4.0616278255970855e+01 1.8024404628052488e+02
7.1793333333333334e-02 4.0437076688305112e+01 1.7935776174438402e+02
7.2789999999999994e-02 4.0258755817618805e+01 1.7847676137195708e+02
7.3786666666666667e-02 4.0081310393062097e+01 1.7760101365822973e+02
7.4783333333333341e-02 3.9904735195091533e+01 1.7673048728604371e+02
7.5780000000000000e-02 3.9729025035283399e+01 1.7586515112492501e+02
7.6776666666666674e-02 3.9554174756148186e+01 1.7500497423002227e+02
7.7773333333333333e-02 3.9380179230946133e+01 1.7414992584099176e+02
7.8770000000000007e-02 3.9207033363503911e+01 1.7329997538086164e+02
7.9766666666666666e-02 3.9034732088032378e+01 1.7245509245499832e+02
8.0763333333333340e-02 3.8863270368945400e+01 1.7161524684996544e+02
8.1759999999999999e-02 3.8692643200679825e+01 1.7078040853246594e+02
8.2756666666666673e-02 3.8522845607516430e+01 1.6995054764826097e+02
8.3753333333333332e-02 3.8353872643402028e+01 1.6912563452111229e+02
8.4750000000000006e-02 3.8185719391772565e+01 1.6830563965172612e+02
8.5746666666666665e-02 3.8018380965377311e+01 1.6749053371667407e+02
8.6743333333333339e-02 3.7851852506104102e+01 1.6668028756736214e+02
8.7739999999999999e-02 3.7686129184805587e+01 1.6587487222899409e+02
8.8736666666666672e-02 3.7521206201126553e+01 1.6507425889950494e+02
8.9733333333333332e-02 3.7357078783332270e+01 1.6427841894856024e+02
9.0730000000000005e-02 3.7193742188137811e+01 1.6348732391656435e+02
9.1726666666666665e-02 3.7031191700538479e+01 1.6270094551353398e+02
9.2723333333333338e-02 3.6869422633641172e+01 1.6191925561818317e+02
9.3719999999999998e-02 3.6708430328496775e+01 1.6114222627692374e+02
9.4716666666666671e-02 3.6548210153933553e+01 1.6036982970278274e+02
9.5713333333333331e-02 3.6388757506391549e+01 1.5960203827447884e+02
9.6710000000000004e-02 3.6230067809757955e+01 1.5883882453540636e+02
9.7706666666666664e-02 3.6072136515203461e+01 1.5808016119268027e+02
9.8703333333333337e-02 3.5914959101019576e+01 1.5732602111610893e+02
9.9699999999999997e-02 3.5758531072456982e+01 1.5657637733726133e+02
1.0069666666666667e-01 3.5602847961564727e+01 1.5583120304853907e+02
1.0169333333333333e-01 3.5447905327030483e+01 1.5509047160211824e+02
1.0269000000000000e-01 3.5293698754021740e+01 1.5435415650907646e+02
1.0368666666666666e-01 3.5140223854027901e+01 1.5362223143842976e+02
1.0468333333333334e-01 3.4987476264703361e+01 1.5289467021616949e+02
1.0568000000000001e-01 3.4835451649711501e+01 1.5217144682434790e+02
1.0667666666666667e-01 3.4684145698569630e+01 1.5145253540014795e+02
1.0767333333333334e-01 3.4533554126494806e+01 1.5073791023494533e+02
1.0867000000000000e-01 3.4383672674250661e+01 1.5002754577337700e+02
1.0966666666666668e-01 3.4234497107995054e+01 1.4932141661246135e+02
1.1066333333333334e-01 3.4086023219128670e+01 1.4861949750068601e+02
1.1166000000000001e-01 3.3938246824144521e+01 1.4792176333707340e+02
1.1265666666666667e-01 3.3791163764478348e+01 1.4722818917030088e+02
1.1365333333333334e-01 3.3644769906359898e+01 1.4653875019781992e+02
1.1465000000000000e-01 3.3499061140665120e+01 1.4585342176494731e+02
1.1564666666666668e-01 3.3354033382769195e+01 1.4517217936400257e+02
1.1664333333333333e-01 3.3209682572400474e+01 1.4449499863343084e+02
1.1764000000000001e-01 3.3066004673495286e+01 1.4382185535691551e+02
1.1863666666666667e-01 3.2922995674053602e+01 1.4315272546251910e+02
1.1963333333333334e-01 3.2780651585995571e+01 1.4248758502182417e+02
1.2063000000000000e-01 3.2638968445018904e+01 1.4182641024908506e+02
1.2162666666666667e-01 3.2497942310457091e+01 1.4116917750037578e+02
1.2262333333333333e-01 3.2357569265138494e+01 1.4051586327272398e+02
1.2362000000000001e-01 3.2217845415246281e+01 1.3986644420328389e+02
1.2461666666666667e-01 3.2078766890179160e+01 1.3922089706853353e+02
1.2561333333333335e-01 3.1940329842412950e+01 1.3857919878338066e+02
1.2661000000000000e-01 3.1802530447363051e+01 1.3794132640036727e+02
1.2760666666666667e-01 3.1665364903247603e+01 1.3730725710888839e+02
1.2860333333333335e-01 3.1528829430951578e+01 1.3667696823430640e+02
1.2960000000000002e-01 3.1392920273891622e+01 1.3605043723717225e+02
1.3059666666666667e-01 3.1257633697881733e+01 1.3542764171244389e+02
1.3159333333333334e-01 3.1122965990999688e+01 1.3480855938865076e+02
1.3259000000000001e-01 3.0988913463454335e+01 1.3419316812710457e+02
1.3358666666666669e-01 3.0855472447453639e+01 1.3358144592110875e+02
1.3458333333333333e-01 3.0722639297073524e+01 1.3297337089518393e+02
1.3558000000000001e-01 3.0590410388127463e+01 1.3236892130427083e+02
1.3657666666666668e-01 3.0458782118036915e+01 1.3176807553295032e+02
1.3757333333333335e-01 3.0327750905702466e+01 1.3117081209470288e+02
1.3857000000000003e-01 3.0197313191375780e+01 1.3057710963108377e+02
1.3956666666666670e-01 3.0067465436532309e+01 1.2998694691099806e+02
1.4056333333333335e-01 2.9938204123744736e+01 1.2940030282995662e+02
1.4156000000000002e-01 2.9809525756557186e+01 1.2881715640927467e+02
1.4255666666666669e-01 2.9681426859360215e+01 1.2823748679534992e+02
1.4355333333333337e-01 2.9553903977266504e+01 1.2766127325891910e+02
1.4455000000000001e-01 2.9426953675987313e+01 1.2708849519431494e+02
1.4554666666666669e-01 2.9300572541709659e+01 1.2651913211869960e+02
1.4654333333333336e-01 2.9174757180974272e+01 1.2595316367137356e+02
1.4754000000000003e-01 2.9049504220554194e+01 1.2539056961305856e+02
1.4853666666666668e-01 2.8924810307334184e+01 1.2483132982509598e+02
1.4953333333333335e-01 2.8800672108190792e+01 1.2427542430879819e+02
1.5053000000000002e-01 2.8677086309873186e+01 1.2372283318472614e+02
1.5152666666666670e-01 2.8554049618884644e+01 1.2317353669194675e+02
1.5252333333333334e-01 2.8431558761364794e+01 1.2262751518735375e+02
1.5352000000000002e-01 2.8309610482972523e+01 1.2208474914496163e+02
1.5451666666666669e-01 2.8188201548769609e+01 1.2154521915519814e+02
1.5551333333333336e-01 2.8067328743105044e+01 1.2100890592419145e+02
1.5651000000000001e-01 2.7946988869500050e+01 1.2047579027312908e+02
1.5750666666666668e-01 2.7827178750533726e+01 1.1994585313755455e+02
1.5850333333333336e-01 2.7707895227729463e+01 1.1941907556664979e+02
1.5950000000000003e-01 2.7589135161441988e+01 1.1889543872259533e+02
1.6049666666666668e-01 2.7470895430745088e+01 1.1837492387988247e+02
1.6149333333333335e-01 2.7353172933319996e+01 1.1785751242464988e+02
1.6249000000000002e-01 2.7235964585344455e+01 1.1734318585402397e+02
1.6348666666666670e-01 2.7119267321382434e+01 1.1683192577544405e+02
1.6448333333333334e-01 2.7003078094274517e+01 1.1632371390599751e+02
1.6548000000000002e-01 2.6887393875028923e+01 1.1581853207177940e+02
1.6647666666666669e-01 2.6772211652713207e+01 1.1531636220724910e+02
1.6747333333333336e-01 2.6657528434346563e+01 1.1481718635457672e+02
1.6847000000000001e-01 2.6543341244792810e+01 1.1432098666299083e+02
1.6946666666666668e-01 2.6429647126653986e+01 1.1382774538815774e+02
1.7046333333333336e-01 2.6316443140164605e+01 1.1333744489153226e+02
1.7146000000000003e-01 2.6203726363086528e+01 1.1285006763972656e+02
1.7245666666666670e-01 2.6091493890604447e+01 1.1236559620391159e+02
1.7345333333333335e-01 2.5979742835222023e+01 1.1188401325914998e+02
1.7445000000000002e-01 2.5868470326658613e+01 1.1140530158381058e+02
1.7544666666666670e-01 2.5757673511746642e+01 1.1092944405893699e+02
1.7644333333333337e-01 2.5647349554329569e+01 1.1045642366763063e+02
1.7744000000000001e-01 2.5537495635160461e+01 1.0998622349446218e+02
1.7843666666666669e-01 2.5428108951801168e+01 1.0951882672485054e+02
1.7943333333333336e-01 2.5319186718522122e+01 1.0905421664447107e+02
1.8043000000000003e-01 2.5210726166202708e+01 1.0859237663863631e+02
1.8142666666666668e-01 2.5102724542232242e+01 1.0813329019173665e+02
1.8242333333333335e-01 2.4995179110411524e+01 1.0767694088662384e+02
1.8342000000000003e-01 2.4888087150855018e+01 1.0722331240402342e+02
1.8441666666666670e-01 2.4781445959893560e+01 1.0677238852197746e+02
1.8541333333333335e-01 2.4675252849977685e+01 1.0632415311523188e+02
1.8641000000000002e-01 2.4569505149581516e+01 1.0587859015467180e+02
1.8740666666666669e-01 2.4464200203107236e+01 1.0543568370675850e+02
1.8840333333333337e-01 2.4359335370790113e+01 1.0499541793295305e+02
1.8940000000000001e-01 2.4254908028604106e+01 1.0455777708913716e+02
1.9039666666666669e-01 2.4150915568168024e+01 1.0412274552507556e+02
1.9139333333333336e-01 2.4047355396652247e+01 1.0369030768383813e+02
1.9239000000000003e-01 2.3944224936686020e+01 1.0326044810122951e+02
1.9338666666666668e-01 2.3841521626265280e+01 1.0283315140527941e+02
1.9438333333333335e-01 2.3739242918661009e+01 1.0240840231566150e+02
1.9538000000000003e-01 2.3637386282328201e+01 1.0198618564314688e+02
1.9637666666666670e-01 2.3535949200815310e+01 1.0156648628907199e+02
1.9737333333333335e-01 2.3434929172674273e+01 1.0114928924478666e+02
1.9837000000000002e-01 2.3334323711371042e+01 1.0073457959112646e+02
1.9936666666666669e-01 2.3234130345196682e+01 1.0032234249788543e+02
2.0036333333333337e-01 2.3134346617178966e+01 9.9912563223284806e+01
2.0136000000000004e-01 2.3034970084994512e+01 9.9505227113413341e+01
2.0235666666666668e-01 2.2935998320881463e+01 9.9100319601739358e+01
2.0335333333333336e-01 2.2837428911552649e+01 9.8697826208591565e+01
2.0435000000000003e-01 2.2739259458109292e+01 9.8297732540617446e+01
2.0534666666666671e-01 2.2641487575955225e+01 9.7900024290282118e+01
2.0634333333333335e-01 2.2544110894711618e+01 9.7504687235351781e+01
2.0734000000000002e-01 2.2447127058132203e+01 9.7111707238390849e+01
2.0833666666666670e-01 2.2350533724019023e+01 9.6721070246252495e+01
2.0933333333333337e-01 2.2254328564138664e+01 9.6332762289582988e+01
2.1033000000000002e-01 2.2158509264139010e+01 9.5946769482301121e+01
2.1132666666666669e-01 2.2063073523466464e+01 9.5563078021131815e+01
2.1232333333333336e-01 2.1968019055283690e+01 9.5181674185099197e+01
2.1332000000000004e-01 2.1873343586387833e+01 9.4802544335015639e+01
2.1431666666666668e-01 2.1779044857129229e+01 9.4425674913020003e+01
2.1531333333333336e-01 2.1685120621330594e+01 9.4051052442098211e+01
2.1631000000000003e-01 2.1591568646206699e+01 9.3678663525583900e+01
2.1730666666666670e-01 2.1498386712284528e+01 9.3308494846665269e+01
2.1830333333333335e-01 2.1405572613323915e+01 9.2940533167948189e+01
2.1930000000000002e-01 2.1313124156238629e+01 9.2574765330953355e+01
2.2029666666666670e-01 2.1221039161017970e+01 9.2211178255653152e+01
2.2129333333333337e-01 2.1129315460648794e+01 9.1849758940015377e+01
2.2229000000000002e-01 2.1037950901038030e+01 9.1490494459516711e+01
2.2328666666666669e-01 2.0946943340935633e+01 9.1133371966697055e+01
2.2428333333333336e-01 2.0856290651858036e+01 9.0778378690685216e+01
2.2528000000000004e-01 2.0765990718012020e+01 9.0425501936768143e+01
2.2627666666666668e-01 2.0676041436219052e+01 9.0074729085916417e+01
2.2727333333333335e-01 2.0586440715840062e+01 8.9726047594326474e+01
2.2827000000000003e-01 2.0497186478700712e+01 8.9379444992997662e+01
2.2926666666666670e-01 2.0408276659017051e+01 8.9034908887258837e+01
2.3026333333333335e-01 2.0319709203321661e+01 8.8692426956340455e+01
2.3126000000000002e-01 2.0231482070390204e+01 8.8351986952939455e+01
2.3225666666666669e-01 2.0143593231168442e+01 8.8013576702771687e+01
2.3325333333333337e-01 2.0056040668699669e+01 8.7677184104129324e+01
2.3425000000000004e-01 1.9968822378052593e+01 8.7342797127457274e+01
2.3524666666666669e-01 1.9881936366249640e+01 8.7010403814930200e+01
2.3624333333333336e-01 1.9795380652195657e+01 8.6679992280020031e+01
2.3724000000000003e-01 1.9709153266607096e+01 8.6351550707061122e+01
2.3823666666666671e-01 1.9623252251941580e+01 8.6025067350830113e+01
2.3923333333333335e-01 1.9537675662327906e+01 8.5700530536139709e+01
2.4023000000000003e-01 1.9452421563496454e+01 8.5377928657406642e+01
2.4122666666666670e-01 1.9367488032710021e+01 8.5057250178243649e+01
2.4222333333333337e-01 1.9282873158695057e+01 8.4738483631050002e+01
2.4322000000000002e-01 1.9198575041573317e+01 8.4421617616592854e+01
2.4421666666666669e-01 1.9114591792793920e+01 8.4106640803598296e+01
2.4521333333333337e-01 1.9030921535065829e+01 8.3793541928352298e+01
2.4621000000000004e-01 1.8947562402290703e+01 8.3482309794309117e+01
2.4720666666666669e-01 1.8864512539496161e+01 8.3172933271667091e+01
2.4820333333333336e-01 1.8781770102769450e+01 8.2865401296983251e+01
2.4920000000000003e-01 1.8699333259191519e+01 8.2559702872778416e+01
2.5019666666666668e-01 1.8617200186771459e+01 8.2255827067145106e+01
2.5119333333333332e-01 1.8535369074381347e+01 8.1953763013350837e+01
2.5219000000000003e-01 1.8453838121691483e+01 8.1653499909445955e+01
2.5318666666666667e-01 1.8372605539106026e+01 8.1355027017896930e+01
2.5418333333333337e-01 1.8291669547698955e+01 8.1058333665181337e+01
2.5518000000000002e-01 1.8211028379150505e+01 8.0763409241413754e+01
2.5617666666666666e-01 1.8130680275683886e+01 8.0470243199968976e+01
2.5717333333333336e-01 1.8050623490002444e+01 8.0178825057099900e+01
2.5817000000000001e-01 1.7970856285227192e+01 7.9889144391566390e+01
2.5916666666666666e-01 1.7891376934834671e+01 7.9601190844262575e+01
2.6016333333333336e-01 1.7812183722595218e+01 7.9314954117846710e+01
2.6116000000000000e-01 1.7733274942511603e+01 7.9030423976367942e+01
2.6215666666666670e-01 1.7654648898758001e+01 7.8747590244902781e+01
2.6315333333333335e-01 1.7576303905619376e+01 7.8466442809196892e+01
2.6415000000000005e-01 1.7498238287431167e+01 7.8186971615293857e+01
2.6514666666666670e-01 1.7420450378519401e+01 7.7909166669188593e+01
2.6614333333333334e-01 1.7342938523141090e+01 7.7633018036454118e+01
2.6714000000000004e-01 1.7265701075425046e+01 7.7358515841891247e+01
2.6813666666666669e-01 1.7188736399313026e+01 7.7085650269189344e+01
2.6913333333333339e-01 1.7112042868501199e+01 7.6814411560557616e+01
2.7013000000000004e-01 1.7035618866382023e+01 7.6544790016384724e+01
2.7112666666666668e-01 1.6959462785986407e+01 7.6276775994885838e+01
2.7212333333333338e-01 1.6883573029926257e+01 7.6010359911765818e+01
2.7312000000000003e-01 1.6807948010337359e+01 7.5745532239873697e+01
2.7411666666666668e-01 1.6732586148822577e+01 7.5482283508858984e+01
2.7511333333333338e-01 1.6657485876395416e+01 7.5220604304835831e+01
2.7611000000000002e-01 1.6582645633423937e+01 7.4960485270039385e+01
2.7710666666666672e-01 1.6508063869574947e+01 7.4701917102506613e+01
2.7810333333333337e-01 1.6433739043758592e+01 7.4444890555734077e+01
2.7910000000000001e-01 1.6359669624073216e+01 7.4189396438337809e+01
2.8009666666666672e-01 1.6285854087750593e+01 7.3935425613744385e+01
2.8109333333333336e-01 1.6212290921101488e+01 7.3682968999847759e+01
2.8209000000000001e-01 1.6138978619461501e+01 7.3432017568692316e+01
2.8308666666666671e-01 1.6065915687137267e+01 7.3182562346154185e+01
2.8408333333333335e-01 1.5993100637352985e+01 7.2934594411606454e+01
2.8508000000000006e-01 1.5920531992197221e+01 7.2688104897612817e+01
2.8607666666666670e-01 1.5848208282570091e+01 7.2443084989605097e+01
2.8707333333333335e-01 1.5776128048130698e+01 7.2199525925569262e+01
2.8807000000000005e-01 1.5704289837244913e+01 7.1957418995732212e+01
2.8906666666666669e-01 1.5632692206933488e+01 7.1716755542247014e+01
2.9006333333333334e-01 1.5561333722820422e+01 7.1477526958891673e+01
2.9106000000000004e-01 1.5490212959081680e+01 7.1239724690751984e+01
2.9205666666666669e-01 1.5419328498394218e+01 7.1003340233921094e+01
2.9305333333333339e-01 1.5348678931885274e+01 7.0768365135191829e+01
2.9405000000000003e-01 1.5278262859082014e+01 7.0534790991755926e+01
2.9504666666666668e-01 1.5208078887861420e+01 7.0302609450910438e+01
2.9604333333333338e-01 1.5138125634400524e+01 7.0071812209746085e+01
2.9704000000000003e-01 1.5068401723126930e+01 6.9842391014858450e+01
2.9803666666666673e-01 1.4998905786669601e+01 6.9614337662051170e+01
2.9903333333333337e-01 1.4929636465809986e+01 6.9387643996042826e+01
3.0003000000000002e-01 1.4860592409433389e+01 6.9162301910176510e+01
3.0102666666666672e-01 1.4791772274480662e+01 6.8938303346126332e+01
3.0202333333333337e-01 1.4723174725900192e+01 6.8715640293616332e+01
3.0302000000000001e-01 1.4654798436600132e+01 6.8494304790119230e+01
3.0401666666666671e-01 1.4586642087400961e+01 6.8274288920588631e+01
3.0501333333333336e-01 1.4518704366988311e+01 6.8055584817173241e+01
3.0601000000000006e-01 1.4450983971866055e+01 6.7838184658921847e+01
3.0700666666666671e-01 1.4383479606309720e+01 6.7622080671518503e+01
3.0800333333333335e-01 1.4316189982320129e+01 6.7407265126994218e+01
3.0900000000000005e-01 1.4249113819577349e+01 6.7193730343462434e+01
3.0999666666666670e-01 1.4182249845394916e+01 6.6981468684834667e+01
3.1099333333333334e-01 1.4115596794674302e+01 6.6770472560546153e+01
3.1199000000000005e-01 1.4049153409859690e+01 6.6560734425290974e+01
3.1298666666666669e-01 1.3982918440893011e+01 6.6352246778750470e+01
3.1398333333333339e-01 1.3916890645169211e+01 6.6145002165324286e+01
3.1498000000000004e-01 1.3851068787491851e+01 6.5938993173861434e+01
3.1597666666666668e-01 1.3785451640028908e+01 6.5734212437398796e+01
3.1697333333333338e-01 1.3720037982268876e+01 6.5530652632896150e+01
3.1797000000000003e-01 1.3654826600977131e+01 6.5328306480974575e+01
3.1896666666666668e-01 1.3589816290152529e+01 6.5127166745656240e+01
3.1996333333333338e-01 1.3525005850984279e+01 6.4927226234104623e+01
3.2096000000000002e-01 1.3460394091809096e+01 6.4728477796365652e+01
3.2195666666666672e-01 1.3395979828068553e+01 6.4530914325121884e+01
3.2295333333333337e-01 1.3331761882266749e+01 6.4334528755423463e+01
3.2395000000000002e-01 1.3267739083928182e+01 6.4139314064443823e+01
3.2494666666666672e-01 1.3203910269555900e+01 6.3945263271234701e+01
3.2594333333333336e-01 1.3140274282589901e+01 6.3752369436458757e+01
3.2694000000000001e-01 1.3076829973365758e+01 6.3560625662158863e+01
3.2793666666666671e-01 1.3013576199073512e+01 6.3370025091506562e+01
3.2893333333333336e-01 1.2950511823716820e+01 6.3180560908545736e+01
3.2993000000000006e-01 1.2887635718072305e+01 6.2992226337968710e+01
3.3092666666666670e-01 1.2824946759649199e+01 6.2805014644855994e+01
3.3192333333333335e-01 1.2762443832649183e+01 6.2618919134444987e+01
3.3292000000000005e-01 1.2700125827926490e+01 6.2433933151891353e+01
3.3391666666666669e-01 1.2637991642948258e+01 6.2250050082021076e+01
3.3491333333333340e-01 1.2576040181755076e+01 6.2067263349109972e+01
3.3591000000000004e-01 1.2514270354921816e+01 6.1885566416631455e+01
3.3690666666666669e-01 1.2452681079518658e+01 6.1704952787032447e+01
3.3790333333333339e-01 1.2391271279072368e+01 6.1525416001503537e+01
3.3890000000000003e-01 1.2330039883527816e+01 6.1346949639740878e+01
3.3989666666666668e-01 1.2268985829209687e+01 6.1169547319718845e+01
3.4089333333333338e-01 1.2208108058784456e+01 6.0993202697462230e+01
3.4189000000000003e-01 1.2147405521222590e+01 6.0817909466821476e+01
3.4288666666666673e-01 1.2086877171760932e+01 6.0643661359244192e+01
3.4388333333333337e-01 1.2026521971865373e+01 6.0470452143553203e+01
3.4488000000000002e-01 1.1966338889193686e+01 6.0298275625720727e+01
3.4587666666666672e-01 1.1906326897558623e+01 6.0127125648649930e+01
3.4687333333333337e-01 1.1846484976891222e+01 5.9956996091954828e+01
3.4787000000000001e-01 1.1786812113204316e+01 5.9787880871737507e+01
3.4886666666666671e-01 1.1727307298556278e+01 5.9619773940375048e+01
3.4986333333333336e-01 1.1667969531014986e+01 5.9452669286299695e+01
3.5086000000000006e-01 1.1608797814621973e+01 5.9286560933788749e+01
3.5185666666666671e-01 1.1549791159356834e+01 5.9121442942744551e+01
3.5285333333333335e-01 1.1490948581101806e+01 5.8957309408486594e+01
3.5385000000000005e-01 1.1432269101606574e+01 5.8794154461539819e+01
3.5484666666666670e-01 1.1373751748453309e+01 5.8631972267421084e+01
3.5584333333333334e-01 1.1315395555021869e+01 5.8470757026438797e+01
3.5684000000000005e-01 1.1257199560455243e+01 5.8310502973473930e+01
3.5783666666666669e-01 1.1199162809625202e+01 5.8151204377783074e+01
3.5883333333333339e-01 1.1141284353098113e+01 5.7992855542791482e+01
3.5983000000000004e-01 1.1083563247101024e+01 5.7835450805885785e+01
3.6082666666666668e-01 1.1025998553487881e+01 5.7678984538214912e+01
3.6182333333333339e-01 1.0968589339706000e+01 5.7523451144486280e+01
3.6282000000000003e-01 1.0911334678762717e+01 5.7368845062774113e+01
3.6381666666666673e-01 1.0854233649192221e+01 5.7215160764306354e+01
3.6481333333333338e-01 1.0797285335022627e+01 5.7062392753274153e+01
3.6581000000000002e-01 1.0740488825743203e+01 5.6910535566641933e+01
3.6680666666666673e-01 1.0683843216271811e+01 5.6759583773939703e+01
3.6780333333333337e-01 1.0627347606922553e+01 5.6609531977079428e+01
3.6880000000000002e-01 1.0571001103373584e+01 5.6460374810152757e+01
3.6979666666666672e-01 1.0514802816635132e+01 5.6312106939244742e+01
3.7079333333333336e-01 1.0458751863017724e+01 5.6164723062245152e+01
3.7179000000000006e-01 1.0402847364100557e+01 5.6018217908654101e+01
3.7278666666666671e-01 1.0347088446700115e+01 5.5872586239394820e+01
3.7378333333333336e-01 1.0291474242838916e+01 5.5727822846625081e+01
3.7478000000000006e-01 1.0236003889714489e+01 5.5583922553558388e+01
3.7577666666666670e-01 1.0180676529668524e+01 5.5440880214264645e+01
3.7677333333333335e-01 1.0125491310156189e+01 5.5298690713500946e+01
3.7777000000000005e-01 1.0070447383715642e+01 5.5157348966523038e+01
3.7876666666666670e-01 1.0015543907937744e+01 5.5016849918895375e+01
3.7976333333333340e-01 9.9607800454359054e+00 5.4877188546327645e+01
3.8076000000000004e-01 9.9061549638161726e+00 5.4738359854475114e+01
3.8175666666666669e-01 9.8516678356474365e+00 5.4600358878777840e+01
3.8275333333333339e-01 9.7973178384318480e+00 5.4463180684273439e+01
3.8375000000000004e-01 9.7431041545754198e+00 5.4326820365418776e+01
3.8474666666666668e-01 9.6890259713587685e+00 5.4191273045923928e+01
3.8574333333333338e-01 9.6350824809080624e+00 5.4056533878567350e+01
3.8674000000000003e-01 9.5812728801661358e+00 5.3922598045031776e+01
3.8773666666666673e-01 9.5275963708637565e+00 5.3789460755723759e+01
3.8873333333333338e-01 9.4740521594910998e+00 5.3657117249608902e+01
3.8973000000000002e-01 9.4206394572693508e+00 5.3525562794036659e+01
3.9072666666666672e-01 9.3673574801225090e+00 5.3394792684572799e+01
3.9172333333333337e-01 9.3142054486493535e+00 5.3264802244837313e+01
3.9272000000000007e-01 9.2611825880955561e+00 5.3135586826322900e+01
3.9371666666666671e-01 9.2082881283259983e+00 5.3007141808244548e+01
3.9471333333333336e-01 9.1555213037972045e+00 5.2879462597364409e+01
3.9571000000000006e-01 9.1028813535299822e+00 5.2752544627827554e+01
3.9670666666666671e-01 9.0503675210822134e+00 5.2626383361007868e+01
3.9770333333333335e-01 8.9979790545217888e+00 5.2500974285332489e+01
3.9870000000000005e-01 8.9457152063997238e+00 5.2376312916132001e+01
3.9969666666666670e-01 8.8935752337234426e+00 5.2252394795472405e+01
4.0069333333333340e-01 8.8415583979301839e+00 5.2129215491999439e+01
4.0169000000000005e-01 8.7896639648606172e+00 5.2006770600779909e+01
4.0268666666666669e-01 8.7378912047325628e+00 5.1885055743142942e+01
4.0368333333333339e-01 8.6862393921149099e+00 5.1764066566526061e+01
4.0468000000000004e-01 8.6347078059016766e+00 5.1643798744313330e+01
4.0567666666666669e-01 8.5832957292862115e+00 5.1524247975685661e+01
4.0667333333333339e-01 8.5320024497355664e+00 5.1405409985470691e+01
4.0767000000000003e-01 8.4808272589650233e+00 5.1287280523981345e+01
4.0866666666666673e-01 8.4297694529127494e+00 5.1169855366867104e+01
4.0966333333333338e-01 8.3788283317146366e+00 5.1053130314966047e+01
4.1066000000000003e-01 8.3280031996792623e+00 5.0937101194149768e+01
4.1165666666666673e-01 8.2772933652630112e+00 5.0821763855180841e+01
4.1265333333333337e-01 8.2266981410453575e+00 5.0707114173557365e+01
4.1365000000000002e-01 8.1762168437042675e+00 5.0593148049366853e+01
4.1464666666666672e-01 8.1258487939917714e+00 5.0479861407144831e+01
4.1564333333333336e-01 8.0755933167096767e+00 5.0367250195721653e+01
4.1664000000000007e-01 8.0254497406854117e+00 5.0255310388083856e+01
4.1763666666666671e-01 7.9754173987480401e+00 5.0144037981227584e+01
4.1863333333333336e-01 7.9254956277043824e+00 5.0033428996014329e+01
4.1963000000000006e-01 7.8756837683153131e+00 4.9923479477031172e+01
4.2062666666666670e-01 7.8259811652721911e+00 4.9814185492446398e+01
4.2162333333333335e-01 7.7763871671734099e+00 4.9705543133872212e+01
4.2262000000000005e-01 7.7269011265011116e+00 4.9597548516221281e+01
4.2361666666666670e-01 7.6775223995980397e+00 4.9490197777569932e+01
4.2461333333333340e-01 7.6282503466445020e+00 4.9383487079023347e+01
4.2561000000000004e-01 7.5790843316355119e+00 4.9277412604570770e+01
4.2660666666666669e-01 7.5300237223580258e+00 4.9171970560954769e+01
4.2760333333333339e-01 7.4810678903683439e+00 4.9067157177533410e+01
4.2860000000000004e-01 7.4322162109696457e+00 4.8962968706144125e+01
4.2959666666666674e-01 7.3834680631896292e+00 4.8859401420976347e+01
4.3059333333333338e-01 7.3348228297583260e+00 4.8756451618430717e+01
4.3159000000000003e-01 7.2862798970860103e+00 4.8654115616987113e+01
4.3258666666666673e-01 7.2378386552412666e+00 4.8552389757076980e+01
4.3358333333333338e-01 7.1894984979291836e+00 4.8451270400951685e+01
4.3458000000000002e-01 7.1412588224696556e+00 4.8350753932550653e+01
4.3557666666666672e-01 7.0931190297758420e+00 4.8250836757372255e+01
4.3657333333333337e-01 7.0450785243327498e+00 4.8151515302346759e+01
4.3757000000000007e-01 6.9971367141759186e+00 4.8052786015706175e+01
4.3856666666666672e-01 6.9492930108702735e+00 4.7954645366860476e+01
4.3956333333333336e-01 6.9015468294890647e+00 4.7857089846268771e+01
4.4056000000000006e-01 6.8538975885929574e+00 4.7760115965314121e+01
4.4155666666666671e-01 6.8063447102092471e+00 4.7663720256179197e+01
4.4255333333333335e-01 6.7588876198111771e+00 4.7567899271722041e+01
4.4355000000000006e-01 6.7115257462973981e+00 4.7472649585356066e+01
4.4454666666666670e-01 6.6642585219715533e+00 4.7377967790922348e+01
4.4554333333333340e-01 6.6170853825219629e+00 4.7283850502566970e+01
4.4654000000000005e-01 6.5700057670014624e+00 4.7190294354626985e+01
4.4753666666666669e-01 6.5230191178073236e+00 4.7097296001506628e+01
4.4853333333333339e-01 6.4761248806613230e+00 4.7004852117554620e+01
4.4953000000000004e-01 6.4293225045899307e+00 4.6912959396947535e+01
4.5052666666666669e-01 6.3826114419045892e+00 4.6821614553572317e+01
4.5152333333333339e-01 6.3359911481821376e+00 4.6730814320910014e+01
4.5252000000000003e-01 6.2894610822453467e+00 4.6640555451915915e+01
4.5351666666666673e-01 6.2430207061435539e+00 4.6550834718903452e+01
4.5451333333333338e-01 6.1966694851334418e+00 4.6461648913431098e+01
4.5551000000000003e-01 6.1504068876598996e+00 4.6372994846187062e+01
4.5650666666666673e-01 6.1042323853370224e+00 4.6284869346873563e+01
4.5750333333333337e-01 6.0581454529292236e+00 4.6197269264095375e+01
4.5850000000000007e-01 6.0121455683324330e+00 4.6110191465246444e+01
4.5949666666666672e-01 5.9662322125554477e+00 4.6023632836397610e+01
4.6049333333333337e-01 5.9204048697013558e+00 4.5937590282183223e+01
4.6149000000000007e-01 5.8746630269490936e+00 4.5852060725697228e+01
4.6248666666666671e-01 5.8290061745351149e+00 4.5767041108375629e+01
4.6348333333333336e-01 5.7834338057351466e+00 4.5682528389889988e+01
4.6448000000000006e-01 5.7379454168460775e+00 4.5598519548038986e+01
4.6547666666666671e-01 5.6925405071679505e+00 4.5515011578639559e+01
4.6647333333333341e-01 5.6472185789860410e+00 4.5432001495423094e+01
4.6747000000000005e-01 5.6019791375530783e+00 4.5349486329921426e+01
4.6846666666666670e-01 5.5568216910715371e+00 4.5267463131366895e+01
4.6946333333333340e-01 5.5117457506760559e+00 4.5185928966585159e+01
4.7046000000000004e-01 5.4667508304159638e+00 4.5104880919888494e+01
4.7145666666666669e-01 5.4218364472378884e+00 4.5024316092974139e+01
4.7245333333333339e-01 5.3770021209684860e+00 4.4944231604819848e+01
4.7345000000000004e-01 5.3322473742972818e+00 4.4864624591578171e+01
4.7444666666666674e-01 5.2875717327595826e+00 4.4785492206477542e+01
4.7544333333333338e-01 5.2429747247195282e+00 4.4706831619720752e+01
4.7644000000000003e-01 5.1984558813532082e+00 4.4628640018380622e+01
4.7743666666666673e-01 5.1540147366319076e+00 4.4550914606300658e+01
4.7843333333333338e-01 5.1096508273054431e+00 4.4473652603997401e+01
4.7943000000000002e-01 5.0653636928855876e+00 4.4396851248557070e+01
4.8042666666666672e-01 5.0211528756296078e+00 4.4320507793539299e+01
4.8142333333333337e-01 4.9770179205239033e+00 4.4244619508879737e+01
4.8242000000000007e-01 4.9329583752677166e+00 4.4169183680789622e+01
4.8341666666666672e-01 4.8889737902569808e+00 4.4094197611659638e+01
4.8441333333333336e-01 4.8450637185682215e+00 4.4019658619965945e+01
4.8541000000000006e-01 4.8012277159425842e+00 4.3945564040171931e+01
4.8640666666666671e-01 4.7574653407699552e+00 4.3871911222631233e+01
4.8740333333333336e-01 4.7137761540731518e+00 4.3798697533497254e+01
4.8840000000000006e-01 4.6701597194922355e+00 4.3725920354626354e+01
4.8939666666666670e-01 4.6266156032689114e+00 4.3653577083484102e+01
4.9039333333333340e-01 4.5831433742310024e+00 4.3581665133052866e+01
4.9139000000000005e-01 4.5397426037770483e+00 4.3510181931739623e+01
4.9238666666666669e-01 4.4955245834577280e+00 4.5221631418068050e+01
4.9338333333333340e-01 4.4508982200871943e+00 4.4329599425809256e+01
4.9438000000000004e-01 4.4085634283468496e+00 4.0623159919366046e+01
4.9537666666666674e-01 4.3684775946320942e+00 3.9816640177130644e+01
4.9637333333333339e-01 4.3279137444020570e+00 4.1582390384818076e+01
4.9737000000000003e-01 4.2847457242843232e+00 4.5042399149098138e+01
4.9836666666666674e-01 4.2376500272741708e+00 4.9464016255887216e+01
4.9936333333333338e-01 4.1858235657623890e+00 5.4535572062071360e+01
5.0036000000000003e-01 4.1287204311624057e+00 6.0052657904452467e+01
5.0135666666666667e-01 4.0661279739000502e+00 6.5550935264155967e+01
5.0235333333333332e-01 3.9983893871325162e+00 7.0379339185747085e+01
5.0335000000000008e-01 3.9263966145588594e+00 7.4087762968735518e+01
5.0434666666666672e-01 3.8512427332598067e+00 7.6722701176523486e+01
5.0534333333333337e-01 3.7737592012060204e+00 7.8762647426395375e+01
5.0634000000000001e-01 3.6942756999180530e+00 8.0736017365515252e+01
5.0733666666666666e-01 3.6128555327446015e+00 8.2648933484223662e+01
5.0833333333333330e-01 3.5298649495623624e+00 8.3887353837999100e+01
5.0933000000000006e-01 3.4463419134327076e+00 8.3717400937213156e+01
5.1032666666666671e-01 3.3638987408601388e+00 8.1720403556239020e+01
5.1132333333333335e-01 3.2842931350611524e+00 7.8023287010292194e+01
5.1232000000000000e-01 3.2088997834674107e+00 7.3267719532336386e+01
5.1331666666666675e-01 3.1383787398566136e+00 6.8246080355537927e+01
5.1431333333333340e-01 3.0728100924334507e+00 6.3329800761179897e+01
5.1531000000000005e-01 3.0121264504527487e+00 5.8443393848926604e+01
5.1630666666666669e-01 2.9563721695039749e+00 5.3438106382728691e+01
5.1730333333333334e-01 2.9057071878482756e+00 4.8230753127037460e+01
5.1830000000000009e-01 2.8603948463211930e+00 4.2697022512585079e+01
5.1929666666666674e-01 2.8209395734343050e+00 3.6477438130000756e+01
5.2029333333333339e-01 2.7878555055800631e+00 2.9911995691221737e+01
5.2129000000000003e-01 2.7609004589434876e+00 2.4178398897225414e+01
5.2228666666666668e-01 2.7388300751554562e+00 2.0109996664042221e+01
5.2328333333333343e-01 2.7198689594989203e+00 1.7939064854086986e+01
5.2428000000000008e-01 2.7021935849537941e+00 1.7529914166234150e+01
5.2527666666666673e-01 2.6843214455800557e+00 1.8333910664010979e+01
5.2627333333333337e-01 2.6656732651478148e+00 1.9087187193329264e+01
5.2727000000000002e-01 2.6465851080392513e+00 1.9216807004458168e+01
5.2826666666666677e-01 2.6272655468744257e+00 1.9551543159067659e+01
5.2926333333333342e-01 2.6071550486528641e+00 2.0803971666809336e+01
5.3026000000000006e-01 2.5851396384988226e+00 2.3374108909863395e+01
5.3125666666666671e-01 2.5598014850437982e+00 2.7471683976474289e+01
5.3225333333333336e-01 2.5295692841480335e+00 3.3194939894626373e+01
5.3325000000000000e-01 2.4929568316618065e+00 4.0274864425562875e+01
5.3424666666666676e-01 2.4492579622523523e+00 4.7415174523166357e+01
5.3524333333333340e-01 2.3992466581111533e+00 5.2941957532752944e+01
5.3624000000000005e-01 2.3449455354746025e+00 5.6023505951966392e+01
5.3723666666666670e-01 2.2889116097901629e+00 5.6419154284369206e+01
5.3823333333333334e-01 2.2336253666808386e+00 5.4523139580498203e+01
5.3923000000000010e-01 2.1806590926714122e+00 5.1763697896602167e+01
5.4022666666666674e-01 2.1301127188304165e+00 4.9667152620448405e+01
5.4122333333333339e-01 2.0811256322787388e+00 4.8634693302652408e+01
5.4222000000000004e-01 2.0327285129515857e+00 4.8483271902339411e+01
5.4321666666666668e-01 1.9840828240699941e+00 4.9133495084133884e+01
5.4421333333333344e-01 1.9344147700638881e+00 5.0534840714063492e+01
5.4521000000000008e-01 1.8831021793753102e+00 5.2433568694456092e+01
5.4620666666666673e-01 1.8300201049056886e+00 5.4085644288064294e+01
5.4720333333333337e-01 1.7755730707658988e+00 5.5172618199810586e+01
5.4820000000000002e-01 1.7201046356789327e+00 5.6135278295775926e+01
5.4919666666666667e-01 1.6635781719524949e+00 5.7295752593399442e+01
5.5019333333333342e-01 1.6056292599860056e+00 5.8989689479812981e+01
5.5119000000000007e-01 1.5453868548785612e+00 6.1898079966566037e+01
5.5218666666666671e-01 1.4809960882823459e+00 6.7314160694738263e+01
5.5318333333333336e-01 1.4096031935561415e+00 7.5949173204002435e+01
5.5418000000000001e-01 1.3292375879052030e+00 8.5319600677482924e+01
5.5517666666666676e-01 1.2414473670796282e+00 9.0848066531012307e+01
5.5617333333333341e-01 1.1513718404420250e+00 8.9905498628061551e+01
5.5717000000000005e-01 1.0656106865121602e+00 8.2190462435216091e+01
5.5816666666666670e-01 9.8981053450138878e-01 6.9916866014495795e+01
5.5916333333333335e-01 9.2606968876608065e-01 5.7991185628265704e+01
5.6016000000000010e-01 8.7256026822249233e-01 4.9385578004343252e+01
5.6115666666666675e-01 8.2653767119898347e-01 4.2967459501027612e+01
5.6215333333333339e-01 7.8678038002522921e-01 3.6813057904501008e+01
5.6315000000000004e-01 7.5352386126439685e-01 2.9922431247672424e+01
5.6414666666666669e-01 7.2819718689592627e-01 2.0900326682369869e+01
5.6514333333333344e-01 7.1363263142698186e-01 8.3262060312283896e+00
5.6614000000000009e-01 7.0948340542141974e-01 -0.0000000000000000e+00
5.6713666666666673e-01 7.1148138600119315e-01 -4.0093255781407127e+00
5.6813333333333338e-01 7.1892303453118045e-01 -1.0923748395078162e+01
5.6913000000000002e-01 7.3278367359938323e-01 -1.6890243046132095e+01
5.7012666666666667e-01 7.4990952939523736e-01 -1.7476022764947089e+01
5.7112333333333343e-01 7.6546237936552741e-01 -1.3733709616903131e+01
5.7212000000000007e-01 7.7678879380718202e-01 -8.9948812359158996e+00
5.7311666666666672e-01 7.8443471844932533e-01 -6.3481113570140897e+00
5.7411333333333336e-01 7.9012554663483903e-01 -5.0716107543848175e+00
5.7511000000000001e-01 7.9466008803219501e-01 -4.0278034209116864e+00
5.7610666666666677e-01 7.9798579158650595e-01 -2.6458491964341904e+00
5.7710333333333341e-01 7.9992621399866171e-01 -1.2479750420054276e+00
5.7810000000000006e-01 8.0054812156126109e-01 -0.0000000000000000e+00
5.7909666666666670e-01 8.0018996137947540e-01 7.1871608385090879e-01
5.8009333333333335e-01 7.9801589598067979e-01 3.6439569572106749e+00
5.8109000000000011e-01 7.9297665007274309e-01 6.4682421891495752e+00
5.8208666666666675e-01 7.8564260470575786e-01 8.2489057044666900e+00
5.8308333333333340e-01 7.7733665322589229e-01 8.4185554591435157e+00
5.8408000000000004e-01 7.6964001546121952e-01 7.0262025970564155e+00
5.8507666666666669e-01 7.6409821111266951e-01 4.0944750254522218e+00
5.8607333333333345e-01 7.6205779772498561e-01 -0.0000000000000000e+00
5.8707000000000009e-01 7.6261565449215585e-01 -1.1194450177330035e+00
5.8806666666666674e-01 7.6496488669216922e-01 -3.5947333100532326e+00
5.8906333333333338e-01 7.6873835133009494e-01 -3.9774365319384275e+00
5.9006000000000003e-01 7.7187700630579104e-01 -2.3208677671173814e+00
5.9105666666666667e-01 7.7303357207640455e-01 -0.0000000000000000e+00
5.9205333333333343e-01 7.7098691446401990e-01 4.1070052422431322e+00
5.9305000000000008e-01 7.6401579717926038e-01 9.8818588743315079e+00
5.9404666666666672e-01 7.5228732692200040e-01 1.3653532946257547e+01
5.9504333333333337e-01 7.3705741428331051e-01 1.6908164656465310e+01
5.9604000000000001e-01 7.1854832313511674e-01 2.0233824269676813e+01
5.9703666666666677e-01 6.9654376913100147e-01 2.3922471390751216e+01
5.9803333333333342e-01 6.7052956255720186e-01 2.8279949827576889e+01
5.9903000000000006e-01 6.3939980126522666e-01 3.4187798584414793e+01
6.0002666666666671e-01 6.0137618965369810e-01 4.2113763177851375e+01
6.0102333333333335e-01 5.5544222557400735e-01 5.0061415577382874e+01
6.0202000000000011e-01 5.0274455091927017e-01 5.5686426539137088e+01
6.0301666666666676e-01 4.4594679437383744e-01 5.8289004655713697e+01
6.0401333333333340e-01 3.8791082419133432e-01 5.8171136178743112e+01
6.0501000000000005e-01 3.3076612046603304e-01 5.6500510092766838e+01
6.0600666666666669e-01 2.7503462078991259e-01 5.5335275210487232e+01
6.0700333333333334e-01 2.2008350918900058e-01 5.4934513955224794e+01
6.0800000000000010e-01 1.6621844521422177e-01 5.3155915425592454e+01
6.0899666666666674e-01 1.1571503909613043e-01 4.8188712236131458e+01
6.0999333333333339e-01 7.1978969500037210e-02 3.9575975916565788e+01
6.1099000000000003e-01 3.8086603437523459e-02 2.8435460998178968e+01
6.1198666666666668e-01 1.5421191004004853e-02 1.7046971978782409e+01
6.1298333333333344e-01 3.4630583172885667e-03 6.9492809042581394e+00
6.1398000000000008e-01 0.0000000000000000e+00 -0.0000000000000000e+00
6.1497666666666673e-01 6.5382052949562958e-04 -1.3120144404594849e+00
6.1597333333333337e-01 3.3727406133053678e-03 -4.1440124835735501e+00
6.1697000000000002e-01 8.5857509207154011e-03 -6.3168777654100152e+00
6.1796666666666678e-01 1.6046655459199012e-02 -8.6548370275323361e+00
6.1896333333333342e-01 2.5995939183221899e-02 -1.1310280813316680e+01
6.1996000000000007e-01 3.9183411945344374e-02 -1.5152875231076802e+01
6.2095666666666671e-01 5.6677667252235053e-02 -1.9952653812851725e+01
6.2195333333333336e-01 7.8555240412150881e-02 -2.3948830788986974e+01
6.2295000000000011e-01 1.0337918636407878e-01 -2.5865107576081225e+01
6.2394666666666676e-01 1.2897493104272684e-01 -2.5497590775721964e+01
6.2494333333333341e-01 1.5346203892819593e-01 -2.3640418358999678e+01
6.2594000000000005e-01 1.7603074909826724e-01 -2.1647963253184525e+01
6.2693666666666670e-01 1.9694474518970320e-01 -2.0319921880132686e+01
6.2793333333333334e-01 2.1683966162457918e-01 -1.9602987353732996e+01
6.2893000000000010e-01 2.3619322857968950e-01 -1.9233601853842703e+01
6.2992666666666675e-01 2.5525907865201669e-01 -1.9025629060527024e+01
6.3092333333333339e-01 2.7413452821469214e-01 -1.8851527252534922e+01
6.3192000000000004e-01 2.9281376182750635e-01 -1.8631884679534512e+01
6.3291666666666668e-01 3.1122414815633848e-01 -1.8312034374978882e+01
6.3391333333333344e-01 3.2934955729172916e-01 -1.8060024090684781e+01
6.3491000000000009e-01 3.4740204338907688e-01 -1.8165700519378252e+01
6.3590666666666673e-01 3.6581902870404842e-01 -1.8791460647789538e+01
6.3690333333333338e-01 3.8516065453495463e-01 -2.0021166437641739e+01
6.3790000000000002e-01 4.0601727834836154e-01 -2.1831590378560318e+01
6.3889666666666678e-01 4.2887733851361687e-01 -2.4041440053386037e+01
6.3989333333333343e-01 4.5400316727832074e-01 -2.6378283220268258e+01
6.4089000000000007e-01 4.8143347831643973e-01 -2.8665819197363025e+01
6.4188666666666672e-01 5.1108518468081121e-01 -3.0835932704387030e+01
6.4288333333333336e-01 5.4283144492532842e-01 -3.2868937351501742e+01
6.4388000000000001e-01 5.7660262560796449e-01 -3.4899318198939973e+01
6.4487666666666676e-01 6.1261588594887550e-01 -3.7368093856393223e+01
6.4587333333333341e-01 6.5157301561963898e-01 -4.0806748292297598e+01
6.4687000000000006e-01 6.9432439375406085e-01 -4.4981970372095965e+01
6.4786666666666670e-01 7.4096951273757361e-01 -4.8620275079771154e+01
6.4886333333333335e-01 7.9034339448925672e-01 -5.0457748502203671e+01
6.4986000000000010e-01 8.4040711204521490e-01 -5.0004560974626344e+01
6.5085666666666675e-01 8.8904472295608650e-01 -4.7595996037158102e+01
6.5185333333333340e-01 9.3487863754075895e-01 -4.4378414500648120e+01
6.5285000000000004e-01 9.7769655758446627e-01 -4.1543833078699400e+01
6.5384666666666669e-01 1.0180650853569764e+00 -3.9463246063463032e+01
6.5484333333333344e-01 1.0565246242071882e+00 -3.7713086077423164e+01
6.5584000000000009e-01 1.0931471582883983e+00 -3.5776948868150640e+01
6.5683666666666674e-01 1.1276209791331233e+00 -3.3401286940663830e+01
6.5783333333333338e-01 1.1595252256042352e+00 -3.0620612332471712e+01
6.5883000000000003e-01 1.1886366464475604e+00 -2.7796954577211963e+01
6.5982666666666678e-01 1.2151027895513431e+00 -2.5312362687898961e+01
6.6082333333333343e-01 1.2394082113341971e+00 -2.3461058949936181e+01
6.6182000000000007e-01 1.2622389769098110e+00 -2.2353186352299900e+01
6.6281666666666672e-01 1.2843363782525927e+00 -2.1989425037898236e+01
6.6381333333333337e-01 1.3063926660566918e+00 -2.2270684267986997e+01
6.6481000000000001e-01 1.3288331242726428e+00 -2.2760335563353710e+01
6.6580666666666677e-01 1.3515857606276314e+00 -2.2897128694144492e+01
6.6680333333333341e-01 1.3742815145963312e+00 -2.2646190306591699e+01
6.6780000000000006e-01 1.3968430718964204e+00 -2.2627837720344349e+01
6.6879666666666671e-01 1.4198256690107451e+00 -2.3491086254890124e+01
6.6979333333333335e-01 1.4442671885190133e+00 -2.5555441186451649e+01
6.7079000000000011e-01 1.4713793486593520e+00 -2.8850231335962597e+01
6.7178666666666675e-01 1.5022174370920713e+00 -3.3032220368491949e+01
6.7278333333333340e-01 1.5373382507716880e+00 -3.7444328821375429e+01
6.7378000000000005e-01 1.5766792014248059e+00 -4.1500722656454847e+01
6.7477666666666669e-01 1.6198045904472156e+00 -4.5038519528984644e+01
6.7577333333333345e-01 1.6662784084204454e+00 -4.8219978076150397e+01
6.7677000000000009e-01 1.7158338354344496e+00 -5.1222350380047459e+01
6.7776666666666674e-01 1.7684623560256303e+00 -5.4386721040384380e+01
6.7876333333333339e-01 1.8246142895882997e+00 -5.8292744302767595e+01
6.7976000000000003e-01 1.8851291788959652e+00 -6.3141816180844366e+01
6.8075666666666679e-01 1.9504223841805899e+00 -6.7881338236450773e+01
6.8175333333333343e-01 2.0196006794742867e+00 -7.0937983423144658e+01
6.8275000000000008e-01 2.0906019780870779e+00 -7.1539538876774117e+01
6.8374666666666672e-01 2.1610639561859655e+00 -6.9855734900260700e+01
6.8474333333333337e-01 2.2292314269730769e+00 -6.6935176378226615e+01
6.8574000000000002e-01 2.2947693163080265e+00 -6.4578982822343633e+01
6.8673666666666677e-01 2.3583970855594543e+00 -6.3102159488202290e+01
6.8773333333333342e-01 2.4201602588871065e+00 -6.0837318761269721e+01
6.8873000000000006e-01 2.4785468914770261e+00 -5.6326492455962729e+01
6.8972666666666671e-01 2.5310596866521040e+00 -4.9050354049212828e+01
6.9072333333333336e-01 2.5750870150156642e+00 -3.9298799857598354e+01
6.9172000000000011e-01 2.6088822712033366e+00 -2.8517767743075584e+01
6.9271666666666676e-01 2.6327973311000865e+00 -1.9472319006256441e+01
6.9371333333333340e-01 2.6484370571399074e+00 -1.1911746625491640e+01
6.9471000000000005e-01 2.6570353322706763e+00 -5.3423171820718967e+00
6.9570666666666670e-01 2.6602530997934908e+00 -1.1147413921374232e+00
6.9670333333333345e-01 2.6608086125872394e+00 -0.0000000000000000e+00
6.9770000000000010e-01 2.6601198827134511e+00 1.3820666363643959e+00
6.9869666666666674e-01 2.6572235607615968e+00 4.4299506583269492e+00
6.9969333333333339e-01 2.6504152383468438e+00 9.2322347893384009e+00
7.0069000000000004e-01 2.6383571849780734e+00 1.4964527823579036e+01
7.0168666666666668e-01 2.6209276445223244e+00 2.0011138642807964e+01
7.0268333333333344e-01 2.5991799270817375e+00 2.3629765920238643e+01
7.0368000000000008e-01 2.5746286403576559e+00 2.5637030181598057e+01
7.0467666666666673e-01 2.5486337982651484e+00 2.6526532545842628e+01
7.0567333333333337e-01 2.5217244041751501e+00 2.7472251581245025e+01
7.0667000000000002e-01 2.4934282603689488e+00 2.9309307896082796e+01
7.0766666666666678e-01 2.4629939338431379e+00 3.1762919246006792e+01
7.0866333333333342e-01 2.4301109295576468e+00 3.4223042530899754e+01
7.0966000000000007e-01 2.3949747626928524e+00 3.6284315726214089e+01
7.1065666666666671e-01 2.3580575900963763e+00 3.7796967076080861e+01
7.1165333333333336e-01 2.3198583949808484e+00 3.8856936165782670e+01
7.1265000000000012e-01 2.2806858351326524e+00 3.9750207342296157e+01
7.1364666666666676e-01 2.2405410720363479e+00 4.0807845693768527e+01
7.1464333333333341e-01 2.1991728113571694e+00 4.2205386438363973e+01
7.1564000000000005e-01 2.1562330591822119e+00 4.3961340334127833e+01
7.1663666666666670e-01 2.1113579430566132e+00 4.6089059917911264e+01
7.1763333333333346e-01 2.0641060716327027e+00 4.8730748959492225e+01
7.1863000000000010e-01 2.0138821242155522e+00 5.2053092011380684e+01
7.1962666666666675e-01 1.9601417036376176e+00 5.5787216840664449e+01
7.2062333333333339e-01 1.9029847632280670e+00 5.8908984650075077e+01
7.2162000000000004e-01 1.8436281229674718e+00 6.0201330254131967e+01
7.2261666666666668e-01 1.7841857613585301e+00 5.9081000733713253e+01
7.2361333333333344e-01 1.7268899515855387e+00 5.5893868375958355e+01
7.2461000000000009e-01 1.6732336698909600e+00 5.1777599907479441e+01
7.2560666666666673e-01 1.6234780860571001e+00 4.8066381030034272e+01
7.2660333333333338e-01 1.5772177411494805e+00 4.4763742530408230e+01
7.2760000000000002e-01 1.5349494014857652e+00 4.0055668166012140e+01
7.2859666666666678e-01 1.4991639581437630e+00 3.1754586031979116e+01
7.2959333333333343e-01 1.4736820920903149e+00 1.9379593339489748e+01
7.3059000000000007e-01 1.4609140125186069e+00 6.2419710184531674e+00
7.3158666666666672e-01 1.4578034302944112e+00 -0.0000000000000000e+00
7.3258333333333336e-01 1.4584442518874663e+00 -1.2859296181710014e+00
7.3358000000000012e-01 1.4616845934425291e+00 -5.2164280174061108e+00
7.3457666666666677e-01 1.4698333057043640e+00 -1.1135502942798068e+01
7.3557333333333341e-01 1.4835751819450249e+00 -1.6440168443144099e+01
7.3657000000000006e-01 1.5018291144547915e+00 -2.0189796459398409e+01
7.3756666666666670e-01 1.5232510863499937e+00 -2.2797438112914755e+01
7.3856333333333335e-01 1.5472336738478774e+00 -2.5328155528324160e+01
7.3956000000000011e-01 1.5742082097759431e+00 -2.8801348006251111e+01
7.4055666666666675e-01 1.6052384491795033e+00 -3.3466690930660420e+01
7.4155333333333340e-01 1.6411683575459242e+00 -3.8633459637409871e+01
7.4255000000000004e-01 1.6820491125631418e+00 -4.3401500263363069e+01
7.4354666666666669e-01 1.7272198812176620e+00 -4.7242182655408392e+01
7.4454333333333345e-01 1.7758325734354647e+00 -5.0308370290006295e+01
7.4554000000000009e-01 1.8274024188186588e+00 -5.3176269274933844e+01
7.4653666666666674e-01 1.8819111873901713e+00 -5.6205875015729028e+01
7.4753333333333338e-01 1.9394428022446413e+00 -5.9242181548427297e+01
7.4853000000000003e-01 1.9998125553442976e+00 -6.1901135708410720e+01
7.4952666666666679e-01 2.0624960743004910e+00 -6.3885189956180064e+01
7.5052333333333343e-01 2.1268046727725665e+00 -6.5162164837285431e+01
7.5152000000000008e-01 2.1921673556614092e+00 -6.6000409521598826e+01
7.5251666666666672e-01 2.2583835654358788e+00 -6.6874927818476579e+01
7.5351333333333337e-01 2.3256359104945536e+00 -6.8079610760807100e+01
7.5451000000000013e-01 2.3942517497523084e+00 -6.9611036579156419e+01
7.5550666666666677e-01 2.4645253162832228e+00 -7.1406153783885131e+01
7.5650333333333342e-01 2.5366763528707286e+00 -7.3378535020476960e+01
7.5750000000000006e-01 2.6108325990573675e+00 -7.5429985755389851e+01
7.5849666666666671e-01 2.6870296836754433e+00 -7.7473862976538285e+01
7.5949333333333335e-01 2.7652862952370154e+00 -7.9562815742339183e+01
7.6049000000000011e-01 2.8457814206451690e+00 -8.1965864006449095e+01
7.6148666666666676e-01 2.9289791742877713e+00 -8.4986149992087206e+01
7.6248333333333340e-01 3.0155602328888795e+00 -8.8755104725859681e+01
7.6348000000000005e-01 3.1062463232873743e+00 -9.3223671993531525e+01
7.6447666666666669e-01 3.2016456749033044e+00 -9.8213153991616991e+01
7.6547333333333345e-01 3.3021351139867234e+00 -1.0343789433629581e+02
7.6647000000000010e-01 3.4078424096701769e+00 -1.0868376924254483e+02
7.6746666666666674e-01 3.5187768728689108e+00 -1.1392719369806316e+02
7.6846333333333339e-01 3.6349395415466561e+00 -1.1917515147467454e+02
7.6946000000000003e-01 3.7563244251607784e+00 -1.2440655477440541e+02
7.7045666666666679e-01 3.8829326621153872e+00 -1.2965679697395075e+02
7.7145333333333344e-01 4.0148171567762070e+00 -1.3499436288054213e+02
7.7245000000000008e-01 4.1520421170965145e+00 -1.4037345047125143e+02
7.7344666666666673e-01 4.2944758824428435e+00 -1.4544681443777620e+02
7.7444333333333337e-01 4.4415232828242877e+00 -1.4963158097649853e+02
7.7544000000000013e-01 4.5920436587497777e+00 -1.5241599613148094e+02
7.7643666666666677e-01 4.7445441068907925e+00 -1.5360497003778610e+02
7.7743333333333342e-01 4.8975461549109527e+00 -1.5342255107291018e+02
7.7843000000000007e-01 5.0498950949832722e+00 -1.5229438552706901e+02
7.7942666666666671e-01 5.2006948190342284e+00 -1.5031375638121150e+02
7.8042333333333336e-01 5.3488410656956837e+00 -1.4696968173542672e+02
7.8142000000000011e-01 5.4929649996979615e+00 -1.4224222596142585e+02
7.8241666666666676e-01 5.6327782676685967e+00 -1.3831951578567498e+02
7.8341333333333341e-01 5.7708506469206524e+00 -1.3874880378367286e+02
7.8441000000000005e-01 5.9120735975853664e+00 -1.4464173266726434e+02
7.8540666666666670e-01 6.0569700049883064e+00 -1.4612028887710201e+02
7.8640333333333345e-01 6.2012365471348083e+00 -1.4337778900882955e+02
7.8740000000000010e-01 6.3441395703123638e+00 -1.4338413041101961e+02
7.8839666666666675e-01 6.4870489169052687e+00 -1.4339047813662259e+02
7.8939333333333339e-01 6.6299645932190030e+00 -1.4339683219194646e+02
7.9039000000000004e-01 6.7728866055653318e+00 -1.4340319258330189e+02
7.9138666666666679e-01 6.9158149602623320e+00 -1.4340955931700663e+02
7.9238333333333344e-01 7.0587496636343321e+00 -1.4341593239938697e+02
7.9338000000000009e-01 7.2016907220120148e+00 -1.4342231183677191e+02
7.9437666666666673e-01 7.3446381417323598e+00 -1.4342869763549922e+02
7.9537333333333338e-01 7.4875919291386666e+00 -1.4343508980191123e+02
7.9637000000000002e-01 7.6305520905805579e+00 -1.4344148834235787e+02
7.9736666666666678e-01 7.7735186324140049e+00 -1.4344789326319608e+02
7.9836333333333342e-01 7.9164915610012700e+00 -1.4345430457078646e+02
7.9936000000000007e-01 8.0594708827110075e+00 -1.4346072227150071e+02
8.0035666666666672e-01 8.2024566039182059e+00 -1.4346714637171146e+02
8.0135333333333336e-01 8.3454487310042076e+00 -1.4347357687779805e+02
8.0235000000000012e-01 8.4884472703567386e+00 -1.4348001379615081e+02
8.0334666666666676e-01 8.6314522283698452e+00 -1.4348645713316463e+02
8.0434333333333341e-01 8.7744636114439967e+00 -1.4349290689523983e+02
8.0534000000000006e-01 8.9174814259860309e+00 -1.4349936308878102e+02
8.0633666666666670e-01 9.0605056784091715e+00 -1.4350582572020275e+02
8.0733333333333346e-01 9.2035363751330550e+00 -1.4351229479592476e+02
8.0833000000000010e-01 9.3465735225836699e+00 -1.4351877032237138e+02
8.0932666666666675e-01 9.4896171271934620e+00 -1.4352525230597857e+02
8.1032333333333340e-01 9.6326671954012753e+00 -1.4353174075318390e+02
8.1132000000000004e-01 9.7757237336523719e+00 -1.4353823567042866e+02
8.1231666666666680e-01 9.9187867483984586e+00 -1.4354473706416914e+02
8.1331333333333344e-01 1.0061856246097630e+01 -1.4355124494086263e+02
8.1431000000000009e-01 1.0204932233214464e+01 -1.4355775930697268e+02
8.1530666666666674e-01 1.0348014716219973e+01 -1.4356428016897169e+02
8.1630333333333338e-01 1.0491103701591619e+01 -1.4357080753333469e+02
8.1730000000000003e-01 1.0634199195813324e+01 -1.4357734140654756e+02
8.1829666666666678e-01 1.0777301205375490e+01 -1.4358388179509956e+02
8.1929333333333343e-01 1.0920409736774948e+01 -1.4359042870548899e+02
8.2029000000000007e-01 1.1063524796515050e+01 -1.4359698214421940e+02
8.2128666666666672e-01 1.1206646391105620e+01 -1.4360354211779801e+02
8.2228333333333337e-01 1.1349774527062971e+01 -1.4361010863274359e+02
8.2328000000000012e-01 1.1492909210909930e+01 -1.4361668169557842e+02
8.2427666666666677e-01 1.1636050449175784e+01 -1.4362326131282930e+02
8.2527333333333341e-01 1.1779198248396373e+01 -1.4362984749103546e+02
8.2627000000000006e-01 1.1922352615114043e+01 -1.4363644023673879e+02
8.2726666666666671e-01 1.2065513555877665e+01 -1.4364303955648666e+02
8.2826333333333346e-01 1.2208681077242650e+01 -1.4364964545683608e+02
8.2926000000000011e-01 1.2351855185770903e+01 -1.4365625794434766e+02
8.3025666666666675e-01 1.2495035888030920e+01 -1.4366287702559009e+02
8.3125333333333340e-01 1.2638223190597726e+01 -1.4366950270713826e+02
8.3225000000000005e-01 1.2781417100052908e+01 -1.4367613499557422e+02
8.3324666666666669e-01 1.2924617622984613e+01 -1.4368277389748712e+02
8.3424333333333345e-01 1.3067824765987575e+01 -1.4368941941946966e+02
8.3524000000000009e-01 1.3211038535663056e+01 -1.4369607156812344e+02
8.3623666666666674e-01 1.3354258938618946e+01 -1.4370273035005729e+02
8.3723333333333338e-01 1.3497485981469712e+01 -1.4370939577188616e+02
8.3823000000000003e-01 1.3640719670836413e+01 -1.4371606784023041e+02
8.3922666666666679e-01 1.3783960013346729e+01 -1.4372274656171660e+02
8.4022333333333343e-01 1.3927207015634899e+01 -1.4372943194298028e+02
8.4122000000000008e-01 1.4070460684341828e+01 -1.4373612399066224e+02
8.4221666666666672e-01 1.4213721026115024e+01 -1.4374282271140959e+02
8.4321333333333337e-01 1.4356988047608626e+01 -1.4374952811187651e+02
8.4421000000000013e-01 1.4500261755483422e+01 -1.4375624019872436e+02
8.4520666666666677e-01 1.4643542156406795e+01 -1.4376295897861894e+02
8.4620333333333342e-01 1.4786829257052824e+01 -1.4376968445823667e+02
8.4720000000000006e-01 1.4930123064102231e+01 -1.4377641664425678e+02
8.4819666666666671e-01 1.5073423584242393e+01 -1.4378315554336649e+02
8.4919333333333347e-01 1.5216730824167378e+01 -1.4378990116226180e+02
8.5019000000000011e-01 1.5360044790577877e+01 -1.4379665350764148e+02
8.5118666666666676e-01 1.5503365490181311e+01 -1.4380341258621237e+02
8.5218333333333340e-01 1.5646692929691774e+01 -1.4381017840468928e+02
8.5318000000000005e-01 1.5790027115830055e+01 -1.4381695096979408e+02
8.5417666666666670e-01 1.5933368055323644e+01 -1.4382373028825143e+02
8.5517333333333345e-01 1.6076715754906758e+01 -1.4383051636680020e+02
8.5617000000000010e-01 1.6220070221320281e+01 -1.4383730921218100e+02
8.5716666666666674e-01 1.6363431461311865e+01 -1.4384410883113631e+02
8.5816333333333339e-01 1.6506799481635873e+01 -1.4385091523042101e+02
8.5916000000000003e-01 1.6650174289053403e+01 -1.4385772841679983e+02
8.6015666666666679e-01 1.6793555890332314e+01 -1.4386454839704191e+02
8.6115333333333344e-01 1.6936944292247166e+01 -1.4387137517791822e+02
8.6215000000000008e-01 1.7080339501579321e+01 -1.4387820876621041e+02
8.6314666666666673e-01 1.7223741525116885e+01 -1.4388504916870812e+02
8.6414333333333337e-01 1.7367150369654738e+01 -1.4389189639220453e+02
8.6514000000000013e-01 1.7510566041994544e+01 -1.4389875044350100e+02
8.6613666666666678e-01 1.7653988548944707e+01 -1.4390561132940766e+02
8.6713333333333342e-01 1.7797417897320468e+01 -1.4391247905674172e+02
8.6813000000000007e-01 1.7940854093943848e+01 -1.4391935363232145e+02
8.6912666666666671e-01 1.8084297145643667e+01 -1.4392623506297659e+02
8.7012333333333336e-01 1.8227747059255559e+01 -1.4393312335554126e+02
8.7112000000000012e-01 1.8371203841621984e+01 -1.4394001851685965e+02
8.7211666666666676e-01 1.8514667499592186e+01 -1.4394692055378641e+02
8.7311333333333341e-01 1.8658138040022283e+01 -1.4395382947316907e+02
8.7411000000000005e-01 1.8801615469775211e+01 -1.4396074528187219e+02
8.7510666666666670e-01 1.8945099795720747e+01 -1.4396766798676742e+02
8.7610333333333346e-01 1.9088591024735543e+01 -1.4397459759473270e+02
8.7710000000000010e-01 1.9232089163703051e+01 -1.4398153411265116e+02
8.7809666666666675e-01 1.9375594219513644e+01 -1.4398847754740970e+02
8.7909333333333339e-01 1.9519106199064545e+01 -1.4399542790590840e+02
8.8009000000000004e-01 1.9662625109259853e+01 -1.4400238519505103e+02
8.8108666666666680e-01 1.9806150957010569e+01 -1.4400934942174760e+02
8.8208333333333344e-01 1.9949683749234541e+01 -1.4401632059291688e+02
8.8308000000000009e-01 2.0093223492856559e+01 -1.4402329871548500e+02
8.8407666666666673e-01 2.0236770194808305e+01 -1.4403028379638235e+02
8.8507333333333338e-01 2.0380323862028369e+01 -1.4403727584254653e+02
8.8607000000000014e-01 2.0523884501462277e+01 -1.4404427486091961e+02
8.8706666666666678e-01 2.0667452120062432e+01 -1.4405128085846147e+02
8.8806333333333343e-01 2.0811026724788224e+01 -1.4405829384213195e+02
8.8906000000000007e-01 2.0954608322605964e+01 -1.4406531381888826e+02
8.9005666666666672e-01 2.1098196920488903e+01 -1.4407234079571165e+02
8.9105333333333336e-01 2.1241792525417253e+01 -1.4407937477958251e+02
8.9205000000000012e-01 2.1385395144378201e+01 -1.4408641577747858e+02
8.9304666666666677e-01 2.1529004784365849e+01 -1.4409346379640243e+02
8.9404333333333341e-01 2.1672621452381325e+01 -1.4410051884335672e+02
8.9504000000000006e-01 2.1816245155432725e+01 -1.4410758092534323e+02
8.9603666666666670e-01 2.1959875900535128e+01 -1.4411465004938330e+02
8.9703333333333346e-01 2.2103513694710628e+01 -1.4412172622249565e+02
8.9803000000000011e-01 2.2247158544988267e+01 -1.4412880945170429e+02
8.9902666666666675e-01 2.2390810458404150e+01 -1.4413589974405286e+02
9.0002333333333340e-01 2.2534469442001381e+01 -1.4414299710658236e+02
9.0102000000000004e-01 2.2678135502830084e+01 -1.4415010154634260e+02
9.0201666666666680e-01 2.2821808647947439e+01 -1.4415721307039331e+02
9.0301333333333345e-01 2.2965488884417603e+01 -1.4416433168579420e+02
9.0401000000000009e-01 2.3109176219311831e+01 -1.4417145739961740e+02
9.0500666666666674e-01 2.3252870659708410e+01 -1.4417859021894128e+02
9.0600333333333338e-01 2.3396572212692689e+01 -1.4418573015085312e+02
9.0700000000000014e-01 2.3540280885357095e+01 -1.4419287720244475e+02
9.0799666666666679e-01 2.3683996684801084e+01 -1.4420003138081685e+02
9.0899333333333343e-01 2.3827719618131237e+01 -1.4420719269307361e+02
9.0999000000000008e-01 2.3971449692461203e+01 -1.4421436114632729e+02
9.1098666666666672e-01 2.4115186914911725e+01 -1.4422153674769999e+02
9.1198333333333337e-01 2.4258931292610647e+01 -1.4422871950432355e+02
9.1298000000000012e-01 2.4402682832692943e+01 -1.4423590942333072e+02
9.1397666666666677e-01 2.4546441542300641e+01 -1.4424310651185962e+02
9.1497333333333342e-01 2.4690207428582951e+01 -1.4425031077706439e+02
9.1597000000000006e-01 2.4833980498696192e+01 -1.4425752222609827e+02
9.1696666666666671e-01 2.4977760759803814e+01 -1.4426474086612342e+02
9.1796333333333346e-01 2.5121548219076431e+01 -1.4427196670431536e+02
9.1896000000000011e-01 2.5265342883691755e+01 -1.4427919974784970e+02
9.1995666666666676e-01 2.5409144760834714e+01 -1.4428644000391077e+02
9.2095333333333340e-01 2.5552953857697371e+01 -1.4429368747969110e+02
9.2195000000000005e-01 2.5696770181478971e+01 -1.4430094218238671e+02
9.2294666666666680e-01 2.5840593739385945e+01 -1.4430820411920874e+02
9.2394333333333345e-01 2.5984424538631870e+01 -1.4431547329737020e+02
9.2494000000000010e-01 2.6128262586437561e+01 -1.4432274972408936e+02
9.2593666666666674e-01 2.6272107890031016e+01 -1.4433003340659613e+02
9.2693333333333339e-01 2.6415960456647440e+01 -1.4433732435212306e+02
9.2793000000000003e-01 2.6559820293529256e+01 -1.4434462256791608e+02
9.2892666666666679e-01 2.6703687407926125e+01 -1.4435192806122555e+02
9.2992333333333344e-01 2.6847561807094888e+01 -1.4435924083930374e+02
9.3092000000000008e-01 2.6991443498299663e+01 -1.4436656090941702e+02
9.3191666666666673e-01 2.7135332488811809e+01 -1.4437388827883800e+02
9.3291333333333337e-01 2.7279228785909922e+01 -1.4438122295484291e+02
9.3391000000000013e-01 2.7423132396879883e+01 -1.4438856494471969e+02
9.3490666666666677e-01 2.7567043329014787e+01 -1.4439591425576143e+02
9.3590333333333342e-01 2.7710961589615046e+01 -1.4440327089526659e+02
9.3690000000000007e-01 2.7854887185988339e+01 -1.4441063487054532e+02
9.3789666666666671e-01 2.7998820125449630e+01 -1.4441800618890949e+02
9.3889333333333347e-01 2.8142760415321195e+01 -1.4442538485768253e+02
9.3989000000000011e-01 2.8286708062932561e+01 -1.4443277088419865e+02
9.4088666666666676e-01 2.8430663075620618e+01 -1.4444016427578839e+02
9.4188333333333341e-01 2.8574625460729546e+01 -1.4444756503979573e+02
9.4288000000000005e-01 2.8718595225610859e+01 -1.4445497318357707e+02
9.4387666666666681e-01 2.8862572377623408e+01 -1.4446238871448980e+02
9.4487333333333345e-01 2.9006556924133342e+01 -1.4446981163989659e+02
9.4587000000000010e-01 2.9150548872514197e+01 -1.4447724196717431e+02
9.4686666666666675e-01 2.9294548230146848e+01 -1.4448467970370612e+02
9.4786333333333339e-01 2.9438555004419534e+01 -1.4449212485687437e+02
9.4886000000000004e-01 2.9582569202727854e+01 -1.4449957743407464e+02
9.4985666666666679e-01 2.9726590832474802e+01 -1.4450703744271775e+02
9.5085333333333344e-01 2.9870619901070707e+01 -1.4451450489020917e+02
9.5185000000000008e-01 3.0014656415933334e+01 -1.4452197978396322e+02
9.5284666666666673e-01 3.0158700384487826e+01 -1.4452946213140945e+02
9.5384333333333338e-01 3.0302751814166733e+01 -1.4453695193997908e+02
9.5484000000000013e-01 3.0446810712410031e+01 -1.4454444921711143e+02
9.5583666666666678e-01 3.0590877086665067e+01 -1.4455195397025662e+02
9.5683333333333342e-01 3.0734950944386664e+01 -1.4455946620686814e+02
9.5783000000000007e-01 3.0879032293037064e+01 -1.4456698593440578e+02
9.5882666666666672e-01 3.1023121140085944e+01 -1.4457451316034175e+02
9.5982333333333347e-01 3.1167217493010451e+01 -1.4458204789215475e+02
9.6082000000000012e-01 3.1311321359295139e+01 -1.4458959013732496e+02
9.6181666666666676e-01 3.1455432746432070e+01 -1.4459713990334521e+02
9.6281333333333341e-01 3.1599551661920763e+01 -1.4460469719771805e+02
9.6381000000000006e-01 3.1743678113268217e+01 -1.4461226202794873e+02
9.6480666666666670e-01 3.1887812107988914e+01 -1.4461983440155055e+02
9.6580333333333346e-01 3.2031953653604845e+01 -1.4462741432605014e+02
9.6680000000000010e-01 3.2176102757645459e+01 -1.4463500180896884e+02
9.6779666666666675e-01 3.2320259427647756e+01 -1.4464259685785282e+02
9.6879333333333340e-01 3.2464423671156233e+01 -1.4465019948024039e+02
9.6979000000000004e-01 3.2608595495722916e+01 -1.4465780968368392e+02
9.7078666666666680e-01 3.2752774908907384e+01 -1.4466542747574940e+02
9.7178333333333344e-01 3.2896961918276688e+01 -1.4467305286399372e+02
9.7278000000000009e-01 3.3041156531405477e+01 -1.4468068585599701e+02
9.7377666666666673e-01 3.3185358755875953e+01 -1.4468832645934552e+02
9.7477333333333338e-01 3.3329568599277863e+01 -1.4469597468162033e+02
9.7577000000000014e-01 3.3473786069208543e+01 -1.4470363053042297e+02
9.7676666666666678e-01 3.3618011173272862e+01 -1.4471129401336026e+02
9.7776333333333343e-01 3.3762243919083311e+01 -1.4471896513804438e+02
9.7876000000000007e-01 3.3906484314259963e+01 -1.4472664391209372e+02
9.7975666666666672e-01 3.4050732366430481e+01 -1.4473433034313211e+02
9.8075333333333348e-01 3.4194988083230157e+01 -1.4474202443880029e+02
9.8175000000000012e-01 3.4339251472301854e+01 -1.4474972620674430e+02
9.8274666666666677e-01 3.4483522541296090e+01 -1.4475743565460482e+02
9.8374333333333341e-01 3.4627801297871002e+01 -1.4476515279004309e+02
9.8474000000000006e-01 3.4772087749692368e+01 -1.4477287762073360e+02
9.8573666666666671e-01 3.4916381904433607e+01 -1.4478061015433940e+02
9.8673333333333346e-01 3.5060683769775807e+01 -1.4478835039854403e+02
9.8773000000000011e-01 3.5204993353407666e+01 -1.4479609836104336e+02
9.8872666666666675e-01 3.5349310663025598e+01 -1.4480385404952455e+02
9.8972333333333340e-01 3.5493635706333670e+01 -1.4481161747169497e+02
9.9072000000000005e-01 3.5637968491043637e+01 -1.4481938863526406e+02
9.9171666666666680e-01 3.5782309024874955e+01 -1.4482716754795453e+02
9.9271333333333345e-01 3.5926657315554735e+01 -1.4483495421749447e+02
9.9371000000000009e-01 3.6071013370817838e+01 -1.4484274865161714e+02
9.9470666666666674e-01 3.6215377198406827e+01 -1.4485055085806582e+02
9.9570333333333338e-01 3.6359748806071977e+01 -1.4485836084458541e+02
9.9670000000000014e-01 3.6504128201571312e+01 -1.4486617861894143e+02
9.9769666666666679e-01 3.6648515392670546e+01 -1.4487400418889763e+02
9.9869333333333343e-01 3.6792910387143188e+01 -1.4488183756222298e+02
9.9969000000000008e-01 3.6937313192770468e+01 -1.4488967874670340e+02
1.0006866666666667e+00 3.7081723817341384e+01 -1.4489752775012667e+02
1.0016833333333335e+00 3.7226142268652723e+01 -1.4490538458029491e+02
1.0026800000000000e+00 3.7370568554508978e+01 -1.4491324924500105e+02
1.0036766666666668e+00 3.7515002682722525e+01 -1.4492112175206321e+02
1.0046733333333333e+00 3.7659444661113419e+01 -1.4492900210930569e+02
1.0056700000000001e+00 3.7803894497509631e+01 -1.4493689032454566e+02
1.0066666666666666e+00 3.7948352199746815e+01 -1.4494478640563233e+02
1.0076633333333334e+00 3.8092817775668571e+01 -1.4495269036040233e+02
1.0086600000000001e+00 3.8237291233126207e+01 -1.4496060219670707e+02
1.0096566666666666e+00 3.8381772579978879e+01 -1.4496852192240789e+02
1.0106533333333334e+00 3.8526261824093666e+01 -1.4497644954536830e+02
1.0116500000000002e+00 3.8670758973345393e+01 -1.4498438507345395e+02
1.0126466666666667e+00 3.8815264035616742e+01 -1.4499232851457245e+02
1.0136433333333335e+00 3.8959777018798356e+01 -1.4500027987659647e+02
1.0146400000000000e+00 3.9104297930788611e+01 -1.4500823916742860e+02
1.0156366666666667e+00 3.9248826779493889e+01 -1.4501620639497685e+02
1.0166333333333335e+00 3.9393363572828356e+01 -1.4502418156714242e+02
1.0176300000000000e+00 3.9537908318714081e+01 -1.4503216469187231e+02
1.0186266666666668e+00 3.9682461025081118e+01 -1.4504015577707818e+02
1.0196233333333333e+00 3.9827021699867309e+01 -1.4504815483070200e+02
1.0206200000000001e+00 3.9971590351018534e+01 -1.4505616186069099e+02
1.0216166666666668e+00 4.0116166986488494e+01 -1.4506417687498902e+02
1.0226133333333334e+00 4.0260751614238828e+01 -1.4507219988157519e+02
1.0236100000000001e+00 4.0405344242239217e+01 -1.4508023088840761e+02
1.0246066666666667e+00 4.0549944878467151e+01 -1.4508826990347089e+02
1.0256033333333334e+00 4.0694553530908209e+01 -1.4509631693474788e+02
1.0266000000000002e+00 4.0839170207555831e+01 -1.4510437199022184e+02
1.0275966666666667e+00 4.0983794916411433e+01 -1.4511243507790738e+02
1.0285933333333335e+00 4.1128427665484502e+01 -1.4512050620580894e+02
1.0295900000000000e+00 4.1273068462792381e+01 -1.4512858538194686e+02
1.0305866666666668e+00 4.1417717316360545e+01 -1.4513667261434313e+02
1.0315833333333335e+00 4.1562374234222368e+01 -1.4514476791103093e+02
1.0325800000000001e+00 4.1707039224419240e+01 -1.4515287128004985e+02
1.0335766666666668e+00 4.1851712295000659e+01 -1.4516098272945422e+02
1.0345733333333333e+00 4.1996393454024023e+01 -1.4516910226730715e+02
1.0355700000000001e+00 4.2141082709554908e+01 -1.4517722990166268e+02
1.0365666666666669e+00 4.2285780069666814e+01 -1.4518536564059329e+02
1.0375633333333334e+00 4.2430485542441296e+01 -1.4519350949218835e+02
1.0385600000000001e+00 4.2575199135968077e+01 -1.4520166146453440e+02
1.0395566666666667e+00 4.2719920858344807e+01 -1.4520982156573368e+02
1.0405533333333334e+00 4.2864650717677350e+01 -1.4521798980388655e+02
1.0415500000000002e+00 4.3009388722079542e+01 -1.4522616618710472e+02
1.0425466666666667e+00 4.3154134879673315e+01 -1.4523435072351685e+02
1.0435433333333335e+00 4.3298889198588803e+01 -1.4524254342124502e+02
1.0445400000000000e+00 4.3443651686964110e+01 -1.4525074428843428e+02
1.0455366666666668e+00 4.3588422352945585e+01 -1.4525895333323140e+02
1.0465333333333335e+00 4.3733201204687617e+01 -1.4526717056379078e+02
1.0475300000000001e+00 4.3877988250352708e+01 -1.4527539598826604e+02
1.0485266666666668e+00 4.4022783498111600e+01 -1.4528362961483276e+02
1.0495233333333334e+00 4.4167586956143062e+01 -1.4529187145167879e+02
1.0505200000000001e+00 4.4312398632634135e+01 -1.4530012150697769e+02
1.0515166666666667e+00 4.4457218535779909e+01 -1.4530837978893160e+02
1.0525133333333334e+00 4.4602046673783768e+01 -1.4531664630574792e+02
1.0535100000000002e+00 4.4746883054857186e+01 -1.4532492106562745e+02
1.0545066666666667e+00 4.4891727687219806e+01 -1.4533320407679497e+02
1.0555033333333335e+00 4.5036580579099578e+01 -1.4534149534747598e+02
1.0565000000000000e+00 4.5181441738732531e+01 -1.4534979488591893e+02
1.0574966666666668e+00 4.5326311174363035e+01 -1.4535810270035614e+02
1.0584933333333335e+00 4.5471188894243575e+01 -1.4536641879903473e+02
1.0594900000000000e+00 4.5616074906634871e+01 -1.4537474319022590e+02
1.0604866666666668e+00 4.5760969219805972e+01 -1.4538307588219428e+02
1.0614833333333333e+00 4.5905871842034053e+01 -1.4539141688322761e+02
1.0624800000000001e+00 4.6050782781604674e+01 -1.4539976620160090e+02
1.0634766666666668e+00 4.6195702046811547e+01 -1.4540812384560411e+02
1.0644733333333334e+00 4.6340629645956653e+01 -1.4541648982354764e+02
1.0654700000000001e+00 4.6485565587350365e+01 -1.4542486414373531e+02
1.0664666666666667e+00 4.6630509879311198e+01 -1.4543324681449050e+02
1.0674633333333334e+00 4.6775462530166095e+01 -1.4544163784414170e+02
1.0684600000000002e+00 4.6920423548250213e+01 -1.4545003724101809e+02
1.0694566666666667e+00 4.7065392941907014e+01 -1.4545844501346923e+02
1.0704533333333335e+00 4.7210370719488374e+01 -1.4546686116984182e+02
1.0714500000000000e+00 4.7355356889354375e+01 -1.4547528571849836e+02
1.0724466666666668e+00 4.7500351459873563e+01 -1.4548371866780658e+02
1.0734433333333335e+00 4.7645354439422732e+01 -1.4549216002614557e+02
1.0744400000000001e+00 4.7790365836387025e+01 -1.4550060980190057e+02
1.0754366666666668e+00 4.7935385659160040e+01 -1.4550906800346095e+02
1.0764333333333334e+00 4.8080413916143627e+01 -1.4551753463922850e+02
1.0774300000000001e+00 4.8225450615748137e+01 -1.4552600971761728e+02
1.0784266666666669e+00 4.8370495766392210e+01 -1.4553449324704920e+02
1.0794233333333334e+00 4.8515549376502882e+01 -1.4554298523594144e+02
1.0804200000000002e+00 4.8660611454515688e+01 -1.4555148569273697e+02
1.0814166666666667e+00 4.8805682008874449e+01 -1.4555999462588034e+02
1.0824133333333334e+00 4.8950761048031524e+01 -1.4556851204381411e+02
1.0834100000000002e+00 4.9095848580447615e+01 -1.4557703795501001e+02
1.0844066666666667e+00 4.9240944614591861e+01 -1.4558557236793530e+02
1.0854033333333335e+00 4.9386049158941944e+01 -1.4559411529106487e+02
1.0864000000000000e+00 4.9531162221983855e+01 -1.4560266673288257e+02
1.0873966666666668e+00 4.9676283812212198e+01 -1.4561122670188632e+02
1.0883933333333333e+00 4.9821413938129901e+01 -1.4561979520658133e+02
1.0893900000000001e+00 4.9966552608248506e+01 -1.4562837225547062e+02
1.0903866666666668e+00 5.0111699831087947e+01 -1.4563695785708668e+02
1.0913833333333334e+00 5.0256855615176654e+01 -1.4564555201995014e+02
1.0923800000000001e+00 5.0402019969051651e+01 -1.4565415475259306e+02
1.0933766666666667e+00 5.0547192901258356e+01 -1.4566276606357036e+02
1.0943733333333334e+00 5.0692374420350831e+01 -1.4567138596143164e+02
1.0953700000000002e+00 5.0837564534891570e+01 -1.4568001445474496e+02
1.0963666666666667e+00 5.0982763253451616e+01 -1.4568865155207362e+02
1.0973633333333335e+00 5.1127970584610637e+01 -1.4569729726199611e+02
1.0983600000000000e+00 5.1273186536956743e+01 -1.4570595159311017e+02
1.0993566666666668e+00 5.1418411119086734e+01 -1.4571461455400095e+02
1.1003533333333335e+00 5.1563644339605879e+01 -1.4572328615328641e+02
1.1013500000000001e+00 5.1708886207128032e+01 -1.4573196639957268e+02
1.1023466666666668e+00 5.1854136730275734e+01 -1.4574065530148101e+02
1.1033433333333333e+00 5.1999395917679998e+01 -1.4574935286764835e+02
1.1043400000000001e+00 5.2144663777980568e+01 -1.4575805910670977e+02
1.1053366666666669e+00 5.2289940319825703e+01 -1.4576677402731528e+02
1.1063333333333334e+00 5.2435225551872293e+01 -1.4577549763811746e+02
1.1073300000000001e+00 5.2580519482785952e+01 -1.4578422994779083e+02
1.1083266666666667e+00 5.2725822121240810e+01 -1.4579297096500096e+02
1.1093233333333334e+00 5.2871133475919770e+01 -1.4580172069843283e+02
1.1103200000000002e+00 5.3016453555514303e+01 -1.4581047915678641e+02
1.1113166666666667e+00 5.3161782368724545e+01 -1.4581924634874980e+02
1.1123133333333335e+00 5.3307119924259396e+01 -1.4582802228303683e+02
1.1133100000000000e+00 5.3452466230836322e+01 -1.4583680696836294e+02
1.1143066666666668e+00 5.3597821297181611e+01 -1.4584560041345944e+02
1.1153033333333335e+00 5.3743185132030149e+01 -1.4585440262706197e+02
1.1163000000000001e+00 5.3888557744125535e+01 -1.4586321361790132e+02
1.1172966666666668e+00 5.4033939142220184e+01 -1.4587203339474496e+02
1.1182933333333334e+00 5.4179329335075110e+01 -1.4588086196635098e+02
1.1192900000000001e+00 5.4324728331460193e+01 -1.4588969934147920e+02
1.1202866666666669e+00 5.4470136140153954e+01 -1.4589854552891521e+02
1.1212833333333334e+00 5.4615552769943676e+01 -1.4590740053745046e+02
1.1222800000000002e+00 5.4760978229625501e+01 -1.4591626437587720e+02
1.1232766666666667e+00 5.4906412528004203e+01 -1.4592513705299996e+02
1.1242733333333335e+00 5.5051855673893478e+01 -1.4593401857763050e+02
1.1252700000000000e+00 5.5197307676115670e+01 -1.4594290895858759e+02
1.1262666666666667e+00 5.5342768543502061e+01 -1.4595180820471296e+02
1.1272633333333335e+00 5.5488238284892638e+01 -1.4596071632484572e+02
1.1282600000000000e+00 5.5633716909136204e+01 -1.4596963332782718e+02
1.1292566666666668e+00 5.5779204425090469e+01 -1.4597855922251739e+02
1.1302533333333333e+00 5.5924700841621863e+01 -1.4598749401778142e+02
1.1312500000000001e+00 5.6070206167605782e+01 -1.4599643772250027e+02
1.1322466666666668e+00 5.6215720411926377e+01 -1.4600539034555584e+02
1.1332433333333334e+00 5.6361243583476650e+01 -1.4601435189583574e+02
1.1342400000000001e+00 5.6506775691158573e+01 -1.4602332238224992e+02
1.1352366666666667e+00 5.6652316743882871e+01 -1.4603230181370625e+02
1.1362333333333334e+00 5.6797866750569277e+01 -1.4604129019912145e+02
1.1372300000000002e+00 5.6943425720146323e+01 -1.4605028754742719e+02
1.1382266666666667e+00 5.7088993661551442e+01 -1.4605929386756108e+02
1.1392233333333335e+00 5.7234570583731077e+01 -1.4606830916846863e+02
1.1402200000000000e+00 5.7380156495640463e+01 -1.4607733345910057e+02
1.1412166666666668e+00 5.7525751406243891e+01 -1.4608636674842700e+02
1.1422133333333335e+00 5.7671355324514508e+01 -1.4609540904542246e+02
1.1432100000000001e+00 5.7816968259434390e+01 -1.4610446035906367e+02
1.1442066666666668e+00 5.7962590219994681e+01 -1.4611352069834973e+02
1.1452033333333334e+00 5.8108221215195357e+01 -1.4612259007227050e+02
1.1462000000000001e+00 5.8253861254045489e+01 -1.4613166848983525e+02
1.1471966666666669e+00 5.8399510345563037e+01 -1.4614075596007211e+02
1.1481933333333334e+00 5.8545168498774970e+01 -1.4614985249200407e+02
1.1491900000000002e+00 5.8690835722717338e+01 -1.4615895809466588e+02
1.1501866666666667e+00 5.8836512026435081e+01 -1.4616807277709728e+02
1.1511833333333334e+00 5.8982197418982274e+01 -1.4617719654835392e+02
1.1521800000000002e+00 5.9127891909421940e+01 -1.4618632941751028e+02
1.1531766666666667e+00 5.9273595506826140e+01 -1.4619547139362848e+02
1.1541733333333335e+00 5.9419308220276065e+01 -1.4620462248578966e+02
1.1551700000000000e+00 5.9565030058861836e+01 -1.4621378270308711e+02
1.1561666666666668e+00 5.9710761031682772e+01 -1.4622295205461202e+02
1.1571633333333335e+00 5.9856501147847162e+01 -1.4623213054948874e+02
1.1581600000000001e+00 6.0002250416472386e+01 -1.4624131819682233e+02
1.1591566666666668e+00 6.0148008846685009e+01 -1.4625051500574014e+02
1.1601533333333334e+00 6.0293776447620566e+01 -1.4625972098538179e+02
1.1611500000000001e+00 6.0439553228423833e+01 -1.4626893614488841e+02
1.1621466666666669e+00 6.0585339198248604e+01 -1.4627816049342007e+02
1.1631433333333334e+00 6.0731134366257805e+01 -1.4628739404012805e+02
1.1641400000000002e+00 6.0876938741623590e+01 -1.4629663679419679e+02
1.1651366666666667e+00 6.1022752333527137e+01 -1.4630588876480155e+02
1.1661333333333335e+00 6.1168575151158905e+01 -1.4631514996113182e+02
1.1671300000000000e+00 6.1314407203718389e+01 -1.4632442039239149e+02
1.1681266666666668e+00 6.1460248500414387e+01 -1.4633370006778222e+02
1.1691233333333335e+00 6.1606099050464785e+01 -1.4634298899652819e+02
1.1701200000000000e+00 6.1751958863096647e+01 -1.4635228718785561e+02
1.1711166666666668e+00 6.1897827947546361e+01 -1.4636159465100235e+02
1.1721133333333333e+00 6.2043706313059367e+01 -1.4637091139520786e+02
1.1731100000000001e+00 6.2189593968890470e+01 -1.4638023742972734e+02
1.1741066666666669e+00 6.2335490924303606e+01 -1.4638957276383493e+02
1.1751033333333334e+00 6.2481397188571954e+01 -1.4639891740679593e+02
1.1761000000000001e+00 6.2627312770978023e+01 -1.4640827136789102e+02
1.1770966666666667e+00 6.2773237680813445e+01 -1.4641763465641316e+02
1.1780933333333334e+00 6.2919171927379267e+01 -1.4642700728166031e+02
1.1790900000000002e+00 6.3065115519985696e+01 -1.4643638925295642e+02
1.1800866666666667e+00 6.3211068467952238e+01 -1.4644578057960970e+02
1.1810833333333335e+00 6.3357030780607779e+01 -1.4645518127095073e+02
1.1820800000000000e+00 6.3503002467290379e+01 -1.4646459133631518e+02
1.1830766666666668e+00 6.3648983537347540e+01 -1.4647401078505089e+02
1.1840733333333335e+00 6.3794974000135987e+01 -1.4648343962652470e+02
1.1850700000000001e+00 6.3940973865021782e+01 -1.4649287787009462e+02
1.1860666666666668e+00 6.4086983141380415e+01 -1.4650232552513043e+02
1.1870633333333334e+00 6.4233001838596593e+01 -1.4651178260101420e+02
1.1880600000000001e+00 6.4379029966064508e+01 -1.4652124910716151e+02
1.1890566666666669e+00 6.4525067533187652e+01 -1.4653072505296768e+02
1.1900533333333334e+00 6.4671114549378856e+01 -1.4654021044782283e+02
1.1910500000000002e+00 6.4817171024060457e+01 -1.4654970530118226e+02
1.1920466666666667e+00 6.4963236966664056e+01 -1.4655920962247080e+02
1.1930433333333335e+00 6.5109312386630776e+01 -1.4656872342109691e+02
1.1940400000000002e+00 6.5255397293411065e+01 -1.4657824670654153e+02
1.1950366666666667e+00 6.5401491696464788e+01 -1.4658777948827307e+02
1.1960333333333335e+00 6.5547595605261364e+01 -1.4659732177573986e+02
1.1970300000000000e+00 6.5693709029279503e+01 -1.4660687357842363e+02
1.1980266666666668e+00 6.5839831978007496e+01 -1.4661643490581136e+02
1.1990233333333336e+00 6.5985964460942995e+01 -1.4662600576741241e+02
1.2000200000000001e+00 6.6132106487593148e+01 -1.4663558617273804e+02
1.2010166666666668e+00 6.6278258067474667e+01 -1.4664517613127930e+02
1.2020133333333334e+00 6.6424419210113598e+01 -1.4665477565256788e+02
1.2030100000000001e+00 6.6570589925045653e+01 -1.4666438474616407e+02
1.2040066666666667e+00 6.6716770221815906e+01 -1.4667400342160670e+02
1.2050033333333334e+00 6.6862960109979085e+01 -1.4668363168842544e+02
1.2060000000000002e+00 6.7009159599099334e+01 -1.4669326955619388e+02
1.2069966666666667e+00 6.7155368698750351e+01 -1.4670291703450167e+02
1.2079933333333335e+00 6.7301587418515467e+01 -1.4671257413293253e+02
1.2089900000000000e+00 6.7447815767987450e+01 -1.4672224086105382e+02
1.2099866666666668e+00 6.7594053756768744e+01 -1.4673191722848077e+02
1.2109833333333335e+00 6.7740301394471302e+01 -1.4674160324484399e+02
1.2119800000000001e+00 6.7886558690716640e+01 -1.4675129891974743e+02
1.2129766666666668e+00 6.8032825655135966e+01 -1.4676100426281042e+02
1.2139733333333333e+00 6.8179102297369951e+01 -1.4677071928368588e+02
1.2149700000000001e+00 6.8325388627069032e+01 -1.4678044399203890e+02
1.2159666666666669e+00 6.8471684653893178e+01 -1.4679017839751444e+02
1.2169633333333334e+00 6.8617990387511952e+01 -1.4679992250977344e+02
1.2179600000000002e+00 6.8764305837604695e+01 -1.4680967633850648e+02
1.2189566666666667e+00 6.8910631013860254e+01 -1.4681943989340928e+02
1.2199533333333334e+00 6.9056965925977266e+01 -1.4682921318417550e+02
1.2209500000000002e+00 6.9203310583663949e+01 -1.4683899622049995e+02
1.2219466666666667e+00 6.9349664996638182e+01 -1.4684878901210769e+02
1.2229433333333335e+00 6.9496029174627651e+01 -1.4685859156874642e+02
1.2239400000000000e+00 6.9642403127369619e+01 -1.4686840390012611e+02
1.2249366666666668e+00 6.9788786864611168e+01 -1.4687822601599740e+02
1.2259333333333335e+00 6.9935180396109004e+01 -1.4688805792613351e+02
1.2269300000000001e+00 7.0081583731629578e+01 -1.4689789964028813e+02
1.2279266666666668e+00 7.0227996880949178e+01 -1.4690775116825165e+02
1.2289233333333334e+00 7.0374419853853695e+01 -1.4691761251978392e+02
1.2299200000000001e+00 7.0520852660138900e+01 -1.4692748370469266e+02
1.2309166666666669e+00 7.0667295309610267e+01 -1.4693736473280106e+02
1.2319133333333334e+00 7.0813747812083022e+01 -1.4694725561390538e+02
1.2329100000000002e+00 7.0960210177382280e+01 -1.4695715635782472e+02
1.2339066666666667e+00 7.1106682415342831e+01 -1.4696706697441158e+02
1.2349033333333335e+00 7.1253164535809390e+01 -1.4697698747350924e+02
1.2359000000000002e+00 7.1399656548636415e+01 -1.4698691786496232e+02
1.2368966666666668e+00 7.1546158463688158e+01 -1.4699685815863845e+02
1.2378933333333335e+00 7.1692670290838819e+01 -1.4700680836440651e+02
1.2388900000000000e+00 7.1839192039972332e+01 -1.4701676849216895e+02
1.2398866666666668e+00 7.1985723720982591e+01 -1.4702673855179970e+02
1.2408833333333333e+00 7.2132265343773227e+01 -1.4703671855320121e+02
1.2418800000000001e+00 7.2278816918257903e+01 -1.4704670850630944e+02
1.2428766666666669e+00 7.2425378454360043e+01 -1.4705670842103325e+02
1.2438733333333334e+00 7.2571949962012980e+01 -1.4706671830729715e+02
1.2448700000000001e+00 7.2718531451160032e+01 -1.4707673817506279e+02
1.2458666666666667e+00 7.2865122931754328e+01 -1.4708676803426823e+02
1.2468633333333334e+00 7.3011724413759026e+01 -1.4709680789487805e+02
1.2478600000000002e+00 7.3158335907147148e+01 -1.4710685776688655e+02
1.2488566666666667e+00 7.3304957421901648e+01 -1.4711691766025396e+02
1.2498533333333335e+00 7.3451588968015528e+01 -1.4712698758497038e+02
1.2508500000000000e+00 7.3598230555491625e+01 -1.4713706755105946e+02
1.2518466666666668e+00 7.3744882194342892e+01 -1.4714715756852141e+02
1.2528433333333335e+00 7.3891543894592161e+01 -1.4715725764736473e+02
1.2538400000000001e+00 7.4038215666272237e+01 -1.4716736779765671e+02
1.2548366666666668e+00 7.4184897519426073e+01 -1.4717748802941591e+02
1.2558333333333334e+00 7.4331589464106472e+01 -1.4718761835269453e+02
1.2568300000000001e+00 7.4478291510376394e+01 -1.4719775877756396e+02
1.2578266666666669e+00 7.4625003668308750e+01 -1.4720790931409701e+02
1.2588233333333334e+00 7.4771725947986496e+01 -1.4721806997238224e+02
1.2598200000000002e+00 7.4918458359502722e+01 -1.4722824076248821e+02
1.2608166666666667e+00 7.5065200912960464e+01 -1.4723842169454545e+02
1.2618133333333335e+00 7.5211953618472961e+01 -1.4724861277865392e+02
1.2628100000000002e+00 7.5358716486163431e+01 -1.4725881402493638e+02
1.2638066666666667e+00 7.5505489526165206e+01 -1.4726902544353831e+02
1.2648033333333335e+00 7.5652272748621797e+01 -1.4727924704458539e+02
1.2658000000000000e+00 7.5799066163686717e+01 -1.4728947883823659e+02
1.2667966666666668e+00 7.5945869781523726e+01 -1.4729972083466325e+02
1.2677933333333335e+00 7.6092683612306629e+01 -1.4730997304403797e+02
1.2687900000000001e+00 7.6239507666219367e+01 -1.4732023547653480e+02
1.2697866666666668e+00 7.6386341953456139e+01 -1.4733050814236489e+02
1.2707833333333334e+00 7.6533186484221176e+01 -1.4734079105171585e+02
1.2717800000000001e+00 7.6680041268728999e+01 -1.4735108421480169e+02
1.2727766666666669e+00 7.6826906317204248e+01 -1.4736138764185924e+02
1.2737733333333334e+00 7.6973781639881736e+01 -1.4737170134311950e+02
1.2747700000000002e+00 7.7120667247006608e+01 -1.4738202532882934e+02
1.2757666666666667e+00 7.7267563148834057e+01 -1.4739235960923338e+02
1.2767633333333335e+00 7.7414469355629649e+01 -1.4740270419460481e+02
1.2777600000000000e+00 7.7561385877669068e+01 -1.4741305909522387e+02
1.2787566666666668e+00 7.7708312725238343e+01 -1.4742342432136874e+02
1.2797533333333335e+00 7.7855249908633709e+01 -1.4743379988334044e+02
1.2807500000000001e+00 7.8002197438161616e+01 -1.4744418579144130e+02
1.2817466666666668e+00 7.8149155324138931e+01 -1.4745458205598223e+02
1.2827433333333333e+00 7.8296123576892654e+01 -1.4746498868731493e+02
1.2837400000000001e+00 7.8443102206760230e+01 -1.4747540569576023e+02
1.2847366666666669e+00 7.8590091224089306e+01 -1.4748583309165483e+02
1.2857333333333334e+00 7.8737090639237834e+01 -1.4749627088537233e+02
1.2867300000000002e+00 7.8884100462574210e+01 -1.4750671908727364e+02
1.2877266666666667e+00 7.9031120704477033e+01 -1.4751717770773880e+02
1.2887233333333334e+00 7.9178151375335389e+01 -1.4752764675716003e+02
1.2897200000000002e+00 7.9325192485548612e+01 -1.4753812624593826e+02
1.2907166666666667e+00 7.9472244045526409e+01 -1.4754861618447552e+02
1.2917133333333335e+00 7.9619306065688988e+01 -1.4755911658320400e+02
1.2927100000000000e+00 7.9766378556466776e+01 -1.4756962745253949e+02
1.2937066666666668e+00 7.9913461528300758e+01 -1.4758014880292404e+02
1.2947033333333335e+00 8.0060554991642235e+01 -1.4759068064482980e+02
1.2957000000000001e+00 8.0207658956952926e+01 -1.4760122298870172e+02
1.2966966666666668e+00 8.0354773434705066e+01 -1.4761177584500047e+02
1.2976933333333334e+00 8.0501898435381207e+01 -1.4762233922422729e+02
1.2986900000000001e+00 8.0649033969474502e+01 -1.4763291313688131e+02
1.2996866666666669e+00 8.0796180047488463e+01 -1.4764349759344907e+02
1.3006833333333334e+00 8.0943336679937062e+01 -1.4765409260443951e+02
1.3016800000000002e+00 8.1090503877344858e+01 -1.4766469818039886e+02
1.3026766666666667e+00 8.1237681650246770e+01 -1.4767531433184985e+02
1.3036733333333335e+00 8.1384870009188376e+01 -1.4768594106933435e+02
1.3046700000000002e+00 8.1532068964725653e+01 -1.4769657840342438e+02
1.3056666666666668e+00 8.1679278527425097e+01 -1.4770722634466463e+02
1.3066633333333335e+00 8.1826498707863848e+01 -1.4771788490364409e+02
1.3076600000000000e+00 8.1973729516629462e+01 -1.4772855409094959e+02
1.3086566666666668e+00 8.2120970964320193e+01 -1.4773923391718006e+02
1.3096533333333336e+00 8.2268223061544745e+01 -1.4774992439294320e+02
1.3106500000000001e+00 8.2415485818922420e+01 -1.4776062552886202e+02
1.3116466666666668e+00 8.2562759247083207e+01 -1.4777133733556124e+02
1.3126433333333334e+00 8.2710043356667541e+01 -1.4778205982367760e+02
1.3136400000000001e+00 8.2857338158326613e+01 -1.4779279300386926e+02
1.3146366666666667e+00 8.3004643662722117e+01 -1.4780353688680145e+02
1.3156333333333334e+00 8.3151959880526476e+01 -1.4781429148313731e+02
1.3166300000000002e+00 8.3299286822422701e+01 -1.4782505680356286e+02
1.3176266666666667e+00 8.3446624499104416e+01 -1.4783583285877964e+02
1.3186233333333335e+00 8.3593972921276034e+01 -1.4784661965947643e+02
1.3196200000000000e+00 8.3741332099652482e+01 -1.4785741721637561e+02
1.3206166666666668e+00 8.3888702044959530e+01 -1.4786822554020432e+02
1.3216133333333335e+00 8.4036082767933522e+01 -1.4787904464170583e+02
1.3226100000000001e+00 8.4183474279321544e+01 -1.4788987453162432e+02
1.3236066666666668e+00 8.4330876589881470e+01 -1.4790071522070559e+02
1.3246033333333334e+00 8.4478289710381759e+01 -1.4791156671972195e+02
1.3256000000000001e+00 8.4625713651601771e+01 -1.4792242903946473e+02
1.3265966666666669e+00 8.4773148424331495e+01 -1.4793330219071279e+02
1.3275933333333334e+00 8.4920594039371679e+01 -1.4794418618426741e+02
1.3285900000000002e+00 8.5068050507533940e+01 -1.4795508103094568e+02
1.3295866666666667e+00 8.5215517839640555e+01 -1.4796598674156974e+02
1.3305833333333335e+00 8.5362996046524728e+01 -1.4797690332696664e+02
1.3315800000000002e+00 8.5510485139030337e+01 -1.4798783079797943e+02
1.3325766666666667e+00 8.5657985128012101e+01 -1.4799876916547336e+02
1.3335733333333335e+00 8.5805496024335667e+01 -1.4800971844030855e+02
1.3345700000000000e+00 8.5953017838877358e+01 -1.4802067863335691e+02
1.3355666666666668e+00 8.6100550582524491e+01 -1.4803164975550962e+02
1.3365633333333335e+00 8.6248094266175144e+01 -1.4804263181767399e+02
1.3375600000000001e+00 8.6395648900738252e+01 -1.4805362483073665e+02
1.3385566666666668e+00 8.6543214497133718e+01 -1.4806462880563600e+02
1.3395533333333334e+00 8.6690791066292235e+01 -1.4807564375330114e+02
1.3405500000000001e+00 8.6838378619155492e+01 -1.4808666968465886e+02
1.3415466666666669e+00 8.6985977166676022e+01 -1.4809770661068055e+02
1.3425433333333334e+00 8.7133586719817245e+01 -1.4810875454231712e+02
1.3435400000000002e+00 8.7281207289553635e+01 -1.4811981349055682e+02
1.3445366666666667e+00 8.7428838886870480e+01 -1.4813088346637150e+02
1.3455333333333335e+00 8.7576481522764141e+01 -1.4814196448075214e+02
1.3465300000000002e+00 8.7724135208241847e+01 -1.4815305654472004e+02
1.3475266666666668e+00 8.7871799954321816e+01 -1.4816415966929739e+02
1.3485233333333335e+00 8.8019475772033331e+01 -1.4817527386550100e+02
1.3495200000000001e+00 8.8167162672416566e+01 -1.4818639914437395e+02
1.3505166666666668e+00 8.8314860666522819e+01 -1.4819753551696428e+02
1.3515133333333336e+00 8.8462569765414301e+01 -1.4820868299434318e+02
1.3525100000000001e+00 8.8610289980164268e+01 -1.4821984158758275e+02
1.3535066666666669e+00 8.8758021321857129e+01 -1.4823101130775686e+02
1.3545033333333334e+00 8.8905763801588179e+01 -1.4824219216597271e+02
1.3555000000000001e+00 8.9053517430463941e+01 -1.4825338417333052e+02
1.3564966666666667e+00 8.9201282219601879e+01 -1.4826458734095181e+02
1.3574933333333334e+00 8.9349058180130640e+01 -1.4827580167995586e+02
1.3584900000000002e+00 8.9496845323189902e+01 -1.4828702720149235e+02
1.3594866666666667e+00 8.9644643659930452e+01 -1.4829826391671170e+02
1.3604833333333335e+00 8.9792453201514277e+01 -1.4830951183676623e+02
1.3614800000000000e+00 8.9940273959114378e+01 -1.4832077097284164e+02
1.3624766666666668e+00 9.0088105943915025e+01 -1.4833204133612136e+02
1.3634733333333335e+00 9.0235949167111528e+01 -1.4834332293778365e+02
1.3644700000000001e+00 9.0383803639910383e+01 -1.4835461578905014e+02
1.3654666666666668e+00 9.0531669373529340e+01 -1.4836591990114445e+02
1.3664633333333334e+00 9.0679546379197220e+01 -1.4837723528528085e+02
1.3674600000000001e+00 9.0827434668154154e+01 -1.4838856195269975e+02
1.3684566666666669e+00 9.0975334251651404e+01 -1.4839989991466501e+02
1.3694533333333334e+00 9.1123245140951440e+01 -1.4841124918242670e+02
1.3704500000000002e+00 9.1271167347328046e+01 -1.4842260976726558e+02
1.3714466666666667e+00 9.1419100882066147e+01 -1.4843398168046713e+02
1.3724433333333335e+00 9.1567045756462022e+01 -1.4844536493331455e+02
1.3734400000000002e+00 9.1715001981823150e+01 -1.4845675953714294e+02
1.3744366666666668e+00 9.1862969569468262e+01 -1.4846816550324533e+02
1.3754333333333335e+00 9.2010948530727461e+01 -1.4847958284295220e+02
1.3764300000000000e+00 9.2158938876942045e+01 -1.4849101156762748e+02
1.3774266666666668e+00 9.2306940619464754e+01 -1.4850245168860434e+02
1.3784233333333336e+00 9.2454953769659511e+01 -1.4851390321724642e+02
1.3794200000000001e+00 9.2602978338901607e+01 -1.4852536616493930e+02
1.3804166666666668e+00 9.2751014338577775e+01 -1.4853684054307058e+02
1.3814133333333334e+00 9.2899061780085958e+01 -1.4854832636302555e+02
1.3824100000000001e+00 9.3047120674835597e+01 -1.4855982363621587e+02
1.3834066666666669e+00 9.3195191034247401e+01 -1.4857133237407635e+02
1.3844033333333334e+00 9.3343272869753491e+01 -1.4858285258802829e+02
1.3854000000000002e+00 9.3491366192797486e+01 -1.4859438428951634e+02
1.3863966666666667e+00 9.3639471014834257e+01 -1.4860592748998994e+02
1.3873933333333335e+00 9.3787587347330245e+01 -1.4861748220092485e+02
1.3883900000000002e+00 9.3935715201763230e+01 -1.4862904843379880e+02
1.3893866666666668e+00 9.4083854589622433e+01 -1.4864062620009710e+02
1.3903833333333335e+00 9.4232005522408642e+01 -1.4865221551132149e+02
1.3913800000000001e+00 9.4380168011633955e+01 -1.4866381637897845e+02
1.3923766666666668e+00 9.4528342068822099e+01 -1.4867542881459593e+02
1.3933733333333334e+00 9.4676527705508164e+01 -1.4868705282971604e+02
1.3943700000000001e+00 9.4824724933238869e+01 -1.4869868843587864e+02
1.3953666666666669e+00 9.4972933763572343e+01 -1.4871033564464000e+02
1.3963633333333334e+00 9.5121154208078238e+01 -1.4872199446757804e+02
1.3973600000000002e+00 9.5269386278337862e+01 -1.4873366491625868e+02
1.3983566666666667e+00 9.5417629985943918e+01 -1.4874534700228821e+02
1.3993533333333334e+00 9.5565885342500806e+01 -1.4875704073727067e+02
1.4003500000000002e+00 9.5714152359624421e+01 -1.4876874613281927e+02
1.4013466666666667e+00 9.5862431048942199e+01 -1.4878046320056197e+02
1.4023433333333335e+00 9.6010721422093297e+01 -1.4879219195212872e+02
1.4033400000000000e+00 9.6159023490728345e+01 -1.4880393239918294e+02
1.4043366666666668e+00 9.6307337266509720e+01 -1.4881568455337853e+02
1.4053333333333335e+00 9.6455662761111313e+01 -1.4882744842639289e+02
1.4063300000000001e+00 9.6603999986218696e+01 -1.4883922402992525e+02
1.4073266666666668e+00 9.6752348953529150e+01 -1.4885101137564840e+02
1.4083233333333334e+00 9.6900709674751511e+01 -1.4886281047527552e+02
1.4093200000000001e+00 9.7049082161606407e+01 -1.4887462134053902e+02
1.4103166666666669e+00 9.7197466425826065e+01 -1.4888644398316626e+02
1.4113133333333334e+00 9.7345862479154420e+01 -1.4889827841490629e+02
1.4123100000000002e+00 9.7494270333347202e+01 -1.4891012464751029e+02
1.4133066666666667e+00 9.7642690000171740e+01 -1.4892198269273436e+02
1.4143033333333335e+00 9.7791121491407210e+01 -1.4893385256237497e+02
1.4153000000000002e+00 9.7939564818844474e+01 -1.4894573426821646e+02
1.4162966666666668e+00 9.8088019994286100e+01 -1.4895762782205074e+02
1.4172933333333335e+00 9.8236487029546566e+01 -1.4896953323571458e+02
1.4182900000000001e+00 9.8384965936451991e+01 -1.4898145052102106e+02
1.4192866666666668e+00 9.8533456726840399e+01 -1.4899337968980223e+02
1.4202833333333336e+00 9.8681959412561540e+01 -1.4900532075392101e+02
1.4212800000000001e+00 9.8830474005476958e+01 -1.4901727372522618e+02
1.4222766666666669e+00 9.8979000517460150e+01 -1.4902923861560450e+02
1.4232733333333334e+00 9.9127538960396308e+01 -1.4904121543693316e+02
1.4242700000000001e+00 9.9276089346182602e+01 -1.4905320420110129e+02
1.4252666666666669e+00 9.9424651686727984e+01 -1.4906520492003597e+02
1.4262633333333334e+00 9.9573225993953272e+01 -1.4907721760565730e+02
1.4272600000000002e+00 9.9721812279791266e+01 -1.4908924226988046e+02
1.4282566666666667e+00 9.9870410556186528e+01 -1.4910127892465400e+02
1.4292533333333335e+00 1.0001902083509566e+02 -1.4911332758194786e+02
1.4302500000000000e+00 1.0016764312848709e+02 -1.4912538825371763e+02
1.4312466666666668e+00 1.0031627744834125e+02 -1.4913746095195233e+02
1.4322433333333335e+00 1.0046492380665050e+02 -1.4914954568864312e+02
1.4332400000000001e+00 1.0061358221541909e+02 -1.4916164247578135e+02
1.4342366666666668e+00 1.0076225268666336e+02 -1.4917375132540354e+02
1.4352333333333334e+00 1.0091093523241152e+02 -1.4918587224952947e+02
1.4362300000000001e+00 1.0105962986470388e+02 -1.4919800526019077e+02
1.4372266666666669e+00 1.0120833659559267e+02 -1.4921015036945727e+02
1.4382233333333334e+00 1.0135705543714214e+02 -1.4922230758937010e+02
1.4392200000000002e+00 1.0150578640142865e+02 -1.4923447693202274e+02
1.4402166666666667e+00 1.0165452950054049e+02 -1.4924665840950632e+02
1.4412133333333335e+00 1.0180328474657814e+02 -1.4925885203390959e+02
1.4422100000000002e+00 1.0195205215165403e+02 -1.4927105781735210e+02
1.4432066666666667e+00 1.0210083172789268e+02 -1.4928327577195356e+02
1.4442033333333335e+00 1.0224962348743080e+02 -1.4929550590985016e+02
1.4452000000000000e+00 1.0239842744241705e+02 -1.4930774824319724e+02
1.4461966666666668e+00 1.0254724360501235e+02 -1.4932000278414762e+02
1.4471933333333336e+00 1.0269607198738967e+02 -1.4933226954488512e+02
1.4481900000000001e+00 1.0284491260173408e+02 -1.4934454853758641e+02
1.4491866666666668e+00 1.0299376546024293e+02 -1.4935683977444478e+02
1.4501833333333334e+00 1.0314263057512557e+02 -1.4936914326768678e+02
1.4511800000000001e+00 1.0329150795860367e+02 -1.4938145902950808e+02
1.4521766666666669e+00 1.0344039762291102e+02 -1.4939378707216378e+02
1.4531733333333334e+00 1.0358929958029357e+02 -1.4940612740790175e+02
1.4541700000000002e+00 1.0373821384300959e+02 -1.4941848004896528e+02
1.4551666666666667e+00 1.0388714042332944e+02 -1.4943084500763078e+02
1.4561633333333335e+00 1.0403607933353585e+02 -1.4944322229617950e+02
1.4571600000000002e+00 1.0418503058592370e+02 -1.4945561192690926e+02
1.4581566666666668e+00 1.0433399419280013e+02 -1.4946801391212506e+02
1.4591533333333335e+00 1.0448297016648466e+02 -1.4948042826414857e+02
1.4601500000000001e+00 1.0463195851930894e+02 -1.4949285499531317e+02
1.4611466666666668e+00 1.0478095926361706e+02 -1.4950529411795722e+02
1.4621433333333336e+00 1.0492997241176533e+02 -1.4951774564444270e+02
1.4631400000000001e+00 1.0507899797612238e+02 -1.4953020958713878e+02
1.4641366666666669e+00 1.0522803596906927e+02 -1.4954268595841691e+02
1.4651333333333334e+00 1.0537708640299924e+02 -1.4955517477067477e+02
1.4661300000000002e+00 1.0552614929031807e+02 -1.4956767603631721e+02
1.4671266666666667e+00 1.0567522464344376e+02 -1.4958018976777043e+02
1.4681233333333334e+00 1.0582431247480682e+02 -1.4959271597746525e+02
1.4691200000000002e+00 1.0597341279685006e+02 -1.4960525467783506e+02
1.4701166666666667e+00 1.0612252562202869e+02 -1.4961780588133453e+02
1.4711133333333335e+00 1.0627165096281045e+02 -1.4963036960044212e+02
1.4721100000000000e+00 1.0642078883167540e+02 -1.4964294584762675e+02
1.4731066666666668e+00 1.0656993924111610e+02 -1.4965553463538356e+02
1.4741033333333335e+00 1.0671910220363756e+02 -1.4966813597622433e+02
1.4751000000000001e+00 1.0686827773175722e+02 -1.4968074988266068e+02
1.4760966666666668e+00 1.0701746583800509e+02 -1.4969337636722099e+02
1.4770933333333334e+00 1.0716666653492356e+02 -1.4970601544245272e+02
1.4780900000000001e+00 1.0731587983506765e+02 -1.4971866712090790e+02
1.4790866666666669e+00 1.0746510575100480e+02 -1.4973133141515541e+02
1.4800833333333334e+00 1.0761434429531499e+02 -1.4974400833777813e+02
1.4810800000000002e+00 1.0776359548059085e+02 -1.4975669790136155e+02
1.4820766666666667e+00 1.0791285931943740e+02 -1.4976940011851008e+02
1.4830733333333335e+00 1.0806213582447239e+02 -1.4978211500184702e+02
1.4840700000000002e+00 1.0821142500832606e+02 -1.4979484256401264e+02
1.4850666666666668e+00 1.0836072688364122e+02 -1.4980758281762544e+02
1.4860633333333335e+00 1.0851004146307341e+02 -1.4982033577535640e+02
1.4870600000000000e+00 1.0865936875929063e+02 -1.4983310144987411e+02
1.4880566666666668e+00 1.0880870878497366e+02 -1.4984587985384468e+02
1.4890533333333336e+00 1.0895806155281583e+02 -1.4985867099998680e+02
1.4900500000000001e+00 1.0910742707552313e+02 -1.4987147490099025e+02
1.4910466666666669e+00 1.0925680536581432e+02 -1.4988429156956875e+02
1.4920433333333334e+00 1.0940619643642067e+02 -1.4989712101846936e+02
1.4930400000000001e+00 1.0955560030008634e+02 -1.4990996326042239e+02
1.4940366666666669e+00 1.0970501696956805e+02 -1.4992281830819633e+02
1.4950333333333334e+00 1.0985444645763526e+02 -1.4993568617455230e+02
1.4960300000000002e+00 1.1000388877707027e+02 -1.4994856687226826e+02
1.4970266666666667e+00 1.1015334394066798e+02 -1.4996146041414815e+02
1.4980233333333335e+00 1.1030281196123619e+02 -1.4997436681299365e+02
1.4990200000000002e+00 1.1045229285159536e+02 -1.4998728608163742e+02
1.5000166666666668e+00 1.1060178662457875e+02 -1.5000021823289765e+02
1.5010133333333335e+00 1.1075129329303250e+02 -1.5001316327963056e+02
1.5020100000000001e+00 1.1090081286981545e+02 -1.5002612123469029e+02
1.5030066666666668e+00 1.1105034536779938e+02 -1.5003909211094484e+02
1.5040033333333334e+00 1.1119989079986875e+02 -1.5005207592129096e+02
1.5050000000000001e+00 1.1134944917892105e+02 -1.5006507267860869e+02
1.5059966666666669e+00 1.1149902051786648e+02 -1.5007808239582349e+02
1.5069933333333334e+00 1.1164860482962817e+02 -1.5009110508585317e+02
1.5079900000000002e+00 1.1179820212714218e+02 -1.5010414076163258e+02
1.5089866666666667e+00 1.1194781242335736e+02 -1.5011718943611544e+02
1.5099833333333335e+00 1.1209743573123563e+02 -1.5013025112226012e+02
1.5109800000000002e+00 1.1224707206375170e+02 -1.5014332583303488e+02
1.5119766666666667e+00 1.1239672143389323e+02 -1.5015641358143606e+02
1.5129733333333335e+00 1.1254638385466093e+02 -1.5016951438046260e+02
1.5139700000000000e+00 1.1269605933906833e+02 -1.5018262824312518e+02
1.5149666666666668e+00 1.1284574790014209e+02 -1.5019575518245361e+02
1.5159633333333336e+00 1.1299544955092175e+02 -1.5020889521148743e+02
1.5169600000000001e+00 1.1314516430445985e+02 -1.5022204834327982e+02
1.5179566666666668e+00 1.1329489217382206e+02 -1.5023521459089400e+02
1.5189533333333334e+00 1.1344463317208694e+02 -1.5024839396741208e+02
1.5199500000000001e+00 1.1359438731234619e+02 -1.5026158648591360e+02
1.5209466666666669e+00 1.1374415460770450e+02 -1.5027479215951652e+02
1.5219433333333334e+00 1.1389393507127964e+02 -1.5028801100133833e+02
1.5229400000000002e+00 1.1404372871620254e+02 -1.5030124302449920e+02
1.5239366666666667e+00 1.1419353555561706e+02 -1.5031448824215244e+02
1.5249333333333335e+00 1.1434335560268036e+02 -1.5032774666746323e+02
1.5259300000000002e+00 1.1449318887056259e+02 -1.5034101831358518e+02
1.5269266666666668e+00 1.1464303537244703e+02 -1.5035430319369996e+02
1.5279233333333335e+00 1.1479289512153021e+02 -1.5036760132102037e+02
1.5289200000000001e+00 1.1494276813102169e+02 -1.5038091270874963e+02
1.5299166666666668e+00 1.1509265441414433e+02 -1.5039423737010995e+02
1.5309133333333336e+00 1.1524255398413408e+02 -1.5040757531831923e+02
1.5319100000000001e+00 1.1539246685424007e+02 -1.5042092656664445e+02
1.5329066666666669e+00 1.1554239303772476e+02 -1.5043429112836984e+02
1.5339033333333334e+00 1.1569233254786373e+02 -1.5044766901673435e+02
1.5349000000000002e+00 1.1584228539794586e+02 -1.5046106024503132e+02
1.5358966666666669e+00 1.1599225160127322e+02 -1.5047446482658563e+02
1.5368933333333334e+00 1.1614223117116119e+02 -1.5048788277470001e+02
1.5378900000000002e+00 1.1629222412093843e+02 -1.5050131410269427e+02
1.5388866666666667e+00 1.1644223046394683e+02 -1.5051475882391418e+02
1.5398833333333335e+00 1.1659225021354170e+02 -1.5052821695173168e+02
1.5408800000000002e+00 1.1674228338309157e+02 -1.5054168849949298e+02
1.5418766666666668e+00 1.1689232998597829e+02 -1.5055517348058632e+02
1.5428733333333335e+00 1.1704239003559717e+02 -1.5056867190842422e+02
1.5438700000000001e+00 1.1719246354535672e+02 -1.5058218379638811e+02
1.5448666666666668e+00 1.1734255052867896e+02 -1.5059570915792369e+02
1.5458633333333334e+00 1.1749265099899918e+02 -1.5060924800644810e+02
1.5468600000000001e+00 1.1764276496976619e+02 -1.5062280035541161e+02
1.5478566666666669e+00 1.1779289245444211e+02 -1.5063636621830304e+02
1.5488533333333334e+00 1.1794303346650248e+02 -1.5064994560856050e+02
1.5498500000000002e+00 1.1809318801943638e+02 -1.5066353853968923e+02
1.5508466666666667e+00 1.1824335612674619e+02 -1.5067714502519900e+02
1.5518433333333335e+00 1.1839353780194793e+02 -1.5069076507860422e+02
1.5528400000000002e+00 1.1854373305857096e+02 -1.5070439871342236e+02
1.5538366666666668e+00 1.1869394191015816e+02 -1.5071804594319119e+02
1.5548333333333335e+00 1.1884416437026597e+02 -1.5073170678149444e+02
1.5558300000000000e+00 1.1899440045246426e+02 -1.5074538124188464e+02
1.5568266666666668e+00 1.1914465017033656e+02 -1.5075906933794755e+02
1.5578233333333336e+00 1.1929491353747981e+02 -1.5077277108327900e+02
1.5588200000000001e+00 1.1944519056750455e+02 -1.5078648649148096e+02
1.5598166666666669e+00 1.1959548127403497e+02 -1.5080021557620125e+02
1.5608133333333334e+00 1.1974578567070870e+02 -1.5081395835105664e+02
1.5618100000000001e+00 1.1989610377117712e+02 -1.5082771482970418e+02
1.5628066666666669e+00 1.2004643558910513e+02 -1.5084148502581090e+02
1.5638033333333334e+00 1.2019678113817123e+02 -1.5085526895304304e+02
1.5648000000000002e+00 1.2034714043206770e+02 -1.5086906662511964e+02
1.5657966666666667e+00 1.2049751348450032e+02 -1.5088287805573597e+02
1.5667933333333335e+00 1.2064790030918864e+02 -1.5089670325859171e+02
1.5677900000000002e+00 1.2079830091986582e+02 -1.5091054224743249e+02
1.5687866666666668e+00 1.2094871533027872e+02 -1.5092439503601713e+02
1.5697833333333335e+00 1.2109914355418800e+02 -1.5093826163810039e+02
1.5707800000000001e+00 1.2124958560536791e+02 -1.5095214206744154e+02
1.5717766666666668e+00 1.2140004149760655e+02 -1.5096603633784022e+02
1.5727733333333336e+00 1.2155051124470570e+02 -1.5097994446309909e+02
1.5737700000000001e+00 1.2170099486048089e+02 -1.5099386645704095e+02
1.5747666666666669e+00 1.2185149235876152e+02 -1.5100780233347780e+02
1.5757633333333334e+00 1.2200200375339064e+02 -1.5102175210625450e+02
1.5767600000000002e+00 1.2215252905822526e+02 -1.5103571578925605e+02
1.5777566666666669e+00 1.2230306828713609e+02 -1.5104969339632081e+02
1.5787533333333335e+00 1.2245362145400766e+02 -1.5106368494133591e+02
1.5797500000000002e+00 1.2260418857273848e+02 -1.5107769043822003e+02
1.5807466666666667e+00 1.2275476965724077e+02 -1.5109170990087517e+02
1.5817433333333335e+00 1.2290536472144076e+02 -1.5110574334321748e+02
1.5827400000000000e+00 1.2305597377927842e+02 -1.5111979077919872e+02
1.5837366666666668e+00 1.2320659684470775e+02 -1.5113385222278251e+02
1.5847333333333335e+00 1.2335723393169658e+02 -1.5114792768790693e+02
1.5857300000000001e+00 1.2350788505422668e+02 -1.5116201718856601e+02
1.5867266666666668e+00 1.2365855022629381e+02 -1.5117612073877834e+02
1.5877233333333334e+00 1.2380922946190762e+02 -1.5119023835252423e+02
1.5887200000000001e+00 1.2395992277509183e+02 -1.5120437004384561e+02
1.5897166666666669e+00 1.2411063017988403e+02 -1.5121851582677337e+02
1.5907133333333334e+00 1.2426135169033583e+02 -1.5123267571535845e+02
1.5917100000000002e+00 1.2441208732051295e+02 -1.5124684972366941e+02
1.5927066666666667e+00 1.2456283708449500e+02 -1.5126103786577207e+02
1.5937033333333335e+00 1.2471360099637576e+02 -1.5127524015578680e+02
1.5947000000000002e+00 1.2486437907026296e+02 -1.5128945660779448e+02
1.5956966666666668e+00 1.2501517132027840e+02 -1.5130368723593151e+02
1.5966933333333335e+00 1.2516597776055806e+02 -1.5131793205433061e+02
1.5976900000000001e+00 1.2531679840525189e+02 -1.5133219107713606e+02
1.5986866666666668e+00 1.2546763326852408e+02 -1.5134646431853238e+02
1.5996833333333336e+00 1.2561848236455285e+02 -1.5136075179267883e+02
1.6006800000000001e+00 1.2576934570753055e+02 -1.5137505351377601e+02
1.6016766666666669e+00 1.2592022331166378e+02 -1.5138936949601364e+02
1.6026733333333334e+00 1.2607111519117316e+02 -1.5140369975363589e+02
1.6036700000000002e+00 1.2622202136029368e+02 -1.5141804430087711e+02
1.6046666666666669e+00 1.2637294183327435e+02 -1.5143240315195362e+02
1.6056633333333334e+00 1.2652387662437843e+02 -1.5144677632115869e+02
1.6066600000000002e+00 1.2667482574788350e+02 -1.5146116382277475e+02
1.6076566666666667e+00 1.2682578921808125e+02 -1.5147556567107446e+02
1.6086533333333335e+00 1.2697676704927774e+02 -1.5148998188036342e+02
1.6096500000000002e+00 1.2712775925579318e+02 -1.5150441246497920e+02
1.6106466666666668e+00 1.2727876585196211e+02 -1.5151885743925072e+02
1.6116433333333335e+00 1.2742978685213340e+02 -1.5153331681751033e+02
1.6126400000000001e+00 1.2758082227067015e+02 -1.5154779061414467e+02
1.6136366666666668e+00 1.2773187212194991e+02 -1.5156227884352359e+02
1.6146333333333336e+00 1.2788293642036442e+02 -1.5157678152000602e+02
1.6156300000000001e+00 1.2803401518031978e+02 -1.5159129865805636e+02
1.6166266666666669e+00 1.2818510841623663e+02 -1.5160583027207102e+02
1.6176233333333334e+00 1.2833621614254980e+02 -1.5162037637646529e+02
1.6186200000000002e+00 1.2848733837370864e+02 -1.5163493698571139e+02
1.6196166666666667e+00 1.2863847512417678e+02 -1.5164951211425307e+02
1.6206133333333335e+00 1.2878962640843238e+02 -1.5166410177658847e+02
1.6216100000000002e+00 1.2894079224096802e+02 -1.5167870598719770e+02
1.6226066666666668e+00 1.2909197263629065e+02 -1.5169332476060220e+02
1.6236033333333335e+00 1.2924316760892182e+02 -1.5170795811130535e+02
1.6246000000000000e+00 1.2939437717339743e+02 -1.5172260605385074e+02
1.6255966666666668e+00 1.2954560134426802e+02 -1.5173726860280777e+02
1.6265933333333336e+00 1.2969684013609850e+02 -1.5175194577269937e+02
1.6275900000000001e+00 1.2984809356346832e+02 -1.5176663757813247e+02
1.6285866666666668e+00 1.2999936164097156e+02 -1.5178134403369609e+02
1.6295833333333334e+00 1.3015064438321673e+02 -1.5179606515400496e+02
1.6305800000000001e+00 1.3030194180482707e+02 -1.5181080095367136e+02
1.6315766666666669e+00 1.3045325392044026e+02 -1.5182555144734658e+02
1.6325733333333334e+00 1.3060458074470858e+02 -1.5184031664968026e+02
1.6335700000000002e+00 1.3075592229229906e+02 -1.5185509657531844e+02
1.6345666666666667e+00 1.3090727857789315e+02 -1.5186989123897573e+02
1.6355633333333335e+00 1.3105864961618715e+02 -1.5188470065532135e+02
1.6365600000000002e+00 1.3121003542189186e+02 -1.5189952483906373e+02
1.6375566666666668e+00 1.3136143600973278e+02 -1.5191436380495222e+02
1.6385533333333335e+00 1.3151285139445019e+02 -1.5192921756773271e+02
1.6395500000000001e+00 1.3166428159079894e+02 -1.5194408614213407e+02
1.6405466666666668e+00 1.3181572661354866e+02 -1.5195896954291112e+02
1.6415433333333336e+00 1.3196718647748369e+02 -1.5197386778488621e+02
1.6425400000000001e+00 1.3211866119740310e+02 -1.5198878088285164e+02
1.6435366666666669e+00 1.3227015078812079e+02 -1.5200370885161021e+02
1.6445333333333334e+00 1.3242165526446530e+02 -1.5201865170599072e+02
1.6455300000000002e+00 1.3257317464128010e+02 -1.5203360946083339e+02
1.6465266666666669e+00 1.3272470893342339e+02 -1.5204858213100349e+02
1.6475233333333335e+00 1.3287625815576811e+02 -1.5206356973137875e+02
1.6485200000000002e+00 1.3302782232320223e+02 -1.5207857227684761e+02
1.6495166666666667e+00 1.3317940145062835e+02 -1.5209358978229582e+02
1.6505133333333335e+00 1.3333099555296411e+02 -1.5210862226266343e+02
1.6515100000000003e+00 1.3348260464514189e+02 -1.5212366973287283e+02
1.6525066666666668e+00 1.3363422874210900e+02 -1.5213873220784444e+02
1.6535033333333335e+00 1.3378586785882771e+02 -1.5215380970258079e+02
1.6545000000000001e+00 1.3393752201027513e+02 -1.5216890223205317e+02
1.6554966666666668e+00 1.3408919121144339e+02 -1.5218400981124711e+02
1.6564933333333334e+00 1.3424087547733947e+02 -1.5219913245516244e+02
1.6574900000000001e+00 1.3439257482298541e+02 -1.5221427017881055e+02
1.6584866666666669e+00 1.3454428926341816e+02 -1.5222942299724212e+02
1.6594833333333334e+00 1.3469601881368965e+02 -1.5224459092552021e+02
1.6604800000000002e+00 1.3484776348886695e+02 -1.5225977397870429e+02
1.6614766666666667e+00 1.3499952330403195e+02 -1.5227497217187980e+02
1.6624733333333335e+00 1.3515129827428183e+02 -1.5229018552014358e+02
1.6634700000000002e+00 1.3530308841472859e+02 -1.5230541403857490e+02
1.6644666666666668e+00 1.3545489374049939e+02 -1.5232065774235085e+02
1.6654633333333335e+00 1.3560671426673656e+02 -1.5233591664658792e+02
1.6664600000000001e+00 1.3575855000859735e+02 -1.5235119076644287e+02
1.6674566666666668e+00 1.3591040098125433e+02 -1.5236648011709815e+02
1.6684533333333336e+00 1.3606226719989505e+02 -1.5238178471373277e+02
1.6694500000000001e+00 1.3621414867972220e+02 -1.5239710457155226e+02
1.6704466666666669e+00 1.3636604543595374e+02 -1.5241243970575883e+02
1.6714433333333334e+00 1.3651795748382267e+02 -1.5242779013160893e+02
1.6724400000000001e+00 1.3666988483857733e+02 -1.5244315586435630e+02
1.6734366666666669e+00 1.3682182751548117e+02 -1.5245853691923705e+02
1.6744333333333334e+00 1.3697378552981283e+02 -1.5247393331154225e+02
1.6754300000000002e+00 1.3712575889686630e+02 -1.5248934505657391e+02
1.6764266666666667e+00 1.3727774763195069e+02 -1.5250477216965973e+02
1.6774233333333335e+00 1.3742975175039049e+02 -1.5252021466606777e+02
1.6784200000000002e+00 1.3758177126752540e+02 -1.5253567256116241e+02
1.6794166666666668e+00 1.3773380619871040e+02 -1.5255114587033461e+02
1.6804133333333335e+00 1.3788585655931590e+02 -1.5256663460888626e+02
1.6814100000000001e+00 1.3803792236472745e+02 -1.5258213879225917e+02
1.6824066666666668e+00 1.3819000363034615e+02 -1.5259765843586402e+02
1.6834033333333336e+00 1.3834210037158832e+02 -1.5261319355507948e+02
1.6844000000000001e+00 1.3849421260388564e+02 -1.5262874416532489e+02
1.6853966666666669e+00 1.3864634034268528e+02 -1.5264431028207338e+02
1.6863933333333334e+00 1.3879848360344968e+02 -1.5265989192079527e+02
1.6873900000000002e+00 1.3895064240165689e+02 -1.5267548909697243e+02
1.6883866666666669e+00 1.3910281675280021e+02 -1.5269110182606914e+02
1.6893833333333335e+00 1.3925500667238845e+02 -1.5270673012359035e+02
1.6903800000000002e+00 1.3940721217594592e+02 -1.5272237400510889e+02
1.6913766666666668e+00 1.3955943327901235e+02 -1.5273803348613794e+02
1.6923733333333335e+00 1.3971166999714308e+02 -1.5275370858219057e+02
1.6933700000000000e+00 1.3986392234590878e+02 -1.5276939930889395e+02
1.6943666666666668e+00 1.4001619034089583e+02 -1.5278510568184399e+02
1.6953633333333336e+00 1.4016847399770609e+02 -1.5280082771660494e+02
1.6963600000000001e+00 1.4032077333195684e+02 -1.5281656542878139e+02
1.6973566666666668e+00 1.4047308835928115e+02 -1.5283231883403181e+02
1.6983533333333334e+00 1.4062541909532752e+02 -1.5284808794801188e+02
1.6993500000000001e+00 1.4077776555576017e+02 -1.5286387278638881e+02
1.7003466666666669e+00 1.4093012775625888e+02 -1.5287967336482666e+02
1.7013433333333334e+00 1.4108250571251901e+02 -1.5289548969898695e+02
1.7023400000000002e+00 1.4123489944025167e+02 -1.5291132180464231e+02
1.7033366666666667e+00 1.4138730895518356e+02 -1.5292716969751979e+02
1.7043333333333335e+00 1.4153973427305718e+02 -1.5294303339331498e+02
1.7053300000000002e+00 1.4169217540963058e+02 -1.5295891290780602e+02
1.7063266666666668e+00 1.4184463238067758e+02 -1.5297480825676860e+02
1.7073233333333335e+00 1.4199710520198778e+02 -1.5299071945600380e+02
1.7083200000000001e+00 1.4214959388936646e+02 -1.5300664652129564e+02
1.7093166666666668e+00 1.4230209845863470e+02 -1.5302258946845387e+02
1.7103133333333336e+00 1.4245461892562932e+02 -1.5303854831337071e+02
1.7113100000000001e+00 1.4260715530620294e+02 -1.5305452307186454e+02
1.7123066666666669e+00 1.4275970761622406e+02 -1.5307051375979353e+02
1.7133033333333334e+00 1.4291227587157687e+02 -1.5308652039304152e+02
1.7143000000000002e+00 1.4306486008816154e+02 -1.5310254298751801e+02
1.7152966666666669e+00 1.4321746028189398e+02 -1.5311858155917230e+02
1.7162933333333334e+00 1.4337007646870600e+02 -1.5313463612387980e+02
1.7172900000000002e+00 1.4352270866454538e+02 -1.5315070669759848e+02
1.7182866666666667e+00 1.4367535688537566e+02 -1.5316679329632623e+02
1.7192833333333335e+00 1.4382802114717646e+02 -1.5318289593602964e+02
1.7202800000000003e+00 1.4398070146594321e+02 -1.5319901463270068e+02
1.7212766666666668e+00 1.4413339785768730e+02 -1.5321514940231472e+02
1.7222733333333335e+00 1.4428611033843617e+02 -1.5323130026094370e+02
1.7232700000000001e+00 1.4443883892423312e+02 -1.5324746722464249e+02
1.7242666666666668e+00 1.4459158363113761e+02 -1.5326365030942051e+02
1.7252633333333336e+00 1.4474434447522495e+02 -1.5327984953138392e+02
1.7262600000000001e+00 1.4489712147258655e+02 -1.5329606490662195e+02
1.7272566666666669e+00 1.4504991463932990e+02 -1.5331229645124944e+02
1.7282533333333334e+00 1.4520272399157847e+02 -1.5332854418139252e+02
1.7292500000000002e+00 1.4535554954547192e+02 -1.5334480811313472e+02
1.7302466666666667e+00 1.4550839131716586e+02 -1.5336108826268782e+02
1.7312433333333335e+00 1.4566124932283216e+02 -1.5337738464624650e+02
1.7322400000000002e+00 1.4581412357865872e+02 -1.5339369727994546e+02
1.7332366666666668e+00 1.4596701410084955e+02 -1.5341002617997370e+02
1.7342333333333335e+00 1.4611992090562495e+02 -1.5342637136261718e+02
1.7352300000000001e+00 1.4627284400922127e+02 -1.5344273284408769e+02
1.7362266666666668e+00 1.4642578342789116e+02 -1.5345911064060837e+02
1.7372233333333336e+00 1.4657873917790337e+02 -1.5347550476847081e+02
1.7382200000000001e+00 1.4673171127554289e+02 -1.5349191524396386e+02
1.7392166666666669e+00 1.4688469973711105e+02 -1.5350834208340197e+02
1.7402133333333334e+00 1.4703770457892529e+02 -1.5352478530305387e+02
1.7412100000000001e+00 1.4719072581731945e+02 -1.5354124491928539e+02
1.7422066666666669e+00 1.4734376346864354e+02 -1.5355772094845941e+02
1.7432033333333334e+00 1.4749681754926397e+02 -1.5357421340693602e+02
1.7442000000000002e+00 1.4764988807556347e+02 -1.5359072231108672e+02
1.7451966666666667e+00 1.4780297506394098e+02 -1.5360724767728007e+02
1.7461933333333335e+00 1.4795607853081196e+02 -1.5362378952198165e+02
1.7471900000000002e+00 1.4810919849260816e+02 -1.5364034786163998e+02
1.7481866666666668e+00 1.4826233496577765e+02 -1.5365692271264362e+02
1.7491833333333335e+00 1.4841548796678504e+02 -1.5367351409146383e+02
1.7501800000000001e+00 1.4856865751211120e+02 -1.5369012201461180e+02
1.7511766666666668e+00 1.4872184361825364e+02 -1.5370674649859598e+02
1.7521733333333336e+00 1.4887504630172614e+02 -1.5372338755990751e+02
1.7531700000000001e+00 1.4902826557905897e+02 -1.5374004521504907e+02
1.7541666666666669e+00 1.4918150146679898e+02 -1.5375671948060602e+02
1.7551633333333334e+00 1.4933475398150941e+02 -1.5377341037314662e+02
1.7561600000000002e+00 1.4948802313977015e+02 -1.5379011790922192e+02
1.7571566666666669e+00 1.4964130895817746e+02 -1.5380684210542307e+02
1.7581533333333335e+00 1.4979461145334423e+02 -1.5382358297840946e+02
1.7591500000000002e+00 1.4994793064189997e+02 -1.5384034054479503e+02
1.7601466666666667e+00 1.5010126654049066e+02 -1.5385711482119072e+02
1.7611433333333335e+00 1.5025461916577899e+02 -1.5387390582427611e+02
1.7621400000000003e+00 1.5040798853444420e+02 -1.5389071357074195e+02
1.7631366666666668e+00 1.5056137466318211e+02 -1.5390753807729052e+02
1.7641333333333336e+00 1.5071477756870536e+02 -1.5392437936062132e+02
1.7651300000000001e+00 1.5086819726774303e+02 -1.5394123743744504e+02
1.7661266666666668e+00 1.5102163377704110e+02 -1.5395811232454096e+02
1.7671233333333336e+00 1.5117508711336211e+02 -1.5397500403865715e+02
1.7681200000000001e+00 1.5132855729348532e+02 -1.5399191259656700e+02
1.7691166666666669e+00 1.5148204433420679e+02 -1.5400883801508397e+02
1.7701133333333334e+00 1.5163554825233928e+02 -1.5402578031100452e+02
1.7711100000000002e+00 1.5178906906471235e+02 -1.5404273950116777e+02
1.7721066666666667e+00 1.5194260678817227e+02 -1.5405971560239865e+02
1.7731033333333335e+00 1.5209616143958220e+02 -1.5407670863157611e+02
1.7741000000000002e+00 1.5224973303582209e+02 -1.5409371860560506e+02
1.7750966666666668e+00 1.5240332159378863e+02 -1.5411074554135871e+02
1.7760933333333335e+00 1.5255692713039554e+02 -1.5412778945575042e+02
1.7770900000000001e+00 1.5271054966257321e+02 -1.5414485036569064e+02
1.7780866666666668e+00 1.5286418920726905e+02 -1.5416192828814391e+02
1.7790833333333336e+00 1.5301784578144731e+02 -1.5417902324010069e+02
1.7800800000000001e+00 1.5317151940208913e+02 -1.5419613523850549e+02
1.7810766666666669e+00 1.5332521008619270e+02 -1.5421326430037143e+02
1.7820733333333334e+00 1.5347891785077297e+02 -1.5423041044270875e+02
1.7830700000000002e+00 1.5363264271286209e+02 -1.5424757368256761e+02
1.7840666666666669e+00 1.5378638468950902e+02 -1.5426475403698126e+02
1.7850633333333334e+00 1.5394014379777971e+02 -1.5428195152297963e+02
1.7860600000000002e+00 1.5409392005475726e+02 -1.5429916615771856e+02
1.7870566666666667e+00 1.5424771347754171e+02 -1.5431639795826527e+02
1.7880533333333335e+00 1.5440152408325022e+02 -1.5433364694171274e+02
1.7890500000000003e+00 1.5455535188901692e+02 -1.5435091312522246e+02
1.7900466666666668e+00 1.5470919691199305e+02 -1.5436819652593852e+02
1.7910433333333335e+00 1.5486305916934708e+02 -1.5438549716105948e+02
1.7920400000000001e+00 1.5501693867826444e+02 -1.5440281504770959e+02
1.7930366666666668e+00 1.5517083545594778e+02 -1.5442015020311013e+02
1.7940333333333336e+00 1.5532474951961686e+02 -1.5443750264452248e+02
1.7950300000000001e+00 1.5547868088650861e+02 -1.5445487238916195e+02
1.7960266666666669e+00 1.5563262957387727e+02 -1.5447225945425564e+02
1.7970233333333334e+00 1.5578659559899407e+02 -1.5448966385708471e+02
1.7980200000000002e+00 1.5594057897914766e+02 -1.5450708561497007e+02
1.7990166666666669e+00 1.5609457973164382e+02 -1.5452452474520180e+02
1.8000133333333335e+00 1.5624859787380561e+02 -1.5454198126509496e+02
1.8010100000000002e+00 1.5640263342297339e+02 -1.5455945519196223e+02
1.8020066666666668e+00 1.5655668639650474e+02 -1.5457694654321296e+02
1.8030033333333335e+00 1.5671075681177467e+02 -1.5459445533621101e+02
1.8040000000000003e+00 1.5686484468617542e+02 -1.5461198158831769e+02
1.8049966666666668e+00 1.5701895003711653e+02 -1.5462952531696203e+02
1.8059933333333336e+00 1.5717307288202505e+02 -1.5464708653958513e+02
1.8069900000000001e+00 1.5732721323834528e+02 -1.5466466527362491e+02
1.8079866666666669e+00 1.5748137112353902e+02 -1.5468226153651932e+02
1.8089833333333334e+00 1.5763554655508534e+02 -1.5469987534574926e+02
1.8099800000000001e+00 1.5778973955048087e+02 -1.5471750671884945e+02
1.8109766666666669e+00 1.5794395012723965e+02 -1.5473515567332393e+02
1.8119733333333334e+00 1.5809817830289313e+02 -1.5475282222667300e+02
1.8129700000000002e+00 1.5825242409499035e+02 -1.5477050639645176e+02
1.8139666666666667e+00 1.5840668752109767e+02 -1.5478820820024075e+02
1.8149633333333335e+00 1.5856096859879921e+02 -1.5480592765564606e+02
1.8159600000000002e+00 1.5871526734569642e+02 -1.5482366478022877e+02
1.8169566666666668e+00 1.5886958377940837e+02 -1.5484141959160328e+02
1.8179533333333335e+00 1.5902391791757174e+02 -1.5485919210745294e+02
1.8189500000000001e+00 1.5917826977784074e+02 -1.5487698234542964e+02
1.8199466666666668e+00 1.5933263937788726e+02 -1.5489479032315370e+02
1.8209433333333336e+00 1.5948702673540072e+02 -1.5491261605831454e+02
1.8219400000000001e+00 1.5964143186808815e+02 -1.5493045956866911e+02
1.8229366666666669e+00 1.5979585479367441e+02 -1.5494832087195783e+02
1.8239333333333334e+00 1.5995029552990187e+02 -1.5496619998586115e+02
1.8249300000000002e+00 1.6010475409453068e+02 -1.5498409692812763e+02
1.8259266666666669e+00 1.6025923050533865e+02 -1.5500201171658932e+02
1.8269233333333335e+00 1.6041372478012130e+02 -1.5501994436904593e+02
1.8279200000000002e+00 1.6056823693669202e+02 -1.5503789490329487e+02
1.8289166666666667e+00 1.6072276699288182e+02 -1.5505586333713069e+02
1.8299133333333335e+00 1.6087731496653956e+02 -1.5507384968843030e+02
1.8309100000000003e+00 1.6103188087553190e+02 -1.5509185397508284e+02
1.8319066666666668e+00 1.6118646473774325e+02 -1.5510987621494490e+02
1.8329033333333336e+00 1.6134106657107597e+02 -1.5512791642592816e+02
1.8339000000000001e+00 1.6149568639345014e+02 -1.5514597462594102e+02
1.8348966666666668e+00 1.6165032422280385e+02 -1.5516405083294603e+02
1.8358933333333336e+00 1.6180498007709295e+02 -1.5518214506487513e+02
1.8368900000000001e+00 1.6195965397429120e+02 -1.5520025733969902e+02
1.8378866666666669e+00 1.6211434593239042e+02 -1.5521838767544332e+02
1.8388833333333334e+00 1.6226905596940023e+02 -1.5523653609008784e+02
1.8398800000000002e+00 1.6242378410334831e+02 -1.5525470260166637e+02
1.8408766666666669e+00 1.6257853035228021e+02 -1.5527288722822490e+02
1.8418733333333335e+00 1.6273329473425952e+02 -1.5529108998783394e+02
1.8428700000000002e+00 1.6288807726736792e+02 -1.5530931089857617e+02
1.8438666666666668e+00 1.6304287796970499e+02 -1.5532754997853115e+02
1.8448633333333335e+00 1.6319769685938849e+02 -1.5534580724582142e+02
1.8458600000000001e+00 1.6335253395455408e+02 -1.5536408271861202e+02
1.8468566666666668e+00 1.6350738927335570e+02 -1.5538237641503662e+02
1.8478533333333336e+00 1.6366226283396526e+02 -1.5540068835325522e+02
1.8488500000000001e+00 1.6381715465457276e+02 -1.5541901855146676e+02
1.8498466666666669e+00 1.6397206475338649e+02 -1.5543736702789639e+02
1.8508433333333334e+00 1.6412699314863275e+02 -1.5545573380075206e+02
1.8518400000000002e+00 1.6428193985855611e+02 -1.5547411888826721e+02
1.8528366666666669e+00 1.6443690490141930e+02 -1.5549252230873029e+02
1.8538333333333334e+00 1.6459188829550320e+02 -1.5551094408041129e+02
1.8548300000000002e+00 1.6474689005910705e+02 -1.5552938422162114e+02
1.8558266666666667e+00 1.6490191021054821e+02 -1.5554784275066746e+02
1.8568233333333335e+00 1.6505694876816241e+02 -1.5556631968585504e+02
1.8578200000000002e+00 1.6521200575030360e+02 -1.5558481504558640e+02
1.8588166666666668e+00 1.6536708117534400e+02 -1.5560332884823134e+02
1.8598133333333335e+00 1.6552217506167426e+02 -1.5562186111212921e+02
1.8608100000000001e+00 1.6567728742770322e+02 -1.5564041185573038e+02
1.8618066666666668e+00 1.6583241829185826e+02 -1.5565898109748207e+02
1.8628033333333336e+00 1.6598756767258499e+02 -1.5567756885578689e+02
1.8638000000000001e+00 1.6614273558834742e+02 -1.5569617514911442e+02
1.8647966666666669e+00 1.6629792205762806e+02 -1.5571479999597514e+02
1.8657933333333334e+00 1.6645312709892775e+02 -1.5573344341484787e+02
1.8667900000000002e+00 1.6660835073076592e+02 -1.5575210542425123e+02
1.8677866666666669e+00 1.6676359297168031e+02 -1.5577078604273032e+02
1.8687833333333335e+00 1.6691885384022717e+02 -1.5578948528882603e+02
1.8697800000000002e+00 1.6707413335498140e+02 -1.5580820318114866e+02
1.8707766666666668e+00 1.6722943153453622e+02 -1.5582693973827685e+02
1.8717733333333335e+00 1.6738474839750359e+02 -1.5584569497880048e+02
1.8727700000000003e+00 1.6754008396251385e+02 -1.5586446892135024e+02
1.8737666666666668e+00 1.6769543824821596e+02 -1.5588326158459529e+02
1.8747633333333336e+00 1.6785081127327760e+02 -1.5590207298721728e+02
1.8757600000000001e+00 1.6800620305638489e+02 -1.5592090314788041e+02
1.8767566666666669e+00 1.6816161361624276e+02 -1.5593975208527431e+02
1.8777533333333336e+00 1.6831704297157464e+02 -1.5595861981812945e+02
1.8787500000000001e+00 1.6847249114112265e+02 -1.5597750636522926e+02
1.8797466666666669e+00 1.6862795814364773e+02 -1.5599641174529791e+02
1.8807433333333334e+00 1.6878344399792937e+02 -1.5601533597711375e+02
1.8817400000000002e+00 1.6893894872276590e+02 -1.5603427907946937e+02
1.8827366666666667e+00 1.6909447233697429e+02 -1.5605324107121425e+02
1.8837333333333335e+00 1.6925001485939043e+02 -1.5607222197116647e+02
1.8847300000000002e+00 1.6940557630886883e+02 -1.5609122179815637e+02
1.8857266666666668e+00 1.6956115670428281e+02 -1.5611024057109540e+02
1.8867233333333335e+00 1.6971675606452467e+02 -1.5612927830886488e+02
1.8877200000000001e+00 1.6987237440850538e+02 -1.5614833503035715e+02
1.8887166666666668e+00 1.7002801175515484e+02 -1.5616741075450415e+02
1.8897133333333336e+00 1.7018366812342182e+02 -1.5618650550029321e+02
1.8907100000000001e+00 1.7033934353227397e+02 -1.5620561928666433e+02
1.8917066666666669e+00 1.7049503800069792e+02 -1.5622475213259852e+02
1.8927033333333334e+00 1.7065075154769909e+02 -1.5624390405708803e+02
1.8937000000000002e+00 1.7080648419230201e+02 -1.5626307507917875e+02
1.8946966666666669e+00 1.7096223595355011e+02 -1.5628226521795796e+02
1.8956933333333335e+00 1.7111800685050576e+02 -1.5630147449240835e+02
1.8966900000000002e+00 1.7127379690225044e+02 -1.5632070292162501e+02
1.8976866666666667e+00 1.7142960612788454e+02 -1.5633995052475703e+02
1.8986833333333335e+00 1.7158543454652764e+02 -1.5635921732090736e+02
1.8996800000000003e+00 1.7174128217731828e+02 -1.5637850332919180e+02
1.9006766666666668e+00 1.7189714903941407e+02 -1.5639780856874978e+02
1.9016733333333335e+00 1.7205303515199182e+02 -1.5641713305880486e+02
1.9026700000000001e+00 1.7220894053424735e+02 -1.5643647681854875e+02
1.9036666666666668e+00 1.7236486520539574e+02 -1.5645583986717014e+02
1.9046633333333336e+00 1.7252080918467115e+02 -1.5647522222392726e+02
1.9056600000000001e+00 1.7267677249132691e+02 -1.5649462390805942e+02
1.9066566666666669e+00 1.7283275514463563e+02 -1.5651404493883297e+02
1.9076533333333334e+00 1.7298875716388901e+02 -1.5653348533555362e+02
1.9086500000000002e+00 1.7314477856839812e+02 -1.5655294511752408e+02
1.9096466666666669e+00 1.7330081937749324e+02 -1.5657242430407408e+02
1.9106433333333335e+00 1.7345687961052386e+02 -1.5659192291457111e+02
1.9116400000000002e+00 1.7361295928685888e+02 -1.5661144096836702e+02
1.9126366666666668e+00 1.7376905842588639e+02 -1.5663097848483892e+02
1.9136333333333335e+00 1.7392517704701390e+02 -1.5665053548341780e+02
1.9146300000000003e+00 1.7408131516966827e+02 -1.5667011198353319e+02
1.9156266666666668e+00 1.7423747281329568e+02 -1.5668970800460966e+02
1.9166233333333336e+00 1.7439364999736176e+02 -1.5670932356611308e+02
1.9176200000000001e+00 1.7454984674135147e+02 -1.5672895868753466e+02
1.9186166666666669e+00 1.7470606306476932e+02 -1.5674861338840836e+02
1.9196133333333334e+00 1.7486229898713916e+02 -1.5676828768822543e+02
1.9206100000000002e+00 1.7501855452800436e+02 -1.5678798160648810e+02
1.9216066666666669e+00 1.7517482970692777e+02 -1.5680769516285403e+02
1.9226033333333334e+00 1.7533112454349171e+02 -1.5682742837686183e+02
1.9236000000000002e+00 1.7548743905729813e+02 -1.5684718126809153e+02
1.9245966666666667e+00 1.7564377326796838e+02 -1.5686695385617685e+02
1.9255933333333335e+00 1.7580012719514352e+02 -1.5688674616076267e+02
1.9265900000000002e+00 1.7595650085848408e+02 -1.5690655820153518e+02
1.9275866666666668e+00 1.7611289427767022e+02 -1.5692638999814702e+02
1.9285833333333335e+00 1.7626930747240183e+02 -1.5694624157027798e+02
1.9295800000000001e+00 1.7642574046239827e+02 -1.5696611293767592e+02
1.9305766666666668e+00 1.7658219326739874e+02 -1.5698600412009978e+02
1.9315733333333336e+00 1.7673866590716202e+02 -1.5700591513727846e+02
1.9325700000000001e+00 1.7689515840146655e+02 -1.5702584600897873e+02
1.9335666666666669e+00 1.7705167077011060e+02 -1.5704579675500869e+02
1.9345633333333334e+00 1.7720820303291211e+02 -1.5706576739521606e+02
1.9355600000000002e+00 1.7736475520970887e+02 -1.5708575794941669e+02
1.9365566666666669e+00 1.7752132732035835e+02 -1.5710576843745372e+02
1.9375533333333335e+00 1.7767791938473781e+02 -1.5712579887920785e+02
1.9385500000000002e+00 1.7783453142274445e+02 -1.5714584929461560e+02
1.9395466666666668e+00 1.7799116345429519e+02 -1.5716591970356731e+02
1.9405433333333335e+00 1.7814781549932692e+02 -1.5718601012595028e+02
1.9415400000000003e+00 1.7830448757779629e+02 -1.5720612058179287e+02
1.9425366666666668e+00 1.7846117970967993e+02 -1.5722625109107580e+02
1.9435333333333336e+00 1.7861789191497442e+02 -1.5724640167374960e+02
1.9445300000000001e+00 1.7877462421369614e+02 -1.5726657234983315e+02
1.9455266666666668e+00 1.7893137662588163e+02 -1.5728676313938465e+02
1.9465233333333336e+00 1.7908814917158725e+02 -1.5730697406247546e+02
1.9475200000000001e+00 1.7924494187088936e+02 -1.5732720513912886e+02
1.9485166666666669e+00 1.7940175474388445e+02 -1.5734745638946663e+02
1.9495133333333334e+00 1.7955858781068895e+02 -1.5736772783363588e+02
1.9505100000000002e+00 1.7971544109143946e+02 -1.5738801949175189e+02
1.9515066666666669e+00 1.7987231460629255e+02 -1.5740833138397161e+02
1.9525033333333335e+00 1.8002920837542487e+02 -1.5742866353043229e+02
1.9535000000000002e+00 1.8018612241903332e+02 -1.5744901595138407e+02
1.9544966666666668e+00 1.8034305675733481e+02 -1.5746938866704542e+02
1.9554933333333335e+00 1.8050001141056654e+02 -1.5748978169761710e+02
1.9564900000000003e+00 1.8065698639898579e+02 -1.5751019506337013e+02
1.9574866666666668e+00 1.8081398174287000e+02 -1.5753062878459863e+02
1.9584833333333336e+00 1.8097099746251700e+02 -1.5755108288158129e+02
1.9594800000000001e+00 1.8112803357824467e+02 -1.5757155737463628e+02
1.9604766666666669e+00 1.8128509011039128e+02 -1.5759205228411031e+02
1.9614733333333334e+00 1.8144216707931531e+02 -1.5761256763035013e+02
1.9624700000000002e+00 1.8159926450539561e+02 -1.5763310343377037e+02
1.9634666666666669e+00 1.8175638240903129e+02 -1.5765365971472770e+02
1.9644633333333335e+00 1.8191352081064178e+02 -1.5767423649364443e+02
1.9654600000000002e+00 1.8207067973066697e+02 -1.5769483379098466e+02
1.9664566666666667e+00 1.8222785918956700e+02 -1.5771545162720921e+02
1.9674533333333335e+00 1.8238505920782259e+02 -1.5773609002277544e+02
1.9684500000000003e+00 1.8254227980593473e+02 -1.5775674899818267e+02
1.9694466666666668e+00 1.8269952100442484e+02 -1.5777742857398147e+02
1.9704433333333335e+00 1.8285678282383495e+02 -1.5779812877069301e+02
1.9714400000000001e+00 1.8301406528472742e+02 -1.5781884960887791e+02
1.9724366666666668e+00 1.8317136840768526e+02 -1.5783959110915043e+02
1.9734333333333336e+00 1.8332869221331188e+02 -1.5786035329205257e+02
1.9744300000000001e+00 1.8348603672223123e+02 -1.5788113617826326e+02
1.9754266666666669e+00 1.8364340195508800e+02 -1.5790193978843206e+02
1.9764233333333334e+00 1.8380078793254722e+02 -1.5792276414314796e+02
1.9774200000000002e+00 1.8395819467529472e+02 -1.5794360926318214e+02
1.9784166666666669e+00 1.8411562220403687e+02 -1.5796447516921927e+02
1.9794133333333335e+00 1.8427307053950068e+02 -1.5798536188195246e+02
1.9804100000000002e+00 1.8443053970243389e+02 -1.5800626942214535e+02
1.9814066666666668e+00 1.8458802971360487e+02 -1.5802719781060074e+02
1.9824033333333335e+00 1.8474554059380276e+02 -1.5804814706807562e+02
1.9834000000000003e+00 1.8490307236383737e+02 -1.5806911721536875e+02
1.9843966666666668e+00 1.8506062504453922e+02 -1.5809010827333006e+02
1.9853933333333336e+00 1.8521819865675974e+02 -1.5811112026280864e+02
1.9863900000000001e+00 1.8537579322137103e+02 -1.5813215320469297e+02
1.9873866666666669e+00 1.8553340875926611e+02 -1.5815320711983983e+02
1.9883833333333336e+00 1.8569104529135871e+02 -1.5817428202917625e+02
1.9893800000000001e+00 1.8584870283858345e+02 -1.5819537795365201e+02
1.9903766666666669e+00 1.8600638142189595e+02 -1.5821649491421599e+02
1.9913733333333334e+00 1.8616408106227254e+02 -1.5823763293182805e+02
1.9923700000000002e+00 1.8632180178071064e+02 -1.5825879202751585e+02
1.9933666666666670e+00 1.8647954359822847e+02 -1.5827997222226369e+02
1.9943633333333335e+00 1.8663730653586521e+02 -1.5830117353713533e+02
1.9953600000000002e+00 1.8679509061468116e+02 -1.5832239599319368e+02
1.9963566666666668e+00 1.8695289585575748e+02 -1.5834363961148415e+02
1.9973533333333335e+00 1.8711072228019643e+02 -1.5836490441315192e+02
1.9983500000000001e+00 1.8726856990912125e+02 -1.5838619041931364e+02
1.9993466666666668e+00 1.8742643876367634e+02 -1.5840749765110030e+02
2.0003433333333334e+00 1.8758432886502706e+02 -1.5842882612964618e+02
2.0013399999999999e+00 1.8774224023435994e+02 -1.5845017587618261e+02
2.0023366666666669e+00 1.8790017289288275e+02 -1.5847154691194311e+02
2.0033333333333334e+00 1.8805812686182412e+02 -1.5849293925810133e+02
2.0043299999999999e+00 1.8821610216243411e+02 -1.5851435293591044e+02
2.0053266666666669e+00 1.8837409881598393e+02 -1.5853578796665005e+02
2.0063233333333335e+00 1.8853211684376581e+02 -1.5855724437163644e+02
2.0073200000000000e+00 1.8869015626709347e+02 -1.5857872217218653e+02
2.0083166666666665e+00 1.8884821710730174e+02 -1.5860022138957382e+02
2.0093133333333335e+00 1.8900629938574679e+02 -1.5862174204519954e+02
2.0103100000000000e+00 1.8916440312380593e+02 -1.5864328416046547e+02
2.0113066666666666e+00 1.8932252834287797e+02 -1.5866484775673129e+02
2.0123033333333331e+00 1.8948067506438301e+02 -1.5868643285539889e+02
2.0133000000000001e+00 1.8963884330976251e+02 -1.5870803947795497e+02
2.0142966666666666e+00 1.8979703310047918e+02 -1.5872966764587267e+02
2.0152933333333332e+00 1.8995524445801735e+02 -1.5875131738059036e+02
2.0162900000000001e+00 1.9011347740388268e+02 -1.5877298870361591e+02
2.0172866666666667e+00 1.9027173195960216e+02 -1.5879468163649381e+02
2.0182833333333332e+00 1.9043000814672439e+02 -1.5881639620079747e+02
2.0192799999999997e+00 1.9058830598681945e+02 -1.5883813241807132e+02
2.0202766666666667e+00 1.9074662550147892e+02 -1.5885989030987346e+02
2.0212733333333333e+00 1.9090496671231574e+02 -1.5888166989786242e+02
2.0222699999999998e+00 1.9106332964096464e+02 -1.5890347120367608e+02
2.0232666666666668e+00 1.9122171430908190e+02 -1.5892529424895071e+02
2.0242633333333333e+00 1.9138012073834520e+02 -1.5894713905535912e+02
2.0252599999999998e+00 1.9153854895045399e+02 -1.5896900564461029e+02
2.0262566666666668e+00 1.9169699896712942e+02 -1.5899089403844062e+02
2.0272533333333334e+00 1.9185547081011407e+02 -1.5901280425856544e+02
2.0282499999999999e+00 1.9201396450117238e+02 -1.5903473632674354e+02
2.0292466666666664e+00 1.9217248006209047e+02 -1.5905669026479026e+02
2.0302433333333334e+00 1.9233101751467626e+02 -1.5907866609453473e+02
2.0312399999999999e+00 1.9248957688075916e+02 -1.5910066383774952e+02
2.0322366666666665e+00 1.9264815818219057e+02 -1.5912268351628626e+02
2.0332333333333334e+00 1.9280676144084367e+02 -1.5914472515206648e+02
2.0342300000000000e+00 1.9296538667861330e+02 -1.5916678876696261e+02
2.0352266666666665e+00 1.9312403391741628e+02 -1.5918887438288326e+02
2.0362233333333335e+00 1.9328270317919132e+02 -1.5921098202176432e+02
2.0372200000000000e+00 1.9344139448589877e+02 -1.5923311170559222e+02
2.0382166666666666e+00 1.9360010785952110e+02 -1.5925526345633952e+02
2.0392133333333331e+00 1.9375884332206266e+02 -1.5927743729596406e+02
2.0402100000000001e+00 1.9391760089554973e+02 -1.5929963324653755e+02
2.0412066666666666e+00 1.9407638060203041e+02 -1.5932185133013195e+02
2.0422033333333331e+00 1.9423518246357503e+02 -1.5934409156878402e+02
2.0432000000000001e+00 1.9439400650227583e+02 -1.5936635398458665e+02
2.0441966666666667e+00 1.9455285274024695e+02 -1.5938863859964039e+02
2.0451933333333332e+00 1.9471172119962475e+02 -1.5941094543609600e+02
2.0461900000000002e+00 1.9487061190256765e+02 -1.5943327451613203e+02
2.0471866666666667e+00 1.9502952487125600e+02 -1.5945562586190596e+02
2.0481833333333332e+00 1.9518846012789248e+02 -1.5947799949560411e+02
2.0491799999999998e+00 1.9534741769470179e+02 -1.5950039543948381e+02
2.0501766666666668e+00 1.9550639759393090e+02 -1.5952281371581643e+02
2.0511733333333333e+00 1.9566539984784876e+02 -1.5954525434680224e+02
2.0521699999999998e+00 1.9582442447874666e+02 -1.5956771735473450e+02
2.0531666666666668e+00 1.9598347150893821e+02 -1.5959020276200573e+02
2.0541633333333333e+00 1.9614254096075905e+02 -1.5961271059090183e+02
2.0551599999999999e+00 1.9630163285656727e+02 -1.5963524086375156e+02
2.0561566666666664e+00 1.9646074721874317e+02 -1.5965779360298336e+02
2.0571533333333334e+00 1.9661988406968948e+02 -1.5968036883098264e+02
2.0581499999999999e+00 1.9677904343183104e+02 -1.5970296657017795e+02
2.0591466666666665e+00 1.9693822532761527e+02 -1.5972558684300500e+02
2.0601433333333334e+00 1.9709742977951194e+02 -1.5974822967194194e+02
2.0611400000000000e+00 1.9725665681001306e+02 -1.5977089507948850e+02
2.0621366666666665e+00 1.9741590644163324e+02 -1.5979358308813747e+02
2.0631333333333335e+00 1.9757517869690957e+02 -1.5981629372045253e+02
2.0641300000000000e+00 1.9773447359840139e+02 -1.5983902699896194e+02
2.0651266666666666e+00 1.9789379116869074e+02 -1.5986178294627959e+02
2.0661233333333331e+00 1.9805313143038214e+02 -1.5988456158501924e+02
2.0671200000000001e+00 1.9821249440610271e+02 -1.5990736293775188e+02
2.0681166666666666e+00 1.9837188011850185e+02 -1.5993018702714832e+02
2.0691133333333331e+00 1.9853128859025185e+02 -1.5995303387591505e+02
2.0701100000000001e+00 1.9869071984404758e+02 -1.5997590350674432e+02
2.0711066666666667e+00 1.9885017390260634e+02 -1.5999879594232112e+02
2.0721033333333332e+00 1.9900965078866827e+02 -1.6002171120538054e+02
2.0731000000000002e+00 1.9916915052499616e+02 -1.6004464931868600e+02
2.0740966666666667e+00 1.9932867313437532e+02 -1.6006761030507946e+02
2.0750933333333332e+00 1.9948821863961402e+02 -1.6009059418733153e+02
2.0760899999999998e+00 1.9964778706354315e+02 -1.6011360098822715e+02
2.0770866666666667e+00 1.9980737842901647e+02 -1.6013663073069375e+02
2.0780833333333333e+00 1.9996699275891029e+02 -1.6015968343758760e+02
2.0790799999999998e+00 2.0012663007612400e+02 -1.6018275913178607e+02
2.0800766666666668e+00 2.0028629040357976e+02 -1.6020585783620967e+02
2.0810733333333333e+00 2.0044597376422240e+02 -1.6022897957382872e+02
2.0820699999999999e+00 2.0060568018101986e+02 -1.6025212436760611e+02
2.0830666666666668e+00 2.0076540967696297e+02 -1.6027529224051941e+02
2.0840633333333334e+00 2.0092516227506525e+02 -1.6029848321559587e+02
2.0850599999999999e+00 2.0108493799836342e+02 -1.6032169731586265e+02
2.0860566666666664e+00 2.0124473686991703e+02 -1.6034493456437565e+02
2.0870533333333334e+00 2.0140455891280880e+02 -1.6036819498421920e+02
2.0880500000000000e+00 2.0156440415014418e+02 -1.6039147859852045e+02
2.0890466666666665e+00 2.0172427260505191e+02 -1.6041478543037061e+02
2.0900433333333335e+00 2.0188416430068372e+02 -1.6043811550296118e+02
2.0910400000000000e+00 2.0204407926021435e+02 -1.6046146883944778e+02
2.0920366666666665e+00 2.0220401750684172e+02 -1.6048484546300006e+02
2.0930333333333331e+00 2.0236397906378687e+02 -1.6050824539688770e+02
2.0940300000000001e+00 2.0252396395429409e+02 -1.6053166866433787e+02
2.0950266666666666e+00 2.0268397220163061e+02 -1.6055511528860589e+02
2.0960233333333331e+00 2.0284400382908709e+02 -1.6057858529298255e+02
2.0970200000000001e+00 2.0300405885997736e+02 -1.6060207870080200e+02
2.0980166666666666e+00 2.0316413731763839e+02 -1.6062559553540530e+02
2.0990133333333332e+00 2.0332423922543055e+02 -1.6064913582011150e+02
2.1000100000000002e+00 2.0348436460673747e+02 -1.6067269957832627e+02
2.1010066666666667e+00 2.0364451348496601e+02 -1.6069628683347602e+02
2.1020033333333332e+00 2.0380468588354648e+02 -1.6071989760897281e+02
2.1029999999999998e+00 2.0396488182593251e+02 -1.6074353192827158e+02
2.1039966666666667e+00 2.0412510133560122e+02 -1.6076718981482776e+02
2.1049933333333333e+00 2.0428534443605287e+02 -1.6079087129218189e+02
2.1059899999999998e+00 2.0444561115081140e+02 -1.6081457638385271e+02
2.1069866666666668e+00 2.0460590150342423e+02 -1.6083830511335987e+02
2.1079833333333333e+00 2.0476621551746200e+02 -1.6086205750428678e+02
2.1089799999999999e+00 2.0492655321651910e+02 -1.6088583358022333e+02
2.1099766666666668e+00 2.0508691462421342e+02 -1.6090963336481767e+02
2.1109733333333334e+00 2.0524729976418624e+02 -1.6093345688166738e+02
2.1119699999999999e+00 2.0540770866010254e+02 -1.6095730415445530e+02
2.1129666666666664e+00 2.0556814133565092e+02 -1.6098117520687873e+02
2.1139633333333334e+00 2.0572859781454363e+02 -1.6100507006264988e+02
2.1149600000000000e+00 2.0588907812051633e+02 -1.6102898874550891e+02
2.1159566666666665e+00 2.0604958227732860e+02 -1.6105293127917398e+02
2.1169533333333335e+00 2.0621011030876369e+02 -1.6107689768746440e+02
2.1179500000000000e+00 2.0637066223862837e+02 -1.6110088799419162e+02
2.1189466666666665e+00 2.0653123809075333e+02 -1.6112490222317359e+02
2.1199433333333335e+00 2.0669183788899306e+02 -1.6114894039825819e+02
2.1209400000000000e+00 2.0685246165722560e+02 -1.6117300254335669e+02
2.1219366666666666e+00 2.0701310941935304e+02 -1.6119708868233718e+02
2.1229333333333331e+00 2.0717378119930120e+02 -1.6122119883912512e+02
2.1239300000000001e+00 2.0733447702101986e+02 -1.6124533303767515e+02
2.1249266666666666e+00 2.0749519690848243e+02 -1.6126949130196991e+02
2.1259233333333332e+00 2.0765594088568648e+02 -1.6129367365601252e+02
2.1269200000000001e+00 2.0781670897665347e+02 -1.6131788012380781e+02
2.1279166666666667e+00 2.0797750120542864e+02 -1.6134211072940968e+02
2.1289133333333332e+00 2.0813831759608138e+02 -1.6136636549688569e+02
2.1299099999999997e+00 2.0829915817270506e+02 -1.6139064445034671e+02
2.1309066666666667e+00 2.0846002295941710e+02 -1.6141494761386159e+02
2.1319033333333333e+00 2.0862091198035876e+02 -1.6143927501159817e+02
2.1328999999999998e+00 2.0878182525969561e+02 -1.6146362666775914e+02
2.1338966666666668e+00 2.0894276282161732e+02 -1.6148800260650637e+02
2.1348933333333333e+00 2.0910372469033749e+02 -1.6151240285203622e+02
2.1358899999999998e+00 2.0926471089009397e+02 -1.6153682742857990e+02
2.1368866666666668e+00 2.0942572144514887e+02 -1.6156127636041319e+02
2.1378833333333334e+00 2.0958675637978826e+02 -1.6158574967184677e+02
2.1388799999999999e+00 2.0974781571832264e+02 -1.6161024738719041e+02
2.1398766666666664e+00 2.0990889948508672e+02 -1.6163476953072617e+02
2.1408733333333334e+00 2.1007000770443946e+02 -1.6165931612686504e+02
2.1418699999999999e+00 2.1023114040076399e+02 -1.6168388719998890e+02
2.1428666666666665e+00 2.1039229759846791e+02 -1.6170848277445705e+02
2.1438633333333335e+00 2.1055347932198313e+02 -1.6173310287474519e+02
2.1448600000000000e+00 2.1071468559576579e+02 -1.6175774752529213e+02
2.1458566666666665e+00 2.1087591644429659e+02 -1.6178241675059977e+02
2.1468533333333335e+00 2.1103717189208064e+02 -1.6180711057515799e+02
2.1478500000000000e+00 2.1119845196364727e+02 -1.6183182902346275e+02
2.1488466666666666e+00 2.1135975668355047e+02 -1.6185657212012316e+02
2.1498433333333331e+00 2.1152108607636868e+02 -1.6188133988970645e+02
2.1508400000000001e+00 2.1168244016670488e+02 -1.6190613235678063e+02
2.1518366666666666e+00 2.1184381897918641e+02 -1.6193094954601267e+02
2.1528333333333332e+00 2.1200522253846538e+02 -1.6195579148203265e+02
2.1538300000000001e+00 2.1216665086921842e+02 -1.6198065818953029e+02
2.1548266666666667e+00 2.1232810399614664e+02 -1.6200554969321530e+02
2.1558233333333332e+00 2.1248958194397591e+02 -1.6203046601776052e+02
2.1568200000000002e+00 2.1265108473745681e+02 -1.6205540718795547e+02
2.1578166666666667e+00 2.1281261240136436e+02 -1.6208037322859553e+02
2.1588133333333333e+00 2.1297416496049854e+02 -1.6210536416446075e+02
2.1598099999999998e+00 2.1313574243968395e+02 -1.6213038002037499e+02
2.1608066666666668e+00 2.1329734486377004e+02 -1.6215542082114882e+02
2.1618033333333333e+00 2.1345897225763076e+02 -1.6218048659173436e+02
2.1627999999999998e+00 2.1362062464616520e+02 -1.6220557735698972e+02
2.1637966666666668e+00 2.1378230205429713e+02 -1.6223069314180430e+02
2.1647933333333333e+00 2.1394400450697509e+02 -1.6225583397120153e+02
2.1657899999999999e+00 2.1410573202917266e+02 -1.6228099987010415e+02
2.1667866666666664e+00 2.1426748464588823e+02 -1.6230619086350697e+02
2.1677833333333334e+00 2.1442926238214520e+02 -1.6233140697643464e+02
2.1687799999999999e+00 2.1459106526299169e+02 -1.6235664823398176e+02
2.1697766666666665e+00 2.1475289331350109e+02 -1.6238191466119164e+02
2.1707733333333334e+00 2.1491474655877172e+02 -1.6240720628313926e+02
2.1717700000000000e+00 2.1507662502392674e+02 -1.6243252312496216e+02
2.1727666666666665e+00 2.1523852873411454e+02 -1.6245786521181759e+02
2.1737633333333335e+00 2.1540045771450863e+02 -1.6248323256889464e+02
2.1747600000000000e+00 2.1556241199030742e+02 -1.6250862522135930e+02
2.1757566666666666e+00 2.1572439158673461e+02 -1.6253404319444783e+02
2.1767533333333331e+00 2.1588639652903902e+02 -1.6255948651341180e+02
2.1777500000000001e+00 2.1604842684249468e+02 -1.6258495520353250e+02
2.1787466666666666e+00 2.1621048255240063e+02 -1.6261044929009000e+02
2.1797433333333331e+00 2.1637256368408137e+02 -1.6263596879841256e+02
2.1807400000000001e+00 2.1653467026288664e+02 -1.6266151375386048e+02
2.1817366666666667e+00 2.1669680231419122e+02 -1.6268708418181367e+02
2.1827333333333332e+00 2.1685895986339546e+02 -1.6271268010765741e+02
2.1837300000000002e+00 2.1702114293592496e+02 -1.6273830155680906e+02
2.1847266666666667e+00 2.1718335155723054e+02 -1.6276394855476255e+02
2.1857233333333332e+00 2.1734558575278857e+02 -1.6278962112696794e+02
2.1867199999999998e+00 2.1750784554810076e+02 -1.6281531929889067e+02
2.1877166666666668e+00 2.1767013096869431e+02 -1.6284104309608298e+02
2.1887133333333333e+00 2.1783244204012166e+02 -1.6286679254413863e+02
2.1897099999999998e+00 2.1799477878796100e+02 -1.6289256766859972e+02
2.1907066666666668e+00 2.1815714123781595e+02 -1.6291836849506899e+02
2.1917033333333333e+00 2.1831952941531549e+02 -1.6294419504916880e+02
2.1926999999999999e+00 2.1848194334611432e+02 -1.6297004735655506e+02
2.1936966666666669e+00 2.1864438305589280e+02 -1.6299592544295913e+02
2.1946933333333334e+00 2.1880684857035664e+02 -1.6302182933401744e+02
2.1956899999999999e+00 2.1896933991523738e+02 -1.6304775905547939e+02
2.1966866666666665e+00 2.1913185711629220e+02 -1.6307371463312410e+02
2.1976833333333334e+00 2.1929440019930396e+02 -1.6309969609273202e+02
2.1986800000000000e+00 2.1945696919008111e+02 -1.6312570346009664e+02
2.1996766666666665e+00 2.1961956411445794e+02 -1.6315173676104490e+02
2.2006733333333335e+00 2.1978218499829461e+02 -1.6317779602143651e+02
2.2016700000000000e+00 2.1994483186747675e+02 -1.6320388126719305e+02
2.2026666666666666e+00 2.2010750474791612e+02 -1.6322999252422082e+02
2.2036633333333331e+00 2.2027020366555018e+02 -1.6325612981841289e+02
2.2046600000000001e+00 2.2043292864634233e+02 -1.6328229317576370e+02
2.2056566666666666e+00 2.2059567971628167e+02 -1.6330848262225209e+02
2.2066533333333331e+00 2.2075845690138340e+02 -1.6333469818391870e+02
2.2076500000000001e+00 2.2092126022768866e+02 -1.6336093988676609e+02
2.2086466666666666e+00 2.2108408972126438e+02 -1.6338720775687261e+02
2.2096433333333332e+00 2.2124694540820369e+02 -1.6341350182037894e+02
2.2106400000000002e+00 2.2140982731462572e+02 -1.6343982210334440e+02
2.2116366666666667e+00 2.2157273546667543e+02 -1.6346616863190468e+02
2.2126333333333332e+00 2.2173566989052406e+02 -1.6349254143229356e+02
2.2136299999999998e+00 2.2189863061236892e+02 -1.6351894053067528e+02
2.2146266666666667e+00 2.2206161765843348e+02 -1.6354536595325828e+02
2.2156233333333333e+00 2.2222463105496709e+02 -1.6357181772630645e+02
2.2166199999999998e+00 2.2238767082824560e+02 -1.6359829587610278e+02
2.2176166666666668e+00 2.2255073700457100e+02 -1.6362480042894921e+02
2.2186133333333333e+00 2.2271382961027129e+02 -1.6365133141115251e+02
2.2196099999999999e+00 2.2287694867170097e+02 -1.6367788884909527e+02
2.2206066666666668e+00 2.2304009421524077e+02 -1.6370447276912242e+02
2.2216033333333334e+00 2.2320326626729755e+02 -1.6373108319768318e+02
2.2225999999999999e+00 2.2336646485430470e+02 -1.6375772016119669e+02
2.2235966666666664e+00 2.2352969000272191e+02 -1.6378438368609798e+02
2.2245933333333334e+00 2.2369294173903532e+02 -1.6381107379889502e+02
2.2255900000000000e+00 2.2385622008975724e+02 -1.6383779052609421e+02
2.2265866666666665e+00 2.2401952508142671e+02 -1.6386453389424926e+02
2.2275833333333335e+00 2.2418285674060914e+02 -1.6389130392991882e+02
2.2285800000000000e+00 2.2434621509389626e+02 -1.6391810065966641e+02
2.2295766666666665e+00 2.2450960016790651e+02 -1.6394492411013113e+02
2.2305733333333335e+00 2.2467301198928493e+02 -1.6397177430798587e+02
2.2315700000000001e+00 2.2483645058470285e+02 -1.6399865127986533e+02
2.2325666666666666e+00 2.2499991598085845e+02 -1.6402555505247369e+02
2.2335633333333331e+00 2.2516340820447644e+02 -1.6405248565255965e+02
2.2345600000000001e+00 2.2532692728230825e+02 -1.6407944310684525e+02
2.2355566666666666e+00 2.2549047324113178e+02 -1.6410642744209338e+02
2.2365533333333332e+00 2.2565404610775184e+02 -1.6413343868515707e+02
2.2375500000000001e+00 2.2581764590899999e+02 -1.6416047686285185e+02
2.2385466666666667e+00 2.2598127267173430e+02 -1.6418754200202628e+02
2.2395433333333332e+00 2.2614492642283986e+02 -1.6421463412955566e+02
2.2405399999999998e+00 2.2630860718922847e+02 -1.6424175327235966e+02
2.2415366666666667e+00 2.2647231499783885e+02 -1.6426889945740282e+02
2.2425333333333333e+00 2.2663604987563639e+02 -1.6429607271163349e+02
2.2435299999999998e+00 2.2679981184961358e+02 -1.6432327306201853e+02
2.2445266666666668e+00 2.2696360094678977e+02 -1.6435050053560178e+02
2.2455233333333333e+00 2.2712741719421109e+02 -1.6437775515943147e+02
2.2465199999999999e+00 2.2729126061895087e+02 -1.6440503696057419e+02
2.2475166666666668e+00 2.2745513124810941e+02 -1.6443234596614514e+02
2.2485133333333334e+00 2.2761902910881381e+02 -1.6445968220323530e+02
2.2495099999999999e+00 2.2778295422821841e+02 -1.6448704569901909e+02
2.2505066666666664e+00 2.2794690663350463e+02 -1.6451443648071586e+02
2.2515033333333334e+00 2.2811088635188102e+02 -1.6454185457547550e+02
2.2524999999999999e+00 2.2827489341058305e+02 -1.6456930001054573e+02
2.2534966666666665e+00 2.2843892783687355e+02 -1.6459677281322126e+02
2.2544933333333335e+00 2.2860298965804256e+02 -1.6462427301077429e+02
2.2554900000000000e+00 2.2876707890140710e+02 -1.6465180063049530e+02
2.2564866666666665e+00 2.2893119559431165e+02 -1.6467935569975023e+02
2.2574833333333335e+00 2.2909533976412797e+02 -1.6470693824595384e+02
2.2584800000000000e+00 2.2925951143825492e+02 -1.6473454829643950e+02
2.2594766666666666e+00 2.2942371064411881e+02 -1.6476218587863823e+02
2.2604733333333331e+00 2.2958793740917329e+02 -1.6478985102005447e+02
2.2614700000000001e+00 2.2975219176089951e+02 -1.6481754374813769e+02
2.2624666666666666e+00 2.2991647372680569e+02 -1.6484526409037804e+02
2.2634633333333332e+00 2.3008078333442776e+02 -1.6487301207434086e+02
2.2644600000000001e+00 2.3024512061132910e+02 -1.6490078772756951e+02
2.2654566666666667e+00 2.3040948558510036e+02 -1.6492859107766816e+02
2.2664533333333332e+00 2.3057387828335990e+02 -1.6495642215225914e+02
2.2674500000000002e+00 2.3073829873375368e+02 -1.6498428097898565e+02
2.2684466666666667e+00 2.3090274696395497e+02 -1.6501216758549469e+02
2.2694433333333333e+00 2.3106722300166481e+02 -1.6504008199951656e+02
2.2704399999999998e+00 2.3123172687461187e+02 -1.6506802424879808e+02
2.2714366666666668e+00 2.3139625861055248e+02 -1.6509599436103125e+02
2.2724333333333333e+00 2.3156081823727047e+02 -1.6512399236404843e+02
2.2734299999999998e+00 2.3172540578257755e+02 -1.6515201828565719e+02
2.2744266666666668e+00 2.3189002127431320e+02 -1.6518007215368624e+02
2.2754233333333334e+00 2.3205466474034444e+02 -1.6520815399601062e+02
2.2764199999999999e+00 2.3221933620856629e+02 -1.6523626384052343e+02
2.2774166666666669e+00 2.3238403570690159e+02 -1.6526440171513889e+02
2.2784133333333334e+00 2.3254876326330077e+02 -1.6529256764781775e+02
2.2794099999999999e+00 2.3271351890574240e+02 -1.6532076166653260e+02
2.2804066666666665e+00 2.3287830266223287e+02 -1.6534898379930112e+02
2.2814033333333334e+00 2.3304311456080652e+02 -1.6537723407415766e+02
2.2824000000000000e+00 2.3320795462952549e+02 -1.6540551251913416e+02
2.2833966666666665e+00 2.3337282289648007e+02 -1.6543381916233747e+02
2.2843933333333335e+00 2.3353771938978858e+02 -1.6546215403189584e+02
2.2853900000000000e+00 2.3370264413759716e+02 -1.6549051715596960e+02
2.2863866666666666e+00 2.3386759716808027e+02 -1.6551890856270231e+02
2.2873833333333331e+00 2.3403257850944033e+02 -1.6554732828029705e+02
2.2883800000000001e+00 2.3419758818990800e+02 -1.6557577633700217e+02
2.2893766666666666e+00 2.3436262623774186e+02 -1.6560425276107776e+02
2.2903733333333332e+00 2.3452769268122887e+02 -1.6563275758078726e+02
2.2913700000000001e+00 2.3469278754868421e+02 -1.6566129082447304e+02
2.2923666666666667e+00 2.3485791086845109e+02 -1.6568985252046653e+02
2.2933633333333332e+00 2.3502306266890116e+02 -1.6571844269714512e+02
2.2943600000000002e+00 2.3518824297843443e+02 -1.6574706138290827e+02
2.2953566666666667e+00 2.3535345182547894e+02 -1.6577570860613011e+02
2.2963533333333332e+00 2.3551868923849133e+02 -1.6580438439535337e+02
2.2973499999999998e+00 2.3568395524595655e+02 -1.6583308877903784e+02
2.2983466666666668e+00 2.3584924987638803e+02 -1.6586182178567421e+02
2.2993433333333333e+00 2.3601457315832735e+02 -1.6589058344379359e+02
2.3003399999999998e+00 2.3617992512034485e+02 -1.6591937378200151e+02
2.3013366666666668e+00 2.3634530579103932e+02 -1.6594819282889708e+02
2.3023333333333333e+00 2.3651071519903789e+02 -1.6597704061308252e+02
2.3033299999999999e+00 2.3667615337299640e+02 -1.6600591716322043e+02
2.3043266666666669e+00 2.3684162034159925e+02 -1.6603482250796702e+02
2.3053233333333334e+00 2.3700711613355929e+02 -1.6606375667610990e+02
2.3063199999999999e+00 2.3717264077761823e+02 -1.6609271969636279e+02
2.3073166666666665e+00 2.3733819430254627e+02 -1.6612171159744207e+02
2.3083133333333334e+00 2.3750377673714246e+02 -1.6615073240818083e+02
2.3093100000000000e+00 2.3766938811023431e+02 -1.6617978215743815e+02
2.3103066666666665e+00 2.3783502845067829e+02 -1.6620886087403312e+02
2.3113033333333335e+00 2.3800069778735968e+02 -1.6623796858686453e+02
2.3123000000000000e+00 2.3816639614919234e+02 -1.6626710532483415e+02
2.3132966666666666e+00 2.3833212356511910e+02 -1.6629627111688936e+02
2.3142933333333335e+00 2.3849788006411177e+02 -1.6632546599202882e+02
2.3152900000000001e+00 2.3866366567517076e+02 -1.6635468997922558e+02
2.3162866666666666e+00 2.3882948042732562e+02 -1.6638394310749260e+02
2.3172833333333331e+00 2.3899532434963479e+02 -1.6641322540591690e+02
2.3182800000000001e+00 2.3916119747118574e+02 -1.6644253690360281e+02
2.3192766666666667e+00 2.3932709982109478e+02 -1.6647187762960885e+02
2.3202733333333332e+00 2.3949303142850738e+02 -1.6650124761313899e+02
2.3212700000000002e+00 2.3965899232259818e+02 -1.6653064688334879e+02
2.3222666666666667e+00 2.3982498253257063e+02 -1.6656007546941092e+02
2.3232633333333332e+00 2.3999100208765751e+02 -1.6658953340059497e+02
2.3242599999999998e+00 2.4015705101712066e+02 -1.6661902070614477e+02
2.3252566666666667e+00 2.4032312935025126e+02 -1.6664853741536430e+02
2.3262533333333333e+00 2.4048923711636942e+02 -1.6667808355756884e+02
2.3272499999999998e+00 2.4065537434482471e+02 -1.6670765916210470e+02
2.3282466666666668e+00 2.4082154106499596e+02 -1.6673726425835579e+02
2.3292433333333333e+00 2.4098773730629108e+02 -1.6676689887572292e+02
2.3302399999999999e+00 2.4115396309814753e+02 -1.6679656304363795e+02
2.3312366666666668e+00 2.4132021847003213e+02 -1.6682625679158463e+02
2.3322333333333334e+00 2.4148650345144085e+02 -1.6685598014904934e+02
2.3332299999999999e+00 2.4165281807189930e+02 -1.6688573314557229e+02
2.3342266666666664e+00 2.4181916236096248e+02 -1.6691551581069695e+02
2.3352233333333334e+00 2.4198553634821491e+02 -1.6694532817398394e+02
2.3362200000000000e+00 2.4215194006327036e+02 -1.6697517026507646e+02
2.3372166666666665e+00 2.4231837353577239e+02 -1.6700504211360592e+02
2.3382133333333335e+00 2.4248483679539410e+02 -1.6703494374927001e+02
2.3392100000000000e+00 2.4265132987183799e+02 -1.6706487520174048e+02
2.3402066666666665e+00 2.4281785279483637e+02 -1.6709483650076265e+02
2.3412033333333335e+00 2.4298440559415124e+02 -1.6712482767611996e+02
2.3422000000000001e+00 2.4315098829957401e+02 -1.6715484875755536e+02
2.3431966666666666e+00 2.4331760094092601e+02 -1.6718489977490847e+02
2.3441933333333331e+00 2.4348424354805823e+02 -1.6721498075803626e+02
2.3451900000000001e+00 2.4365091615085157e+02 -1.6724509173684183e+02
2.3461866666666666e+00 2.4381761877921645e+02 -1.6727523274122501e+02
2.3471833333333332e+00 2.4398435146309333e+02 -1.6730540380108786e+02
2.3481800000000002e+00 2.4415111423245256e+02 -1.6733560494641353e+02
2.3491766666666667e+00 2.4431790711729411e+02 -1.6736583620725867e+02
2.3501733333333332e+00 2.4448473014764815e+02 -1.6739609761359654e+02
2.3511700000000002e+00 2.4465158335357472e+02 -1.6742638919549597e+02
2.3521666666666667e+00 2.4481846676516369e+02 -1.6745671098305638e+02
2.3531633333333333e+00 2.4498538041253508e+02 -1.6748706300640242e+02
2.3541599999999998e+00 2.4515232432583892e+02 -1.6751744529567623e+02
2.3551566666666668e+00 2.4531929853525537e+02 -1.6754785788105195e+02
2.3561533333333333e+00 2.4548630307099447e+02 -1.6757830079274305e+02
2.3571499999999999e+00 2.4565333796329654e+02 -1.6760877406097936e+02
2.3581466666666668e+00 2.4582040324243215e+02 -1.6763927771607220e+02
2.3591433333333334e+00 2.4598749893870180e+02 -1.6766981178829207e+02
2.3601399999999999e+00 2.4615462508243641e+02 -1.6770037630796313e+02
2.3611366666666664e+00 2.4632178170399709e+02 -1.6773097130545571e+02
2.3621333333333334e+00 2.4648896883377526e+02 -1.6776159681117215e+02
2.3631300000000000e+00 2.4665618650219247e+02 -1.6779225285549705e+02
2.3641266666666665e+00 2.4682343473970079e+02 -1.6782293946893094e+02
2.3651233333333335e+00 2.4699071357678270e+02 -1.6785365668194220e+02
2.3661200000000000e+00 2.4715802304395081e+02 -1.6788440452502945e+02
2.3671166666666665e+00 2.4732536317174842e+02 -1.6791518302873595e+02
2.3681133333333335e+00 2.4749273399074923e+02 -1.6794599222361560e+02
2.3691100000000000e+00 2.4766013553155724e+02 -1.6797683214032392e+02
2.3701066666666666e+00 2.4782756782480720e+02 -1.6800770280948436e+02
2.3711033333333331e+00 2.4799503090116434e+02 -1.6803860426172398e+02
2.3721000000000001e+00 2.4816252479132447e+02 -1.6806953652775880e+02
2.3730966666666666e+00 2.4833004952601388e+02 -1.6810049963834419e+02
2.3740933333333332e+00 2.4849760513598969e+02 -1.6813149362419441e+02
2.3750900000000001e+00 2.4866519165203965e+02 -1.6816251851612006e+02
2.3760866666666667e+00 2.4883280910498206e+02 -1.6819357434491943e+02
2.3770833333333332e+00 2.4900045752566609e+02 -1.6822466114146337e+02
2.3780800000000002e+00 2.4916813694497174e+02 -1.6825577893664823e+02
2.3790766666666667e+00 2.4933584739380956e+02 -1.6828692776134338e+02
2.3800733333333333e+00 2.4950358890312111e+02 -1.6831810764648588e+02
2.3810699999999998e+00 2.4967136150387876e+02 -1.6834931862308764e+02
2.3820666666666668e+00 2.4983916522708586e+02 -1.6838056072215008e+02
2.3830633333333333e+00 2.5000700010377642e+02 -1.6841183397467097e+02
2.3840599999999998e+00 2.5017486616501563e+02 -1.6844313841173502e+02
2.3850566666666668e+00 2.5034276344189965e+02 -1.6847447406445264e+02
2.3860533333333334e+00 2.5051069196555545e+02 -1.6850584096393550e+02
2.3870499999999999e+00 2.5067865176714122e+02 -1.6853723914133965e+02
2.3880466666666669e+00 2.5084664287784625e+02 -1.6856866862786097e+02
2.3890433333333334e+00 2.5101466532889071e+02 -1.6860012945469686e+02
2.3900399999999999e+00 2.5118271915152610e+02 -1.6863162165315481e+02
2.3910366666666665e+00 2.5135080437703505e+02 -1.6866314525447501e+02
2.3920333333333335e+00 2.5151892103673140e+02 -1.6869470028994414e+02
2.3930300000000000e+00 2.5168706916196004e+02 -1.6872628679095916e+02
2.3940266666666665e+00 2.5185524878409731e+02 -1.6875790478888985e+02
2.3950233333333335e+00 2.5202345993455089e+02 -1.6878955431514609e+02
2.3960200000000000e+00 2.5219170264475946e+02 -1.6882123540112488e+02
2.3970166666666666e+00 2.5235997694619337e+02 -1.6885294807831895e+02
2.3980133333333331e+00 2.5252828287035422e+02 -1.6888469237825370e+02
2.3990100000000001e+00 2.5269662044877509e+02 -1.6891646833244403e+02
2.4000066666666666e+00 2.5286498971302035e+02 -1.6894827597244378e+02
2.4010033333333332e+00 2.5303339069468598e+02 -1.6898011532985063e+02
2.4020000000000001e+00 2.5320182342539951e+02 -1.6901198643633131e+02
2.4029966666666667e+00 2.5337028793681981e+02 -1.6904388932351094e+02
2.4039933333333332e+00 2.5353878426063747e+02 -1.6907582402304419e+02
2.4049900000000002e+00 2.5370731242857474e+02 -1.6910779056671194e+02
2.4059866666666667e+00 2.5387587247238528e+02 -1.6913978898628181e+02
2.4069833333333333e+00 2.5404446442385463e+02 -1.6917181931346045e+02
2.4079799999999998e+00 2.5421308831479990e+02 -1.6920388158012943e+02
2.4089766666666668e+00 2.5438174417707009e+02 -1.6923597581813200e+02
2.4099733333333333e+00 2.5455043204254565e+02 -1.6926810205932131e+02
2.4109699999999998e+00 2.5471915194313911e+02 -1.6930026033562277e+02
2.4119666666666668e+00 2.5488790391079476e+02 -1.6933245067895999e+02
2.4129633333333333e+00 2.5505668797748856e+02 -1.6936467312135738e+02
2.4139599999999999e+00 2.5522550417522859e+02 -1.6939692769481147e+02
2.4149566666666669e+00 2.5539435253605484e+02 -1.6942921443133159e+02
2.4159533333333334e+00 2.5556323309203898e+02 -1.6946153336298474e+02
2.4169499999999999e+00 2.5573214587528494e+02 -1.6949388452190519e+02
2.4179466666666665e+00 2.5590109091792857e+02 -1.6952626794025974e+02
2.4189433333333334e+00 2.5607006825213784e+02 -1.6955868365014831e+02
2.4199400000000000e+00 2.5623907791011254e+02 -1.6959113168373781e+02
2.4209366666666665e+00 2.5640811992408482e+02 -1.6962361207338117e+02
2.4219333333333335e+00 2.5657719432631899e+02 -1.6965612485128750e+02
2.4229300000000000e+00 2.5674630114911133e+02 -1.6968867004973754e+02
2.4239266666666666e+00 2.5691544042479046e+02 -1.6972124770104165e+02
2.4249233333333335e+00 2.5708461218571728e+02 -1.6975385783759415e+02
2.4259200000000001e+00 2.5725381646428474e+02 -1.6978650049184708e+02
2.4269166666666666e+00 2.5742305329291838e+02 -1.6981917569611988e+02
2.4279133333333331e+00 2.5759232270407591e+02 -1.6985188348289316e+02
2.4289100000000001e+00 2.5776162473024749e+02 -1.6988462388466607e+02
2.4299066666666667e+00 2.5793095940395546e+02 -1.6991739693400476e+02
2.4309033333333332e+00 2.5810032675775483e+02 -1.6995020266344747e+02
2.4319000000000002e+00 2.5826972682423309e+02 -1.6998304110550265e+02
2.4328966666666667e+00 2.5843915963600995e+02 -1.7001591229287914e+02
2.4338933333333332e+00 2.5860862522573791e+02 -1.7004881625823842e+02
2.4348899999999998e+00 2.5877812362610194e+02 -1.7008175303420364e+02
2.4358866666666668e+00 2.5894765486981970e+02 -1.7011472265347376e+02
2.4368833333333333e+00 2.5911721898964117e+02 -1.7014772514887150e+02
2.4378799999999998e+00 2.5928681601834933e+02 -1.7018076055319159e+02
2.4388766666666668e+00 2.5945644598875981e+02 -1.7021382889919943e+02
2.4398733333333333e+00 2.5962610893372073e+02 -1.7024693021971774e+02
2.4408699999999999e+00 2.5979580488611310e+02 -1.7028006454765520e+02
2.4418666666666669e+00 2.5996553387885086e+02 -1.7031323191597696e+02
2.4428633333333334e+00 2.6013529594488051e+02 -1.7034643235756275e+02
2.4438599999999999e+00 2.6030509111718152e+02 -1.7037966590538767e+02
2.4448566666666665e+00 2.6047491942876627e+02 -1.7041293259253112e+02
2.4458533333333334e+00 2.6064478091268018e+02 -1.7044623245200589e+02
2.4468500000000000e+00 2.6081467560200133e+02 -1.7047956551686289e+02
2.4478466666666665e+00 2.6098460352984097e+02 -1.7051293182021027e+02
2.4488433333333335e+00 2.6115456472934341e+02 -1.7054633139524134e+02
2.4498400000000000e+00 2.6132455923368582e+02 -1.7057976427514970e+02
2.4508366666666666e+00 2.6149458707607863e+02 -1.7061323049304326e+02
2.4518333333333335e+00 2.6166464828976535e+02 -1.7064673008222965e+02
2.4528300000000001e+00 2.6183474290802252e+02 -1.7068026307601639e+02
2.4538266666666666e+00 2.6200487096416003e+02 -1.7071382950766358e+02
2.4548233333333331e+00 2.6217503249152088e+02 -1.7074742941050727e+02
2.4558200000000001e+00 2.6234522752348141e+02 -1.7078106281793109e+02
2.4568166666666666e+00 2.6251545609345112e+02 -1.7081472976341371e+02
2.4578133333333332e+00 2.6268571823487292e+02 -1.7084843028034823e+02
2.4588100000000002e+00 2.6285601398122310e+02 -1.7088216440215629e+02
2.4598066666666667e+00 2.6302634336601108e+02 -1.7091593216240224e+02
2.4608033333333332e+00 2.6319670642277998e+02 -1.7094973359465013e+02
2.4618000000000002e+00 2.6336710318510637e+02 -1.7098356873246431e+02
2.4627966666666667e+00 2.6353753368660006e+02 -1.7101743760940900e+02
2.4637933333333333e+00 2.6370799796090455e+02 -1.7105134025914339e+02
2.4647899999999998e+00 2.6387849604169685e+02 -1.7108527671540273e+02
2.4657866666666668e+00 2.6404902796268766e+02 -1.7111924701185609e+02
2.4667833333333333e+00 2.6421959375762100e+02 -1.7115325118221014e+02
2.4677799999999999e+00 2.6439019346027482e+02 -1.7118728926028555e+02
2.4687766666666668e+00 2.6456082710446077e+02 -1.7122136127993198e+02
2.4697733333333334e+00 2.6473149472402389e+02 -1.7125546727491334e+02
2.4707699999999999e+00 2.6490219635284330e+02 -1.7128960727914532e+02
2.4717666666666664e+00 2.6507293202483180e+02 -1.7132378132656271e+02
2.4727633333333334e+00 2.6524370177393604e+02 -1.7135798945106291e+02
2.4737600000000000e+00 2.6541450563413633e+02 -1.7139223168666626e+02
2.4747566666666665e+00 2.6558534363944705e+02 -1.7142650806736438e+02
2.4757533333333335e+00 2.6575621582391659e+02 -1.7146081862723526e+02
2.4767500000000000e+00 2.6592712222162697e+02 -1.7149516340035632e+02
2.4777466666666665e+00 2.6609806286669448e+02 -1.7152954242080469e+02
2.4787433333333335e+00 2.6626903779326943e+02 -1.7156395572277242e+02
2.4797400000000001e+00 2.6644004703553588e+02 -1.7159840334039419e+02
2.4807366666666666e+00 2.6661109062771226e+02 -1.7163288530792758e+02
2.4817333333333331e+00 2.6678216860405109e+02 -1.7166740165964984e+02
2.4827300000000001e+00 2.6695328099883903e+02 -1.7170195242980051e+02
2.4837266666666666e+00 2.6712442784639677e+02 -1.7173653765271376e+02
2.4847233333333332e+00 2.6729560918107944e+02 -1.7177115736272302e+02
2.4857200000000002e+00 2.6746682503727641e+02 -1.7180581159427729e+02
2.4867166666666667e+00 2.6763807544941113e+02 -1.7184050038176781e+02
2.4877133333333332e+00 2.6780936045194159e+02 -1.7187522375961350e+02
2.4887100000000002e+00 2.6798068007936013e+02 -1.7190998176237750e+02
2.4897066666666667e+00 2.6815203436619328e+02 -1.7194477442453652e+02
2.4907033333333333e+00 2.6832342334700218e+02 -1.7197960178066191e+02
2.4916999999999998e+00 2.6849484705638241e+02 -1.7201446386534442e+02
2.4926966666666668e+00 2.6866630552896413e+02 -1.7204936071322297e+02
2.4936933333333333e+00 2.6883779879941176e+02 -1.7208429235900249e+02
2.4946899999999999e+00 2.6900932690242456e+02 -1.7211925883732991e+02
2.4956866666666668e+00 2.6918088987273637e+02 -1.7215426018291112e+02
2.4966833333333334e+00 2.6935248774511541e+02 -1.7218929643056501e+02
2.4976799999999999e+00 2.6952412055436480e+02 -1.7222436761510966e+02
2.4986766666666669e+00 2.6969578833532245e+02 -1.7225947377136487e+02
2.4996733333333334e+00 2.6986749112286071e+02 -1.7229461493417827e+02
2.5006699999999999e+00 2.7003922895188686e+02 -1.7232979113843464e+02
2.5016666666666665e+00 2.7021100185734304e+02 -1.7236500241915246e+02
2.5026633333333335e+00 2.7038280987420626e+02 -1.7240024881131308e+02
2.5036600000000000e+00 2.7055465303748821e+02 -1.7243553034984964e+02
2.5046566666666665e+00 2.7072653138223563e+02 -1.7247084706980789e+02
2.5056533333333335e+00 2.7089844494353031e+02 -1.7250619900635027e+02
2.5066500000000000e+00 2.7107039375648873e+02 -1.7254158619455234e+02
2.5076466666666666e+00 2.7124237785626264e+02 -1.7257700866955554e+02
2.5086433333333331e+00 2.7141439727803879e+02 -1.7261246646657801e+02
2.5096400000000001e+00 2.7158645205703908e+02 -1.7264795962080072e+02
2.5106366666666666e+00 2.7175854222852024e+02 -1.7268348816747047e+02
2.5116333333333332e+00 2.7193066782777441e+02 -1.7271905214194666e+02
2.5126300000000001e+00 2.7210282889012899e+02 -1.7275465157950589e+02
2.5136266666666667e+00 2.7227502545094632e+02 -1.7279028651553745e+02
2.5146233333333332e+00 2.7244725754562427e+02 -1.7282595698542920e+02
2.5156200000000002e+00 2.7261952520959596e+02 -1.7286166302454345e+02
2.5166166666666667e+00 2.7279182847832965e+02 -1.7289740466846899e+02
2.5176133333333333e+00 2.7296416738732916e+02 -1.7293318195268930e+02
2.5186099999999998e+00 2.7313654197213367e+02 -1.7296899491265063e+02
2.5196066666666668e+00 2.7330895226831785e+02 -1.7300484358396196e+02
2.5206033333333333e+00 2.7348139831149166e+02 -1.7304072800232626e+02
2.5215999999999998e+00 2.7365388013730080e+02 -1.7307664820333090e+02
2.5225966666666668e+00 2.7382639778142641e+02 -1.7311260422256638e+02
2.5235933333333334e+00 2.7399895127958507e+02 -1.7314859609587816e+02
2.5245899999999999e+00 2.7417154066752920e+02 -1.7318462385896771e+02
2.5255866666666669e+00 2.7434416598104690e+02 -1.7322068754762526e+02
2.5265833333333334e+00 2.7451682725596163e+02 -1.7325678719769621e+02
2.5275799999999999e+00 2.7468952452813289e+02 -1.7329292284497760e+02
2.5285766666666665e+00 2.7486225783345577e+02 -1.7332909452540045e+02
2.5295733333333335e+00 2.7503502720786133e+02 -1.7336530227494464e+02
2.5305700000000000e+00 2.7520783268731617e+02 -1.7340154612951275e+02
2.5315666666666665e+00 2.7538067430782303e+02 -1.7343782612511964e+02
2.5325633333333335e+00 2.7555355210542052e+02 -1.7347414229781231e+02
2.5335600000000000e+00 2.7572646611618296e+02 -1.7351049468366449e+02
2.5345566666666666e+00 2.7589941637622081e+02 -1.7354688331880499e+02
2.5355533333333335e+00 2.7607240292168069e+02 -1.7358330823933798e+02
2.5365500000000001e+00 2.7624542578874485e+02 -1.7361976948147966e+02
2.5375466666666666e+00 2.7641848501363199e+02 -1.7365626708142611e+02
2.5385433333333332e+00 2.7659158063259684e+02 -1.7369280107547905e+02
2.5395400000000001e+00 2.7676471268193029e+02 -1.7372937149987524e+02
2.5405366666666667e+00 2.7693788119795920e+02 -1.7376597839094489e+02
2.5415333333333332e+00 2.7711108621704693e+02 -1.7380262178510193e+02
2.5425300000000002e+00 2.7728432777559306e+02 -1.7383930171867883e+02
2.5435266666666667e+00 2.7745760591003318e+02 -1.7387601822814838e+02
2.5445233333333332e+00 2.7763092065683963e+02 -1.7391277135002025e+02
2.5455199999999998e+00 2.7780427205252090e+02 -1.7394956112073885e+02
2.5465166666666668e+00 2.7797766013362190e+02 -1.7398638757685450e+02
2.5475133333333333e+00 2.7815108493672392e+02 -1.7402325075498280e+02
2.5485099999999998e+00 2.7832454649844482e+02 -1.7406015069170857e+02
2.5495066666666668e+00 2.7849804485543905e+02 -1.7409708742370651e+02
2.5505033333333333e+00 2.7867158004439739e+02 -1.7413406098770625e+02
2.5514999999999999e+00 2.7884515210204734e+02 -1.7417107142032103e+02
2.5524966666666669e+00 2.7901876106515311e+02 -1.7420811875839672e+02
2.5534933333333334e+00 2.7919240697051532e+02 -1.7424520303877713e+02
2.5544899999999999e+00 2.7936608985497156e+02 -1.7428232429819968e+02
2.5554866666666665e+00 2.7953980975539599e+02 -1.7431948257359363e+02
2.5564833333333334e+00 2.7971356670869966e+02 -1.7435667790188018e+02
2.5574800000000000e+00 2.7988736075183016e+02 -1.7439391031996010e+02
2.5584766666666665e+00 2.8006119192177226e+02 -1.7443117986487411e+02
2.5594733333333335e+00 2.8023506025554752e+02 -1.7446848657361110e+02
2.5604700000000000e+00 2.8040896579021415e+02 -1.7450583048318569e+02
2.5614666666666666e+00 2.8058290856286760e+02 -1.7454321163080971e+02
2.5624633333333335e+00 2.8075688861064037e+02 -1.7458063005352906e+02
2.5634600000000001e+00 2.8093090597070164e+02 -1.7461808578850099e+02
2.5644566666666666e+00 2.8110496068025793e+02 -1.7465557887297624e+02
2.5654533333333331e+00 2.8127905277655282e+02 -1.7469310934419767e+02
2.5664500000000001e+00 2.8145318229686706e+02 -1.7473067723942890e+02
2.5674466666666667e+00 2.8162734927851835e+02 -1.7476828259596985e+02
2.5684433333333332e+00 2.8180155375886187e+02 -1.7480592545126041e+02
2.5694400000000002e+00 2.8197579577529001e+02 -1.7484360584257468e+02
2.5704366666666667e+00 2.8215007536523223e+02 -1.7488132380738355e+02
2.5714333333333332e+00 2.8232439256615550e+02 -1.7491907938321251e+02
2.5724300000000002e+00 2.8249874741556425e+02 -1.7495687260750665e+02
2.5734266666666668e+00 2.8267313995100000e+02 -1.7499470351779422e+02
2.5744233333333333e+00 2.8284757021004197e+02 -1.7503257215175333e+02
2.5754199999999998e+00 2.8302203823030675e+02 -1.7507047854688361e+02
2.5764166666666668e+00 2.8319654404944851e+02 -1.7510842274084800e+02
2.5774133333333333e+00 2.8337108770515874e+02 -1.7514640477143138e+02
2.5784099999999999e+00 2.8354566923516683e+02 -1.7518442467624419e+02
2.5794066666666668e+00 2.8372028867723964e+02 -1.7522248249321686e+02
2.5804033333333334e+00 2.8389494606918163e+02 -1.7526057825999146e+02
2.5813999999999999e+00 2.8406964144883500e+02 -1.7529871201441719e+02
2.5823966666666665e+00 2.8424437485407975e+02 -1.7533688379453548e+02
2.5833933333333334e+00 2.8441914632283374e+02 -1.7537509363809500e+02
2.5843900000000000e+00 2.8459395589305228e+02 -1.7541334158308004e+02
2.5853866666666665e+00 2.8476880360272884e+02 -1.7545162766761447e+02
2.5863833333333335e+00 2.8494368948989484e+02 -1.7548995192960012e+02
2.5873800000000000e+00 2.8511861359261928e+02 -1.7552831440707845e+02
2.5883766666666665e+00 2.8529357594900938e+02 -1.7556671513825856e+02
2.5893733333333335e+00 2.8546857659721036e+02 -1.7560515416127078e+02
2.5903700000000001e+00 2.8564361557540531e+02 -1.7564363151421341e+02
2.5913666666666666e+00 2.8581869292181551e+02 -1.7568214723539168e+02
2.5923633333333331e+00 2.8599380867470040e+02 -1.7572070136307519e+02
2.5933600000000001e+00 2.8616896287235755e+02 -1.7575929393549760e+02
2.5943566666666666e+00 2.8634415555312256e+02 -1.7579792499101396e+02
2.5953533333333332e+00 2.8651938675536945e+02 -1.7583659456800439e+02
2.5963500000000002e+00 2.8669465651751051e+02 -1.7587530270488449e+02
2.5973466666666667e+00 2.8686996487799604e+02 -1.7591404944009474e+02
2.5983433333333332e+00 2.8704531187531506e+02 -1.7595283481218632e+02
2.5993400000000002e+00 2.8722069754799486e+02 -1.7599165885957493e+02
2.6003366666666667e+00 2.8739612193460096e+02 -1.7603052162092919e+02
2.6013333333333333e+00 2.8757158507373754e+02 -1.7606942313481093e+02
2.6023299999999998e+00 2.8774708700404716e+02 -1.7610836343971769e+02
2.6033266666666668e+00 2.8792262776421103e+02 -1.7614734257465338e+02
2.6043233333333333e+00 2.8809820739294878e+02 -1.7618636057811565e+02
2.6053199999999999e+00 2.8827382592901876e+02 -1.7622541748882651e+02
2.6063166666666668e+00 2.8844948341121801e+02 -1.7626451334574361e+02
2.6073133333333334e+00 2.8862517987838208e+02 -1.7630364818756416e+02
2.6083099999999999e+00 2.8880091536938539e+02 -1.7634282205326679e+02
2.6093066666666669e+00 2.8897668992314118e+02 -1.7638203498166664e+02
2.6103033333333334e+00 2.8915250357860123e+02 -1.7642128701177461e+02
2.6113000000000000e+00 2.8932835637475642e+02 -1.7646057818260860e+02
2.6122966666666665e+00 2.8950424835063643e+02 -1.7649990853315094e+02
2.6132933333333335e+00 2.8968017954530990e+02 -1.7653927810246279e+02
2.6142900000000000e+00 2.8985614999788419e+02 -1.7657868692964055e+02
2.6152866666666665e+00 2.9003215974750600e+02 -1.7661813505394784e+02
2.6162833333333335e+00 2.9020820883336097e+02 -1.7665762251442811e+02
2.6172800000000001e+00 2.9038429729467356e+02 -1.7669714935032044e+02
2.6182766666666666e+00 2.9056042517070762e+02 -1.7673671560098472e+02
2.6192733333333331e+00 2.9073659250076605e+02 -1.7677632130566008e+02
2.6202700000000001e+00 2.9091279932419110e+02 -1.7681596650369278e+02
2.6212666666666666e+00 2.9108904568036394e+02 -1.7685565123446449e+02
2.6222633333333332e+00 2.9126533160870525e+02 -1.7689537553740979e+02
2.6232600000000001e+00 2.9144165714867501e+02 -1.7693513945197148e+02
2.6242566666666667e+00 2.9161802233977238e+02 -1.7697494301767384e+02
2.6252533333333332e+00 2.9179442722153601e+02 -1.7701478627397978e+02
2.6262500000000002e+00 2.9197087183354409e+02 -1.7705466926050329e+02
2.6272466666666667e+00 2.9214735621541405e+02 -1.7709459201702532e+02
2.6282433333333333e+00 2.9232388040680303e+02 -1.7713455458296272e+02
2.6292399999999998e+00 2.9250044444740757e+02 -1.7717455699806774e+02
2.6302366666666668e+00 2.9267704837696391e+02 -1.7721459930220021e+02
2.6312333333333333e+00 2.9285369223524776e+02 -1.7725468153499850e+02
2.6322299999999998e+00 2.9303037606207465e+02 -1.7729480373638162e+02
2.6332266666666668e+00 2.9320709989729983e+02 -1.7733496594613490e+02
2.6342233333333334e+00 2.9338386378081799e+02 -1.7737516820412472e+02
2.6352199999999999e+00 2.9356066775256397e+02 -1.7741541055041273e+02
2.6362166666666669e+00 2.9373751185251240e+02 -1.7745569302486979e+02
2.6372133333333334e+00 2.9391439612067740e+02 -1.7749601566753338e+02
2.6382099999999999e+00 2.9409132059711339e+02 -1.7753637851847614e+02
2.6392066666666665e+00 2.9426828532191462e+02 -1.7757678161776408e+02
2.6402033333333335e+00 2.9444529033521530e+02 -1.7761722500557082e+02
2.6412000000000000e+00 2.9462233567718954e+02 -1.7765770872199096e+02
2.6421966666666665e+00 2.9479942138805166e+02 -1.7769823280734249e+02
2.6431933333333335e+00 2.9497654750805611e+02 -1.7773879730181037e+02
2.6441900000000000e+00 2.9515371407749728e+02 -1.7777940224568849e+02
2.6451866666666666e+00 2.9533092113670995e+02 -1.7782004767938068e+02
2.6461833333333336e+00 2.9550816872606907e+02 -1.7786073364318563e+02
2.6471800000000001e+00 2.9568545688598971e+02 -1.7790146017754026e+02
2.6481766666666666e+00 2.9586278565692743e+02 -1.7794222732297308e+02
2.6491733333333332e+00 2.9604015507937805e+02 -1.7798303511980689e+02
2.6501700000000001e+00 2.9621756519387782e+02 -1.7802388360867167e+02
2.6511666666666667e+00 2.9639501604100320e+02 -1.7806477283031793e+02
2.6521633333333332e+00 2.9657250766137145e+02 -1.7810570282503508e+02
2.6531600000000002e+00 2.9675004009564009e+02 -1.7814667363372078e+02
2.6541566666666667e+00 2.9692761338450725e+02 -1.7818768529704028e+02
2.6551533333333333e+00 2.9710522756871160e+02 -1.7822873785557880e+02
2.6561499999999998e+00 2.9728288268903248e+02 -1.7826983135028661e+02
2.6571466666666668e+00 2.9746057878629000e+02 -1.7831096582193643e+02
2.6581433333333333e+00 2.9763831590134475e+02 -1.7835214131136428e+02
2.6591399999999998e+00 2.9781609407509819e+02 -1.7839335785948651e+02
2.6601366666666668e+00 2.9799391334849264e+02 -1.7843461550723003e+02
2.6611333333333334e+00 2.9817177376251101e+02 -1.7847591429557326e+02
2.6621299999999999e+00 2.9834967535817731e+02 -1.7851725426563218e+02
2.6631266666666669e+00 2.9852761817655647e+02 -1.7855863545836212e+02
2.6641233333333334e+00 2.9870560225875408e+02 -1.7860005791485568e+02
2.6651199999999999e+00 2.9888362764591699e+02 -1.7864152167635410e+02
2.6661166666666665e+00 2.9906169437923307e+02 -1.7868302678403560e+02
2.6671133333333334e+00 2.9923980249993122e+02 -1.7872457327904391e+02
2.6681100000000000e+00 2.9941795204928127e+02 -1.7876616120267121e+02
2.6691066666666665e+00 2.9959614306859442e+02 -1.7880779059634710e+02
2.6701033333333335e+00 2.9977437559922311e+02 -1.7884946150125512e+02
2.6711000000000000e+00 2.9995264968256072e+02 -1.7889117395885862e+02
2.6720966666666666e+00 3.0013096536004218e+02 -1.7893292801067255e+02
2.6730933333333335e+00 3.0030932267314375e+02 -1.7897472369802318e+02
2.6740900000000001e+00 3.0048772166338273e+02 -1.7901656106251650e+02
2.6750866666666666e+00 3.0066616237231818e+02 -1.7905844014576425e+02
2.6760833333333331e+00 3.0084464484155041e+02 -1.7910036098922978e+02
2.6770800000000001e+00 3.0102316911272135e+02 -1.7914232363462725e+02
2.6780766666666667e+00 3.0120173522751423e+02 -1.7918432812376236e+02
2.6790733333333332e+00 3.0138034322765412e+02 -1.7922637449809281e+02
2.6800700000000002e+00 3.0155899315490751e+02 -1.7926846279957235e+02
2.6810666666666667e+00 3.0173768505108251e+02 -1.7931059307003514e+02
2.6820633333333332e+00 3.0191641895802900e+02 -1.7935276535110989e+02
2.6830600000000002e+00 3.0209519491763871e+02 -1.7939497968497864e+02
2.6840566666666668e+00 3.0227401297184491e+02 -1.7943723611344697e+02
2.6850533333333333e+00 3.0245287316262278e+02 -1.7947953467835455e+02
2.6860499999999998e+00 3.0263177553198938e+02 -1.7952187542193471e+02
2.6870466666666668e+00 3.0281072012200377e+02 -1.7956425838615860e+02
2.6880433333333333e+00 3.0298970697476670e+02 -1.7960668361308831e+02
2.6890399999999999e+00 3.0316873613242109e+02 -1.7964915114495130e+02
2.6900366666666669e+00 3.0334780763715190e+02 -1.7969166102384438e+02
2.6910333333333334e+00 3.0352692153118596e+02 -1.7973421329202921e+02
2.6920299999999999e+00 3.0370607785679238e+02 -1.7977680799181860e+02
2.6930266666666669e+00 3.0388527665628249e+02 -1.7981944516545212e+02
2.6940233333333334e+00 3.0406451797200947e+02 -1.7986212485530555e+02
2.6950200000000000e+00 3.0424380184636908e+02 -1.7990484710378877e+02
2.6960166666666665e+00 3.0442312832179920e+02 -1.7994761195339169e+02
2.6970133333333335e+00 3.0460249744078021e+02 -1.7999041944651341e+02
2.6980100000000000e+00 3.0478190924583447e+02 -1.8003326962564392e+02
2.6990066666666666e+00 3.0496136377952706e+02 -1.8007616253349502e+02
2.7000033333333335e+00 3.0514086108446554e+02 -1.8011909821253448e+02
2.7010000000000001e+00 3.0532040120329964e+02 -1.8016207670542326e+02
2.7019966666666666e+00 3.0549998417872189e+02 -1.8020509805502746e+02
2.7029933333333331e+00 3.0567961005346734e+02 -1.8024816230383706e+02
2.7039900000000001e+00 3.0585927887031369e+02 -1.8029126949473587e+02
2.7049866666666667e+00 3.0603899067208107e+02 -1.8033441967061324e+02
2.7059833333333332e+00 3.0621874550163250e+02 -1.8037761287415228e+02
2.7069800000000002e+00 3.0639854340187384e+02 -1.8042084914853373e+02
2.7079766666666667e+00 3.0657838441575353e+02 -1.8046412853650443e+02
2.7089733333333332e+00 3.0675826858626289e+02 -1.8050745108100384e+02
2.7099700000000002e+00 3.0693819595643623e+02 -1.8055081682521305e+02
2.7109666666666667e+00 3.0711816656935048e+02 -1.8059422581216376e+02
2.7119633333333333e+00 3.0729818046812585e+02 -1.8063767808497849e+02
2.7129599999999998e+00 3.0747823769592543e+02 -1.8068117368680296e+02
2.7139566666666668e+00 3.0765833829595539e+02 -1.8072471266083517e+02
2.7149533333333333e+00 3.0783848231146476e+02 -1.8076829505033493e+02
2.7159499999999999e+00 3.0801866978574600e+02 -1.8081192089866951e+02
2.7169466666666668e+00 3.0819890076213466e+02 -1.8085559024904865e+02
2.7179433333333334e+00 3.0837917528400925e+02 -1.8089930314487469e+02
2.7189399999999999e+00 3.0855949339479190e+02 -1.8094305962968602e+02
2.7199366666666669e+00 3.0873985513794793e+02 -1.8098685974680643e+02
2.7209333333333334e+00 3.0892026055698574e+02 -1.8103070353978092e+02
2.7219300000000000e+00 3.0910070969545740e+02 -1.8107459105224515e+02
2.7229266666666665e+00 3.0928120259695839e+02 -1.8111852232771565e+02
2.7239233333333335e+00 3.0946173930512765e+02 -1.8116249740981826e+02
2.7249200000000000e+00 3.0964231986364740e+02 -1.8120651634226900e+02
2.7259166666666665e+00 3.0982294431624376e+02 -1.8125057916883421e+02
2.7269133333333335e+00 3.1000361270668634e+02 -1.8129468593318006e+02
2.7279100000000001e+00 3.1018432507878816e+02 -1.8133883667925085e+02
2.7289066666666666e+00 3.1036508147640626e+02 -1.8138303145078427e+02
2.7299033333333336e+00 3.1054588194344132e+02 -1.8142727029164610e+02
2.7309000000000001e+00 3.1072672652383756e+02 -1.8147155324603736e+02
2.7318966666666666e+00 3.1090761526158337e+02 -1.8151588035767907e+02
2.7328933333333332e+00 3.1108854820071082e+02 -1.8156025167065795e+02
2.7338900000000002e+00 3.1126952538529594e+02 -1.8160466722914191e+02
2.7348866666666667e+00 3.1145054685945854e+02 -1.8164912707716073e+02
2.7358833333333332e+00 3.1163161266736267e+02 -1.8169363125893668e+02
2.7368800000000002e+00 3.1181272285321637e+02 -1.8173817981864951e+02
2.7378766666666667e+00 3.1199387746127161e+02 -1.8178277280055730e+02
2.7388733333333333e+00 3.1217507653582459e+02 -1.8182741024895103e+02
2.7398699999999998e+00 3.1235632012121573e+02 -1.8187209220823135e+02
2.7408666666666668e+00 3.1253760826182969e+02 -1.8191681872268029e+02
2.7418633333333333e+00 3.1271894100209511e+02 -1.8196158983672689e+02
2.7428599999999999e+00 3.1290031838648520e+02 -1.8200640559496384e+02
2.7438566666666668e+00 3.1308174045951756e+02 -1.8205126604182789e+02
2.7448533333333334e+00 3.1326320726575392e+02 -1.8209617122183366e+02
2.7458499999999999e+00 3.1344471884980067e+02 -1.8214112117968770e+02
2.7468466666666669e+00 3.1362627525630870e+02 -1.8218611596002657e+02
2.7478433333333334e+00 3.1380787652997316e+02 -1.8223115560745032e+02
2.7488400000000000e+00 3.1398952271553395e+02 -1.8227624016679175e+02
2.7498366666666665e+00 3.1417121385777568e+02 -1.8232136968285062e+02
2.7508333333333335e+00 3.1435295000152752e+02 -1.8236654420033696e+02
2.7518300000000000e+00 3.1453473119166318e+02 -1.8241176376427862e+02
2.7528266666666665e+00 3.1471655747310137e+02 -1.8245702841943924e+02
2.7538233333333335e+00 3.1489842889080552e+02 -1.8250233821082600e+02
2.7548200000000000e+00 3.1508034548978372e+02 -1.8254769318363799e+02
2.7558166666666666e+00 3.1526230731508923e+02 -1.8259309338263859e+02
2.7568133333333336e+00 3.1544431441182013e+02 -1.8263853885312034e+02
2.7578100000000001e+00 3.1562636682511925e+02 -1.8268402964016838e+02
2.7588066666666666e+00 3.1580846460017472e+02 -1.8272956578887170e+02
2.7598033333333332e+00 3.1599060778221957e+02 -1.8277514734462898e+02
2.7608000000000001e+00 3.1617279641653209e+02 -1.8282077435263531e+02
2.7617966666666667e+00 3.1635503054843548e+02 -1.8286644685823214e+02
2.7627933333333332e+00 3.1653731022329839e+02 -1.8291216490681020e+02
2.7637900000000002e+00 3.1671963548653463e+02 -1.8295792854371916e+02
2.7647866666666667e+00 3.1690200638360307e+02 -1.8300373781441479e+02
2.7657833333333333e+00 3.1708442296000823e+02 -1.8304959276451567e+02
2.7667800000000002e+00 3.1726688526129993e+02 -1.8309549343948581e+02
2.7677766666666668e+00 3.1744939333307320e+02 -1.8314143988486637e+02
2.7687733333333333e+00 3.1763194722096875e+02 -1.8318743214640227e+02
2.7697699999999998e+00 3.1781454697067278e+02 -1.8323347026977734e+02
2.7707666666666668e+00 3.1799719262791712e+02 -1.8327955430064301e+02
2.7717633333333334e+00 3.1817988423847885e+02 -1.8332568428479715e+02
2.7727599999999999e+00 3.1836262184818105e+02 -1.8337186026814328e+02
2.7737566666666669e+00 3.1854540550289249e+02 -1.8341808229645937e+02
2.7747533333333334e+00 3.1872823524852737e+02 -1.8346435041568577e+02
2.7757499999999999e+00 3.1891111113104597e+02 -1.8351066467185251e+02
2.7767466666666665e+00 3.1909403319645429e+02 -1.8355702511078590e+02
2.7777433333333335e+00 3.1927700149080425e+02 -1.8360343177867932e+02
2.7787400000000000e+00 3.1946001606019360e+02 -1.8364988472175850e+02
2.7797366666666665e+00 3.1964307695076621e+02 -1.8369638398584118e+02
2.7807333333333335e+00 3.1982618420871188e+02 -1.8374292961733275e+02
2.7817300000000000e+00 3.2000933788026629e+02 -1.8378952166248754e+02
2.7827266666666666e+00 3.2019253801171146e+02 -1.8383616016737972e+02
2.7837233333333335e+00 3.2037578464937559e+02 -1.8388284517855749e+02
2.7847200000000001e+00 3.2055907783963283e+02 -1.8392957674238906e+02
2.7857166666666666e+00 3.2074241762890387e+02 -1.8397635490524644e+02
2.7867133333333332e+00 3.2092580406365556e+02 -1.8402317971355473e+02
2.7877100000000001e+00 3.2110923719040107e+02 -1.8407005121376420e+02
2.7887066666666667e+00 3.2129271705569977e+02 -1.8411696945252825e+02
2.7897033333333332e+00 3.2147624370615767e+02 -1.8416393447643443e+02
2.7907000000000002e+00 3.2165981718842738e+02 -1.8421094633223058e+02
2.7916966666666667e+00 3.2184343754920775e+02 -1.8425800506654164e+02
2.7926933333333332e+00 3.2202710483524436e+02 -1.8430511072604045e+02
2.7936900000000002e+00 3.2221081909332941e+02 -1.8435226335756064e+02
2.7946866666666668e+00 3.2239458037030153e+02 -1.8439946300795521e+02
2.7956833333333333e+00 3.2257838871304637e+02 -1.8444670972422327e+02
2.7966799999999998e+00 3.2276224416849618e+02 -1.8449400355307523e+02
2.7976766666666668e+00 3.2294614678363007e+02 -1.8454134454161729e+02
2.7986733333333333e+00 3.2313009660547385e+02 -1.8458873273693081e+02
2.7996699999999999e+00 3.2331409368110042e+02 -1.8463616818597345e+02
2.8006666666666669e+00 3.2349813805762960e+02 -1.8468365093597833e+02
2.8016633333333334e+00 3.2368222978222792e+02 -1.8473118103396968e+02
2.8026599999999999e+00 3.2386636890210917e+02 -1.8477875852716176e+02
2.8036566666666669e+00 3.2405055546453434e+02 -1.8482638346298734e+02
2.8046533333333334e+00 3.2423478951681125e+02 -1.8487405588867020e+02
2.8056500000000000e+00 3.2441907110629506e+02 -1.8492177585152288e+02
2.8066466666666665e+00 3.2460340028038826e+02 -1.8496954339908274e+02
2.8076433333333335e+00 3.2478777708654053e+02 -1.8501735857859899e+02
2.8086400000000000e+00 3.2497220157224859e+02 -1.8506522143758039e+02
2.8096366666666666e+00 3.2515667378505680e+02 -1.8511313202369757e+02
2.8106333333333335e+00 3.2534119377255695e+02 -1.8516109038452592e+02
2.8116300000000001e+00 3.2552576158238816e+02 -1.8520909656780259e+02
2.8126266666666666e+00 3.2571037726223722e+02 -1.8525715062098251e+02
2.8136233333333331e+00 3.2589504085983828e+02 -1.8530525259188829e+02
2.8146200000000001e+00 3.2607975242297323e+02 -1.8535340252833947e+02
2.8156166666666667e+00 3.2626451199947138e+02 -1.8540160047807314e+02
2.8166133333333332e+00 3.2644931963721001e+02 -1.8544984648913015e+02
2.8176100000000002e+00 3.2663417538411414e+02 -1.8549814060934312e+02
2.8186066666666667e+00 3.2681907928815627e+02 -1.8554648288664859e+02
2.8196033333333332e+00 3.2700403139735704e+02 -1.8559487336917292e+02
2.8206000000000002e+00 3.2718903175978500e+02 -1.8564331210486282e+02
2.8215966666666668e+00 3.2737408042355628e+02 -1.8569179914185449e+02
2.8225933333333333e+00 3.2755917743683528e+02 -1.8574033452842971e+02
2.8235899999999998e+00 3.2774432284783438e+02 -1.8578891831263911e+02
2.8245866666666668e+00 3.2792951670481409e+02 -1.8583755054281593e+02
2.8255833333333333e+00 3.2811475905608279e+02 -1.8588623126735303e+02
2.8265799999999999e+00 3.2830004994999734e+02 -1.8593496053451909e+02
2.8275766666666668e+00 3.2848538943496283e+02 -1.8598373839274586e+02
2.8285733333333334e+00 3.2867077755943222e+02 -1.8603256489039771e+02
2.8295699999999999e+00 3.2885621437190713e+02 -1.8608144007599992e+02
2.8305666666666669e+00 3.2904169992093750e+02 -1.8613036399821232e+02
2.8315633333333334e+00 3.2922723425512157e+02 -1.8617933670559898e+02
2.8325600000000000e+00 3.2941281742310616e+02 -1.8622835824678364e+02
2.8335566666666665e+00 3.2959844947358658e+02 -1.8627742867052979e+02
2.8345533333333335e+00 3.2978413045530675e+02 -1.8632654802539912e+02
2.8355500000000000e+00 3.2996986041705890e+02 -1.8637571636021210e+02
2.8365466666666665e+00 3.3015563940768413e+02 -1.8642493372397877e+02
2.8375433333333335e+00 3.3034146747607247e+02 -1.8647420016550160e+02
2.8385400000000001e+00 3.3052734467116227e+02 -1.8652351573380102e+02
2.8395366666666666e+00 3.3071327104194097e+02 -1.8657288047774426e+02
2.8405333333333336e+00 3.3089924663744483e+02 -1.8662229444630503e+02
2.8415300000000001e+00 3.3108527150675877e+02 -1.8667175768870331e+02
2.8425266666666666e+00 3.3127134569901688e+02 -1.8672127025404743e+02
2.8435233333333332e+00 3.3145746926340223e+02 -1.8677083219155716e+02
2.8445200000000002e+00 3.3164364224914704e+02 -1.8682044355039318e+02
2.8455166666666667e+00 3.3182986470553226e+02 -1.8687010437983236e+02
2.8465133333333332e+00 3.3201613668188827e+02 -1.8691981472931201e+02
2.8475100000000002e+00 3.3220245822759472e+02 -1.8696957464806292e+02
2.8485066666666667e+00 3.3238882939208014e+02 -1.8701938418564706e+02
2.8495033333333333e+00 3.3257525022482270e+02 -1.8706924339145792e+02
2.8504999999999998e+00 3.3276172077534966e+02 -1.8711915231488629e+02
2.8514966666666668e+00 3.3294824109323787e+02 -1.8716911100580597e+02
2.8524933333333333e+00 3.3313481122811345e+02 -1.8721911951377902e+02
2.8534899999999999e+00 3.3332143122965221e+02 -1.8726917788841348e+02
2.8544866666666668e+00 3.3350810114757940e+02 -1.8731928617936819e+02
2.8554833333333334e+00 3.3369482103166956e+02 -1.8736944443637637e+02
2.8564799999999999e+00 3.3388159093174716e+02 -1.8741965270938826e+02
2.8574766666666669e+00 3.3406841089768648e+02 -1.8746991104831923e+02
2.8584733333333334e+00 3.3425528097941122e+02 -1.8752021950304524e+02
2.8594700000000000e+00 3.3444220122689512e+02 -1.8757057812358667e+02
2.8604666666666665e+00 3.3462917169016168e+02 -1.8762098695984778e+02
2.8614633333333335e+00 3.3481619241928422e+02 -1.8767144606184502e+02
2.8624600000000000e+00 3.3500326346438584e+02 -1.8772195547988193e+02
2.8634566666666665e+00 3.3519038487563989e+02 -1.8777251526405115e+02
2.8644533333333335e+00 3.3537755670326976e+02 -1.8782312546466756e+02
2.8654500000000001e+00 3.3556477899754867e+02 -1.8787378613189225e+02
2.8664466666666666e+00 3.3575205180880022e+02 -1.8792449731604566e+02
2.8674433333333336e+00 3.3593937518739813e+02 -1.8797525906755709e+02
2.8684400000000001e+00 3.3612674918376609e+02 -1.8802607143681556e+02
2.8694366666666666e+00 3.3631417384837846e+02 -1.8807693447432609e+02
2.8704333333333332e+00 3.3650164923175970e+02 -1.8812784823059178e+02
2.8714300000000001e+00 3.3668917538448483e+02 -1.8817881275619962e+02
2.8724266666666667e+00 3.3687675235717899e+02 -1.8822982810173841e+02
2.8734233333333332e+00 3.3706438020051809e+02 -1.8828089431795627e+02
2.8744200000000002e+00 3.3725205896522863e+02 -1.8833201145553917e+02
2.8754166666666667e+00 3.3743978870208730e+02 -1.8838317956527541e+02
2.8764133333333333e+00 3.3762756946192178e+02 -1.8843439869791320e+02
2.8774100000000002e+00 3.3781540129561034e+02 -1.8848566890439503e+02
2.8784066666666668e+00 3.3800328425408179e+02 -1.8853699023570911e+02
2.8794033333333333e+00 3.3819121838831603e+02 -1.8858836274273079e+02
2.8803999999999998e+00 3.3837920374934367e+02 -1.8863978647667614e+02
2.8813966666666668e+00 3.3856724038824632e+02 -1.8869126148841761e+02
2.8823933333333334e+00 3.3875532835615616e+02 -1.8874278782900015e+02
2.8833899999999999e+00 3.3894346770425659e+02 -1.8879436554982746e+02
2.8843866666666669e+00 3.3913165848378225e+02 -1.8884599470215613e+02
2.8853833333333334e+00 3.3931990074601850e+02 -1.8889767533720246e+02
2.8863799999999999e+00 3.3950819454230214e+02 -1.8894940750629783e+02
2.8873766666666665e+00 3.3969653992402107e+02 -1.8900119126080099e+02
2.8883733333333335e+00 3.3988493694261439e+02 -1.8905302665206929e+02
2.8893700000000000e+00 3.4007338564957229e+02 -1.8910491373171803e+02
2.8903666666666665e+00 3.4026188609643663e+02 -1.8915685255129316e+02
2.8913633333333335e+00 3.4045043833480071e+02 -1.8920884316245096e+02
2.8923600000000000e+00 3.4063904241630894e+02 -1.8926088561669263e+02
2.8933566666666666e+00 3.4082769839265751e+02 -1.8931297996573520e+02
2.8943533333333336e+00 3.4101640631559405e+02 -1.8936512626137753e+02
2.8953500000000001e+00 3.4120516623691771e+02 -1.8941732455532048e+02
2.8963466666666666e+00 3.4139397820847938e+02 -1.8946957489963683e+02
2.8973433333333332e+00 3.4158284228218173e+02 -1.8952187734597047e+02
2.8983400000000001e+00 3.4177175850997912e+02 -1.8957423194636320e+02
2.8993366666666667e+00 3.4196072694387760e+02 -1.8962663875297241e+02
2.9003333333333332e+00 3.4214974763593528e+02 -1.8967909781771428e+02
2.9013300000000002e+00 3.4233882063826223e+02 -1.8973160919273019e+02
2.9023266666666667e+00 3.4252794600302008e+02 -1.8978417293009181e+02
2.9033233333333333e+00 3.4271712378242273e+02 -1.8983678908202899e+02
2.9043200000000002e+00 3.4290635402873630e+02 -1.8988945770093980e+02
2.9053166666666668e+00 3.4309563679427873e+02 -1.8994217883915252e+02
2.9063133333333333e+00 3.4328497213142043e+02 -1.8999495254888234e+02
2.9073099999999998e+00 3.4347436009258382e+02 -1.9004777888271397e+02
2.9083066666666668e+00 3.4366380073024379e+02 -1.9010065789297505e+02
2.9093033333333334e+00 3.4385329409692713e+02 -1.9015358963213612e+02
2.9102999999999999e+00 3.4404284024521331e+02 -1.9020657415294033e+02
2.9112966666666669e+00 3.4423243922773440e+02 -1.9025961150804267e+02
2.9122933333333334e+00 3.4442209109717464e+02 -1.9031270175005653e+02
2.9132899999999999e+00 3.4461179590627108e+02 -1.9036584493178177e+02
2.9142866666666669e+00 3.4480155370781324e+02 -1.9041904110587367e+02
2.9152833333333334e+00 3.4499136455464298e+02 -1.9047229032514494e+02
2.9162800000000000e+00 3.4518122849965528e+02 -1.9052559264266631e+02
2.9172766666666665e+00 3.4537114559579766e+02 -1.9057894811127906e+02
2.9182733333333335e+00 3.4556111589607059e+02 -1.9063235678410936e+02
2.9192700000000000e+00 3.4575113945352717e+02 -1.9068581871408441e+02
2.9202666666666666e+00 3.4594121632127354e+02 -1.9073933395431735e+02
2.9212633333333335e+00 3.4613134655246887e+02 -1.9079290255797707e+02
2.9222600000000001e+00 3.4632153020032507e+02 -1.9084652457824711e+02
2.9232566666666666e+00 3.4651176731810739e+02 -1.9090020006856852e+02
2.9242533333333331e+00 3.4670205795913409e+02 -1.9095392908201097e+02
2.9252500000000001e+00 3.4689240217677656e+02 -1.9100771167201430e+02
2.9262466666666667e+00 3.4708280002445935e+02 -1.9106154789219013e+02
2.9272433333333332e+00 3.4727325155566052e+02 -1.9111543779585114e+02
2.9282400000000002e+00 3.4746375682391141e+02 -1.9116938143656543e+02
2.9292366666666667e+00 3.4765431588279642e+02 -1.9122337886783043e+02
2.9302333333333332e+00 3.4784492878595364e+02 -1.9127743014330096e+02
2.9312300000000002e+00 3.4803559558707468e+02 -1.9133153531683041e+02
2.9322266666666668e+00 3.4822631633990449e+02 -1.9138569444205891e+02
2.9332233333333333e+00 3.4841709109824183e+02 -1.9143990757276924e+02
2.9342199999999998e+00 3.4860791991593908e+02 -1.9149417476294354e+02
2.9352166666666668e+00 3.4879880284690239e+02 -1.9154849606627889e+02
2.9362133333333333e+00 3.4898973994509117e+02 -1.9160287153672874e+02
2.9372099999999999e+00 3.4918073126451912e+02 -1.9165730122843254e+02
2.9382066666666669e+00 3.4937177685925377e+02 -1.9171178519550057e+02
2.9392033333333334e+00 3.4956287678341641e+02 -1.9176632349208617e+02
2.9401999999999999e+00 3.4975403109118241e+02 -1.9182091617221448e+02
2.9411966666666669e+00 3.4994523983678118e+02 -1.9187556329008157e+02
2.9421933333333334e+00 3.5013650307449592e+02 -1.9193026490004024e+02
2.9431900000000000e+00 3.5032782085866421e+02 -1.9198502105650059e+02
2.9441866666666665e+00 3.5051919324367788e+02 -1.9203983181381548e+02
2.9451833333333335e+00 3.5071062028398296e+02 -1.9209469722639497e+02
2.9461800000000000e+00 3.5090210203407958e+02 -1.9214961734876306e+02
2.9471766666666666e+00 3.5109363854852239e+02 -1.9220459223548650e+02
2.9481733333333335e+00 3.5128522988192049e+02 -1.9225962194113220e+02
2.9491700000000001e+00 3.5147687608893710e+02 -1.9231470652036680e+02
2.9501666666666666e+00 3.5166857722429035e+02 -1.9236984602795656e+02
2.9511633333333336e+00 3.5186033334275277e+02 -1.9242504051863966e+02
2.9521600000000001e+00 3.5205214449915138e+02 -1.9248029004722514e+02
2.9531566666666667e+00 3.5224401074836811e+02 -1.9253559466866480e+02
2.9541533333333332e+00 3.5243593214533951e+02 -1.9259095443788178e+02
2.9551500000000002e+00 3.5262790874505703e+02 -1.9264636940982820e+02
2.9561466666666667e+00 3.5281994060256659e+02 -1.9270183963948432e+02
2.9571433333333332e+00 3.5301202777296925e+02 -1.9275736518195831e+02
2.9581400000000002e+00 3.5320417031142114e+02 -1.9281294609258740e+02
2.9591366666666667e+00 3.5339636827313313e+02 -1.9286858242649461e+02
2.9601333333333333e+00 3.5358862171337137e+02 -1.9292427423888788e+02
2.9611299999999998e+00 3.5378093068745699e+02 -1.9298002158520384e+02
2.9621266666666668e+00 3.5397329525076645e+02 -1.9303582452062287e+02
2.9631233333333333e+00 3.5416571545873103e+02 -1.9309168310063848e+02
2.9641199999999999e+00 3.5435819136683762e+02 -1.9314759738081500e+02
2.9651166666666668e+00 3.5455072303062843e+02 -1.9320356741668937e+02
2.9661133333333334e+00 3.5474331050570095e+02 -1.9325959326395505e+02
2.9671099999999999e+00 3.5493595384770822e+02 -1.9331567497809041e+02
2.9681066666666669e+00 3.5512865311235873e+02 -1.9337181261477537e+02
2.9691033333333334e+00 3.5532140835541628e+02 -1.9342800622984561e+02
2.9701000000000000e+00 3.5551421963270059e+02 -1.9348425587919351e+02
2.9710966666666665e+00 3.5570708700008697e+02 -1.9354056161865481e+02
2.9720933333333335e+00 3.5590001051350657e+02 -1.9359692350412297e+02
2.9730900000000000e+00 3.5609299022894589e+02 -1.9365334159157644e+02
2.9740866666666665e+00 3.5628602620244766e+02 -1.9370981593712088e+02
2.9750833333333335e+00 3.5647911849011047e+02 -1.9376634659680707e+02
2.9760800000000001e+00 3.5667226714808857e+02 -1.9382293362684146e+02
2.9770766666666666e+00 3.5686547223259242e+02 -1.9387957708330131e+02
2.9780733333333336e+00 3.5705873379988856e+02 -1.9393627702249387e+02
2.9790700000000001e+00 3.5725205190629936e+02 -1.9399303350093956e+02
2.9800666666666666e+00 3.5744542660820377e+02 -1.9404984657481552e+02
2.9810633333333332e+00 3.5763885796203675e+02 -1.9410671630072733e+02
2.9820600000000002e+00 3.5783234602428956e+02 -1.9416364273493974e+02
2.9830566666666667e+00 3.5802589085150959e+02 -1.9422062593400125e+02
2.9840533333333332e+00 3.5821949250030076e+02 -1.9427766595467310e+02
2.9850500000000002e+00 3.5841315102732364e+02 -1.9433476285363383e+02
2.9860466666666667e+00 3.5860686648929499e+02 -1.9439191668757476e+02
2.9870433333333333e+00 3.5880063894298837e+02 -1.9444912751325691e+02
2.9880400000000003e+00 3.5899446844523391e+02 -1.9450639538741606e+02
2.9890366666666668e+00 3.5918835505291810e+02 -1.9456372036688606e+02
2.9900333333333333e+00 3.5938229882298447e+02 -1.9462110250884180e+02
2.9910299999999999e+00 3.5957629981243326e+02 -1.9467854187011724e+02
2.9920266666666668e+00 3.5977035807832175e+02 -1.9473603850794666e+02
2.9930233333333334e+00 3.5996447367776369e+02 -1.9479359247927820e+02
2.9940199999999999e+00 3.6015864666793010e+02 -1.9485120384127157e+02
2.9950166666666669e+00 3.6035287710604894e+02 -1.9490887265123331e+02
2.9960133333333334e+00 3.6054716504940501e+02 -1.9496659896636788e+02
2.9970100000000000e+00 3.6074151055534054e+02 -1.9502438284416385e+02
2.9980066666666665e+00 3.6093591368125487e+02 -1.9508222434188284e+02
2.9990033333333335e+00 3.6113037448460460e+02 -1.9514012351701601e+02
3.0000000000000000e+00 3.6132489301065658e+02 -1.9519805585159403e+02
