# x energy force
1.0000000000000000e-02 8.2102828934380724e+01 2.2644252295356250e+02
1.0996666666666667e-02 8.1877508645012142e+01 2.2570521490980138e+02
1.1993333333333333e-02 8.1652921809393035e+01 2.2497070940948799e+02
1.2990000000000002e-02 8.1429064848607723e+01 2.2424058313627472e+02
1.3986666666666668e-02 8.1205933411037861e+01 2.2351480998051136e+02
1.4983333333333335e-02 8.0983523171010063e+01 2.2279336398831893e+02
1.5980000000000001e-02 8.0761829828641240e+01 2.2207621936048466e+02
1.6976666666666668e-02 8.0540849109684885e+01 2.2136335045159331e+02
1.7973333333333334e-02 8.0320576765378192e+01 2.2065473176919861e+02
1.8970000000000001e-02 8.0101008572290098e+01 2.1995033797279794e+02
1.9966666666666667e-02 7.9882140332170295e+01 2.1925014387296886e+02
2.0963333333333334e-02 7.9663967871799059e+01 2.1855412443049997e+02
2.1960000000000000e-02 7.9446487042838058e+01 2.1786225475546357e+02
2.2956666666666667e-02 7.9229693721681926e+01 2.1717451010634645e+02
2.3953333333333333e-02 7.9013583809310873e+01 2.1649086588907238e+02
2.4950000000000000e-02 7.8798153231144127e+01 2.1581129765624075e+02
2.5946666666666666e-02 7.8583397936894130e+01 2.1513578110629786e+02
2.6943333333333333e-02 7.8369313900421730e+01 2.1446429208246144e+02
2.7940000000000000e-02 7.8155897119592268e+01 2.1379680657198631e+02
2.8936666666666666e-02 7.7943143616132375e+01 2.1313330070538015e+02
2.9933333333333333e-02 7.7731049435487762e+01 2.1247375075538312e+02
3.0929999999999999e-02 7.7519610646681784e+01 2.1181813313619969e+02
3.1926666666666666e-02 7.7308823342174875e+01 2.1116642440273418e+02
3.2923333333333332e-02 7.7098683637724790e+01 2.1051860124960697e+02
3.3920000000000006e-02 7.6889187672247715e+01 2.0987464051041593e+02
3.4916666666666672e-02 7.6680331607680188e+01 2.0923451915685561e+02
3.5913333333333339e-02 7.6472111628841887e+01 2.0859821429792655e+02
3.6910000000000005e-02 7.6264523943299139e+01 2.0796570317914674e+02
3.7906666666666672e-02 7.6057564781229331e+01 2.0733696318165809e+02
3.8903333333333338e-02 7.5851230395286095e+01 2.0671197182147858e+02
3.9900000000000005e-02 7.5645517060465295e+01 2.0609070674868218e+02
4.0896666666666671e-02 7.5440421073971834e+01 2.0547314574655059e+02
4.1893333333333338e-02 7.5235938755087247e+01 2.0485926673088201e+02
4.2890000000000005e-02 7.5032066445038026e+01 2.0424904774915649e+02
4.3886666666666671e-02 7.4828800506864823e+01 2.0364246697968068e+02
4.4883333333333338e-02 7.4626137325292390e+01 2.0303950273088944e+02
4.5880000000000004e-02 7.4424073306600292e+01 2.0244013344055404e+02
4.6876666666666671e-02 7.4222604878494380e+01 2.0184433767499826e+02
4.7873333333333337e-02 7.4021728489979054e+01 2.0125209412833541e+02
4.8870000000000004e-02 7.3821440611230287e+01 2.0066338162171283e+02
4.9866666666666670e-02 7.3621737733469359e+01 2.0007817910255608e+02
5.0863333333333337e-02 7.3422616368837438e+01 1.9949646564378455e+02
5.1860000000000003e-02 7.3224073050270803e+01 1.9891822044309896e+02
5.2856666666666670e-02 7.3026104331376899e+01 1.9834342282225390e+02
5.3853333333333336e-02 7.2828706786311059e+01 1.9777205222625935e+02
5.4850000000000003e-02 7.2631877009654005e+01 1.9720408822267504e+02
5.5846666666666669e-02 7.2435611616290089e+01 1.9663951050090463e+02
5.6843333333333336e-02 7.2239907241286218e+01 1.9607829887142495e+02
5.7840000000000009e-02 7.2044760539771517e+01 1.9552043326511173e+02
5.8836666666666676e-02 7.1850168186817712e+01 1.9496589373248716e+02
5.9833333333333343e-02 7.1656126877320261e+01 1.9441466044298622e+02
6.0830000000000009e-02 7.1462633325880148e+01 1.9386671368431794e+02
6.1826666666666676e-02 7.1269684266686383e+01 1.9332203386169289e+02
6.2823333333333342e-02 7.1077276453399222e+01 1.9278060149715466e+02
6.3820000000000002e-02 7.0885406659034075e+01 1.9224239722889865e+02
6.4816666666666675e-02 7.0694071675846089e+01 1.9170740181052366e+02
6.5813333333333335e-02 7.0503268315215493e+01 1.9117559611039763e+02
6.6810000000000008e-02 7.0312993407533511e+01 1.9064696111095500e+02
6.7806666666666668e-02 7.0123243802089064e+01 1.9012147790800481e+02
6.8803333333333341e-02 6.9934016366956044e+01 1.8959912771008891e+02
6.9800000000000001e-02 6.9745307988881351e+01 1.8907989183778338e+02
7.0796666666666674e-02 6.9557115573173562e+01 1.8856375172298539e+02
7.1793333333333334e-02 6.9369436043592273e+01 1.8805068890835193e+02
7.2789999999999994e-02 6.9182266342238066e+01 1.8754068504658656e+02
7.3786666666666667e-02 6.8995603429443150e+01 1.8703372189973905e+02
7.4783333333333341e-02 6.8809444283662700e+01 1.8652978133863527e+02
7.5780000000000000e-02 6.8623785901366759e+01 1.8602884534217918e+02
7.6776666666666674e-02 6.8438625296932869e+01 1.8553089599671591e+02
7.7773333333333333e-02 6.8253959502539303e+01 1.8503591549539067e+02
7.8770000000000007e-02 6.8069785568058890e+01 1.8454388613752980e+02
7.9766666666666666e-02 6.7886100560953579e+01 1.8405479032799209e+02
8.0763333333333340e-02 6.7702901566169501e+01 1.8356861057651992e+02
8.1759999999999999e-02 6.7520185686032789e+01 1.8308532949714774e+02
8.2756666666666673e-02 6.7337950040145927e+01 1.8260492980758886e+02
8.3753333333333332e-02 6.7156191765284746e+01 1.8212739432857217e+02
8.4750000000000006e-02 6.6974908015296023e+01 1.8165270598324378e+02
8.5746666666666665e-02 6.6794095960995733e+01 1.8118084779659634e+02
8.6743333333333339e-02 6.6613752790067849e+01 1.8071180289482041e+02
8.7739999999999999e-02 6.6433875706963761e+01 1.8024555450468421e+02
8.8736666666666672e-02 6.6254461932802357e+01 1.7978208595297048e+02
8.9733333333333332e-02 6.6075508705270622e+01 1.7932138066591313e+02
9.0730000000000005e-02 6.5897013278524796e+01 1.7886342216851290e+02
9.1726666666666665e-02 6.5718972923092295e+01 1.7840819408399565e+02
9.2723333333333338e-02 6.5541384925774025e+01 1.7795568013327758e+02
9.3719999999999998e-02 6.5364246589547363e+01 1.7750586413427362e+02
9.4716666666666671e-02 6.5187555233469752e+01 1.7705873000139871e+02
9.5713333333333331e-02 6.5011308192582788e+01 1.7661426174501847e+02
9.6710000000000004e-02 6.4835502817816916e+01 1.7617244347077195e+02
9.7706666666666664e-02 6.4660136475896749e+01 1.7573325937907299e+02
9.8703333333333337e-02 6.4485206549246840e+01 1.7529669376455391e+02
9.9699999999999997e-02 6.4310710435898130e+01 1.7486273101547351e+02
1.0069666666666667e-01 6.4136645549394842e+01 1.7443135561318292e+02
1.0169333333333333e-01 6.3963009318702049e+01 1.7400255213154765e+02
1.0269000000000000e-01 6.3789799188113690e+01 1.7357630523639534e+02
1.0368666666666666e-01 6.3617012617161201e+01 1.7315259968499549e+02
1.0468333333333334e-01 6.3444647080522643e+01 1.7273142032549103e+02
1.0568000000000001e-01 6.3272700067932419e+01 1.7231275209636300e+02
1.0667666666666667e-01 6.3101169084091495e+01 1.7189658002590122e+02
1.0767333333333334e-01 6.2930051648578150e+01 1.7148288923163909e+02
1.0867000000000000e-01 6.2759345295759324e+01 1.7107166491984879e+02
1.0966666666666668e-01 6.2589047574702398e+01 1.7066289238502154e+02
1.1066333333333334e-01 6.2419156049087562e+01 1.7025655700930821e+02
1.1166000000000001e-01 6.2249668297120685e+01 1.6985264426201331e+02
1.1265666666666667e-01 6.2080581911446743e+01 1.6945113969907416e+02
1.1365333333333334e-01 6.1911894499063692e+01 1.6905202896256597e+02
1.1465000000000000e-01 6.1743603681236912e+01 1.6865529778014150e+02
1.1564666666666668e-01 6.1575707093414138e+01 1.6826093196455776e+02
1.1664333333333333e-01 6.1408202385140896e+01 1.6786891741318703e+02
1.1764000000000001e-01 6.1241087219976457e+01 1.6747924010742176e+02
1.1863666666666667e-01 6.1074359275410302e+01 1.6709188611228632e+02
1.1963333333333334e-01 6.0908016242779034e+01 1.6670684157587687e+02
1.2063000000000000e-01 6.0742055827183840e+01 1.6632409272885559e+02
1.2162666666666667e-01 6.0576475747408423e+01 1.6594362588401211e+02
1.2262333333333333e-01 6.0411273735837419e+01 1.6556542743572868e+02
1.2362000000000001e-01 6.0246447538375307e+01 1.6518948385948127e+02
1.2461666666666667e-01 6.0081994914365815e+01 1.6481578171141095e+02
1.2561333333333335e-01 5.9917913636511763e+01 1.6444430762781562e+02
1.2661000000000000e-01 5.9754201490795460e+01 1.6407504832464488e+02
1.2760666666666667e-01 5.9590856276399464e+01 1.6370799059707662e+02
1.2860333333333335e-01 5.9427875805627949e+01 1.6334312131899958e+02
1.2960000000000002e-01 5.9265257903828441e+01 1.6298042744255685e+02
1.3059666666666667e-01 5.9103000409314049e+01 1.6261989599770837e+02
1.3159333333333334e-01 5.8941101173286150e+01 1.6226151409172664e+02
1.3259000000000001e-01 5.8779558059757569e+01 1.6190526890876217e+02
1.3358666666666669e-01 5.8618368945476199e+01 1.6155114770937050e+02
1.3458333333333333e-01 5.8457531719849058e+01 1.6119913783005296e+02
1.3558000000000001e-01 5.8297044284866807e+01 1.6084922668281618e+02
1.3657666666666668e-01 5.8136904555028757e+01 1.6050140175474087e+02
1.3757333333333335e-01 5.7977110457268239e+01 1.6015565060749637e+02
1.3857000000000003e-01 5.7817659930878520e+01 1.5981196087688662e+02
1.3956666666666670e-01 5.7658550927439094e+01 1.5947032027246473e+02
1.4056333333333335e-01 5.7499781410742422e+01 1.5913071657705737e+02
1.4156000000000002e-01 5.7341349356721103e+01 1.5879313764631954e+02
1.4255666666666669e-01 5.7183252753375534e+01 1.5845757140832828e+02
1.4355333333333337e-01 5.7025489600701924e+01 1.5812400586312438e+02
1.4455000000000001e-01 5.6868057910620799e+01 1.5779242908228522e+02
1.4554666666666669e-01 5.6710955706905878e+01 1.5746282920852303e+02
1.4654333333333336e-01 5.6554181025113436e+01 1.5713519445524335e+02
1.4754000000000003e-01 5.6397731912512015e+01 1.5680951310612960e+02
1.4853666666666668e-01 5.6241606428012638e+01 1.5648577351470476e+02
1.4953333333333335e-01 5.6085802642099353e+01 1.5616396410392656e+02
1.5053000000000002e-01 5.5930318636760276e+01 1.5584407336579559e+02
1.5152666666666670e-01 5.5775152505418959e+01 1.5552608986092568e+02
1.5252333333333334e-01 5.5620302352866240e+01 1.5521000221811263e+02
1.5352000000000002e-01 5.5465766295192452e+01 1.5489579913397245e+02
1.5451666666666669e-01 5.5311542459720059e+01 1.5458346937249902e+02
1.5551333333333336e-01 5.5157628984936707e+01 1.5427300176466355e+02
1.5651000000000001e-01 5.5004024020428631e+01 1.5396438520806518e+02
1.5750666666666668e-01 5.4850725726814481e+01 1.5365760866648324e+02
1.5850333333333336e-01 5.4697732275679563e+01 1.5335266116947463e+02
1.5950000000000003e-01 5.4545041849510447e+01 1.5304953181202657e+02
1.6049666666666668e-01 5.4392652641629979e+01 1.5274820975414286e+02
1.6149333333333335e-01 5.4240562856132648e+01 1.5244868422043584e+02
1.6249000000000002e-01 5.4088770707820402e+01 1.5215094449978730e+02
1.6348666666666670e-01 5.3937274422138778e+01 1.5185497994494457e+02
1.6448333333333334e-01 5.3786072235113451e+01 1.5156077997210332e+02
1.6548000000000002e-01 5.3635162393287160e+01 1.5126833406058475e+02
1.6647666666666669e-01 5.3484543153657008e+01 1.5097763175243594e+02
1.6747333333333336e-01 5.3334212783612109e+01 1.5068866265204056e+02
1.6847000000000001e-01 5.3184169560871666e+01 1.5040141642577970e+02
1.6946666666666668e-01 5.3034411773423329e+01 1.5011588280164509e+02
1.7046333333333336e-01 5.2884937719462030e+01 1.4983205156885722e+02
1.7146000000000003e-01 5.2735745707329087e+01 1.4954991257751661e+02
1.7245666666666670e-01 5.2586834055451725e+01 1.4926945573825409e+02
1.7345333333333335e-01 5.2438201092282945e+01 1.4899067102184253e+02
1.7445000000000002e-01 5.2289845156241725e+01 1.4871354845885787e+02
1.7544666666666670e-01 5.2141764595653640e+01 1.4843807813930857e+02
1.7644333333333337e-01 5.1993957768691757e+01 1.4816425021228847e+02
1.7744000000000001e-01 5.1846423043317969e+01 1.4789205488562402e+02
1.7843666666666669e-01 5.1699158797224584e+01 1.4762148242551908e+02
1.7943333333333336e-01 5.1552163417776342e+01 1.4735252315623731e+02
1.8043000000000003e-01 5.1405435301952728e+01 1.4708516745970581e+02
1.8142666666666668e-01 5.1258972856290676e+01 1.4681940577518691e+02
1.8242333333333335e-01 5.1112774496827555e+01 1.4655522859897280e+02
1.8342000000000003e-01 5.0966838649044533e+01 1.4629262648401121e+02
1.8441666666666670e-01 5.0821163747810282e+01 1.4603159003956571e+02
1.8541333333333335e-01 5.0675748237325010e+01 1.4577210993088079e+02
1.8641000000000002e-01 5.0530590571064813e+01 1.4551417687887971e+02
1.8740666666666669e-01 5.0385689211726373e+01 1.4525778165979384e+02
1.8840333333333337e-01 5.0241042631171993e+01 1.4500291510484450e+02
1.8940000000000001e-01 5.0096649310374950e+01 1.4474956809993620e+02
1.9039666666666669e-01 4.9952507739365139e+01 1.4449773158530149e+02
1.9139333333333336e-01 4.9808616417175131e+01 1.4424739655518698e+02
1.9239000000000003e-01 4.9664973851786463e+01 1.4399855405752808e+02
1.9338666666666668e-01 4.9521578560076300e+01 1.4375119519363903e+02
1.9438333333333335e-01 4.9378429067764380e+01 1.4350531111790357e+02
1.9538000000000003e-01 4.9235523909360303e+01 1.4326089303743271e+02
1.9637666666666670e-01 4.9092861628111130e+01 1.4301793221174310e+02
1.9737333333333335e-01 4.8950440775949289e+01 1.4277641995249695e+02
1.9837000000000002e-01 4.8808259913440764e+01 1.4253634762313538e+02
1.9936666666666669e-01 4.8666317609733667e+01 1.4229770663859367e+02
2.0036333333333337e-01 4.8524612442507035e+01 1.4206048846501648e+02
2.0136000000000004e-01 4.8383142997919968e+01 1.4182468461939024e+02
2.0235666666666668e-01 4.8241907870561107e+01 1.4159028666929780e+02
2.0335333333333336e-01 4.8100905663398322e+01 1.4135728623260741e+02
2.0435000000000003e-01 4.7960134987728793e+01 1.4112567497714511e+02
2.0534666666666671e-01 4.7819594463129341e+01 1.4089544462041920e+02
2.0634333333333335e-01 4.7679282717407048e+01 1.4066658692933530e+02
2.0734000000000002e-01 4.7539198386550197e+01 1.4043909371986882e+02
2.0833666666666670e-01 4.7399340114679504e+01 1.4021295685676958e+02
2.0933333333333337e-01 4.7259706553999635e+01 1.3998816825333603e+02
2.1033000000000002e-01 4.7120296364750978e+01 1.3976471987106277e+02
2.1132666666666669e-01 4.6981108215161747e+01 1.3954260371935933e+02
2.1232333333333336e-01 4.6842140781400381e+01 1.3932181185529015e+02
2.1332000000000004e-01 4.6703392747528170e+01 1.3910233638325656e+02
2.1431666666666668e-01 4.6564862805452229e+01 1.3888416945475814e+02
2.1531333333333336e-01 4.6426549654878677e+01 1.3866730326808647e+02
2.1631000000000003e-01 4.6288452003266180e+01 1.3845173006802963e+02
2.1730666666666670e-01 4.6150568565779707e+01 1.3823744214563251e+02
2.1830333333333335e-01 4.6012898065244585e+01 1.3802443183789035e+02
2.1930000000000002e-01 4.5875439232100838e+01 1.3781269152747851e+02
2.2029666666666670e-01 4.5738190804357792e+01 1.3760221364251348e+02
2.2129333333333337e-01 4.5601151527548907e+01 1.3739299065624590e+02
2.2229000000000002e-01 4.5464320154686966e+01 1.3718501508678588e+02
2.2328666666666669e-01 4.5327695446219444e+01 1.3697827949686865e+02
2.2428333333333336e-01 4.5191276169984214e+01 1.3677277649356188e+02
2.2528000000000004e-01 4.5055061101165457e+01 1.3656849872801948e+02
2.2627666666666668e-01 4.4919049022249887e+01 1.3636543889521050e+02
2.2727333333333335e-01 4.4783238722983164e+01 1.3616358973365595e+02
2.2827000000000003e-01 4.4647629000326688e+01 1.3596294402515795e+02
2.2926666666666670e-01 4.4512218658414525e+01 1.3576349459456384e+02
2.3026333333333335e-01 4.4377006508510668e+01 1.3556523430950963e+02
2.3126000000000002e-01 4.4241991368966495e+01 1.3536815608013541e+02
2.3225666666666669e-01 4.4107172065178545e+01 1.3517225285888895e+02
2.3325333333333337e-01 4.3972547429546502e+01 1.3497751764019938e+02
2.3425000000000004e-01 4.3838116301431441e+01 1.3478394346025107e+02
2.3524666666666669e-01 4.3703877527114351e+01 1.3459152339679628e+02
2.3624333333333336e-01 4.3569829959754806e+01 1.3440025056883985e+02
2.3724000000000003e-01 4.3435972459350026e+01 1.3421011813640072e+02
2.3823666666666671e-01 4.3302303892694077e+01 1.3402111930027957e+02
2.3923333333333335e-01 4.3168823133337362e+01 1.3383324730182730e+02
2.4023000000000003e-01 4.3035529061546320e+01 1.3364649542267441e+02
2.4122666666666670e-01 4.2902420564263402e+01 1.3346085698452075e+02
2.4222333333333337e-01 4.2769496535067248e+01 1.3327632534889264e+02
2.4322000000000002e-01 4.2636755874133144e+01 1.3309289391687574e+02
2.4421666666666669e-01 4.2504197488193668e+01 1.3291055612889417e+02
2.4521333333333337e-01 4.2371820290499628e+01 1.3272930546448978e+02
2.4621000000000004e-01 4.2239623200781175e+01 1.3254913544210763e+02
2.4720666666666669e-01 4.2107605145209163e+01 1.3237003961879319e+02
2.4820333333333336e-01 4.1975765056356764e+01 1.3219201159003583e+02
2.4920000000000003e-01 4.1844101873161293e+01 1.3201504498950314e+02
2.5019666666666668e-01 4.1712614540886278e+01 1.3183913348878764e+02
2.5119333333333332e-01 4.1581302011083729e+01 1.3166427079726773e+02
2.5219000000000003e-01 4.1450163241556623e+01 1.3149045066179983e+02
2.5318666666666667e-01 4.1319197196321689e+01 1.3131766686650226e+02
2.5418333333333337e-01 4.1188402845572298e+01 1.3114591323259319e+02
2.5518000000000002e-01 4.1057779165641705e+01 1.3097518361810194e+02
2.5617666666666666e-01 4.0927325138966374e+01 1.3080547191767985e+02
2.5717333333333336e-01 4.0797039754049635e+01 1.3063677206239413e+02
2.5817000000000001e-01 4.0666922005425498e+01 1.3046907801948484e+02
2.5916666666666666e-01 4.0536970893622701e+01 1.3030238379215820e+02
2.6016333333333336e-01 4.0407185425128951e+01 1.3013668341937677e+02
2.6116000000000000e-01 4.0277564612355434e+01 1.2997197097564506e+02
2.6215666666666670e-01 4.0148107473601456e+01 1.2980824057079593e+02
2.6315333333333335e-01 4.0018813033019370e+01 1.2964548634978382e+02
2.6415000000000005e-01 3.9889680320579643e+01 1.2948370249246361e+02
2.6514666666666670e-01 3.9760708372036227e+01 1.2932288321339112e+02
2.6614333333333334e-01 3.9631896228892010e+01 1.2916302276162347e+02
2.6714000000000004e-01 3.9503242938364579e+01 1.2900411542050523e+02
2.6813666666666669e-01 3.9374747553352151e+01 1.2884615550745457e+02
2.6913333333333339e-01 3.9246409132399663e+01 1.2868913737377778e+02
2.7013000000000004e-01 3.9118226739665175e+01 1.2853305540445911e+02
2.7112666666666668e-01 3.8990199444886343e+01 1.2837790401795741e+02
2.7212333333333338e-01 3.8862326323347162e+01 1.2822367766601388e+02
2.7312000000000003e-01 3.8734606455844933e+01 1.2807037083344520e+02
2.7411666666666668e-01 3.8607038928657360e+01 1.2791797803794734e+02
2.7511333333333338e-01 3.8479622833509872e+01 1.2776649382991049e+02
2.7611000000000002e-01 3.8352357267543177e+01 1.2761591279221932e+02
2.7710666666666672e-01 3.8225241333280934e+01 1.2746622954003533e+02
2.7810333333333337e-01 3.8098274138597702e+01 1.2731743872064042e+02
2.7910000000000001e-01 3.7971454796686984e+01 1.2716953501324416e+02
2.8009666666666672e-01 3.7844782426029553e+01 1.2702251312874475e+02
2.8109333333333336e-01 3.7718256150361945e+01 1.2687636780960483e+02
2.8209000000000001e-01 3.7591875098645062e+01 1.2673109382962643e+02
2.8308666666666671e-01 3.7465638405033076e+01 1.2658668599374793e+02
2.8408333333333335e-01 3.7339545208842466e+01 1.2644313913791940e+02
2.8508000000000006e-01 3.7213594654521188e+01 1.2630044812885289e+02
2.8607666666666670e-01 3.7087785891618154e+01 1.2615860786386574e+02
2.8707333333333335e-01 3.6962118074752752e+01 1.2601761327072032e+02
2.8807000000000005e-01 3.6836590363584648e+01 1.2587745930739898e+02
2.8906666666666669e-01 3.6711201922783758e+01 1.2573814096194405e+02
2.9006333333333334e-01 3.6585951922000326e+01 1.2559965325230114e+02
2.9106000000000004e-01 3.6460839535835248e+01 1.2546199122610102e+02
2.9205666666666669e-01 3.6335863943810594e+01 1.2532514996050357e+02
2.9305333333333339e-01 3.6211024330340202e+01 1.2518912456201900e+02
2.9405000000000003e-01 3.6086319884700572e+01 1.2505391016634060e+02
2.9504666666666668e-01 3.5961749801001829e+01 1.2491950193817017e+02
2.9604333333333338e-01 3.5837313278158923e+01 1.2478589507100349e+02
2.9704000000000003e-01 3.5713009519863007e+01 1.2465308478703150e+02
2.9803666666666673e-01 3.5588837734552897e+01 1.2452106633692208e+02
2.9903333333333337e-01 3.5464797135386846e+01 1.2438983499963490e+02
3.0003000000000002e-01 3.5340886940214347e+01 1.2425938608231148e+02
3.0102666666666672e-01 3.5217106371548162e+01 1.2412971492005657e+02
3.0202333333333337e-01 3.5093454656536579e+01 1.2400081687577166e+02
3.0302000000000001e-01 3.4969931026935704e+01 1.2387268734004093e+02
3.0401666666666671e-01 3.4846534719082008e+01 1.2374532173090547e+02
3.0501333333333336e-01 3.4723264973865071e+01 1.2361871549371862e+02
3.0601000000000006e-01 3.4600121036700358e+01 1.2349286410102043e+02
3.0700666666666671e-01 3.4477102157502280e+01 1.2336776305231660e+02
3.0800333333333335e-01 3.4354207590657360e+01 1.2324340787394380e+02
3.0900000000000005e-01 3.4231436594997575e+01 1.2311979411893279e+02
3.0999666666666670e-01 3.4108788433773846e+01 1.2299691736681729e+02
3.1099333333333334e-01 3.3986262374629682e+01 1.2287477322347692e+02
3.1199000000000005e-01 3.3863857689575013e+01 1.2275335732099720e+02
3.1298666666666669e-01 3.3741573654960156e+01 1.2263266531751388e+02
3.1398333333333339e-01 3.3619409551449898e+01 1.2251269289704128e+02
3.1498000000000004e-01 3.3497364663997828e+01 1.2239343576932603e+02
3.1597666666666668e-01 3.3375438281820720e+01 1.2227488966968758e+02
3.1697333333333338e-01 3.3253629698373146e+01 1.2215705035888101e+02
3.1797000000000003e-01 3.3131938211322208e+01 1.2203991362294531e+02
3.1896666666666668e-01 3.3010363122522385e+01 1.2192347527302509e+02
3.1996333333333338e-01 3.2888903737990610e+01 1.2180773114524081e+02
3.2096000000000002e-01 3.2767559367881461e+01 1.2169267710055499e+02
3.2195666666666672e-01 3.2646329326462421e+01 1.2157830902459671e+02
3.2295333333333337e-01 3.2525212932089453e+01 1.2146462282751895e+02
3.2395000000000002e-01 3.2404209507182543e+01 1.2135161444387484e+02
3.2494666666666672e-01 3.2283318378201507e+01 1.2123927983244108e+02
3.2594333333333336e-01 3.2162538875621919e+01 1.2112761497609497e+02
3.2694000000000001e-01 3.2041870333911135e+01 1.2101661588166991e+02
3.2793666666666671e-01 3.1921312091504497e+01 1.2090627857980046e+02
3.2893333333333336e-01 3.1800863490781715e+01 1.2079659912478523e+02
3.2993000000000006e-01 3.1680523878043292e+01 1.2068757359445053e+02
3.3092666666666670e-01 3.1560292603487202e+01 1.2057919809001484e+02
3.3192333333333335e-01 3.1440169021185611e+01 1.2047146873592766e+02
3.3292000000000005e-01 3.1320152489061794e+01 1.2036438167974988e+02
3.3391666666666669e-01 3.1200242368867197e+01 1.2025793309202024e+02
3.3491333333333340e-01 3.1080438026158564e+01 1.2015211916609766e+02
3.3591000000000004e-01 3.0960738830275304e+01 1.2004693611803987e+02
3.3690666666666669e-01 3.0841144154316893e+01 1.1994238018647090e+02
3.3790333333333339e-01 3.0721653375120468e+01 1.1983844763243276e+02
3.3890000000000003e-01 3.0602265873238576e+01 1.1973513473925902e+02
3.3989666666666668e-01 3.0482981032916975e+01 1.1963243781245198e+02
3.4089333333333338e-01 3.0363798242072630e+01 1.1953035317953614e+02
3.4189000000000003e-01 3.0244716892271850e+01 1.1942887718992503e+02
3.4288666666666673e-01 3.0125736378708488e+01 1.1932800621480614e+02
3.4388333333333337e-01 3.0006856100182357e+01 1.1922773664700344e+02
3.4488000000000002e-01 2.9888075459077687e+01 1.1912806490083807e+02
3.4587666666666672e-01 2.9769393861341779e+01 1.1902898741201338e+02
3.4687333333333337e-01 2.9650810716463777e+01 1.1893050063749428e+02
3.4787000000000001e-01 2.9532325437453512e+01 1.1883260105535395e+02
3.4886666666666671e-01 2.9413937440820529e+01 1.1873528516466645e+02
3.4986333333333336e-01 2.9295646146553253e+01 1.1863854948538979e+02
3.5086000000000006e-01 2.9177450978098182e+01 1.1854239055822384e+02
3.5185666666666671e-01 2.9059351362339331e+01 1.1844680494448927e+02
3.5285333333333335e-01 2.8941346729577702e+01 1.1835178922600920e+02
3.5385000000000005e-01 2.8823436513510913e+01 1.1825734000499639e+02
3.5484666666666670e-01 2.8705620151212976e+01 1.1816345390390914e+02
3.5584333333333334e-01 2.8587897083114132e+01 1.1807012756534998e+02
3.5684000000000005e-01 2.8470266752980844e+01 1.1797735765194183e+02
3.5783666666666669e-01 2.8352728607895944e+01 1.1788514084619372e+02
3.5883333333333339e-01 2.8235282098238802e+01 1.1779347385040292e+02
3.5983000000000004e-01 2.8117926677665732e+01 1.1770235338653035e+02
3.6082666666666668e-01 2.8000661803090406e+01 1.1761177619607182e+02
3.6182333333333339e-01 2.7883486934664447e+01 1.1752173903995902e+02
3.6282000000000003e-01 2.7766401535758149e+01 1.1743223869843395e+02
3.6381666666666673e-01 2.7649405072941246e+01 1.1734327197092806e+02
3.6481333333333338e-01 2.7532497015963880e+01 1.1725483567596437e+02
3.6581000000000002e-01 2.7415676837737596e+01 1.1716692665103231e+02
3.6680666666666673e-01 2.7298944014316515e+01 1.1707954175247062e+02
3.6780333333333337e-01 2.7182298024878612e+01 1.1699267785536502e+02
3.6880000000000002e-01 2.7065738351707061e+01 1.1690633185343579e+02
3.6979666666666672e-01 2.6949264480171731e+01 1.1682050065892116e+02
3.7079333333333336e-01 2.6832875898710810e+01 1.1673518120246071e+02
3.7179000000000006e-01 2.6716572098812467e+01 1.1665037043300310e+02
3.7278666666666671e-01 2.6600352574996705e+01 1.1656606531769384e+02
3.7378333333333336e-01 2.6484216824797254e+01 1.1648226284174477e+02
3.7478000000000006e-01 2.6368164348743623e+01 1.1639896000834732e+02
3.7577666666666670e-01 2.6252194650343245e+01 1.1631615383857185e+02
3.7677333333333335e-01 2.6136307236063693e+01 1.1623384137123588e+02
3.7777000000000005e-01 2.6020501615315055e+01 1.1615201966281384e+02
3.7876666666666670e-01 2.5904777300432396e+01 1.1607068578734049e+02
3.7976333333333340e-01 2.5789133806658288e+01 1.1598983683628262e+02
3.8076000000000004e-01 2.5673570652125516e+01 1.1590946991845195e+02
3.8175666666666669e-01 2.5558087357839806e+01 1.1582958215989974e+02
3.8275333333333339e-01 2.5442683447662716e+01 1.1575017070381713e+02
3.8375000000000004e-01 2.5327358448294625e+01 1.1567123271041534e+02
3.8474666666666668e-01 2.5212111889257777e+01 1.1559276535684536e+02
3.8574333333333338e-01 2.5096943302879460e+01 1.1551476583709152e+02
3.8674000000000003e-01 2.4981852224275318e+01 1.1543723136185736e+02
3.8773666666666673e-01 2.4866838191332679e+01 1.1536015915848365e+02
3.8873333333333338e-01 2.4751900744694066e+01 1.1528354647084318e+02
3.8973000000000002e-01 2.4637039427740742e+01 1.1520739055923927e+02
3.9072666666666672e-01 2.4522253786576396e+01 1.1513168870030773e+02
3.9172333333333337e-01 2.4407543370010931e+01 1.1505643818691874e+02
3.9272000000000007e-01 2.4292907729544279e+01 1.1498163632809495e+02
3.9371666666666671e-01 2.4178346419350415e+01 1.1490728044889380e+02
3.9471333333333336e-01 2.4063858996261381e+01 1.1483336789031323e+02
3.9571000000000006e-01 2.3949445019751440e+01 1.1475989600922534e+02
3.9670666666666671e-01 2.3835104051921352e+01 1.1468686217824462e+02
3.9770333333333335e-01 2.3720835657482681e+01 1.1461426378564926e+02
3.9870000000000005e-01 2.3606639403742236e+01 1.1454209823530309e+02
3.9969666666666670e-01 2.3492514860586621e+01 1.1447036294653621e+02
4.0069333333333340e-01 2.3378461600466817e+01 1.1439905535406660e+02
4.0169000000000005e-01 2.3264479198382933e+01 1.1432817290791637e+02
4.0268666666666669e-01 2.3150567231868965e+01 1.1425771307329583e+02
4.0368333333333339e-01 2.3036725280977720e+01 1.1418767333053400e+02
4.0468000000000004e-01 2.2922952928265801e+01 1.1411805117499448e+02
4.0567666666666669e-01 2.2809249758778648e+01 1.1404884411695622e+02
4.0667333333333339e-01 2.2695615360035724e+01 1.1398004968154578e+02
4.0767000000000003e-01 2.2582049322015774e+01 1.1391166540865929e+02
4.0866666666666673e-01 2.2468551237142123e+01 1.1384368885284282e+02
4.0966333333333338e-01 2.2355120700268149e+01 1.1377611758322819e+02
4.1066000000000003e-01 2.2241757308662756e+01 1.1370894918345311e+02
4.1165666666666673e-01 2.2128460661995980e+01 1.1364218125153937e+02
4.1265333333333337e-01 2.2015230362324711e+01 1.1357581139984136e+02
4.1365000000000002e-01 2.1902066014078407e+01 1.1350983725495682e+02
4.1464666666666672e-01 2.1788967224044971e+01 1.1344425645761999e+02
4.1564333333333336e-01 2.1675933601356711e+01 1.1337906666263953e+02
4.1664000000000007e-01 2.1562964757476319e+01 1.1331426553880574e+02
4.1763666666666671e-01 2.1450060306183030e+01 1.1324985076879963e+02
4.1863333333333336e-01 2.1337219863558765e+01 1.1318582004912898e+02
4.1963000000000006e-01 2.1224443047974411e+01 1.1312217109003693e+02
4.2062666666666670e-01 2.1111729480076200e+01 1.1305890161540587e+02
4.2162333333333335e-01 2.0999078782772113e+01 1.1299600936269687e+02
4.2262000000000005e-01 2.0886490581218403e+01 1.1293349208286396e+02
4.2361666666666670e-01 2.0773964502806216e+01 1.1287134754025847e+02
4.2461333333333340e-01 2.0661500177148216e+01 1.1280957351257337e+02
4.2561000000000004e-01 2.0549097236065396e+01 1.1274816779075084e+02
4.2660666666666669e-01 2.0436755313573862e+01 1.1268712817888613e+02
4.2760333333333339e-01 2.0324474045871774e+01 1.1262645249418955e+02
4.2860000000000004e-01 2.0212253071326344e+01 1.1256613856687667e+02
4.2959666666666674e-01 2.0100092030460868e+01 1.1250618424008944e+02
4.3059333333333338e-01 1.9987990565941917e+01 1.1244658736985004e+02
4.3159000000000003e-01 1.9875948322566511e+01 1.1238734582494885e+02
4.3258666666666673e-01 1.9763964947249448e+01 1.1232845748687409e+02
4.3358333333333338e-01 1.9652040089010690e+01 1.1226992024977137e+02
4.3458000000000002e-01 1.9540173398962761e+01 1.1221173202032597e+02
4.3557666666666672e-01 1.9428364530298310e+01 1.1215389071769111e+02
4.3657333333333337e-01 1.9316613138277727e+01 1.1209639427345323e+02
4.3757000000000007e-01 1.9204918880216749e+01 1.1203924063151565e+02
4.3856666666666672e-01 1.9093281415474276e+01 1.1198242774803272e+02
4.3956333333333336e-01 1.8981700405440144e+01 1.1192595359136558e+02
4.4056000000000006e-01 1.8870175513523023e+01 1.1186981614197620e+02
4.4155666666666671e-01 1.8758706405138415e+01 1.1181401339235471e+02
4.4255333333333335e-01 1.8647292747696646e+01 1.1175854334698920e+02
4.4355000000000006e-01 1.8535934210590973e+01 1.1170340402224569e+02
4.4454666666666670e-01 1.8424630465185810e+01 1.1164859344631033e+02
4.4554333333333340e-01 1.8313381184804921e+01 1.1159410965914796e+02
4.4654000000000005e-01 1.8202186044719774e+01 1.1153995071239331e+02
4.4753666666666669e-01 1.8091044722137898e+01 1.1148611466929988e+02
4.4853333333333339e-01 1.7979956896191364e+01 1.1143259960467300e+02
4.4953000000000004e-01 1.7868922247925319e+01 1.1137940360479007e+02
4.5052666666666669e-01 1.7757940460286541e+01 1.1132652476734192e+02
4.5152333333333339e-01 1.7647011218112130e+01 1.1127396120136434e+02
4.5252000000000003e-01 1.7536134208118249e+01 1.1122171102716263e+02
4.5351666666666673e-01 1.7425309118888880e+01 1.1116977237624674e+02
4.5451333333333338e-01 1.7314535640864733e+01 1.1111814339127264e+02
4.5551000000000003e-01 1.7203813466332143e+01 1.1106682222596794e+02
4.5650666666666673e-01 1.7093142289412075e+01 1.1101580704506657e+02
4.5750333333333337e-01 1.6982521806049203e+01 1.1096509602424932e+02
4.5850000000000007e-01 1.6871951714001000e+01 1.1091468735006666e+02
4.5949666666666672e-01 1.6761431712826976e+01 1.1086457921988179e+02
4.6049333333333337e-01 1.6650961503877898e+01 1.1081476984181757e+02
4.6149000000000007e-01 1.6540540790285114e+01 1.1076525743466456e+02
4.6248666666666671e-01 1.6430169276949968e+01 1.1071604022783723e+02
4.6348333333333336e-01 1.6319846670533209e+01 1.1066711646131674e+02
4.6448000000000006e-01 1.6209572679444509e+01 1.1061848438556315e+02
4.6547666666666671e-01 1.6099347013832070e+01 1.1057014226147531e+02
4.6647333333333341e-01 1.5989169385572204e+01 1.1052208836032378e+02
4.6747000000000005e-01 1.5879039508259078e+01 1.1047432096368004e+02
4.6846666666666670e-01 1.5768957097194438e+01 1.1042683836336049e+02
4.6946333333333340e-01 1.5658921869377442e+01 1.1037963886137049e+02
4.7046000000000004e-01 1.5548933543494559e+01 1.1033272076983758e+02
4.7145666666666669e-01 1.5438991839909468e+01 1.1028608241095176e+02
4.7245333333333339e-01 1.5329096480653082e+01 1.1023972211690676e+02
4.7345000000000004e-01 1.5219247189413622e+01 1.1019363822983985e+02
4.7444666666666674e-01 1.5109443691526698e+01 1.1014782910177317e+02
4.7544333333333338e-01 1.4999685713965530e+01 1.1010229309455421e+02
4.7644000000000003e-01 1.4889972985331148e+01 1.1005702857979573e+02
4.7743666666666673e-01 1.4780305235842700e+01 1.1001203393882101e+02
4.7843333333333338e-01 1.4670682197327825e+01 1.0996730756260584e+02
4.7943000000000002e-01 1.4561103603213024e+01 1.0992284785171532e+02
4.8042666666666672e-01 1.4451569188514149e+01 1.0987865321625218e+02
4.8142333333333337e-01 1.4342078689826947e+01 1.0983472207579835e+02
4.8242000000000007e-01 1.4232631845317590e+01 1.0979105285935921e+02
4.8341666666666672e-01 1.4123228394713367e+01 1.0974764400530724e+02
4.8441333333333336e-01 1.4013868079293333e+01 1.0970449396132136e+02
4.8541000000000006e-01 1.3904550641879075e+01 1.0966160118434001e+02
4.8640666666666671e-01 1.3795275826825531e+01 1.0961896414050065e+02
4.8740333333333336e-01 1.3686043380011817e+01 1.0957658130508449e+02
4.8840000000000006e-01 1.3576853048832151e+01 1.0953445116246556e+02
4.8939666666666670e-01 1.3467704582186842e+01 1.0949257220605254e+02
4.9039333333333340e-01 1.3358597730473269e+01 1.0945094293823459e+02
4.9139000000000005e-01 1.3249532245577001e+01 1.0940956187033396e+02
4.9238666666666669e-01 1.3140507880862884e+01 1.0936842752254823e+02
4.9338333333333340e-01 1.3031524391166236e+01 1.0932753842389403e+02
4.9438000000000004e-01 1.2922581532784104e+01 1.0928689311216166e+02
4.9537666666666674e-01 1.2813679063466500e+01 1.0924649013385809e+02
4.9637333333333339e-01 1.2704816742407791e+01 1.0920632804415602e+02
4.9737000000000003e-01 1.2595994330238046e+01 1.0916640540684237e+02
4.9836666666666674e-01 1.2487211589014489e+01 1.0912672079426829e+02
4.9936333333333338e-01 1.2378468282213012e+01 1.0908727278729603e+02
5.0036000000000003e-01 1.2269764174719681e+01 1.0904805997524679e+02
5.0135666666666667e-01 1.2161099032822351e+01 1.0900908095585514e+02
5.0235333333333332e-01 1.2052472624202302e+01 1.0897033433521631e+02
5.0335000000000008e-01 1.1943884717925922e+01 1.0893181872773300e+02
5.0434666666666672e-01 1.1835335084436494e+01 1.0889353275607371e+02
5.0534333333333337e-01 1.1726823495545913e+01 1.0885547505111641e+02
5.0634000000000001e-01 1.1618349724426579e+01 1.0881764425189880e+02
5.0733666666666666e-01 1.1509913545603272e+01 1.0878003900557887e+02
5.0833333333333330e-01 1.1401514734945085e+01 1.0874265796737602e+02
5.0933000000000006e-01 1.1293153069657404e+01 1.0870549980052760e+02
5.1032666666666671e-01 1.1184828328273980e+01 1.0866856317624628e+02
5.1132333333333335e-01 1.1076540290648946e+01 1.0863184677366003e+02
5.1232000000000000e-01 1.0968288737948987e+01 1.0859534927977435e+02
5.1331666666666675e-01 1.0860073452645493e+01 1.0855906938942478e+02
5.1431333333333340e-01 1.0751894218506825e+01 1.0852300580522859e+02
5.1531000000000005e-01 1.0643750820590517e+01 1.0848715723753517e+02
5.1630666666666669e-01 1.0535643045235631e+01 1.0845152240438379e+02
5.1730333333333334e-01 1.0427570680055103e+01 1.0841610003146192e+02
5.1830000000000009e-01 1.0319533513928144e+01 1.0838088885204725e+02
5.1929666666666674e-01 1.0211531336992735e+01 1.0834588760697285e+02
5.2029333333333339e-01 1.0103563940638045e+01 1.0831109504458291e+02
5.2129000000000003e-01 9.9956311174970249e+00 1.0827650992067974e+02
5.2228666666666668e-01 9.8877326614389780e+00 1.0824213099848227e+02
5.2328333333333343e-01 9.7798683675621785e+00 1.0820795704858742e+02
5.2428000000000008e-01 9.6720380321865900e+00 1.0817398684892039e+02
5.2527666666666673e-01 9.5642414528465096e+00 1.0814021918469190e+02
5.2627333333333337e-01 9.4564784282833756e+00 1.0810665284835889e+02
5.2727000000000002e-01 9.3487487584385587e+00 1.0807328663957284e+02
5.2826666666666677e-01 9.2410522444462000e+00 1.0804011936514225e+02
5.2926333333333342e-01 9.1333886886261411e+00 1.0800714983899370e+02
5.3026000000000006e-01 9.0257578944767864e+00 1.0797437688212266e+02
5.3125666666666671e-01 8.9181596666681244e+00 1.0794179932255335e+02
5.3225333333333336e-01 8.8105938110347299e+00 1.0790941599530031e+02
5.3325000000000000e-01 8.7030601345688172e+00 1.0787722574232123e+02
5.3424666666666676e-01 8.5955584454133334e+00 1.0784522741247764e+02
5.3524333333333340e-01 8.4880885528551389e+00 1.0781341986149702e+02
5.3624000000000005e-01 8.3806502673181171e+00 1.0778180195192797e+02
5.3723666666666670e-01 8.2732434003564475e+00 1.0775037255309925e+02
5.3823333333333334e-01 8.1641243509120560e+00 1.1121761964300842e+02
5.3923000000000010e-01 8.0542402721358677e+00 1.0928554846972357e+02
5.4022666666666674e-01 7.9488673836117707e+00 1.0216506395321665e+02
5.4122333333333339e-01 7.8474923333317239e+00 1.0126313058868739e+02
5.4222000000000004e-01 7.7446867711894791e+00 1.0503565631883224e+02
5.4321666666666668e-01 7.6369095133154330e+00 1.1123977754213422e+02
5.4421333333333344e-01 7.5225050393397712e+00 1.1833441772673200e+02
5.4521000000000008e-01 7.4007591562847459e+00 1.2597170211613275e+02
5.4620666666666673e-01 7.2710797907862892e+00 1.3425444938579207e+02
5.4720333333333337e-01 7.1329443757536142e+00 1.4294036338881213e+02
5.4820000000000002e-01 6.9863232900415415e+00 1.5128255108358064e+02
5.4919666666666667e-01 6.8319777465773477e+00 1.5844094750678090e+02
5.5019333333333342e-01 6.6712850940188950e+00 1.6401922485128875e+02
5.5119000000000007e-01 6.5056923010876506e+00 1.6827400511108161e+02
5.5218666666666671e-01 6.3361988768182185e+00 1.7184657870718451e+02
5.5318333333333336e-01 6.1632272149424159e+00 1.7525374612720913e+02
5.5418000000000001e-01 5.9869203586461195e+00 1.7853927654095202e+02
5.5517666666666676e-01 5.8075975701436970e+00 1.8130578399899386e+02
5.5617333333333341e-01 5.6260106371794105e+00 1.8308271024372996e+02
5.5717000000000005e-01 5.4432304414774428e+00 1.8370029116490824e+02
5.5816666666666670e-01 5.2603425745765389e+00 1.8329877285029175e+02
5.5916333333333335e-01 5.0783370867025637e+00 1.8192963091020050e+02
5.6016000000000010e-01 4.8981037241210945e+00 1.7974266858435379e+02
5.6115666666666675e-01 4.7201970285326089e+00 1.7726073393435468e+02
5.6215333333333339e-01 4.5447052482155961e+00 1.7489668476200038e+02
5.6315000000000004e-01 4.3713937993141219e+00 1.7288548694665118e+02
5.6414666666666669e-01 4.1997738384569629e+00 1.7150239437207026e+02
5.6514333333333344e-01 4.0292062924074283e+00 1.7077361776743373e+02
5.6614000000000009e-01 3.8594381109933464e+00 1.6989831818056373e+02
5.6713666666666673e-01 3.6909072712306434e+00 1.6829065793189091e+02
5.6813333333333338e-01 3.5242371596218174e+00 1.6616441553064342e+02
5.6913000000000002e-01 3.3598819257880681e+00 1.6364541824946215e+02
5.7012666666666667e-01 3.1981889534928274e+00 1.6082208468413845e+02
5.7112333333333343e-01 3.0393116371059561e+00 1.5799527261390239e+02
5.7212000000000007e-01 2.8830566982228523e+00 1.5555978868999176e+02
5.7311666666666672e-01 2.7290549662421864e+00 1.5347378719095011e+02
5.7411333333333336e-01 2.5771871388640797e+00 1.5127770587549136e+02
5.7511000000000001e-01 2.4278754178834658e+00 1.4834447669430818e+02
5.7610666666666677e-01 2.2821364987817310e+00 1.4410820377737386e+02
5.7710333333333341e-01 2.1413629285465063e+00 1.3838056592542432e+02
5.7810000000000006e-01 2.0068895338066932e+00 1.3146571114444035e+02
5.7909666666666670e-01 1.8794698578279101e+00 1.2422594633807277e+02
5.8009333333333335e-01 1.7590295257622084e+00 1.1746033874360785e+02
5.8109000000000011e-01 1.6450332116607731e+00 1.1129480661042236e+02
5.8208666666666675e-01 1.5369947215531710e+00 1.0550483909045619e+02
5.8308333333333340e-01 1.4346051511833400e+00 9.9959181718573419e+01
5.8408000000000004e-01 1.3376550290990072e+00 9.4589558249991171e+01
5.8507666666666669e-01 1.2460599491503399e+00 8.9213277767405259e+01
5.8607333333333345e-01 1.1599300053208017e+00 8.3622729917270959e+01
5.8707000000000009e-01 1.0793328091559828e+00 7.8110774092402281e+01
5.8806666666666674e-01 1.0038662623609904e+00 7.3327112452736117e+01
5.8906333333333338e-01 9.3258614755139946e-01 6.9709907232064666e+01
5.9006000000000003e-01 8.6424890910756247e-01 6.7421674929483927e+01
5.9105666666666667e-01 7.9758135787968376e-01 6.6359364323787261e+01
5.9205333333333343e-01 7.3165991755257087e-01 6.5924462419571114e+01
5.9305000000000008e-01 6.6638414304178795e-01 6.5063713856250288e+01
5.9404666666666672e-01 6.0239672115782994e-01 6.3339139422597938e+01
5.9504333333333337e-01 5.4043403503850995e-01 6.1000698943933138e+01
5.9604000000000001e-01 4.8101026862066587e-01 5.8244317279167845e+01
5.9703666666666677e-01 4.2440876531304711e-01 5.5337294709354524e+01
5.9803333333333342e-01 3.7055575916044425e-01 5.2728938372793934e+01
5.9903000000000006e-01 3.1885562378175680e-01 5.1017152688119502e+01
6.0002666666666671e-01 2.6845840323001730e-01 5.0114393569553904e+01
6.0102333333333335e-01 2.1916562763402481e-01 4.8800875184948147e+01
6.0202000000000011e-01 1.7203395981812317e-01 4.5777722438926205e+01
6.0301666666666676e-01 1.2900747860293862e-01 4.0563042541379048e+01
6.0401333333333340e-01 9.2041375946578713e-02 3.3616427672053796e+01
6.0501000000000005e-01 6.2244442796551717e-02 2.6176749217633738e+01
6.0600666666666669e-01 3.9278439045432156e-02 1.9908877038794451e+01
6.0700333333333334e-01 2.1916710260677930e-02 1.4930712495830157e+01
6.0800000000000010e-01 9.5501443618195535e-03 9.8851388062245480e+00
6.0899666666666674e-01 2.5514328380647961e-03 4.1590983651899744e+00
6.0999333333333339e-01 2.3940774303925140e-04 4.8041687566405972e-01
6.1099000000000003e-01 0.0000000000000000e+00 -0.0000000000000000e+00
6.1198666666666668e-01 1.1189996252791462e-03 -2.2454841978846214e+00
6.1298333333333344e-01 5.8014016967058660e-03 -7.1506403601614590e+00
6.1398000000000008e-01 1.6012117750077614e-02 -1.3339090850618399e+01
6.1497666666666673e-01 3.2346007676531688e-02 -1.9437945791096162e+01
6.1597333333333337e-01 5.4147791956532881e-02 -2.4311454101883729e+01
6.1697000000000002e-01 7.9972004241336520e-02 -2.7509707673643046e+01
6.1796666666666678e-01 1.0846349639349293e-01 -2.9663855173488386e+01
6.1896333333333342e-01 1.3917081173254700e-01 -3.1956175607223447e+01
6.1996000000000007e-01 1.7260917180461433e-01 -3.5144212497260881e+01
6.2095666666666671e-01 2.0938896320582440e-01 -3.8661388976740774e+01
6.2195333333333336e-01 2.4919984731093739e-01 -4.1226672772651519e+01
6.2295000000000011e-01 2.9067176775398990e-01 -4.1994572263566688e+01
6.2394666666666676e-01 3.3199172570951824e-01 -4.0921731326124025e+01
6.2494333333333341e-01 3.7171044466396719e-01 -3.8781383632638125e+01
6.2594000000000005e-01 4.0940726398080257e-01 -3.6864407638605009e+01
6.2693666666666670e-01 4.4562149436014764e-01 -3.5806288774797970e+01
6.2793333333333334e-01 4.8105267038204907e-01 -3.5293061101928764e+01
6.2893000000000010e-01 5.1600960193932233e-01 -3.4854627641757055e+01
6.2992666666666675e-01 5.5040025081347010e-01 -3.4156707891651372e+01
6.3092333333333339e-01 5.8386685079683542e-01 -3.3000348931156793e+01
6.3192000000000004e-01 6.1588601050988423e-01 -3.1252145476300385e+01
6.3291666666666668e-01 6.4586327670893795e-01 -2.8902903752571127e+01
6.3391333333333344e-01 6.7349031487516309e-01 -2.6535968821788764e+01
6.3491000000000009e-01 6.9909263183963044e-01 -2.4839918063431139e+01
6.3590666666666673e-01 7.2347457418182959e-01 -2.4087056536300572e+01
6.3690333333333338e-01 7.4759187182676945e-01 -2.4308858470268728e+01
6.3790000000000002e-01 7.7235833111964003e-01 -2.5389722050542826e+01
6.3889666666666678e-01 7.9845962393194347e-01 -2.6987454161432542e+01
6.3989333333333343e-01 8.2612320763658165e-01 -2.8524753941521553e+01
6.4089000000000007e-01 8.5509034188880328e-01 -2.9603274658255497e+01
6.4188666666666672e-01 8.8484167467422581e-01 -3.0098396483061908e+01
6.4288333333333336e-01 9.1479444617036365e-01 -3.0007499495811309e+01
6.4388000000000001e-01 9.4443881057864376e-01 -2.9479519383681705e+01
6.4487666666666676e-01 9.7350162104260984e-01 -2.8840501614238317e+01
6.4587333333333341e-01 1.0020647007234242e+00 -2.8476715136561051e+01
6.4687000000000006e-01 1.0303981069779635e+00 -2.8379618484589116e+01
6.4786666666666670e-01 1.0585303218641036e+00 -2.8072986638101188e+01
6.4886333333333335e-01 1.0860122077731040e+00 -2.7074610503707024e+01
6.4986000000000010e-01 1.1120598464357769e+00 -2.5194898518374483e+01
6.5085666666666675e-01 1.1358511842771881e+00 -2.2546916548003306e+01
6.5185333333333340e-01 1.1568274075686669e+00 -1.9545839220851409e+01
6.5285000000000004e-01 1.1748881045970991e+00 -1.6696362173996938e+01
6.5384666666666669e-01 1.1904054044690848e+00 -1.4442032217948167e+01
6.5484333333333344e-01 1.2040393900888768e+00 -1.2917136249859446e+01
6.5584000000000009e-01 1.2164834497145505e+00 -1.2054220858516359e+01
6.5683666666666674e-01 1.2283692519978726e+00 -1.1796887402331471e+01
6.5783333333333338e-01 1.2402605961717295e+00 -1.2065341709087633e+01
6.5883000000000003e-01 1.2526101198281261e+00 -1.2716311113113699e+01
6.5982666666666678e-01 1.2656588340111592e+00 -1.3468399622067221e+01
6.6082333333333343e-01 1.2793601004721726e+00 -1.4025780567257847e+01
6.6182000000000007e-01 1.2934846055125140e+00 -1.4317707808009816e+01
6.6281666666666672e-01 1.3077861281603862e+00 -1.4380999846584013e+01
6.6381333333333337e-01 1.3220415558970815e+00 -1.4225209658490904e+01
6.6481000000000001e-01 1.3360544762318434e+00 -1.3894362919627053e+01
6.6580666666666677e-01 1.3498823096766639e+00 -1.3853797839207477e+01
6.6680333333333341e-01 1.3638680894078887e+00 -1.4211311989337812e+01
6.6780000000000006e-01 1.3781435839040579e+00 -1.4435165260500741e+01
6.6879666666666671e-01 1.3924453210079160e+00 -1.4263972740553051e+01
6.6979333333333335e-01 1.4063645889241143e+00 -1.3667668562855539e+01
6.7079000000000011e-01 1.4194514552193307e+00 -1.2593601594766854e+01
6.7178666666666675e-01 1.4312007284971036e+00 -1.0983535417487058e+01
6.7278333333333340e-01 1.4413282159718379e+00 -9.3391819231174349e+00
6.7378000000000005e-01 1.4499692405382645e+00 -8.0006667051638161e+00
6.7477666666666669e-01 1.4574925416411217e+00 -7.0962585848511699e+00
6.7577333333333345e-01 1.4644038747269941e+00 -6.7726372396403889e+00
6.7677000000000009e-01 1.4712990979726883e+00 -7.0639311463685424e+00
6.7776666666666674e-01 1.4787805185402008e+00 -7.9489529355966413e+00
6.7876333333333339e-01 1.4874034765406323e+00 -9.3546417140990599e+00
6.7976000000000003e-01 1.4976147192205966e+00 -1.1136146272451921e+01
6.8075666666666679e-01 1.5096236936916918e+00 -1.2962130258171765e+01
6.8175333333333343e-01 1.5233448705645563e+00 -1.4572003934867681e+01
6.8275000000000008e-01 1.5385804989343208e+00 -1.6001163362319538e+01
6.8374666666666672e-01 1.5551870745547975e+00 -1.7323068652015881e+01
6.8474333333333337e-01 1.5731233094046626e+00 -1.8669375862764337e+01
6.8574000000000002e-01 1.5923346649765424e+00 -1.9881839331644059e+01
6.8673666666666677e-01 1.6127132263519968e+00 -2.1011594866588354e+01
6.8773333333333342e-01 1.6344350524290459e+00 -2.2577353783009290e+01
6.8873000000000006e-01 1.6579952271863063e+00 -2.4700588873701673e+01
6.8972666666666671e-01 1.6839059125395766e+00 -2.7294097453931904e+01
6.9072333333333336e-01 1.7126080453581998e+00 -3.0302155693808096e+01
6.9172000000000011e-01 1.7444110294981201e+00 -3.3516541576929079e+01
6.9271666666666676e-01 1.7792427017191730e+00 -3.6379790639232056e+01
6.9371333333333340e-01 1.8169572699518466e+00 -3.9301617185532422e+01
6.9471000000000005e-01 1.8582222362902994e+00 -4.3504335333103683e+01
6.9570666666666670e-01 1.9044894274883617e+00 -4.9339526602809350e+01
6.9670333333333345e-01 1.9573680800043687e+00 -5.6771481790506222e+01
6.9770000000000010e-01 2.0183723375120657e+00 -6.5645088459055231e+01
6.9869666666666674e-01 2.0886327236138285e+00 -7.5345652882277960e+01
6.9969333333333339e-01 2.1684032533131874e+00 -8.4728988654900533e+01
7.0069000000000004e-01 2.2571918735216521e+00 -9.3442155576135647e+01
7.0168666666666668e-01 2.3544741679773264e+00 -1.0177315102388415e+02
7.0268333333333344e-01 2.4598032871449420e+00 -1.0958962991445581e+02
7.0368000000000008e-01 2.5726997228660045e+00 -1.1695840163283130e+02
7.0467666666666673e-01 2.6929571227689810e+00 -1.2436079549689300e+02
7.0567333333333337e-01 2.8209895277986043e+00 -1.3256041860937975e+02
7.0667000000000002e-01 2.9576406824011912e+00 -1.4165594514163666e+02
7.0766666666666678e-01 3.1033082921425996e+00 -1.5065363962370532e+02
7.0866333333333342e-01 3.2573641139022116e+00 -1.5848847761966991e+02
7.0966000000000007e-01 3.4184098833689220e+00 -1.6468029054096007e+02
7.1065666666666671e-01 3.5849280688436491e+00 -1.6946991442505461e+02
7.1165333333333336e-01 3.7559539981167056e+00 -1.7372593027004902e+02
7.1265000000000012e-01 3.9314572077622341e+00 -1.7845442353365505e+02
7.1364666666666676e-01 4.1118842175946657e+00 -1.8360646576220131e+02
7.1464333333333341e-01 4.2971280976767936e+00 -1.8812038390094008e+02
7.1564000000000005e-01 4.4861361652592553e+00 -1.9116001927457705e+02
7.1663666666666670e-01 4.6773219822344423e+00 -1.9249044957195997e+02
7.1763333333333346e-01 4.8691875299043774e+00 -1.9252402735764139e+02
7.1863000000000010e-01 5.0608860040307109e+00 -1.9215518493601158e+02
7.1962666666666675e-01 5.2523970102722588e+00 -1.9214783762228640e+02
7.2062333333333339e-01 5.4440172401677707e+00 -1.9237436283694214e+02
7.2162000000000004e-01 5.6356548161501054e+00 -1.9218264582326907e+02
7.2261666666666668e-01 5.8266836653064988e+00 -1.9115283743371609e+02
7.2361333333333344e-01 6.0162242002556381e+00 -1.8919606212974051e+02
7.2461000000000009e-01 6.2034475183029114e+00 -1.8650290385141716e+02
7.2560666666666673e-01 6.3877519361059401e+00 -1.8333873722490145e+02
7.2660333333333338e-01 6.5689304829931316e+00 -1.8023025318418712e+02
7.2760000000000002e-01 6.7473279793692180e+00 -1.7775803385813370e+02
7.2859666666666678e-01 6.9236176246978287e+00 -1.7600045175108593e+02
7.2959333333333343e-01 7.0983969595487473e+00 -1.7472731049156752e+02
7.3059000000000007e-01 7.2720330716475399e+00 -1.7370635927190332e+02
7.3158666666666672e-01 7.4446760871242343e+00 -1.7273447446060092e+02
7.3258333333333336e-01 7.6162374685858456e+00 -1.7153585623160328e+02
7.3358000000000012e-01 7.7864240683157400e+00 -1.6997571513270233e+02
7.3457666666666677e-01 7.9548608029753298e+00 -1.6802442130795393e+02
7.3557333333333341e-01 8.1210831025851782e+00 -1.6553203275863947e+02
7.3657000000000006e-01 8.2845083403787214e+00 -1.6241158823175516e+02
7.3756666666666670e-01 8.4445624842101417e+00 -1.5876729571090112e+02
7.3856333333333335e-01 8.6008526137562544e+00 -1.5485838230806073e+02
7.3956000000000011e-01 8.7531691928746245e+00 -1.5079361592275529e+02
7.4055666666666675e-01 8.9010421431243802e+00 -1.4594140130084011e+02
7.4155333333333340e-01 9.0432472698732038e+00 -1.3942005705801051e+02
7.4255000000000004e-01 9.1790769406948822e+00 -1.3314784425640147e+02
7.4354666666666669e-01 9.3116434001088919e+00 -1.3287180674161675e+02
7.4454333333333345e-01 9.4486617871289855e+00 -1.4208147824851429e+02
7.4554000000000009e-01 9.5917109573352892e+00 -1.4497371280092958e+02
7.4653666666666674e-01 9.7340039859322687e+00 -1.4056413722646107e+02
7.4753333333333338e-01 9.8741037463472061e+00 -1.4057250574666273e+02
7.4853000000000003e-01 1.0014211851545760e+01 -1.4058088261164582e+02
7.4952666666666679e-01 1.0154328309849060e+01 -1.4058926782973330e+02
7.5052333333333343e-01 1.0294453129586486e+01 -1.4059766140925475e+02
7.5152000000000008e-01 1.0434586319095770e+01 -1.4060606335854550e+02
7.5251666666666672e-01 1.0574727886722942e+01 -1.4061447368595267e+02
7.5351333333333337e-01 1.0714877840822355e+01 -1.4062289239983375e+02
7.5451000000000013e-01 1.0855036189756712e+01 -1.4063131950854725e+02
7.5550666666666677e-01 1.0995202941897000e+01 -1.4063975502046466e+02
7.5650333333333342e-01 1.1135378105622607e+01 -1.4064819894396848e+02
7.5750000000000006e-01 1.1275561689321258e+01 -1.4065665128744425e+02
7.5849666666666671e-01 1.1415753701389043e+01 -1.4066511205928742e+02
7.5949333333333335e-01 1.1555954150230423e+01 -1.4067358126790452e+02
7.6049000000000011e-01 1.1696163044258258e+01 -1.4068205892170573e+02
7.6148666666666676e-01 1.1836380391893746e+01 -1.4069054502911334e+02
7.6248333333333340e-01 1.1976606201566533e+01 -1.4069903959855884e+02
7.6348000000000005e-01 1.2116840481714654e+01 -1.4070754263847775e+02
7.6447666666666669e-01 1.2257083240784556e+01 -1.4071605415731821e+02
7.6547333333333345e-01 1.2397334487231127e+01 -1.4072457416353342e+02
7.6647000000000010e-01 1.2537594229517637e+01 -1.4073310266558917e+02
7.6746666666666674e-01 1.2677862476115843e+01 -1.4074163967195457e+02
7.6846333333333339e-01 1.2818139235505933e+01 -1.4075018519110947e+02
7.6946000000000003e-01 1.2958424516176553e+01 -1.4075873923154586e+02
7.7045666666666679e-01 1.3098718326624830e+01 -1.4076730180175960e+02
7.7145333333333344e-01 1.3239020675356315e+01 -1.4077587291025580e+02
7.7245000000000008e-01 1.3379331570885086e+01 -1.4078445256554437e+02
7.7344666666666673e-01 1.3519651021733697e+01 -1.4079304077615618e+02
7.7444333333333337e-01 1.3659979036433203e+01 -1.4080163755061790e+02
7.7544000000000013e-01 1.3800315623523177e+01 -1.4081024289746625e+02
7.7643666666666677e-01 1.3940660791551663e+01 -1.4081885682525376e+02
7.7743333333333342e-01 1.4081014549075276e+01 -1.4082747934253575e+02
7.7843000000000007e-01 1.4221376904659145e+01 -1.4083611045787686e+02
7.7942666666666671e-01 1.4361747866876943e+01 -1.4084475017984994e+02
7.8042333333333336e-01 1.4502127444310890e+01 -1.4085339851703958e+02
7.8142000000000011e-01 1.4642515645551780e+01 -1.4086205547803436e+02
7.8241666666666676e-01 1.4782912479198929e+01 -1.4087072107143479e+02
7.8341333333333341e-01 1.4923317953860272e+01 -1.4087939530584873e+02
7.8441000000000005e-01 1.5063732078152313e+01 -1.4088807818989261e+02
7.8540666666666670e-01 1.5204154860700148e+01 -1.4089676973219019e+02
7.8640333333333345e-01 1.5344586310137489e+01 -1.4090546994137642e+02
7.8740000000000010e-01 1.5485026435106610e+01 -1.4091417882609539e+02
7.8839666666666675e-01 1.5625475244258450e+01 -1.4092289639499427e+02
7.8939333333333339e-01 1.5765932746252558e+01 -1.4093162265673402e+02
7.9039000000000004e-01 1.5906398949757120e+01 -1.4094035761998470e+02
7.9138666666666679e-01 1.6046873863448980e+01 -1.4094910129342225e+02
7.9238333333333344e-01 1.6187357496013586e+01 -1.4095785368573002e+02
7.9338000000000009e-01 1.6327849856145097e+01 -1.4096661480560331e+02
7.9437666666666673e-01 1.6468350952546324e+01 -1.4097538466174754e+02
7.9537333333333338e-01 1.6608860793928756e+01 -1.4098416326286923e+02
7.9637000000000002e-01 1.6749379389012567e+01 -1.4099295061769388e+02
7.9736666666666678e-01 1.6889906746526645e+01 -1.4100174673494718e+02
7.9836333333333342e-01 1.7030442875208536e+01 -1.4101055162336775e+02
7.9936000000000007e-01 1.7170987783804541e+01 -1.4101936529169993e+02
8.0035666666666672e-01 1.7311541481069671e+01 -1.4102818774869903e+02
8.0135333333333336e-01 1.7452103975767667e+01 -1.4103701900313507e+02
8.0235000000000012e-01 1.7592675276671024e+01 -1.4104585906377298e+02
8.0334666666666676e-01 1.7733255392560931e+01 -1.4105470793939421e+02
8.0434333333333341e-01 1.7873844332227392e+01 -1.4106356563879294e+02
8.0534000000000006e-01 1.8014442104469154e+01 -1.4107243217076552e+02
8.0633666666666670e-01 1.8155048718093735e+01 -1.4108130754411931e+02
8.0733333333333346e-01 1.8295664181917459e+01 -1.4109019176767637e+02
8.0833000000000010e-01 1.8436288504765390e+01 -1.4109908485025201e+02
8.0932666666666675e-01 1.8576921695471434e+01 -1.4110798680068132e+02
8.1032333333333340e-01 1.8717563762878299e+01 -1.4111689762781418e+02
8.1132000000000004e-01 1.8858214715837509e+01 -1.4112581734050252e+02
8.1231666666666680e-01 1.8998874563209426e+01 -1.4113474594759867e+02
8.1331333333333344e-01 1.9139543313863200e+01 -1.4114368345797317e+02
8.1431000000000009e-01 1.9280220976676873e+01 -1.4115262988050929e+02
8.1530666666666674e-01 1.9420907560537330e+01 -1.4116158522409251e+02
8.1630333333333338e-01 1.9561603074340312e+01 -1.4117054949761649e+02
8.1730000000000003e-01 1.9702307526990431e+01 -1.4117952270998489e+02
8.1829666666666678e-01 1.9843020927401191e+01 -1.4118850487011417e+02
8.1929333333333343e-01 1.9983743284494945e+01 -1.4119749598692300e+02
8.2029000000000007e-01 2.0124474607202984e+01 -1.4120649606934990e+02
8.2128666666666672e-01 2.0265214904465495e+01 -1.4121550512633203e+02
8.2228333333333337e-01 2.0405964185231571e+01 -1.4122452316680690e+02
8.2328000000000012e-01 2.0546722458459250e+01 -1.4123355019974628e+02
8.2427666666666677e-01 2.0687489733115456e+01 -1.4124258623411870e+02
8.2527333333333341e-01 2.0828266018176102e+01 -1.4125163127888939e+02
8.2627000000000006e-01 2.0969051322626033e+01 -1.4126068534305082e+02
8.2726666666666671e-01 2.1109845655459054e+01 -1.4126974843559390e+02
8.2826333333333346e-01 2.1250649025677955e+01 -1.4127882056551900e+02
8.2926000000000011e-01 2.1391461442294453e+01 -1.4128790174184445e+02
8.3025666666666675e-01 2.1532282914329308e+01 -1.4129699197358730e+02
8.3125333333333340e-01 2.1673113450812245e+01 -1.4130609126977379e+02
8.3225000000000005e-01 2.1813953060782005e+01 -1.4131519963944726e+02
8.3324666666666669e-01 2.1954801753286336e+01 -1.4132431709165576e+02
8.3424333333333345e-01 2.2095659537382023e+01 -1.4133344363545123e+02
8.3524000000000009e-01 2.2236526422134840e+01 -1.4134257927990737e+02
8.3623666666666674e-01 2.2377402416619649e+01 -1.4135172403409464e+02
8.3723333333333338e-01 2.2518287529920336e+01 -1.4136087790709095e+02
8.3823000000000003e-01 2.2659181771129855e+01 -1.4137004090800133e+02
8.3922666666666679e-01 2.2800085149350238e+01 -1.4137921304592058e+02
8.4022333333333343e-01 2.2940997673692546e+01 -1.4138839432995800e+02
8.4122000000000008e-01 2.3081919353276977e+01 -1.4139758476923748e+02
8.4221666666666672e-01 2.3222850197232798e+01 -1.4140678437288514e+02
8.4321333333333337e-01 2.3363790214698390e+01 -1.4141599315004513e+02
8.4421000000000013e-01 2.3504739414821255e+01 -1.4142521110986220e+02
8.4520666666666677e-01 2.3645697806757976e+01 -1.4143443826148845e+02
8.4620333333333342e-01 2.3786665399674305e+01 -1.4144367461409587e+02
8.4720000000000006e-01 2.3927642202745126e+01 -1.4145292017685509e+02
8.4819666666666671e-01 2.4068628225154466e+01 -1.4146217495895309e+02
8.4919333333333347e-01 2.4209623476095533e+01 -1.4147143896958272e+02
8.5019000000000011e-01 2.4350627964770649e+01 -1.4148071221794248e+02
8.5118666666666676e-01 2.4491641700391355e+01 -1.4148999471324700e+02
8.5218333333333340e-01 2.4632664692178373e+01 -1.4149928646471872e+02
8.5318000000000005e-01 2.4773696949361611e+01 -1.4150858748158637e+02
8.5417666666666670e-01 2.4914738481180187e+01 -1.4151789777308682e+02
8.5517333333333345e-01 2.5055789296882441e+01 -1.4152721734846816e+02
8.5617000000000010e-01 2.5196849405725892e+01 -1.4153654621699118e+02
8.5716666666666674e-01 2.5337918816977339e+01 -1.4154588438792416e+02
8.5816333333333339e-01 2.5478997539912804e+01 -1.4155523187053572e+02
8.5916000000000003e-01 2.5620085583817552e+01 -1.4156458867411811e+02
8.6015666666666679e-01 2.5761182957986136e+01 -1.4157395480796205e+02
8.6115333333333344e-01 2.5902289671722318e+01 -1.4158333028137301e+02
8.6215000000000008e-01 2.6043405734339192e+01 -1.4159271510366551e+02
8.6314666666666673e-01 2.6184531155159121e+01 -1.4160210928415464e+02
8.6414333333333337e-01 2.6325665943513759e+01 -1.4161151283218234e+02
8.6514000000000013e-01 2.6466810108744092e+01 -1.4162092575708587e+02
8.6613666666666678e-01 2.6607963660200362e+01 -1.4163034806820809e+02
8.6713333333333342e-01 2.6749126607242182e+01 -1.4163977977491692e+02
8.6813000000000007e-01 2.6890298959238493e+01 -1.4164922088658452e+02
8.6912666666666671e-01 2.7031480725567572e+01 -1.4165867141257860e+02
8.7012333333333336e-01 2.7172671915617048e+01 -1.4166813136229291e+02
8.7112000000000012e-01 2.7313872538783926e+01 -1.4167760074512523e+02
8.7211666666666676e-01 2.7455082604474530e+01 -1.4168707957047542e+02
8.7311333333333341e-01 2.7596302122104621e+01 -1.4169656784777027e+02
8.7411000000000005e-01 2.7737531101099329e+01 -1.4170606558642822e+02
8.7510666666666670e-01 2.7878769550893175e+01 -1.4171557279588043e+02
8.7610333333333346e-01 2.8020017480930111e+01 -1.4172508948557464e+02
8.7710000000000010e-01 2.8161274900663461e+01 -1.4173461566496587e+02
8.7809666666666675e-01 2.8302541819556019e+01 -1.4174415134351668e+02
8.7909333333333339e-01 2.8443818247079999e+01 -1.4175369653069529e+02
8.8009000000000004e-01 2.8585104192717061e+01 -1.4176325123598642e+02
8.8108666666666680e-01 2.8726399665958333e+01 -1.4177281546888227e+02
8.8208333333333344e-01 2.8867704676304367e+01 -1.4178238923888256e+02
8.8308000000000009e-01 2.9009019233265228e+01 -1.4179197255549423e+02
8.8407666666666673e-01 2.9150343346360451e+01 -1.4180156542823912e+02
8.8507333333333338e-01 2.9291677025119064e+01 -1.4181116786664643e+02
8.8607000000000014e-01 2.9433020279079617e+01 -1.4182077988025654e+02
8.8706666666666678e-01 2.9574373117790117e+01 -1.4183040147861360e+02
8.8806333333333343e-01 2.9715735550808141e+01 -1.4184003267127639e+02
8.8906000000000007e-01 2.9857107587700785e+01 -1.4184967346781659e+02
8.9005666666666672e-01 2.9998489238044684e+01 -1.4185932387780335e+02
8.9105333333333336e-01 3.0139880511426014e+01 -1.4186898391082823e+02
8.9205000000000012e-01 3.0281281417440539e+01 -1.4187865357648332e+02
8.9304666666666677e-01 3.0422691965693531e+01 -1.4188833288437698e+02
8.9404333333333341e-01 3.0564112165799898e+01 -1.4189802184412315e+02
8.9504000000000006e-01 3.0705542027384112e+01 -1.4190772046534525e+02
8.9603666666666670e-01 3.0846981560080248e+01 -1.4191742875767940e+02
8.9703333333333346e-01 3.0988430773532002e+01 -1.4192714673076756e+02
8.9803000000000011e-01 3.1129889677392640e+01 -1.4193687439426620e+02
8.9902666666666675e-01 3.1271358281325099e+01 -1.4194661175783034e+02
9.0002333333333340e-01 3.1412836595001934e+01 -1.4195635883113854e+02
9.0102000000000004e-01 3.1554324628105345e+01 -1.4196611562387514e+02
9.0201666666666680e-01 3.1695822390327212e+01 -1.4197588214573017e+02
9.0301333333333345e-01 3.1837329891369020e+01 -1.4198565840640111e+02
9.0401000000000009e-01 3.1978847140941983e+01 -1.4199544441560178e+02
9.0500666666666674e-01 3.2120374148766977e+01 -1.4200524018305711e+02
9.0600333333333338e-01 3.2261910924574579e+01 -1.4201504571848699e+02
9.0700000000000014e-01 3.2403457478105075e+01 -1.4202486103164750e+02
9.0799666666666679e-01 3.2545013819108426e+01 -1.4203468613227537e+02
9.0899333333333343e-01 3.2686579957344357e+01 -1.4204452103012881e+02
9.0999000000000008e-01 3.2828155902582303e+01 -1.4205436573498991e+02
9.1098666666666672e-01 3.2969741664601457e+01 -1.4206422025662923e+02
9.1198333333333337e-01 3.3111337253190754e+01 -1.4207408460483791e+02
9.1298000000000012e-01 3.3252942678148905e+01 -1.4208395878941661e+02
9.1397666666666677e-01 3.3394557949284348e+01 -1.4209384282017510e+02
9.1497333333333342e-01 3.3536183076415348e+01 -1.4210373670692150e+02
9.1597000000000006e-01 3.3677818069369941e+01 -1.4211364045948784e+02
9.1696666666666671e-01 3.3819462937985961e+01 -1.4212355408771870e+02
9.1796333333333346e-01 3.3961117692111081e+01 -1.4213347760145754e+02
9.1896000000000011e-01 3.4102782341602733e+01 -1.4214341101056044e+02
9.1995666666666676e-01 3.4244456896328231e+01 -1.4215335432489618e+02
9.2095333333333340e-01 3.4386141366164715e+01 -1.4216330755433947e+02
9.2195000000000005e-01 3.4527835760999167e+01 -1.4217327070878488e+02
9.2294666666666680e-01 3.4669540090728454e+01 -1.4218324379812572e+02
9.2394333333333345e-01 3.4811254365259259e+01 -1.4219322683226082e+02
9.2494000000000010e-01 3.4952978594508188e+01 -1.4220321982111611e+02
9.2593666666666674e-01 3.5094712788401722e+01 -1.4221322277461607e+02
9.2693333333333339e-01 3.5236456956876246e+01 -1.4222323570269182e+02
9.2793000000000003e-01 3.5378211109878038e+01 -1.4223325861529477e+02
9.2892666666666679e-01 3.5519975257363328e+01 -1.4224329152237897e+02
9.2992333333333344e-01 3.5661749409298210e+01 -1.4225333443391094e+02
9.3092000000000008e-01 3.5803533575658776e+01 -1.4226338735987358e+02
9.3191666666666673e-01 3.5945327766431049e+01 -1.4227345031024495e+02
9.3291333333333337e-01 3.6087131991611002e+01 -1.4228352329502303e+02
9.3391000000000013e-01 3.6228946261204598e+01 -1.4229360632420799e+02
9.3490666666666677e-01 3.6370770585227724e+01 -1.4230369940782711e+02
9.3590333333333342e-01 3.6512604973706310e+01 -1.4231380255590238e+02
9.3690000000000007e-01 3.6654449436676266e+01 -1.4232391577845829e+02
9.3789666666666671e-01 3.6796303984183496e+01 -1.4233403908555329e+02
9.3889333333333347e-01 3.6938168626283954e+01 -1.4234417248724472e+02
9.3989000000000011e-01 3.7080043373043573e+01 -1.4235431599359546e+02
9.4088666666666676e-01 3.7221928234538360e+01 -1.4236446961467740e+02
9.4188333333333341e-01 3.7363823220854364e+01 -1.4237463336058278e+02
9.4288000000000005e-01 3.7505728342087679e+01 -1.4238480724139853e+02
9.4387666666666681e-01 3.7647643608344495e+01 -1.4239499126723902e+02
9.4487333333333345e-01 3.7789569029741031e+01 -1.4240518544822061e+02
9.4587000000000010e-01 3.7931504616403629e+01 -1.4241538979446156e+02
9.4686666666666675e-01 3.8073450378468728e+01 -1.4242560431610397e+02
9.4786333333333339e-01 3.8215406326082856e+01 -1.4243582902329624e+02
9.4886000000000004e-01 3.8357372469402684e+01 -1.4244606392619662e+02
9.4985666666666679e-01 3.8499348818595010e+01 -1.4245630903496584e+02
9.5085333333333344e-01 3.8641335383836726e+01 -1.4246656435978437e+02
9.5185000000000008e-01 3.8783332175314918e+01 -1.4247682991083826e+02
9.5284666666666673e-01 3.8925339203226812e+01 -1.4248710569831943e+02
9.5384333333333338e-01 3.9067356477779811e+01 -1.4249739173244680e+02
9.5484000000000013e-01 3.9209384009191503e+01 -1.4250768802343100e+02
9.5583666666666678e-01 3.9351421807689626e+01 -1.4251799458149884e+02
9.5683333333333342e-01 3.9493469883512155e+01 -1.4252831141688978e+02
9.5783000000000007e-01 3.9635528246907263e+01 -1.4253863853984927e+02
9.5882666666666672e-01 3.9777596908133340e+01 -1.4254897596064257e+02
9.5982333333333347e-01 3.9919675877459028e+01 -1.4255932368953728e+02
9.6082000000000012e-01 4.0061765165163152e+01 -1.4256968173680303e+02
9.6181666666666676e-01 4.0203864781534833e+01 -1.4258005011273275e+02
9.6281333333333341e-01 4.0345974736873451e+01 -1.4259042882763964e+02
9.6381000000000006e-01 4.0488095041488641e+01 -1.4260081789181820e+02
9.6480666666666670e-01 4.0630225705700326e+01 -1.4261121731558359e+02
9.6580333333333346e-01 4.0772366739838731e+01 -1.4262162710927834e+02
9.6680000000000010e-01 4.0914518154244334e+01 -1.4263204728323976e+02
9.6779666666666675e-01 4.1056679959267974e+01 -1.4264247784781782e+02
9.6879333333333340e-01 4.1198852165270800e+01 -1.4265291881337913e+02
9.6979000000000004e-01 4.1341034782624291e+01 -1.4266337019028879e+02
9.7078666666666680e-01 4.1483227821710280e+01 -1.4267383198892489e+02
9.7178333333333344e-01 4.1625431292920901e+01 -1.4268430421968543e+02
9.7278000000000009e-01 4.1767645206658706e+01 -1.4269478689297020e+02
9.7377666666666673e-01 4.1909869573336600e+01 -1.4270528001919942e+02
9.7477333333333338e-01 4.2052104403377882e+01 -1.4271578360879150e+02
9.7577000000000014e-01 4.2194349707216240e+01 -1.4272629767217450e+02
9.7676666666666678e-01 4.2336605495295736e+01 -1.4273682221979630e+02
9.7776333333333343e-01 4.2478871778070889e+01 -1.4274735726211736e+02
9.7876000000000007e-01 4.2621148566006624e+01 -1.4275790280959700e+02
9.7975666666666672e-01 4.2763435869578302e+01 -1.4276845887270360e+02
9.8075333333333348e-01 4.2905733699271742e+01 -1.4277902546194014e+02
9.8175000000000012e-01 4.3048042065583189e+01 -1.4278960258779006e+02
9.8274666666666677e-01 4.3190360979019381e+01 -1.4280019026076727e+02
9.8374333333333341e-01 4.3332690450097537e+01 -1.4281078849138459e+02
9.8474000000000006e-01 4.3475030489345336e+01 -1.4282139729016117e+02
9.8573666666666671e-01 4.3617381107300979e+01 -1.4283201666765095e+02
9.8673333333333346e-01 4.3759742314513183e+01 -1.4284264663439959e+02
9.8773000000000011e-01 4.3902114121541132e+01 -1.4285328720095833e+02
9.8872666666666675e-01 4.4044496538954597e+01 -1.4286393837790172e+02
9.8972333333333340e-01 4.4186889577333858e+01 -1.4287460017581020e+02
9.9072000000000005e-01 4.4329293247269760e+01 -1.4288527260526988e+02
9.9171666666666680e-01 4.4471707559363722e+01 -1.4289595567689776e+02
9.9271333333333345e-01 4.4614132524227678e+01 -1.4290664940128778e+02
9.9371000000000009e-01 4.4756568152484199e+01 -1.4291735378906085e+02
9.9470666666666674e-01 4.4899014454766430e+01 -1.4292806885086875e+02
9.9570333333333338e-01 4.5041471441718123e+01 -1.4293879459734740e+02
9.9670000000000014e-01 4.5183939123993653e+01 -1.4294953103914233e+02
9.9769666666666679e-01 4.5326417512257976e+01 -1.4296027818692247e+02
9.9869333333333343e-01 4.5468906617186718e+01 -1.4297103605136911e+02
9.9969000000000008e-01 4.5611406449466159e+01 -1.4298180464316630e+02
1.0006866666666667e+00 4.5753917019793221e+01 -1.4299258397301404e+02
1.0016833333333335e+00 4.5896438338875505e+01 -1.4300337405160866e+02
1.0026800000000000e+00 4.6038970417431223e+01 -1.4301417488967351e+02
1.0036766666666668e+00 4.6181513266189398e+01 -1.4302498649794597e+02
1.0046733333333333e+00 4.6324066895889622e+01 -1.4303580888715547e+02
1.0056700000000001e+00 4.6466631317282321e+01 -1.4304664206805998e+02
1.0066666666666666e+00 4.6609206541128508e+01 -1.4305748605141747e+02
1.0076633333333334e+00 4.6751792578200060e+01 -1.4306834084799127e+02
1.0086600000000001e+00 4.6894389439279493e+01 -1.4307920646857653e+02
1.0096566666666666e+00 4.7036997135160092e+01 -1.4309008292396172e+02
1.0106533333333334e+00 4.7179615676645980e+01 -1.4310097022495117e+02
1.0116500000000002e+00 4.7322245074551972e+01 -1.4311186838236495e+02
1.0126466666666667e+00 4.7464885339703663e+01 -1.4312277740701290e+02
1.0136433333333335e+00 4.7607536482937526e+01 -1.4313369730974387e+02
1.0146400000000000e+00 4.7750198515100735e+01 -1.4314462810141194e+02
1.0156366666666667e+00 4.7892871447051391e+01 -1.4315556979285549e+02
1.0166333333333335e+00 4.8035555289658326e+01 -1.4316652239495502e+02
1.0176300000000000e+00 4.8178250053801229e+01 -1.4317748591859544e+02
1.0186266666666668e+00 4.8320955750370715e+01 -1.4318846037466102e+02
1.0196233333333333e+00 4.8463672390268137e+01 -1.4319944577405241e+02
1.0206200000000001e+00 4.8606399984405847e+01 -1.4321044212767549e+02
1.0216166666666668e+00 4.8749138543706977e+01 -1.4322144944646442e+02
1.0226133333333334e+00 4.8891888079105556e+01 -1.4323246774135387e+02
1.0236100000000001e+00 4.9034648601546614e+01 -1.4324349702328172e+02
1.0246066666666667e+00 4.9177420121985961e+01 -1.4325453730320905e+02
1.0256033333333334e+00 4.9320202651390467e+01 -1.4326558859209536e+02
1.0266000000000002e+00 4.9462996200737834e+01 -1.4327665090092466e+02
1.0275966666666667e+00 4.9605800781016718e+01 -1.4328772424068862e+02
1.0285933333333335e+00 4.9748616403226826e+01 -1.4329880862237863e+02
1.0295900000000000e+00 4.9891443078378707e+01 -1.4330990405701280e+02
1.0305866666666668e+00 5.0034280817494007e+01 -1.4332101055560406e+02
1.0315833333333335e+00 5.0177129631605276e+01 -1.4333212812918637e+02
1.0325800000000001e+00 5.0319989531756065e+01 -1.4334325678881910e+02
1.0335766666666668e+00 5.0462860529001034e+01 -1.4335439654554003e+02
1.0345733333333333e+00 5.0605742634405729e+01 -1.4336554741040999e+02
1.0355700000000001e+00 5.0748635859046864e+01 -1.4337670939452391e+02
1.0365666666666669e+00 5.0891540214012117e+01 -1.4338788250896204e+02
1.0375633333333334e+00 5.1034455710400202e+01 -1.4339906676482306e+02
1.0385600000000001e+00 5.1177382359321001e+01 -1.4341026217320888e+02
1.0395566666666667e+00 5.1320320171895347e+01 -1.4342146874524443e+02
1.0405533333333334e+00 5.1463269159255290e+01 -1.4343268649207101e+02
1.0415500000000002e+00 5.1606229332543890e+01 -1.4344391542482603e+02
1.0425466666666667e+00 5.1749200702915317e+01 -1.4345515555466505e+02
1.0435433333333335e+00 5.1892183281534955e+01 -1.4346640689274341e+02
1.0445400000000000e+00 5.2035177079579192e+01 -1.4347766945024324e+02
1.0455366666666668e+00 5.2178182108235688e+01 -1.4348894323835921e+02
1.0465333333333335e+00 5.2321198378703180e+01 -1.4350022826828578e+02
1.0475300000000001e+00 5.2464225902191551e+01 -1.4351152455123196e+02
1.0485266666666668e+00 5.2607264689921969e+01 -1.4352283209841727e+02
1.0495233333333334e+00 5.2750314753126659e+01 -1.4353415092107019e+02
1.0505200000000001e+00 5.2893376103049178e+01 -1.4354548103044417e+02
1.0515166666666667e+00 5.3036448750944167e+01 -1.4355682243779617e+02
1.0525133333333334e+00 5.3179532708077616e+01 -1.4356817515437785e+02
1.0535100000000002e+00 5.3322627985726648e+01 -1.4357953919147286e+02
1.0545066666666667e+00 5.3465734595179633e+01 -1.4359091456037217e+02
1.0555033333333335e+00 5.3608852547736298e+01 -1.4360230127237369e+02
1.0565000000000000e+00 5.3751981854707509e+01 -1.4361369933879504e+02
1.0574966666666668e+00 5.3895122527415545e+01 -1.4362510877094496e+02
1.0584933333333335e+00 5.4038274577193860e+01 -1.4363652958016047e+02
1.0594900000000000e+00 5.4181438015387222e+01 -1.4364796177779323e+02
1.0604866666666668e+00 5.4324612853351809e+01 -1.4365940537519808e+02
1.0614833333333333e+00 5.4467799102454997e+01 -1.4367086038374262e+02
1.0624800000000001e+00 5.4610996774075616e+01 -1.4368232681479617e+02
1.0634766666666668e+00 5.4754205879603752e+01 -1.4369380467975992e+02
1.0644733333333334e+00 5.4897426430440845e+01 -1.4370529399003181e+02
1.0654700000000001e+00 5.5040658437999802e+01 -1.4371679475702024e+02
1.0664666666666667e+00 5.5183901913704794e+01 -1.4372830699216050e+02
1.0674633333333334e+00 5.5327156868991494e+01 -1.4373983070687535e+02
1.0684600000000002e+00 5.5470423315306888e+01 -1.4375136591261594e+02
1.0694566666666667e+00 5.5613701264109380e+01 -1.4376291262085144e+02
1.0704533333333335e+00 5.5756990726868899e+01 -1.4377447084303665e+02
1.0714500000000000e+00 5.5900291715066672e+01 -1.4378604059065316e+02
1.0724466666666668e+00 5.6043604240195499e+01 -1.4379762187520211e+02
1.0734433333333335e+00 5.6186928313759573e+01 -1.4380921470819177e+02
1.0744400000000001e+00 5.6330263947274531e+01 -1.4382081910113052e+02
1.0754366666666668e+00 5.6473611152267601e+01 -1.4383243506553728e+02
1.0764333333333334e+00 5.6616969940277372e+01 -1.4384406261296490e+02
1.0774300000000001e+00 5.6760340322854063e+01 -1.4385570175495738e+02
1.0784266666666669e+00 5.6903722311559328e+01 -1.4386735250307640e+02
1.0794233333333334e+00 5.7047115917966345e+01 -1.4387901486890519e+02
1.0804200000000002e+00 5.7190521153659930e+01 -1.4389068886400904e+02
1.0814166666666667e+00 5.7333938030236304e+01 -1.4390237449999071e+02
1.0824133333333334e+00 5.7477366559303398e+01 -1.4391407178846544e+02
1.0834100000000002e+00 5.7620806752480618e+01 -1.4392578074105202e+02
1.0844066666666667e+00 5.7764258621398966e+01 -1.4393750136937996e+02
1.0854033333333335e+00 5.7907722177701125e+01 -1.4394923368508941e+02
1.0864000000000000e+00 5.8051197433041260e+01 -1.4396097769982953e+02
1.0873966666666668e+00 5.8194684399085283e+01 -1.4397273342527430e+02
1.0883933333333333e+00 5.8338183087510622e+01 -1.4398450087310493e+02
1.0893900000000001e+00 5.8481693510006473e+01 -1.4399628005500085e+02
1.0903866666666668e+00 5.8625215678273591e+01 -1.4400807098266634e+02
1.0913833333333334e+00 5.8768749604024393e+01 -1.4401987366780929e+02
1.0923800000000001e+00 5.8912295298983075e+01 -1.4403168812216271e+02
1.0933766666666667e+00 5.9055852774885402e+01 -1.4404351435746469e+02
1.0943733333333334e+00 5.9199422043478968e+01 -1.4405535238545167e+02
1.0953700000000002e+00 5.9343003116522979e+01 -1.4406720221788510e+02
1.0963666666666667e+00 5.9486596005788364e+01 -1.4407906386654054e+02
1.0973633333333335e+00 5.9630200723057897e+01 -1.4409093734319723e+02
1.0983600000000000e+00 5.9773817280125968e+01 -1.4410282265965401e+02
1.0993566666666668e+00 5.9917445688798850e+01 -1.4411471982771499e+02
1.1003533333333335e+00 6.0061085960894509e+01 -1.4412662885919502e+02
1.1013500000000001e+00 6.0204738108242672e+01 -1.4413854976592324e+02
1.1023466666666668e+00 6.0348402142684975e+01 -1.4415048255974656e+02
1.1033433333333333e+00 6.0492078076074733e+01 -1.4416242725252081e+02
1.1043400000000001e+00 6.0635765920277208e+01 -1.4417438385610009e+02
1.1053366666666669e+00 6.0779465687169392e+01 -1.4418635238236701e+02
1.1063333333333334e+00 6.0923177388640120e+01 -1.4419833284321831e+02
1.1073300000000001e+00 6.1066901036590188e+01 -1.4421032525054017e+02
1.1083266666666667e+00 6.1210636642932123e+01 -1.4422232961625619e+02
1.1093233333333334e+00 6.1354384219590457e+01 -1.4423434595228812e+02
1.1103200000000002e+00 6.1498143778501529e+01 -1.4424637427056851e+02
1.1113166666666667e+00 6.1641915331613568e+01 -1.4425841458305470e+02
1.1123133333333335e+00 6.1785698890886813e+01 -1.4427046690169348e+02
1.1133100000000000e+00 6.1929494468293306e+01 -1.4428253123846190e+02
1.1143066666666668e+00 6.2073302075817153e+01 -1.4429460760534943e+02
1.1153033333333335e+00 6.2217121725454319e+01 -1.4430669601434923e+02
1.1163000000000001e+00 6.2360953429212728e+01 -1.4431879647747570e+02
1.1172966666666668e+00 6.2504797199112375e+01 -1.4433090900673622e+02
1.1182933333333334e+00 6.2648653047185107e+01 -1.4434303361416485e+02
1.1192900000000001e+00 6.2792520985474901e+01 -1.4435517031181163e+02
1.1202866666666669e+00 6.2936401026037643e+01 -1.4436731911172683e+02
1.1212833333333334e+00 6.3080293180941254e+01 -1.4437948002599251e+02
1.1222800000000002e+00 6.3224197462265778e+01 -1.4439165306667309e+02
1.1232766666666667e+00 6.3368113882103167e+01 -1.4440383824585609e+02
1.1242733333333335e+00 6.3512042452557566e+01 -1.4441603557566120e+02
1.1252700000000000e+00 6.3655983185745072e+01 -1.4442824506819730e+02
1.1262666666666667e+00 6.3799936093793974e+01 -1.4444046673559643e+02
1.1272633333333335e+00 6.3943901188844571e+01 -1.4445270058999435e+02
1.1282600000000000e+00 6.4087878483049266e+01 -1.4446494664354100e+02
1.1292566666666668e+00 6.4231867988572674e+01 -1.4447720490841118e+02
1.1302533333333333e+00 6.4375869717591399e+01 -1.4448947539677087e+02
1.1312500000000001e+00 6.4519883682294349e+01 -1.4450175812081631e+02
1.1322466666666668e+00 6.4663909894882451e+01 -1.4451405309274384e+02
1.1332433333333334e+00 6.4807948367568827e+01 -1.4452636032476036e+02
1.1342400000000001e+00 6.4951999112578847e+01 -1.4453867982910850e+02
1.1352366666666667e+00 6.5096062142149975e+01 -1.4455101161802190e+02
1.1362333333333334e+00 6.5240137468531998e+01 -1.4456335570372534e+02
1.1372300000000002e+00 6.5384225103986793e+01 -1.4457571209851503e+02
1.1382266666666667e+00 6.5528325060788504e+01 -1.4458808081465480e+02
1.1392233333333335e+00 6.5672437351223593e+01 -1.4460046186441582e+02
1.1402200000000000e+00 6.5816561987590632e+01 -1.4461285526011019e+02
1.1412166666666668e+00 6.5960698982200597e+01 -1.4462526101404106e+02
1.1422133333333335e+00 6.6104848347376645e+01 -1.4463767913854747e+02
1.1432100000000001e+00 6.6249010095454224e+01 -1.4465010964594313e+02
1.1442066666666668e+00 6.6393184238781174e+01 -1.4466255254859189e+02
1.1452033333333334e+00 6.6537370789717528e+01 -1.4467500785885576e+02
1.1462000000000001e+00 6.6681569760635767e+01 -1.4468747558909490e+02
1.1471966666666669e+00 6.6825781163920595e+01 -1.4469995575168406e+02
1.1481933333333334e+00 6.6970005011969093e+01 -1.4471244835905094e+02
1.1491900000000002e+00 6.7114241317190789e+01 -1.4472495342359508e+02
1.1501866666666667e+00 6.7258490092007449e+01 -1.4473747095771409e+02
1.1511833333333334e+00 6.7402751348853371e+01 -1.4475000097387516e+02
1.1521800000000002e+00 6.7547025100175148e+01 -1.4476254348450996e+02
1.1531766666666667e+00 6.7691311358431776e+01 -1.4477509850208193e+02
1.1541733333333335e+00 6.7835610136094786e+01 -1.4478766603904043e+02
1.1551700000000000e+00 6.7979921445647989e+01 -1.4480024610789724e+02
1.1561666666666668e+00 6.8124245299587812e+01 -1.4481283872114079e+02
1.1571633333333335e+00 6.8268581710423021e+01 -1.4482544389128134e+02
1.1581600000000001e+00 6.8412930690674855e+01 -1.4483806163083923e+02
1.1591566666666668e+00 6.8557292252877147e+01 -1.4485069195233521e+02
1.1601533333333334e+00 6.8701666409576092e+01 -1.4486333486833092e+02
1.1611500000000001e+00 6.8846053173330532e+01 -1.4487599039137893e+02
1.1621466666666669e+00 6.8990452556711716e+01 -1.4488865853406085e+02
1.1631433333333334e+00 6.9134864572303456e+01 -1.4490133930893973e+02
1.1641400000000002e+00 6.9279289232702197e+01 -1.4491403272864332e+02
1.1651366666666667e+00 6.9423726550516818e+01 -1.4492673880574029e+02
1.1661333333333335e+00 6.9568176538368874e+01 -1.4493945755287791e+02
1.1671300000000000e+00 6.9712639208892412e+01 -1.4495218898269616e+02
1.1681266666666668e+00 6.9857114574734197e+01 -1.4496493310781187e+02
1.1691233333333335e+00 7.0001602648553501e+01 -1.4497768994092070e+02
1.1701200000000000e+00 7.0146103443022227e+01 -1.4499045949467833e+02
1.1711166666666668e+00 7.0290616970824999e+01 -1.4500324178176243e+02
1.1721133333333333e+00 7.0435143244658974e+01 -1.4501603681487001e+02
1.1731100000000001e+00 7.0579682277234085e+01 -1.4502884460672482e+02
1.1741066666666669e+00 7.0724234081272854e+01 -1.4504166517003682e+02
1.1751033333333334e+00 7.0868798669510483e+01 -1.4505449851755435e+02
1.1761000000000001e+00 7.1013376054694973e+01 -1.4506734466201212e+02
1.1770966666666667e+00 7.1157966249586920e+01 -1.4508020361617130e+02
1.1780933333333334e+00 7.1302569266959750e+01 -1.4509307539281983e+02
1.1790900000000002e+00 7.1447185119599538e+01 -1.4510596000472461e+02
1.1800866666666667e+00 7.1591813820305120e+01 -1.4511885746469824e+02
1.1810833333333335e+00 7.1736455381888177e+01 -1.4513176778554669e+02
1.1820800000000000e+00 7.1881109817173041e+01 -1.4514469098010244e+02
1.1830766666666668e+00 7.2025777138996958e+01 -1.4515762706118903e+02
1.1840733333333335e+00 7.2170457360209895e+01 -1.4517057604165899e+02
1.1850700000000001e+00 7.2315150493674608e+01 -1.4518353793438899e+02
1.1860666666666668e+00 7.2459856552266785e+01 -1.4519651275223490e+02
1.1870633333333334e+00 7.2604575548874834e+01 -1.4520950050809344e+02
1.1880600000000001e+00 7.2749307496400121e+01 -1.4522250121487366e+02
1.1890566666666669e+00 7.2894052407756817e+01 -1.4523551488548512e+02
1.1900533333333334e+00 7.3038810295871940e+01 -1.4524854153285443e+02
1.1910500000000002e+00 7.3183581173685511e+01 -1.4526158116993014e+02
1.1920466666666667e+00 7.3328365054150311e+01 -1.4527463380963741e+02
1.1930433333333335e+00 7.3473161950232168e+01 -1.4528769946495663e+02
1.1940400000000002e+00 7.3617971874909742e+01 -1.4530077814888296e+02
1.1950366666666667e+00 7.3762794841174653e+01 -1.4531386987439998e+02
1.1960333333333335e+00 7.3907630862031567e+01 -1.4532697465449900e+02
1.1970300000000000e+00 7.4052479950497968e+01 -1.4534009250219793e+02
1.1980266666666668e+00 7.4197342119604471e+01 -1.4535322343054844e+02
1.1990233333333336e+00 7.4342217382394580e+01 -1.4536636745257414e+02
1.2000200000000001e+00 7.4487105751924787e+01 -1.4537952458133705e+02
1.2010166666666668e+00 7.4632007241264745e+01 -1.4539269482992120e+02
1.2020133333333334e+00 7.4776921863496980e+01 -1.4540587821139439e+02
1.2030100000000001e+00 7.4921849631717194e+01 -1.4541907473883867e+02
1.2040066666666667e+00 7.5066790559034004e+01 -1.4543228442537890e+02
1.2050033333333334e+00 7.5211744658569259e+01 -1.4544550728413799e+02
1.2060000000000002e+00 7.5356711943457782e+01 -1.4545874332825372e+02
1.2069966666666667e+00 7.5501692426847498e+01 -1.4547199257088073e+02
1.2079933333333335e+00 7.5646686121899535e+01 -1.4548525502515292e+02
1.2089900000000000e+00 7.5791693041788008e+01 -1.4549853070425934e+02
1.2099866666666668e+00 7.5936713199700307e+01 -1.4551181962139412e+02
1.2109833333333335e+00 7.6081746608836866e+01 -1.4552512178974504e+02
1.2119800000000001e+00 7.6226793282411307e+01 -1.4553843722254504e+02
1.2129766666666668e+00 7.6371853233650498e+01 -1.4555176593300664e+02
1.2139733333333333e+00 7.6516926475794378e+01 -1.4556510793435436e+02
1.2149700000000001e+00 7.6662013022096218e+01 -1.4557846323986797e+02
1.2159666666666669e+00 7.6807112885822391e+01 -1.4559183186280646e+02
1.2169633333333334e+00 7.6952226080252530e+01 -1.4560521381643858e+02
1.2179600000000002e+00 7.7097352618679579e+01 -1.4561860911407643e+02
1.2189566666666667e+00 7.7242492514409633e+01 -1.4563201776901596e+02
1.2199533333333334e+00 7.7387645780762170e+01 -1.4564543979457969e+02
1.2209500000000002e+00 7.7532812431069857e+01 -1.4565887520409080e+02
1.2219466666666667e+00 7.7677992478678632e+01 -1.4567232401088927e+02
1.2229433333333335e+00 7.7823185936947866e+01 -1.4568578622835855e+02
1.2239400000000000e+00 7.7968392819250127e+01 -1.4569926186986586e+02
1.2249366666666668e+00 7.8113613138971431e+01 -1.4571275094878362e+02
1.2259333333333335e+00 7.8258846909511050e+01 -1.4572625347851346e+02
1.2269300000000001e+00 7.8404094144281601e+01 -1.4573976947247371e+02
1.2279266666666668e+00 7.8549354856709201e+01 -1.4575329894409785e+02
1.2289233333333334e+00 7.8694629060233211e+01 -1.4576684190680999e+02
1.2299200000000001e+00 7.8839916768306537e+01 -1.4578039837407530e+02
1.2309166666666669e+00 7.8985217994395370e+01 -1.4579396835935245e+02
1.2319133333333334e+00 7.9130532751979359e+01 -1.4580755187611680e+02
1.2329100000000002e+00 7.9275861054551683e+01 -1.4582114893787306e+02
1.2339066666666667e+00 7.9421202915618835e+01 -1.4583475955811676e+02
1.2349033333333335e+00 7.9566558348700923e+01 -1.4584838375038424e+02
1.2359000000000002e+00 7.9711927367331427e+01 -1.4586202152819126e+02
1.2368966666666668e+00 7.9857309985057327e+01 -1.4587567290509162e+02
1.2378933333333335e+00 8.0002706215439218e+01 -1.4588933789465415e+02
1.2388900000000000e+00 8.0148116072051067e+01 -1.4590301651044564e+02
1.2398866666666668e+00 8.0293539568480526e+01 -1.4591670876604726e+02
1.2408833333333333e+00 8.0438976718328661e+01 -1.4593041467505435e+02
1.2418800000000001e+00 8.0584427535210210e+01 -1.4594413425110309e+02
1.2428766666666669e+00 8.0729892032753412e+01 -1.4595786750781616e+02
1.2438733333333334e+00 8.0875370224600104e+01 -1.4597161445882580e+02
1.2448700000000001e+00 8.1020862124405809e+01 -1.4598537511780054e+02
1.2458666666666667e+00 8.1166367745839523e+01 -1.4599914949839288e+02
1.2468633333333334e+00 8.1311887102584024e+01 -1.4601293761429596e+02
1.2478600000000002e+00 8.1457420208335634e+01 -1.4602673947921099e+02
1.2488566666666667e+00 8.1602967076804333e+01 -1.4604055510683423e+02
1.2498533333333335e+00 8.1748527721713856e+01 -1.4605438451089850e+02
1.2508500000000000e+00 8.1894102156801495e+01 -1.4606822770514177e+02
1.2518466666666668e+00 8.2039690395818383e+01 -1.4608208470330712e+02
1.2528433333333335e+00 8.2185292452529268e+01 -1.4609595551916698e+02
1.2538400000000001e+00 8.2330908340712611e+01 -1.4610984016650326e+02
1.2548366666666668e+00 8.2476538074160715e+01 -1.4612373865909865e+02
1.2558333333333334e+00 8.2622181666679509e+01 -1.4613765101075526e+02
1.2568300000000001e+00 8.2767839132088810e+01 -1.4615157723531598e+02
1.2578266666666669e+00 8.2913510484222144e+01 -1.4616551734659609e+02
1.2588233333333334e+00 8.3059195736926796e+01 -1.4617947135842729e+02
1.2598200000000002e+00 8.3204894904063977e+01 -1.4619343928470641e+02
1.2608166666666667e+00 8.3350607999508583e+01 -1.4620742113929256e+02
1.2618133333333335e+00 8.3496335037149478e+01 -1.4622141693606429e+02
1.2628100000000002e+00 8.3642076030889285e+01 -1.4623542668893671e+02
1.2638066666666667e+00 8.3787830994644480e+01 -1.4624945041181994e+02
1.2648033333333335e+00 8.3933599942345509e+01 -1.4626348811865353e+02
1.2658000000000000e+00 8.4079382887936603e+01 -1.4627753982337506e+02
1.2667966666666668e+00 8.4225179845376005e+01 -1.4629160553994151e+02
1.2677933333333335e+00 8.4370990828635783e+01 -1.4630568528233212e+02
1.2687900000000001e+00 8.4516815851701935e+01 -1.4631977906451399e+02
1.2697866666666668e+00 8.4662654928574511e+01 -1.4633388690050523e+02
1.2707833333333334e+00 8.4808508073267404e+01 -1.4634800880432175e+02
1.2717800000000001e+00 8.4954375299808575e+01 -1.4636214478997755e+02
1.2727766666666669e+00 8.5100256622239897e+01 -1.4637629487152319e+02
1.2737733333333334e+00 8.5246152054617255e+01 -1.4639045906301851e+02
1.2747700000000002e+00 8.5392061611010632e+01 -1.4640463737852428e+02
1.2757666666666667e+00 8.5537985305503923e+01 -1.4641882983213492e+02
1.2767633333333335e+00 8.5683923152195192e+01 -1.4643303643793772e+02
1.2777600000000000e+00 8.5829875165196412e+01 -1.4644725721003417e+02
1.2787566666666668e+00 8.5975841358633772e+01 -1.4646149216257368e+02
1.2797533333333335e+00 8.6121821746647470e+01 -1.4647574130969966e+02
1.2807500000000001e+00 8.6267816343391786e+01 -1.4649000466554304e+02
1.2817466666666668e+00 8.6413825163035199e+01 -1.4650428224428586e+02
1.2827433333333333e+00 8.6559848219760212e+01 -1.4651857406011524e+02
1.2837400000000001e+00 8.6705885527763570e+01 -1.4653288012720913e+02
1.2847366666666669e+00 8.6851937101256112e+01 -1.4654720045979627e+02
1.2857333333333334e+00 8.6998002954462820e+01 -1.4656153507210763e+02
1.2867300000000002e+00 8.7144083101622982e+01 -1.4657588397836085e+02
1.2877266666666667e+00 8.7290177556989931e+01 -1.4659024719281425e+02
1.2887233333333334e+00 8.7436286334831351e+01 -1.4660462472973842e+02
1.2897200000000002e+00 8.7582409449429051e+01 -1.4661901660341934e+02
1.2907166666666667e+00 8.7728546915079107e+01 -1.4663342282815915e+02
1.2917133333333335e+00 8.7874698746091923e+01 -1.4664784341825387e+02
1.2927100000000000e+00 8.8020864956792039e+01 -1.4666227838803320e+02
1.2937066666666668e+00 8.8167045561518421e+01 -1.4667672775184613e+02
1.2947033333333335e+00 8.8313240574624245e+01 -1.4669119152403564e+02
1.2957000000000001e+00 8.8459450010476985e+01 -1.4670566971895374e+02
1.2966966666666668e+00 8.8605673883458522e+01 -1.4672016235100349e+02
1.2976933333333334e+00 8.8751912207964992e+01 -1.4673466943459289e+02
1.2986900000000001e+00 8.8898164998406983e+01 -1.4674919098409956e+02
1.2996866666666669e+00 8.9044432269209366e+01 -1.4676372701396627e+02
1.3006833333333334e+00 8.9190714034811393e+01 -1.4677827753864480e+02
1.3016800000000002e+00 8.9337010309666823e+01 -1.4679284257256668e+02
1.3026766666666667e+00 8.9483321108243686e+01 -1.4680742213020423e+02
1.3036733333333335e+00 8.9629646445024562e+01 -1.4682201622604899e+02
1.3046700000000002e+00 8.9775986334506399e+01 -1.4683662487459364e+02
1.3056666666666668e+00 8.9922340791200568e+01 -1.4685124809033996e+02
1.3066633333333335e+00 9.0068709829633036e+01 -1.4686588588782641e+02
1.3076600000000000e+00 9.0215093464344108e+01 -1.4688053828158937e+02
1.3086566666666668e+00 9.0361491709888725e+01 -1.4689520528618456e+02
1.3096533333333336e+00 9.0507904580836254e+01 -1.4690988691619037e+02
1.3106500000000001e+00 9.0654332091770584e+01 -1.4692458318617255e+02
1.3116466666666668e+00 9.0800774257290229e+01 -1.4693929411074089e+02
1.3126433333333334e+00 9.0947231092008138e+01 -1.4695401970451024e+02
1.3136400000000001e+00 9.1093702610551972e+01 -1.4696875998209549e+02
1.3146366666666667e+00 9.1240188827563841e+01 -1.4698351495814703e+02
1.3156333333333334e+00 9.1386689757700580e+01 -1.4699828464732047e+02
1.3166300000000002e+00 9.1533205415633546e+01 -1.4701306906429394e+02
1.3176266666666667e+00 9.1679735816048733e+01 -1.4702786822374728e+02
1.3186233333333335e+00 9.1826280973646874e+01 -1.4704268214037586e+02
1.3196200000000000e+00 9.1972840903143208e+01 -1.4705751082890143e+02
1.3206166666666668e+00 9.2119415619267812e+01 -1.4707235430405791e+02
1.3216133333333335e+00 9.2266005136765344e+01 -1.4708721258058770e+02
1.3226100000000001e+00 9.2412609470395154e+01 -1.4710208567325620e+02
1.3236066666666668e+00 9.2559228634931415e+01 -1.4711697359681565e+02
1.3246033333333334e+00 9.2705862645162895e+01 -1.4713187636605926e+02
1.3256000000000001e+00 9.2852511515893241e+01 -1.4714679399581360e+02
1.3265966666666669e+00 9.2999175261940778e+01 -1.4716172650088527e+02
1.3275933333333334e+00 9.3145853898138583e+01 -1.4717667389609653e+02
1.3285900000000002e+00 9.3292547439334641e+01 -1.4719163619630677e+02
1.3295866666666667e+00 9.3439255900391615e+01 -1.4720661341638032e+02
1.3305833333333335e+00 9.3585979296187105e+01 -1.4722160557119372e+02
1.3315800000000002e+00 9.3732717641613462e+01 -1.4723661267563915e+02
1.3325766666666667e+00 9.3879470951577858e+01 -1.4725163474460302e+02
1.3335733333333335e+00 9.4026239241002457e+01 -1.4726667179303027e+02
1.3345700000000000e+00 9.4173022524824162e+01 -1.4728172383585655e+02
1.3355666666666668e+00 9.4319820817994909e+01 -1.4729679088802962e+02
1.3365633333333335e+00 9.4466634135481442e+01 -1.4731187296452720e+02
1.3375600000000001e+00 9.4613462492265427e+01 -1.4732697008030712e+02
1.3385566666666668e+00 9.4760305903343564e+01 -1.4734208225037833e+02
1.3395533333333334e+00 9.4907164383727377e+01 -1.4735720948976211e+02
1.3405500000000001e+00 9.5054037948443508e+01 -1.4737235181347751e+02
1.3415466666666669e+00 9.5200926612533451e+01 -1.4738750923655934e+02
1.3425433333333334e+00 9.5347830391053719e+01 -1.4740268177406506e+02
1.3435400000000002e+00 9.5494749299075949e+01 -1.4741786944107511e+02
1.3445366666666667e+00 9.5641683351686638e+01 -1.4743307225266770e+02
1.3455333333333335e+00 9.5788632563987505e+01 -1.4744829022395459e+02
1.3465300000000002e+00 9.5935596951095192e+01 -1.4746352337004893e+02
1.3475266666666668e+00 9.6082576528141445e+01 -1.4747877170607251e+02
1.3485233333333335e+00 9.6229571310273158e+01 -1.4749403524718406e+02
1.3495200000000001e+00 9.6376581312652249e+01 -1.4750931400854736e+02
1.3505166666666668e+00 9.6523606550455838e+01 -1.4752460800532407e+02
1.3515133333333336e+00 9.6670647038876112e+01 -1.4753991725271300e+02
1.3525100000000001e+00 9.6817702793120375e+01 -1.4755524176592846e+02
1.3535066666666669e+00 9.6964773828411239e+01 -1.4757058156019340e+02
1.3545033333333334e+00 9.7111860159986335e+01 -1.4758593665073582e+02
1.3555000000000001e+00 9.7258961803098614e+01 -1.4760130705280500e+02
1.3564966666666667e+00 9.7406078773016119e+01 -1.4761669278169310e+02
1.3574933333333334e+00 9.7553211085022255e+01 -1.4763209385266157e+02
1.3584900000000002e+00 9.7700358754415547e+01 -1.4764751028100900e+02
1.3594866666666667e+00 9.7847521796509795e+01 -1.4766294208207088e+02
1.3604833333333335e+00 9.7994700226634166e+01 -1.4767838927115579e+02
1.3614800000000000e+00 9.8141894060132969e+01 -1.4769385186359858e+02
1.3624766666666668e+00 9.8289103312365938e+01 -1.4770932987478184e+02
1.3634733333333335e+00 9.8436327998708052e+01 -1.4772482332007561e+02
1.3644700000000001e+00 9.8583568134549608e+01 -1.4774033221486522e+02
1.3654666666666668e+00 9.8730823735296354e+01 -1.4775585657456611e+02
1.3664633333333334e+00 9.8878094816369256e+01 -1.4777139641457745e+02
1.3674600000000001e+00 9.9025381393204796e+01 -1.4778695175036012e+02
1.3684566666666669e+00 9.9172683481254751e+01 -1.4780252259735548e+02
1.3694533333333334e+00 9.9320001095986299e+01 -1.4781810897101300e+02
1.3704500000000002e+00 9.9467334252882154e+01 -1.4783371088684802e+02
1.3714466666666667e+00 9.9614682967440316e+01 -1.4784932836034514e+02
1.3724433333333335e+00 9.9762047255174394e+01 -1.4786496140700811e+02
1.3734400000000002e+00 9.9909427131613356e+01 -1.4788061004237809e+02
1.3744366666666668e+00 1.0005682261230164e+02 -1.4789627428199722e+02
1.3754333333333335e+00 1.0020423371279932e+02 -1.4791195414142356e+02
1.3764300000000000e+00 1.0035166044868183e+02 -1.4792764963622733e+02
1.3774266666666668e+00 1.0049910283554027e+02 -1.4794336078201917e+02
1.3784233333333336e+00 1.0064656088898118e+02 -1.4795908759438308e+02
1.3794200000000001e+00 1.0079403462462669e+02 -1.4797483008893238e+02
1.3804166666666668e+00 1.0094152405811455e+02 -1.4799058828134648e+02
1.3814133333333334e+00 1.0108902920509804e+02 -1.4800636218724529e+02
1.3824100000000001e+00 1.0123655008124615e+02 -1.4802215182229668e+02
1.3834066666666669e+00 1.0138408670224338e+02 -1.4803795720221291e+02
1.3844033333333334e+00 1.0153163908378990e+02 -1.4805377834267148e+02
1.3854000000000002e+00 1.0167920724160160e+02 -1.4806961525938735e+02
1.3863966666666667e+00 1.0182679119140995e+02 -1.4808546796810896e+02
1.3873933333333335e+00 1.0197439094896221e+02 -1.4810133648456099e+02
1.3883900000000002e+00 1.0212200653002125e+02 -1.4811722082451996e+02
1.3893866666666668e+00 1.0226963795036566e+02 -1.4813312100376316e+02
1.3903833333333335e+00 1.0241728522578987e+02 -1.4814903703808406e+02
1.3913800000000001e+00 1.0256494837210390e+02 -1.4816496894329512e+02
1.3923766666666668e+00 1.0271262740513370e+02 -1.4818091673521604e+02
1.3933733333333334e+00 1.0286032234072087e+02 -1.4819688042969500e+02
1.3943700000000001e+00 1.0300803319472290e+02 -1.4821286004258508e+02
1.3953666666666669e+00 1.0315575998301303e+02 -1.4822885558976265e+02
1.3963633333333334e+00 1.0330350272148031e+02 -1.4824486708711896e+02
1.3973600000000002e+00 1.0345126142602977e+02 -1.4826089455056155e+02
1.3983566666666667e+00 1.0359903611258211e+02 -1.4827693799598850e+02
1.3993533333333334e+00 1.0374682679707406e+02 -1.4829299743935266e+02
1.4003500000000002e+00 1.0389463349545817e+02 -1.4830907289661599e+02
1.4013466666666667e+00 1.0404245622370286e+02 -1.4832516438373389e+02
1.4023433333333335e+00 1.0419029499779259e+02 -1.4834127191669944e+02
1.4033400000000000e+00 1.0433814983372763e+02 -1.4835739551151056e+02
1.4043366666666668e+00 1.0448602074752432e+02 -1.4837353518418425e+02
1.4053333333333335e+00 1.0463390775521491e+02 -1.4838969095073944e+02
1.4063300000000001e+00 1.0478181087284757e+02 -1.4840586282722430e+02
1.4073266666666668e+00 1.0492973011648664e+02 -1.4842205082973172e+02
1.4083233333333334e+00 1.0507766550221231e+02 -1.4843825497432368e+02
1.4093200000000001e+00 1.0522561704612095e+02 -1.4845447527708853e+02
1.4103166666666669e+00 1.0537358476432486e+02 -1.4847071175414507e+02
1.4113133333333334e+00 1.0552156867295244e+02 -1.4848696442162696e+02
1.4123100000000002e+00 1.0566956878814825e+02 -1.4850323329568408e+02
1.4133066666666667e+00 1.0581758512607283e+02 -1.4851951839245692e+02
1.4143033333333335e+00 1.0596561770290293e+02 -1.4853581972814072e+02
1.4153000000000002e+00 1.0611366653483140e+02 -1.4855213731891848e+02
1.4162966666666668e+00 1.0626173163806716e+02 -1.4856847118098796e+02
1.4172933333333335e+00 1.0640981302883546e+02 -1.4858482133060602e+02
1.4182900000000001e+00 1.0655791072337755e+02 -1.4860118778398441e+02
1.4192866666666668e+00 1.0670602473795101e+02 -1.4861757055738971e+02
1.4202833333333336e+00 1.0685415508882957e+02 -1.4863396966711895e+02
1.4212800000000001e+00 1.0700230179230316e+02 -1.4865038512942695e+02
1.4222766666666669e+00 1.0715046486467804e+02 -1.4866681696062759e+02
1.4232733333333334e+00 1.0729864432227664e+02 -1.4868326517706095e+02
1.4242700000000001e+00 1.0744684018143776e+02 -1.4869972979505064e+02
1.4252666666666669e+00 1.0759505245851641e+02 -1.4871621083095781e+02
1.4262633333333334e+00 1.0774328116988389e+02 -1.4873270830115140e+02
1.4272600000000002e+00 1.0789152633192793e+02 -1.4874922222200948e+02
1.4282566666666667e+00 1.0803978796105251e+02 -1.4876575260995048e+02
1.4292533333333335e+00 1.0818806607367804e+02 -1.4878229948140014e+02
1.4302500000000000e+00 1.0833636068624122e+02 -1.4879886285278408e+02
1.4312466666666668e+00 1.0848467181519524e+02 -1.4881544274054701e+02
1.4322433333333335e+00 1.0863299947700961e+02 -1.4883203916117148e+02
1.4332400000000001e+00 1.0878134368817025e+02 -1.4884865213114742e+02
1.4342366666666668e+00 1.0892970446517965e+02 -1.4886528166696701e+02
1.4352333333333334e+00 1.0907808182455661e+02 -1.4888192778514144e+02
1.4362300000000001e+00 1.0922647578283649e+02 -1.4889859050222242e+02
1.4372266666666669e+00 1.0937488635657110e+02 -1.4891526983476368e+02
1.4382233333333334e+00 1.0952331356232872e+02 -1.4893196579931941e+02
1.4392200000000002e+00 1.0967175741669429e+02 -1.4894867841248154e+02
1.4402166666666667e+00 1.0982021793626910e+02 -1.4896540769085402e+02
1.4412133333333335e+00 1.0996869513767116e+02 -1.4898215365105253e+02
1.4422100000000002e+00 1.1011718903753496e+02 -1.4899891630970944e+02
1.4432066666666667e+00 1.1026569965251154e+02 -1.4901569568347153e+02
1.4442033333333335e+00 1.1041422699926868e+02 -1.4903249178900913e+02
1.4452000000000000e+00 1.1056277109449061e+02 -1.4904930464301177e+02
1.4461966666666668e+00 1.1071133195487839e+02 -1.4906613426218780e+02
1.4471933333333336e+00 1.1085990959714958e+02 -1.4908298066324090e+02
1.4481900000000001e+00 1.1100850403803842e+02 -1.4909984386290336e+02
1.4491866666666668e+00 1.1115711529429596e+02 -1.4911672387793826e+02
1.4501833333333334e+00 1.1130574338268980e+02 -1.4913362072510628e+02
1.4511800000000001e+00 1.1145438832000438e+02 -1.4915053442119432e+02
1.4521766666666669e+00 1.1160305012304082e+02 -1.4916746498299878e+02
1.4531733333333334e+00 1.1175172880861695e+02 -1.4918441242733735e+02
1.4541700000000002e+00 1.1190042439356749e+02 -1.4920137677105876e+02
1.4551666666666667e+00 1.1204913689474382e+02 -1.4921835803100211e+02
1.4561633333333335e+00 1.1219786632901426e+02 -1.4923535622402554e+02
1.4571600000000002e+00 1.1234661271326382e+02 -1.4925237136703242e+02
1.4581566666666668e+00 1.1249537606439438e+02 -1.4926940347692599e+02
1.4591533333333335e+00 1.1264415639932474e+02 -1.4928645257060489e+02
1.4601500000000001e+00 1.1279295373499048e+02 -1.4930351866502940e+02
1.4611466666666668e+00 1.1294176808834416e+02 -1.4932060177713612e+02
1.4621433333333336e+00 1.1309059947635518e+02 -1.4933770192388536e+02
1.4631400000000001e+00 1.1323944791600984e+02 -1.4935481912228741e+02
1.4641366666666669e+00 1.1338831342431148e+02 -1.4937195338933350e+02
1.4651333333333334e+00 1.1353719601828026e+02 -1.4938910474204815e+02
1.4661300000000002e+00 1.1368609571495345e+02 -1.4940627319745582e+02
1.4671266666666667e+00 1.1383501253138519e+02 -1.4942345877262383e+02
1.4681233333333334e+00 1.1398394648464672e+02 -1.4944066148461704e+02
1.4691200000000002e+00 1.1413289759182625e+02 -1.4945788135053132e+02
1.4701166666666667e+00 1.1428186587002901e+02 -1.4947511838747664e+02
1.4711133333333335e+00 1.1443085133637737e+02 -1.4949237261254413e+02
1.4721100000000000e+00 1.1457985400801066e+02 -1.4950964404290085e+02
1.4731066666666668e+00 1.1472887390208541e+02 -1.4952693269570432e+02
1.4741033333333335e+00 1.1487791103577518e+02 -1.4954423858810745e+02
1.4751000000000001e+00 1.1502696542627066e+02 -1.4956156173732012e+02
1.4760966666666668e+00 1.1517603709077979e+02 -1.4957890216055449e+02
1.4770933333333334e+00 1.1532512604652750e+02 -1.4959625987502048e+02
1.4780900000000001e+00 1.1547423231075605e+02 -1.4961363489796116e+02
1.4790866666666669e+00 1.1562335590072479e+02 -1.4963102724663645e+02
1.4800833333333334e+00 1.1577249683371028e+02 -1.4964843693832731e+02
1.4810800000000002e+00 1.1592165512700640e+02 -1.4966586399033881e+02
1.4820766666666667e+00 1.1607083079792419e+02 -1.4968330841995919e+02
1.4830733333333335e+00 1.1622002386379199e+02 -1.4970077024451706e+02
1.4840700000000002e+00 1.1636923434195542e+02 -1.4971824948137930e+02
1.4850666666666668e+00 1.1651846224977733e+02 -1.4973574614790533e+02
1.4860633333333335e+00 1.1666770760463801e+02 -1.4975326026146431e+02
1.4870600000000000e+00 1.1681697042393495e+02 -1.4977079183945139e+02
1.4880566666666668e+00 1.1696625072508310e+02 -1.4978834089928799e+02
1.4890533333333336e+00 1.1711554852551470e+02 -1.4980590745841215e+02
1.4900500000000001e+00 1.1726486384267936e+02 -1.4982349153426182e+02
1.4910466666666669e+00 1.1741419669404419e+02 -1.4984109314430586e+02
1.4920433333333334e+00 1.1756354709709359e+02 -1.4985871230603937e+02
1.4930400000000001e+00 1.1771291506932953e+02 -1.4987634903695488e+02
1.4940366666666669e+00 1.1786230062827131e+02 -1.4989400335456904e+02
1.4950333333333334e+00 1.1801170379145574e+02 -1.4991167527642659e+02
1.4960300000000002e+00 1.1816112457643719e+02 -1.4992936482008915e+02
1.4970266666666667e+00 1.1831056300078740e+02 -1.4994707200310879e+02
1.4980233333333335e+00 1.1846001908209577e+02 -1.4996479684308505e+02
1.4990200000000002e+00 1.1860949283796914e+02 -1.4998253935762727e+02
1.5000166666666668e+00 1.1875898428603190e+02 -1.5000029956434423e+02
1.5010133333333335e+00 1.1890849344392613e+02 -1.5001807748089752e+02
1.5020100000000001e+00 1.1905802032931136e+02 -1.5003587312494602e+02
1.5030066666666668e+00 1.1920756495986485e+02 -1.5005368651415597e+02
1.5040033333333334e+00 1.1935712735328140e+02 -1.5007151766622906e+02
1.5050000000000001e+00 1.1950670752727352e+02 -1.5008936659887178e+02
1.5059966666666669e+00 1.1965630549957133e+02 -1.5010723332981462e+02
1.5069933333333334e+00 1.1980592128792262e+02 -1.5012511787682340e+02
1.5079900000000002e+00 1.1995555491009297e+02 -1.5014302025763791e+02
1.5089866666666667e+00 1.2010520638386555e+02 -1.5016094049004545e+02
1.5099833333333335e+00 1.2025487572704138e+02 -1.5017887859186661e+02
1.5109800000000002e+00 1.2040456295743915e+02 -1.5019683458090321e+02
1.5119766666666667e+00 1.2055426809289531e+02 -1.5021480847498509e+02
1.5129733333333335e+00 1.2070399115126420e+02 -1.5023280029198759e+02
1.5139700000000000e+00 1.2085373215041784e+02 -1.5025081004978361e+02
1.5149666666666668e+00 1.2100349110824617e+02 -1.5026883776623635e+02
1.5159633333333336e+00 1.2115326804265689e+02 -1.5028688345926901e+02
1.5169600000000001e+00 1.2130306297157557e+02 -1.5030494714682536e+02
1.5179566666666668e+00 1.2145287591294574e+02 -1.5032302884681644e+02
1.5189533333333334e+00 1.2160270688472869e+02 -1.5034112857720783e+02
1.5199500000000001e+00 1.2175255590490374e+02 -1.5035924635599824e+02
1.5209466666666669e+00 1.2190242299146809e+02 -1.5037738220118206e+02
1.5219433333333334e+00 1.2205230816243682e+02 -1.5039553613076731e+02
1.5229400000000002e+00 1.2220221143584311e+02 -1.5041370816277902e+02
1.5239366666666667e+00 1.2235213282973800e+02 -1.5043189831528261e+02
1.5249333333333335e+00 1.2250207236219062e+02 -1.5045010660634804e+02
1.5259300000000002e+00 1.2265203005128807e+02 -1.5046833305404826e+02
1.5269266666666668e+00 1.2280200591513542e+02 -1.5048657767648382e+02
1.5279233333333335e+00 1.2295199997185597e+02 -1.5050484049180818e+02
1.5289200000000001e+00 1.2310201223959091e+02 -1.5052312151814374e+02
1.5299166666666668e+00 1.2325204273649966e+02 -1.5054142077363889e+02
1.5309133333333336e+00 1.2340209148075965e+02 -1.5055973827648771e+02
1.5319100000000001e+00 1.2355215849056646e+02 -1.5057807404489068e+02
1.5329066666666669e+00 1.2370224378413387e+02 -1.5059642809704397e+02
1.5339033333333334e+00 1.2385234737969371e+02 -1.5061480045118401e+02
1.5349000000000002e+00 1.2400246929549614e+02 -1.5063319112558048e+02
1.5358966666666669e+00 1.2415260954980941e+02 -1.5065160013847020e+02
1.5368933333333334e+00 1.2430276816091995e+02 -1.5067002750815340e+02
1.5378900000000002e+00 1.2445294514713258e+02 -1.5068847325294038e+02
1.5388866666666667e+00 1.2460314052677020e+02 -1.5070693739114597e+02
1.5398833333333335e+00 1.2475335431817413e+02 -1.5072541994112532e+02
1.5408800000000002e+00 1.2490358653970388e+02 -1.5074392092122241e+02
1.5418766666666668e+00 1.2505383720973727e+02 -1.5076244034981568e+02
1.5428733333333335e+00 1.2520410634667053e+02 -1.5078097824531531e+02
1.5438700000000001e+00 1.2535439396891812e+02 -1.5079953462612880e+02
1.5448666666666668e+00 1.2550470009491298e+02 -1.5081810951068522e+02
1.5458633333333334e+00 1.2565502474310630e+02 -1.5083670291742769e+02
1.5468600000000001e+00 1.2580536793196781e+02 -1.5085531486483254e+02
1.5478566666666669e+00 1.2595572967998555e+02 -1.5087394537140770e+02
1.5488533333333334e+00 1.2610611000566601e+02 -1.5089259445563863e+02
1.5498500000000002e+00 1.2625650892753421e+02 -1.5091126213604949e+02
1.5508466666666667e+00 1.2640692646413353e+02 -1.5092994843119754e+02
1.5518433333333335e+00 1.2655736263402598e+02 -1.5094865335963044e+02
1.5528400000000002e+00 1.2670781745579194e+02 -1.5096737693993450e+02
1.5538366666666668e+00 1.2685829094803036e+02 -1.5098611919070922e+02
1.5548333333333335e+00 1.2700878312935880e+02 -1.5100488013057151e+02
1.5558300000000000e+00 1.2715929401841331e+02 -1.5102365977815703e+02
1.5568266666666668e+00 1.2730982363384858e+02 -1.5104245815212033e+02
1.5578233333333336e+00 1.2746037199433785e+02 -1.5106127527113333e+02
1.5588200000000001e+00 1.2761093911857297e+02 -1.5108011115389530e+02
1.5598166666666669e+00 1.2776152502526453e+02 -1.5109896581910871e+02
1.5608133333333334e+00 1.2791212973314164e+02 -1.5111783928550190e+02
1.5618100000000001e+00 1.2806275326095223e+02 -1.5113673157183635e+02
1.5628066666666669e+00 1.2821339562746283e+02 -1.5115564269686956e+02
1.5638033333333334e+00 1.2836405685145863e+02 -1.5117457267937206e+02
1.5648000000000002e+00 1.2851473695174371e+02 -1.5119352153814617e+02
1.5657966666666667e+00 1.2866543594714074e+02 -1.5121248929205561e+02
1.5667933333333335e+00 1.2881615385649133e+02 -1.5123147595991895e+02
1.5677900000000002e+00 1.2896689069865573e+02 -1.5125048156057926e+02
1.5687866666666668e+00 1.2911764649251302e+02 -1.5126950611293535e+02
1.5697833333333335e+00 1.2926842125696120e+02 -1.5128854963588222e+02
1.5707800000000001e+00 1.2941921501091699e+02 -1.5130761214834064e+02
1.5717766666666668e+00 1.2957002777331610e+02 -1.5132669366924324e+02
1.5727733333333336e+00 1.2972085956311301e+02 -1.5134579421751869e+02
1.5737700000000001e+00 1.2987171039928111e+02 -1.5136491381216555e+02
1.5747666666666669e+00 1.3002258030081282e+02 -1.5138405247217858e+02
1.5757633333333334e+00 1.3017346928671935e+02 -1.5140321021656425e+02
1.5767600000000002e+00 1.3032437737603104e+02 -1.5142238706436910e+02
1.5777566666666669e+00 1.3047530458779704e+02 -1.5144158303460742e+02
1.5787533333333335e+00 1.3062625094108554e+02 -1.5146079814636332e+02
1.5797500000000002e+00 1.3077721645498383e+02 -1.5148003241874571e+02
1.5807466666666667e+00 1.3092820114859811e+02 -1.5149928587083221e+02
1.5817433333333335e+00 1.3107920504105374e+02 -1.5151855852174330e+02
1.5827400000000000e+00 1.3123022815149506e+02 -1.5153785039065659e+02
1.5837366666666668e+00 1.3138127049908562e+02 -1.5155716149670414e+02
1.5847333333333335e+00 1.3153233210300795e+02 -1.5157649185908562e+02
1.5857300000000001e+00 1.3168341298246372e+02 -1.5159584149699918e+02
1.5867266666666668e+00 1.3183451315667386e+02 -1.5161521042965350e+02
1.5877233333333334e+00 1.3198563264487834e+02 -1.5163459867632594e+02
1.5887200000000001e+00 1.3213677146633640e+02 -1.5165400625623408e+02
1.5897166666666669e+00 1.3228792964032644e+02 -1.5167343318866321e+02
1.5907133333333334e+00 1.3243910718614609e+02 -1.5169287949293982e+02
1.5917100000000002e+00 1.3259030412311228e+02 -1.5171234518832955e+02
1.5927066666666667e+00 1.3274152047056106e+02 -1.5173183029420954e+02
1.5937033333333335e+00 1.3289275624784796e+02 -1.5175133482996861e+02
1.5947000000000002e+00 1.3304401147434766e+02 -1.5177085881489197e+02
1.5956966666666668e+00 1.3319528616945414e+02 -1.5179040226840584e+02
1.5966933333333335e+00 1.3334658035258087e+02 -1.5180996520997559e+02
1.5976900000000001e+00 1.3349789404316056e+02 -1.5182954765899262e+02
1.5986866666666668e+00 1.3364922726064535e+02 -1.5184914963488845e+02
1.5996833333333336e+00 1.3380058002450673e+02 -1.5186877115716220e+02
1.6006800000000001e+00 1.3395195235423563e+02 -1.5188841224532567e+02
1.6016766666666669e+00 1.3410334426934244e+02 -1.5190807291884423e+02
1.6026733333333334e+00 1.3425475578935695e+02 -1.5192775319726601e+02
1.6036700000000002e+00 1.3440618693382851e+02 -1.5194745310015099e+02
1.6046666666666669e+00 1.3455763772232589e+02 -1.5196717264705532e+02
1.6056633333333334e+00 1.3470910817443735e+02 -1.5198691185757630e+02
1.6066600000000002e+00 1.3486059830977078e+02 -1.5200667075130758e+02
1.6076566666666667e+00 1.3501210814795351e+02 -1.5202644934788293e+02
1.6086533333333335e+00 1.3516363770863259e+02 -1.5204624766697631e+02
1.6096500000000002e+00 1.3531518701147456e+02 -1.5206606572822955e+02
1.6106466666666668e+00 1.3546675607616550e+02 -1.5208590355129684e+02
1.6116433333333335e+00 1.3561834492241127e+02 -1.5210576115592872e+02
1.6126400000000001e+00 1.3576995356993726e+02 -1.5212563856183036e+02
1.6136366666666668e+00 1.3592158203848865e+02 -1.5214553578876109e+02
1.6146333333333336e+00 1.3607323034783022e+02 -1.5216545285650537e+02
1.6156300000000001e+00 1.3622489851774645e+02 -1.5218538978478878e+02
1.6166266666666669e+00 1.3637658656804163e+02 -1.5220534659347592e+02
1.6176233333333334e+00 1.3652829451853970e+02 -1.5222532330235740e+02
1.6186200000000002e+00 1.3668002238908446e+02 -1.5224531993126661e+02
1.6196166666666667e+00 1.3683177019953939e+02 -1.5226533650009401e+02
1.6206133333333335e+00 1.3698353796978790e+02 -1.5228537302868460e+02
1.6216100000000002e+00 1.3713532571973315e+02 -1.5230542953699390e+02
1.6226066666666668e+00 1.3728713346929811e+02 -1.5232550604493278e+02
1.6236033333333335e+00 1.3743896123842578e+02 -1.5234560257242291e+02
1.6246000000000000e+00 1.3759080904707884e+02 -1.5236571913942601e+02
1.6255966666666668e+00 1.3774267691524003e+02 -1.5238585576594389e+02
1.6265933333333336e+00 1.3789456486291192e+02 -1.5240601247196065e+02
1.6275900000000001e+00 1.3804647291011705e+02 -1.5242618927751548e+02
1.6285866666666668e+00 1.3819840107689802e+02 -1.5244638620265832e+02
1.6295833333333334e+00 1.3835034938331725e+02 -1.5246660326740798e+02
1.6305800000000001e+00 1.3850231784945731e+02 -1.5248684049188026e+02
1.6315766666666669e+00 1.3865430649542071e+02 -1.5250709789617346e+02
1.6325733333333334e+00 1.3880631534132999e+02 -1.5252737550042642e+02
1.6335700000000002e+00 1.3895834440732790e+02 -1.5254767332476052e+02
1.6345666666666667e+00 1.3911039371357708e+02 -1.5256799138933704e+02
1.6355633333333335e+00 1.3926246328026045e+02 -1.5258832971437167e+02
1.6365600000000002e+00 1.3941455312758092e+02 -1.5260868831999119e+02
1.6375566666666668e+00 1.3956666327576156e+02 -1.5262906722649129e+02
1.6385533333333335e+00 1.3971879374504573e+02 -1.5264946645410737e+02
1.6395500000000001e+00 1.3987094455569684e+02 -1.5266988602305781e+02
1.6405466666666668e+00 1.4002311572799860e+02 -1.5269032595368660e+02
1.6415433333333336e+00 1.4017530728225489e+02 -1.5271078626624882e+02
1.6425400000000001e+00 1.4032751923878979e+02 -1.5273126698108297e+02
1.6435366666666669e+00 1.4047975161794778e+02 -1.5275176811853854e+02
1.6445333333333334e+00 1.4063200444009351e+02 -1.5277228969899068e+02
1.6455300000000002e+00 1.4078427772561204e+02 -1.5279283174284041e+02
1.6465266666666669e+00 1.4093657149490866e+02 -1.5281339427041422e+02
1.6475233333333335e+00 1.4108888576840900e+02 -1.5283397730219309e+02
1.6485200000000002e+00 1.4124122056655915e+02 -1.5285458085864059e+02
1.6495166666666667e+00 1.4139357590982553e+02 -1.5287520496020321e+02
1.6505133333333335e+00 1.4154595181869502e+02 -1.5289584962735324e+02
1.6515100000000003e+00 1.4169834831367484e+02 -1.5291651488061675e+02
1.6525066666666668e+00 1.4185076541529270e+02 -1.5293720074051757e+02
1.6535033333333335e+00 1.4200320314409683e+02 -1.5295790722759043e+02
1.6545000000000001e+00 1.4215566152065585e+02 -1.5297863436243878e+02
1.6554966666666668e+00 1.4230814056555900e+02 -1.5299938216560895e+02
1.6564933333333334e+00 1.4246064029941596e+02 -1.5302015065773276e+02
1.6574900000000001e+00 1.4261316074285702e+02 -1.5304093985942507e+02
1.6584866666666669e+00 1.4276570191653303e+02 -1.5306174979138311e+02
1.6594833333333334e+00 1.4291826384111539e+02 -1.5308258047425900e+02
1.6604800000000002e+00 1.4307084653729621e+02 -1.5310343192865878e+02
1.6614766666666667e+00 1.4322345002578805e+02 -1.5312430417539971e+02
1.6624733333333335e+00 1.4337607432732435e+02 -1.5314519723518225e+02
1.6634700000000002e+00 1.4352871946265907e+02 -1.5316611112878917e+02
1.6644666666666668e+00 1.4368138545256690e+02 -1.5318704587694381e+02
1.6654633333333335e+00 1.4383407231784332e+02 -1.5320800150045187e+02
1.6664600000000001e+00 1.4398678007930440e+02 -1.5322897802015916e+02
1.6674566666666668e+00 1.4413950875778713e+02 -1.5324997545686580e+02
1.6684533333333336e+00 1.4429225837414916e+02 -1.5327099383148308e+02
1.6694500000000001e+00 1.4444502894926896e+02 -1.5329203316483401e+02
1.6704466666666669e+00 1.4459782050404593e+02 -1.5331309347786700e+02
1.6714433333333334e+00 1.4475063305940012e+02 -1.5333417479142773e+02
1.6724400000000001e+00 1.4490346663627255e+02 -1.5335527712650176e+02
1.6734366666666669e+00 1.4505632125562516e+02 -1.5337640050410016e+02
1.6744333333333334e+00 1.4520919693844067e+02 -1.5339754494513147e+02
1.6754300000000002e+00 1.4536209370572286e+02 -1.5341871047061537e+02
1.6764266666666667e+00 1.4551501157849634e+02 -1.5343989710161154e+02
1.6774233333333335e+00 1.4566795057780681e+02 -1.5346110485914818e+02
1.6784200000000002e+00 1.4582091072472082e+02 -1.5348233376426498e+02
1.6794166666666668e+00 1.4597389204032595e+02 -1.5350358383807003e+02
1.6804133333333335e+00 1.4612689454573092e+02 -1.5352485510166861e+02
1.6814100000000001e+00 1.4627991826206537e+02 -1.5354614757620590e+02
1.6824066666666668e+00 1.4643296321048012e+02 -1.5356746128283842e+02
1.6834033333333336e+00 1.4658602941214704e+02 -1.5358879624269144e+02
1.6844000000000001e+00 1.4673911688825899e+02 -1.5361015247697290e+02
1.6853966666666669e+00 1.4689222566003016e+02 -1.5363153000693057e+02
1.6863933333333334e+00 1.4704535574869573e+02 -1.5365292885379523e+02
1.6873900000000002e+00 1.4719850717551222e+02 -1.5367434903880900e+02
1.6883866666666669e+00 1.4735167996175721e+02 -1.5369579058321116e+02
1.6893833333333335e+00 1.4750487412872948e+02 -1.5371725350836644e+02
1.6903800000000002e+00 1.4765808969774923e+02 -1.5373873783556547e+02
1.6913766666666668e+00 1.4781132669015770e+02 -1.5376024358612457e+02
1.6923733333333335e+00 1.4796458512731755e+02 -1.5378177078145978e+02
1.6933700000000000e+00 1.4811786503061268e+02 -1.5380331944293019e+02
1.6943666666666668e+00 1.4827116642144838e+02 -1.5382488959193466e+02
1.6953633333333336e+00 1.4842448932125123e+02 -1.5384648124988377e+02
1.6963600000000001e+00 1.4857783375146914e+02 -1.5386809443825621e+02
1.6973566666666668e+00 1.4873119973357151e+02 -1.5388972917851370e+02
1.6983533333333334e+00 1.4888458728904905e+02 -1.5391138549214364e+02
1.6993500000000001e+00 1.4903799643941397e+02 -1.5393306340065908e+02
1.7003466666666669e+00 1.4919142720619990e+02 -1.5395476292558450e+02
1.7013433333333334e+00 1.4934487961096190e+02 -1.5397648408849844e+02
1.7023400000000002e+00 1.4949835367527663e+02 -1.5399822691093399e+02
1.7033366666666667e+00 1.4965184942074214e+02 -1.5401999141453533e+02
1.7043333333333335e+00 1.4980536686897815e+02 -1.5404177762090103e+02
1.7053300000000002e+00 1.4995890604162585e+02 -1.5406358555169822e+02
1.7063266666666668e+00 1.5011246696034800e+02 -1.5408541522856248e+02
1.7073233333333335e+00 1.5026604964682903e+02 -1.5410726667314094e+02
1.7083200000000001e+00 1.5041965412277489e+02 -1.5412913990722029e+02
1.7093166666666668e+00 1.5057328040991331e+02 -1.5415103495245629e+02
1.7103133333333336e+00 1.5072692852999359e+02 -1.5417295183065855e+02
1.7113100000000001e+00 1.5088059850478669e+02 -1.5419489056356247e+02
1.7123066666666669e+00 1.5103429035608542e+02 -1.5421685117298622e+02
1.7133033333333334e+00 1.5118800410570415e+02 -1.5423883368070236e+02
1.7143000000000002e+00 1.5134173977547914e+02 -1.5426083810855187e+02
1.7152966666666669e+00 1.5149549738726836e+02 -1.5428286447850138e+02
1.7162933333333334e+00 1.5164927696295157e+02 -1.5430491281225764e+02
1.7172900000000002e+00 1.5180307852443039e+02 -1.5432698313182419e+02
1.7182866666666667e+00 1.5195690209362820e+02 -1.5434907545911625e+02
1.7192833333333335e+00 1.5211074769249035e+02 -1.5437118981604596e+02
1.7202800000000003e+00 1.5226461534298397e+02 -1.5439332622463709e+02
1.7212766666666668e+00 1.5241850506709812e+02 -1.5441548470683873e+02
1.7222733333333335e+00 1.5257241688684391e+02 -1.5443766528466878e+02
1.7232700000000001e+00 1.5272635082425418e+02 -1.5445986798015639e+02
1.7242666666666668e+00 1.5288030690138396e+02 -1.5448209281537061e+02
1.7252633333333336e+00 1.5303428514031012e+02 -1.5450433981234949e+02
1.7262600000000001e+00 1.5318828556313156e+02 -1.5452660899324164e+02
1.7272566666666669e+00 1.5334230819196932e+02 -1.5454890038015063e+02
1.7282533333333334e+00 1.5349635304896634e+02 -1.5457121399520534e+02
1.7292500000000002e+00 1.5365042015628782e+02 -1.5459354986059185e+02
1.7302466666666667e+00 1.5380450953612092e+02 -1.5461590799848199e+02
1.7312433333333335e+00 1.5395862121067501e+02 -1.5463828843108729e+02
1.7322400000000002e+00 1.5411275520218152e+02 -1.5466069118063123e+02
1.7332366666666668e+00 1.5426691153289408e+02 -1.5468311626939069e+02
1.7342333333333335e+00 1.5442109022508862e+02 -1.5470556371964034e+02
1.7352300000000001e+00 1.5457529130106312e+02 -1.5472803355365167e+02
1.7362266666666668e+00 1.5472951478313792e+02 -1.5475052579376464e+02
1.7372233333333336e+00 1.5488376069365555e+02 -1.5477304046231683e+02
1.7382200000000001e+00 1.5503802905498077e+02 -1.5479557758167064e+02
1.7392166666666669e+00 1.5519231988950079e+02 -1.5481813717421474e+02
1.7402133333333334e+00 1.5534663321962501e+02 -1.5484071926236328e+02
1.7412100000000001e+00 1.5550096906778526e+02 -1.5486332386857023e+02
1.7422066666666669e+00 1.5565532745643571e+02 -1.5488595101523026e+02
1.7432033333333334e+00 1.5580970840805284e+02 -1.5490860072484830e+02
1.7442000000000002e+00 1.5596411194513567e+02 -1.5493127301994136e+02
1.7451966666666667e+00 1.5611853809020556e+02 -1.5495396792303771e+02
1.7461933333333335e+00 1.5627298686580644e+02 -1.5497668545661980e+02
1.7471900000000002e+00 1.5642745829450459e+02 -1.5499942564332463e+02
1.7481866666666668e+00 1.5658195239888886e+02 -1.5502218850575704e+02
1.7491833333333335e+00 1.5673646920157066e+02 -1.5504497406640547e+02
1.7501800000000001e+00 1.5689100872518381e+02 -1.5506778234798358e+02
1.7511766666666668e+00 1.5704557099238488e+02 -1.5509061337321609e+02
1.7521733333333336e+00 1.5720015602585295e+02 -1.5511346716469745e+02
1.7531700000000001e+00 1.5735476384828962e+02 -1.5513634374506083e+02
1.7541666666666669e+00 1.5750939448241928e+02 -1.5515924313719395e+02
1.7551633333333334e+00 1.5766404795098890e+02 -1.5518216536376772e+02
1.7561600000000002e+00 1.5781872427676819e+02 -1.5520511044747838e+02
1.7571566666666669e+00 1.5797342348254946e+02 -1.5522807841121971e+02
1.7581533333333335e+00 1.5812814559114784e+02 -1.5525106927785308e+02
1.7591500000000002e+00 1.5828289062540125e+02 -1.5527408307008088e+02
1.7601466666666667e+00 1.5843765860817018e+02 -1.5529711981074504e+02
1.7611433333333335e+00 1.5859244956233815e+02 -1.5532017952291250e+02
1.7621400000000003e+00 1.5874726351081136e+02 -1.5534326222934885e+02
1.7631366666666668e+00 1.5890210047651885e+02 -1.5536636795295811e+02
1.7641333333333336e+00 1.5905696048241265e+02 -1.5538949671681343e+02
1.7651300000000001e+00 1.5921184355146752e+02 -1.5541264854387080e+02
1.7661266666666668e+00 1.5936674970668130e+02 -1.5543582345701182e+02
1.7671233333333336e+00 1.5952167897107458e+02 -1.5545902147930153e+02
1.7681200000000001e+00 1.5967663136769096e+02 -1.5548224263388630e+02
1.7691166666666669e+00 1.5983160691959716e+02 -1.5550548694376798e+02
1.7701133333333334e+00 1.5998660564988270e+02 -1.5552875443194532e+02
1.7711100000000002e+00 1.6014162758166023e+02 -1.5555204512161677e+02
1.7721066666666667e+00 1.6029667273806544e+02 -1.5557535903602340e+02
1.7731033333333335e+00 1.6045174114225713e+02 -1.5559869619811818e+02
1.7741000000000002e+00 1.6060683281741706e+02 -1.5562205663113724e+02
1.7750966666666668e+00 1.6076194778675017e+02 -1.5564544035842650e+02
1.7760933333333335e+00 1.6091708607348468e+02 -1.5566884740311627e+02
1.7770900000000001e+00 1.6107224770087174e+02 -1.5569227778836202e+02
1.7780866666666668e+00 1.6122743269218586e+02 -1.5571573153757299e+02
1.7790833333333336e+00 1.6138264107072467e+02 -1.5573920867407094e+02
1.7800800000000001e+00 1.6153787285980903e+02 -1.5576270922101637e+02
1.7810766666666669e+00 1.6169312808278312e+02 -1.5578623320186745e+02
1.7820733333333334e+00 1.6184840676301431e+02 -1.5580978064000792e+02
1.7830700000000002e+00 1.6200370892389338e+02 -1.5583335155878987e+02
1.7840666666666669e+00 1.6215903458883437e+02 -1.5585694598162070e+02
1.7850633333333334e+00 1.6231438378127461e+02 -1.5588056393193182e+02
1.7860600000000002e+00 1.6246975652467492e+02 -1.5590420543320985e+02
1.7870566666666667e+00 1.6262515284251941e+02 -1.5592787050893838e+02
1.7880533333333335e+00 1.6278057275831571e+02 -1.5595155918262640e+02
1.7890500000000003e+00 1.6293601629559481e+02 -1.5597527147776674e+02
1.7900466666666668e+00 1.6309148347791117e+02 -1.5599900741794772e+02
1.7910433333333335e+00 1.6324697432884278e+02 -1.5602276702674158e+02
1.7920400000000001e+00 1.6340248887199107e+02 -1.5604655032774579e+02
1.7930366666666668e+00 1.6355802713098112e+02 -1.5607035734458353e+02
1.7940333333333336e+00 1.6371358912946147e+02 -1.5609418810093300e+02
1.7950300000000001e+00 1.6386917489110428e+02 -1.5611804262045376e+02
1.7960266666666669e+00 1.6402478443960533e+02 -1.5614192092678940e+02
1.7970233333333334e+00 1.6418041779868392e+02 -1.5616582304366568e+02
1.7980200000000002e+00 1.6433607499208318e+02 -1.5618974899494813e+02
1.7990166666666669e+00 1.6449175604356984e+02 -1.5621369880430086e+02
1.8000133333333335e+00 1.6464746097693418e+02 -1.5623767249544025e+02
1.8010100000000002e+00 1.6480318981599044e+02 -1.5626167009235209e+02
1.8020066666666668e+00 1.6495894258457648e+02 -1.5628569161880515e+02
1.8030033333333335e+00 1.6511471930655398e+02 -1.5630973709856499e+02
1.8040000000000003e+00 1.6527052000580832e+02 -1.5633380655560933e+02
1.8049966666666668e+00 1.6542634470624878e+02 -1.5635790001393985e+02
1.8059933333333336e+00 1.6558219343180858e+02 -1.5638201749731425e+02
1.8069900000000001e+00 1.6573806620644453e+02 -1.5640615902970077e+02
1.8079866666666669e+00 1.6589396305413754e+02 -1.5643032463519611e+02
1.8089833333333334e+00 1.6604988399889243e+02 -1.5645451433782560e+02
1.8099800000000001e+00 1.6620582906473791e+02 -1.5647872816145465e+02
1.8109766666666669e+00 1.6636179827572658e+02 -1.5650296613018944e+02
1.8119733333333334e+00 1.6651779165593513e+02 -1.5652722826827386e+02
1.8129700000000002e+00 1.6667380922946430e+02 -1.5655151459959399e+02
1.8139666666666667e+00 1.6682985102043864e+02 -1.5657582514827496e+02
1.8149633333333335e+00 1.6698591705300700e+02 -1.5660015993868112e+02
1.8159600000000002e+00 1.6714200735134222e+02 -1.5662451899481897e+02
1.8169566666666668e+00 1.6729812193964113e+02 -1.5664890234083254e+02
1.8179533333333335e+00 1.6745426084212488e+02 -1.5667331000110690e+02
1.8189500000000001e+00 1.6761042408303865e+02 -1.5669774199983848e+02
1.8199466666666668e+00 1.6776661168665191e+02 -1.5672219836119214e+02
1.8209433333333336e+00 1.6792282367725818e+02 -1.5674667910953070e+02
1.8219400000000001e+00 1.6807906007917526e+02 -1.5677118426925492e+02
1.8229366666666669e+00 1.6823532091674531e+02 -1.5679571386460728e+02
1.8239333333333334e+00 1.6839160621433459e+02 -1.5682026791991251e+02
1.8249300000000002e+00 1.6854791599633376e+02 -1.5684484645964912e+02
1.8259266666666669e+00 1.6870425028715778e+02 -1.5686944950826552e+02
1.8269233333333335e+00 1.6886060911124594e+02 -1.5689407709007693e+02
1.8279200000000002e+00 1.6901699249306191e+02 -1.5691872922959672e+02
1.8289166666666667e+00 1.6917340045709375e+02 -1.5694340595139201e+02
1.8299133333333335e+00 1.6932983302785402e+02 -1.5696810727991277e+02
1.8309100000000003e+00 1.6948629022987961e+02 -1.5699283323965031e+02
1.8319066666666668e+00 1.6964277208773188e+02 -1.5701758385523337e+02
1.8329033333333336e+00 1.6979927862599678e+02 -1.5704235915123243e+02
1.8339000000000001e+00 1.6995580986928465e+02 -1.5706715915222892e+02
1.8348966666666668e+00 1.7011236584223050e+02 -1.5709198388290082e+02
1.8358933333333336e+00 1.7026894656949383e+02 -1.5711683336788209e+02
1.8368900000000001e+00 1.7042555207575867e+02 -1.5714170763184430e+02
1.8378866666666669e+00 1.7058218238573383e+02 -1.5716660669952896e+02
1.8388833333333334e+00 1.7073883752415259e+02 -1.5719153059566008e+02
1.8398800000000002e+00 1.7089551751577301e+02 -1.5721647934495843e+02
1.8408766666666669e+00 1.7105222238537777e+02 -1.5724145297227193e+02
1.8418733333333335e+00 1.7120895215777429e+02 -1.5726645150238605e+02
1.8428700000000002e+00 1.7136570685779478e+02 -1.5729147496008517e+02
1.8438666666666668e+00 1.7152248651029603e+02 -1.5731652337023590e+02
1.8448633333333335e+00 1.7167929114015985e+02 -1.5734159675780464e+02
1.8458600000000001e+00 1.7183612077229270e+02 -1.5736669514765802e+02
1.8468566666666668e+00 1.7199297543162601e+02 -1.5739181856461659e+02
1.8478533333333336e+00 1.7214985514311590e+02 -1.5741696703379921e+02
1.8488500000000001e+00 1.7230675993174347e+02 -1.5744214058011971e+02
1.8498466666666669e+00 1.7246368982251479e+02 -1.5746733922853346e+02
1.8508433333333334e+00 1.7262064484046073e+02 -1.5749256300412100e+02
1.8518400000000002e+00 1.7277762501063722e+02 -1.5751781193198801e+02
1.8528366666666669e+00 1.7293463035812519e+02 -1.5754308603713940e+02
1.8538333333333334e+00 1.7309166090803043e+02 -1.5756838534464566e+02
1.8548300000000002e+00 1.7324871668548394e+02 -1.5759370987977599e+02
1.8558266666666667e+00 1.7340579771564168e+02 -1.5761905966759667e+02
1.8568233333333335e+00 1.7356290402368478e+02 -1.5764443473325608e+02
1.8578200000000002e+00 1.7372003563481937e+02 -1.5766983510201578e+02
1.8588166666666668e+00 1.7387719257427676e+02 -1.5769526079914593e+02
1.8598133333333335e+00 1.7403437486731352e+02 -1.5772071184981598e+02
1.8608100000000001e+00 1.7419158253921117e+02 -1.5774618827929163e+02
1.8618066666666668e+00 1.7434881561527669e+02 -1.5777169011303508e+02
1.8628033333333336e+00 1.7450607412084219e+02 -1.5779721737622236e+02
1.8638000000000001e+00 1.7466335808126493e+02 -1.5782277009419488e+02
1.8647966666666669e+00 1.7482066752192765e+02 -1.5784834829249274e+02
1.8657933333333334e+00 1.7497800246823829e+02 -1.5787395199646733e+02
1.8667900000000002e+00 1.7513536294563022e+02 -1.5789958123143825e+02
1.8677866666666669e+00 1.7529274897956199e+02 -1.5792523602292360e+02
1.8687833333333335e+00 1.7545016059551767e+02 -1.5795091639652154e+02
1.8697800000000002e+00 1.7560759781900680e+02 -1.5797662237762955e+02
1.8707766666666668e+00 1.7576506067556417e+02 -1.5800235399174161e+02
1.8717733333333335e+00 1.7592254919075020e+02 -1.5802811126450527e+02
1.8727700000000003e+00 1.7608006339015077e+02 -1.5805389422153851e+02
1.8737666666666668e+00 1.7623760329937716e+02 -1.5807970288832530e+02
1.8747633333333336e+00 1.7639516894406631e+02 -1.5810553729054837e+02
1.8757600000000001e+00 1.7655276034988066e+02 -1.5813139745397257e+02
1.8767566666666669e+00 1.7671037754250833e+02 -1.5815728340418838e+02
1.8777533333333336e+00 1.7686802054766292e+02 -1.5818319516688516e+02
1.8787500000000001e+00 1.7702568939108372e+02 -1.5820913276786052e+02
1.8797466666666669e+00 1.7718338409853575e+02 -1.5823509623288274e+02
1.8807433333333334e+00 1.7734110469580966e+02 -1.5826108558771668e+02
1.8817400000000002e+00 1.7749885120872187e+02 -1.5828710085817002e+02
1.8827366666666667e+00 1.7765662366311446e+02 -1.5831314207012173e+02
1.8837333333333335e+00 1.7781442208485538e+02 -1.5833920924941884e+02
1.8847300000000002e+00 1.7797224649983829e+02 -1.5836530242192200e+02
1.8857266666666668e+00 1.7813009693398266e+02 -1.5839142161361397e+02
1.8867233333333335e+00 1.7828797341323391e+02 -1.5841756685040576e+02
1.8877200000000001e+00 1.7844587596356320e+02 -1.5844373815824747e+02
1.8887166666666668e+00 1.7860380461096773e+02 -1.5846993556320015e+02
1.8897133333333336e+00 1.7876175938147051e+02 -1.5849615909120990e+02
1.8907100000000001e+00 1.7891974030112053e+02 -1.5852240876837365e+02
1.8917066666666669e+00 1.7907774739599279e+02 -1.5854868462077337e+02
1.8927033333333334e+00 1.7923578069218823e+02 -1.5857498667447342e+02
1.8937000000000002e+00 1.7939384021583390e+02 -1.5860131495560591e+02
1.8946966666666669e+00 1.7955192599308282e+02 -1.5862766949037379e+02
1.8956933333333335e+00 1.7971003805011412e+02 -1.5865405030494520e+02
1.8966900000000002e+00 1.7986817641313311e+02 -1.5868045742544484e+02
1.8976866666666667e+00 1.8002634110837104e+02 -1.5870689087813670e+02
1.8986833333333335e+00 1.8018453216208553e+02 -1.5873335068936689e+02
1.8996800000000003e+00 1.8034274960056027e+02 -1.5875983688535251e+02
1.9006766666666668e+00 1.8050099345010511e+02 -1.5878634949233299e+02
1.9016733333333335e+00 1.8065926373705631e+02 -1.5881288853677526e+02
1.9026700000000001e+00 1.8081756048777621e+02 -1.5883945404500034e+02
1.9036666666666668e+00 1.8097588372865357e+02 -1.5886604604331154e+02
1.9046633333333336e+00 1.8113423348610334e+02 -1.5889266455821112e+02
1.9056600000000001e+00 1.8129260978656691e+02 -1.5891930961620949e+02
1.9066566666666669e+00 1.8145101265651206e+02 -1.5894598124361670e+02
1.9076533333333334e+00 1.8160944212243280e+02 -1.5897267946692486e+02
1.9086500000000002e+00 1.8176789821084972e+02 -1.5899940431282218e+02
1.9096466666666669e+00 1.8192638094830983e+02 -1.5902615580775412e+02
1.9106433333333335e+00 1.8208489036138650e+02 -1.5905293397823081e+02
1.9116400000000002e+00 1.8224342647667973e+02 -1.5907973885096177e+02
1.9126366666666668e+00 1.8240198932081597e+02 -1.5910657045258148e+02
1.9136333333333335e+00 1.8256057892044834e+02 -1.5913342880963577e+02
1.9146300000000003e+00 1.8271919530225634e+02 -1.5916031394884087e+02
1.9156266666666668e+00 1.8287783849294615e+02 -1.5918722589697785e+02
1.9166233333333336e+00 1.8303650851925073e+02 -1.5921416468072763e+02
1.9176200000000001e+00 1.8319520540792948e+02 -1.5924113032681049e+02
1.9186166666666669e+00 1.8335392918576861e+02 -1.5926812286203210e+02
1.9196133333333334e+00 1.8351267987958096e+02 -1.5929514231329807e+02
1.9206100000000002e+00 1.8367145751620626e+02 -1.5932218870732507e+02
1.9216066666666669e+00 1.8383026212251082e+02 -1.5934926207100062e+02
1.9226033333333334e+00 1.8398909372538779e+02 -1.5937636243130541e+02
1.9236000000000002e+00 1.8414795235175725e+02 -1.5940348981509146e+02
1.9245966666666667e+00 1.8430683802856598e+02 -1.5943064424926422e+02
1.9255933333333335e+00 1.8446575078278769e+02 -1.5945782576085423e+02
1.9265900000000002e+00 1.8462469064142303e+02 -1.5948503437692000e+02
1.9275866666666668e+00 1.8478365763149947e+02 -1.5951227012435675e+02
1.9285833333333335e+00 1.8494265178007154e+02 -1.5953953303025872e+02
1.9295800000000001e+00 1.8510167311422063e+02 -1.5956682312181673e+02
1.9305766666666668e+00 1.8526072166105533e+02 -1.5959414042604689e+02
1.9315733333333336e+00 1.8541979744771106e+02 -1.5962148497003648e+02
1.9325700000000001e+00 1.8557890050135035e+02 -1.5964885678105105e+02
1.9335666666666669e+00 1.8573803084916290e+02 -1.5967625588622803e+02
1.9345633333333334e+00 1.8589718851836537e+02 -1.5970368231275796e+02
1.9355600000000002e+00 1.8605637353620173e+02 -1.5973113608797075e+02
1.9365566666666669e+00 1.8621558592994305e+02 -1.5975861723905345e+02
1.9375533333333335e+00 1.8637482572688751e+02 -1.5978612579332869e+02
1.9385500000000002e+00 1.8653409295436063e+02 -1.5981366177813342e+02
1.9395466666666668e+00 1.8669338763971510e+02 -1.5984122522082939e+02
1.9405433333333335e+00 1.8685270981033096e+02 -1.5986881614876069e+02
1.9415400000000003e+00 1.8701205949361548e+02 -1.5989643458938528e+02
1.9425366666666668e+00 1.8717143671700327e+02 -1.5992408057012571e+02
1.9435333333333336e+00 1.8733084150795639e+02 -1.5995175411836155e+02
1.9445300000000001e+00 1.8749027389396409e+02 -1.5997945526166856e+02
1.9455266666666668e+00 1.8764973390254326e+02 -1.6000718402760455e+02
1.9465233333333336e+00 1.8780922156123810e+02 -1.6003494044361346e+02
1.9475200000000001e+00 1.8796873689762020e+02 -1.6006272453723162e+02
1.9485166666666669e+00 1.8812827993928883e+02 -1.6009053633622381e+02
1.9495133333333334e+00 1.8828785071387065e+02 -1.6011837586813709e+02
1.9505100000000002e+00 1.8844744924901997e+02 -1.6014624316054372e+02
1.9515066666666669e+00 1.8860707557241852e+02 -1.6017413824120118e+02
1.9525033333333335e+00 1.8876672971177575e+02 -1.6020206113790249e+02
1.9535000000000002e+00 1.8892641169482883e+02 -1.6023001187825562e+02
1.9544966666666668e+00 1.8908612154934229e+02 -1.6025799048996447e+02
1.9554933333333335e+00 1.8924585930310866e+02 -1.6028599700104323e+02
1.9564900000000003e+00 1.8940562498394806e+02 -1.6031403143917817e+02
1.9574866666666668e+00 1.8956541861970825e+02 -1.6034209383213377e+02
1.9584833333333336e+00 1.8972524023826492e+02 -1.6037018420794573e+02
1.9594800000000001e+00 1.8988508986752146e+02 -1.6039830259453186e+02
1.9604766666666669e+00 1.9004496753540923e+02 -1.6042644901966753e+02
1.9614733333333334e+00 1.9020487326988714e+02 -1.6045462351132764e+02
1.9624700000000002e+00 1.9036480709894232e+02 -1.6048282609766889e+02
1.9634666666666669e+00 1.9052476905058961e+02 -1.6051105680656303e+02
1.9644633333333335e+00 1.9068475915287178e+02 -1.6053931566603109e+02
1.9654600000000002e+00 1.9084477743385966e+02 -1.6056760270425139e+02
1.9664566666666667e+00 1.9100482392165202e+02 -1.6059591794934133e+02
1.9674533333333335e+00 1.9116489864437571e+02 -1.6062426142927234e+02
1.9684500000000003e+00 1.9132500163018548e+02 -1.6065263317224398e+02
1.9694466666666668e+00 1.9148513290726424e+02 -1.6068103320656260e+02
1.9704433333333335e+00 1.9164529250382310e+02 -1.6070946156036359e+02
1.9714400000000001e+00 1.9180548044810112e+02 -1.6073791826182153e+02
1.9724366666666668e+00 1.9196569676836569e+02 -1.6076640333927836e+02
1.9734333333333336e+00 1.9212594149291229e+02 -1.6079491682107650e+02
1.9744300000000001e+00 1.9228621465006458e+02 -1.6082345873537957e+02
1.9754266666666669e+00 1.9244651626817452e+02 -1.6085202911065088e+02
1.9764233333333334e+00 1.9260684637562235e+02 -1.6088062797533590e+02
1.9774200000000002e+00 1.9276720500081669e+02 -1.6090925535771964e+02
1.9784166666666669e+00 1.9292759217219427e+02 -1.6093791128624429e+02
1.9794133333333335e+00 1.9308800791822031e+02 -1.6096659578945835e+02
1.9804100000000002e+00 1.9324845226738850e+02 -1.6099530889581101e+02
1.9814066666666668e+00 1.9340892524822073e+02 -1.6102405063379047e+02
1.9824033333333335e+00 1.9356942688926753e+02 -1.6105282103200960e+02
1.9834000000000003e+00 1.9372995721910780e+02 -1.6108162011901052e+02
1.9843966666666668e+00 1.9389051626634893e+02 -1.6111044792339868e+02
1.9853933333333336e+00 1.9405110405962688e+02 -1.6113930447382293e+02
1.9863900000000001e+00 1.9421172062760613e+02 -1.6116818979895683e+02
1.9873866666666669e+00 1.9437236599897980e+02 -1.6119710392745600e+02
1.9883833333333336e+00 1.9453304020246955e+02 -1.6122604688809074e+02
1.9893800000000001e+00 1.9469374326682572e+02 -1.6125501870960906e+02
1.9903766666666669e+00 1.9485447522082734e+02 -1.6128401942071682e+02
1.9913733333333334e+00 1.9501523609328203e+02 -1.6131304905027287e+02
1.9923700000000002e+00 1.9517602591302631e+02 -1.6134210762717535e+02
1.9933666666666670e+00 1.9533684470892533e+02 -1.6137119518020882e+02
1.9943633333333335e+00 1.9549769250987299e+02 -1.6140031173820674e+02
1.9953600000000002e+00 1.9565856934479211e+02 -1.6142945733025996e+02
1.9963566666666668e+00 1.9581947524263433e+02 -1.6145863198524174e+02
1.9973533333333335e+00 1.9598041023238014e+02 -1.6148783573205384e+02
1.9983500000000001e+00 1.9614137434303882e+02 -1.6151706859978322e+02
1.9993466666666668e+00 1.9630236760364878e+02 -1.6154633061751707e+02
2.0003433333333334e+00 1.9646339004327726e+02 -1.6157562181426061e+02
2.0013399999999999e+00 1.9662444169102051e+02 -1.6160494221904332e+02
2.0023366666666669e+00 1.9678552257600384e+02 -1.6163429186109926e+02
2.0033333333333334e+00 1.9694663272738146e+02 -1.6166367076960100e+02
2.0043299999999999e+00 1.9710777217433682e+02 -1.6169307897361327e+02
2.0053266666666669e+00 1.9726894094608241e+02 -1.6172251650240241e+02
2.0063233333333335e+00 1.9743013907185974e+02 -1.6175198338528372e+02
2.0073200000000000e+00 1.9759136658093968e+02 -1.6178147965140056e+02
2.0083166666666665e+00 1.9775262350262210e+02 -1.6181100533011085e+02
2.0093133333333335e+00 1.9791390986623631e+02 -1.6184056045078771e+02
2.0103100000000000e+00 1.9807522570114057e+02 -1.6187014504276064e+02
2.0113066666666666e+00 1.9823657103672267e+02 -1.6189975913538683e+02
2.0123033333333331e+00 1.9839794590239956e+02 -1.6192940275806697e+02
2.0133000000000001e+00 1.9855935032761764e+02 -1.6195907594034534e+02
2.0142966666666666e+00 1.9872078434185252e+02 -1.6198877871162276e+02
2.0152933333333332e+00 1.9888224797460930e+02 -1.6201851110136275e+02
2.0162900000000001e+00 1.9904374125542256e+02 -1.6204827313918850e+02
2.0172866666666667e+00 1.9920526421385614e+02 -1.6207806485468609e+02
2.0182833333333332e+00 1.9936681687950357e+02 -1.6210788627734101e+02
2.0192799999999997e+00 1.9952839928198776e+02 -1.6213773743679636e+02
2.0202766666666667e+00 1.9969001145096126e+02 -1.6216761836278187e+02
2.0212733333333333e+00 1.9985165341610605e+02 -1.6219752908495494e+02
2.0222699999999998e+00 2.0001332520713379e+02 -1.6222746963297863e+02
2.0232666666666668e+00 2.0017502685378585e+02 -1.6225744003659031e+02
2.0242633333333333e+00 2.0033675838583301e+02 -1.6228744032564703e+02
2.0252599999999998e+00 2.0049851983307599e+02 -1.6231747052986884e+02
2.0262566666666668e+00 2.0066031122534517e+02 -1.6234753067909296e+02
2.0272533333333334e+00 2.0082213259250051e+02 -1.6237762080321917e+02
2.0282499999999999e+00 2.0098398396443196e+02 -1.6240774093214631e+02
2.0292466666666664e+00 2.0114586537105916e+02 -1.6243789109574564e+02
2.0302433333333334e+00 2.0130777684233169e+02 -1.6246807132394662e+02
2.0312399999999999e+00 2.0146971840822877e+02 -1.6249828164680582e+02
2.0322366666666665e+00 2.0163169009875975e+02 -1.6252852209431416e+02
2.0332333333333334e+00 2.0179369194396386e+02 -1.6255879269645155e+02
2.0342300000000000e+00 2.0195572397391010e+02 -1.6258909348331738e+02
2.0352266666666665e+00 2.0211778621869766e+02 -1.6261942448507361e+02
2.0362233333333335e+00 2.0227987870845578e+02 -1.6264978573177146e+02
2.0372200000000000e+00 2.0244200147334345e+02 -1.6268017725356742e+02
2.0382166666666666e+00 2.0260415454355001e+02 -1.6271059908068807e+02
2.0392133333333331e+00 2.0276633794929481e+02 -1.6274105124337541e+02
2.0402100000000001e+00 2.0292855172082744e+02 -1.6277153377182992e+02
2.0412066666666666e+00 2.0309079588842738e+02 -1.6280204669632215e+02
2.0422033333333331e+00 2.0325307048240458e+02 -1.6283259004724195e+02
2.0432000000000001e+00 2.0341537553309917e+02 -1.6286316385482615e+02
2.0441966666666667e+00 2.0357771107088129e+02 -1.6289376814947352e+02
2.0451933333333332e+00 2.0374007712615165e+02 -1.6292440296164526e+02
2.0461900000000002e+00 2.0390247372934127e+02 -1.6295506832176346e+02
2.0471866666666667e+00 2.0406490091091126e+02 -1.6298576426021282e+02
2.0481833333333332e+00 2.0422735870135332e+02 -1.6301649080750494e+02
2.0491799999999998e+00 2.0438984713118950e+02 -1.6304724799425253e+02
2.0501766666666668e+00 2.0455236623097238e+02 -1.6307803585089854e+02
2.0511733333333333e+00 2.0471491603128473e+02 -1.6310885440805583e+02
2.0521699999999998e+00 2.0487749656274008e+02 -1.6313970369637059e+02
2.0531666666666668e+00 2.0504010785598248e+02 -1.6317058374650765e+02
2.0541633333333333e+00 2.0520274994168636e+02 -1.6320149458906542e+02
2.0551599999999999e+00 2.0536542285055685e+02 -1.6323243625475510e+02
2.0561566666666664e+00 2.0552812661332968e+02 -1.6326340877437471e+02
2.0571533333333334e+00 2.0569086126077133e+02 -1.6329441217869530e+02
2.0581499999999999e+00 2.0585362682367875e+02 -1.6332544649844380e+02
2.0591466666666665e+00 2.0601642333287973e+02 -1.6335651176442300e+02
2.0601433333333334e+00 2.0617925081923286e+02 -1.6338760800764015e+02
2.0611400000000000e+00 2.0634210931362730e+02 -1.6341873525886481e+02
2.0621366666666665e+00 2.0650499884698320e+02 -1.6344989354901392e+02
2.0631333333333335e+00 2.0666791945025153e+02 -1.6348108290909474e+02
2.0641300000000000e+00 2.0683087115441398e+02 -1.6351230337009062e+02
2.0651266666666666e+00 2.0699385399048327e+02 -1.6354355496296930e+02
2.0661233333333331e+00 2.0715686798950298e+02 -1.6357483771875690e+02
2.0671200000000001e+00 2.0731991318254774e+02 -1.6360615166860961e+02
2.0681166666666666e+00 2.0748298960072296e+02 -1.6363749684359652e+02
2.0691133333333331e+00 2.0764609727516529e+02 -1.6366887327481979e+02
2.0701100000000001e+00 2.0780923623704237e+02 -1.6370028099345774e+02
2.0711066666666667e+00 2.0797240651755277e+02 -1.6373172003077914e+02
2.0721033333333332e+00 2.0813560814792635e+02 -1.6376319041792891e+02
2.0731000000000002e+00 2.0829884115942411e+02 -1.6379469218615662e+02
2.0740966666666667e+00 2.0846210558333800e+02 -1.6382622536684516e+02
2.0750933333333332e+00 2.0862540145099146e+02 -1.6385778999128993e+02
2.0760899999999998e+00 2.0878872879373901e+02 -1.6388938609077380e+02
2.0770866666666667e+00 2.0895208764296649e+02 -1.6392101369672386e+02
2.0780833333333333e+00 2.0911547803009091e+02 -1.6395267284060853e+02
2.0790799999999998e+00 2.0927889998656079e+02 -1.6398436355384339e+02
2.0800766666666668e+00 2.0944235354385600e+02 -1.6401608586787805e+02
2.0810733333333333e+00 2.0960583873348756e+02 -1.6404783981422344e+02
2.0820699999999999e+00 2.0976935558699816e+02 -1.6407962542448061e+02
2.0830666666666668e+00 2.0993290413596193e+02 -1.6411144273017035e+02
2.0840633333333334e+00 2.1009648441198428e+02 -1.6414329176287509e+02
2.0850599999999999e+00 2.1026009644670231e+02 -1.6417517255430351e+02
2.0860566666666664e+00 2.1042374027178468e+02 -1.6420708513613786e+02
2.0870533333333334e+00 2.1058741591893167e+02 -1.6423902953999070e+02
2.0880500000000000e+00 2.1075112341987489e+02 -1.6427100579760122e+02
2.0890466666666665e+00 2.1091486280637784e+02 -1.6430301394082699e+02
2.0900433333333335e+00 2.1107863411023575e+02 -1.6433505400137432e+02
2.0910400000000000e+00 2.1124243736327526e+02 -1.6436712601106791e+02
2.0920366666666665e+00 2.1140627259735498e+02 -1.6439923000183040e+02
2.0930333333333331e+00 2.1157013984436531e+02 -1.6443136600554340e+02
2.0940300000000001e+00 2.1173403913622840e+02 -1.6446353405409079e+02
2.0950266666666666e+00 2.1189797050489807e+02 -1.6449573417939689e+02
2.0960233333333331e+00 2.1206193398236019e+02 -1.6452796641354729e+02
2.0970200000000001e+00 2.1222592960063258e+02 -1.6456023078847664e+02
2.0980166666666666e+00 2.1238995739176471e+02 -1.6459252733622355e+02
2.0990133333333332e+00 2.1255401738783823e+02 -1.6462485608895889e+02
2.1000100000000002e+00 2.1271810962096686e+02 -1.6465721707876011e+02
2.1010066666666667e+00 2.1288223412329606e+02 -1.6468961033772268e+02
2.1020033333333332e+00 2.1304639092700353e+02 -1.6472203589804005e+02
2.1029999999999998e+00 2.1321058006429902e+02 -1.6475449379196462e+02
2.1039966666666667e+00 2.1337480156742453e+02 -1.6478698405175095e+02
2.1049933333333333e+00 2.1353905546865391e+02 -1.6481950670960870e+02
2.1059899999999998e+00 2.1370334180029343e+02 -1.6485206179782281e+02
2.1069866666666668e+00 2.1386766059468158e+02 -1.6488464934884141e+02
2.1079833333333333e+00 2.1403201188418888e+02 -1.6491726939495976e+02
2.1089799999999999e+00 2.1419639570121834e+02 -1.6494992196856253e+02
2.1099766666666668e+00 2.1436081207820530e+02 -1.6498260710215490e+02
2.1109733333333334e+00 2.1452526104761722e+02 -1.6501532482818899e+02
2.1119699999999999e+00 2.1468974264195415e+02 -1.6504807517910041e+02
2.1129666666666664e+00 2.1485425689374847e+02 -1.6508085818745519e+02
2.1139633333333334e+00 2.1501880383556505e+02 -1.6511367388585040e+02
2.1149600000000000e+00 2.1518338350000107e+02 -1.6514652230688060e+02
2.1159566666666665e+00 2.1534799591968641e+02 -1.6517940348312993e+02
2.1169533333333335e+00 2.1551264112728344e+02 -1.6521231744727484e+02
2.1179500000000000e+00 2.1567731915548697e+02 -1.6524526423206692e+02
2.1189466666666665e+00 2.1584203003702456e+02 -1.6527824387014718e+02
2.1199433333333335e+00 2.1600677380465640e+02 -1.6531125639430627e+02
2.1209400000000000e+00 2.1617155049117517e+02 -1.6534430183736703e+02
2.1219366666666666e+00 2.1633636012940647e+02 -1.6537738023216409e+02
2.1229333333333331e+00 2.1650120275220854e+02 -1.6541049161150599e+02
2.1239300000000001e+00 2.1666607839247246e+02 -1.6544363600827495e+02
2.1249266666666666e+00 2.1683098708312187e+02 -1.6547681345546491e+02
2.1259233333333332e+00 2.1699592885711348e+02 -1.6551002398597333e+02
2.1269200000000001e+00 2.1716090374743689e+02 -1.6554326763279079e+02
2.1279166666666667e+00 2.1732591178711431e+02 -1.6557654442898232e+02
2.1289133333333332e+00 2.1749095300920118e+02 -1.6560985440761067e+02
2.1299099999999997e+00 2.1765602744678580e+02 -1.6564319760168408e+02
2.1309066666666667e+00 2.1782113513298947e+02 -1.6567657404435568e+02
2.1319033333333333e+00 2.1798627610096636e+02 -1.6570998376883324e+02
2.1328999999999998e+00 2.1815145038390392e+02 -1.6574342680827087e+02
2.1338966666666668e+00 2.1831665801502271e+02 -1.6577690319587299e+02
2.1348933333333333e+00 2.1848189902757613e+02 -1.6581041296487592e+02
2.1358899999999998e+00 2.1864717345485101e+02 -1.6584395614864746e+02
2.1368866666666668e+00 2.1881248133016740e+02 -1.6587753278043505e+02
2.1378833333333334e+00 2.1897782268687826e+02 -1.6591114289357463e+02
2.1388799999999999e+00 2.1914319755837010e+02 -1.6594478652152807e+02
2.1398766666666664e+00 2.1930860597806267e+02 -1.6597846369770269e+02
2.1408733333333334e+00 2.1947404797940905e+02 -1.6601217445548011e+02
2.1418699999999999e+00 2.1963952359589550e+02 -1.6604591882838173e+02
2.1428666666666665e+00 2.1980503286104187e+02 -1.6607969685000336e+02
2.1438633333333335e+00 2.1997057580840146e+02 -1.6611350855379209e+02
2.1448600000000000e+00 2.2013615247156079e+02 -1.6614735397335491e+02
2.1458566666666665e+00 2.2030176288414009e+02 -1.6618123314234472e+02
2.1468533333333335e+00 2.2046740707979313e+02 -1.6621514609443670e+02
2.1478500000000000e+00 2.2063308509220704e+02 -1.6624909286328071e+02
2.1488466666666666e+00 2.2079879695510269e+02 -1.6628307348255214e+02
2.1498433333333331e+00 2.2096454270223452e+02 -1.6631708798608625e+02
2.1508400000000001e+00 2.2113032236739079e+02 -1.6635113640766389e+02
2.1518366666666666e+00 2.2129613598439315e+02 -1.6638521878104888e+02
2.1528333333333332e+00 2.2146198358709717e+02 -1.6641933514012203e+02
2.1538300000000001e+00 2.2162786520939227e+02 -1.6645348551882969e+02
2.1548266666666667e+00 2.2179378088520139e+02 -1.6648766995102125e+02
2.1558233333333332e+00 2.2195973064848150e+02 -1.6652188847063448e+02
2.1568200000000002e+00 2.2212571453322343e+02 -1.6655614111172983e+02
2.1578166666666667e+00 2.2229173257345175e+02 -1.6659042790837060e+02
2.1588133333333333e+00 2.2245778480322517e+02 -1.6662474889450306e+02
2.1598099999999998e+00 2.2262387125663616e+02 -1.6665910410421895e+02
2.1608066666666668e+00 2.2278999196781140e+02 -1.6669349357174136e+02
2.1618033333333333e+00 2.2295614697091136e+02 -1.6672791733121912e+02
2.1627999999999998e+00 2.2312233630013077e+02 -1.6676237541677520e+02
2.1637966666666668e+00 2.2328855998969840e+02 -1.6679686786264128e+02
2.1647933333333333e+00 2.2345481807387702e+02 -1.6683139470318011e+02
2.1657899999999999e+00 2.2362111058696377e+02 -1.6686595597259452e+02
2.1667866666666664e+00 2.2378743756328984e+02 -1.6690055170519008e+02
2.1677833333333334e+00 2.2395379903722082e+02 -1.6693518193543244e+02
2.1687799999999999e+00 2.2412019504315631e+02 -1.6696984669771282e+02
2.1697766666666665e+00 2.2428662561553045e+02 -1.6700454602638212e+02
2.1707733333333334e+00 2.2445309078881169e+02 -1.6703927995594307e+02
2.1717700000000000e+00 2.2461959059750265e+02 -1.6707404852094385e+02
2.1727666666666665e+00 2.2478612507614056e+02 -1.6710885175586353e+02
2.1737633333333335e+00 2.2495269425929709e+02 -1.6714368969527641e+02
2.1747600000000000e+00 2.2511929818157816e+02 -1.6717856237383020e+02
2.1757566666666666e+00 2.2528593687762447e+02 -1.6721346982618397e+02
2.1767533333333331e+00 2.2545261038211115e+02 -1.6724841208692851e+02
2.1777500000000001e+00 2.2561931872974793e+02 -1.6728338919080034e+02
2.1787466666666666e+00 2.2578606195527900e+02 -1.6731840117259009e+02
2.1797433333333331e+00 2.2595284009348339e+02 -1.6735344806706181e+02
2.1807400000000001e+00 2.2611965317917483e+02 -1.6738852990900378e+02
2.1817366666666667e+00 2.2628650124720153e+02 -1.6742364673323488e+02
2.1827333333333332e+00 2.2645338433244663e+02 -1.6745879857473315e+02
2.1837300000000002e+00 2.2662030246982815e+02 -1.6749398546835823e+02
2.1847266666666667e+00 2.2678725569429864e+02 -1.6752920744902880e+02
2.1857233333333332e+00 2.2695424404084568e+02 -1.6756446455178863e+02
2.1867199999999998e+00 2.2712126754449179e+02 -1.6759975681167057e+02
2.1877166666666668e+00 2.2728832624029440e+02 -1.6763508426368233e+02
2.1887133333333333e+00 2.2745542016334565e+02 -1.6767044694291377e+02
2.1897099999999998e+00 2.2762254934877299e+02 -1.6770584488457081e+02
2.1907066666666668e+00 2.2778971383173885e+02 -1.6774127812372714e+02
2.1917033333333333e+00 2.2795691364744044e+02 -1.6777674669558661e+02
2.1926999999999999e+00 2.2812414883111038e+02 -1.6781225063542644e+02
2.1936966666666669e+00 2.2829141941801637e+02 -1.6784778997853428e+02
2.1946933333333334e+00 2.2845872544346113e+02 -1.6788336476017096e+02
2.1956899999999999e+00 2.2862606694278273e+02 -1.6791897501562255e+02
2.1966866666666665e+00 2.2879344395135436e+02 -1.6795462078034959e+02
2.1976833333333334e+00 2.2896085650458468e+02 -1.6799030208977345e+02
2.1986800000000000e+00 2.2912830463791738e+02 -1.6802601897925499e+02
2.1996766666666665e+00 2.2929578838683167e+02 -1.6806177148427068e+02
2.2006733333333335e+00 2.2946330778684222e+02 -1.6809755964045053e+02
2.2016700000000000e+00 2.2963086287349884e+02 -1.6813338348325522e+02
2.2026666666666666e+00 2.2979845368238702e+02 -1.6816924304824141e+02
2.2036633333333331e+00 2.2996608024912763e+02 -1.6820513837111207e+02
2.2046600000000001e+00 2.3013374260937724e+02 -1.6824106948750264e+02
2.2056566666666666e+00 2.3030144079882763e+02 -1.6827703643305898e+02
2.2066533333333331e+00 2.3046917485320643e+02 -1.6831303924351420e+02
2.2076500000000001e+00 2.3063694480827692e+02 -1.6834907795472662e+02
2.2086466666666666e+00 2.3080475069983785e+02 -1.6838515260238492e+02
2.2096433333333332e+00 2.3097259256372382e+02 -1.6842126322232187e+02
2.2106400000000002e+00 2.3114047043580516e+02 -1.6845740985049571e+02
2.2116366666666667e+00 2.3130838435198783e+02 -1.6849359252279473e+02
2.2126333333333332e+00 2.3147633434821375e+02 -1.6852981127510347e+02
2.2136299999999998e+00 2.3164432046046062e+02 -1.6856606614338153e+02
2.2146266666666667e+00 2.3181234272474205e+02 -1.6860235716372080e+02
2.2156233333333333e+00 2.3198040117710741e+02 -1.6863868437218059e+02
2.2166199999999998e+00 2.3214849585364223e+02 -1.6867504780477907e+02
2.2176166666666668e+00 2.3231662679046798e+02 -1.6871144749761697e+02
2.2186133333333333e+00 2.3248479402374193e+02 -1.6874788348695341e+02
2.2196099999999999e+00 2.3265299758965767e+02 -1.6878435580892040e+02
2.2206066666666668e+00 2.3282123752444485e+02 -1.6882086449970450e+02
2.2216033333333334e+00 2.3298951386436903e+02 -1.6885740959565030e+02
2.2225999999999999e+00 2.3315782664573217e+02 -1.6889399113308411e+02
2.2235966666666664e+00 2.3332617590487234e+02 -1.6893060914823656e+02
2.2245933333333334e+00 2.3349456167816388e+02 -1.6896726367749903e+02
2.2255900000000000e+00 2.3366298400201723e+02 -1.6900395475735866e+02
2.2265866666666665e+00 2.3383144291287937e+02 -1.6904068242424665e+02
2.2275833333333335e+00 2.3399993844723360e+02 -1.6907744671460651e+02
2.2285800000000000e+00 2.3416847064159938e+02 -1.6911424766492533e+02
2.2295766666666665e+00 2.3433703953253280e+02 -1.6915108531186243e+02
2.2305733333333335e+00 2.3450564515662643e+02 -1.6918795969194679e+02
2.2315700000000001e+00 2.3467428755050904e+02 -1.6922487084177962e+02
2.2325666666666666e+00 2.3484296675084622e+02 -1.6926181879807223e+02
2.2335633333333331e+00 2.3501168279434000e+02 -1.6929880359755410e+02
2.2345600000000001e+00 2.3518043571772915e+02 -1.6933582527690200e+02
2.2355566666666666e+00 2.3534922555778877e+02 -1.6937288387288825e+02
2.2365533333333332e+00 2.3551805235133091e+02 -1.6940997942240020e+02
2.2375500000000001e+00 2.3568691613520429e+02 -1.6944711196220928e+02
2.2385466666666667e+00 2.3585581694629417e+02 -1.6948428152921625e+02
2.2395433333333332e+00 2.3602475482152281e+02 -1.6952148816037456e+02
2.2405399999999998e+00 2.3619372979784922e+02 -1.6955873189264196e+02
2.2415366666666667e+00 2.3636274191226931e+02 -1.6959601276298037e+02
2.2425333333333333e+00 2.3653179120181571e+02 -1.6963333080841886e+02
2.2435299999999998e+00 2.3670087770355815e+02 -1.6967068606608689e+02
2.2445266666666668e+00 2.3687000145460337e+02 -1.6970807857302714e+02
2.2455233333333333e+00 2.3703916249209482e+02 -1.6974550836639682e+02
2.2465199999999999e+00 2.3720836085321329e+02 -1.6978297548341106e+02
2.2475166666666668e+00 2.3737759657517663e+02 -1.6982047996126929e+02
2.2485133333333334e+00 2.3754686969523951e+02 -1.6985802183721447e+02
2.2495099999999999e+00 2.3771618025069404e+02 -1.6989560114852776e+02
2.2505066666666664e+00 2.3788552827886943e+02 -1.6993321793255197e+02
2.2515033333333334e+00 2.3805491381713219e+02 -1.6997087222670535e+02
2.2524999999999999e+00 2.3822433690288585e+02 -1.7000856406833077e+02
2.2534966666666665e+00 2.3839379757357148e+02 -1.7004629349482838e+02
2.2544933333333335e+00 2.3856329586666743e+02 -1.7008406054379694e+02
2.2554900000000000e+00 2.3873283181968932e+02 -1.7012186525266489e+02
2.2564866666666665e+00 2.3890240547019027e+02 -1.7015970765896057e+02
2.2574833333333335e+00 2.3907201685576089e+02 -1.7019758780036850e+02
2.2584800000000000e+00 2.3924166601402911e+02 -1.7023550571448808e+02
2.2594766666666666e+00 2.3941135298266053e+02 -1.7027346143892839e+02
2.2604733333333331e+00 2.3958107779935827e+02 -1.7031145501141700e+02
2.2614700000000001e+00 2.3975084050186308e+02 -1.7034948646971475e+02
2.2624666666666666e+00 2.3992064112795319e+02 -1.7038755585163486e+02
2.2634633333333332e+00 2.4009047971544470e+02 -1.7042566319491942e+02
2.2644600000000001e+00 2.4026035630219138e+02 -1.7046380853743852e+02
2.2654566666666667e+00 2.4043027092608457e+02 -1.7050199191714799e+02
2.2664533333333332e+00 2.4060022362505359e+02 -1.7054021337187547e+02
2.2674500000000002e+00 2.4077021443706553e+02 -1.7057847293963360e+02
2.2684466666666667e+00 2.4094024340012524e+02 -1.7061677065846382e+02
2.2694433333333333e+00 2.4111031055227562e+02 -1.7065510656640274e+02
2.2704399999999998e+00 2.4128041593159742e+02 -1.7069348070147743e+02
2.2714366666666668e+00 2.4145055957620943e+02 -1.7073189310180535e+02
2.2724333333333333e+00 2.4162074152426825e+02 -1.7077034380559888e+02
2.2734299999999998e+00 2.4179096181396881e+02 -1.7080883285107041e+02
2.2744266666666668e+00 2.4196122048354405e+02 -1.7084736027638985e+02
2.2754233333333334e+00 2.4213151757126479e+02 -1.7088592611979806e+02
2.2764199999999999e+00 2.4230185311544028e+02 -1.7092453041970694e+02
2.2774166666666669e+00 2.4247222715441799e+02 -1.7096317321441472e+02
2.2784133333333334e+00 2.4264263972658338e+02 -1.7100185454226224e+02
2.2794099999999999e+00 2.4281309087036038e+02 -1.7104057444172781e+02
2.2804066666666665e+00 2.4298358062421121e+02 -1.7107933295130917e+02
2.2814033333333334e+00 2.4315410902663652e+02 -1.7111813010942333e+02
2.2824000000000000e+00 2.4332467611617508e+02 -1.7115696595462489e+02
2.2833966666666665e+00 2.4349528193140435e+02 -1.7119584052556797e+02
2.2843933333333335e+00 2.4366592651094027e+02 -1.7123475386076495e+02
2.2853900000000000e+00 2.4383660989343699e+02 -1.7127370599889863e+02
2.2863866666666666e+00 2.4400733211758748e+02 -1.7131269697871838e+02
2.2873833333333331e+00 2.4417809322212327e+02 -1.7135172683893569e+02
2.2883800000000001e+00 2.4434889324581448e+02 -1.7139079561826702e+02
2.2893766666666666e+00 2.4451973222746975e+02 -1.7142990335553807e+02
2.2903733333333332e+00 2.4469061020593659e+02 -1.7146905008967357e+02
2.2913700000000001e+00 2.4486152722010129e+02 -1.7150823585947126e+02
2.2923666666666667e+00 2.4503248330888866e+02 -1.7154746070385639e+02
2.2933633333333332e+00 2.4520347851126255e+02 -1.7158672466185357e+02
2.2943600000000002e+00 2.4537451286622570e+02 -1.7162602777246011e+02
2.2953566666666667e+00 2.4554558641281949e+02 -1.7166537007465845e+02
2.2963533333333332e+00 2.4571669919012442e+02 -1.7170475160753981e+02
2.2973499999999998e+00 2.4588785123725992e+02 -1.7174417241027197e+02
2.2983466666666668e+00 2.4605904259338456e+02 -1.7178363252201370e+02
2.2993433333333333e+00 2.4623027329769567e+02 -1.7182313198191846e+02
2.3003399999999998e+00 2.4640154338942986e+02 -1.7186267082919608e+02
2.3013366666666668e+00 2.4657285290786291e+02 -1.7190224910322894e+02
2.3023333333333333e+00 2.4674420189230955e+02 -1.7194186684324185e+02
2.3033299999999999e+00 2.4691559038212390e+02 -1.7198152408858715e+02
2.3043266666666669e+00 2.4708701841669932e+02 -1.7202122087873289e+02
2.3053233333333334e+00 2.4725848603546831e+02 -1.7206095725306065e+02
2.3063199999999999e+00 2.4742999327790284e+02 -1.7210073325104656e+02
2.3073166666666665e+00 2.4760154018351415e+02 -1.7214054891217202e+02
2.3083133333333334e+00 2.4777312679185297e+02 -1.7218040427602378e+02
2.3093100000000000e+00 2.4794475314250931e+02 -1.7222029938224003e+02
2.3103066666666665e+00 2.4811641927511283e+02 -1.7226023427037262e+02
2.3113033333333335e+00 2.4828812522933271e+02 -1.7230020898007507e+02
2.3123000000000000e+00 2.4845987104487742e+02 -1.7234022355114249e+02
2.3132966666666666e+00 2.4863165676149532e+02 -1.7238027802326911e+02
2.3142933333333335e+00 2.4880348241897437e+02 -1.7242037243622272e+02
2.3152900000000001e+00 2.4897534805714196e+02 -1.7246050682986976e+02
2.3162866666666666e+00 2.4914725371586547e+02 -1.7250068124411388e+02
2.3172833333333331e+00 2.4931919943505196e+02 -1.7254089571877867e+02
2.3182800000000001e+00 2.4949118525464829e+02 -1.7258115029380753e+02
2.3192766666666667e+00 2.4966321121464097e+02 -1.7262144500929492e+02
2.3202733333333332e+00 2.4983527735505666e+02 -1.7266177990516309e+02
2.3212700000000002e+00 2.5000738371596182e+02 -1.7270215502149358e+02
2.3222666666666667e+00 2.5017953033746275e+02 -1.7274257039845230e+02
2.3232633333333332e+00 2.5035171725970591e+02 -1.7278302607615663e+02
2.3242599999999998e+00 2.5052394452287771e+02 -1.7282352209475829e+02
2.3252566666666667e+00 2.5069621216720475e+02 -1.7286405849449994e+02
2.3262533333333333e+00 2.5086852023295344e+02 -1.7290463531566161e+02
2.3272499999999998e+00 2.5104086876043070e+02 -1.7294525259857872e+02
2.3282466666666668e+00 2.5121325778998352e+02 -1.7298591038354698e+02
2.3292433333333333e+00 2.5138568736199892e+02 -1.7302660871094616e+02
2.3302399999999999e+00 2.5155815751690446e+02 -1.7306734762126845e+02
2.3312366666666668e+00 2.5173066829516799e+02 -1.7310812715492372e+02
2.3322333333333334e+00 2.5190321973729746e+02 -1.7314894735241998e+02
2.3332299999999999e+00 2.5207581188384148e+02 -1.7318980825433073e+02
2.3342266666666664e+00 2.5224844477538900e+02 -1.7323070990127812e+02
2.3352233333333334e+00 2.5242111845256954e+02 -1.7327165233383312e+02
2.3362200000000000e+00 2.5259383295605289e+02 -1.7331263559264636e+02
2.3372166666666665e+00 2.5276658832654959e+02 -1.7335365971852355e+02
2.3382133333333335e+00 2.5293938460481087e+02 -1.7339472475214566e+02
2.3392100000000000e+00 2.5311222183162823e+02 -1.7343583073426311e+02
2.3402066666666665e+00 2.5328510004783419e+02 -1.7347697770580984e+02
2.3412033333333335e+00 2.5345801929430195e+02 -1.7351816570763805e+02
2.3422000000000001e+00 2.5363097961194524e+02 -1.7355939478059796e+02
2.3431966666666666e+00 2.5380398104171877e+02 -1.7360066496566213e+02
2.3441933333333331e+00 2.5397702362461806e+02 -1.7364197630386613e+02
2.3451900000000001e+00 2.5415010740167961e+02 -1.7368332883628020e+02
2.3461866666666666e+00 2.5432323241398058e+02 -1.7372472260386863e+02
2.3471833333333332e+00 2.5449639870263928e+02 -1.7376615764777910e+02
2.3481800000000002e+00 2.5466960630881510e+02 -1.7380763400929169e+02
2.3491766666666667e+00 2.5484285527370824e+02 -1.7384915172945628e+02
2.3501733333333332e+00 2.5501614563856009e+02 -1.7389071084954867e+02
2.3511700000000002e+00 2.5518947744465328e+02 -1.7393231141090615e+02
2.3521666666666667e+00 2.5536285073331138e+02 -1.7397395345486368e+02
2.3531633333333333e+00 2.5553626554589934e+02 -1.7401563702270741e+02
2.3541599999999998e+00 2.5570972192382328e+02 -1.7405736215584352e+02
2.3551566666666668e+00 2.5588321990853075e+02 -1.7409912889581307e+02
2.3561533333333333e+00 2.5605675954151036e+02 -1.7414093728403654e+02
2.3571499999999999e+00 2.5623034086429232e+02 -1.7418278736203212e+02
2.3581466666666668e+00 2.5640396391844820e+02 -1.7422467917140798e+02
2.3591433333333334e+00 2.5657762874559091e+02 -1.7426661275379874e+02
2.3601399999999999e+00 2.5675133538737498e+02 -1.7430858815076112e+02
2.3611366666666664e+00 2.5692508388549646e+02 -1.7435060540407216e+02
2.3621333333333334e+00 2.5709887428169304e+02 -1.7439266455547255e+02
2.3631300000000000e+00 2.5727270661774378e+02 -1.7443476564673935e+02
2.3641266666666665e+00 2.5744658093546968e+02 -1.7447690871967569e+02
2.3651233333333335e+00 2.5762049727673337e+02 -1.7451909381606100e+02
2.3661200000000000e+00 2.5779445568343903e+02 -1.7456132097795754e+02
2.3671166666666665e+00 2.5796845619753287e+02 -1.7460359024725389e+02
2.3681133333333335e+00 2.5814249886100293e+02 -1.7464590166584378e+02
2.3691100000000000e+00 2.5831658371587883e+02 -1.7468825527584642e+02
2.3701066666666666e+00 2.5849071080423244e+02 -1.7473065111938888e+02
2.3711033333333331e+00 2.5866488016817743e+02 -1.7477308923847627e+02
2.3721000000000001e+00 2.5883909184986953e+02 -1.7481556967527717e+02
2.3730966666666666e+00 2.5901334589150628e+02 -1.7485809247205341e+02
2.3740933333333332e+00 2.5918764233532755e+02 -1.7490065767100708e+02
2.3750900000000001e+00 2.5936198122361532e+02 -1.7494326531440277e+02
2.3760866666666667e+00 2.5953636259869353e+02 -1.7498591544455940e+02
2.3770833333333332e+00 2.5971078650292850e+02 -1.7502860810393545e+02
2.3780800000000002e+00 2.5988525297872889e+02 -1.7507134333482426e+02
2.3790766666666667e+00 2.6005976206854530e+02 -1.7511412117971582e+02
2.3800733333333333e+00 2.6023431381487092e+02 -1.7515694168113609e+02
2.3810699999999998e+00 2.6040890826024133e+02 -1.7519980488157506e+02
2.3820666666666668e+00 2.6058354544723448e+02 -1.7524271082362921e+02
2.3830633333333333e+00 2.6075822541847060e+02 -1.7528565954993115e+02
2.3840599999999998e+00 2.6093294821661271e+02 -1.7532865110313895e+02
2.3850566666666668e+00 2.6110771388436626e+02 -1.7537168552594514e+02
2.3860533333333334e+00 2.6128252246447914e+02 -1.7541476286109648e+02
2.3870499999999999e+00 2.6145737399974200e+02 -1.7545788315136488e+02
2.3880466666666669e+00 2.6163226853298823e+02 -1.7550104643967126e+02
2.3890433333333334e+00 2.6180720610709375e+02 -1.7554425276879076e+02
2.3900399999999999e+00 2.6198218676497737e+02 -1.7558750218167691e+02
2.3910366666666665e+00 2.6215721054960068e+02 -1.7563079472136158e+02
2.3920333333333335e+00 2.6233227750396821e+02 -1.7567413043072668e+02
2.3930300000000000e+00 2.6250738767112699e+02 -1.7571750935283242e+02
2.3940266666666665e+00 2.6268254109416733e+02 -1.7576093153084977e+02
2.3950233333333335e+00 2.6285773781622254e+02 -1.7580439700792817e+02
2.3960200000000000e+00 2.6303297788046865e+02 -1.7584790582715635e+02
2.3970166666666666e+00 2.6320826133012497e+02 -1.7589145803177286e+02
2.3980133333333331e+00 2.6338358820845389e+02 -1.7593505366506622e+02
2.3990100000000001e+00 2.6355895855876093e+02 -1.7597869277034610e+02
2.4000066666666666e+00 2.6373437242439462e+02 -1.7602237539092962e+02
2.4010033333333332e+00 2.6390982984874688e+02 -1.7606610157018707e+02
2.4020000000000001e+00 2.6408533087525302e+02 -1.7610987135166715e+02
2.4029966666666667e+00 2.6426087554739132e+02 -1.7615368477874398e+02
2.4039933333333332e+00 2.6443646390868366e+02 -1.7619754189490175e+02
2.4049900000000002e+00 2.6461209600269535e+02 -1.7624144274383198e+02
2.4059866666666667e+00 2.6478777187303496e+02 -1.7628538736913671e+02
2.4069833333333333e+00 2.6496349156335469e+02 -1.7632937581436815e+02
2.4079799999999998e+00 2.6513925511735022e+02 -1.7637340812321386e+02
2.4089766666666668e+00 2.6531506257876089e+02 -1.7641748433952566e+02
2.4099733333333333e+00 2.6549091399136938e+02 -1.7646160450704826e+02
2.4109699999999998e+00 2.6566680939900237e+02 -1.7650576866955103e+02
2.4119666666666668e+00 2.6584274884553008e+02 -1.7654997687092518e+02
2.4129633333333333e+00 2.6601873237486637e+02 -1.7659422915514352e+02
2.4139599999999999e+00 2.6619476003096912e+02 -1.7663852556611789e+02
2.4149566666666669e+00 2.6637083185783996e+02 -1.7668286614779669e+02
2.4159533333333334e+00 2.6654694789952418e+02 -1.7672725094432371e+02
2.4169499999999999e+00 2.6672310820011131e+02 -1.7677167999979275e+02
2.4179466666666665e+00 2.6689931280373469e+02 -1.7681615335823375e+02
2.4189433333333334e+00 2.6707556175457177e+02 -1.7686067106384075e+02
2.4199400000000000e+00 2.6725185509684377e+02 -1.7690523316095747e+02
2.4209366666666665e+00 2.6742819287481638e+02 -1.7694983969378060e+02
2.4219333333333335e+00 2.6760457513279925e+02 -1.7699449070654393e+02
2.4229300000000000e+00 2.6778100191514608e+02 -1.7703918624364792e+02
2.4239266666666666e+00 2.6795747326625502e+02 -1.7708392634957463e+02
2.4249233333333335e+00 2.6813398923056855e+02 -1.7712871106870026e+02
2.4259200000000001e+00 2.6831054985257310e+02 -1.7717354044545399e+02
2.4269166666666666e+00 2.6848715517679972e+02 -1.7721841452444266e+02
2.4279133333333331e+00 2.6866380524782392e+02 -1.7726333335023793e+02
2.4289100000000001e+00 2.6884050011026562e+02 -1.7730829696743345e+02
2.4299066666666667e+00 2.6901723980878899e+02 -1.7735330542068650e+02
2.4309033333333332e+00 2.6919402438810306e+02 -1.7739835875476379e+02
2.4319000000000002e+00 2.6937085389296141e+02 -1.7744345701435572e+02
2.4328966666666667e+00 2.6954772836816193e+02 -1.7748860024426205e+02
2.4338933333333332e+00 2.6972464785854748e+02 -1.7753378848937464e+02
2.4348899999999998e+00 2.6990161240900562e+02 -1.7757902179457889e+02
2.4358866666666668e+00 2.7007862206446868e+02 -1.7762430020475375e+02
2.4368833333333333e+00 2.7025567686991349e+02 -1.7766962376484150e+02
2.4378799999999998e+00 2.7043277687036209e+02 -1.7771499252000820e+02
2.4388766666666668e+00 2.7060992211088137e+02 -1.7776040651522933e+02
2.4398733333333333e+00 2.7078711263658289e+02 -1.7780586579558999e+02
2.4408699999999999e+00 2.7096434849262346e+02 -1.7785137040628442e+02
2.4418666666666669e+00 2.7114162972420490e+02 -1.7789692039254498e+02
2.4428633333333334e+00 2.7131895637657396e+02 -1.7794251579959933e+02
2.4438599999999999e+00 2.7149632849502262e+02 -1.7798815667268124e+02
2.4448566666666665e+00 2.7167374612488800e+02 -1.7803384305718939e+02
2.4458533333333334e+00 2.7185120931155245e+02 -1.7807957499851628e+02
2.4468500000000000e+00 2.7202871810044348e+02 -1.7812535254203206e+02
2.4478466666666665e+00 2.7220627253703395e+02 -1.7817117573321590e+02
2.4488433333333335e+00 2.7238387266684219e+02 -1.7821704461764264e+02
2.4498400000000000e+00 2.7256151853543167e+02 -1.7826295924085360e+02
2.4508366666666666e+00 2.7273921018841145e+02 -1.7830891964841345e+02
2.4518333333333335e+00 2.7291694767143616e+02 -1.7835492588603955e+02
2.4528300000000001e+00 2.7309473103020576e+02 -1.7840097799944442e+02
2.4538266666666666e+00 2.7327256031046585e+02 -1.7844707603426093e+02
2.4548233333333331e+00 2.7345043555800765e+02 -1.7849322003634387e+02
2.4558200000000001e+00 2.7362835681866818e+02 -1.7853941005157080e+02
2.4568166666666666e+00 2.7380632413832990e+02 -1.7858564612582521e+02
2.4578133333333332e+00 2.7398433756292121e+02 -1.7863192830498519e+02
2.4588100000000002e+00 2.7416239713841634e+02 -1.7867825663499659e+02
2.4598066666666667e+00 2.7434050291083514e+02 -1.7872463116197096e+02
2.4608033333333332e+00 2.7451865492624358e+02 -1.7877105193190062e+02
2.4618000000000002e+00 2.7469685323075350e+02 -1.7881751899090236e+02
2.4627966666666667e+00 2.7487509787052255e+02 -1.7886403238520194e+02
2.4637933333333333e+00 2.7505338889175471e+02 -1.7891059216097392e+02
2.4647899999999998e+00 2.7523172634069982e+02 -1.7895719836441535e+02
2.4657866666666668e+00 2.7541011026365402e+02 -1.7900385104186014e+02
2.4667833333333333e+00 2.7558854070695929e+02 -1.7905055023964809e+02
2.4677799999999999e+00 2.7576701771700408e+02 -1.7909729600417026e+02
2.4687766666666668e+00 2.7594554134022320e+02 -1.7914408838188621e+02
2.4697733333333334e+00 2.7612411162309741e+02 -1.7919092741919258e+02
2.4707699999999999e+00 2.7630272861215406e+02 -1.7923781316274864e+02
2.4717666666666664e+00 2.7648139235396690e+02 -1.7928474565900808e+02
2.4727633333333334e+00 2.7666010289515606e+02 -1.7933172495461861e+02
2.4737600000000000e+00 2.7683886028238805e+02 -1.7937875109629084e+02
2.4747566666666665e+00 2.7701766456237618e+02 -1.7942582413072924e+02
2.4757533333333335e+00 2.7719651578188024e+02 -1.7947294410467870e+02
2.4767500000000000e+00 2.7737541398770639e+02 -1.7952011106487819e+02
2.4777466666666665e+00 2.7755435922670779e+02 -1.7956732505831735e+02
2.4787433333333335e+00 2.7773335154578422e+02 -1.7961458613176973e+02
2.4797400000000001e+00 2.7791239099188209e+02 -1.7966189433225927e+02
2.4807366666666666e+00 2.7809147761199483e+02 -1.7970924970675884e+02
2.4817333333333331e+00 2.7827061145316264e+02 -1.7975665230232076e+02
2.4827300000000001e+00 2.7844979256247274e+02 -1.7980410216602107e+02
2.4837266666666666e+00 2.7862902098705899e+02 -1.7985159934494069e+02
2.4847233333333332e+00 2.7880829677410259e+02 -1.7989914388638292e+02
2.4857200000000002e+00 2.7898761997083170e+02 -1.7994673583746356e+02
2.4867166666666667e+00 2.7916699062452136e+02 -1.7999437524546340e+02
2.4877133333333332e+00 2.7934640878249394e+02 -1.8004206215777106e+02
2.4887100000000002e+00 2.7952587449211910e+02 -1.8008979662175918e+02
2.4897066666666667e+00 2.7970538780081347e+02 -1.8013757868476549e+02
2.4907033333333333e+00 2.7988494875604118e+02 -1.8018540839427575e+02
2.4916999999999998e+00 2.8006455740531356e+02 -1.8023328579785590e+02
2.4926966666666668e+00 2.8024421379618951e+02 -1.8028121094306658e+02
2.4936933333333333e+00 2.8042391797627505e+02 -1.8032918387744536e+02
2.4946899999999999e+00 2.8060366999322383e+02 -1.8037720464863713e+02
2.4956866666666668e+00 2.8078346989473721e+02 -1.8042527330447109e+02
2.4966833333333334e+00 2.8096331772856371e+02 -1.8047338989257020e+02
2.4976799999999999e+00 2.8114321354249978e+02 -1.8052155446075048e+02
2.4986766666666669e+00 2.8132315738438945e+02 -1.8056976705689820e+02
2.4996733333333334e+00 2.8150314930212437e+02 -1.8061802772889294e+02
2.5006699999999999e+00 2.8168318934364402e+02 -1.8066633652464799e+02
2.5016666666666665e+00 2.8186327755693571e+02 -1.8071469349215701e+02
2.5026633333333335e+00 2.8204341399003465e+02 -1.8076309867949425e+02
2.5036600000000000e+00 2.8222359869102371e+02 -1.8081155213471038e+02
2.5046566666666665e+00 2.8240383170803392e+02 -1.8086005390593496e+02
2.5056533333333335e+00 2.8258411308924434e+02 -1.8090860404131112e+02
2.5066500000000000e+00 2.8276444288288184e+02 -1.8095720258917464e+02
2.5076466666666666e+00 2.8294482113722160e+02 -1.8100584959772397e+02
2.5086433333333331e+00 2.8312524790058688e+02 -1.8105454511523783e+02
2.5096400000000001e+00 2.8330572322134913e+02 -1.8110328919016129e+02
2.5106366666666666e+00 2.8348624714792788e+02 -1.8115208187094436e+02
2.5116333333333332e+00 2.8366681972879121e+02 -1.8120092320597306e+02
2.5126300000000001e+00 2.8384744101245536e+02 -1.8124981324373280e+02
2.5136266666666667e+00 2.8402811104748491e+02 -1.8129875203295873e+02
2.5146233333333332e+00 2.8420882988249298e+02 -1.8134773962209385e+02
2.5156200000000002e+00 2.8438959756614116e+02 -1.8139677605982322e+02
2.5166166666666667e+00 2.8457041414713945e+02 -1.8144586139496761e+02
2.5176133333333333e+00 2.8475127967424658e+02 -1.8149499567623835e+02
2.5186099999999998e+00 2.8493219419626979e+02 -1.8154417895234209e+02
2.5196066666666668e+00 2.8511315776206504e+02 -1.8159341127218030e+02
2.5206033333333333e+00 2.8529417042053689e+02 -1.8164269268477344e+02
2.5215999999999998e+00 2.8547523222063887e+02 -1.8169202323899174e+02
2.5225966666666668e+00 2.8565634321137327e+02 -1.8174140298380595e+02
2.5235933333333334e+00 2.8583750344179100e+02 -1.8179083196826491e+02
2.5245899999999999e+00 2.8601871296099216e+02 -1.8184031024152401e+02
2.5255866666666669e+00 2.8619997181812585e+02 -1.8188983785272507e+02
2.5265833333333334e+00 2.8638128006238986e+02 -1.8193941485103105e+02
2.5275799999999999e+00 2.8656263774303130e+02 -1.8198904128569484e+02
2.5285766666666665e+00 2.8674404490934631e+02 -1.8203871720605042e+02
2.5295733333333335e+00 2.8692550161068033e+02 -1.8208844266142737e+02
2.5305700000000000e+00 2.8710700789642766e+02 -1.8213821770115965e+02
2.5315666666666665e+00 2.8728856381603214e+02 -1.8218804237477323e+02
2.5325633333333335e+00 2.8747016941898693e+02 -1.8223791673175234e+02
2.5335600000000000e+00 2.8765182475483431e+02 -1.8228784082157355e+02
2.5345566666666666e+00 2.8783352987316613e+02 -1.8233781469387688e+02
2.5355533333333335e+00 2.8801528482362380e+02 -1.8238783839831774e+02
2.5365500000000001e+00 2.8819708965589791e+02 -1.8243791198457225e+02
2.5375466666666666e+00 2.8837894441972890e+02 -1.8248803550234950e+02
2.5385433333333332e+00 2.8856084916490659e+02 -1.8253820900146815e+02
2.5395400000000001e+00 2.8874280394127072e+02 -1.8258843253179987e+02
2.5405366666666667e+00 2.8892480879871039e+02 -1.8263870614319188e+02
2.5415333333333332e+00 2.8910686378716468e+02 -1.8268902988556911e+02
2.5425300000000002e+00 2.8928896895662251e+02 -1.8273940380895795e+02
2.5435266666666667e+00 2.8947112435712233e+02 -1.8278982796334824e+02
2.5445233333333332e+00 2.8965333003875281e+02 -1.8284030239887664e+02
2.5455199999999998e+00 2.8983558605165246e+02 -1.8289082716567552e+02
2.5465166666666668e+00 2.9001789244600985e+02 -1.8294140231393033e+02
2.5475133333333333e+00 2.9020024927206339e+02 -1.8299202789388758e+02
2.5485099999999998e+00 2.9038265658010181e+02 -1.8304270395578561e+02
2.5495066666666668e+00 2.9056511442046394e+02 -1.8309343055005027e+02
2.5505033333333333e+00 2.9074762284353864e+02 -1.8314420772695669e+02
2.5514999999999999e+00 2.9093018189976516e+02 -1.8319503553699960e+02
2.5524966666666669e+00 2.9111279163963314e+02 -1.8324591403074760e+02
2.5534933333333334e+00 2.9129545211368236e+02 -1.8329684325864693e+02
2.5544899999999999e+00 2.9147816337250310e+02 -1.8334782327129011e+02
2.5554866666666665e+00 2.9166092546673605e+02 -1.8339885411932292e+02
2.5564833333333334e+00 2.9184373844707255e+02 -1.8344993585344432e+02
2.5574800000000000e+00 2.9202660236425419e+02 -1.8350106852447118e+02
2.5584766666666665e+00 2.9220951726907344e+02 -1.8355225218309769e+02
2.5594733333333335e+00 2.9239248321237335e+02 -1.8360348688014935e+02
2.5604700000000000e+00 2.9257550024504746e+02 -1.8365477266664266e+02
2.5614666666666666e+00 2.9275856841804040e+02 -1.8370610959341428e+02
2.5624633333333335e+00 2.9294168778234740e+02 -1.8375749771146093e+02
2.5634600000000001e+00 2.9312485838901438e+02 -1.8380893707185606e+02
2.5644566666666666e+00 2.9330808028913850e+02 -1.8386042772576243e+02
2.5654533333333331e+00 2.9349135353386771e+02 -1.8391196972425351e+02
2.5664500000000001e+00 2.9367467817440104e+02 -1.8396356311848484e+02
2.5674466666666667e+00 2.9385805426198834e+02 -1.8401520795981497e+02
2.5684433333333332e+00 2.9404148184793087e+02 -1.8406690429947977e+02
2.5694400000000002e+00 2.9422496098358090e+02 -1.8411865218881820e+02
2.5704366666666667e+00 2.9440849172034183e+02 -1.8417045167930303e+02
2.5714333333333332e+00 2.9459207410966843e+02 -1.8422230282234102e+02
2.5724300000000002e+00 2.9477570820306687e+02 -1.8427420566938548e+02
2.5734266666666668e+00 2.9495939405209435e+02 -1.8432616027208007e+02
2.5744233333333333e+00 2.9514313170835982e+02 -1.8437816668204383e+02
2.5754199999999998e+00 2.9532692122352353e+02 -1.8443022495086333e+02
2.5764166666666668e+00 2.9551076264929736e+02 -1.8448233513029322e+02
2.5774133333333333e+00 2.9569465603744453e+02 -1.8453449727206291e+02
2.5784099999999999e+00 2.9587860143978008e+02 -1.8458671142806350e+02
2.5794066666666668e+00 2.9606259890817074e+02 -1.8463897765009091e+02
2.5804033333333334e+00 2.9624664849453472e+02 -1.8469129599004549e+02
2.5813999999999999e+00 2.9643075025084227e+02 -1.8474366650000221e+02
2.5823966666666665e+00 2.9661490422911527e+02 -1.8479608923186146e+02
2.5833933333333334e+00 2.9679911048142770e+02 -1.8484856423774875e+02
2.5843900000000000e+00 2.9698336905990510e+02 -1.8490109156982120e+02
2.5853866666666665e+00 2.9716768001672534e+02 -1.8495367128025492e+02
2.5863833333333335e+00 2.9735204340411832e+02 -1.8500630342121670e+02
2.5873800000000000e+00 2.9753645927436560e+02 -1.8505898804497767e+02
2.5883766666666665e+00 2.9772092767980132e+02 -1.8511172520399907e+02
2.5893733333333335e+00 2.9790544867281176e+02 -1.8516451495059033e+02
2.5903700000000001e+00 2.9809002230583508e+02 -1.8521735733710818e+02
2.5913666666666666e+00 2.9827464863136208e+02 -1.8527025241614055e+02
2.5923633333333331e+00 2.9845932770193588e+02 -1.8532320024030079e+02
2.5933600000000001e+00 2.9864405957015191e+02 -1.8537620086202838e+02
2.5943566666666666e+00 2.9882884428865788e+02 -1.8542925433399361e+02
2.5953533333333332e+00 2.9901368191015428e+02 -1.8548236070902831e+02
2.5963500000000002e+00 2.9919857248739413e+02 -1.8553552003975580e+02
2.5973466666666667e+00 2.9938351607318282e+02 -1.8558873237901744e+02
2.5983433333333332e+00 2.9956851272037852e+02 -1.8564199777967357e+02
2.5993400000000002e+00 2.9975356248189229e+02 -1.8569531629466113e+02
2.6003366666666667e+00 2.9993866541068763e+02 -1.8574868797693583e+02
2.6013333333333333e+00 3.0012382155978105e+02 -1.8580211287945599e+02
2.6023299999999998e+00 3.0030903098224189e+02 -1.8585559105534841e+02
2.6033266666666668e+00 3.0049429373119250e+02 -1.8590912255776550e+02
2.6043233333333333e+00 3.0067960985980795e+02 -1.8596270743980557e+02
2.6053199999999999e+00 3.0086497942131655e+02 -1.8601634575469910e+02
2.6063166666666668e+00 3.0105040246899966e+02 -1.8607003755581130e+02
2.6073133333333334e+00 3.0123587905619166e+02 -1.8612378289641134e+02
2.6083099999999999e+00 3.0142140923628023e+02 -1.8617758182984386e+02
2.6093066666666669e+00 3.0160699306270629e+02 -1.8623143440964509e+02
2.6103033333333334e+00 3.0179263058896396e+02 -1.8628534068934098e+02
2.6113000000000000e+00 3.0197832186860074e+02 -1.8633930072234611e+02
2.6122966666666665e+00 3.0216406695521755e+02 -1.8639331456227185e+02
2.6132933333333335e+00 3.0234986590246882e+02 -1.8644738226286981e+02
2.6142900000000000e+00 3.0253571876406227e+02 -1.8650150387783700e+02
2.6152866666666665e+00 3.0272162559375937e+02 -1.8655567946086001e+02
2.6162833333333335e+00 3.0290758644537522e+02 -1.8660990906578897e+02
2.6172800000000001e+00 3.0309360137277832e+02 -1.8666419274652068e+02
2.6182766666666666e+00 3.0327967042989121e+02 -1.8671853055695405e+02
2.6192733333333331e+00 3.0346579367069000e+02 -1.8677292255104294e+02
2.6202700000000001e+00 3.0365197114920477e+02 -1.8682736878282415e+02
2.6212666666666666e+00 3.0383820291951923e+02 -1.8688186930642252e+02
2.6222633333333332e+00 3.0402448903577124e+02 -1.8693642417595206e+02
2.6232600000000001e+00 3.0421082955215269e+02 -1.8699103344560538e+02
2.6242566666666667e+00 3.0439722452290926e+02 -1.8704569716964994e+02
2.6252533333333332e+00 3.0458367400234090e+02 -1.8710041540231376e+02
2.6262500000000002e+00 3.0477017804480175e+02 -1.8715518819798910e+02
2.6272466666666667e+00 3.0495673670469995e+02 -1.8721001561111458e+02
2.6282433333333333e+00 3.0514335003649808e+02 -1.8726489769615927e+02
2.6292399999999998e+00 3.0533001809471290e+02 -1.8731983450759023e+02
2.6302366666666668e+00 3.0551674093391574e+02 -1.8737482609995791e+02
2.6312333333333333e+00 3.0570351860873200e+02 -1.8742987252798588e+02
2.6322299999999998e+00 3.0589035117384185e+02 -1.8748497384632967e+02
2.6332266666666668e+00 3.0607723868397994e+02 -1.8754013010963868e+02
2.6342233333333334e+00 3.0626418119393531e+02 -1.8759534137272192e+02
2.6352199999999999e+00 3.0645117875855181e+02 -1.8765060769052005e+02
2.6362166666666669e+00 3.0663823143272805e+02 -1.8770592911785354e+02
2.6372133333333334e+00 3.0682533927141708e+02 -1.8776130570967419e+02
2.6382099999999999e+00 3.0701250232962701e+02 -1.8781673752102131e+02
2.6392066666666665e+00 3.0719972066242076e+02 -1.8787222460698916e+02
2.6402033333333335e+00 3.0738699432491620e+02 -1.8792776702258482e+02
2.6412000000000000e+00 3.0757432337228590e+02 -1.8798336482301659e+02
2.6421966666666665e+00 3.0776170785975773e+02 -1.8803901806365261e+02
2.6431933333333335e+00 3.0794914784261465e+02 -1.8809472679959873e+02
2.6441900000000000e+00 3.0813664337619440e+02 -1.8815049108623461e+02
2.6451866666666666e+00 3.0832419451589021e+02 -1.8820631097901355e+02
2.6461833333333336e+00 3.0851180131715063e+02 -1.8826218653335542e+02
2.6471800000000001e+00 3.0869946383547909e+02 -1.8831811780475383e+02
2.6481766666666666e+00 3.0888718212643471e+02 -1.8837410484873251e+02
2.6491733333333332e+00 3.0907495624563194e+02 -1.8843014772095611e+02
2.6501700000000001e+00 3.0926278624874072e+02 -1.8848624647714487e+02
2.6511666666666667e+00 3.0945067219148632e+02 -1.8854240117290649e+02
2.6521633333333332e+00 3.0963861412964968e+02 -1.8859861186403614e+02
2.6531600000000002e+00 3.0982661211906753e+02 -1.8865487860649591e+02
2.6541566666666667e+00 3.1001466621563202e+02 -1.8871120145606452e+02
2.6551533333333333e+00 3.1020277647529116e+02 -1.8876758046869321e+02
2.6561499999999998e+00 3.1039094295404874e+02 -1.8882401570044595e+02
2.6571466666666668e+00 3.1057916570796453e+02 -1.8888050720735683e+02
2.6581433333333333e+00 3.1076744479315386e+02 -1.8893705504548976e+02
2.6591399999999998e+00 3.1095578026578823e+02 -1.8899365927106760e+02
2.6601366666666668e+00 3.1114417218209530e+02 -1.8905031994036605e+02
2.6611333333333334e+00 3.1133262059835846e+02 -1.8910703710953473e+02
2.6621299999999999e+00 3.1152112557091743e+02 -1.8916381083499593e+02
2.6631266666666669e+00 3.1170968715616823e+02 -1.8922064117316819e+02
2.6641233333333334e+00 3.1189830541056278e+02 -1.8927752818048609e+02
2.6651199999999999e+00 3.1208698039060960e+02 -1.8933447191347116e+02
2.6661166666666665e+00 3.1227571215287338e+02 -1.8939147242858647e+02
2.6671133333333334e+00 3.1246450075397530e+02 -1.8944852978255079e+02
2.6681100000000000e+00 3.1265334625059290e+02 -1.8950564403208389e+02
2.6691066666666665e+00 3.1284224869946041e+02 -1.8956281523383606e+02
2.6701033333333335e+00 3.1303120815736855e+02 -1.8962004344456815e+02
2.6711000000000000e+00 3.1322022468116450e+02 -1.8967732872122815e+02
2.6720966666666666e+00 3.1340929832775237e+02 -1.8973467112066589e+02
2.6730933333333335e+00 3.1359842915409297e+02 -1.8979207069978492e+02
2.6740900000000001e+00 3.1378761721720366e+02 -1.8984952751573283e+02
2.6750866666666666e+00 3.1397686257415904e+02 -1.8990704162554420e+02
2.6760833333333331e+00 3.1416616528209039e+02 -1.8996461308625243e+02
2.6770800000000001e+00 3.1435552539818605e+02 -1.9002224195511826e+02
2.6780766666666667e+00 3.1454494297969120e+02 -1.9007992828943188e+02
2.6790733333333332e+00 3.1473441808390839e+02 -1.9013767214644204e+02
2.6800700000000002e+00 3.1492395076819719e+02 -1.9019547358348032e+02
2.6810666666666667e+00 3.1511354108997415e+02 -1.9025333265800805e+02
2.6820633333333332e+00 3.1530318910671343e+02 -1.9031124942753041e+02
2.6830600000000002e+00 3.1549289487594638e+02 -1.9036922394949340e+02
2.6840566666666668e+00 3.1568265845526150e+02 -1.9042725628152922e+02
2.6850533333333333e+00 3.1587247990230497e+02 -1.9048534648129956e+02
2.6860499999999998e+00 3.1606235927478036e+02 -1.9054349460649371e+02
2.6870466666666668e+00 3.1625229663044888e+02 -1.9060170071485754e+02
2.6880433333333333e+00 3.1644229202712910e+02 -1.9065996486422304e+02
2.6890399999999999e+00 3.1663234552269751e+02 -1.9071828711252283e+02
2.6900366666666669e+00 3.1682245717508823e+02 -1.9077666751757388e+02
2.6910333333333334e+00 3.1701262704229293e+02 -1.9083510613740765e+02
2.6920299999999999e+00 3.1720285518236142e+02 -1.9089360303015650e+02
2.6930266666666669e+00 3.1739314165340136e+02 -1.9095215825386543e+02
2.6940233333333334e+00 3.1758348651357807e+02 -1.9101077186665157e+02
2.6950200000000000e+00 3.1777388982111512e+02 -1.9106944392680379e+02
2.6960166666666665e+00 3.1796435163429413e+02 -1.9112817449266717e+02
2.6970133333333335e+00 3.1815487201145487e+02 -1.9118696362244413e+02
2.6980100000000000e+00 3.1834545101099502e+02 -1.9124581137453691e+02
2.6990066666666666e+00 3.1853608869137071e+02 -1.9130471780750526e+02
2.7000033333333335e+00 3.1872678511109649e+02 -1.9136368297987934e+02
2.7010000000000001e+00 3.1891754032874491e+02 -1.9142270695008997e+02
2.7019966666666666e+00 3.1910835440294710e+02 -1.9148178977682491e+02
2.7029933333333331e+00 3.1929922739239277e+02 -1.9154093151882873e+02
2.7039900000000001e+00 3.1949015935583003e+02 -1.9160013223481701e+02
2.7049866666666667e+00 3.1968115035206552e+02 -1.9165939198362008e+02
2.7059833333333332e+00 3.1987220043996462e+02 -1.9171871082402535e+02
2.7069800000000002e+00 3.2006330967845150e+02 -1.9177808881504802e+02
2.7079766666666667e+00 3.2025447812650879e+02 -1.9183752601563233e+02
2.7089733333333332e+00 3.2044570584317813e+02 -1.9189702248476530e+02
2.7099700000000002e+00 3.2063699288756015e+02 -1.9195657828166173e+02
2.7109666666666667e+00 3.2082833931881407e+02 -1.9201619346543706e+02
2.7119633333333333e+00 3.2101974519615845e+02 -1.9207586809523497e+02
2.7129599999999998e+00 3.2121121057887069e+02 -1.9213560223037027e+02
2.7139566666666668e+00 3.2140273552628747e+02 -1.9219539593024348e+02
2.7149533333333333e+00 3.2159432009780437e+02 -1.9225524925425501e+02
2.7159499999999999e+00 3.2178596435287648e+02 -1.9231516226176225e+02
2.7169466666666668e+00 3.2197766835101811e+02 -1.9237513501232274e+02
2.7179433333333334e+00 3.2216943215180271e+02 -1.9243516756553646e+02
2.7189399999999999e+00 3.2236125581486340e+02 -1.9249525998101745e+02
2.7199366666666669e+00 3.2255313939989270e+02 -1.9255541231843728e+02
2.7209333333333334e+00 3.2274508296664243e+02 -1.9261562463753856e+02
2.7219300000000000e+00 3.2293708657492425e+02 -1.9267589699823478e+02
2.7229266666666665e+00 3.2312915028460941e+02 -1.9273622946029707e+02
2.7239233333333335e+00 3.2332127415562888e+02 -1.9279662208366790e+02
2.7249200000000000e+00 3.2351345824797318e+02 -1.9285707492837511e+02
2.7259166666666665e+00 3.2370570262169292e+02 -1.9291758805443163e+02
2.7269133333333335e+00 3.2389800733689856e+02 -1.9297816152199417e+02
2.7279100000000001e+00 3.2409037245376027e+02 -1.9303879539114754e+02
2.7289066666666666e+00 3.2428279803250842e+02 -1.9309948972221821e+02
2.7299033333333336e+00 3.2447528413343349e+02 -1.9316024457547715e+02
2.7309000000000001e+00 3.2466783081688584e+02 -1.9322106001120872e+02
2.7318966666666666e+00 3.2486043814327616e+02 -1.9328193608986797e+02
2.7328933333333332e+00 3.2505310617307543e+02 -1.9334287287199589e+02
2.7338900000000002e+00 3.2524583496681498e+02 -1.9340387041799164e+02
2.7348866666666667e+00 3.2543862458508619e+02 -1.9346492878848179e+02
2.7358833333333332e+00 3.2563147508854115e+02 -1.9352604804424888e+02
2.7368800000000002e+00 3.2582438653789245e+02 -1.9358722824582077e+02
2.7378766666666667e+00 3.2601735899391286e+02 -1.9364846945402363e+02
2.7388733333333333e+00 3.2621039251743611e+02 -1.9370977172976853e+02
2.7398699999999998e+00 3.2640348716935648e+02 -1.9377113513393877e+02
2.7408666666666668e+00 3.2659664301062912e+02 -1.9383255972741841e+02
2.7418633333333333e+00 3.2678986010226959e+02 -1.9389404557123331e+02
2.7428599999999999e+00 3.2698313850535459e+02 -1.9395559272653639e+02
2.7438566666666668e+00 3.2717647828102179e+02 -1.9401720125436910e+02
2.7448533333333334e+00 3.2736987949046949e+02 -1.9407887121595689e+02
2.7458499999999999e+00 3.2756334219495727e+02 -1.9414060267259512e+02
2.7468466666666669e+00 3.2775686645580583e+02 -1.9420239568558205e+02
2.7478433333333334e+00 3.2795045233439674e+02 -1.9426425031631422e+02
2.7488400000000000e+00 3.2814409989217307e+02 -1.9432616662621572e+02
2.7498366666666665e+00 3.2833780919063906e+02 -1.9438814467679720e+02
2.7508333333333335e+00 3.2853158029136034e+02 -1.9445018452965584e+02
2.7518300000000000e+00 3.2872541325596370e+02 -1.9451228624635951e+02
2.7528266666666665e+00 3.2891930814613761e+02 -1.9457444988857384e+02
2.7538233333333335e+00 3.2911326502363204e+02 -1.9463667551816772e+02
2.7548200000000000e+00 3.2930728395025835e+02 -1.9469896319687993e+02
2.7558166666666666e+00 3.2950136498788976e+02 -1.9476131298654727e+02
2.7568133333333336e+00 3.2969550819846108e+02 -1.9482372494915276e+02
2.7578100000000001e+00 3.2988971364396883e+02 -1.9488619914672023e+02
2.7588066666666666e+00 3.3008398138647146e+02 -1.9494873564127255e+02
2.7598033333333332e+00 3.3027831148808929e+02 -1.9501133449486204e+02
2.7608000000000001e+00 3.3047270401100457e+02 -1.9507399576977065e+02
2.7617966666666667e+00 3.3066715901746142e+02 -1.9513671952827900e+02
2.7627933333333332e+00 3.3086167656976619e+02 -1.9519950583256585e+02
2.7637900000000002e+00 3.3105625673028743e+02 -1.9526235474504210e+02
2.7647866666666667e+00 3.3125089956145558e+02 -1.9532526632821660e+02
2.7657833333333333e+00 3.3144560512576362e+02 -1.9538824064446752e+02
2.7667800000000002e+00 3.3164037348576676e+02 -1.9545127775640569e+02
2.7677766666666668e+00 3.3183520470408246e+02 -1.9551437772668231e+02
2.7687733333333333e+00 3.3203009884339082e+02 -1.9557754061791877e+02
2.7697699999999998e+00 3.3222505596643435e+02 -1.9564076649288035e+02
2.7707666666666668e+00 3.3242007613601817e+02 -1.9570405541436261e+02
2.7717633333333334e+00 3.3261515941500983e+02 -1.9576740744524488e+02
2.7727599999999999e+00 3.3281030586633983e+02 -1.9583082264850407e+02
2.7737566666666669e+00 3.3300551555300143e+02 -1.9589430108703647e+02
2.7747533333333334e+00 3.3320078853805035e+02 -1.9595784282392094e+02
2.7757499999999999e+00 3.3339612488460557e+02 -1.9602144792237758e+02
2.7767466666666665e+00 3.3359152465584884e+02 -1.9608511644548531e+02
2.7777433333333335e+00 3.3378698791502507e+02 -1.9614884845646770e+02
2.7787400000000000e+00 3.3398251472544183e+02 -1.9621264401871744e+02
2.7797366666666665e+00 3.3417810515047029e+02 -1.9627650319561022e+02
2.7807333333333335e+00 3.3437375925354462e+02 -1.9634042605047034e+02
2.7817300000000000e+00 3.3456947709816211e+02 -1.9640441264686172e+02
2.7827266666666666e+00 3.3476525874788359e+02 -1.9646846304841645e+02
2.7837233333333335e+00 3.3496110426633322e+02 -1.9653257731863025e+02
2.7847200000000001e+00 3.3515701371719842e+02 -1.9659675552123784e+02
2.7857166666666666e+00 3.3535298716423029e+02 -1.9666099772005788e+02
2.7867133333333332e+00 3.3554902467124356e+02 -1.9672530397882522e+02
2.7877100000000001e+00 3.3574512630211655e+02 -1.9678967436144805e+02
2.7887066666666667e+00 3.3594129212079099e+02 -1.9685410893183237e+02
2.7897033333333332e+00 3.3613752219127275e+02 -1.9691860775406639e+02
2.7907000000000002e+00 3.3633381657763152e+02 -1.9698317089215934e+02
2.7916966666666667e+00 3.3653017534400050e+02 -1.9704779841015971e+02
2.7926933333333332e+00 3.3672659855457715e+02 -1.9711249037244079e+02
2.7936900000000002e+00 3.3692308627362303e+02 -1.9717724684321144e+02
2.7946866666666668e+00 3.3711963856546339e+02 -1.9724206788669142e+02
2.7956833333333333e+00 3.3731625549448796e+02 -1.9730695356735481e+02
2.7966799999999998e+00 3.3751293712515059e+02 -1.9737190394967794e+02
2.7976766666666668e+00 3.3770968352196951e+02 -1.9743691909816806e+02
2.7986733333333333e+00 3.3790649474952693e+02 -1.9750199907735876e+02
2.7996699999999999e+00 3.3810337087246984e+02 -1.9756714395190795e+02
2.8006666666666669e+00 3.3830031195550959e+02 -1.9763235378659527e+02
2.8016633333333334e+00 3.3849731806342186e+02 -1.9769762864609672e+02
2.8026599999999999e+00 3.3869438926104709e+02 -1.9776296859526974e+02
2.8036566666666669e+00 3.3889152561329053e+02 -1.9782837369909373e+02
2.8046533333333334e+00 3.3908872718512180e+02 -1.9789384402252981e+02
2.8056500000000000e+00 3.3928599404157558e+02 -1.9795937963053657e+02
2.8066466666666665e+00 3.3948332624775122e+02 -1.9802498058821772e+02
2.8076433333333335e+00 3.3968072386881323e+02 -1.9809064696082231e+02
2.8086400000000000e+00 3.3987818696999079e+02 -1.9815637881356818e+02
2.8096366666666666e+00 3.4007571561657835e+02 -1.9822217621168323e+02
2.8106333333333335e+00 3.4027330987393543e+02 -1.9828803922051785e+02
2.8116300000000001e+00 3.4047096980748660e+02 -1.9835396790560344e+02
2.8126266666666666e+00 3.4066869548272183e+02 -1.9841996233232629e+02
2.8136233333333331e+00 3.4086648696519626e+02 -1.9848602256621768e+02
2.8146200000000001e+00 3.4106434432053055e+02 -1.9855214867304028e+02
2.8156166666666667e+00 3.4126226761441058e+02 -1.9861834071841113e+02
2.8166133333333332e+00 3.4146025691258797e+02 -1.9868459876804263e+02
2.8176100000000002e+00 3.4165831228087984e+02 -1.9875092288774167e+02
2.8186066666666667e+00 3.4185643378516869e+02 -1.9881731314346752e+02
2.8196033333333332e+00 3.4205462149140305e+02 -1.9888376960113220e+02
2.8206000000000002e+00 3.4225287546559713e+02 -1.9895029232668517e+02
2.8215966666666668e+00 3.4245119577383076e+02 -1.9901688138631386e+02
2.8225933333333333e+00 3.4264958248224991e+02 -1.9908353684617410e+02
2.8235899999999998e+00 3.4284803565706642e+02 -1.9915025877233916e+02
2.8245866666666668e+00 3.4304655536455823e+02 -1.9921704723117068e+02
2.8255833333333333e+00 3.4324514167106912e+02 -1.9928390228905576e+02
2.8265799999999999e+00 3.4344379464300931e+02 -1.9935082401236215e+02
2.8275766666666668e+00 3.4364251434685519e+02 -1.9941781246752473e+02
2.8285733333333334e+00 3.4384130084914915e+02 -1.9948486772110144e+02
2.8295699999999999e+00 3.4404015421650030e+02 -1.9955198983980230e+02
2.8305666666666669e+00 3.4423907451558415e+02 -1.9961917889020478e+02
2.8315633333333334e+00 3.4443806181314233e+02 -1.9968643493900950e+02
2.8325600000000000e+00 3.4463711617598335e+02 -1.9975375805311339e+02
2.8335566666666665e+00 3.4483623767098237e+02 -1.9982114829944527e+02
2.8345533333333335e+00 3.4503542636508115e+02 -1.9988860574479489e+02
2.8355500000000000e+00 3.4523468232528796e+02 -1.9995613045620505e+02
2.8365466666666665e+00 3.4543400561867821e+02 -2.0002372250087029e+02
2.8375433333333335e+00 3.4563339631239421e+02 -2.0009138194582454e+02
2.8385400000000001e+00 3.4583285447364489e+02 -2.0015910885825335e+02
2.8395366666666666e+00 3.4603238016970647e+02 -2.0022690330552194e+02
2.8405333333333336e+00 3.4623197346792233e+02 -2.0029476535497832e+02
2.8415300000000001e+00 3.4643163443570273e+02 -2.0036269507392200e+02
2.8425266666666666e+00 3.4663136314052531e+02 -2.0043069252990540e+02
2.8435233333333332e+00 3.4683115964993493e+02 -2.0049875779048472e+02
2.8445200000000002e+00 3.4703102403154401e+02 -2.0056689092327696e+02
2.8455166666666667e+00 3.4723095635303201e+02 -2.0063509199589544e+02
2.8465133333333332e+00 3.4743095668214619e+02 -2.0070336107610433e+02
2.8475100000000002e+00 3.4763102508670136e+02 -2.0077169823182220e+02
2.8485066666666667e+00 3.4783116163457970e+02 -2.0084010353080490e+02
2.8495033333333333e+00 3.4803136639373133e+02 -2.0090857704103240e+02
2.8504999999999998e+00 3.4823163943217395e+02 -2.0097711883054558e+02
2.8514966666666668e+00 3.4843198081799335e+02 -2.0104572896750361e+02
2.8524933333333333e+00 3.4863239061934291e+02 -2.0111440751991896e+02
2.8534899999999999e+00 3.4883286890444407e+02 -2.0118315455601177e+02
2.8544866666666668e+00 3.4903341574158645e+02 -2.0125197014427130e+02
2.8554833333333334e+00 3.4923403119912751e+02 -2.0132085435285248e+02
2.8564799999999999e+00 3.4943471534549303e+02 -2.0138980725020366e+02
2.8574766666666669e+00 3.4963546824917705e+02 -2.0145882890487113e+02
2.8584733333333334e+00 3.4983628997874172e+02 -2.0152791938546608e+02
2.8594700000000000e+00 3.5003718060281778e+02 -2.0159707876056731e+02
2.8604666666666665e+00 3.5023814019010433e+02 -2.0166630709881440e+02
2.8614633333333335e+00 3.5043916880936905e+02 -2.0173560446905122e+02
2.8624600000000000e+00 3.5064026652944790e+02 -2.0180497094008871e+02
2.8634566666666665e+00 3.5084143341924579e+02 -2.0187440658085958e+02
2.8644533333333335e+00 3.5104266954773635e+02 -2.0194391146028116e+02
2.8654500000000001e+00 3.5124397498396166e+02 -2.0201348564744950e+02
2.8664466666666666e+00 3.5144534979703297e+02 -2.0208312921141140e+02
2.8674433333333336e+00 3.5164679405613037e+02 -2.0215284222139780e+02
2.8684400000000001e+00 3.5184830783050279e+02 -2.0222262474667608e+02
2.8694366666666666e+00 3.5204989118946838e+02 -2.0229247685653732e+02
2.8704333333333332e+00 3.5225154420241432e+02 -2.0236239862036288e+02
2.8714300000000001e+00 3.5245326693879713e+02 -2.0243239010759555e+02
2.8724266666666667e+00 3.5265505946814233e+02 -2.0250245138778780e+02
2.8734233333333332e+00 3.5285692186004496e+02 -2.0257258253055619e+02
2.8744200000000002e+00 3.5305885418416949e+02 -2.0264278360550304e+02
2.8754166666666667e+00 3.5326085651024960e+02 -2.0271305468238018e+02
2.8764133333333333e+00 3.5346292890808877e+02 -2.0278339583106094e+02
2.8774100000000002e+00 3.5366507144756008e+02 -2.0285380712131868e+02
2.8784066666666668e+00 3.5386728419860606e+02 -2.0292428862313352e+02
2.8794033333333333e+00 3.5406956723123915e+02 -2.0299484040653780e+02
2.8803999999999998e+00 3.5427192061554166e+02 -2.0306546254165420e+02
2.8813966666666668e+00 3.5447434442166576e+02 -2.0313615509852477e+02
2.8823933333333334e+00 3.5467683871983326e+02 -2.0320691814738629e+02
2.8833899999999999e+00 3.5487940358033643e+02 -2.0327775175865347e+02
2.8843866666666669e+00 3.5508203907353749e+02 -2.0334865600258479e+02
2.8853833333333334e+00 3.5528474526986861e+02 -2.0341963094958817e+02
2.8863799999999999e+00 3.5548752223983246e+02 -2.0349067667023752e+02
2.8873766666666665e+00 3.5569037005400196e+02 -2.0356179323514024e+02
2.8883733333333335e+00 3.5589328878302041e+02 -2.0363298071485204e+02
2.8893700000000000e+00 3.5609627849760136e+02 -2.0370423918003740e+02
2.8903666666666665e+00 3.5629933926852902e+02 -2.0377556870165242e+02
2.8913633333333335e+00 3.5650247116665838e+02 -2.0384696935044090e+02
2.8923600000000000e+00 3.5670567426291467e+02 -2.0391844119729532e+02
2.8933566666666666e+00 3.5690894862829407e+02 -2.0398998431328590e+02
2.8943533333333336e+00 3.5711229433386370e+02 -2.0406159876949852e+02
2.8953500000000001e+00 3.5731571145076128e+02 -2.0413328463702558e+02
2.8963466666666666e+00 3.5751920005019554e+02 -2.0420504198698245e+02
2.8973433333333332e+00 3.5772276020344628e+02 -2.0427687089080351e+02
2.8983400000000001e+00 3.5792639198186447e+02 -2.0434877141984325e+02
2.8993366666666667e+00 3.5813009545687197e+02 -2.0442074364539357e+02
2.9003333333333332e+00 3.5833387069996201e+02 -2.0449278763898033e+02
2.9013300000000002e+00 3.5853771778269919e+02 -2.0456490347228890e+02
2.9023266666666667e+00 3.5874163677671925e+02 -2.0463709121683925e+02
2.9033233333333333e+00 3.5894562775372953e+02 -2.0470935094432832e+02
2.9043200000000002e+00 3.5914969078550894e+02 -2.0478168272658402e+02
2.9053166666666668e+00 3.5935382594390768e+02 -2.0485408663549711e+02
2.9063133333333333e+00 3.5955803330084791e+02 -2.0492656274292420e+02
2.9073099999999998e+00 3.5976231292832335e+02 -2.0499911112084143e+02
2.9083066666666668e+00 3.5996666489839959e+02 -2.0507173184137352e+02
2.9093033333333334e+00 3.6017108928321386e+02 -2.0514442497663936e+02
2.9102999999999999e+00 3.6037558615497562e+02 -2.0521719059884884e+02
2.9112966666666669e+00 3.6058015558596628e+02 -2.0529002878022953e+02
2.9122933333333334e+00 3.6078479764853904e+02 -2.0536293959324240e+02
2.9132899999999999e+00 3.6098951241511958e+02 -2.0543592311021146e+02
2.9142866666666669e+00 3.6119429995820570e+02 -2.0550897940364933e+02
2.9152833333333334e+00 3.6139916035036737e+02 -2.0558210854618835e+02
2.9162800000000000e+00 3.6160409366424705e+02 -2.0565531061042608e+02
2.9172766666666665e+00 3.6180909997255964e+02 -2.0572858566910875e+02
2.9182733333333335e+00 3.6201417934809263e+02 -2.0580193379496023e+02
2.9192700000000000e+00 3.6221933186370575e+02 -2.0587535506089782e+02
2.9202666666666666e+00 3.6242455759233178e+02 -2.0594884953987244e+02
2.9212633333333335e+00 3.6262985660697609e+02 -2.0602241730482498e+02
2.9222600000000001e+00 3.6283522898071669e+02 -2.0609605842884392e+02
2.9232566666666666e+00 3.6304067478670464e+02 -2.0616977298512546e+02
2.9242533333333331e+00 3.6324619409816387e+02 -2.0624356104684361e+02
2.9252500000000001e+00 3.6345178698839146e+02 -2.0631742268732125e+02
2.9262466666666667e+00 3.6365745353075727e+02 -2.0639135797993211e+02
2.9272433333333332e+00 3.6386319379870463e+02 -2.0646536699811134e+02
2.9282400000000002e+00 3.6406900786575011e+02 -2.0653944981539919e+02
2.9292366666666667e+00 3.6427489580548325e+02 -2.0661360650534033e+02
2.9302333333333332e+00 3.6448085769156728e+02 -2.0668783714162652e+02
2.9312300000000002e+00 3.6468689359773890e+02 -2.0676214179799771e+02
2.9322266666666668e+00 3.6489300359780810e+02 -2.0683652054822667e+02
2.9332233333333333e+00 3.6509918776565860e+02 -2.0691097346622232e+02
2.9342199999999998e+00 3.6530544617524788e+02 -2.0698550062601413e+02
2.9352166666666668e+00 3.6551177890060717e+02 -2.0706010210152417e+02
2.9362133333333333e+00 3.6571818601584118e+02 -2.0713477796683898e+02
2.9372099999999999e+00 3.6592466759512894e+02 -2.0720952829627740e+02
2.9382066666666669e+00 3.6613122371272334e+02 -2.0728435316397895e+02
2.9392033333333334e+00 3.6633785444295108e+02 -2.0735925264428673e+02
2.9401999999999999e+00 3.6654455986021327e+02 -2.0743422681163352e+02
2.9411966666666669e+00 3.6675134003898512e+02 -2.0750927574050107e+02
2.9421933333333334e+00 3.6695819505381598e+02 -2.0758439950540381e+02
2.9431900000000000e+00 3.6716512497932968e+02 -2.0765959818093452e+02
2.9441866666666665e+00 3.6737212989022430e+02 -2.0773487184183568e+02
2.9451833333333335e+00 3.6757920986127277e+02 -2.0781022056294216e+02
2.9461800000000000e+00 3.6778636496732213e+02 -2.0788564441905359e+02
2.9471766666666666e+00 3.6799359528329427e+02 -2.0796114348497292e+02
2.9481733333333335e+00 3.6820090088418590e+02 -2.0803671783589527e+02
2.9491700000000001e+00 3.6840828184506825e+02 -2.0811236754676278e+02
2.9501666666666666e+00 3.6861573824108757e+02 -2.0818809269269195e+02
2.9511633333333336e+00 3.6882327014746511e+02 -2.0826389334904923e+02
2.9521600000000001e+00 3.6903087763949691e+02 -2.0833976959106172e+02
2.9531566666666667e+00 3.6923856079255427e+02 -2.0841572149403507e+02
2.9541533333333332e+00 3.6944631968208358e+02 -2.0849174913345291e+02
2.9551500000000002e+00 3.6965415438360662e+02 -2.0856785258489217e+02
2.9561466666666667e+00 3.6986206497272019e+02 -2.0864403192395062e+02
2.9571433333333332e+00 3.7007005152509663e+02 -2.0872028722620098e+02
2.9581400000000002e+00 3.7027811411648383e+02 -2.0879661856740907e+02
2.9591366666666667e+00 3.7048625282270496e+02 -2.0887302602354353e+02
2.9601333333333333e+00 3.7069446771965909e+02 -2.0894950967036601e+02
2.9611299999999998e+00 3.7090275888332070e+02 -2.0902606958381642e+02
2.9621266666666668e+00 3.7111112638974032e+02 -2.0910270584004218e+02
2.9631233333333333e+00 3.7131957031504402e+02 -2.0917941851521161e+02
2.9641199999999999e+00 3.7152809073543398e+02 -2.0925620768541012e+02
2.9651166666666668e+00 3.7173668772718833e+02 -2.0933307342691734e+02
2.9661133333333334e+00 3.7194536136666113e+02 -2.0941001581618664e+02
2.9671099999999999e+00 3.7215411173028275e+02 -2.0948703492956011e+02
2.9681066666666669e+00 3.7236293889455976e+02 -2.0956413084357402e+02
2.9691033333333334e+00 3.7257184293607480e+02 -2.0964130363485305e+02
2.9701000000000000e+00 3.7278082393148719e+02 -2.0971855338001379e+02
2.9710966666666665e+00 3.7298988195753253e+02 -2.0979588015579478e+02
2.9720933333333335e+00 3.7319901709102299e+02 -2.0987328403897115e+02
2.9730900000000000e+00 3.7340822940884709e+02 -2.0995076510645251e+02
2.9740866666666665e+00 3.7361751898797036e+02 -2.1002832343529343e+02
2.9750833333333335e+00 3.7382688590543506e+02 -2.1010595910242998e+02
2.9760800000000001e+00 3.7403633023835994e+02 -2.1018367218499989e+02
2.9770766666666666e+00 3.7424585206394096e+02 -2.1026146276025719e+02
2.9780733333333336e+00 3.7445545145945107e+02 -2.1033933090536624e+02
2.9790700000000001e+00 3.7466512850223995e+02 -2.1041727669777842e+02
2.9800666666666666e+00 3.7487488326973471e+02 -2.1049530021488019e+02
2.9810633333333332e+00 3.7508471583943964e+02 -2.1057340153420839e+02
2.9820600000000002e+00 3.7529462628893634e+02 -2.1065158073330855e+02
2.9830566666666667e+00 3.7550461469588350e+02 -2.1072983788977461e+02
2.9840533333333332e+00 3.7571468113801751e+02 -2.1080817308148767e+02
2.9850500000000002e+00 3.7592482569315229e+02 -2.1088658638618270e+02
2.9860466666666667e+00 3.7613504843917912e+02 -2.1096507788173895e+02
2.9870433333333333e+00 3.7634534945406716e+02 -2.1104364764615141e+02
2.9880400000000003e+00 3.7655572881586340e+02 -2.1112229575749731e+02
2.9890366666666668e+00 3.7676618660269224e+02 -2.1120102229379862e+02
2.9900333333333333e+00 3.7697672289275641e+02 -2.1127982733332519e+02
2.9910299999999999e+00 3.7718733776433641e+02 -2.1135871095438407e+02
2.9920266666666668e+00 3.7739803129579099e+02 -2.1143767323531938e+02
2.9930233333333334e+00 3.7760880356555674e+02 -2.1151671425455223e+02
2.9940199999999999e+00 3.7781965465214870e+02 -2.1159583409056197e+02
2.9950166666666669e+00 3.7803058463416022e+02 -2.1167503282202514e+02
2.9960133333333334e+00 3.7824159359026271e+02 -2.1175431052753390e+02
2.9970100000000000e+00 3.7845268159920636e+02 -2.1183366728587140e+02
2.9980066666666665e+00 3.7866384873981974e+02 -2.1191310317585777e+02
2.9990033333333335e+00 3.7887509509101022e+02 -2.1199261827646484e+02
3.0000000000000000e+00 3.7908642071572280e+02 -2.1207218047790059e+02
