# x energy force
1.0000000000000000e-02 7.6497880913981774e+01 2.1125514869741613e+02
1.0996666666666667e-02 7.6287486272655158e+01 2.1094145597137853e+02
1.1993333333333333e-02 7.6077403753893122e+01 2.1062881579191358e+02
1.2990000000000002e-02 7.5867631904280955e+01 2.1031803961711620e+02
1.3986666666666668e-02 7.5658168871565536e+01 2.1000911633355281e+02
1.4983333333333335e-02 7.5449012814537127e+01 2.0970203489401149e+02
1.5980000000000001e-02 7.5240161902963550e+01 2.0939678431717556e+02
1.6976666666666668e-02 7.5031614317524699e+01 2.0909335368721580e+02
1.7973333333333334e-02 7.4823368249747503e+01 2.0879173215331326e+02
1.8970000000000001e-02 7.4615421901941275e+01 2.0849190892942451e+02
1.9966666666666667e-02 7.4407773487133383e+01 2.0819387329377437e+02
2.0963333333333334e-02 7.4200421229005386e+01 2.0789761458848628e+02
2.1960000000000000e-02 7.3993363361829495e+01 2.0760312221931790e+02
2.2956666666666667e-02 7.3786598130405409e+01 2.0731038565509087e+02
2.3953333333333333e-02 7.3580123789997600e+01 2.0701939442745592e+02
2.4950000000000000e-02 7.3373938606272887e+01 2.0673013813049300e+02
2.5946666666666666e-02 7.3168040855238402e+01 2.0644260642029840e+02
2.6943333333333333e-02 7.2962428823179977e+01 2.0615678901467064e+02
2.7940000000000000e-02 7.2757100806600818e+01 2.0587267569266157e+02
2.8936666666666666e-02 7.2552055112160645e+01 2.0559025629430550e+02
2.9933333333333333e-02 7.2347290056615080e+01 2.0530952072021975e+02
3.0929999999999999e-02 7.2142803966755466e+01 2.0503045893119122e+02
3.1926666666666666e-02 7.1938595179349065e+01 2.0475306094787007e+02
3.2923333333333332e-02 7.1734662041079559e+01 2.0447731685045514e+02
3.3920000000000006e-02 7.1531002908487935e+01 2.0420321677823327e+02
3.4916666666666672e-02 7.1327616147913673e+01 2.0393075092930519e+02
3.5913333333333339e-02 7.1124500135436406e+01 2.0365990956020721e+02
3.6910000000000005e-02 7.0921653256817763e+01 2.0339068298556612e+02
3.7906666666666672e-02 7.0719073907443700e+01 2.0312306157778181e+02
3.8903333333333338e-02 7.0516760492267082e+01 2.0285703576659390e+02
3.9900000000000005e-02 7.0314711425750701e+01 2.0259259603886028e+02
4.0896666666666671e-02 7.0112925131810499e+01 2.0232973293813652e+02
4.1893333333333338e-02 6.9911400043759272e+01 2.0206843706433384e+02
4.2890000000000005e-02 6.9710134604250598e+01 2.0180869907346249e+02
4.3886666666666671e-02 6.9509127265223185e+01 2.0155050967719654e+02
4.4883333333333338e-02 6.9308376487845479e+01 2.0129385964260345e+02
4.5880000000000004e-02 6.9107880742460665e+01 2.0103873979180852e+02
4.6876666666666671e-02 6.8907638508531932e+01 2.0078514100162459e+02
4.7873333333333337e-02 6.8707648274588138e+01 2.0053305420331654e+02
4.8870000000000004e-02 6.8507908538169715e+01 2.0028247038215932e+02
4.9866666666666670e-02 6.8308417805774980e+01 2.0003338057718136e+02
5.0863333333333337e-02 6.8109174592806710e+01 1.9978577588089365e+02
5.1860000000000003e-02 6.7910177423519031e+01 1.9953964743885479e+02
5.2856666666666670e-02 6.7711424830964702e+01 1.9929498644942871e+02
5.3853333333333336e-02 6.7512915356942599e+01 1.9905178416349233e+02
5.4850000000000003e-02 6.7314647551945583e+01 1.9881003188402914e+02
5.5846666666666669e-02 6.7116619975108705e+01 1.9856972096590124e+02
5.6843333333333336e-02 6.6918831194157633e+01 1.9833084281552760e+02
5.7840000000000009e-02 6.6721279785357439e+01 1.9809338889054484e+02
5.8836666666666676e-02 6.6523964333461706e+01 1.9785735069954697e+02
5.9833333333333343e-02 6.6326883431661912e+01 1.9762271980170763e+02
6.0830000000000009e-02 6.6130035681537123e+01 1.9738948780656264e+02
6.1826666666666676e-02 6.5933419693003970e+01 1.9715764637367189e+02
6.2823333333333342e-02 6.5737034084266966e+01 1.9692718721229315e+02
6.3820000000000002e-02 6.5540877481769058e+01 1.9669810208116434e+02
6.4816666666666675e-02 6.5344948520142538e+01 1.9647038278811863e+02
6.5813333333333335e-02 6.5149245842160198e+01 1.9624402118982809e+02
6.6810000000000008e-02 6.4953768098686822e+01 1.9601900919153573e+02
6.7806666666666668e-02 6.4758513948630906e+01 1.9579533874675604e+02
6.8803333333333341e-02 6.4563482058896724e+01 1.9557300185695374e+02
6.9800000000000001e-02 6.4368671104336642e+01 1.9535199057130163e+02
7.0796666666666674e-02 6.4174079767703745e+01 1.9513229698635942e+02
7.1793333333333334e-02 6.3979706739604715e+01 1.9491391324581184e+02
7.2789999999999994e-02 6.3785550718453024e+01 1.9469683154019410e+02
7.3786666666666667e-02 6.3591610410422376e+01 1.9448104410659070e+02
7.4783333333333341e-02 6.3397884529400443e+01 1.9426654322838948e+02
7.5780000000000000e-02 6.3204371796942880e+01 1.9405332123495083e+02
7.6776666666666674e-02 6.3011070942227597e+01 1.9384137050140572e+02
7.7773333333333333e-02 6.2817980702009315e+01 1.9363068344832129e+02
7.8770000000000007e-02 6.2625099820574412e+01 1.9342125254145236e+02
7.9766666666666666e-02 6.2432427049695988e+01 1.9321307029151009e+02
8.0763333333333340e-02 6.2239961148589238e+01 1.9300612925380867e+02
8.1759999999999999e-02 6.2047700883867101e+01 1.9280042202808033e+02
8.2756666666666673e-02 6.1855645029496117e+01 1.9259594125816855e+02
8.3753333333333332e-02 6.1663792366752638e+01 1.9239267963176445e+02
8.4750000000000006e-02 6.1472141684179178e+01 1.9219062988019292e+02
8.5746666666666665e-02 6.1280691777541143e+01 1.9198978477807375e+02
8.6743333333333339e-02 6.1089441449783749e+01 1.9179013714311515e+02
8.7739999999999999e-02 6.0898389510989219e+01 1.9159167983587486e+02
8.8736666666666672e-02 6.0707534778334221e+01 1.9139440575944272e+02
8.9733333333333332e-02 6.0516876076047588e+01 1.9119830785922716e+02
9.0730000000000005e-02 6.0326412235368245e+01 1.9100337912273025e+02
9.1726666666666665e-02 6.0136142094503448e+01 1.9080961257921291e+02
9.2723333333333338e-02 5.9946064498587205e+01 1.9061700129953078e+02
9.3719999999999998e-02 5.9756178299639011e+01 1.9042553839584562e+02
9.4716666666666671e-02 5.9566482356522762e+01 1.9023521702136850e+02
9.5713333333333331e-02 5.9376975534905981e+01 1.9004603037017461e+02
9.6710000000000004e-02 5.9187656707219205e+01 1.8985797167686439e+02
9.7706666666666664e-02 5.8998524752615722e+01 1.8967103421640721e+02
9.8703333333333337e-02 5.8809578556931456e+01 1.8948521130385183e+02
9.9699999999999997e-02 5.8620817012645141e+01 1.8930049629410985e+02
1.0069666666666667e-01 5.8432239018838679e+01 1.8911688258173402e+02
1.0169333333333333e-01 5.8243843481157811e+01 1.8893436360061909e+02
1.0269000000000000e-01 5.8055629311772961e+01 1.8875293282382719e+02
1.0368666666666666e-01 5.7867595429340355e+01 1.8857258376334539e+02
1.0468333333333334e-01 5.7679740758963327e+01 1.8839330996982059e+02
1.0568000000000001e-01 5.7492064232153901e+01 1.8821510503236999e+02
1.0667666666666667e-01 5.7304564786794565e+01 1.8803796257833645e+02
1.0767333333333334e-01 5.7117241367100299e+01 1.8786187627303050e+02
1.0867000000000000e-01 5.6930092923580823e+01 1.8768683981955985e+02
1.0966666666666668e-01 5.6743118413003060e+01 1.8751284695855637e+02
1.1066333333333334e-01 5.6556316798353841e+01 1.8733989146797643e+02
1.1166000000000001e-01 5.6369687048802788e+01 1.8716796716289750e+02
1.1265666666666667e-01 5.6183228139665495e+01 1.8699706789522614e+02
1.1365333333333334e-01 5.5996939052366848e+01 1.8682718755355532e+02
1.1465000000000000e-01 5.5810818774404645e+01 1.8665832006290768e+02
1.1564666666666668e-01 5.5624866299313339e+01 1.8649045938451835e+02
1.1664333333333333e-01 5.5439080626628090e+01 1.8632359951565630e+02
1.1764000000000001e-01 5.5253460761848935e+01 1.8615773448933965e+02
1.1863666666666667e-01 5.5068005716405274e+01 1.8599285837418921e+02
1.1963333333333334e-01 5.4882714507620506e+01 1.8582896527417185e+02
1.2063000000000000e-01 5.4697586158676884e+01 1.8566604932841179e+02
1.2162666666666667e-01 5.4512619698580572e+01 1.8550410471100139e+02
1.2262333333333333e-01 5.4327814162126941e+01 1.8534312563073402e+02
1.2362000000000001e-01 5.4143168589866036e+01 1.8518310633094015e+02
1.2461666666666667e-01 5.3958682028068289e+01 1.8502404108928977e+02
1.2561333333333335e-01 5.3774353528690384e+01 1.8486592421754224e+02
1.2661000000000000e-01 5.3590182149341388e+01 1.8470875006138525e+02
1.2760666666666667e-01 5.3406166953249013e+01 1.8455251300023994e+02
1.2860333333333335e-01 5.3222307009226135e+01 1.8439720744699841e+02
1.2960000000000002e-01 5.3038601391637521e+01 1.8424282784787476e+02
1.3059666666666667e-01 5.2855049180366699e+01 1.8408936868221429e+02
1.3159333333333334e-01 5.2671649460783030e+01 1.8393682446226805e+02
1.3259000000000001e-01 5.2488401323709049e+01 1.8378518973301146e+02
1.3358666666666669e-01 5.2305303865387927e+01 1.8363445907191286e+02
1.3458333333333333e-01 5.2122356187451174e+01 1.8348462708880504e+02
1.3558000000000001e-01 5.1939557396886471e+01 1.8333568842564628e+02
1.3657666666666668e-01 5.1756906606005785e+01 1.8318763775632777e+02
1.3757333333333335e-01 5.1574402932413591e+01 1.8304046978653227e+02
1.3857000000000003e-01 5.1392045498975321e+01 1.8289417925347001e+02
1.3956666666666670e-01 5.1209833433786017e+01 1.8274876092573288e+02
1.4056333333333335e-01 5.1027765870139149e+01 1.8260420960310884e+02
1.4156000000000002e-01 5.0845841946495590e+01 1.8246052011641007e+02
1.4255666666666669e-01 5.0664060806452824e+01 1.8231768732726209e+02
1.4355333333333337e-01 5.0482421598714339e+01 1.8217570612788711e+02
1.4455000000000001e-01 5.0300923477059179e+01 1.8203457144100074e+02
1.4554666666666669e-01 5.0119565600311660e+01 1.8189427821957580e+02
1.4654333333333336e-01 4.9938347132311307e+01 1.8175482144667532e+02
1.4754000000000003e-01 4.9757267241882957e+01 1.8161619613529223e+02
1.4853666666666668e-01 4.9576325102807019e+01 1.8147839732813225e+02
1.4953333333333335e-01 4.9395519893789931e+01 1.8134142009745622e+02
1.5053000000000002e-01 4.9214850798434824e+01 1.8120525954490205e+02
1.5152666666666670e-01 4.9034317005212280e+01 1.8106991080133551e+02
1.5252333333333334e-01 4.8853917707431343e+01 1.8093536902664010e+02
1.5352000000000002e-01 4.8673652103210635e+01 1.8080162940955924e+02
1.5451666666666669e-01 4.8493519395449731e+01 1.8066868716750776e+02
1.5551333333333336e-01 4.8313518791800625e+01 1.8053653754641525e+02
1.5651000000000001e-01 4.8133649504639415e+01 1.8040517582057686e+02
1.5750666666666668e-01 4.7953910751038087e+01 1.8027459729245263e+02
1.5850333333333336e-01 4.7774301752736577e+01 1.8014479729251789e+02
1.5950000000000003e-01 4.7594821736114902e+01 1.8001577117906800e+02
1.6049666666666668e-01 4.7415469932165529e+01 1.7988751433808275e+02
1.6149333333333335e-01 4.7236245576465834e+01 1.7976002218304751e+02
1.6249000000000002e-01 4.7057147909150807e+01 1.7963329015479997e+02
1.6348666666666670e-01 4.6878176174885837e+01 1.7950731372138463e+02
1.6448333333333334e-01 4.6699329622839741e+01 1.7938208837781400e+02
1.6548000000000002e-01 4.6520607506657882e+01 1.7925760964598248e+02
1.6647666666666669e-01 4.6342009084435510e+01 1.7913387307449855e+02
1.6747333333333336e-01 4.6163533618691204e+01 1.7901087423848966e+02
1.6847000000000001e-01 4.5985180376340516e+01 1.7888860873948093e+02
1.6946666666666668e-01 4.5806948628669737e+01 1.7876707220522704e+02
1.7046333333333336e-01 4.5628837651309858e+01 1.7864626028951585e+02
1.7146000000000003e-01 4.5450846724210663e+01 1.7852616867207090e+02
1.7245666666666670e-01 4.5272975131614984e+01 1.7840679305839228e+02
1.7345333333333335e-01 4.5095222162033082e+01 1.7828812917955187e+02
1.7445000000000002e-01 4.4917587108217212e+01 1.7817017279208832e+02
1.7544666666666670e-01 4.4740069267136363e+01 1.7805291967783933e+02
1.7644333333333337e-01 4.4562667939951083e+01 1.7793636564379619e+02
1.7744000000000001e-01 4.4385382431988496e+01 1.7782050652194002e+02
1.7843666666666669e-01 4.4208212052717457e+01 1.7770533816910913e+02
1.7943333333333336e-01 4.4031156115723874e+01 1.7759085646684176e+02
1.8043000000000003e-01 4.3854213938686151e+01 1.7747705732122768e+02
1.8142666666666668e-01 4.3677384843350794e+01 1.7736393666277252e+02
1.8242333333333335e-01 4.3500668155508130e+01 1.7725149044624362e+02
1.8342000000000003e-01 4.3324063204968240e+01 1.7713971465052032e+02
1.8441666666666670e-01 4.3147569325536971e+01 1.7702860527844888e+02
1.8541333333333335e-01 4.2971185854992108e+01 1.7691815835673523e+02
1.8641000000000002e-01 4.2794912135059683e+01 1.7680836993575539e+02
1.8740666666666669e-01 4.2618747511390467e+01 1.7669923608942000e+02
1.8840333333333337e-01 4.2442691333536558e+01 1.7659075291507884e+02
1.8940000000000001e-01 4.2266742954928105e+01 1.7648291653332839e+02
1.9039666666666669e-01 4.2090901732850192e+01 1.7637572308790058e+02
1.9139333333333336e-01 4.1915167028419866e+01 1.7626916874552012e+02
1.9239000000000003e-01 4.1739538206563296e+01 1.7616324969575552e+02
1.9338666666666668e-01 4.1564014635993040e+01 1.7605796215091951e+02
1.9438333333333335e-01 4.1388595689185465e+01 1.7595330234588269e+02
1.9538000000000003e-01 4.1213280742358350e+01 1.7584926653796310e+02
1.9637666666666670e-01 4.1038069175448534e+01 1.7574585100681284e+02
1.9737333333333335e-01 4.0862960372089773e+01 1.7564305205425441e+02
1.9837000000000002e-01 4.0687953719590666e+01 1.7554086600415846e+02
1.9936666666666669e-01 4.0513048608912776e+01 1.7543928920230823e+02
2.0036333333333337e-01 4.0338244434648843e+01 1.7533831801628051e+02
2.0136000000000004e-01 4.0163540595001130e+01 1.7523794883531900e+02
2.0235666666666668e-01 3.9988936491759894e+01 1.7513817807017540e+02
2.0335333333333336e-01 3.9814431530282008e+01 1.7503900215300834e+02
2.0435000000000003e-01 3.9640025119469691e+01 1.7494041753725438e+02
2.0534666666666671e-01 3.9465716671749377e+01 1.7484242069749033e+02
2.0634333333333335e-01 3.9291505603050688e+01 1.7474500812931535e+02
2.0734000000000002e-01 3.9117391332785552e+01 1.7464817634921485e+02
2.0833666666666670e-01 3.8943373283827455e+01 1.7455192189444969e+02
2.0933333333333337e-01 3.8769450882490794e+01 1.7445624132292548e+02
2.1033000000000002e-01 3.8595623558510361e+01 1.7436113121307116e+02
2.1132666666666669e-01 3.8421890745020931e+01 1.7426658816370991e+02
2.1232333333333336e-01 3.8248251878537033e+01 1.7417260879394507e+02
2.1332000000000004e-01 3.8074706398932769e+01 1.7407918974304326e+02
2.1431666666666668e-01 3.7901253749421791e+01 1.7398632767030293e+02
2.1531333333333336e-01 3.7727893376537374e+01 1.7389401925494235e+02
2.1631000000000003e-01 3.7554624730112664e+01 1.7380226119597518e+02
2.1730666666666670e-01 3.7381447263260974e+01 1.7371105021209729e+02
2.1830333333333335e-01 3.7208360432356230e+01 1.7362038304157642e+02
2.1930000000000002e-01 3.7035363697013523e+01 1.7353025644211556e+02
2.2029666666666670e-01 3.6862456520069813e+01 1.7344066719074584e+02
2.2129333333333337e-01 3.6689638367564697e+01 1.7335161208373538e+02
2.2229000000000002e-01 3.6516908708721317e+01 1.7326308793643187e+02
2.2328666666666669e-01 3.6344267015927379e+01 1.7317509158318009e+02
2.2428333333333336e-01 3.6171712764716290e+01 1.7308761987719663e+02
2.2528000000000004e-01 3.5999245433748406e+01 1.7300066969045383e+02
2.2627666666666668e-01 3.5826864504792390e+01 1.7291423791359378e+02
2.2727333333333335e-01 3.5654569462706654e+01 1.7282832145577063e+02
2.2827000000000003e-01 3.5482359795420976e+01 1.7274291724458294e+02
2.2926666666666670e-01 3.5310234993918165e+01 1.7265802222594269e+02
2.3026333333333335e-01 3.5138194552215865e+01 1.7257363336396836e+02
2.3126000000000002e-01 3.4966237967348441e+01 1.7248974764089138e+02
2.3225666666666669e-01 3.4794364739349028e+01 1.7240636205692044e+02
2.3325333333333337e-01 3.4622574371231636e+01 1.7232347363015111e+02
2.3425000000000004e-01 3.4450866368973372e+01 1.7224107939646032e+02
2.3524666666666669e-01 3.4279240241496787e+01 1.7215917640940521e+02
2.3624333333333336e-01 3.4107695500652284e+01 1.7207776174010309e+02
2.3724000000000003e-01 3.3936231661200694e+01 1.7199683247713185e+02
2.3823666666666671e-01 3.3764848240795921e+01 1.7191638572642754e+02
2.3923333333333335e-01 3.3593544759967685e+01 1.7183641861118105e+02
2.4023000000000003e-01 3.3422320742104361e+01 1.7175692827174080e+02
2.4122666666666670e-01 3.3251175713435963e+01 1.7167791186550579e+02
2.4222333333333337e-01 3.3080109203017187e+01 1.7159936656681236e+02
2.4322000000000002e-01 3.2909120742710584e+01 1.7152128956684578e+02
2.4421666666666669e-01 3.2738209867169786e+01 1.7144367807355275e+02
2.4521333333333337e-01 3.2567376113822895e+01 1.7136652931151011e+02
2.4621000000000004e-01 3.2396619022855937e+01 1.7128984052184364e+02
2.4720666666666669e-01 3.2225938137196422e+01 1.7121360896214273e+02
2.4820333333333336e-01 3.2055333002496965e+01 1.7113783190632901e+02
2.4920000000000003e-01 3.1884803167119095e+01 1.7106250664458574e+02
2.5019666666666668e-01 3.1714348182117060e+01 1.7098763048325131e+02
2.5119333333333332e-01 3.1543967601221787e+01 1.7091320074472733e+02
2.5219000000000003e-01 3.1373660980824916e+01 1.7083921476738030e+02
2.5318666666666667e-01 3.1203427879962970e+01 1.7076566990543159e+02
2.5418333333333337e-01 3.1033267860301525e+01 1.7069256352889474e+02
2.5518000000000002e-01 3.0863180486119603e+01 1.7061989302346134e+02
2.5617666666666666e-01 3.0693165324294032e+01 1.7054765579039901e+02
2.5717333333333336e-01 3.0523221944283986e+01 1.7047584924647413e+02
2.5817000000000001e-01 3.0353349918115608e+01 1.7040447082385916e+02
2.5916666666666666e-01 3.0183548820366656e+01 1.7033351797003272e+02
2.6016333333333336e-01 3.0013818228151319e+01 1.7026298814769257e+02
2.6116000000000000e-01 2.9844157721105113e+01 1.7019287883466484e+02
2.6215666666666670e-01 2.9674566881369799e+01 1.7012318752381239e+02
2.6315333333333335e-01 2.9505045293578501e+01 1.7005391172294424e+02
2.6415000000000005e-01 2.9335592544840789e+01 1.6998504895472828e+02
2.6514666666666670e-01 2.9166208224727974e+01 1.6991659675661060e+02
2.6614333333333334e-01 2.8996891925258378e+01 1.6984855268070964e+02
2.6714000000000004e-01 2.8827643240882772e+01 1.6978091429373711e+02
2.6813666666666669e-01 2.8658461768469895e+01 1.6971367917692567e+02
2.6913333333333339e-01 2.8489347107291973e+01 1.6964684492591894e+02
2.7013000000000004e-01 2.8320298859010464e+01 1.6958040915069299e+02
2.7112666666666668e-01 2.8151316627661760e+01 1.6951436947547751e+02
2.7212333333333338e-01 2.7982400019643041e+01 1.6944872353866600e+02
2.7312000000000003e-01 2.7813548643698226e+01 1.6938346899274083e+02
2.7411666666666668e-01 2.7644762110903937e+01 1.6931860350416841e+02
2.7511333333333338e-01 2.7476040034655611e+01 1.6925412475332740e+02
2.7611000000000002e-01 2.7307382030653709e+01 1.6919003043444198e+02
2.7710666666666672e-01 2.7138787716889897e+01 1.6912631825546649e+02
2.7810333333333337e-01 2.6970256713633479e+01 1.6906298593802640e+02
2.7910000000000001e-01 2.6801788643417726e+01 1.6900003121733454e+02
2.8009666666666672e-01 2.6633383131026434e+01 1.6893745184210402e+02
2.8109333333333336e-01 2.6465039803480511e+01 1.6887524557447429e+02
2.8209000000000001e-01 2.6296758290024592e+01 1.6881341018991805e+02
2.8308666666666671e-01 2.6128538222113818e+01 1.6875194347717695e+02
2.8408333333333335e-01 2.5960379233400666e+01 1.6869084323818404e+02
2.8508000000000006e-01 2.5792280959721797e+01 1.6863010728796081e+02
2.8607666666666670e-01 2.5624243039085108e+01 1.6856973345456740e+02
2.8707333333333335e-01 2.5456265111656712e+01 1.6850971957901305e+02
2.8807000000000005e-01 2.5288346819748106e+01 1.6845006351517114e+02
2.8906666666666669e-01 2.5120487807803404e+01 1.6839076312972455e+02
2.9006333333333334e-01 2.4952687722386568e+01 1.6833181630206224e+02
2.9106000000000004e-01 2.4784946212168798e+01 1.6827322092422173e+02
2.9205666666666669e-01 2.4617262927915995e+01 1.6821497490080648e+02
2.9305333333333339e-01 2.4449637522476213e+01 1.6815707614891488e+02
2.9405000000000003e-01 2.4282069650767301e+01 1.6809952259806903e+02
2.9504666666666668e-01 2.4114558969764524e+01 1.6804231219012348e+02
2.9604333333333338e-01 2.3947105138488297e+01 1.6798544287921234e+02
2.9704000000000003e-01 2.3779707817992044e+01 1.6792891263166669e+02
2.9803666666666673e-01 2.3612366671349996e+01 1.6787271942594205e+02
2.9903333333333337e-01 2.3445081363645219e+01 1.6781686125254490e+02
3.0003000000000002e-01 2.3277851561957579e+01 1.6776133611395966e+02
3.0102666666666672e-01 2.3110676935351865e+01 1.6770614202458847e+02
3.0202333333333337e-01 2.2943557154865964e+01 1.6765127701066979e+02
3.0302000000000001e-01 2.2776491893499063e+01 1.6759673911020542e+02
3.0401666666666671e-01 2.2609480826199981e+01 1.6754252637289392e+02
3.0501333333333336e-01 2.2442523629855557e+01 1.6748863686007124e+02
3.0601000000000006e-01 2.2275619983279046e+01 1.6743506864462006e+02
3.0700666666666671e-01 2.2108769567198706e+01 1.6738181981092004e+02
3.0800333333333335e-01 2.1941972064246304e+01 1.6732888845477433e+02
3.0900000000000005e-01 2.1775227158945810e+01 1.6727627268332981e+02
3.0999666666666670e-01 2.1608534537702131e+01 1.6722397061503162e+02
3.1099333333333334e-01 2.1441893888789846e+01 1.6717198037952866e+02
3.1199000000000005e-01 2.1275304902342089e+01 1.6712030011762985e+02
3.1298666666666669e-01 2.1108767270339495e+01 1.6706892798123093e+02
3.1398333333333339e-01 2.0942280686599112e+01 1.6701786213323618e+02
3.1498000000000004e-01 2.0775844846763540e+01 1.6696710074751562e+02
3.1597666666666668e-01 2.0609459448289972e+01 1.6691664200881746e+02
3.1697333333333338e-01 2.0443124190439402e+01 1.6686648411271503e+02
3.1797000000000003e-01 2.0276838774265904e+01 1.6681662526554516e+02
3.1896666666666668e-01 2.0110602902605887e+01 1.6676706368432798e+02
3.1996333333333338e-01 1.9944416280067490e+01 1.6671779759672503e+02
3.2096000000000002e-01 1.9778278613020046e+01 1.6666882524096084e+02
3.2195666666666672e-01 1.9612189609583528e+01 1.6662014486575492e+02
3.2295333333333337e-01 1.9446148979618169e+01 1.6657175473028653e+02
3.2395000000000002e-01 1.9280156434714037e+01 1.6652365310409985e+02
3.2494666666666672e-01 1.9114211688180738e+01 1.6647583826705599e+02
3.2594333333333336e-01 1.8948314455037199e+01 1.6642830850928431e+02
3.2694000000000001e-01 1.8782464452001413e+01 1.6638106213109486e+02
3.2793666666666671e-01 1.8616661397480350e+01 1.6633409744293471e+02
3.2893333333333336e-01 1.8450905011559900e+01 1.6628741276533424e+02
3.2993000000000006e-01 1.8285195015994805e+01 1.6624100642882195e+02
3.3092666666666670e-01 1.8119531134198791e+01 1.6619487677389029e+02
3.3192333333333335e-01 1.7953913091234593e+01 1.6614902215092627e+02
3.3292000000000005e-01 1.7788340613804174e+01 1.6610344092014014e+02
3.3391666666666669e-01 1.7622813430238960e+01 1.6605813145153519e+02
3.3491333333333340e-01 1.7457331270490069e+01 1.6601309212482386e+02
3.3591000000000004e-01 1.7291893866118730e+01 1.6596832132937780e+02
3.3690666666666669e-01 1.7126500950286612e+01 1.6592381746417999e+02
3.3790333333333339e-01 1.6961152257746313e+01 1.6587957893774598e+02
3.3890000000000003e-01 1.6795847524831910e+01 1.6583560416808965e+02
3.3989666666666668e-01 1.6630586489449460e+01 1.6579189158265521e+02
3.4089333333333338e-01 1.6465368891067666e+01 1.6574843961825746e+02
3.4189000000000003e-01 1.6300194470708586e+01 1.6570524672104261e+02
3.4288666666666673e-01 1.6135062970938300e+01 1.6566231134640972e+02
3.4388333333333337e-01 1.5969974135857788e+01 1.6561963195897064e+02
3.4488000000000002e-01 1.5804927711093711e+01 1.6557720703249413e+02
3.4587666666666672e-01 1.5639923443789341e+01 1.6553503504984297e+02
3.4687333333333337e-01 1.5474961082595545e+01 1.6549311450293095e+02
3.4787000000000001e-01 1.5310040377661744e+01 1.6545144389266204e+02
3.4886666666666671e-01 1.5145161080627005e+01 1.6541002172887576e+02
3.4986333333333336e-01 1.4980322944611187e+01 1.6536884653029855e+02
3.5086000000000006e-01 1.4815525724206047e+01 1.6532791682448538e+02
3.5185666666666671e-01 1.4650769175466541e+01 1.6528723114777370e+02
3.5285333333333335e-01 1.4486053055902033e+01 1.6524678804522551e+02
3.5385000000000005e-01 1.4321377124467652e+01 1.6520658607057638e+02
3.5484666666666670e-01 1.4156741141555701e+01 1.6516662378618850e+02
3.5584333333333334e-01 1.3992144868987030e+01 1.6512689976299220e+02
3.5684000000000005e-01 1.3827588070002548e+01 1.6508741258043864e+02
3.5783666666666669e-01 1.3663070509254785e+01 1.6504816082644882e+02
3.5883333333333339e-01 1.3498591952799414e+01 1.6500914309736362e+02
3.5983000000000004e-01 1.3334152168086948e+01 1.6497035799789069e+02
3.6082666666666668e-01 1.3169750923954377e+01 1.6493180414105709e+02
3.6182333333333339e-01 1.3005387990616910e+01 1.6489348014816306e+02
3.6282000000000003e-01 1.2841063139659799e+01 1.6485538464872391e+02
3.6381666666666673e-01 1.2676776144030100e+01 1.6481751628042673e+02
3.6481333333333338e-01 1.2512526778028631e+01 1.6477987368908427e+02
3.6581000000000002e-01 1.2348314817301832e+01 1.6474245552857982e+02
3.6680666666666673e-01 1.2184140038833775e+01 1.6470526046082139e+02
3.6780333333333337e-01 1.2020002220938212e+01 1.6466828715569943e+02
3.6880000000000002e-01 1.1855901143250595e+01 1.6463153429103164e+02
3.6979666666666672e-01 1.1691836586720219e+01 1.6459500055251948e+02
3.7079333333333336e-01 1.1527808333602422e+01 1.6455868463370072e+02
3.7179000000000006e-01 1.1363816167450732e+01 1.6452258523589921e+02
3.7278666666666671e-01 1.1199859873109199e+01 1.6448670106818821e+02
3.7378333333333336e-01 1.1035939236704635e+01 1.6445103084733202e+02
3.7478000000000006e-01 1.0872054045638999e+01 1.6441557329774707e+02
3.7577666666666670e-01 1.0708204088581816e+01 1.6438032715145715e+02
3.7677333333333335e-01 1.0544389155462568e+01 1.6434529114804337e+02
3.7777000000000005e-01 1.0380609037463209e+01 1.6431046403460357e+02
3.7876666666666670e-01 1.0216863527010725e+01 1.6427584456570469e+02
3.7976333333333340e-01 1.0053152417769647e+01 1.6424143150333609e+02
3.8076000000000004e-01 9.8894755046347456e+00 1.6420722361687484e+02
3.8175666666666669e-01 9.7258325837236281e+00 1.6417321968303176e+02
3.8275333333333339e-01 9.5622234523694836e+00 1.6413941848580870e+02
3.8375000000000004e-01 9.3986479091138566e+00 1.6410581881646124e+02
3.8474666666666668e-01 9.2351057536993881e+00 1.6407241947344841e+02
3.8574333333333338e-01 9.0715967870626866e+00 1.6403921926239752e+02
3.8674000000000003e-01 8.9081208113272297e+00 1.6400621699605225e+02
3.8773666666666673e-01 8.7446776297962305e+00 1.6397341149423542e+02
3.8873333333333338e-01 8.5812670469456744e+00 1.6394080158381195e+02
3.8973000000000002e-01 8.4178888684172595e+00 1.6390838609863457e+02
3.9072666666666672e-01 8.2545429010114795e+00 1.6387616387950769e+02
3.9172333333333337e-01 8.0912289526807406e+00 1.6384413377415447e+02
3.9272000000000007e-01 7.9279468325224274e+00 1.6381229463716326e+02
3.9371666666666671e-01 7.7646963507721525e+00 1.6378064532995043e+02
3.9471333333333336e-01 7.6014773187969027e+00 1.6374918472072454e+02
3.9571000000000006e-01 7.4382895490883243e+00 1.6371791168443875e+02
3.9670666666666671e-01 7.2751328552560430e+00 1.6368682510275514e+02
3.9770333333333335e-01 7.1120070520209442e+00 1.6365592386400451e+02
3.9870000000000005e-01 6.9489119552085761e+00 1.6362520686314383e+02
3.9969666666666670e-01 6.7858473817425899e+00 1.6359467300171886e+02
4.0069333333333340e-01 6.6228131496381275e+00 1.6356432118782669e+02
4.0169000000000005e-01 6.4598090779953887e+00 1.6353415033607126e+02
4.0268666666666669e-01 6.2968349869930984e+00 1.6350415936752844e+02
4.0368333333333339e-01 6.1338906978821024e+00 1.6347434720970969e+02
4.0468000000000004e-01 5.9709760329790029e+00 1.6344471279651736e+02
4.0567666666666669e-01 5.8080908156597495e+00 1.6341525506821122e+02
4.0667333333333339e-01 5.6452348703533524e+00 1.6338597297137082e+02
4.0767000000000003e-01 5.4824080225356262e+00 1.6335686545885505e+02
4.0866666666666673e-01 5.3196100987228920e+00 1.6332793148976432e+02
4.0966333333333338e-01 5.1568409264658417e+00 1.6329917002940789e+02
4.1066000000000003e-01 4.9941003343433072e+00 1.6327058004926295e+02
4.1165666666666673e-01 4.8313881519561610e+00 1.6324216052693816e+02
4.1265333333333337e-01 4.6687042099212475e+00 1.6321391044613890e+02
4.1365000000000002e-01 4.5060483398652709e+00 1.6318582879663012e+02
4.1464666666666672e-01 4.3434203744188027e+00 1.6315791457419797e+02
4.1564333333333336e-01 4.1808201472103237e+00 1.6313016678061661e+02
4.1664000000000007e-01 4.0182474928602092e+00 1.6310258442361436e+02
4.1763666666666671e-01 3.8557022469748898e+00 1.6307516651683281e+02
4.1863333333333336e-01 3.6927532090679218e+00 1.6391286941688918e+02
4.1963000000000006e-01 3.5296819258331431e+00 1.6332047486693625e+02
4.2062666666666670e-01 3.3677892693265141e+00 1.6154773216978401e+02
4.2162333333333335e-01 3.2066779835304100e+00 1.6175250688595057e+02
4.2262000000000005e-01 3.0448857045953215e+00 1.6291427358578778e+02
4.2361666666666670e-01 2.8820012269069903e+00 1.6394421006973280e+02
4.2461333333333340e-01 2.7181478550515177e+00 1.6485854281749189e+02
4.2561000000000004e-01 2.5532186072827843e+00 1.6610315839067579e+02
4.2660666666666669e-01 2.3869044080862900e+00 1.6763770956216246e+02
4.2760333333333339e-01 2.2192981406012851e+00 1.6869593756492588e+02
4.2860000000000004e-01 2.0514422657874896e+00 1.6813859383400197e+02
4.2959666666666674e-01 1.8853680030676654e+00 1.6512079623921181e+02
4.3059333333333338e-01 1.7235312351566441e+00 1.5963525976953341e+02
4.3159000000000003e-01 1.5679590208903604e+00 1.5254978558087527e+02
4.3258666666666673e-01 1.4196491511249241e+00 1.4506199321263207e+02
4.3358333333333338e-01 1.2786286364731221e+00 1.3792231712543798e+02
4.3458000000000002e-01 1.1446250711811998e+00 1.3098115837675289e+02
4.3557666666666672e-01 1.0177851308103649e+00 1.2354715005969632e+02
4.3657333333333337e-01 8.9882493383850615e-01 1.1516896426510877e+02
4.3757000000000007e-01 7.8854812462129098e-01 1.0612229168916154e+02
4.3856666666666672e-01 6.8723339367347469e-01 9.7184860714487527e+01
4.3956333333333336e-01 5.9447785053575408e-01 8.8946663976594579e+01
4.4056000000000006e-01 5.0957093847296464e-01 8.1435099360100665e+01
4.4155666666666671e-01 4.3200114875276996e-01 7.4223341549992270e+01
4.4255333333333335e-01 3.6172617552857433e-01 6.6796671608931675e+01
4.4355000000000006e-01 2.9903480464643939e-01 5.9005410428792985e+01
4.4454666666666670e-01 2.4410343194595438e-01 5.1224768903286247e+01
4.4554333333333340e-01 1.9665838571295324e-01 4.3982681731495333e+01
4.4654000000000005e-01 1.5606144726175156e-01 3.7482746598677004e+01
4.4753666666666669e-01 1.2159636250129616e-01 3.1677958606251654e+01
4.4853333333333339e-01 9.2688264798933481e-02 2.6331602000494179e+01
4.4953000000000004e-01 6.8982595209635400e-02 2.1238303529870858e+01
4.5052666666666669e-01 5.0157700145995153e-02 1.6537405627936455e+01
4.5152333333333339e-01 3.5682316164198452e-02 1.2510187646570973e+01
4.5252000000000003e-01 2.4937624091482223e-02 9.0510673488466526e+00
4.5351666666666673e-01 1.7500991421838759e-02 5.8719413527785091e+00
4.5451333333333338e-01 1.3191758461690054e-02 2.7753488682558598e+00
4.5551000000000003e-01 1.1387883895000169e-02 8.4446631573729736e-01
4.5650666666666673e-01 1.0967058180991068e-02 -0.0000000000000000e+00
4.5750333333333337e-01 1.1024180448030501e-02 -1.1462662282160797e-01
4.5850000000000007e-01 1.1081302715069938e-02 -0.0000000000000000e+00
4.5949666666666672e-01 1.0701565139110256e-02 7.6201520259469624e-01
4.6049333333333337e-01 9.5279518491333069e-03 1.5930616334794978e+00
4.6149000000000007e-01 7.7329754702758786e-03 2.0088976551974902e+00
4.6248666666666671e-01 5.6506757366782913e-03 2.1696302383094621e+00
4.6348333333333336e-01 3.5144110359960684e-03 2.1171885590462587e+00
4.6448000000000006e-01 1.6044257849727947e-03 1.7155577640772348e+00
4.6547666666666671e-01 3.7475308293717245e-04 7.5201287545918283e-01
4.6647333333333341e-01 0.0000000000000000e+00 -0.0000000000000000e+00
4.6747000000000005e-01 2.4482145179824508e-04 -4.9128050528076966e-01
4.6846666666666670e-01 1.5355699925006421e-03 -2.0988503456271048e+00
4.6946333333333340e-01 4.9772201026518723e-03 -4.8074709456460267e+00
4.7046000000000004e-01 1.1656415403395057e-02 -8.5955965474843925e+00
4.7145666666666669e-01 2.2640752341372365e-02 -1.3446551154142776e+01
4.7245333333333339e-01 3.8924926056424683e-02 -1.9230720514857403e+01
4.7345000000000004e-01 6.1109906506402481e-02 -2.5287634903159180e+01
4.7444666666666674e-01 8.9229640112670858e-02 -3.1139924172962704e+01
4.7544333333333338e-01 1.2306461426751343e-01 -3.6756345034080674e+01
4.7644000000000003e-01 1.6230276802194116e-01 -4.1982425041695691e+01
4.7743666666666673e-01 2.0655497489510136e-01 -4.6817990088388576e+01
4.7843333333333338e-01 2.5562440717196200e-01 -5.1649098092604774e+01
4.7943000000000002e-01 3.0981969317619473e-01 -5.7103984190138775e+01
4.8042666666666672e-01 3.6981758242032681e-01 -6.3293117971994995e+01
4.8142333333333337e-01 4.3594353194845742e-01 -6.9401095127935420e+01
4.8242000000000007e-01 5.0762187658989855e-01 -7.4435047965252593e+01
4.8341666666666672e-01 5.8350965804487920e-01 -7.7848125523006061e+01
4.8441333333333336e-01 6.6203898124489968e-01 -7.9735800630884441e+01
4.8541000000000006e-01 7.4197692296203643e-01 -8.0674784754668735e+01
4.8640666666666671e-01 8.2276646049733126e-01 -8.1444688560307583e+01
4.8740333333333336e-01 9.0449920649142190e-01 -8.2567510758941282e+01
4.8840000000000006e-01 9.8751727813090961e-01 -8.4023937347048218e+01
4.8939666666666670e-01 1.0719942873711088e+00 -8.5495144740311559e+01
4.9039333333333340e-01 1.1578470519591586e+00 -8.6784650419648699e+01
4.9139000000000005e-01 1.2449418577047919e+00 -8.7987535023097550e+01
4.9238666666666669e-01 1.3332228264057189e+00 -8.9164910530605781e+01
4.9338333333333340e-01 1.4225859307950788e+00 -9.0159044765762289e+01
4.9438000000000004e-01 1.5127303027062740e+00 -9.0732671443997575e+01
4.9537666666666674e-01 1.6031383575491971e+00 -9.0688174394637755e+01
4.9637333333333339e-01 1.6931165306682894e+00 -8.9870032533310550e+01
4.9737000000000003e-01 1.7818927423380841e+00 -8.8276211620127398e+01
4.9836666666666674e-01 1.8688089418141063e+00 -8.6137566592619905e+01
4.9936333333333338e-01 1.9537147091948481e+00 -8.4241899723253525e+01
5.0036000000000003e-01 2.0368163613271051e+00 -8.2517268435125402e+01
5.0135666666666667e-01 2.1176802358050617e+00 -7.9751376002249401e+01
5.0235333333333332e-01 2.1949260051261370e+00 -7.5256856749075155e+01
5.0335000000000008e-01 2.2667329881012903e+00 -6.8837423468610510e+01
5.0434666666666672e-01 2.3310743098653619e+00 -6.0275596793742963e+01
5.0534333333333337e-01 2.3855555382787581e+00 -4.9051282965582807e+01
5.0634000000000001e-01 2.4283320607316141e+00 -3.6787892525100098e+01
5.0733666666666666e-01 2.4592985639113345e+00 -2.5352247634875095e+01
5.0833333333333330e-01 2.4799867068051697e+00 -1.6162420379511310e+01
5.0933000000000006e-01 2.4930024568476128e+00 -9.9561415785662071e+00
5.1032666666666671e-01 2.5011669253219981e+00 -6.4274071994650148e+00
5.1132333333333335e-01 2.5061197048814865e+00 -3.5112808797763502e+00
5.1232000000000000e-01 2.5078694931865750e+00 -0.0000000000000000e+00
5.1331666666666675e-01 2.5070454004205094e+00 1.6536978583257629e+00
5.1431333333333340e-01 2.5008044731041736e+00 1.0869902107565828e+01
5.1531000000000005e-01 2.4882306835270298e+00 1.4361782662623073e+01
5.1630666666666669e-01 2.4760212386014016e+00 1.0138775716564583e+01
5.1730333333333334e-01 2.4709687487026470e+00 -0.0000000000000000e+00
5.1830000000000009e-01 2.4733381050028211e+00 -4.7545611374731171e+00
5.1929666666666674e-01 2.4889363768652468e+00 -2.6546318854017230e+01
5.2029333333333339e-01 2.5223205733944760e+00 -4.0445379866845123e+01
5.2129000000000003e-01 2.5665706180295151e+00 -4.8350696323870579e+01
5.2228666666666668e-01 2.6175520176183364e+00 -5.3953115560054258e+01
5.2328333333333343e-01 2.6736177217573034e+00 -5.8553314150237306e+01
5.2428000000000008e-01 2.7340967450538063e+00 -6.2809274404620538e+01
5.2527666666666673e-01 2.7994317503314035e+00 -6.8297759597249481e+01
5.2627333333333337e-01 2.8722188667638724e+00 -7.7763343611721766e+01
5.2727000000000002e-01 2.9560289140339879e+00 -9.0417353251389798e+01
5.2826666666666677e-01 3.0511777346534297e+00 -1.0051673494814200e+02
5.2926333333333342e-01 3.1534277336276251e+00 -1.0466720948168542e+02
5.3026000000000006e-01 3.2565582960511810e+00 -1.0228375190338100e+02
5.3125666666666671e-01 3.3546654924021504e+00 -9.4586876225658514e+01
5.3225333333333336e-01 3.4442934410655788e+00 -8.5268539152462168e+01
5.3325000000000000e-01 3.5260920399070130e+00 -7.8875806348747446e+01
5.3424666666666676e-01 3.6027728552486704e+00 -7.4998739487340643e+01
5.3524333333333340e-01 3.6752652578695986e+00 -7.0470964768705585e+01
5.3624000000000005e-01 3.7422373392706034e+00 -6.3921171821942544e+01
5.3723666666666670e-01 3.8018147064290773e+00 -5.5632073312121243e+01
5.3823333333333334e-01 3.8530627799558026e+00 -4.7206870219770941e+01
5.3923000000000010e-01 3.8964364839165078e+00 -3.9830662811736303e+01
5.4022666666666674e-01 3.9330963804543355e+00 -3.3734346963170459e+01
5.4122333333333339e-01 3.9640841460984753e+00 -2.8448460349485845e+01
5.4222000000000004e-01 3.9897877456365651e+00 -2.3130669158387963e+01
5.4321666666666668e-01 4.0099352247577515e+00 -1.7299054830616001e+01
5.4421333333333344e-01 4.0243582988283730e+00 -1.1643568722468611e+01
5.4521000000000008e-01 4.0339529850201616e+00 -7.6099821640646752e+00
5.4620666666666673e-01 4.0397194049846510e+00 -3.9614291359138121e+00
5.4720333333333337e-01 4.0423883579310758e+00 -1.3943292850052040e+00
5.4820000000000002e-01 4.0430831986914368e+00 -0.0000000000000000e+00
5.4919666666666667e-01 4.0426426711441525e+00 8.8400176712538703e-01
5.5019333333333342e-01 4.0402418866030665e+00 3.9336260745180578e+00
5.5119000000000007e-01 4.0352669332801829e+00 6.0495578510006149e+00
5.5218666666666671e-01 4.0283139516257078e+00 7.9029136964408337e+00
5.5318333333333336e-01 4.0195944125112311e+00 9.5944892088648643e+00
5.5418000000000001e-01 4.0092524796424280e+00 1.1158553337229323e+01
5.5517666666666676e-01 3.9973949397695479e+00 1.2635841056507759e+01
5.5617333333333341e-01 3.9840352799525176e+00 1.4172840850576671e+01
5.5717000000000005e-01 3.9689167076129523e+00 1.6165431402731929e+01
5.5816666666666670e-01 3.9512397631467793e+00 1.9306697960827140e+01
5.5916333333333335e-01 3.9295709214444288e+00 2.4175927528840319e+01
5.6016000000000010e-01 3.9020657788988005e+00 3.1018338449003796e+01
5.6115666666666675e-01 3.8668339952953286e+00 3.9680892862312241e+01
5.6215333333333339e-01 3.8228477378192882e+00 4.8585844547803923e+01
5.6315000000000004e-01 3.7708678637110431e+00 5.5721595134295818e+01
5.6414666666666669e-01 3.7129553235880901e+00 6.0490859961932976e+01
5.6514333333333344e-01 3.6512101958566139e+00 6.3412406388843891e+01
5.6614000000000009e-01 3.5873117313752316e+00 6.4811937052059889e+01
5.6713666666666673e-01 3.5223082070790750e+00 6.5629917722839409e+01
5.6813333333333338e-01 3.4560468292299160e+00 6.7336057894204686e+01
5.6913000000000002e-01 3.3874337484815547e+00 7.0349053975419395e+01
5.7012666666666667e-01 3.3152549061929841e+00 7.4491432222384105e+01
5.7112333333333343e-01 3.2385237788058245e+00 7.9484074240129402e+01
5.7212000000000007e-01 3.1567060035977872e+00 8.4698752264296559e+01
5.7311666666666672e-01 3.0701534603833562e+00 8.8985280941922753e+01
5.7411333333333336e-01 2.9799872336413662e+00 9.1950291115586495e+01
5.7511000000000001e-01 2.8873005696022194e+00 9.4043014648591509e+01
5.7610666666666677e-01 2.7928856377536997e+00 9.5418387054106148e+01
5.7710333333333341e-01 2.6974007399036033e+00 9.6190103614987265e+01
5.7810000000000006e-01 2.6013294067691750e+00 9.6595180266812605e+01
5.7909666666666670e-01 2.5047389166513296e+00 9.7231890203783934e+01
5.8009333333333335e-01 2.4072371824790872e+00 9.8423763653562929e+01
5.8109000000000011e-01 2.3085523631003309e+00 9.9605974230211459e+01
5.8208666666666675e-01 2.2090069359873099e+00 1.0015073569558696e+02
5.8308333333333340e-01 2.1093370781002734e+00 9.9855668091112250e+01
5.8408000000000004e-01 2.0102797329549120e+00 9.8921613137042172e+01
5.8507666666666669e-01 1.9122801575021247e+00 9.7733053323405073e+01
5.8607333333333345e-01 1.8153851180855771e+00 9.6705152863629337e+01
5.8707000000000009e-01 1.7196125492501839e+00 9.5480603996695677e+01
5.8806666666666674e-01 1.6256899817679362e+00 9.2992775566347362e+01
5.8906333333333338e-01 1.5352218056333382e+00 8.8548715004756232e+01
5.9006000000000003e-01 1.4501294425360247e+00 8.2205190876143874e+01
5.9105666666666667e-01 1.3717689032903446e+00 7.5040038379404990e+01
5.9205333333333343e-01 1.3000212031295098e+00 6.8935279669079918e+01
5.9305000000000008e-01 1.2331973627391022e+00 6.5159383321707310e+01
5.9404666666666672e-01 1.1699216548646589e+00 6.1815281309285304e+01
5.9504333333333337e-01 1.1115924653355322e+00 5.5233259551841151e+01
5.9604000000000001e-01 1.0626564521047088e+00 4.2966098101987285e+01
5.9703666666666677e-01 1.0285447632528755e+00 2.5485451433457982e+01
5.9803333333333342e-01 1.0117195981977729e+00 8.2774215868154908e+00
5.9903000000000006e-01 1.0075946831070099e+00 -0.0000000000000000e+00
6.0002666666666671e-01 1.0101610228774769e+00 -5.1498456932447203e+00
6.0102333333333335e-01 1.0205418034681168e+00 -1.5681152147504910e+01
6.0202000000000011e-01 1.0413618729045335e+00 -2.6098251403829167e+01
6.0301666666666676e-01 1.0710773952039490e+00 -3.3531559230450632e+01
6.0401333333333340e-01 1.1069623812473488e+00 -3.8478446207811650e+01
6.0501000000000005e-01 1.1475772621384623e+00 -4.3022987018504843e+01
6.0600666666666669e-01 1.1940620574318308e+00 -5.0257538653808396e+01
6.0700333333333334e-01 1.2493828573024037e+00 -6.0754099882460608e+01
6.0800000000000010e-01 1.3145519028189911e+00 -7.0019904498639377e+01
6.0899666666666674e-01 1.3862438364809697e+00 -7.3843507532090001e+01
6.0999333333333339e-01 1.4581728620434111e+00 -7.0495674198564870e+01
6.1099000000000003e-01 1.5238076558831506e+00 -6.1212942202253082e+01
6.1198666666666668e-01 1.5791989048592094e+00 -4.9940065776462724e+01
6.1298333333333344e-01 1.6247388591382246e+00 -4.1444457860348592e+01
6.1398000000000008e-01 1.6633169805438706e+00 -3.5969832585765275e+01
6.1497666666666673e-01 1.6969517729362147e+00 -3.1524734087836329e+01
6.1597333333333337e-01 1.7260951627625647e+00 -2.6956984627248499e+01
6.1697000000000002e-01 1.7504584110060790e+00 -2.1932476730975189e+01
6.1796666666666678e-01 1.7695947225070989e+00 -1.6468148354680157e+01
6.1896333333333342e-01 1.7832018554855145e+00 -1.0837135214047043e+01
6.1996000000000007e-01 1.7911878330118960e+00 -5.1882377485917734e+00
6.2095666666666671e-01 1.7944332109447798e+00 -1.3242263307739732e+00
6.2195333333333336e-01 1.7950931170662821e+00 -0.0000000000000000e+00
6.2295000000000011e-01 1.7944465413487987e+00 1.2974763561536664e+00
6.2394666666666676e-01 1.7922726621254974e+00 3.0648230885983283e+00
6.2494333333333341e-01 1.7891218520708749e+00 3.2578726731860796e+00
6.2594000000000005e-01 1.7863284600276070e+00 2.3475963099601884e+00
6.2693666666666670e-01 1.7845208151832692e+00 1.2797846485772995e+00
6.2793333333333334e-01 1.7834434057360615e+00 8.8224099799329136e-01
6.2893000000000010e-01 1.7824813426472677e+00 1.0483203842016902e+00
6.2992666666666675e-01 1.7809314552071289e+00 2.0618216361437973e+00
6.3092333333333339e-01 1.7776631345965315e+00 4.4966812613762901e+00
6.3192000000000004e-01 1.7712044903340645e+00 8.4638088974208046e+00
6.3291666666666668e-01 1.7600160986282218e+00 1.3987813254772309e+01
6.3391333333333344e-01 1.7430224553570601e+00 2.0113143142204457e+01
6.3491000000000009e-01 1.7207614737944921e+00 2.4557722869638848e+01
6.3590666666666673e-01 1.6950806316959508e+00 2.6975739535461688e+01
6.3690333333333338e-01 1.6680215682235724e+00 2.7323384489379183e+01
6.3790000000000002e-01 1.6413511351499481e+00 2.6195879203513471e+01
6.3889666666666678e-01 1.6157258092372067e+00 2.5226179484257450e+01
6.3989333333333343e-01 1.5904364245528089e+00 2.5521749648314461e+01
6.4089000000000007e-01 1.5648717767580167e+00 2.5778546929865083e+01
6.4188666666666672e-01 1.5401421986451707e+00 2.3846024534040954e+01
6.4288333333333336e-01 1.5189158185915581e+00 1.8748718048460251e+01
6.4388000000000001e-01 1.5041945755426243e+00 1.0792237902578234e+01
6.4487666666666676e-01 1.4974319187886738e+00 2.7783107675551348e+00
6.4587333333333341e-01 1.4960473939228423e+00 -0.0000000000000000e+00
6.4687000000000006e-01 1.4980044378792119e+00 -3.9271785077652122e+00
6.4786666666666670e-01 1.5048571377757343e+00 -9.8240587427814763e+00
6.4886333333333335e-01 1.5169180246065106e+00 -1.4378389747071056e+01
6.4986000000000010e-01 1.5324784265965141e+00 -1.6846497189388039e+01
6.5085666666666675e-01 1.5497838071468275e+00 -1.7880018965087721e+01
6.5185333333333340e-01 1.5679900369232389e+00 -1.8654221388916007e+01
6.5285000000000004e-01 1.5875062179449602e+00 -2.0508683671395122e+01
6.5384666666666669e-01 1.6093330717711534e+00 -2.3291023003241051e+01
6.5484333333333344e-01 1.6334864449864137e+00 -2.5177284452126635e+01
6.5584000000000009e-01 1.6584540896957987e+00 -2.4925012623563418e+01
6.5683666666666674e-01 1.6819359782732139e+00 -2.2195834020080326e+01
6.5783333333333338e-01 1.7017341932272252e+00 -1.7533025419408027e+01
6.5883000000000003e-01 1.7167827404094820e+00 -1.2664728123582604e+01
6.5982666666666678e-01 1.7276661493781522e+00 -9.1748885359545724e+00
6.6082333333333343e-01 1.7355464674740122e+00 -6.6384588135976133e+00
6.6182000000000007e-01 1.7409850961599143e+00 -4.2751773454035398e+00
6.6281666666666672e-01 1.7440584630244886e+00 -1.8921140216354535e+00
6.6381333333333337e-01 1.7450820027619505e+00 -1.6181187293686225e-01
6.6481000000000001e-01 1.7451626390119641e+00 -0.0000000000000000e+00
6.6580666666666677e-01 1.7444889802011281e+00 1.3518237006743055e+00
6.6680333333333341e-01 1.7420115943262264e+00 3.6195191921052063e+00
6.6780000000000006e-01 1.7375235935290727e+00 5.3865024744239776e+00
6.6879666666666671e-01 1.7317306803290324e+00 6.2380725089345184e+00
6.6979333333333335e-01 1.7254670842150881e+00 6.3310166829273484e+00
6.7079000000000011e-01 1.7193519305940108e+00 5.9401945968254033e+00
6.7178666666666675e-01 1.7136256323248342e+00 5.5507049399840787e+00
6.7278333333333340e-01 1.7080169520476476e+00 5.7041718704242621e+00
6.7378000000000005e-01 1.7020357530114478e+00 6.2982342222846457e+00
6.7477666666666669e-01 1.6956095157888191e+00 6.5972250873383658e+00
6.7577333333333345e-01 1.6892207093864704e+00 6.2231222083436597e+00
6.7677000000000009e-01 1.6835930720613417e+00 5.0697955009447986e+00
6.7776666666666674e-01 1.6792044098414467e+00 3.7368845389785714e+00
6.7876333333333339e-01 1.6767145673891493e+00 1.2594548301804516e+00
6.7976000000000003e-01 1.6760869390654427e+00 -0.0000000000000000e+00
6.8075666666666679e-01 1.6784911542212342e+00 -4.8245120183101440e+00
6.8175333333333343e-01 1.6855446857168936e+00 -9.3297317856890487e+00
6.8275000000000008e-01 1.6968634731289713e+00 -1.3383553991055960e+01
6.8374666666666672e-01 1.7120657717364527e+00 -1.7122730840010760e+01
6.8474333333333337e-01 1.7309568209146322e+00 -2.0785729049313662e+01
6.8574000000000002e-01 1.7535387909335369e+00 -2.4529260955178387e+01
6.8673666666666677e-01 1.7800498355314729e+00 -2.8670159642681526e+01
6.8773333333333342e-01 1.8111808921550330e+00 -3.3800188096905316e+01
6.8873000000000006e-01 1.8479315484862611e+00 -3.9946948353721083e+01
6.8972666666666671e-01 1.8911530736360511e+00 -4.6785209137498022e+01
6.9072333333333336e-01 1.9414741740148180e+00 -5.4193587609193408e+01
6.9172000000000011e-01 1.9994879007841353e+00 -6.2221917613506086e+01
6.9271666666666676e-01 2.0656439265010169e+00 -7.0532649042446863e+01
6.9371333333333340e-01 2.1399093791311303e+00 -7.8495015098252281e+01
6.9471000000000005e-01 2.2216521000151168e+00 -8.5537200722460113e+01
6.9570666666666670e-01 2.3096319141980484e+00 -9.1010921383761115e+01
6.9670333333333345e-01 2.4021968077759714e+00 -9.4738028939813432e+01
6.9770000000000010e-01 2.4979151749799731e+00 -9.7338962105009827e+01
6.9869666666666674e-01 2.5963470188376463e+00 -1.0018313259266655e+02
6.9969333333333339e-01 2.6981437797928058e+00 -1.0409130410665466e+02
7.0069000000000004e-01 2.8036669192523580e+00 -1.0766081521017655e+02
7.0168666666666668e-01 2.9115343327006182e+00 -1.0879553284653765e+02
7.0268333333333344e-01 3.0189189775620009e+00 -1.0669204881508033e+02
7.0368000000000008e-01 3.1226792034505313e+00 -1.0152245129568726e+02
7.0467666666666673e-01 3.2202293383413041e+00 -9.4230327749345960e+01
7.0567333333333337e-01 3.3104420861056241e+00 -8.6798597530229571e+01
7.0667000000000002e-01 3.3939862529740092e+00 -8.0848560065195358e+01
7.0766666666666678e-01 3.4724894409809770e+00 -7.6682920885227674e+01
7.0866333333333342e-01 3.5476640467898690e+00 -7.4169130905194393e+01
7.0966000000000007e-01 3.6210168888515084e+00 -7.3027207680038487e+01
7.1065666666666671e-01 3.6936401130492258e+00 -7.2705014790300268e+01
7.1165333333333336e-01 3.7659355245079569e+00 -7.2369389474714907e+01
7.1265000000000012e-01 3.8375421519357795e+00 -7.1322839477424893e+01
7.1364666666666676e-01 3.9080735835240881e+00 -7.0211805850287348e+01
7.1464333333333341e-01 3.9781803137586262e+00 -7.0470595958153410e+01
7.1564000000000005e-01 4.0496108459704940e+00 -7.2868264667671042e+01
7.1663666666666670e-01 4.1245195921701008e+00 -7.7450289579035385e+01
7.1763333333333346e-01 4.2048318986504469e+00 -8.3711529445056271e+01
7.1863000000000010e-01 4.2917236699028196e+00 -9.0653228920913463e+01
7.1962666666666675e-01 4.3853321585829468e+00 -9.7189892176336102e+01
7.2062333333333339e-01 4.4850746009566302e+00 -1.0296216609861898e+02
7.2162000000000004e-01 4.5903105128803157e+00 -1.0821357689205843e+02
7.2261666666666668e-01 4.7006232146778553e+00 -1.1314970430702301e+02
7.2361333333333344e-01 4.8157885442538566e+00 -1.1795129149764102e+02
7.2461000000000009e-01 4.9357642940298581e+00 -1.2280272143079421e+02
7.2560666666666673e-01 5.0606089126653320e+00 -1.2772159690126639e+02
7.2660333333333338e-01 5.1902328480563344e+00 -1.3239332361580043e+02
7.2760000000000002e-01 5.3240769164155184e+00 -1.3619009115179836e+02
7.2859666666666678e-01 5.4609118728369426e+00 -1.3839510568046637e+02
7.2959333333333343e-01 5.5989475803412319e+00 -1.3859962509737778e+02
7.3059000000000007e-01 5.7362848666776936e+00 -1.3699359163131311e+02
7.3158666666666672e-01 5.8714725943245432e+00 -1.3428612939915956e+02
7.3258333333333336e-01 6.0038304809454610e+00 -1.3131498087693458e+02
7.3358000000000012e-01 6.1333611905973227e+00 -1.2861286457828285e+02
7.3457666666666677e-01 6.2603735195838670e+00 -1.2626137419070808e+02
7.3557333333333341e-01 6.3851799253379680e+00 -1.2418626277404813e+02
7.3657000000000006e-01 6.5082452503271320e+00 -1.2276756663565104e+02
7.3756666666666670e-01 6.6307455501530903e+00 -1.2305243301510743e+02
7.3856333333333335e-01 6.7546679217747041e+00 -1.2562122241288574e+02
7.3956000000000011e-01 6.8801843040131381e+00 -1.2625111652709319e+02
7.4055666666666675e-01 7.0054093987664761e+00 -1.2503669903144915e+02
7.4155333333333340e-01 7.1300402180539022e+00 -1.2505859050854096e+02
7.4255000000000004e-01 7.2546928667251365e+00 -1.2508050381501086e+02
7.4354666666666669e-01 7.3793673665476414e+00 -1.2510243897262934e+02
7.4454333333333345e-01 7.5040637393105998e+00 -1.2512439600318461e+02
7.4554000000000009e-01 7.6287820068248804e+00 -1.2514637492848806e+02
7.4653666666666674e-01 7.7535221909231442e+00 -1.2516837577037352e+02
7.4753333333333338e-01 7.8782843134598073e+00 -1.2519039855069495e+02
7.4853000000000003e-01 8.0030683963110789e+00 -1.2521244329132662e+02
7.4952666666666679e-01 8.1278744613749936e+00 -1.2523451001416650e+02
7.5052333333333343e-01 8.2527025305713853e+00 -1.2525659874113896e+02
7.5152000000000008e-01 8.3775526258419841e+00 -1.2527870949418002e+02
7.5251666666666672e-01 8.5024247691503820e+00 -1.2530084229525362e+02
7.5351333333333337e-01 8.6273189824820786e+00 -1.2532299716635167e+02
7.5451000000000013e-01 8.7522352878445115e+00 -1.2534517412947729e+02
7.5550666666666677e-01 8.8771737072670156e+00 -1.2536737320665694e+02
7.5650333333333342e-01 9.0021342628009364e+00 -1.2538959441994687e+02
7.5750000000000006e-01 9.1271169765195985e+00 -1.2541183779141892e+02
7.5849666666666671e-01 9.2521218705183319e+00 -1.2543410334316729e+02
7.5949333333333335e-01 9.3771489669144987e+00 -1.2545639109730779e+02
7.6049000000000011e-01 9.5021982878475324e+00 -1.2547870107598251e+02
7.6148666666666676e-01 9.6272698554789020e+00 -1.2550103330135347e+02
7.6248333333333340e-01 9.7523636919922154e+00 -1.2552338779560245e+02
7.6348000000000005e-01 9.8774798195931890e+00 -1.2554576458093769e+02
7.6447666666666669e-01 1.0002618260509680e+01 -1.2556816367958545e+02
7.6547333333333345e-01 1.0127779036991726e+01 -1.2559058511379384e+02
7.6647000000000010e-01 1.0252962171311506e+01 -1.2561302890583718e+02
7.6746666666666674e-01 1.0378167685763453e+01 -1.2563549507800870e+02
7.6846333333333339e-01 1.0503395602664217e+01 -1.2565798365262705e+02
7.6946000000000003e-01 1.0628645944352701e+01 -1.2568049465202904e+02
7.7045666666666679e-01 1.0753918733190099e+01 -1.2570302809857867e+02
7.7145333333333344e-01 1.0879213991559858e+01 -1.2572558401465622e+02
7.7245000000000008e-01 1.1004531741867789e+01 -1.2574816242266726e+02
7.7344666666666673e-01 1.1129872006542028e+01 -1.2577076334504184e+02
7.7444333333333337e-01 1.1255234808033080e+01 -1.2579338680423173e+02
7.7544000000000013e-01 1.1380620168813850e+01 -1.2581603282270869e+02
7.7643666666666677e-01 1.1506028111379608e+01 -1.2583870142296537e+02
7.7743333333333342e-01 1.1631458658248100e+01 -1.2586139262752314e+02
7.7843000000000007e-01 1.1756911831959506e+01 -1.2588410645891813e+02
7.7942666666666671e-01 1.1882387655076490e+01 -1.2590684293971594e+02
7.8042333333333336e-01 1.2007886150184211e+01 -1.2592960209250298e+02
7.8142000000000011e-01 1.2133407339890361e+01 -1.2595238393988379e+02
7.8241666666666676e-01 1.2258951246825138e+01 -1.2597518850449090e+02
7.8341333333333341e-01 1.2384517893641346e+01 -1.2599801580897669e+02
7.8441000000000005e-01 1.2510107303014365e+01 -1.2602086587601538e+02
7.8540666666666670e-01 1.2635719497642182e+01 -1.2604373872830463e+02
7.8640333333333345e-01 1.2761354500245433e+01 -1.2606663438856589e+02
7.8740000000000010e-01 1.2887012333567373e+01 -1.2608955287954571e+02
7.8839666666666675e-01 1.3012693020373973e+01 -1.2611249422400513e+02
7.8939333333333339e-01 1.3138396583453892e+01 -1.2613545844473343e+02
7.9039000000000004e-01 1.3264123045618511e+01 -1.2615844556454313e+02
7.9138666666666679e-01 1.3389872429701978e+01 -1.2618145560626805e+02
7.9238333333333344e-01 1.3515644758561161e+01 -1.2620448859276780e+02
7.9338000000000009e-01 1.3641440055075769e+01 -1.2622754454691851e+02
7.9437666666666673e-01 1.3767258342148306e+01 -1.2625062349162431e+02
7.9537333333333338e-01 1.3893099642704119e+01 -1.2627372544980911e+02
7.9637000000000002e-01 1.4018963979691408e+01 -1.2629685044442277e+02
7.9736666666666678e-01 1.4144851376081277e+01 -1.2631999849843534e+02
7.9836333333333342e-01 1.4270761854867692e+01 -1.2634316963484115e+02
7.9936000000000007e-01 1.4396695439067585e+01 -1.2636636387665605e+02
8.0035666666666672e-01 1.4522652151720832e+01 -1.2638958124692152e+02
8.0135333333333336e-01 1.4648632015890284e+01 -1.2641282176870415e+02
8.0235000000000012e-01 1.4774635054661797e+01 -1.2643608546508004e+02
8.0334666666666676e-01 1.4900661291144209e+01 -1.2645937235916377e+02
8.0434333333333341e-01 1.5026710748469444e+01 -1.2648268247408980e+02
8.0534000000000006e-01 1.5152783449792478e+01 -1.2650601583300829e+02
8.0633666666666670e-01 1.5278879418291377e+01 -1.2652937245910073e+02
8.0733333333333346e-01 1.5404998677167331e+01 -1.2655275237556630e+02
8.0833000000000010e-01 1.5531141249644625e+01 -1.2657615560563002e+02
8.0932666666666675e-01 1.5657307158970744e+01 -1.2659958217253865e+02
8.1032333333333340e-01 1.5783496428416338e+01 -1.2662303209956353e+02
8.1132000000000004e-01 1.5909709081275267e+01 -1.2664650540999756e+02
8.1231666666666680e-01 1.6035945140864630e+01 -1.2667000212716022e+02
8.1331333333333344e-01 1.6162204630524734e+01 -1.2669352227439067e+02
8.1431000000000009e-01 1.6288487573619200e+01 -1.2671706587504872e+02
8.1530666666666674e-01 1.6414793993534939e+01 -1.2674063295252786e+02
8.1630333333333338e-01 1.6541123913682181e+01 -1.2676422353023500e+02
8.1730000000000003e-01 1.6667477357494494e+01 -1.2678783763160206e+02
8.1829666666666678e-01 1.6793854348428830e+01 -1.2681147528008930e+02
8.1929333333333343e-01 1.6920254909965493e+01 -1.2683513649917492e+02
8.2029000000000007e-01 1.7046679065608238e+01 -1.2685882131236224e+02
8.2128666666666672e-01 1.7173126838884247e+01 -1.2688252974318280e+02
8.2228333333333337e-01 1.7299598253344161e+01 -1.2690626181517906e+02
8.2328000000000012e-01 1.7426093332562118e+01 -1.2693001755193249e+02
8.2427666666666677e-01 1.7552612100135722e+01 -1.2695379697704251e+02
8.2527333333333341e-01 1.7679154579686145e+01 -1.2697760011411572e+02
8.2627000000000006e-01 1.7805720794858104e+01 -1.2700142698681029e+02
8.2726666666666671e-01 1.7932310769319898e+01 -1.2702527761880054e+02
8.2826333333333346e-01 1.8058924526763438e+01 -1.2704915203376237e+02
8.2926000000000011e-01 1.8185562090904209e+01 -1.2707305025541464e+02
8.3025666666666675e-01 1.8312223485481393e+01 -1.2709697230750297e+02
8.3125333333333340e-01 1.8438908734257833e+01 -1.2712091821378715e+02
8.3225000000000005e-01 1.8565617861020066e+01 -1.2714488799805549e+02
8.3324666666666669e-01 1.8692350889578343e+01 -1.2716888168411238e+02
8.3424333333333345e-01 1.8819107843766677e+01 -1.2719289929579598e+02
8.3524000000000009e-01 1.8945888747442801e+01 -1.2721694085696946e+02
8.3623666666666674e-01 1.9072693624488291e+01 -1.2724100639151035e+02
8.3723333333333338e-01 1.9199522498808509e+01 -1.2726509592331385e+02
8.3823000000000003e-01 1.9326375394332658e+01 -1.2728920947631806e+02
8.3922666666666679e-01 1.9453252335013818e+01 -1.2731334707448231e+02
8.4022333333333343e-01 1.9580153344828915e+01 -1.2733750874177318e+02
8.4122000000000008e-01 1.9707078447778823e+01 -1.2736169450219646e+02
8.4221666666666672e-01 1.9834027667888336e+01 -1.2738590437977753e+02
8.4321333333333337e-01 1.9961001029206205e+01 -1.2741013839856140e+02
8.4421000000000013e-01 2.0087998555805171e+01 -1.2743439658262147e+02
8.4520666666666677e-01 2.0215020271781942e+01 -1.2745867895605615e+02
8.4620333333333342e-01 2.0342066201257296e+01 -1.2748298554298719e+02
8.4720000000000006e-01 2.0469136368376049e+01 -1.2750731636756107e+02
8.4819666666666671e-01 2.0596230797307093e+01 -1.2753167145394046e+02
8.4919333333333347e-01 2.0723349512243434e+01 -1.2755605082631996e+02
8.5019000000000011e-01 2.0850492537402157e+01 -1.2758045450891923e+02
8.5118666666666676e-01 2.0977659897024548e+01 -1.2760488252598290e+02
8.5218333333333340e-01 2.1104851615376042e+01 -1.2762933490176808e+02
8.5318000000000005e-01 2.1232067716746268e+01 -1.2765381166056558e+02
8.5417666666666670e-01 2.1359308225449087e+01 -1.2767831282669852e+02
8.5517333333333345e-01 2.1486573165822612e+01 -1.2770283842449696e+02
8.5617000000000010e-01 2.1613862562229183e+01 -1.2772738847832315e+02
8.5716666666666674e-01 2.1741176439055472e+01 -1.2775196301256609e+02
8.5816333333333339e-01 2.1868514820712463e+01 -1.2777656205163609e+02
8.5916000000000003e-01 2.1995877731635474e+01 -1.2780118561996669e+02
8.6015666666666679e-01 2.2123265196284212e+01 -1.2782583374202343e+02
8.6115333333333344e-01 2.2250677239142725e+01 -1.2785050644228619e+02
8.6215000000000008e-01 2.2378113884719514e+01 -1.2787520374525982e+02
8.6314666666666673e-01 2.2505575157547518e+01 -1.2789992567548654e+02
8.6414333333333337e-01 2.2633061082184128e+01 -1.2792467225751210e+02
8.6514000000000013e-01 2.2760571683211236e+01 -1.2794944351592332e+02
8.6613666666666678e-01 2.2888106985235211e+01 -1.2797423947533551e+02
8.6713333333333342e-01 2.3015667012887000e+01 -1.2799906016036937e+02
8.6813000000000007e-01 2.3143251790822099e+01 -1.2802390559568292e+02
8.6912666666666671e-01 2.3270861343720579e+01 -1.2804877580595388e+02
8.7012333333333336e-01 2.3398495696287128e+01 -1.2807367081589021e+02
8.7112000000000012e-01 2.3526154873251084e+01 -1.2809859065022135e+02
8.7211666666666676e-01 2.3653838899366402e+01 -1.2812353533369981e+02
8.7311333333333341e-01 2.3781547799411758e+01 -1.2814850489110128e+02
8.7411000000000005e-01 2.3909281598190528e+01 -1.2817349934723714e+02
8.7510666666666670e-01 2.4037040320530821e+01 -1.2819851872693124e+02
8.7610333333333346e-01 2.4164823991285513e+01 -1.2822356305503419e+02
8.7710000000000010e-01 2.4292632635332222e+01 -1.2824863235642678e+02
8.7809666666666675e-01 2.4420466277573414e+01 -1.2827372665600595e+02
8.7909333333333339e-01 2.4548324942936375e+01 -1.2829884597870608e+02
8.8009000000000004e-01 2.4676208656373252e+01 -1.2832399034947929e+02
8.8108666666666680e-01 2.4804117442861081e+01 -1.2834915979329912e+02
8.8208333333333344e-01 2.4932051327401762e+01 -1.2837435433516418e+02
8.8308000000000009e-01 2.5060010335022170e+01 -1.2839957400010491e+02
8.8407666666666673e-01 2.5187994490774120e+01 -1.2842481881317872e+02
8.8507333333333338e-01 2.5316003819734412e+01 -1.2845008879945533e+02
8.8607000000000014e-01 2.5444038347004863e+01 -1.2847538398403671e+02
8.8706666666666678e-01 2.5572098097712278e+01 -1.2850070439205146e+02
8.8806333333333343e-01 2.5700183097008559e+01 -1.2852605004865305e+02
8.8906000000000007e-01 2.5828293370070678e+01 -1.2855142097901654e+02
8.9005666666666672e-01 2.5956428942100711e+01 -1.2857681720834177e+02
8.9105333333333336e-01 2.6084589838325861e+01 -1.2860223876186248e+02
8.9205000000000012e-01 2.6212776083998506e+01 -1.2862768566482319e+02
8.9304666666666677e-01 2.6340987704396156e+01 -1.2865315794250583e+02
8.9404333333333341e-01 2.6469224724821576e+01 -1.2867865562021535e+02
8.9504000000000006e-01 2.6597487170602747e+01 -1.2870417872327471e+02
8.9603666666666670e-01 2.6725775067092901e+01 -1.2872972727703876e+02
8.9703333333333346e-01 2.6854088439670569e+01 -1.2875530130688935e+02
8.9803000000000011e-01 2.6982427313739549e+01 -1.2878090083822772e+02
8.9902666666666675e-01 2.7110791714729007e+01 -1.2880652589647653e+02
9.0002333333333340e-01 2.7239181668093455e+01 -1.2883217650710128e+02
9.0102000000000004e-01 2.7367597199312787e+01 -1.2885785269557806e+02
9.0201666666666680e-01 2.7496038333892322e+01 -1.2888355448741166e+02
9.0301333333333345e-01 2.7624505097362764e+01 -1.2890928190812991e+02
9.0401000000000009e-01 2.7752997515280320e+01 -1.2893503498328906e+02
9.0500666666666674e-01 2.7881515613226664e+01 -1.2896081373847943e+02
9.0600333333333338e-01 2.8010059416808989e+01 -1.2898661819929831e+02
9.0700000000000014e-01 2.8138628951660024e+01 -1.2901244839138235e+02
9.0799666666666679e-01 2.8267224243438022e+01 -1.2903830434039307e+02
9.0899333333333343e-01 2.8395845317826865e+01 -1.2906418607200618e+02
9.0999000000000008e-01 2.8524492200536027e+01 -1.2909009361193489e+02
9.1098666666666672e-01 2.8653164917300622e+01 -1.2911602698591915e+02
9.1198333333333337e-01 2.8781863493881428e+01 -1.2914198621971846e+02
9.1298000000000012e-01 2.8910587956064923e+01 -1.2916797133911206e+02
9.1397666666666677e-01 2.9039338329663252e+01 -1.2919398236991654e+02
9.1497333333333342e-01 2.9168114640514347e+01 -1.2922001933797156e+02
9.1597000000000006e-01 2.9296916914481887e+01 -1.2924608226913654e+02
9.1696666666666671e-01 2.9425745177455340e+01 -1.2927217118930454e+02
9.1796333333333346e-01 2.9554599455350012e+01 -1.2929828612439218e+02
9.1896000000000011e-01 2.9683479774106999e+01 -1.2932442710033897e+02
9.1995666666666676e-01 2.9812386159693315e+01 -1.2935059414310928e+02
9.2095333333333340e-01 2.9941318638101844e+01 -1.2937678727869618e+02
9.2195000000000005e-01 3.0070277235351398e+01 -1.2940300653312477e+02
9.2294666666666680e-01 3.0199261977486746e+01 -1.2942925193243099e+02
9.2394333333333345e-01 3.0328272890578578e+01 -1.2945552350268974e+02
9.2494000000000010e-01 3.0457310000723634e+01 -1.2948182127000456e+02
9.2593666666666674e-01 3.0586373334044659e+01 -1.2950814526048430e+02
9.2693333333333339e-01 3.0715462916690441e+01 -1.2953449550028952e+02
9.2793000000000003e-01 3.0844578774835853e+01 -1.2956087201558788e+02
9.2892666666666679e-01 3.0973720934681868e+01 -1.2958727483257928e+02
9.2992333333333344e-01 3.1102889422455558e+01 -1.2961370397750269e+02
9.3092000000000008e-01 3.1232084264410183e+01 -1.2964015947659877e+02
9.3191666666666673e-01 3.1361305486825167e+01 -1.2966664135614928e+02
9.3291333333333337e-01 3.1490553116006140e+01 -1.2969314964246627e+02
9.3391000000000013e-01 3.1619827178284982e+01 -1.2971968436187615e+02
9.3490666666666677e-01 3.1749127700019780e+01 -1.2974624554073557e+02
9.3590333333333342e-01 3.1878454707594951e+01 -1.2977283320543486e+02
9.3690000000000007e-01 3.2007808227421208e+01 -1.2979944738238061e+02
9.3789666666666671e-01 3.2137188285935601e+01 -1.2982608809800772e+02
9.3889333333333347e-01 3.2266594909601544e+01 -1.2985275537878354e+02
9.3989000000000011e-01 3.2396028124908817e+01 -1.2987944925119658e+02
9.4088666666666676e-01 3.2525487958373638e+01 -1.2990616974176717e+02
9.4188333333333341e-01 3.2654974436538673e+01 -1.2993291687703032e+02
9.4288000000000005e-01 3.2784487585973032e+01 -1.2995969068355640e+02
9.4387666666666681e-01 3.2914027433272345e+01 -1.2998649118794816e+02
9.4487333333333345e-01 3.3043594005058722e+01 -1.3001331841682247e+02
9.4587000000000010e-01 3.3173187327980855e+01 -1.3004017239682443e+02
9.4686666666666675e-01 3.3302807428713997e+01 -1.3006705315464225e+02
9.4786333333333339e-01 3.3432454333960010e+01 -1.3009396071696415e+02
9.4886000000000004e-01 3.3562128070447372e+01 -1.3012089511051721e+02
9.4985666666666679e-01 3.3691828664931222e+01 -1.3014785636207191e+02
9.5085333333333344e-01 3.3821556144193359e+01 -1.3017484449840180e+02
9.5185000000000008e-01 3.3951310535042303e+01 -1.3020185954630531e+02
9.5284666666666673e-01 3.4081091864313301e+01 -1.3022890153262756e+02
9.5384333333333338e-01 3.4210900158868370e+01 -1.3025597048423475e+02
9.5484000000000013e-01 3.4340735445596316e+01 -1.3028306642801485e+02
9.5583666666666678e-01 3.4470597751412726e+01 -1.3031018939087699e+02
9.5683333333333342e-01 3.4600487103260058e+01 -1.3033733939976216e+02
9.5783000000000007e-01 3.4730403528107622e+01 -1.3036451648164373e+02
9.5882666666666672e-01 3.4860347052951624e+01 -1.3039172066351628e+02
9.5982333333333347e-01 3.4990317704815205e+01 -1.3041895197240680e+02
9.6082000000000012e-01 3.5120315510748405e+01 -1.3044621043536344e+02
9.6181666666666676e-01 3.5250340497828290e+01 -1.3047349607946265e+02
9.6281333333333341e-01 3.5380392693158903e+01 -1.3050080893181322e+02
9.6381000000000006e-01 3.5510472123871324e+01 -1.3052814901953823e+02
9.6480666666666670e-01 3.5640578817123675e+01 -1.3055551636979612e+02
9.6580333333333346e-01 3.5770712800101172e+01 -1.3058291100977803e+02
9.6680000000000010e-01 3.5900874100016104e+01 -1.3061033296668521e+02
9.6779666666666675e-01 3.6031062744107942e+01 -1.3063778226777234e+02
9.6879333333333340e-01 3.6161278759643295e+01 -1.3066525894030158e+02
9.6979000000000004e-01 3.6291522173915972e+01 -1.3069276301156339e+02
9.7078666666666680e-01 3.6421793014247008e+01 -1.3072029450888058e+02
9.7178333333333344e-01 3.6552091307984625e+01 -1.3074785345959364e+02
9.7278000000000009e-01 3.6682417082504379e+01 -1.3077543989108906e+02
9.7377666666666673e-01 3.6812770365209097e+01 -1.3080305383076444e+02
9.7477333333333338e-01 3.6943151183528940e+01 -1.3083069530604922e+02
9.7577000000000014e-01 3.7073559564921425e+01 -1.3085836434440174e+02
9.7676666666666678e-01 3.7203995536871417e+01 -1.3088606097331217e+02
9.7776333333333343e-01 3.7334459126891225e+01 -1.3091378522028819e+02
9.7876000000000007e-01 3.7464950362520582e+01 -1.3094153711287001e+02
9.7975666666666672e-01 3.7595469271326671e+01 -1.3096931667862248e+02
9.8075333333333348e-01 3.7726015880904193e+01 -1.3099712394513946e+02
9.8175000000000012e-01 3.7856590218875311e+01 -1.3102495894005011e+02
9.8274666666666677e-01 3.7987192312889782e+01 -1.3105282169099752e+02
9.8374333333333341e-01 3.8117822190624914e+01 -1.3108071222566096e+02
9.8474000000000006e-01 3.8248479879785620e+01 -1.3110863057174444e+02
9.8573666666666671e-01 3.8379165408104434e+01 -1.3113657675698752e+02
9.8673333333333346e-01 3.8509878803341572e+01 -1.3116455080914795e+02
9.8773000000000011e-01 3.8640620093284866e+01 -1.3119255275600113e+02
9.8872666666666675e-01 3.8771389305749913e+01 -1.3122058262537550e+02
9.8972333333333340e-01 3.8902186468580034e+01 -1.3124864044511065e+02
9.9072000000000005e-01 3.9033011609646309e+01 -1.3127672624307451e+02
9.9171666666666680e-01 3.9163864756847630e+01 -1.3130484004717454e+02
9.9271333333333345e-01 3.9294745938110658e+01 -1.3133298188532868e+02
9.9371000000000009e-01 3.9425655181389949e+01 -1.3136115178549733e+02
9.9470666666666674e-01 3.9556592514667926e+01 -1.3138934977566262e+02
9.9570333333333338e-01 3.9687557965954902e+01 -1.3141757588382791e+02
9.9670000000000014e-01 3.9818551563289141e+01 -1.3144583013803265e+02
9.9769666666666679e-01 3.9949573334736826e+01 -1.3147411256635874e+02
9.9869333333333343e-01 4.0080623308392170e+01 -1.3150242319688047e+02
9.9969000000000008e-01 4.0211701512377374e+01 -1.3153076205772277e+02
1.0006866666666667e+00 4.0342807974842700e+01 -1.3155912917704924e+02
1.0016833333333335e+00 4.0473942723966488e+01 -1.3158752458303152e+02
1.0026800000000000e+00 4.0605105787955111e+01 -1.3161594830387207e+02
1.0036766666666668e+00 4.0736297195043171e+01 -1.3164440036780269e+02
1.0046733333333333e+00 4.0867516973493316e+01 -1.3167288080309416e+02
1.0056700000000001e+00 4.0998765151596494e+01 -1.3170138963803865e+02
1.0066666666666666e+00 4.1130041757671741e+01 -1.3172992690094623e+02
1.0076633333333334e+00 4.1261346820066443e+01 -1.3175849262016919e+02
1.0086600000000001e+00 4.1392680367156174e+01 -1.3178708682408302e+02
1.0096566666666666e+00 4.1524042427344803e+01 -1.3181570954109631e+02
1.0106533333333334e+00 4.1655433029064611e+01 -1.3184436079963305e+02
1.0116500000000002e+00 4.1786852200776131e+01 -1.3187304062815073e+02
1.0126466666666667e+00 4.1918299970968292e+01 -1.3190174905515411e+02
1.0136433333333335e+00 4.2049776368158518e+01 -1.3193048610915332e+02
1.0146400000000000e+00 4.2181281420892539e+01 -1.3195925181868640e+02
1.0156366666666667e+00 4.2312815157744673e+01 -1.3198804621232676e+02
1.0166333333333335e+00 4.2444377607317641e+01 -1.3201686931869230e+02
1.0176300000000000e+00 4.2575968798242698e+01 -1.3204572116640892e+02
1.0186266666666668e+00 4.2707588759179728e+01 -1.3207460178412572e+02
1.0196233333333333e+00 4.2839237518817065e+01 -1.3210351120053767e+02
1.0206200000000001e+00 4.2970915105871789e+01 -1.3213244944437145e+02
1.0216166666666668e+00 4.3102621549089520e+01 -1.3216141654436254e+02
1.0226133333333334e+00 4.3234356877244537e+01 -1.3219041252927948e+02
1.0236100000000001e+00 4.3366121119139891e+01 -1.3221943742793175e+02
1.0246066666666667e+00 4.3497914303607253e+01 -1.3224849126915339e+02
1.0256033333333334e+00 4.3629736459507164e+01 -1.3227757408180995e+02
1.0266000000000002e+00 4.3761587615728843e+01 -1.3230668589478324e+02
1.0275966666666667e+00 4.3893467801190326e+01 -1.3233582673698427e+02
1.0285933333333335e+00 4.4025377044838557e+01 -1.3236499663737231e+02
1.0295900000000000e+00 4.4157315375649247e+01 -1.3239419562492029e+02
1.0305866666666668e+00 4.4289282822627108e+01 -1.3242342372862583e+02
1.0315833333333335e+00 4.4421279414805689e+01 -1.3245268097753106e+02
1.0325800000000001e+00 4.4553305181247488e+01 -1.3248196740069667e+02
1.0335766666666668e+00 4.4685360151044073e+01 -1.3251128302721025e+02
1.0345733333333333e+00 4.4817444353315899e+01 -1.3254062788619453e+02
1.0355700000000001e+00 4.4949557817212586e+01 -1.3257000200679673e+02
1.0365666666666669e+00 4.5081700571912727e+01 -1.3259940541820524e+02
1.0375633333333334e+00 4.5213872646624012e+01 -1.3262883814961967e+02
1.0385600000000001e+00 4.5346074070583335e+01 -1.3265830023026672e+02
1.0395566666666667e+00 4.5478304873056636e+01 -1.3268779168943303e+02
1.0405533333333334e+00 4.5610565083339161e+01 -1.3271731255640481e+02
1.0415500000000002e+00 4.5742854730755262e+01 -1.3274686286050240e+02
1.0425466666666667e+00 4.5875173844658555e+01 -1.3277644263108587e+02
1.0435433333333335e+00 4.6007522454431992e+01 -1.3280605189753152e+02
1.0445400000000000e+00 4.6139900589487723e+01 -1.3283569068925436e+02
1.0455366666666668e+00 4.6272308279267342e+01 -1.3286535903570456e+02
1.0465333333333335e+00 4.6404745553241703e+01 -1.3289505696633799e+02
1.0475300000000001e+00 4.6537212440911055e+01 -1.3292478451065716e+02
1.0485266666666668e+00 4.6669708971805150e+01 -1.3295454169820599e+02
1.0495233333333334e+00 4.6802235175483077e+01 -1.3298432855853497e+02
1.0505200000000001e+00 4.6934791081533504e+01 -1.3301414512122312e+02
1.0515166666666667e+00 4.7067376719574483e+01 -1.3304399141589934e+02
1.0525133333333334e+00 4.7199992119253743e+01 -1.3307386747221690e+02
1.0535100000000002e+00 4.7332637310248465e+01 -1.3310377331984208e+02
1.0545066666666667e+00 4.7465312322265426e+01 -1.3313370898848055e+02
1.0555033333333335e+00 4.7598017185041122e+01 -1.3316367450787220e+02
1.0565000000000000e+00 4.7730751928341576e+01 -1.3319366990779216e+02
1.0574966666666668e+00 4.7863516581962621e+01 -1.3322369521802915e+02
1.0584933333333335e+00 4.7996311175729701e+01 -1.3325375046839923e+02
1.0594900000000000e+00 4.8129135739498004e+01 -1.3328383568876831e+02
1.0604866666666668e+00 4.8261990303152579e+01 -1.3331395090902257e+02
1.0614833333333333e+00 4.8394874896608165e+01 -1.3334409615907254e+02
1.0624800000000001e+00 4.8527789549809434e+01 -1.3337427146886375e+02
1.0634766666666668e+00 4.8660734292730830e+01 -1.3340447686836558e+02
1.0644733333333334e+00 4.8793709155376696e+01 -1.3343471238759011e+02
1.0654700000000001e+00 4.8926714167781384e+01 -1.3346497805657322e+02
1.0664666666666667e+00 4.9059749360009071e+01 -1.3349527390537150e+02
1.0674633333333334e+00 4.9192814762154029e+01 -1.3352559996408036e+02
1.0684600000000002e+00 4.9325910404340448e+01 -1.3355595626282593e+02
1.0694566666666667e+00 4.9459036316722568e+01 -1.3358634283176997e+02
1.0704533333333335e+00 4.9592192529484784e+01 -1.3361675970108737e+02
1.0714500000000000e+00 4.9725379072841470e+01 -1.3364720690098815e+02
1.0724466666666668e+00 4.9858595977037233e+01 -1.3367768446172789e+02
1.0734433333333335e+00 4.9991843272346770e+01 -1.3370819241357549e+02
1.0744400000000001e+00 5.0125120989074958e+01 -1.3373873078683519e+02
1.0754366666666668e+00 5.0258429157556982e+01 -1.3376929961184598e+02
1.0764333333333334e+00 5.0391767808158157e+01 -1.3379989891897458e+02
1.0774300000000001e+00 5.0525136971274200e+01 -1.3383052873861564e+02
1.0784266666666669e+00 5.0658536677331043e+01 -1.3386118910118421e+02
1.0794233333333334e+00 5.0791966956784961e+01 -1.3389188003714503e+02
1.0804200000000002e+00 5.0925427840122687e+01 -1.3392260157699374e+02
1.0814166666666667e+00 5.1058919357861235e+01 -1.3395335375123622e+02
1.0824133333333334e+00 5.1192441540548174e+01 -1.3398413659042032e+02
1.0834100000000002e+00 5.1325994418761432e+01 -1.3401495012512518e+02
1.0844066666666667e+00 5.1459578023109437e+01 -1.3404579438595800e+02
1.0854033333333335e+00 5.1593192384231230e+01 -1.3407666940356776e+02
1.0864000000000000e+00 5.1726837532796281e+01 -1.3410757520861361e+02
1.0873966666666668e+00 5.1860513499504762e+01 -1.3413851183178664e+02
1.0883933333333333e+00 5.1994220315087333e+01 -1.3416947930384219e+02
1.0893900000000001e+00 5.2127958010305434e+01 -1.3420047765553139e+02
1.0903866666666668e+00 5.2261726615951076e+01 -1.3423150691763297e+02
1.0913833333333334e+00 5.2395526162846970e+01 -1.3426256712098569e+02
1.0923800000000001e+00 5.2529356681846664e+01 -1.3429365829643478e+02
1.0933766666666667e+00 5.2663218203834347e+01 -1.3432478047486740e+02
1.0943733333333334e+00 5.2797110759725122e+01 -1.3435593368720217e+02
1.0953700000000002e+00 5.2931034380464837e+01 -1.3438711796437823e+02
1.0963666666666667e+00 5.3064989097030193e+01 -1.3441833333737702e+02
1.0973633333333335e+00 5.3198974940428869e+01 -1.3444957983720406e+02
1.0983600000000000e+00 5.3332991941699348e+01 -1.3448085749489627e+02
1.0993566666666668e+00 5.3467040131911176e+01 -1.3451216634152195e+02
1.1003533333333335e+00 5.3601119542164795e+01 -1.3454350640818794e+02
1.1013500000000001e+00 5.3735230203591662e+01 -1.3457487772603230e+02
1.1023466666666668e+00 5.3869372147354369e+01 -1.3460628032619613e+02
1.1033433333333333e+00 5.4003545404646445e+01 -1.3463771423988024e+02
1.1043400000000001e+00 5.4137750006692663e+01 -1.3466917949832765e+02
1.1053366666666669e+00 5.4271985984748838e+01 -1.3470067613277354e+02
1.1063333333333334e+00 5.4406253370101950e+01 -1.3473220417451279e+02
1.1073300000000001e+00 5.4540552194070266e+01 -1.3476376365485760e+02
1.1083266666666667e+00 5.4674882488003156e+01 -1.3479535460516206e+02
1.1093233333333334e+00 5.4809244283281387e+01 -1.3482697705681892e+02
1.1103200000000002e+00 5.4943637611316923e+01 -1.3485863104122015e+02
1.1113166666666667e+00 5.5078062503553035e+01 -1.3489031658981398e+02
1.1123133333333335e+00 5.5212518991464457e+01 -1.3492203373408361e+02
1.1133100000000000e+00 5.5347007106557179e+01 -1.3495378250552943e+02
1.1143066666666668e+00 5.5481526880368726e+01 -1.3498556293568302e+02
1.1153033333333335e+00 5.5616078344467986e+01 -1.3501737505612547e+02
1.1163000000000001e+00 5.5750661530455332e+01 -1.3504921889845099e+02
1.1172966666666668e+00 5.5885276469962726e+01 -1.3508109449428906e+02
1.1182933333333334e+00 5.6019923194653558e+01 -1.3511300187531106e+02
1.1192900000000001e+00 5.6154601736222915e+01 -1.3514494107320189e+02
1.1202866666666669e+00 5.6289312126397384e+01 -1.3517691211969242e+02
1.1212833333333334e+00 5.6424054396935212e+01 -1.3520891504654790e+02
1.1222800000000002e+00 5.6558828579626386e+01 -1.3524094988554748e+02
1.1232766666666667e+00 5.6693634706292478e+01 -1.3527301666851230e+02
1.1242733333333335e+00 5.6828472808786906e+01 -1.3530511542730989e+02
1.1252700000000000e+00 5.6963342918994748e+01 -1.3533724619380766e+02
1.1262666666666667e+00 5.7098245068832973e+01 -1.3536940899993289e+02
1.1272633333333335e+00 5.7233179290250305e+01 -1.3540160387763751e+02
1.1282600000000000e+00 5.7368145615227327e+01 -1.3543383085888991e+02
1.1292566666666668e+00 5.7503144075776589e+01 -1.3546608997571875e+02
1.1302533333333333e+00 5.7638174703942447e+01 -1.3549838126015555e+02
1.1312500000000001e+00 5.7773237531801335e+01 -1.3553070474427366e+02
1.1322466666666668e+00 5.7908332591461580e+01 -1.3556306046019975e+02
1.1332433333333334e+00 5.8043459915063522e+01 -1.3559544844005538e+02
1.1342400000000001e+00 5.8178619534779642e+01 -1.3562786871601543e+02
1.1352366666666667e+00 5.8313811482814387e+01 -1.3566032132029673e+02
1.1362333333333334e+00 5.8449035791404434e+01 -1.3569280628512954e+02
1.1372300000000002e+00 5.8584292492818520e+01 -1.3572532364277947e+02
1.1382266666666667e+00 5.8719581619357548e+01 -1.3575787342554636e+02
1.1392233333333335e+00 5.8854903203354731e+01 -1.3579045566576906e+02
1.1402200000000000e+00 5.8990257277175402e+01 -1.3582307039581409e+02
1.1412166666666668e+00 5.9125643873217285e+01 -1.3585571764807210e+02
1.1422133333333335e+00 5.9261063023910310e+01 -1.3588839745496921e+02
1.1432100000000001e+00 5.9396514761716759e+01 -1.3592110984897980e+02
1.1442066666666668e+00 5.9531999119131378e+01 -1.3595385486260318e+02
1.1452033333333334e+00 5.9667516128681186e+01 -1.3598663252834848e+02
1.1462000000000001e+00 5.9803065822925745e+01 -1.3601944287877740e+02
1.1471966666666669e+00 5.9938648234457020e+01 -1.3605228594649429e+02
1.1481933333333334e+00 6.0074263395899457e+01 -1.3608516176411976e+02
1.1491900000000002e+00 6.0209911339910136e+01 -1.3611807036430992e+02
1.1501866666666667e+00 6.0345592099178575e+01 -1.3615101177974850e+02
1.1511833333333334e+00 6.0481305706427001e+01 -1.3618398604315760e+02
1.1521800000000002e+00 6.0617052194410192e+01 -1.3621699318730572e+02
1.1531766666666667e+00 6.0752831595915595e+01 -1.3625003324497013e+02
1.1541733333333335e+00 6.0888643943763419e+01 -1.3628310624896380e+02
1.1551700000000000e+00 6.1024489270806491e+01 -1.3631621223215234e+02
1.1561666666666668e+00 6.1160367609930518e+01 -1.3634935122741462e+02
1.1571633333333335e+00 6.1296278994053921e+01 -1.3638252326767960e+02
1.1581600000000001e+00 6.1432223456127929e+01 -1.3641572838588849e+02
1.1591566666666668e+00 6.1568201029136723e+01 -1.3644896661501471e+02
1.1601533333333334e+00 6.1704211746097258e+01 -1.3648223798809843e+02
1.1611500000000001e+00 6.1840255640059532e+01 -1.3651554253817903e+02
1.1621466666666669e+00 6.1976332744106408e+01 -1.3654888029833160e+02
1.1631433333333334e+00 6.2112443091353732e+01 -1.3658225130168620e+02
1.1641400000000002e+00 6.2248586714950477e+01 -1.3661565558138386e+02
1.1651366666666667e+00 6.2384763648078533e+01 -1.3664909317060736e+02
1.1661333333333335e+00 6.2520973923953015e+01 -1.3668256410257160e+02
1.1671300000000000e+00 6.2657217575822024e+01 -1.3671606841052358e+02
1.1681266666666668e+00 6.2793494636966940e+01 -1.3674960612775200e+02
1.1691233333333335e+00 6.2929805140702250e+01 -1.3678317728756386e+02
1.1701200000000000e+00 6.3066149120375648e+01 -1.3681678192330659e+02
1.1711166666666668e+00 6.3202526609368178e+01 -1.3685042006835999e+02
1.1721133333333333e+00 6.3338937641094041e+01 -1.3688409175614927e+02
1.1731100000000001e+00 6.3475382249000894e+01 -1.3691779702011297e+02
1.1741066666666669e+00 6.3611860466569638e+01 -1.3695153589372552e+02
1.1751033333333334e+00 6.3748372327314570e+01 -1.3698530841051610e+02
1.1761000000000001e+00 6.3884917864783496e+01 -1.3701911460402857e+02
1.1770966666666667e+00 6.4021497112557554e+01 -1.3705295450783427e+02
1.1780933333333334e+00 6.4158110104251492e+01 -1.3708682815554994e+02
1.1790900000000002e+00 6.4294756873513464e+01 -1.3712073558083537e+02
1.1800866666666667e+00 6.4431437454025215e+01 -1.3715467681737312e+02
1.1810833333333335e+00 6.4568151879502153e+01 -1.3718865189886372e+02
1.1820800000000000e+00 6.4704900183693169e+01 -1.3722266085906398e+02
1.1830766666666668e+00 6.4841682400380932e+01 -1.3725670373175095e+02
1.1840733333333335e+00 6.4978498563381720e+01 -1.3729078055074862e+02
1.1850700000000001e+00 6.5115348706545532e+01 -1.3732489134991039e+02
1.1860666666666668e+00 6.5252232863756205e+01 -1.3735903616310804e+02
1.1870633333333334e+00 6.5389151068931227e+01 -1.3739321502426230e+02
1.1880600000000001e+00 6.5526103356022048e+01 -1.3742742796733557e+02
1.1890566666666669e+00 6.5663089759013886e+01 -1.3746167502630161e+02
1.1900533333333334e+00 6.5800110311925835e+01 -1.3749595623517055e+02
1.1910500000000002e+00 6.5937165048811011e+01 -1.3753027162802107e+02
1.1920466666666667e+00 6.6074254003756351e+01 -1.3756462123892348e+02
1.1930433333333335e+00 6.6211377210882929e+01 -1.3759900510200418e+02
1.1940400000000002e+00 6.6348534704345724e+01 -1.3763342325141522e+02
1.1950366666666667e+00 6.6485726518333792e+01 -1.3766787572133782e+02
1.1960333333333335e+00 6.6622952687070367e+01 -1.3770236254600741e+02
1.1970300000000000e+00 6.6760213244812689e+01 -1.3773688375967976e+02
1.1980266666666668e+00 6.6897508225852278e+01 -1.3777143939665228e+02
1.1990233333333336e+00 6.7034837664514754e+01 -1.3780602949123397e+02
1.2000200000000001e+00 6.7172201595159962e+01 -1.3784065407779133e+02
1.2010166666666668e+00 6.7309600052182120e+01 -1.3787531319072380e+02
1.2020133333333334e+00 6.7447033070009596e+01 -1.3791000686445111e+02
1.2030100000000001e+00 6.7584500683105219e+01 -1.3794473513344292e+02
1.2040066666666667e+00 6.7722002925966081e+01 -1.3797949803219728e+02
1.2050033333333334e+00 6.7859539833123776e+01 -1.3801429559524695e+02
1.2060000000000002e+00 6.7997111439144234e+01 -1.3804912785715049e+02
1.2069966666666667e+00 6.8134717778627859e+01 -1.3808399485250956e+02
1.2079933333333335e+00 6.8272358886209659e+01 -1.3811889661595890e+02
1.2089900000000000e+00 6.8410034796559046e+01 -1.3815383318217494e+02
1.2099866666666668e+00 6.8547745544380135e+01 -1.3818880458586136e+02
1.2109833333333335e+00 6.8685491164411545e+01 -1.3822381086174786e+02
1.2119800000000001e+00 6.8823271691426527e+01 -1.3825885204462153e+02
1.2129766666666668e+00 6.8961087160233134e+01 -1.3829392816927393e+02
1.2139733333333333e+00 6.9098937605673953e+01 -1.3832903927054537e+02
1.2149700000000001e+00 6.9236823062626485e+01 -1.3836418538333211e+02
1.2159666666666669e+00 6.9374743566002891e+01 -1.3839936654254214e+02
1.2169633333333334e+00 6.9512699150750166e+01 -1.3843458278311923e+02
1.2179600000000002e+00 6.9650689851850217e+01 -1.3846983414003327e+02
1.2189566666666667e+00 6.9788715704319728e+01 -1.3850512064830994e+02
1.2199533333333334e+00 6.9926776743210411e+01 -1.3854044234300943e+02
1.2209500000000002e+00 7.0064873003608866e+01 -1.3857579925921087e+02
1.2219466666666667e+00 7.0203004520636654e+01 -1.3861119143203621e+02
1.2229433333333335e+00 7.0341171329450461e+01 -1.3864661889664072e+02
1.2239400000000000e+00 7.0479373465241892e+01 -1.3868208168821405e+02
1.2249366666666668e+00 7.0617610963237794e+01 -1.3871757984199459e+02
1.2259333333333335e+00 7.0755883858700031e+01 -1.3875311339323264e+02
1.2269300000000001e+00 7.0894192186925622e+01 -1.3878868237722835e+02
1.2279266666666668e+00 7.1032535983246902e+01 -1.3882428682932235e+02
1.2289233333333334e+00 7.1170915283031292e+01 -1.3885992678486826e+02
1.2299200000000001e+00 7.1309330121681597e+01 -1.3889560227926128e+02
1.2309166666666669e+00 7.1447780534635839e+01 -1.3893131334795851e+02
1.2319133333333334e+00 7.1586266557367395e+01 -1.3896706002644541e+02
1.2329100000000002e+00 7.1724788225385097e+01 -1.3900284235019808e+02
1.2339066666666667e+00 7.1863345574233051e+01 -1.3903866035476975e+02
1.2349033333333335e+00 7.2001938639490945e+01 -1.3907451407575525e+02
1.2359000000000002e+00 7.2140567456773837e+01 -1.3911040354876141e+02
1.2368966666666668e+00 7.2279232061732316e+01 -1.3914632880943057e+02
1.2378933333333335e+00 7.2417932490052607e+01 -1.3918228989345971e+02
1.2388900000000000e+00 7.2556668777456395e+01 -1.3921828683657327e+02
1.2398866666666668e+00 7.2695440959701102e+01 -1.3925431967451698e+02
1.2408833333333333e+00 7.2834249072579695e+01 -1.3929038844308650e+02
1.2418800000000001e+00 7.2973093151920935e+01 -1.3932649317811183e+02
1.2428766666666669e+00 7.3111973233589239e+01 -1.3936263391546376e+02
1.2438733333333334e+00 7.3250889353484794e+01 -1.3939881069104825e+02
1.2448700000000001e+00 7.3389841547543668e+01 -1.3943502354077629e+02
1.2458666666666667e+00 7.3528829851737612e+01 -1.3947127250062880e+02
1.2468633333333334e+00 7.3667854302074403e+01 -1.3950755760662841e+02
1.2478600000000002e+00 7.3806914934597629e+01 -1.3954387889480270e+02
1.2488566666666667e+00 7.3946011785386801e+01 -1.3958023640124290e+02
1.2498533333333335e+00 7.4085144890557530e+01 -1.3961663016205969e+02
1.2508500000000000e+00 7.4224314286261276e+01 -1.3965306021339799e+02
1.2518466666666668e+00 7.4363520008685711e+01 -1.3968952659145148e+02
1.2528433333333335e+00 7.4502762094054461e+01 -1.3972602933244028e+02
1.2538400000000001e+00 7.4642040578627302e+01 -1.3976256847264094e+02
1.2548366666666668e+00 7.4781355498700265e+01 -1.3979914404833525e+02
1.2558333333333334e+00 7.4920706890605430e+01 -1.3983575609583920e+02
1.2568300000000001e+00 7.5060094790711233e+01 -1.3987240465155321e+02
1.2578266666666669e+00 7.5199519235422287e+01 -1.3990908975186861e+02
1.2588233333333334e+00 7.5338980261179501e+01 -1.3994581143321867e+02
1.2598200000000002e+00 7.5478477904460220e+01 -1.3998256973208484e+02
1.2608166666666667e+00 7.5618012201778043e+01 -1.4001936468498278e+02
1.2618133333333335e+00 7.5757583189683089e+01 -1.4005619632846253e+02
1.2628100000000002e+00 7.5897190904761842e+01 -1.4009306469910797e+02
1.2638066666666667e+00 7.6036835383637268e+01 -1.4012996983355194e+02
1.2648033333333335e+00 7.6176516662968936e+01 -1.4016691176843992e+02
1.2658000000000000e+00 7.6316234779452870e+01 -1.4020389054048715e+02
1.2667966666666668e+00 7.6455989769821784e+01 -1.4024090618640764e+02
1.2677933333333335e+00 7.6595781670844929e+01 -1.4027795874295643e+02
1.2687900000000001e+00 7.6735610519328233e+01 -1.4031504824698015e+02
1.2697866666666668e+00 7.6875476352114418e+01 -1.4035217473529545e+02
1.2707833333333334e+00 7.7015379206082812e+01 -1.4038933824478860e+02
1.2717800000000001e+00 7.7155319118149649e+01 -1.4042653881238036e+02
1.2727766666666669e+00 7.7295296125267882e+01 -1.4046377647501120e+02
1.2737733333333334e+00 7.7435310264427301e+01 -1.4050105126968458e+02
1.2747700000000002e+00 7.7575361572654685e+01 -1.4053836323340954e+02
1.2757666666666667e+00 7.7715450087013608e+01 -1.4057571240325782e+02
1.2767633333333335e+00 7.7855575844604715e+01 -1.4061309881633693e+02
1.2777600000000000e+00 7.7995738882565547e+01 -1.4065052250978269e+02
1.2787566666666668e+00 7.8135939238070790e+01 -1.4068798352077249e+02
1.2797533333333335e+00 7.8276176948332093e+01 -1.4072548188651072e+02
1.2807500000000001e+00 7.8416452050598238e+01 -1.4076301764424309e+02
1.2817466666666668e+00 7.8556764582155211e+01 -1.4080059083126380e+02
1.2827433333333333e+00 7.8697114580326073e+01 -1.4083820148489414e+02
1.2837400000000001e+00 7.8837502082471232e+01 -1.4087584964248262e+02
1.2847366666666669e+00 7.8977927125988231e+01 -1.4091353534144025e+02
1.2857333333333334e+00 7.9118389748311927e+01 -1.4095125861920530e+02
1.2867300000000002e+00 7.9258889986914610e+01 -1.4098901951324314e+02
1.2877266666666667e+00 7.9399427879305790e+01 -1.4102681806106031e+02
1.2887233333333334e+00 7.9540003463032505e+01 -1.4106465430020492e+02
1.2897200000000002e+00 7.9680616775679141e+01 -1.4110252826827349e+02
1.2907166666666667e+00 7.9821267854867571e+01 -1.4114044000287524e+02
1.2917133333333335e+00 7.9961956738257271e+01 -1.4117838954166095e+02
1.2927100000000000e+00 8.0102683463545148e+01 -1.4121637692234393e+02
1.2937066666666668e+00 8.0243448068465824e+01 -1.4125440218265760e+02
1.2947033333333335e+00 8.0384250590791453e+01 -1.4129246536037675e+02
1.2957000000000001e+00 8.0525091068331847e+01 -1.4133056649329598e+02
1.2966966666666668e+00 8.0665969538934618e+01 -1.4136870561927276e+02
1.2976933333333334e+00 8.0806886040485011e+01 -1.4140688277619870e+02
1.2986900000000001e+00 8.0947840610906155e+01 -1.4144509800197818e+02
1.2996866666666669e+00 8.1088833288158881e+01 -1.4148335133457863e+02
1.3006833333333334e+00 8.1229864110241905e+01 -1.4152164281200845e+02
1.3016800000000002e+00 8.1370933115191932e+01 -1.4155997247231048e+02
1.3026766666666667e+00 8.1512040341083463e+01 -1.4159834035354746e+02
1.3036733333333335e+00 8.1653185826029087e+01 -1.4163674649382335e+02
1.3046700000000002e+00 8.1794369608179281e+01 -1.4167519093129818e+02
1.3056666666666668e+00 8.1935591725722603e+01 -1.4171367370416553e+02
1.3066633333333335e+00 8.2076852216885769e+01 -1.4175219485064653e+02
1.3076600000000000e+00 8.2218151119933481e+01 -1.4179075440900357e+02
1.3086566666666668e+00 8.2359488473168724e+01 -1.4182935241754021e+02
1.3096533333333336e+00 8.2500864314932585e+01 -1.4186798891460185e+02
1.3106500000000001e+00 8.2642278683604403e+01 -1.4190666393856739e+02
1.3116466666666668e+00 8.2783731617601845e+01 -1.4194537752784342e+02
1.3126433333333334e+00 8.2925223155380792e+01 -1.4198412972090611e+02
1.3136400000000001e+00 8.3066753335435578e+01 -1.4202292055624596e+02
1.3146366666666667e+00 8.3208322196298823e+01 -1.4206175007236774e+02
1.3156333333333334e+00 8.3349929776541657e+01 -1.4210061830786725e+02
1.3166300000000002e+00 8.3491576114773608e+01 -1.4213952530136095e+02
1.3176266666666667e+00 8.3633261249642686e+01 -1.4217847109147718e+02
1.3186233333333335e+00 8.3774985219835543e+01 -1.4221745571691474e+02
1.3196200000000000e+00 8.3916748064077296e+01 -1.4225647921639944e+02
1.3206166666666668e+00 8.4058549821131777e+01 -1.4229554162868391e+02
1.3216133333333335e+00 8.4200390529801382e+01 -1.4233464299258424e+02
1.3226100000000001e+00 8.4342270228927219e+01 -1.4237378334692838e+02
1.3236066666666668e+00 8.4484188957389193e+01 -1.4241296273059336e+02
1.3246033333333334e+00 8.4626146754105875e+01 -1.4245218118251879e+02
1.3256000000000001e+00 8.4768143658034774e+01 -1.4249143874165699e+02
1.3265966666666669e+00 8.4910179708172123e+01 -1.4253073544698807e+02
1.3275933333333334e+00 8.5052254943553066e+01 -1.4257007133755377e+02
1.3285900000000002e+00 8.5194369403251756e+01 -1.4260944645244501e+02
1.3295866666666667e+00 8.5336523126381195e+01 -1.4264886083075828e+02
1.3305833333333335e+00 8.5478716152093497e+01 -1.4268831451163126e+02
1.3315800000000002e+00 8.5620948519579727e+01 -1.4272780753427929e+02
1.3325766666666667e+00 8.5763220268070029e+01 -1.4276733993792951e+02
1.3335733333333335e+00 8.5905531436833769e+01 -1.4280691176184388e+02
1.3345700000000000e+00 8.6047882065179337e+01 -1.4284652304533992e+02
1.3355666666666668e+00 8.6190272192454444e+01 -1.4288617382776201e+02
1.3365633333333335e+00 8.6332701858045965e+01 -1.4292586414849674e+02
1.3375600000000001e+00 8.6475171101380013e+01 -1.4296559404694932e+02
1.3385566666666668e+00 8.6617679961922121e+01 -1.4300536356260281e+02
1.3395533333333334e+00 8.6760228479177059e+01 -1.4304517273498146e+02
1.3405500000000001e+00 8.6902816692689129e+01 -1.4308502160360780e+02
1.3415466666666669e+00 8.7045444642041957e+01 -1.4312491020806104e+02
1.3425433333333334e+00 8.7188112366858633e+01 -1.4316483858797440e+02
1.3435400000000002e+00 8.7330819906801850e+01 -1.4320480678300925e+02
1.3445366666666667e+00 8.7473567301573752e+01 -1.4324481483287514e+02
1.3455333333333335e+00 8.7616354590916174e+01 -1.4328486277730141e+02
1.3465300000000002e+00 8.7759181814610486e+01 -1.4332495065605974e+02
1.3475266666666668e+00 8.7902049012477718e+01 -1.4336507850899008e+02
1.3485233333333335e+00 8.8044956224378723e+01 -1.4340524637595340e+02
1.3495200000000001e+00 8.8187903490213984e+01 -1.4344545429684467e+02
1.3505166666666668e+00 8.8330890849923875e+01 -1.4348570231159991e+02
1.3515133333333336e+00 8.8473918343488506e+01 -1.4352599046021186e+02
1.3525100000000001e+00 8.8616986010927874e+01 -1.4356631878269150e+02
1.3535066666666669e+00 8.8760093892301938e+01 -1.4360668731909237e+02
1.3545033333333334e+00 8.8903242027710519e+01 -1.4364709610952329e+02
1.3555000000000001e+00 8.9046430457293511e+01 -1.4368754519412153e+02
1.3564966666666667e+00 8.9189659221230741e+01 -1.4372803461306725e+02
1.3574933333333334e+00 8.9332928359742212e+01 -1.4376856440658162e+02
1.3584900000000002e+00 8.9476237913087942e+01 -1.4380913461492838e+02
1.3594866666666667e+00 8.9619587921568097e+01 -1.4384974527840359e+02
1.3604833333333335e+00 8.9762978425523130e+01 -1.4389039643735308e+02
1.3614800000000000e+00 8.9906409465333581e+01 -1.4393108813214235e+02
1.3624766666666668e+00 9.0049881081420367e+01 -1.4397182040319208e+02
1.3634733333333335e+00 9.0193393314244645e+01 -1.4401259329098716e+02
1.3644700000000001e+00 9.0336946204307907e+01 -1.4405340683600892e+02
1.3654666666666668e+00 9.0480539792152129e+01 -1.4409426107880287e+02
1.3664633333333334e+00 9.0624174118359591e+01 -1.4413515605996261e+02
1.3674600000000001e+00 9.0767849223553171e+01 -1.4417609182010128e+02
1.3684566666666669e+00 9.0911565148396136e+01 -1.4421706839988207e+02
1.3694533333333334e+00 9.1055321933592325e+01 -1.4425808584000728e+02
1.3704500000000002e+00 9.1199119619886247e+01 -1.4429914418122200e+02
1.3714466666666667e+00 9.1342958248062914e+01 -1.4434024346431232e+02
1.3724433333333335e+00 9.1486837858948149e+01 -1.4438138373010531e+02
1.3734400000000002e+00 9.1630758493408365e+01 -1.4442256501947091e+02
1.3744366666666668e+00 9.1774720192350742e+01 -1.4446378737331096e+02
1.3754333333333335e+00 9.1918722996723361e+01 -1.4450505083257738e+02
1.3764300000000000e+00 9.2062766947514973e+01 -1.4454635543825586e+02
1.3774266666666668e+00 9.2206852085755358e+01 -1.4458770123137302e+02
1.3784233333333336e+00 9.2350978452515079e+01 -1.4462908825299851e+02
1.3794200000000001e+00 9.2495146088905685e+01 -1.4467051654425512e+02
1.3804166666666668e+00 9.2639355036079820e+01 -1.4471198614629441e+02
1.3814133333333334e+00 9.2783605335231016e+01 -1.4475349710029451e+02
1.3824100000000001e+00 9.2927897027594014e+01 -1.4479504944750306e+02
1.3834066666666669e+00 9.3072230154444583e+01 -1.4483664322918946e+02
1.3844033333333334e+00 9.3216604757099645e+01 -1.4487827848668306e+02
1.3854000000000002e+00 9.3361020876917422e+01 -1.4491995526133508e+02
1.3863966666666667e+00 9.3505478555297245e+01 -1.4496167359453051e+02
1.3873933333333335e+00 9.3649977833679841e+01 -1.4500343352772362e+02
1.3883900000000002e+00 9.3794518753547194e+01 -1.4504523510239770e+02
1.3893866666666668e+00 9.3939101356422640e+01 -1.4508707836007463e+02
1.3903833333333335e+00 9.4083725683871009e+01 -1.4512896334231235e+02
1.3913800000000001e+00 9.4228391777498459e+01 -1.4517089009073112e+02
1.3923766666666668e+00 9.4373099678952755e+01 -1.4521285864697245e+02
1.3933733333333334e+00 9.4517849429923075e+01 -1.4525486905271362e+02
1.3943700000000001e+00 9.4662641072140289e+01 -1.4529692134970122e+02
1.3953666666666669e+00 9.4807474647376779e+01 -1.4533901557969673e+02
1.3963633333333334e+00 9.4952350197446592e+01 -1.4538115178452128e+02
1.3973600000000002e+00 9.5097267764205569e+01 -1.4542333000603227e+02
1.3983566666666667e+00 9.5242227389551132e+01 -1.4546555028612084e+02
1.3993533333333334e+00 9.5387229115422642e+01 -1.4550781266672607e+02
1.4003500000000002e+00 9.5532272983801178e+01 -1.4555011718983755e+02
1.4013466666666667e+00 9.5677359036709660e+01 -1.4559246389746892e+02
1.4023433333333335e+00 9.5822487316213028e+01 -1.4563485283168433e+02
1.4033400000000000e+00 9.5967657864418044e+01 -1.4567728403460308e+02
1.4043366666666668e+00 9.6112870723473563e+01 -1.4571975754835663e+02
1.4053333333333335e+00 9.6258125935570391e+01 -1.4576227341514863e+02
1.4063300000000001e+00 9.6403423542941397e+01 -1.4580483167720641e+02
1.4073266666666668e+00 9.6548763587861657e+01 -1.4584743237681522e+02
1.4083233333333334e+00 9.6694146112648298e+01 -1.4589007555628677e+02
1.4093200000000001e+00 9.6839571159660750e+01 -1.4593276125796649e+02
1.4103166666666669e+00 9.6985038771300580e+01 -1.4597548952426476e+02
1.4113133333333334e+00 9.7130548990011633e+01 -1.4601826039762994e+02
1.4123100000000002e+00 9.7276101858280200e+01 -1.4606107392054679e+02
1.4133066666666667e+00 9.7421697418634807e+01 -1.4610393013554810e+02
1.4143033333333335e+00 9.7567335713646486e+01 -1.4614682908520030e+02
1.4153000000000002e+00 9.7713016785928659e+01 -1.4618977081210627e+02
1.4162966666666668e+00 9.7858740678137210e+01 -1.4623275535894246e+02
1.4172933333333335e+00 9.8004507432970684e+01 -1.4627578276840043e+02
1.4182900000000001e+00 9.8150317093170045e+01 -1.4631885308319829e+02
1.4192866666666668e+00 9.8296169701519020e+01 -1.4636196634615195e+02
1.4202833333333336e+00 9.8442065300843907e+01 -1.4640512260007827e+02
1.4212800000000001e+00 9.8588003934013699e+01 -1.4644832188783184e+02
1.4222766666666669e+00 9.8733985643940230e+01 -1.4649156425234665e+02
1.4232733333333334e+00 9.8880010473578011e+01 -1.4653484973655475e+02
1.4242700000000001e+00 9.9026078465924513e+01 -1.4657817838347864e+02
1.4252666666666669e+00 9.9172189664019967e+01 -1.4662155023614213e+02
1.4262633333333334e+00 9.9318344110947535e+01 -1.4666496533762063e+02
1.4272600000000002e+00 9.9464541849833438e+01 -1.4670842373105501e+02
1.4282566666666667e+00 9.9610782923846770e+01 -1.4675192545960533e+02
1.4292533333333335e+00 9.9757067376199785e+01 -1.4679547056649588e+02
1.4302500000000000e+00 9.9903395250147724e+01 -1.4683905909497233e+02
1.4312466666666668e+00 1.0004976658898909e+02 -1.4688269108834237e+02
1.4322433333333335e+00 1.0019618143606544e+02 -1.4692636658994357e+02
1.4332400000000001e+00 1.0034263983476158e+02 -1.4697008564314359e+02
1.4342366666666668e+00 1.0048914182850564e+02 -1.4701384829138266e+02
1.4352333333333334e+00 1.0063568746076893e+02 -1.4705765457814172e+02
1.4362300000000001e+00 1.0078227677506628e+02 -1.4710150454692811e+02
1.4372266666666669e+00 1.0092890981495576e+02 -1.4714539824130040e+02
1.4382233333333334e+00 1.0107558662403891e+02 -1.4718933570486149e+02
1.4392200000000002e+00 1.0122230724596083e+02 -1.4723331698124409e+02
1.4402166666666667e+00 1.0136907172441003e+02 -1.4727734211416441e+02
1.4412133333333335e+00 1.0151588010311869e+02 -1.4732141114732943e+02
1.4422100000000002e+00 1.0166273242586250e+02 -1.4736552412451871e+02
1.4432066666666667e+00 1.0180962873646082e+02 -1.4740968108955616e+02
1.4442033333333335e+00 1.0195656907877681e+02 -1.4745388208629549e+02
1.4452000000000000e+00 1.0210355349671720e+02 -1.4749812715867395e+02
1.4461966666666668e+00 1.0225058203423266e+02 -1.4754241635061229e+02
1.4471933333333336e+00 1.0239765473531760e+02 -1.4758674970610411e+02
1.4481900000000001e+00 1.0254477164401028e+02 -1.4763112726920843e+02
1.4491866666666668e+00 1.0269193280439298e+02 -1.4767554908399291e+02
1.4501833333333334e+00 1.0283913826059178e+02 -1.4772001519458010e+02
1.4511800000000001e+00 1.0298638805677693e+02 -1.4776452564515461e+02
1.4521766666666669e+00 1.0313368223716260e+02 -1.4780908047991679e+02
1.4531733333333334e+00 1.0328102084600707e+02 -1.4785367974312516e+02
1.4541700000000002e+00 1.0342840392761282e+02 -1.4789832347909706e+02
1.4551666666666667e+00 1.0357583152632641e+02 -1.4794301173216883e+02
1.4561633333333335e+00 1.0372330368653876e+02 -1.4798774454674597e+02
1.4571600000000002e+00 1.0387082045268491e+02 -1.4803252196723582e+02
1.4581566666666668e+00 1.0401838186924422e+02 -1.4807734403811773e+02
1.4591533333333335e+00 1.0416598798074054e+02 -1.4812221080395150e+02
1.4601500000000001e+00 1.0431363883174194e+02 -1.4816712230927308e+02
1.4611466666666668e+00 1.0446133446686110e+02 -1.4821207859870896e+02
1.4621433333333336e+00 1.0460907493075507e+02 -1.4825707971691602e+02
1.4631400000000001e+00 1.0475686026812542e+02 -1.4830212570858751e+02
1.4641366666666669e+00 1.0490469052371843e+02 -1.4834721661848275e+02
1.4651333333333334e+00 1.0505256574232482e+02 -1.4839235249137300e+02
1.4661300000000002e+00 1.0520048596878013e+02 -1.4843753337210805e+02
1.4671266666666667e+00 1.0534845124796448e+02 -1.4848275930556611e+02
1.4681233333333334e+00 1.0549646162480286e+02 -1.4852803033666598e+02
1.4691200000000002e+00 1.0564451714426500e+02 -1.4857334651039247e+02
1.4701166666666667e+00 1.0579261785136541e+02 -1.4861870787174539e+02
1.4711133333333335e+00 1.0594076379116362e+02 -1.4866411446579056e+02
1.4721100000000000e+00 1.0608895500876397e+02 -1.4870956633764149e+02
1.4731066666666668e+00 1.0623719154931591e+02 -1.4875506353242375e+02
1.4741033333333335e+00 1.0638547345801375e+02 -1.4880060609532893e+02
1.4751000000000001e+00 1.0653380078009694e+02 -1.4884619407163476e+02
1.4760966666666668e+00 1.0668217356085010e+02 -1.4889182750660683e+02
1.4770933333333334e+00 1.0683059184560291e+02 -1.4893750644555817e+02
1.4780900000000001e+00 1.0697905567973034e+02 -1.4898323093387808e+02
1.4790866666666669e+00 1.0712756510865253e+02 -1.4902900101699356e+02
1.4800833333333334e+00 1.0727612017783493e+02 -1.4907481674036765e+02
1.4810800000000002e+00 1.0742472093278839e+02 -1.4912067814949398e+02
1.4820766666666667e+00 1.0757336741906902e+02 -1.4916658528993517e+02
1.4830733333333335e+00 1.0772205968227848e+02 -1.4921253820730158e+02
1.4840700000000002e+00 1.0787079776806384e+02 -1.4925853694724117e+02
1.4850666666666668e+00 1.0801958172211765e+02 -1.4930458155544503e+02
1.4860633333333335e+00 1.0816841159017815e+02 -1.4935067207764928e+02
1.4870600000000000e+00 1.0831728741802904e+02 -1.4939680855963044e+02
1.4880566666666668e+00 1.0846620925149981e+02 -1.4944299104722685e+02
1.4890533333333336e+00 1.0861517713646553e+02 -1.4948921958630766e+02
1.4900500000000001e+00 1.0876419111884705e+02 -1.4953549422279912e+02
1.4910466666666669e+00 1.0891325124461109e+02 -1.4958181500267267e+02
1.4920433333333334e+00 1.0906235755977008e+02 -1.4962818197192578e+02
1.4930400000000001e+00 1.0921151011038245e+02 -1.4967459517661774e+02
1.4940366666666669e+00 1.0936070894255248e+02 -1.4972105466286743e+02
1.4950333333333334e+00 1.0950995410243041e+02 -1.4976756047683617e+02
1.4960300000000002e+00 1.0965924563621262e+02 -1.4981411266468794e+02
1.4970266666666667e+00 1.0980858359014138e+02 -1.4986071127266976e+02
1.4980233333333335e+00 1.0995796801050524e+02 -1.4990735634708329e+02
1.4990200000000002e+00 1.1010739894363878e+02 -1.4995404793426127e+02
1.5000166666666668e+00 1.1025687643592283e+02 -1.5000078608058604e+02
1.5010133333333335e+00 1.1040640053378452e+02 -1.5004757083247824e+02
1.5020100000000001e+00 1.1055597128369716e+02 -1.5009440223640587e+02
1.5030066666666668e+00 1.1070558873218054e+02 -1.5014128033892257e+02
1.5040033333333334e+00 1.1085525292580073e+02 -1.5018820518655343e+02
1.5050000000000001e+00 1.1100496391117028e+02 -1.5023517682590662e+02
1.5059966666666669e+00 1.1115472173494821e+02 -1.5028219530368571e+02
1.5069933333333334e+00 1.1130452644384003e+02 -1.5032926066656520e+02
1.5079900000000002e+00 1.1145437808459793e+02 -1.5037637296130089e+02
1.5089866666666667e+00 1.1160427670402059e+02 -1.5042353223469581e+02
1.5099833333333335e+00 1.1175422234895348e+02 -1.5047073853360052e+02
1.5109800000000002e+00 1.1190421506628867e+02 -1.5051799190489695e+02
1.5119766666666667e+00 1.1205425490296503e+02 -1.5056529239552327e+02
1.5129733333333335e+00 1.1220434190596829e+02 -1.5061264005246343e+02
1.5139700000000000e+00 1.1235447612233092e+02 -1.5066003492275570e+02
1.5149666666666668e+00 1.1250465759913243e+02 -1.5070747705349305e+02
1.5159633333333336e+00 1.1265488638349917e+02 -1.5075496649177850e+02
1.5169600000000001e+00 1.1280516252260448e+02 -1.5080250328479255e+02
1.5179566666666668e+00 1.1295548606366883e+02 -1.5085008747976863e+02
1.5189533333333334e+00 1.1310585705395967e+02 -1.5089771912396603e+02
1.5199500000000001e+00 1.1325627554079169e+02 -1.5094539826469162e+02
1.5209466666666669e+00 1.1340674157152668e+02 -1.5099312494929799e+02
1.5219433333333334e+00 1.1355725519357362e+02 -1.5104089922521504e+02
1.5229400000000002e+00 1.1370781645438892e+02 -1.5108872113990441e+02
1.5239366666666667e+00 1.1385842540147614e+02 -1.5113659074086070e+02
1.5249333333333335e+00 1.1400908208238637e+02 -1.5118450807562593e+02
1.5259300000000002e+00 1.1415978654471799e+02 -1.5123247319180231e+02
1.5269266666666668e+00 1.1431053883611683e+02 -1.5128048613703356e+02
1.5279233333333335e+00 1.1446133900427638e+02 -1.5132854695903083e+02
1.5289200000000001e+00 1.1461218709693753e+02 -1.5137665570551690e+02
1.5299166666666668e+00 1.1476308316188889e+02 -1.5142481242427615e+02
1.5309133333333336e+00 1.1491402724696664e+02 -1.5147301716317460e+02
1.5319100000000001e+00 1.1506501940005468e+02 -1.5152126997006272e+02
1.5329066666666669e+00 1.1521605966908473e+02 -1.5156957089287977e+02
1.5339033333333334e+00 1.1536714810203617e+02 -1.5161791997961942e+02
1.5349000000000002e+00 1.1551828474693637e+02 -1.5166631727829414e+02
1.5358966666666669e+00 1.1566946965186051e+02 -1.5171476283699829e+02
1.5368933333333334e+00 1.1582070286493168e+02 -1.5176325670384591e+02
1.5378900000000002e+00 1.1597198443432104e+02 -1.5181179892697591e+02
1.5388866666666667e+00 1.1612331440824769e+02 -1.5186038955464585e+02
1.5398833333333335e+00 1.1627469283497895e+02 -1.5190902863512474e+02
1.5408800000000002e+00 1.1642611976283013e+02 -1.5195771621670661e+02
1.5418766666666668e+00 1.1657759524016474e+02 -1.5200645234776925e+02
1.5428733333333335e+00 1.1672911931539463e+02 -1.5205523707672967e+02
1.5438700000000001e+00 1.1688069203697977e+02 -1.5210407045202359e+02
1.5448666666666668e+00 1.1703231345342859e+02 -1.5215295252216509e+02
1.5458633333333334e+00 1.1718398361329776e+02 -1.5220188333573250e+02
1.5468600000000001e+00 1.1733570256519249e+02 -1.5225086294130855e+02
1.5478566666666669e+00 1.1748747035776640e+02 -1.5229989138756520e+02
1.5488533333333334e+00 1.1763928703972158e+02 -1.5234896872320093e+02
1.5498500000000002e+00 1.1779115265980880e+02 -1.5239809499694653e+02
1.5508466666666667e+00 1.1794306726682731e+02 -1.5244727025762967e+02
1.5518433333333335e+00 1.1809503090962517e+02 -1.5249649455408272e+02
1.5528400000000002e+00 1.1824704363709900e+02 -1.5254576793519149e+02
1.5538366666666668e+00 1.1839910549819422e+02 -1.5259509044991827e+02
1.5548333333333335e+00 1.1855121654190515e+02 -1.5264446214725038e+02
1.5558300000000000e+00 1.1870337681727483e+02 -1.5269388307624382e+02
1.5568266666666668e+00 1.1885558637339535e+02 -1.5274335328598028e+02
1.5578233333333336e+00 1.1900784525940763e+02 -1.5279287282559525e+02
1.5588200000000001e+00 1.1916015352450160e+02 -1.5284244174428619e+02
1.5598166666666669e+00 1.1931251121791634e+02 -1.5289206009128998e+02
1.5608133333333334e+00 1.1946491838893989e+02 -1.5294172791589074e+02
1.5618100000000001e+00 1.1961737508690959e+02 -1.5299144526743387e+02
1.5628066666666669e+00 1.1976988136121186e+02 -1.5304121219529745e+02
1.5638033333333334e+00 1.1992243726128237e+02 -1.5309102874892113e+02
1.5648000000000002e+00 1.2007504283660620e+02 -1.5314089497780571e+02
1.5657966666666667e+00 1.2022769813671763e+02 -1.5319081093145618e+02
1.5667933333333335e+00 1.2038040321120046e+02 -1.5324077665947473e+02
1.5677900000000002e+00 1.2053315810968783e+02 -1.5329079221148888e+02
1.5687866666666668e+00 1.2068596288186239e+02 -1.5334085763718065e+02
1.5697833333333335e+00 1.2083881757745644e+02 -1.5339097298627902e+02
1.5707800000000001e+00 1.2099172224625168e+02 -1.5344113830857415e+02
1.5717766666666668e+00 1.2114467693807967e+02 -1.5349135365390345e+02
1.5727733333333336e+00 1.2129768170282149e+02 -1.5354161907212978e+02
1.5737700000000001e+00 1.2145073659040800e+02 -1.5359193461319893e+02
1.5747666666666669e+00 1.2160384165081992e+02 -1.5364230032708932e+02
1.5757633333333334e+00 1.2175699693408770e+02 -1.5369271626381928e+02
1.5767600000000002e+00 1.2191020249029179e+02 -1.5374318247346858e+02
1.5777566666666669e+00 1.2206345836956250e+02 -1.5379369900618542e+02
1.5787533333333335e+00 1.2221676462208012e+02 -1.5384426591215063e+02
1.5797500000000002e+00 1.2237012129807508e+02 -1.5389488324157804e+02
1.5807466666666667e+00 1.2252352844782774e+02 -1.5394555104474969e+02
1.5817433333333335e+00 1.2267698612166878e+02 -1.5399626937200489e+02
1.5827400000000000e+00 1.2283049436997888e+02 -1.5404703827373271e+02
1.5837366666666668e+00 1.2298405324318914e+02 -1.5409785780034790e+02
1.5847333333333335e+00 1.2313766279178081e+02 -1.5414872800232669e+02
1.5857300000000001e+00 1.2329132306628550e+02 -1.5419964893020631e+02
1.5867266666666668e+00 1.2344503411728530e+02 -1.5425062063458554e+02
1.5877233333333334e+00 1.2359879599541262e+02 -1.5430164316608162e+02
1.5887200000000001e+00 1.2375260875135045e+02 -1.5435271657538016e+02
1.5897166666666669e+00 1.2390647243583228e+02 -1.5440384091322122e+02
1.5907133333333334e+00 1.2406038709964216e+02 -1.5445501623037728e+02
1.5917100000000002e+00 1.2421435279361485e+02 -1.5450624257768948e+02
1.5927066666666667e+00 1.2436836956863571e+02 -1.5455752000603169e+02
1.5937033333333335e+00 1.2452243747564097e+02 -1.5460884856635332e+02
1.5947000000000002e+00 1.2467655656561753e+02 -1.5466022830965125e+02
1.5956966666666668e+00 1.2483072688960314e+02 -1.5471165928694012e+02
1.5966933333333335e+00 1.2498494849868655e+02 -1.5476314154931075e+02
1.5976900000000001e+00 1.2513922144400732e+02 -1.5481467514792206e+02
1.5986866666666668e+00 1.2529354577675615e+02 -1.5486626013396585e+02
1.5996833333333336e+00 1.2544792154817465e+02 -1.5491789655866015e+02
1.6006800000000001e+00 1.2560234880955555e+02 -1.5496958447329035e+02
1.6016766666666669e+00 1.2575682761224282e+02 -1.5502132392923249e+02
1.6026733333333334e+00 1.2591135800763151e+02 -1.5507311497787367e+02
1.6036700000000002e+00 1.2606594004716803e+02 -1.5512495767064806e+02
1.6046666666666669e+00 1.2622057378235002e+02 -1.5517685205906599e+02
1.6056633333333334e+00 1.2637525926472644e+02 -1.5522879819466951e+02
1.6066600000000002e+00 1.2652999654589777e+02 -1.5528079612906268e+02
1.6076566666666667e+00 1.2668478567751582e+02 -1.5533284591388943e+02
1.6086533333333335e+00 1.2683962671128401e+02 -1.5538494760084754e+02
1.6096500000000002e+00 1.2699451969895723e+02 -1.5543710124171122e+02
1.6106466666666668e+00 1.2714946469234199e+02 -1.5548930688827915e+02
1.6116433333333335e+00 1.2730446174329656e+02 -1.5554156459241210e+02
1.6126400000000001e+00 1.2745951090373076e+02 -1.5559387440601768e+02
1.6136366666666668e+00 1.2761461222560632e+02 -1.5564623638104320e+02
1.6146333333333336e+00 1.2776976576093671e+02 -1.5569865056952673e+02
1.6156300000000001e+00 1.2792497156178723e+02 -1.5575111702353780e+02
1.6166266666666669e+00 1.2808022968027524e+02 -1.5580363579515108e+02
1.6176233333333334e+00 1.2823554016856986e+02 -1.5585620693655932e+02
1.6186200000000002e+00 1.2839090307889242e+02 -1.5590883050000528e+02
1.6196166666666667e+00 1.2854631846351620e+02 -1.5596150653773870e+02
1.6206133333333335e+00 1.2870178637476673e+02 -1.5601423510209904e+02
1.6216100000000002e+00 1.2885730686502160e+02 -1.5606701624545238e+02
1.6226066666666668e+00 1.2901287998671063e+02 -1.5611985002021751e+02
1.6236033333333335e+00 1.2916850579231604e+02 -1.5617273647889681e+02
1.6246000000000000e+00 1.2932418433437223e+02 -1.5622567567403240e+02
1.6255966666666668e+00 1.2947991566546614e+02 -1.5627866765819186e+02
1.6265933333333336e+00 1.2963569983823700e+02 -1.5633171248399793e+02
1.6275900000000001e+00 1.2979153690537660e+02 -1.5638481020418300e+02
1.6285866666666668e+00 1.2994742691962932e+02 -1.5643796087147766e+02
1.6295833333333334e+00 1.3010336993379201e+02 -1.5649116453866645e+02
1.6305800000000001e+00 1.3025936600071432e+02 -1.5654442125861630e+02
1.6315766666666669e+00 1.3041541517329850e+02 -1.5659773108420671e+02
1.6325733333333334e+00 1.3057151750449952e+02 -1.5665109406839807e+02
1.6335700000000002e+00 1.3072767304732531e+02 -1.5670451026423478e+02
1.6345666666666667e+00 1.3088388185483646e+02 -1.5675797972472941e+02
1.6355633333333335e+00 1.3104014398014664e+02 -1.5681150250300550e+02
1.6365600000000002e+00 1.3119645947642235e+02 -1.5686507865225647e+02
1.6375566666666668e+00 1.3135282839688315e+02 -1.5691870822568490e+02
1.6385533333333335e+00 1.3150925079480180e+02 -1.5697239127656337e+02
1.6395500000000001e+00 1.3166572672350395e+02 -1.5702612785820384e+02
1.6405466666666668e+00 1.3182225623636859e+02 -1.5707991802398655e+02
1.6415433333333336e+00 1.3197883938682787e+02 -1.5713376182737582e+02
1.6425400000000001e+00 1.3213547622836722e+02 -1.5718765932184516e+02
1.6435366666666669e+00 1.3229216681452547e+02 -1.5724161056090946e+02
1.6445333333333334e+00 1.3244891119889473e+02 -1.5729561559819450e+02
1.6455300000000002e+00 1.3260570943512070e+02 -1.5734967448730856e+02
1.6465266666666669e+00 1.3276256157690241e+02 -1.5740378728197263e+02
1.6475233333333335e+00 1.3291946767799249e+02 -1.5745795403594542e+02
1.6485200000000002e+00 1.3307642779219725e+02 -1.5751217480301267e+02
1.6495166666666667e+00 1.3323344197337653e+02 -1.5756644963705682e+02
1.6505133333333335e+00 1.3339051027544400e+02 -1.5762077859197129e+02
1.6515100000000003e+00 1.3354763275236701e+02 -1.5767516172173387e+02
1.6525066666666668e+00 1.3370480945816669e+02 -1.5772959908037396e+02
1.6535033333333335e+00 1.3386204044691820e+02 -1.5778409072194842e+02
1.6545000000000001e+00 1.3401932577275042e+02 -1.5783863670061046e+02
1.6554966666666668e+00 1.3417666548984639e+02 -1.5789323707051352e+02
1.6564933333333334e+00 1.3433405965244299e+02 -1.5794789188589638e+02
1.6574900000000001e+00 1.3449150831483135e+02 -1.5800260120108018e+02
1.6584866666666669e+00 1.3464901153135665e+02 -1.5805736507038509e+02
1.6594833333333334e+00 1.3480656935641824e+02 -1.5811218354822529e+02
1.6604800000000002e+00 1.3496418184446983e+02 -1.5816705668905689e+02
1.6614766666666667e+00 1.3512184905001931e+02 -1.5822198454736113e+02
1.6624733333333335e+00 1.3527957102762898e+02 -1.5827696717771576e+02
1.6634700000000002e+00 1.3543734783191553e+02 -1.5833200463475470e+02
1.6644666666666668e+00 1.3559517951755009e+02 -1.5838709697310603e+02
1.6654633333333335e+00 1.3575306613925841e+02 -1.5844224424753941e+02
1.6664600000000001e+00 1.3591100775182062e+02 -1.5849744651282137e+02
1.6674566666666668e+00 1.3606900441007170e+02 -1.5855270382377191e+02
1.6684533333333336e+00 1.3622705616890116e+02 -1.5860801623531037e+02
1.6694500000000001e+00 1.3638516308325325e+02 -1.5866338380234967e+02
1.6704466666666669e+00 1.3654332520812707e+02 -1.5871880657990218e+02
1.6714433333333334e+00 1.3670154259857651e+02 -1.5877428462301935e+02
1.6724400000000001e+00 1.3685981530971043e+02 -1.5882981798682073e+02
1.6734366666666669e+00 1.3701814339669255e+02 -1.5888540672646803e+02
1.6744333333333334e+00 1.3717652691474163e+02 -1.5894105089715939e+02
1.6754300000000002e+00 1.3733496591913155e+02 -1.5899675055417799e+02
1.6764266666666667e+00 1.3749346046519119e+02 -1.5905250575286050e+02
1.6774233333333335e+00 1.3765201060830478e+02 -1.5910831654859737e+02
1.6784200000000002e+00 1.3781061640391161e+02 -1.5916418299683551e+02
1.6794166666666668e+00 1.3796927790750627e+02 -1.5922010515302964e+02
1.6804133333333335e+00 1.3812799517463878e+02 -1.5927608307273383e+02
1.6814100000000001e+00 1.3828676826091444e+02 -1.5933211681159858e+02
1.6824066666666668e+00 1.3844559722199418e+02 -1.5938820642527082e+02
1.6834033333333336e+00 1.3860448211359423e+02 -1.5944435196944005e+02
1.6844000000000001e+00 1.3876342299148641e+02 -1.5950055349987448e+02
1.6853966666666669e+00 1.3892241991149828e+02 -1.5955681107244203e+02
1.6863933333333334e+00 1.3908147292951296e+02 -1.5961312474300695e+02
1.6873900000000002e+00 1.3924058210146936e+02 -1.5966949456748705e+02
1.6883866666666669e+00 1.3939974748336212e+02 -1.5972592060191417e+02
1.6893833333333335e+00 1.3955896913124170e+02 -1.5978240290231315e+02
1.6903800000000002e+00 1.3971824710121456e+02 -1.5983894152477990e+02
1.6913766666666668e+00 1.3987758144944294e+02 -1.5989553652550671e+02
1.6923733333333335e+00 1.4003697223214525e+02 -1.5995218796070017e+02
1.6933700000000000e+00 1.4019641950559580e+02 -1.6000889588662378e+02
1.6943666666666668e+00 1.4035592332612521e+02 -1.6006566035963738e+02
1.6953633333333336e+00 1.4051548375012010e+02 -1.6012248143610083e+02
1.6963600000000001e+00 1.4067510083402334e+02 -1.6017935917243793e+02
1.6973566666666668e+00 1.4083477463433417e+02 -1.6023629362520117e+02
1.6983533333333334e+00 1.4099450520760809e+02 -1.6029328485091060e+02
1.6993500000000001e+00 1.4115429261045705e+02 -1.6035033290618270e+02
1.7003466666666669e+00 1.4131413689954942e+02 -1.6040743784770538e+02
1.7013433333333334e+00 1.4147403813161003e+02 -1.6046459973215912e+02
1.7023400000000002e+00 1.4163399636342041e+02 -1.6052181861638141e+02
1.7033366666666667e+00 1.4179401165181855e+02 -1.6057909455717760e+02
1.7043333333333335e+00 1.4195408405369926e+02 -1.6063642761143495e+02
1.7053300000000002e+00 1.4211421362601399e+02 -1.6069381783612678e+02
1.7063266666666668e+00 1.4227440042577095e+02 -1.6075126528823273e+02
1.7073233333333335e+00 1.4243464451003533e+02 -1.6080877002484701e+02
1.7083200000000001e+00 1.4259494593592905e+02 -1.6086633210308875e+02
1.7093166666666668e+00 1.4275530476063122e+02 -1.6092395158015887e+02
1.7103133333333336e+00 1.4291572104137779e+02 -1.6098162851324449e+02
1.7113100000000001e+00 1.4307619483546176e+02 -1.6103936295962470e+02
1.7123066666666669e+00 1.4323672620023336e+02 -1.6109715497669325e+02
1.7133033333333334e+00 1.4339731519309996e+02 -1.6115500462186853e+02
1.7143000000000002e+00 1.4355796187152623e+02 -1.6121291195259391e+02
1.7152966666666669e+00 1.4371866629303409e+02 -1.6127087702638451e+02
1.7162933333333334e+00 1.4387942851520279e+02 -1.6132889990083308e+02
1.7172900000000002e+00 1.4404024859566911e+02 -1.6138698063356145e+02
1.7182866666666667e+00 1.4420112659212717e+02 -1.6144511928228746e+02
1.7192833333333335e+00 1.4436206256232870e+02 -1.6150331590472538e+02
1.7202800000000003e+00 1.4452305656408299e+02 -1.6156157055870412e+02
1.7212766666666668e+00 1.4468410865525695e+02 -1.6161988330212998e+02
1.7222733333333335e+00 1.4484521889377530e+02 -1.6167825419286717e+02
1.7232700000000001e+00 1.4500638733762034e+02 -1.6173668328889033e+02
1.7242666666666668e+00 1.4516761404483239e+02 -1.6179517064832709e+02
1.7252633333333336e+00 1.4532889907350955e+02 -1.6185371632922033e+02
1.7262600000000001e+00 1.4549024248180777e+02 -1.6191232038969014e+02
1.7272566666666669e+00 1.4565164432794117e+02 -1.6197098288800007e+02
1.7282533333333334e+00 1.4581310467018173e+02 -1.6202970388239552e+02
1.7292500000000002e+00 1.4597462356685969e+02 -1.6208848343123611e+02
1.7302466666666667e+00 1.4613620107636336e+02 -1.6214732159288133e+02
1.7312433333333335e+00 1.4629783725713935e+02 -1.6220621842578677e+02
1.7322400000000002e+00 1.4645953216769249e+02 -1.6226517398848026e+02
1.7332366666666668e+00 1.4662128586658591e+02 -1.6232418833950945e+02
1.7342333333333335e+00 1.4678309841244129e+02 -1.6238326153748014e+02
1.7352300000000001e+00 1.4694496986393858e+02 -1.6244239364105127e+02
1.7362266666666668e+00 1.4710690027981639e+02 -1.6250158470903480e+02
1.7372233333333336e+00 1.4726888971887183e+02 -1.6256083480018688e+02
1.7382200000000001e+00 1.4743093823996062e+02 -1.6262014397334016e+02
1.7392166666666669e+00 1.4759304590199727e+02 -1.6267951228744275e+02
1.7402133333333334e+00 1.4775521276395486e+02 -1.6273893980142446e+02
1.7412100000000001e+00 1.4791743888486550e+02 -1.6279842657441091e+02
1.7422066666666669e+00 1.4807972432382005e+02 -1.6285797266544347e+02
1.7432033333333334e+00 1.4824206913996821e+02 -1.6291757813356867e+02
1.7442000000000002e+00 1.4840447339251878e+02 -1.6297724303811941e+02
1.7451966666666667e+00 1.4856693714073955e+02 -1.6303696743839643e+02
1.7461933333333335e+00 1.4872946044395752e+02 -1.6309675139359661e+02
1.7471900000000002e+00 1.4889204336155865e+02 -1.6315659496316053e+02
1.7481866666666668e+00 1.4905468595298822e+02 -1.6321649820661943e+02
1.7491833333333335e+00 1.4921738827775090e+02 -1.6327646118336347e+02
1.7501800000000001e+00 1.4938015039541045e+02 -1.6333648395293551e+02
1.7511766666666668e+00 1.4954297236559026e+02 -1.6339656657508851e+02
1.7521733333333336e+00 1.4970585424797306e+02 -1.6345670910943446e+02
1.7531700000000001e+00 1.4986879610230105e+02 -1.6351691161566117e+02
1.7541666666666669e+00 1.5003179798837613e+02 -1.6357717415367210e+02
1.7551633333333334e+00 1.5019485996605968e+02 -1.6363749678329543e+02
1.7561600000000002e+00 1.5035798209527297e+02 -1.6369787956439814e+02
1.7571566666666669e+00 1.5052116443599681e+02 -1.6375832255700561e+02
1.7581533333333335e+00 1.5068440704827194e+02 -1.6381882582120500e+02
1.7591500000000002e+00 1.5084770999219899e+02 -1.6387938941701384e+02
1.7601466666666667e+00 1.5101107332793839e+02 -1.6394001340457388e+02
1.7611433333333335e+00 1.5117449711571072e+02 -1.6400069784423690e+02
1.7621400000000003e+00 1.5133798141579655e+02 -1.6406144279621378e+02
1.7631366666666668e+00 1.5150152628853647e+02 -1.6412224832074841e+02
1.7641333333333336e+00 1.5166513179433136e+02 -1.6418311447835740e+02
1.7651300000000001e+00 1.5182879799364227e+02 -1.6424404132952466e+02
1.7661266666666668e+00 1.5199252494699061e+02 -1.6430502893467329e+02
1.7671233333333336e+00 1.5215631271495803e+02 -1.6436607735442772e+02
1.7681200000000001e+00 1.5232016135818662e+02 -1.6442718664948802e+02
1.7691166666666669e+00 1.5248407093737907e+02 -1.6448835688047060e+02
1.7701133333333334e+00 1.5264804151329838e+02 -1.6454958810813039e+02
1.7711100000000002e+00 1.5281207314676831e+02 -1.6461088039335070e+02
1.7721066666666667e+00 1.5297616589867317e+02 -1.6467223379704325e+02
1.7731033333333335e+00 1.5314031982995812e+02 -1.6473364838007308e+02
1.7741000000000002e+00 1.5330453500162892e+02 -1.6479512420346398e+02
1.7750966666666668e+00 1.5346881147475224e+02 -1.6485666132834365e+02
1.7760933333333335e+00 1.5363314931045574e+02 -1.6491825981575630e+02
1.7770900000000001e+00 1.5379754856992781e+02 -1.6497991972692731e+02
1.7780866666666668e+00 1.5396200931441811e+02 -1.6504164112313521e+02
1.7790833333333336e+00 1.5412653160523720e+02 -1.6510342406563205e+02
1.7800800000000001e+00 1.5429111550375677e+02 -1.6516526861580198e+02
1.7810766666666669e+00 1.5445576107140982e+02 -1.6522717483513131e+02
1.7820733333333334e+00 1.5462046836969057e+02 -1.6528914278511638e+02
1.7830700000000002e+00 1.5478523746015455e+02 -1.6535117252720676e+02
1.7840666666666669e+00 1.5495006840441863e+02 -1.6541326412309652e+02
1.7850633333333334e+00 1.5511496126416114e+02 -1.6547541763449780e+02
1.7860600000000002e+00 1.5527991610112201e+02 -1.6553763312308226e+02
1.7870566666666667e+00 1.5544493297710255e+02 -1.6559991065064568e+02
1.7880533333333335e+00 1.5561001195396591e+02 -1.6566225027912219e+02
1.7890500000000003e+00 1.5577515309363676e+02 -1.6572465207040588e+02
1.7900466666666668e+00 1.5594035645810155e+02 -1.6578711608642246e+02
1.7910433333333335e+00 1.5610562210940864e+02 -1.6584964238929987e+02
1.7920400000000001e+00 1.5627095010966812e+02 -1.6591223104116190e+02
1.7930366666666668e+00 1.5643634052105219e+02 -1.6597488210409963e+02
1.7940333333333336e+00 1.5660179340579487e+02 -1.6603759564036341e+02
1.7950300000000001e+00 1.5676730882619228e+02 -1.6610037171232105e+02
1.7960266666666669e+00 1.5693288684460276e+02 -1.6616321038224319e+02
1.7970233333333334e+00 1.5709852752344665e+02 -1.6622611171258140e+02
1.7980200000000002e+00 1.5726423092520676e+02 -1.6628907576586877e+02
1.7990166666666669e+00 1.5742999711242805e+02 -1.6635210260458399e+02
1.8000133333333335e+00 1.5759582614771784e+02 -1.6641519229133704e+02
1.8010100000000002e+00 1.5776171809374597e+02 -1.6647834488884061e+02
1.8020066666666668e+00 1.5792767301324471e+02 -1.6654156045983149e+02
1.8030033333333335e+00 1.5809369096900897e+02 -1.6660483906705653e+02
1.8040000000000003e+00 1.5825977202389615e+02 -1.6666818077336535e+02
1.8049966666666668e+00 1.5842591624082633e+02 -1.6673158564175276e+02
1.8059933333333336e+00 1.5859212368278250e+02 -1.6679505373514530e+02
1.8069900000000001e+00 1.5875839441281025e+02 -1.6685858511656505e+02
1.8079866666666669e+00 1.5892472849401818e+02 -1.6692217984917656e+02
1.8089833333333334e+00 1.5909112598957776e+02 -1.6698583799617299e+02
1.8099800000000001e+00 1.5925758696272351e+02 -1.6704955962070042e+02
1.8109766666666669e+00 1.5942411147675290e+02 -1.6711334478607898e+02
1.8119733333333334e+00 1.5959069959502656e+02 -1.6717719355574545e+02
1.8129700000000002e+00 1.5975735138096840e+02 -1.6724110599305416e+02
1.8139666666666667e+00 1.5992406689806538e+02 -1.6730508216146916e+02
1.8149633333333335e+00 1.6009084620986795e+02 -1.6736912212460700e+02
1.8159600000000002e+00 1.6025768937998987e+02 -1.6743322594608736e+02
1.8169566666666668e+00 1.6042459647210825e+02 -1.6749739368948954e+02
1.8179533333333335e+00 1.6059156754996383e+02 -1.6756162541863836e+02
1.8189500000000001e+00 1.6075860267736078e+02 -1.6762592119739713e+02
1.8199466666666668e+00 1.6092570191816711e+02 -1.6769028108948217e+02
1.8209433333333336e+00 1.6109286533631422e+02 -1.6775470515886968e+02
1.8219400000000001e+00 1.6126009299579741e+02 -1.6781919346965225e+02
1.8229366666666669e+00 1.6142738496067588e+02 -1.6788374608579733e+02
1.8239333333333334e+00 1.6159474129507254e+02 -1.6794836307141051e+02
1.8249300000000002e+00 1.6176216206317437e+02 -1.6801304449077836e+02
1.8259266666666669e+00 1.6192964732923232e+02 -1.6807779040807711e+02
1.8269233333333335e+00 1.6209719715756131e+02 -1.6814260088758425e+02
1.8279200000000002e+00 1.6226481161254054e+02 -1.6820747599378075e+02
1.8289166666666667e+00 1.6243249075861331e+02 -1.6827241579107158e+02
1.8299133333333335e+00 1.6260023466028727e+02 -1.6833742034391452e+02
1.8309100000000003e+00 1.6276804338213427e+02 -1.6840248971694189e+02
1.8319066666666668e+00 1.6293591698879064e+02 -1.6846762397480205e+02
1.8329033333333336e+00 1.6310385554495718e+02 -1.6853282318211842e+02
1.8339000000000001e+00 1.6327185911539908e+02 -1.6859808740368106e+02
1.8348966666666668e+00 1.6343992776494628e+02 -1.6866341670437541e+02
1.8358933333333336e+00 1.6360806155849326e+02 -1.6872881114906204e+02
1.8368900000000001e+00 1.6377626056099919e+02 -1.6879427080266007e+02
1.8378866666666669e+00 1.6394452483748810e+02 -1.6885979573026353e+02
1.8388833333333334e+00 1.6411285445304881e+02 -1.6892538599694765e+02
1.8398800000000002e+00 1.6428124947283510e+02 -1.6899104166781166e+02
1.8408766666666669e+00 1.6444970996206561e+02 -1.6905676280811556e+02
1.8418733333333335e+00 1.6461823598602408e+02 -1.6912254948317758e+02
1.8428700000000002e+00 1.6478682761005942e+02 -1.6918840175826284e+02
1.8438666666666668e+00 1.6495548489958549e+02 -1.6925431969878875e+02
1.8448633333333335e+00 1.6512420792008160e+02 -1.6932030337032967e+02
1.8458600000000001e+00 1.6529299673709227e+02 -1.6938635283840281e+02
1.8468566666666668e+00 1.6546185141622740e+02 -1.6945246816853518e+02
1.8478533333333336e+00 1.6563077202316225e+02 -1.6951864942645722e+02
1.8488500000000001e+00 1.6579975862363759e+02 -1.6958489667795774e+02
1.8498466666666669e+00 1.6596881128345984e+02 -1.6965120998877245e+02
1.8508433333333334e+00 1.6613793006850091e+02 -1.6971758942476072e+02
1.8518400000000002e+00 1.6630711504469849e+02 -1.6978403505194842e+02
1.8528366666666669e+00 1.6647636627805596e+02 -1.6985054693626617e+02
1.8538333333333334e+00 1.6664568383464248e+02 -1.6991712514375888e+02
1.8548300000000002e+00 1.6681506778059324e+02 -1.6998376974066153e+02
1.8558266666666667e+00 1.6698451818210921e+02 -1.7005048079313289e+02
1.8568233333333335e+00 1.6715403510545755e+02 -1.7011725836738424e+02
1.8578200000000002e+00 1.6732361861697132e+02 -1.7018410252977381e+02
1.8588166666666668e+00 1.6749326878304979e+02 -1.7025101334677444e+02
1.8598133333333335e+00 1.6766298567015852e+02 -1.7031799088477780e+02
1.8608100000000001e+00 1.6783276934482922e+02 -1.7038503521028491e+02
1.8618066666666668e+00 1.6800261987366002e+02 -1.7045214638999181e+02
1.8628033333333336e+00 1.6817253732331551e+02 -1.7051932449052779e+02
1.8638000000000001e+00 1.6834252176052658e+02 -1.7058656957853665e+02
1.8647966666666669e+00 1.6851257325209082e+02 -1.7065388172092332e+02
1.8657933333333334e+00 1.6868269186487237e+02 -1.7072126098458821e+02
1.8667900000000002e+00 1.6885287766580214e+02 -1.7078870743631276e+02
1.8677866666666669e+00 1.6902313072187758e+02 -1.7085622114313986e+02
1.8687833333333335e+00 1.6919345110016306e+02 -1.7092380217225499e+02
1.8697800000000002e+00 1.6936383886778992e+02 -1.7099145059067737e+02
1.8707766666666668e+00 1.6953429409195627e+02 -1.7105916646557816e+02
1.8717733333333335e+00 1.6970481683992736e+02 -1.7112694986432331e+02
1.8727700000000003e+00 1.6987540717903545e+02 -1.7119480085421264e+02
1.8737666666666668e+00 1.7004606517667989e+02 -1.7126271950255978e+02
1.8747633333333336e+00 1.7021679090032734e+02 -1.7133070587691142e+02
1.8757600000000001e+00 1.7038758441751168e+02 -1.7139876004485234e+02
1.8767566666666669e+00 1.7055844579583419e+02 -1.7146688207386254e+02
1.8777533333333336e+00 1.7072937510296347e+02 -1.7153507203168388e+02
1.8787500000000001e+00 1.7090037240663563e+02 -1.7160332998607191e+02
1.8797466666666669e+00 1.7107143777465441e+02 -1.7167165600475874e+02
1.8807433333333334e+00 1.7124257127489099e+02 -1.7174005015562858e+02
1.8817400000000002e+00 1.7141377297528439e+02 -1.7180851250667953e+02
1.8827366666666667e+00 1.7158504294384127e+02 -1.7187704312592419e+02
1.8837333333333335e+00 1.7175638124863622e+02 -1.7194564208131300e+02
1.8847300000000002e+00 1.7192778795781157e+02 -1.7201430944110120e+02
1.8857266666666668e+00 1.7209926313957769e+02 -1.7208304527352908e+02
1.8867233333333335e+00 1.7227080686221296e+02 -1.7215184964675655e+02
1.8877200000000001e+00 1.7244241919406377e+02 -1.7222072262916674e+02
1.8887166666666668e+00 1.7261410020354481e+02 -1.7228966428925199e+02
1.8897133333333336e+00 1.7278584995913886e+02 -1.7235867469542467e+02
1.8907100000000001e+00 1.7295766852939695e+02 -1.7242775391619551e+02
1.8917066666666669e+00 1.7312955598293865e+02 -1.7249690202029501e+02
1.8927033333333334e+00 1.7330151238845181e+02 -1.7256611907639146e+02
1.8937000000000002e+00 1.7347353781469286e+02 -1.7263540515313403e+02
1.8946966666666669e+00 1.7364563233048671e+02 -1.7270476031941973e+02
1.8956933333333335e+00 1.7381779600472689e+02 -1.7277418464420154e+02
1.8966900000000002e+00 1.7399002890637578e+02 -1.7284367819633815e+02
1.8976866666666667e+00 1.7416233110446430e+02 -1.7291324104488280e+02
1.8986833333333335e+00 1.7433470266809243e+02 -1.7298287325901219e+02
1.8996800000000003e+00 1.7450714366642893e+02 -1.7305257490782327e+02
1.9006766666666668e+00 1.7467965416871147e+02 -1.7312234606052525e+02
1.9016733333333335e+00 1.7485223424424692e+02 -1.7319218678650452e+02
1.9026700000000001e+00 1.7502488396241114e+02 -1.7326209715514233e+02
1.9036666666666668e+00 1.7519760339264931e+02 -1.7333207723578647e+02
1.9046633333333336e+00 1.7537039260447565e+02 -1.7340212709799013e+02
1.9056600000000001e+00 1.7554325166747381e+02 -1.7347224681141878e+02
1.9066566666666669e+00 1.7571618065129692e+02 -1.7354243644564423e+02
1.9076533333333334e+00 1.7588917962566737e+02 -1.7361269607034711e+02
1.9086500000000002e+00 1.7606224866037724e+02 -1.7368302575544541e+02
1.9096466666666669e+00 1.7623538782528814e+02 -1.7375342557073495e+02
1.9106433333333335e+00 1.7640859719033125e+02 -1.7382389558606650e+02
1.9116400000000002e+00 1.7658187682550766e+02 -1.7389443587158200e+02
1.9126366666666668e+00 1.7675522680088815e+02 -1.7396504649733311e+02
1.9136333333333335e+00 1.7692864718661346e+02 -1.7403572753335160e+02
1.9146300000000003e+00 1.7710213805289413e+02 -1.7410647904991828e+02
1.9156266666666668e+00 1.7727569947001081e+02 -1.7417730111735435e+02
1.9166233333333336e+00 1.7744933150831426e+02 -1.7424819380594445e+02
1.9176200000000001e+00 1.7762303423822527e+02 -1.7431915718608226e+02
1.9186166666666669e+00 1.7779680773023497e+02 -1.7439019132834665e+02
1.9196133333333334e+00 1.7797065205490475e+02 -1.7446129630333087e+02
1.9206100000000002e+00 1.7814456728286638e+02 -1.7453247218149474e+02
1.9216066666666669e+00 1.7831855348482193e+02 -1.7460371903364651e+02
1.9226033333333334e+00 1.7849261073154409e+02 -1.7467503693062068e+02
1.9236000000000002e+00 1.7866673909387620e+02 -1.7474642594315816e+02
1.9245966666666667e+00 1.7884093864273203e+02 -1.7481788614216580e+02
1.9255933333333335e+00 1.7901520944909626e+02 -1.7488941759873080e+02
1.9265900000000002e+00 1.7918955158402426e+02 -1.7496102038386118e+02
1.9275866666666668e+00 1.7936396511864220e+02 -1.7503269456859084e+02
1.9285833333333335e+00 1.7953845012414732e+02 -1.7510444022424537e+02
1.9295800000000001e+00 1.7971300667180770e+02 -1.7517625742207389e+02
1.9305766666666668e+00 1.7988763483296268e+02 -1.7524814623333458e+02
1.9315733333333336e+00 1.8006233467902251e+02 -1.7532010672950616e+02
1.9325700000000001e+00 1.8023710628146878e+02 -1.7539213898209283e+02
1.9335666666666669e+00 1.8041194971185439e+02 -1.7546424306257720e+02
1.9345633333333334e+00 1.8058686504180343e+02 -1.7553641904256475e+02
1.9355600000000002e+00 1.8076185234301161e+02 -1.7560866699385539e+02
1.9365566666666669e+00 1.8093691168724601e+02 -1.7568098698818477e+02
1.9375533333333335e+00 1.8111204314634526e+02 -1.7575337909729936e+02
1.9385500000000002e+00 1.8128724679221972e+02 -1.7582584339320920e+02
1.9395466666666668e+00 1.8146252269685135e+02 -1.7589837994790483e+02
1.9405433333333335e+00 1.8163787093229402e+02 -1.7597098883332890e+02
1.9415400000000003e+00 1.8181329157067330e+02 -1.7604367012170158e+02
1.9425366666666668e+00 1.8198878468418675e+02 -1.7611642388525428e+02
1.9435333333333336e+00 1.8216435034510400e+02 -1.7618925019613957e+02
1.9445300000000001e+00 1.8233998862576655e+02 -1.7626214912674729e+02
1.9455266666666668e+00 1.8251569959858824e+02 -1.7633512074954746e+02
1.9465233333333336e+00 1.8269148333605503e+02 -1.7640816513697447e+02
1.9475200000000001e+00 1.8286733991072512e+02 -1.7648128236155884e+02
1.9485166666666669e+00 1.8304326939522915e+02 -1.7655447249599510e+02
1.9495133333333334e+00 1.8321927186227009e+02 -1.7662773561297251e+02
1.9505100000000002e+00 1.8339534738462353e+02 -1.7670107178521769e+02
1.9515066666666669e+00 1.8357149603513753e+02 -1.7677448108563567e+02
1.9525033333333335e+00 1.8374771788673277e+02 -1.7684796358714175e+02
1.9535000000000002e+00 1.8392401301240278e+02 -1.7692151936265876e+02
1.9544966666666668e+00 1.8410038148521366e+02 -1.7699514848528943e+02
1.9554933333333335e+00 1.8427682337830458e+02 -1.7706885102824501e+02
1.9564900000000003e+00 1.8445333876488758e+02 -1.7714262706470171e+02
1.9574866666666668e+00 1.8462992771824761e+02 -1.7721647666784560e+02
1.9584833333333336e+00 1.8480659031174284e+02 -1.7729039991114126e+02
1.9594800000000001e+00 1.8498332661880445e+02 -1.7736439686806219e+02
1.9604766666666669e+00 1.8516013671293703e+02 -1.7743846761198205e+02
1.9614733333333334e+00 1.8533702066771821e+02 -1.7751261221650239e+02
1.9624700000000002e+00 1.8551397855679920e+02 -1.7758683075537655e+02
1.9634666666666669e+00 1.8569101045390460e+02 -1.7766112330226548e+02
1.9644633333333335e+00 1.8586811643283244e+02 -1.7773548993089685e+02
1.9654600000000002e+00 1.8604529656745444e+02 -1.7780993071524884e+02
1.9664566666666667e+00 1.8622255093171594e+02 -1.7788444572927952e+02
1.9674533333333335e+00 1.8639987959963611e+02 -1.7795903504691313e+02
1.9684500000000003e+00 1.8657728264530772e+02 -1.7803369874226706e+02
1.9694466666666668e+00 1.8675476014289754e+02 -1.7810843688955376e+02
1.9704433333333335e+00 1.8693231216664640e+02 -1.7818324956299372e+02
1.9714400000000001e+00 1.8710993879086897e+02 -1.7825813683685877e+02
1.9724366666666668e+00 1.8728764008995418e+02 -1.7833309878560058e+02
1.9734333333333336e+00 1.8746541613836504e+02 -1.7840813548367899e+02
1.9744300000000001e+00 1.8764326701063882e+02 -1.7848324700554861e+02
1.9754266666666669e+00 1.8782119278138720e+02 -1.7855843342591470e+02
1.9764233333333334e+00 1.8799919352529614e+02 -1.7863369481947697e+02
1.9774200000000002e+00 1.8817726931712619e+02 -1.7870903126088669e+02
1.9784166666666669e+00 1.8835542023171237e+02 -1.7878444282504569e+02
1.9794133333333335e+00 1.8853364634396431e+02 -1.7885992958690755e+02
1.9804100000000002e+00 1.8871194772886645e+02 -1.7893549162136310e+02
1.9814066666666668e+00 1.8889032446147780e+02 -1.7901112900349679e+02
1.9824033333333335e+00 1.8906877661693247e+02 -1.7908684180851597e+02
1.9834000000000003e+00 1.8924730427043934e+02 -1.7916263011159361e+02
1.9843966666666668e+00 1.8942590749728225e+02 -1.7923849398791131e+02
1.9853933333333336e+00 1.8960458637282019e+02 -1.7931443351293009e+02
1.9863900000000001e+00 1.8978334097248725e+02 -1.7939044876213387e+02
1.9873866666666669e+00 1.8996217137179283e+02 -1.7946653981091518e+02
1.9883833333333336e+00 1.9014107764632152e+02 -1.7954270673490336e+02
1.9893800000000001e+00 1.9032005987173326e+02 -1.7961894960979319e+02
1.9903766666666669e+00 1.9049911812376362e+02 -1.7969526851127401e+02
1.9913733333333334e+00 1.9067825247822344e+02 -1.7977166351514325e+02
1.9923700000000002e+00 1.9085746301099937e+02 -1.7984813469736378e+02
1.9933666666666670e+00 1.9103674979805359e+02 -1.7992468213385035e+02
1.9943633333333335e+00 1.9121611291542405e+02 -1.8000130590058265e+02
1.9953600000000002e+00 1.9139555243922462e+02 -1.8007800607377766e+02
1.9963566666666668e+00 1.9157506844564494e+02 -1.8015478272961778e+02
1.9973533333333335e+00 1.9175466101095080e+02 -1.8023163594428556e+02
1.9983500000000001e+00 1.9193433021148374e+02 -1.8030856579412034e+02
1.9993466666666668e+00 1.9211407612366173e+02 -1.8038557235566117e+02
2.0003433333333334e+00 1.9229389882397879e+02 -1.8046265570535292e+02
2.0013399999999999e+00 1.9247379838900525e+02 -1.8053981591968284e+02
2.0023366666666669e+00 1.9265377489538784e+02 -1.8061705307536158e+02
2.0033333333333334e+00 1.9283382841984951e+02 -1.8069436724911358e+02
2.0043299999999999e+00 1.9301395903918998e+02 -1.8077175851775624e+02
2.0053266666666669e+00 1.9319416683028552e+02 -1.8084922695813478e+02
2.0063233333333335e+00 1.9337445187008882e+02 -1.8092677264718736e+02
2.0073200000000000e+00 1.9355481423562952e+02 -1.8100439566197124e+02
2.0083166666666665e+00 1.9373525400401405e+02 -1.8108209607959560e+02
2.0093133333333335e+00 1.9391577125242577e+02 -1.8115987397725061e+02
2.0103100000000000e+00 1.9409636605812477e+02 -1.8123772943214524e+02
2.0113066666666666e+00 1.9427703849844841e+02 -1.8131566252166465e+02
2.0123033333333331e+00 1.9445778865081110e+02 -1.8139367332324596e+02
2.0133000000000001e+00 1.9463861659270452e+02 -1.8147176191430754e+02
2.0142966666666666e+00 1.9481952240169741e+02 -1.8154992837248611e+02
2.0152933333333332e+00 1.9500050615543609e+02 -1.8162817277538304e+02
2.0162900000000001e+00 1.9518156793164422e+02 -1.8170649520071348e+02
2.0172866666666667e+00 1.9536270780812285e+02 -1.8178489572632839e+02
2.0182833333333332e+00 1.9554392586275077e+02 -1.8186337443006880e+02
2.0192799999999997e+00 1.9572522217348438e+02 -1.8194193138991372e+02
2.0202766666666667e+00 1.9590659681835788e+02 -1.8202056668388053e+02
2.0212733333333333e+00 1.9608804987548305e+02 -1.8209928039009083e+02
2.0222699999999998e+00 1.9626958142304983e+02 -1.8217807258674429e+02
2.0232666666666668e+00 1.9645119153932606e+02 -1.8225694335207001e+02
2.0242633333333333e+00 1.9663288030265744e+02 -1.8233589276444636e+02
2.0252599999999998e+00 1.9681464779146802e+02 -1.8241492090230076e+02
2.0262566666666668e+00 1.9699649408426004e+02 -1.8249402784411933e+02
2.0272533333333334e+00 1.9717841925961380e+02 -1.8257321366847987e+02
2.0282499999999999e+00 1.9736042339618817e+02 -1.8265247845406438e+02
2.0292466666666664e+00 1.9754250657272041e+02 -1.8273182227957909e+02
2.0302433333333334e+00 1.9772466886802636e+02 -1.8281124522386867e+02
2.0312399999999999e+00 1.9790691036100020e+02 -1.8289074736582478e+02
2.0322366666666665e+00 1.9808923113061502e+02 -1.8297032878437361e+02
2.0332333333333334e+00 1.9827163125592267e+02 -1.8304998955861464e+02
2.0342300000000000e+00 1.9845411081605357e+02 -1.8312972976768185e+02
2.0352266666666665e+00 1.9863666989021735e+02 -1.8320954949075789e+02
2.0362233333333335e+00 1.9881930855770253e+02 -1.8328944880714209e+02
2.0372200000000000e+00 1.9900202689787650e+02 -1.8336942779621069e+02
2.0382166666666666e+00 1.9918482499018606e+02 -1.8344948653740113e+02
2.0392133333333331e+00 1.9936770291415712e+02 -1.8352962511024663e+02
2.0402100000000001e+00 1.9955066074939498e+02 -1.8360984359434786e+02
2.0412066666666666e+00 1.9973369857558404e+02 -1.8369014206938061e+02
2.0422033333333331e+00 1.9991681647248845e+02 -1.8377052061511193e+02
2.0432000000000001e+00 2.0010001451995188e+02 -1.8385097931138318e+02
2.0441966666666667e+00 2.0028329279789736e+02 -1.8393151823814102e+02
2.0451933333333332e+00 2.0046665138632790e+02 -1.8401213747538048e+02
2.0461900000000002e+00 2.0065009036532626e+02 -1.8409283710315688e+02
2.0471866666666667e+00 2.0083360981505481e+02 -1.8417361720165945e+02
2.0481833333333332e+00 2.0101720981575610e+02 -1.8425447785112360e+02
2.0491799999999998e+00 2.0120089044775261e+02 -1.8433541913186662e+02
2.0501766666666668e+00 2.0138465179144700e+02 -1.8441644112428824e+02
2.0511733333333333e+00 2.0156849392732184e+02 -1.8449754390887688e+02
2.0521699999999998e+00 2.0175241693594023e+02 -1.8457872756621168e+02
2.0531666666666668e+00 2.0193642089794562e+02 -1.8465999217691896e+02
2.0541633333333333e+00 2.0212050589406158e+02 -1.8474133782171523e+02
2.0551599999999999e+00 2.0230467200509244e+02 -1.8482276458142033e+02
2.0561566666666664e+00 2.0248891931192307e+02 -1.8490427253692192e+02
2.0571533333333334e+00 2.0267324789551898e+02 -1.8498586176916180e+02
2.0581499999999999e+00 2.0285765783692625e+02 -1.8506753235919865e+02
2.0591466666666665e+00 2.0304214921727200e+02 -1.8514928438818180e+02
2.0601433333333334e+00 2.0322672211776424e+02 -1.8523111793727938e+02
2.0611400000000000e+00 2.0341137661969171e+02 -1.8531303308780701e+02
2.0621366666666665e+00 2.0359611280442448e+02 -1.8539502992114180e+02
2.0631333333333335e+00 2.0378093075341371e+02 -1.8547710851869465e+02
2.0641300000000000e+00 2.0396583054819158e+02 -1.8555926896202334e+02
2.0651266666666666e+00 2.0415081227037177e+02 -1.8564151133276019e+02
2.0661233333333331e+00 2.0433587600164935e+02 -1.8572383571257697e+02
2.0671200000000001e+00 2.0452102182380082e+02 -1.8580624218325707e+02
2.0681166666666666e+00 2.0470624981868409e+02 -1.8588873082665782e+02
2.0691133333333331e+00 2.0489156006823882e+02 -1.8597130172471199e+02
2.0701100000000001e+00 2.0507695265448649e+02 -1.8605395495944393e+02
2.0711066666666667e+00 2.0526242765953003e+02 -1.8613669061295337e+02
2.0721033333333332e+00 2.0544798516555457e+02 -1.8621950876744381e+02
2.0731000000000002e+00 2.0563362525482717e+02 -1.8630240950518234e+02
2.0740966666666667e+00 2.0581934800969663e+02 -1.8638539290848240e+02
2.0750933333333332e+00 2.0600515351259412e+02 -1.8646845905980285e+02
2.0760899999999998e+00 2.0619104184603299e+02 -1.8655160804167102e+02
2.0770866666666667e+00 2.0637701309260891e+02 -1.8663483993664067e+02
2.0780833333333333e+00 2.0656306733499963e+02 -1.8671815482742451e+02
2.0790799999999998e+00 2.0674920465596566e+02 -1.8680155279676757e+02
2.0800766666666668e+00 2.0693542513834998e+02 -1.8688503392750741e+02
2.0810733333333333e+00 2.0712172886507796e+02 -1.8696859830258512e+02
2.0820699999999999e+00 2.0730811591915787e+02 -1.8705224600500205e+02
2.0830666666666668e+00 2.0749458638368083e+02 -1.8713597711785278e+02
2.0840633333333334e+00 2.0768114034182048e+02 -1.8721979172430628e+02
2.0850599999999999e+00 2.0786777787683369e+02 -1.8730368990761960e+02
2.0860566666666664e+00 2.0805449907206028e+02 -1.8738767175113279e+02
2.0870533333333334e+00 2.0824130401092322e+02 -1.8747173733826958e+02
2.0880500000000000e+00 2.0842819277692846e+02 -1.8755588675254126e+02
2.0890466666666665e+00 2.0861516545366541e+02 -1.8764012007753354e+02
2.0900433333333335e+00 2.0880222212480689e+02 -1.8772443739691153e+02
2.0910400000000000e+00 2.0898936287410888e+02 -1.8780883879444329e+02
2.0920366666666665e+00 2.0917658778541113e+02 -1.8789332435394147e+02
2.0930333333333331e+00 2.0936389694263690e+02 -1.8797789415937362e+02
2.0940300000000001e+00 2.0955129042979326e+02 -1.8806254829474827e+02
2.0950266666666666e+00 2.0973876833097074e+02 -1.8814728684409010e+02
2.0960233333333331e+00 2.0992633073034401e+02 -1.8823210989161166e+02
2.0970200000000001e+00 2.1011397771217165e+02 -1.8831701752159165e+02
2.0980166666666666e+00 2.1030170936079602e+02 -1.8840200981833996e+02
2.0990133333333332e+00 2.1048952576064386e+02 -1.8848708686631133e+02
2.1000100000000002e+00 2.1067742699622605e+02 -1.8857224875001273e+02
2.1010066666666667e+00 2.1086541315213753e+02 -1.8865749555402502e+02
2.1020033333333332e+00 2.1105348431305782e+02 -1.8874282736301589e+02
2.1029999999999998e+00 2.1124164056375082e+02 -1.8882824426179411e+02
2.1039966666666667e+00 2.1142988198906502e+02 -1.8891374633516719e+02
2.1049933333333333e+00 2.1161820867393328e+02 -1.8899933366807224e+02
2.1059899999999998e+00 2.1180662070337340e+02 -1.8908500634556248e+02
2.1069866666666668e+00 2.1199511816248793e+02 -1.8917076445270149e+02
2.1079833333333333e+00 2.1218370113646404e+02 -1.8925660807468299e+02
2.1089799999999999e+00 2.1237236971057413e+02 -1.8934253729677405e+02
2.1099766666666668e+00 2.1256112397017560e+02 -1.8942855220438054e+02
2.1109733333333334e+00 2.1274996400071075e+02 -1.8951465288289589e+02
2.1119699999999999e+00 2.1293888988770726e+02 -1.8960083941782867e+02
2.1129666666666664e+00 2.1312790171677804e+02 -1.8968711189484318e+02
2.1139633333333334e+00 2.1331699957362150e+02 -1.8977347039961705e+02
2.1149600000000000e+00 2.1350618354402124e+02 -1.8985991501794294e+02
2.1159566666666665e+00 2.1369545371384660e+02 -1.8994644583567205e+02
2.1169533333333335e+00 2.1388481016905260e+02 -1.9003306293876659e+02
2.1179500000000000e+00 2.1407425299567967e+02 -1.9011976641327604e+02
2.1189466666666665e+00 2.1426378227985435e+02 -1.9020655634530794e+02
2.1199433333333335e+00 2.1445339810778901e+02 -1.9029343282111000e+02
2.1209400000000000e+00 2.1464310056578176e+02 -1.9038039592694545e+02
2.1219366666666666e+00 2.1483288974021701e+02 -1.9046744574919231e+02
2.1229333333333331e+00 2.1502276571756522e+02 -1.9055458237437034e+02
2.1239300000000001e+00 2.1521272858438320e+02 -1.9064180588899879e+02
2.1249266666666666e+00 2.1540277842731376e+02 -1.9072911637971148e+02
2.1259233333333332e+00 2.1559291533308638e+02 -1.9081651393327158e+02
2.1269200000000001e+00 2.1578313938851701e+02 -1.9090399863645482e+02
2.1279166666666667e+00 2.1597345068050797e+02 -1.9099157057618018e+02
2.1289133333333332e+00 2.1616384929604840e+02 -1.9107922983946705e+02
2.1299099999999997e+00 2.1635433532221421e+02 -1.9116697651336278e+02
2.1309066666666667e+00 2.1654490884616814e+02 -1.9125481068502862e+02
2.1319033333333333e+00 2.1673556995515960e+02 -1.9134273244171138e+02
2.1328999999999998e+00 2.1692631873652530e+02 -1.9143074187075842e+02
2.1338966666666668e+00 2.1711715527768899e+02 -1.9151883905960179e+02
2.1348933333333333e+00 2.1730807966616138e+02 -1.9160702409573082e+02
2.1358899999999998e+00 2.1749909198954066e+02 -1.9169529706676354e+02
2.1368866666666668e+00 2.1769019233551239e+02 -1.9178365806036032e+02
2.1378833333333334e+00 2.1788138079184932e+02 -1.9187210716430988e+02
2.1388799999999999e+00 2.1807265744641197e+02 -1.9196064446648677e+02
2.1398766666666664e+00 2.1826402238714837e+02 -1.9204927005480803e+02
2.1408733333333334e+00 2.1845547570209439e+02 -1.9213798401733354e+02
2.1418699999999999e+00 2.1864701747937337e+02 -1.9222678644219428e+02
2.1428666666666665e+00 2.1883864780719679e+02 -1.9231567741757826e+02
2.1438633333333335e+00 2.1903036677386410e+02 -1.9240465703177344e+02
2.1448600000000000e+00 2.1922217446776256e+02 -1.9249372537319610e+02
2.1458566666666665e+00 2.1941407097736777e+02 -1.9258288253031913e+02
2.1468533333333335e+00 2.1960605639124364e+02 -1.9267212859168745e+02
2.1478500000000000e+00 2.1979813079804205e+02 -1.9276146364597395e+02
2.1488466666666666e+00 2.1999029428650360e+02 -1.9285088778192241e+02
2.1498433333333331e+00 2.2018254694545726e+02 -1.9294040108833403e+02
2.1508400000000001e+00 2.2037488886382064e+02 -1.9303000365412441e+02
2.1518366666666666e+00 2.2056732013059982e+02 -1.9311969556833725e+02
2.1528333333333332e+00 2.2075984083488984e+02 -1.9320947692005802e+02
2.1538300000000001e+00 2.2095245106587464e+02 -1.9329934779845951e+02
2.1548266666666667e+00 2.2114515091282675e+02 -1.9338930829279911e+02
2.1558233333333332e+00 2.2133794046510803e+02 -1.9347935849246176e+02
2.1568200000000002e+00 2.2153081981216948e+02 -1.9356949848690547e+02
2.1578166666666667e+00 2.2172378904355097e+02 -1.9365972836564424e+02
2.1588133333333333e+00 2.2191684824888193e+02 -1.9375004821830575e+02
2.1598099999999998e+00 2.2210999751788111e+02 -1.9384045813461771e+02
2.1608066666666668e+00 2.2230323694035678e+02 -1.9393095820442309e+02
2.1618033333333333e+00 2.2249656660620656e+02 -1.9402154851756396e+02
2.1627999999999998e+00 2.2268998660541786e+02 -1.9411222916405202e+02
2.1637966666666668e+00 2.2288349702806795e+02 -1.9420300023398752e+02
2.1647933333333333e+00 2.2307709796432360e+02 -1.9429386181751184e+02
2.1657899999999999e+00 2.2327078950444172e+02 -1.9438481400486529e+02
2.1667866666666664e+00 2.2346457173876919e+02 -1.9447585688643167e+02
2.1677833333333334e+00 2.2365844475774304e+02 -1.9456699055262442e+02
2.1687799999999999e+00 2.2385240865189024e+02 -1.9465821509397009e+02
2.1697766666666665e+00 2.2404646351182828e+02 -1.9474953060112159e+02
2.1707733333333334e+00 2.2424060942826497e+02 -1.9484093716472140e+02
2.1717700000000000e+00 2.2443484649199840e+02 -1.9493243487562373e+02
2.1727666666666665e+00 2.2462917479391737e+02 -1.9502402382470970e+02
2.1737633333333335e+00 2.2482359442500137e+02 -1.9511570410293544e+02
2.1747600000000000e+00 2.2501810547632033e+02 -1.9520747580136921e+02
2.1757566666666666e+00 2.2521270803903522e+02 -1.9529933901119190e+02
2.1767533333333331e+00 2.2540740220439790e+02 -1.9539129382365718e+02
2.1777500000000001e+00 2.2560218806375124e+02 -1.9548334033007723e+02
2.1787466666666666e+00 2.2579706570852898e+02 -1.9557547862193368e+02
2.1797433333333331e+00 2.2599203523025625e+02 -1.9566770879073459e+02
2.1807400000000001e+00 2.2618709672054950e+02 -1.9576003092806386e+02
2.1817366666666667e+00 2.2638225027111625e+02 -1.9585244512564569e+02
2.1827333333333332e+00 2.2657749597375570e+02 -1.9594495147531569e+02
2.1837300000000002e+00 2.2677283392035864e+02 -1.9603755006892899e+02
2.1847266666666667e+00 2.2696826420290719e+02 -1.9613024099845211e+02
2.1857233333333332e+00 2.2716378691347546e+02 -1.9622302435600665e+02
2.1867199999999998e+00 2.2735940214422931e+02 -1.9631590023371595e+02
2.1877166666666668e+00 2.2755510998742656e+02 -1.9640886872384792e+02
2.1887133333333333e+00 2.2775091053541681e+02 -1.9650192991881104e+02
2.1897099999999998e+00 2.2794680388064194e+02 -1.9659508391095395e+02
2.1907066666666668e+00 2.2814279011563605e+02 -1.9668833079283075e+02
2.1917033333333333e+00 2.2833886933302526e+02 -1.9678167065712094e+02
2.1926999999999999e+00 2.2853504162552829e+02 -1.9687510359650076e+02
2.1936966666666669e+00 2.2873130708595633e+02 -1.9696862970379559e+02
2.1946933333333334e+00 2.2892766580721286e+02 -1.9706224907189869e+02
2.1956899999999999e+00 2.2912411788229426e+02 -1.9715596179381527e+02
2.1966866666666665e+00 2.2932066340428952e+02 -1.9724976796263820e+02
2.1976833333333334e+00 2.2951730246638061e+02 -1.9734366767154836e+02
2.1986800000000000e+00 2.2971403516184213e+02 -1.9743766101380982e+02
2.1996766666666665e+00 2.2991086158404190e+02 -1.9753174808278283e+02
2.2006733333333335e+00 2.3010778182644091e+02 -1.9762592897194901e+02
2.2016700000000000e+00 2.3030479598259305e+02 -1.9772020377485751e+02
2.2026666666666666e+00 2.3050190414614576e+02 -1.9781457258515491e+02
2.2036633333333331e+00 2.3069910641083979e+02 -1.9790903549657574e+02
2.2046600000000001e+00 2.3089640287050946e+02 -1.9800359260298555e+02
2.2056566666666666e+00 2.3109379361908239e+02 -1.9809824399826144e+02
2.2066533333333331e+00 2.3129127875058009e+02 -1.9819298977641921e+02
2.2076500000000001e+00 2.3148885835911784e+02 -1.9828783003162525e+02
2.2086466666666666e+00 2.3168653253890452e+02 -1.9838276485807040e+02
2.2096433333333332e+00 2.3188430138424320e+02 -1.9847779435005538e+02
2.2106400000000002e+00 2.3208216498953104e+02 -1.9857291860197486e+02
2.2116366666666667e+00 2.3228012344925898e+02 -1.9866813770831922e+02
2.2126333333333332e+00 2.3247817685801249e+02 -1.9876345176367565e+02
2.2136299999999998e+00 2.3267632531047127e+02 -1.9885886086271961e+02
2.2146266666666667e+00 2.3287456890140953e+02 -1.9895436510022967e+02
2.2156233333333333e+00 2.3307290772569570e+02 -1.9904996457108106e+02
2.2166199999999998e+00 2.3327134187829310e+02 -1.9914565937022996e+02
2.2176166666666668e+00 2.3346987145425970e+02 -1.9924144959272741e+02
2.2186133333333333e+00 2.3366849654874804e+02 -1.9933733533373376e+02
2.2196099999999999e+00 2.3386721725700576e+02 -1.9943331668849027e+02
2.2206066666666668e+00 2.3406603367437552e+02 -1.9952939375236181e+02
2.2216033333333334e+00 2.3426494589629476e+02 -1.9962556662076548e+02
2.2225999999999999e+00 2.3446395401829636e+02 -1.9972183538921476e+02
2.2235966666666664e+00 2.3466305813600840e+02 -1.9981820015338343e+02
2.2245933333333334e+00 2.3486225834515437e+02 -1.9991466100894854e+02
2.2255900000000000e+00 2.3506155474155292e+02 -2.0001121805176928e+02
2.2265866666666665e+00 2.3526094742111860e+02 -2.0010787137774219e+02
2.2275833333333335e+00 2.3546043647986153e+02 -2.0020462108287427e+02
2.2285800000000000e+00 2.3566002201388736e+02 -2.0030146726329554e+02
2.2295766666666665e+00 2.3585970411939775e+02 -2.0039841001515893e+02
2.2305733333333335e+00 2.3605948289269037e+02 -2.0049544943478546e+02
2.2315700000000001e+00 2.3625935843015861e+02 -2.0059258561860446e+02
2.2325666666666666e+00 2.3645933082829228e+02 -2.0068981866305595e+02
2.2335633333333331e+00 2.3665940018367726e+02 -2.0078714866474022e+02
2.2345600000000001e+00 2.3685956659299589e+02 -2.0088457572036165e+02
2.2355566666666666e+00 2.3705983015302664e+02 -2.0098209992666327e+02
2.2365533333333332e+00 2.3726019096064471e+02 -2.0107972138055331e+02
2.2375500000000001e+00 2.3746064911282193e+02 -2.0117744017898056e+02
2.2385466666666667e+00 2.3766120470662656e+02 -2.0127525641901602e+02
2.2395433333333332e+00 2.3786185783922394e+02 -2.0137317019784078e+02
2.2405399999999998e+00 2.3806260860787617e+02 -2.0147118161269682e+02
2.2415366666666667e+00 2.3826345710994244e+02 -2.0156929076094468e+02
2.2425333333333333e+00 2.3846440344287876e+02 -2.0166749774006882e+02
2.2435299999999998e+00 2.3866544770423857e+02 -2.0176580264759019e+02
2.2445266666666668e+00 2.3886658999167264e+02 -2.0186420558117086e+02
2.2455233333333333e+00 2.3906783040292879e+02 -2.0196270663856637e+02
2.2465199999999999e+00 2.3926916903585260e+02 -2.0206130591759666e+02
2.2475166666666668e+00 2.3947060598838718e+02 -2.0216000351623788e+02
2.2485133333333334e+00 2.3967214135857313e+02 -2.0225879953253062e+02
2.2495099999999999e+00 2.3987377524454899e+02 -2.0235769406459650e+02
2.2505066666666664e+00 2.4007550774455112e+02 -2.0245668721064720e+02
2.2515033333333334e+00 2.4027733895691389e+02 -2.0255577906905586e+02
2.2524999999999999e+00 2.4047926898006952e+02 -2.0265496973826245e+02
2.2534966666666665e+00 2.4068129791254859e+02 -2.0275425931675662e+02
2.2544933333333335e+00 2.4088342585297991e+02 -2.0285364790318516e+02
2.2554900000000000e+00 2.4108565290009045e+02 -2.0295313559628715e+02
2.2564866666666665e+00 2.4128797915270584e+02 -2.0305272249488027e+02
2.2574833333333335e+00 2.4149040470975029e+02 -2.0315240869788221e+02
2.2584800000000000e+00 2.4169292967024637e+02 -2.0325219430431738e+02
2.2594766666666666e+00 2.4189555413331564e+02 -2.0335207941331936e+02
2.2604733333333331e+00 2.4209827819817843e+02 -2.0345206412411213e+02
2.2614700000000001e+00 2.4230110196415413e+02 -2.0355214853599611e+02
2.2624666666666666e+00 2.4250402553066081e+02 -2.0365233274839508e+02
2.2634633333333332e+00 2.4270704899721605e+02 -2.0375261686082467e+02
2.2644600000000001e+00 2.4291017246343660e+02 -2.0385300097290175e+02
2.2654566666666667e+00 2.4311339602903826e+02 -2.0395348518433522e+02
2.2664533333333332e+00 2.4331671979383660e+02 -2.0405406959498274e+02
2.2674500000000002e+00 2.4352014385774669e+02 -2.0415475430471810e+02
2.2684466666666667e+00 2.4372366832078293e+02 -2.0425553941354946e+02
2.2694433333333333e+00 2.4392729328305975e+02 -2.0435642502162236e+02
2.2704399999999998e+00 2.4413101884479133e+02 -2.0445741122910172e+02
2.2714366666666668e+00 2.4433484510629185e+02 -2.0455849813635800e+02
2.2724333333333333e+00 2.4453877216797528e+02 -2.0465968584379857e+02
2.2734299999999998e+00 2.4474280013035596e+02 -2.0476097445192238e+02
2.2744266666666668e+00 2.4494692909404844e+02 -2.0486236406131653e+02
2.2754233333333334e+00 2.4515115915976739e+02 -2.0496385477271642e+02
2.2764199999999999e+00 2.4535549042832812e+02 -2.0506544668699144e+02
2.2774166666666669e+00 2.4555992300064651e+02 -2.0516713990497135e+02
2.2784133333333334e+00 2.4576445697773877e+02 -2.0526893452770523e+02
2.2794099999999999e+00 2.4596909246072212e+02 -2.0537083065633618e+02
2.2804066666666665e+00 2.4617382955081453e+02 -2.0547282839205587e+02
2.2814033333333334e+00 2.4637866834933502e+02 -2.0557492783619031e+02
2.2824000000000000e+00 2.4658360895770329e+02 -2.0567712909015935e+02
2.2833966666666665e+00 2.4678865147744051e+02 -2.0577943225547358e+02
2.2843933333333335e+00 2.4699379601016906e+02 -2.0588183743377587e+02
2.2853900000000000e+00 2.4719904265761238e+02 -2.0598434472677121e+02
2.2863866666666666e+00 2.4740439152159561e+02 -2.0608695423628683e+02
2.2873833333333331e+00 2.4760984270404535e+02 -2.0618966606425576e+02
2.2883800000000001e+00 2.4781539630698992e+02 -2.0629248031270302e+02
2.2893766666666666e+00 2.4802105243255915e+02 -2.0639539708377569e+02
2.2903733333333332e+00 2.4822681118298490e+02 -2.0649841647968248e+02
2.2913700000000001e+00 2.4843267266060104e+02 -2.0660153860275113e+02
2.2923666666666667e+00 2.4863863696784318e+02 -2.0670476355544238e+02
2.2933633333333332e+00 2.4884470420724935e+02 -2.0680809144027847e+02
2.2943600000000002e+00 2.4905087448145986e+02 -2.0691152235991524e+02
2.2953566666666667e+00 2.4925714789321702e+02 -2.0701505641708448e+02
2.2963533333333332e+00 2.4946352454536594e+02 -2.0711869371459659e+02
2.2973499999999998e+00 2.4967000454085417e+02 -2.0722243435546824e+02
2.2983466666666668e+00 2.4987658798273199e+02 -2.0732627844270888e+02
2.2993433333333333e+00 2.5008327497415218e+02 -2.0743022607947776e+02
2.3003399999999998e+00 2.5029006561837065e+02 -2.0753427736903816e+02
2.3013366666666668e+00 2.5049696001874628e+02 -2.0763843241471656e+02
2.3023333333333333e+00 2.5070395827874071e+02 -2.0774269132000029e+02
2.3033299999999999e+00 2.5091106050191908e+02 -2.0784705418846605e+02
2.3043266666666669e+00 2.5111826679194974e+02 -2.0795152112376840e+02
2.3053233333333334e+00 2.5132557725260418e+02 -2.0805609222966569e+02
2.3063199999999999e+00 2.5153299198775761e+02 -2.0816076761006582e+02
2.3073166666666665e+00 2.5174051110138879e+02 -2.0826554736892660e+02
2.3083133333333334e+00 2.5194813469758017e+02 -2.0837043161031301e+02
2.3093100000000000e+00 2.5215586288051779e+02 -2.0847542043845360e+02
2.3103066666666665e+00 2.5236369575449180e+02 -2.0858051395760907e+02
2.3113033333333335e+00 2.5257163342389637e+02 -2.0868571227216177e+02
2.3123000000000000e+00 2.5277967599322949e+02 -2.0879101548663988e+02
2.3132966666666666e+00 2.5298782356709361e+02 -2.0889642370564587e+02
2.3142933333333335e+00 2.5319607625019555e+02 -2.0900193703387603e+02
2.3152900000000001e+00 2.5340443414734617e+02 -2.0910755557611532e+02
2.3162866666666666e+00 2.5361289736346117e+02 -2.0921327943734042e+02
2.3172833333333331e+00 2.5382146600356080e+02 -2.0931910872252166e+02
2.3182800000000001e+00 2.5403014017277007e+02 -2.0942504353675079e+02
2.3192766666666667e+00 2.5423891997631856e+02 -2.0953108398534036e+02
2.3202733333333332e+00 2.5444780551954108e+02 -2.0963723017360525e+02
2.3212700000000002e+00 2.5465679690787746e+02 -2.0974348220695521e+02
2.3222666666666667e+00 2.5486589424687239e+02 -2.0984984019093071e+02
2.3232633333333332e+00 2.5507509764217608e+02 -2.0995630423123546e+02
2.3242599999999998e+00 2.5528440719954401e+02 -2.1006287443356683e+02
2.3252566666666667e+00 2.5549382302483718e+02 -2.1016955090380122e+02
2.3262533333333333e+00 2.5570334522402194e+02 -2.1027633374792129e+02
2.3272499999999998e+00 2.5591297390317052e+02 -2.1038322307201133e+02
2.3282466666666668e+00 2.5612270916846091e+02 -2.1049021898219459e+02
2.3292433333333333e+00 2.5633255112617678e+02 -2.1059732158478141e+02
2.3302399999999999e+00 2.5654249988270794e+02 -2.1070453098619828e+02
2.3312366666666668e+00 2.5675255554455043e+02 -2.1081184729288213e+02
2.3322333333333334e+00 2.5696271821830612e+02 -2.1091927061151421e+02
2.3332299999999999e+00 2.5717298801068347e+02 -2.1102680104873883e+02
2.3342266666666664e+00 2.5738336502849722e+02 -2.1113443871132259e+02
2.3352233333333334e+00 2.5759384937866872e+02 -2.1124218370629745e+02
2.3362200000000000e+00 2.5780444116822576e+02 -2.1135003614062984e+02
2.3372166666666665e+00 2.5801514050430302e+02 -2.1145799612145842e+02
2.3382133333333335e+00 2.5822594749414208e+02 -2.1156606375609061e+02
2.3392100000000000e+00 2.5843686224509116e+02 -2.1167423915177790e+02
2.3402066666666665e+00 2.5864788486460571e+02 -2.1178252241597252e+02
2.3412033333333335e+00 2.5885901546024849e+02 -2.1189091365632419e+02
2.3422000000000001e+00 2.5907025413968915e+02 -2.1199941298048367e+02
2.3431966666666666e+00 2.5928160101070500e+02 -2.1210802049614992e+02
2.3441933333333331e+00 2.5949305618118069e+02 -2.1221673631128726e+02
2.3451900000000001e+00 2.5970461975910860e+02 -2.1232556053384073e+02
2.3461866666666666e+00 2.5991629185258847e+02 -2.1243449327194574e+02
2.3471833333333332e+00 2.6012807256982813e+02 -2.1254353463382415e+02
2.3481800000000002e+00 2.6033996201914340e+02 -2.1265268472775344e+02
2.3491766666666667e+00 2.6055196030895769e+02 -2.1276194366215435e+02
2.3501733333333332e+00 2.6076406754780282e+02 -2.1287131154553356e+02
2.3511700000000002e+00 2.6097628384431891e+02 -2.1298078848659657e+02
2.3521666666666667e+00 2.6118860930725407e+02 -2.1309037459404934e+02
2.3531633333333333e+00 2.6140104404546520e+02 -2.1320006997678800e+02
2.3541599999999998e+00 2.6161358816791761e+02 -2.1330987474377497e+02
2.3551566666666668e+00 2.6182624178368530e+02 -2.1341978900401085e+02
2.3561533333333333e+00 2.6203900500195084e+02 -2.1352981286674327e+02
2.3571499999999999e+00 2.6225187793200598e+02 -2.1363994644124841e+02
2.3581466666666668e+00 2.6246486068325135e+02 -2.1375018983691669e+02
2.3591433333333334e+00 2.6267795336519640e+02 -2.1386054316330950e+02
2.3601399999999999e+00 2.6289115608746022e+02 -2.1397100653000709e+02
2.3611366666666664e+00 2.6310446895977088e+02 -2.1408158004668479e+02
2.3621333333333334e+00 2.6331789209196614e+02 -2.1419226382325604e+02
2.3631300000000000e+00 2.6353142559399294e+02 -2.1430305796965300e+02
2.3641266666666665e+00 2.6374506957590808e+02 -2.1441396259592113e+02
2.3651233333333335e+00 2.6395882414787820e+02 -2.1452497781222144e+02
2.3661200000000000e+00 2.6417268942017944e+02 -2.1463610372882815e+02
2.3671166666666665e+00 2.6438666550319823e+02 -2.1474734045612882e+02
2.3681133333333335e+00 2.6460075250743108e+02 -2.1485868810465533e+02
2.3691100000000000e+00 2.6481495054348437e+02 -2.1497014678499571e+02
2.3701066666666666e+00 2.6502925972207510e+02 -2.1508171660781323e+02
2.3711033333333331e+00 2.6524368015403047e+02 -2.1519339768400954e+02
2.3721000000000001e+00 2.6545821195028844e+02 -2.1530519012446817e+02
2.3730966666666666e+00 2.6567285522189718e+02 -2.1541709404029024e+02
2.3740933333333332e+00 2.6588761008001597e+02 -2.1552910954260443e+02
2.3750900000000001e+00 2.6610247663591485e+02 -2.1564123674265588e+02
2.3760866666666667e+00 2.6631745500097463e+02 -2.1575347575188817e+02
2.3770833333333332e+00 2.6653254528668737e+02 -2.1586582668174313e+02
2.3780800000000002e+00 2.6674774760465635e+02 -2.1597828964383706e+02
2.3790766666666667e+00 2.6696306206659585e+02 -2.1609086474989857e+02
2.3800733333333333e+00 2.6717848878433188e+02 -2.1620355211173123e+02
2.3810699999999998e+00 2.6739402786980173e+02 -2.1631635184126324e+02
2.3820666666666668e+00 2.6760967943505455e+02 -2.1642926405057631e+02
2.3830633333333333e+00 2.6782544359225091e+02 -2.1654228885182681e+02
2.3840599999999998e+00 2.6804132045366339e+02 -2.1665542635725464e+02
2.3850566666666668e+00 2.6825731013167666e+02 -2.1676867667927496e+02
2.3860533333333334e+00 2.6847341273878709e+02 -2.1688203993038647e+02
2.3870499999999999e+00 2.6868962838760359e+02 -2.1699551622317094e+02
2.3880466666666669e+00 2.6890595719084729e+02 -2.1710910567038601e+02
2.3890433333333334e+00 2.6912239926135146e+02 -2.1722280838484409e+02
2.3900399999999999e+00 2.6933895471206216e+02 -2.1733662447948871e+02
2.3910366666666665e+00 2.6955562365603799e+02 -2.1745055406738894e+02
2.3920333333333335e+00 2.6977240620645040e+02 -2.1756459726168197e+02
2.3930300000000000e+00 2.6998930247658330e+02 -2.1767875417569337e+02
2.3940266666666665e+00 2.7020631257983405e+02 -2.1779302492283148e+02
2.3950233333333335e+00 2.7042343662971291e+02 -2.1790740961659600e+02
2.3960200000000000e+00 2.7064067473984312e+02 -2.1802190837054059e+02
2.3970166666666666e+00 2.7085802702396148e+02 -2.1813652129846400e+02
2.3980133333333331e+00 2.7107549359591809e+02 -2.1825124851423371e+02
2.3990100000000001e+00 2.7129307456967672e+02 -2.1836609013175737e+02
2.4000066666666666e+00 2.7151077005931450e+02 -2.1848104626515891e+02
2.4010033333333332e+00 2.7172858017902257e+02 -2.1859611702864461e+02
2.4020000000000001e+00 2.7194650504310590e+02 -2.1871130253645617e+02
2.4029966666666667e+00 2.7216454476598324e+02 -2.1882660290305967e+02
2.4039933333333332e+00 2.7238269946218765e+02 -2.1894201824297494e+02
2.4049900000000002e+00 2.7260096924636645e+02 -2.1905754867084298e+02
2.4059866666666667e+00 2.7281935423328093e+02 -2.1917319430144377e+02
2.4069833333333333e+00 2.7303785453780716e+02 -2.1928895524960217e+02
2.4079799999999998e+00 2.7325647027493568e+02 -2.1940483163038334e+02
2.4089766666666668e+00 2.7347520155977173e+02 -2.1952082355886458e+02
2.4099733333333333e+00 2.7369404850753506e+02 -2.1963693115022500e+02
2.4109699999999998e+00 2.7391301123356061e+02 -2.1975315451983923e+02
2.4119666666666668e+00 2.7413208985329834e+02 -2.1986949378317598e+02
2.4129633333333333e+00 2.7435128448231302e+02 -2.1998594905572807e+02
2.4139599999999999e+00 2.7457059523628499e+02 -2.2010252045324054e+02
2.4149566666666669e+00 2.7479002223100986e+02 -2.2021920809149603e+02
2.4159533333333334e+00 2.7500956558239847e+02 -2.2033601208638657e+02
2.4169499999999999e+00 2.7522922540647755e+02 -2.2045293255396285e+02
2.4179466666666665e+00 2.7544900181938942e+02 -2.2056996961034491e+02
2.4189433333333334e+00 2.7566889493739228e+02 -2.2068712337180844e+02
2.4199400000000000e+00 2.7588890487685995e+02 -2.2080439395473030e+02
2.4209366666666665e+00 2.7610903175428268e+02 -2.2092178147559642e+02
2.4219333333333335e+00 2.7632927568626684e+02 -2.2103928605098841e+02
2.4229300000000000e+00 2.7654963678953470e+02 -2.2115690779765387e+02
2.4239266666666666e+00 2.7677011518092530e+02 -2.2127464683242076e+02
2.4249233333333335e+00 2.7699071097739420e+02 -2.2139250327224156e+02
2.4259200000000001e+00 2.7721142429601321e+02 -2.2151047723420604e+02
2.4269166666666666e+00 2.7743225525397128e+02 -2.2162856883550506e+02
2.4279133333333331e+00 2.7765320396857402e+02 -2.2174677819342793e+02
2.4289100000000001e+00 2.7787427055724413e+02 -2.2186510542539142e+02
2.4299066666666667e+00 2.7809545513752113e+02 -2.2198355064894156e+02
2.4309033333333332e+00 2.7831675782706208e+02 -2.2210211398176131e+02
2.4319000000000002e+00 2.7853817874364125e+02 -2.2222079554157372e+02
2.4328966666666667e+00 2.7875971800515021e+02 -2.2233959544629545e+02
2.4338933333333332e+00 2.7898137572959820e+02 -2.2245851381397253e+02
2.4348899999999998e+00 2.7920315203511223e+02 -2.2257755076269271e+02
2.4358866666666668e+00 2.7942504703993706e+02 -2.2269670641070016e+02
2.4368833333333333e+00 2.7964706086243507e+02 -2.2281598087633932e+02
2.4378799999999998e+00 2.7986919362108705e+02 -2.2293537427814820e+02
2.4388766666666668e+00 2.8009144543449185e+02 -2.2305488673470580e+02
2.4398733333333333e+00 2.8031381642136631e+02 -2.2317451836467026e+02
2.4408699999999999e+00 2.8053630670054599e+02 -2.2329426928695000e+02
2.4418666666666669e+00 2.8075891639098495e+02 -2.2341413962049509e+02
2.4428633333333334e+00 2.8098164561175548e+02 -2.2353412948433433e+02
2.4438599999999999e+00 2.8120449448204897e+02 -2.2365423899765395e+02
2.4448566666666665e+00 2.8142746312117555e+02 -2.2377446827979634e+02
2.4458533333333334e+00 2.8165055164856443e+02 -2.2389481745020396e+02
2.4468500000000000e+00 2.8187376018376358e+02 -2.2401528662839050e+02
2.4478466666666665e+00 2.8209708884644050e+02 -2.2413587593406220e+02
2.4488433333333335e+00 2.8232053775638207e+02 -2.2425658548699664e+02
2.4498400000000000e+00 2.8254410703349424e+02 -2.2437741540702126e+02
2.4508366666666666e+00 2.8276779679780282e+02 -2.2449836581424117e+02
2.4518333333333335e+00 2.8299160716945335e+02 -2.2461943682883361e+02
2.4528300000000001e+00 2.8321553826871087e+02 -2.2474062857099659e+02
2.4538266666666666e+00 2.8343959021596072e+02 -2.2486194116114186e+02
2.4548233333333331e+00 2.8366376313170798e+02 -2.2498337471972420e+02
2.4558200000000001e+00 2.8388805713657814e+02 -2.2510492936741258e+02
2.4568166666666666e+00 2.8411247235131668e+02 -2.2522660522500408e+02
2.4578133333333332e+00 2.8433700889678977e+02 -2.2534840241331631e+02
2.4588100000000002e+00 2.8456166689398401e+02 -2.2547032105329683e+02
2.4598066666666667e+00 2.8478644646400647e+02 -2.2559236126608474e+02
2.4608033333333332e+00 2.8501134772808524e+02 -2.2571452317295370e+02
2.4618000000000002e+00 2.8523637080756924e+02 -2.2583680689516532e+02
2.4627966666666667e+00 2.8546151582392815e+02 -2.2595921255422923e+02
2.4637933333333333e+00 2.8568678289875305e+02 -2.2608174027175465e+02
2.4647899999999998e+00 2.8591217215375622e+02 -2.2620439016947921e+02
2.4657866666666668e+00 2.8613768371077140e+02 -2.2632716236918506e+02
2.4667833333333333e+00 2.8636331769175342e+02 -2.2645005699280964e+02
2.4677799999999999e+00 2.8658907421877910e+02 -2.2657307416248150e+02
2.4687766666666668e+00 2.8681495341404701e+02 -2.2669621400034683e+02
2.4697733333333334e+00 2.8704095539987719e+02 -2.2681947662879944e+02
2.4707699999999999e+00 2.8726708029871202e+02 -2.2694286217024643e+02
2.4717666666666664e+00 2.8749332823311585e+02 -2.2706637074722408e+02
2.4727633333333334e+00 2.8771969932577537e+02 -2.2719000248242727e+02
2.4737600000000000e+00 2.8794619369949925e+02 -2.2731375749867763e+02
2.4747566666666665e+00 2.8817281147721900e+02 -2.2743763591893008e+02
2.4757533333333335e+00 2.8839955278198869e+02 -2.2756163786621525e+02
2.4767500000000000e+00 2.8862641773698471e+02 -2.2768576346369716e+02
2.4777466666666665e+00 2.8885340646550674e+02 -2.2781001283470113e+02
2.4787433333333335e+00 2.8908051909097725e+02 -2.2793438610262885e+02
2.4797400000000001e+00 2.8930775573694154e+02 -2.2805888339101492e+02
2.4807366666666666e+00 2.8953511652706845e+02 -2.2818350482354896e+02
2.4817333333333331e+00 2.8976260158514998e+02 -2.2830825052405069e+02
2.4827300000000001e+00 2.8999021103510171e+02 -2.2843312061641313e+02
2.4837266666666666e+00 2.9021794500096246e+02 -2.2855811522462713e+02
2.4847233333333332e+00 2.9044580360689503e+02 -2.2868323447290149e+02
2.4857200000000002e+00 2.9067378697718607e+02 -2.2880847848552258e+02
2.4867166666666667e+00 2.9090189523624576e+02 -2.2893384738688036e+02
2.4877133333333332e+00 2.9113012850860878e+02 -2.2905934130155421e+02
2.4887100000000002e+00 2.9135848691893398e+02 -2.2918496035417289e+02
2.4897066666666667e+00 2.9158697059200409e+02 -2.2931070466952562e+02
2.4907033333333333e+00 2.9181557965272668e+02 -2.2943657437249939e+02
2.4916999999999998e+00 2.9204431422613368e+02 -2.2956256958811142e+02
2.4926966666666668e+00 2.9227317443738190e+02 -2.2968869044156716e+02
2.4936933333333333e+00 2.9250216041175253e+02 -2.2981493705814063e+02
2.4946899999999999e+00 2.9273127227465216e+02 -2.2994130956323761e+02
2.4956866666666668e+00 2.9296051015161225e+02 -2.3006780808234288e+02
2.4966833333333334e+00 2.9318987416828929e+02 -2.3019443274115829e+02
2.4976799999999999e+00 2.9341936445046525e+02 -2.3032118366546007e+02
2.4986766666666669e+00 2.9364898112404757e+02 -2.3044806098116092e+02
2.4996733333333334e+00 2.9387872431506895e+02 -2.3057506481427649e+02
2.5006699999999999e+00 2.9410859414968803e+02 -2.3070219529094780e+02
2.5016666666666665e+00 2.9433859075418917e+02 -2.3082945253750395e+02
2.5026633333333335e+00 2.9456871425498281e+02 -2.3095683668034857e+02
2.5036600000000000e+00 2.9479896477860507e+02 -2.3108434784601047e+02
2.5046566666666665e+00 2.9502934245171861e+02 -2.3121198616112076e+02
2.5056533333333335e+00 2.9525984740111232e+02 -2.3133975175250538e+02
2.5066500000000000e+00 2.9549047975370127e+02 -2.3146764474706387e+02
2.5076466666666666e+00 2.9572123963652729e+02 -2.3159566527182096e+02
2.5086433333333331e+00 2.9595212717675895e+02 -2.3172381345398972e+02
2.5096400000000001e+00 2.9618314250169163e+02 -2.3185208942085819e+02
2.5106366666666666e+00 2.9641428573874742e+02 -2.3198049329981069e+02
2.5116333333333332e+00 2.9664555701547562e+02 -2.3210902521841885e+02
2.5126300000000001e+00 2.9687695645955284e+02 -2.3223768530433614e+02
2.5136266666666667e+00 2.9710848419878272e+02 -2.3236647368540315e+02
2.5146233333333332e+00 2.9734014036109659e+02 -2.3249539048959045e+02
2.5156200000000002e+00 2.9757192507455335e+02 -2.3262443584486553e+02
2.5166166666666667e+00 2.9780383846733923e+02 -2.3275360987941116e+02
2.5176133333333333e+00 2.9803588066776871e+02 -2.3288291272159171e+02
2.5186099999999998e+00 2.9826805180428408e+02 -2.3301234449990361e+02
2.5196066666666668e+00 2.9850035200545580e+02 -2.3314190534283316e+02
2.5206033333333333e+00 2.9873278139998217e+02 -2.3327159537904788e+02
2.5215999999999998e+00 2.9896534011669019e+02 -2.3340141473745882e+02
2.5225966666666668e+00 2.9919802828453533e+02 -2.3353136354700365e+02
2.5235933333333334e+00 2.9943084603260138e+02 -2.3366144193674916e+02
2.5245899999999999e+00 2.9966379349010106e+02 -2.3379165003589125e+02
2.5255866666666669e+00 2.9989687078637598e+02 -2.3392198797379552e+02
2.5265833333333334e+00 3.0013007805089637e+02 -2.3405245587992809e+02
2.5275799999999999e+00 3.0036341541326198e+02 -2.3418305388390752e+02
2.5285766666666665e+00 3.0059688300320164e+02 -2.3431378211542790e+02
2.5295733333333335e+00 3.0083048095057359e+02 -2.3444464070434483e+02
2.5305700000000000e+00 3.0106420938536525e+02 -2.3457562978066630e+02
2.5315666666666665e+00 3.0129806843769404e+02 -2.3470674947452852e+02
2.5325633333333335e+00 3.0153205823780718e+02 -2.3483799991618193e+02
2.5335600000000000e+00 3.0176617891608129e+02 -2.3496938123591949e+02
2.5345566666666666e+00 3.0200043060302340e+02 -2.3510089356433349e+02
2.5355533333333335e+00 3.0223481342927067e+02 -2.3523253703207382e+02
2.5365500000000001e+00 3.0246932752559024e+02 -2.3536431176983274e+02
2.5375466666666666e+00 3.0270397302287995e+02 -2.3549621790853996e+02
2.5385433333333332e+00 3.0293875005216796e+02 -2.3562825557920127e+02
2.5395400000000001e+00 3.0317365874461331e+02 -2.3576042491301328e+02
2.5405366666666667e+00 3.0340869923150552e+02 -2.3589272604129573e+02
2.5415333333333332e+00 3.0364387164426529e+02 -2.3602515909541017e+02
2.5425300000000002e+00 3.0387917611444436e+02 -2.3615772420691965e+02
2.5435266666666667e+00 3.0411461277372536e+02 -2.3629042150751445e+02
2.5445233333333332e+00 3.0435018175392253e+02 -2.3642325112900792e+02
2.5455199999999998e+00 3.0458588318698145e+02 -2.3655621320331855e+02
2.5465166666666668e+00 3.0482171720497934e+02 -2.3668930786258420e+02
2.5475133333333333e+00 3.0505768394012495e+02 -2.3682253523898018e+02
2.5485099999999998e+00 3.0529378352475896e+02 -2.3695589546480846e+02
2.5495066666666668e+00 3.0553001609135418e+02 -2.3708938867263075e+02
2.5505033333333333e+00 3.0576638177251516e+02 -2.3722301499499304e+02
2.5514999999999999e+00 3.0600288070097901e+02 -2.3735677456459629e+02
2.5524966666666669e+00 3.0623951300961511e+02 -2.3749066751437306e+02
2.5534933333333334e+00 3.0647627883142513e+02 -2.3762469397735410e+02
2.5544899999999999e+00 3.0671317829954364e+02 -2.3775885408660693e+02
2.5554866666666665e+00 3.0695021154723781e+02 -2.3789314797536159e+02
2.5564833333333334e+00 3.0718737870790784e+02 -2.3802757577709707e+02
2.5574800000000000e+00 3.0742467991508670e+02 -2.3816213762532882e+02
2.5584766666666665e+00 3.0766211530244072e+02 -2.3829683365372682e+02
2.5594733333333335e+00 3.0789968500376960e+02 -2.3843166399607995e+02
2.5604700000000000e+00 3.0813738915300615e+02 -2.3856662878633119e+02
2.5614666666666666e+00 3.0837522788421700e+02 -2.3870172815854968e+02
2.5624633333333335e+00 3.0861320133160245e+02 -2.3883696224686668e+02
2.5634600000000001e+00 3.0885130962949631e+02 -2.3897233118570998e+02
2.5644566666666666e+00 3.0908955291236674e+02 -2.3910783510954391e+02
2.5654533333333331e+00 3.0932793131481583e+02 -2.3924347415288193e+02
2.5664500000000001e+00 3.0956644497157993e+02 -2.3937924845051529e+02
2.5674466666666667e+00 3.0980509401752954e+02 -2.3951515813735665e+02
2.5684433333333332e+00 3.1004387858766989e+02 -2.3965120334838707e+02
2.5694400000000002e+00 3.1028279881714093e+02 -2.3978738421870793e+02
2.5704366666666667e+00 3.1052185484121685e+02 -2.3992370088357410e+02
2.5714333333333332e+00 3.1076104679530727e+02 -2.4006015347847949e+02
2.5724300000000002e+00 3.1100037481495667e+02 -2.4019674213892526e+02
2.5734266666666668e+00 3.1123983903584445e+02 -2.4033346700053681e+02
2.5744233333333333e+00 3.1147943959378563e+02 -2.4047032819923228e+02
2.5754199999999998e+00 3.1171917662473055e+02 -2.4060732587092235e+02
2.5764166666666668e+00 3.1195905026476521e+02 -2.4074446015168212e+02
2.5774133333333333e+00 3.1219906065011099e+02 -2.4088173117770771e+02
2.5784099999999999e+00 3.1243920791712537e+02 -2.4101913908537637e+02
2.5794066666666668e+00 3.1267949220230190e+02 -2.4115668401121624e+02
2.5804033333333334e+00 3.1291991364226988e+02 -2.4129436609182264e+02
2.5813999999999999e+00 3.1316047237379513e+02 -2.4143218546396855e+02
2.5823966666666665e+00 3.1340116853377981e+02 -2.4157014226456280e+02
2.5833933333333334e+00 3.1364200225926265e+02 -2.4170823663062203e+02
2.5843900000000000e+00 3.1388297368741871e+02 -2.4184646869934033e+02
2.5853866666666665e+00 3.1412408295556020e+02 -2.4198483860806397e+02
2.5863833333333335e+00 3.1436533020113620e+02 -2.4212334649414876e+02
2.5873800000000000e+00 3.1460671556173253e+02 -2.4226199249521653e+02
2.5883766666666665e+00 3.1484823917507259e+02 -2.4240077674906939e+02
2.5893733333333335e+00 3.1508990117901703e+02 -2.4253969939349139e+02
2.5903700000000001e+00 3.1533170171156371e+02 -2.4267876056647492e+02
2.5913666666666666e+00 3.1557364091084838e+02 -2.4281796040618977e+02
2.5923633333333331e+00 3.1581571891514449e+02 -2.4295729905091363e+02
2.5933600000000001e+00 3.1605793586286336e+02 -2.4309677663903253e+02
2.5943566666666666e+00 3.1630029189255413e+02 -2.4323639330908082e+02
2.5953533333333332e+00 3.1654278714290433e+02 -2.4337614919977267e+02
2.5963500000000002e+00 3.1678542175273986e+02 -2.4351604444997602e+02
2.5973466666666667e+00 3.1702819586102470e+02 -2.4365607919859630e+02
2.5983433333333332e+00 3.1727110960686167e+02 -2.4379625358468925e+02
2.5993400000000002e+00 3.1751416312949232e+02 -2.4393656774760817e+02
2.6003366666666667e+00 3.1775735656829681e+02 -2.4407702182671440e+02
2.6013333333333333e+00 3.1800069006279455e+02 -2.4421761596146035e+02
2.6023299999999998e+00 3.1824416375264394e+02 -2.4435835029152099e+02
2.6033266666666668e+00 3.1848777777764275e+02 -2.4449922495673732e+02
2.6043233333333333e+00 3.1873153227772781e+02 -2.4464024009701257e+02
2.6053199999999999e+00 3.1897542739297592e+02 -2.4478139585242855e+02
2.6063166666666668e+00 3.1921946326360347e+02 -2.4492269236319481e+02
2.6073133333333334e+00 3.1946364002996631e+02 -2.4506412976969929e+02
2.6083099999999999e+00 3.1970795783256068e+02 -2.4520570821239440e+02
2.6093066666666669e+00 3.1995241681202288e+02 -2.4534742783194579e+02
2.6103033333333334e+00 3.2019701710912909e+02 -2.4548928876916960e+02
2.6113000000000000e+00 3.2044175886479616e+02 -2.4563129116485763e+02
2.6122966666666665e+00 3.2068664222008147e+02 -2.4577343516019619e+02
2.6132933333333335e+00 3.2093166731618305e+02 -2.4591572089633885e+02
2.6142900000000000e+00 3.2117683429443946e+02 -2.4605814851455747e+02
2.6152866666666665e+00 3.2142214329633049e+02 -2.4620071815644451e+02
2.6162833333333335e+00 3.2166759446347703e+02 -2.4634342996355065e+02
2.6172800000000001e+00 3.2191318793764088e+02 -2.4648628407766103e+02
2.6182766666666666e+00 3.2215892386072551e+02 -2.4662928064070806e+02
2.6192733333333331e+00 3.2240480237477578e+02 -2.4677241979464787e+02
2.6202700000000001e+00 3.2265082362197825e+02 -2.4691570168171808e+02
2.6212666666666666e+00 3.2289698774466098e+02 -2.4705912644424589e+02
2.6222633333333332e+00 3.2314329488529432e+02 -2.4720269422473535e+02
2.6232600000000001e+00 3.2338974518649070e+02 -2.4734640516579302e+02
2.6242566666666667e+00 3.2363633879100433e+02 -2.4749025941011664e+02
2.6252533333333332e+00 3.2388307584173214e+02 -2.4763425710063802e+02
2.6262500000000002e+00 3.2412995648171358e+02 -2.4777839838036303e+02
2.6272466666666667e+00 3.2437698085413035e+02 -2.4792268339253130e+02
2.6282433333333333e+00 3.2462414910230734e+02 -2.4806711228044335e+02
2.6292399999999998e+00 3.2487146136971222e+02 -2.4821168518756676e+02
2.6302366666666668e+00 3.2511891779995574e+02 -2.4835640225750848e+02
2.6312333333333333e+00 3.2536651853679166e+02 -2.4850126363402151e+02
2.6322299999999998e+00 3.2561426372411734e+02 -2.4864626946103502e+02
2.6332266666666668e+00 3.2586215350597359e+02 -2.4879141988252516e+02
2.6342233333333334e+00 3.2611018802654462e+02 -2.4893671504270105e+02
2.6352199999999999e+00 3.2635836743015869e+02 -2.4908215508591940e+02
2.6362166666666669e+00 3.2660669186128797e+02 -2.4922774015661290e+02
2.6372133333333334e+00 3.2685516146454836e+02 -2.4937347039944706e+02
2.6382099999999999e+00 3.2710377638470038e+02 -2.4951934595914747e+02
2.6392066666666665e+00 3.2735253676664865e+02 -2.4966536698060764e+02
2.6402033333333335e+00 3.2760144275544252e+02 -2.4981153360891807e+02
2.6412000000000000e+00 3.2785049449627553e+02 -2.4995784598920048e+02
2.6421966666666665e+00 3.2809969213448647e+02 -2.5010430426689445e+02
2.6431933333333335e+00 3.2834903581555898e+02 -2.5025090858746000e+02
2.6441900000000000e+00 3.2859852568512139e+02 -2.5039765909641818e+02
2.6451866666666666e+00 3.2884816188894763e+02 -2.5054455593963579e+02
2.6461833333333336e+00 3.2909794457295703e+02 -2.5069159926302964e+02
2.6471800000000001e+00 3.2934787388321405e+02 -2.5083878921266248e+02
2.6481766666666666e+00 3.2959794996592910e+02 -2.5098612593471356e+02
2.6491733333333332e+00 3.2984817296745837e+02 -2.5113360957558777e+02
2.6501700000000001e+00 3.3009854303430404e+02 -2.5128124028177371e+02
2.6511666666666667e+00 3.3034906031311402e+02 -2.5142901819984729e+02
2.6521633333333332e+00 3.3059972495068280e+02 -2.5157694347667302e+02
2.6531600000000002e+00 3.3085053709395123e+02 -2.5172501625919480e+02
2.6541566666666667e+00 3.3110149689000644e+02 -2.5187323669450208e+02
2.6551533333333333e+00 3.3135260448608250e+02 -2.5202160492980019e+02
2.6561499999999998e+00 3.3160386002956017e+02 -2.5217012111243517e+02
2.6571466666666668e+00 3.3185526366796728e+02 -2.5231878539000803e+02
2.6581433333333333e+00 3.3210681554897855e+02 -2.5246759791020708e+02
2.6591399999999998e+00 3.3235851582041613e+02 -2.5261655882078006e+02
2.6601366666666668e+00 3.3261036463024965e+02 -2.5276566826972660e+02
2.6611333333333334e+00 3.3286236212659594e+02 -2.5291492640516279e+02
2.6621299999999999e+00 3.3311450845771986e+02 -2.5306433337534935e+02
2.6631266666666669e+00 3.3336680377203413e+02 -2.5321388932871392e+02
2.6641233333333334e+00 3.3361924821809913e+02 -2.5336359441382893e+02
2.6651199999999999e+00 3.3387184194462372e+02 -2.5351344877938197e+02
2.6661166666666665e+00 3.3412458510046491e+02 -2.5366345257423032e+02
2.6671133333333334e+00 3.3437747783462822e+02 -2.5381360594734468e+02
2.6681100000000000e+00 3.3463052029626749e+02 -2.5396390904795300e+02
2.6691066666666665e+00 3.3488371263468565e+02 -2.5411436202534216e+02
2.6701033333333335e+00 3.3513705499933440e+02 -2.5426496502885306e+02
2.6711000000000000e+00 3.3539054753981418e+02 -2.5441571820822699e+02
2.6720966666666666e+00 3.3564419040587501e+02 -2.5456662171320676e+02
2.6730933333333335e+00 3.3589798374741616e+02 -2.5471767569358991e+02
2.6740900000000001e+00 3.3615192771448602e+02 -2.5486888029951695e+02
2.6750866666666666e+00 3.3640602245728303e+02 -2.5502023568112946e+02
2.6760833333333331e+00 3.3666026812615519e+02 -2.5517174198876754e+02
2.6770800000000001e+00 3.3691466487160056e+02 -2.5532339937299932e+02
2.6780766666666667e+00 3.3716921284426701e+02 -2.5547520798445038e+02
2.6790733333333332e+00 3.3742391219495289e+02 -2.5562716797388916e+02
2.6800700000000002e+00 3.3767876307460693e+02 -2.5577927949225455e+02
2.6810666666666667e+00 3.3793376563432804e+02 -2.5593154269068540e+02
2.6820633333333332e+00 3.3818892002536620e+02 -2.5608395772037767e+02
2.6830600000000002e+00 3.3844422639912210e+02 -2.5623652473278383e+02
2.6840566666666668e+00 3.3869968490714717e+02 -2.5638924387947048e+02
2.6850533333333333e+00 3.3895529570114428e+02 -2.5654211531208966e+02
2.6860499999999998e+00 3.3921105893296738e+02 -2.5669513918252142e+02
2.6870466666666668e+00 3.3946697475462207e+02 -2.5684831564276055e+02
2.6880433333333333e+00 3.3972304331826507e+02 -2.5700164484494388e+02
2.6890399999999999e+00 3.3997926477620524e+02 -2.5715512694143570e+02
2.6900366666666669e+00 3.4023563928090334e+02 -2.5730876208465907e+02
2.6910333333333334e+00 3.4049216698497173e+02 -2.5746255042720691e+02
2.6920299999999999e+00 3.4074884804117534e+02 -2.5761649212189974e+02
2.6930266666666669e+00 3.4100568260243142e+02 -2.5777058732161697e+02
2.6940233333333334e+00 3.4126267082180942e+02 -2.5792483617946493e+02
2.6950200000000000e+00 3.4151981285253169e+02 -2.5807923884860645e+02
2.6960166666666665e+00 3.4177710884797330e+02 -2.5823379548243304e+02
2.6970133333333335e+00 3.4203455896166230e+02 -2.5838850623450838e+02
2.6980100000000000e+00 3.4229216334727960e+02 -2.5854337125848087e+02
2.6990066666666666e+00 3.4254992215865963e+02 -2.5869839070822530e+02
2.7000033333333335e+00 3.4280783554979024e+02 -2.5885356473764830e+02
2.7010000000000001e+00 3.4306590367481243e+02 -2.5900889350096844e+02
2.7019966666666666e+00 3.4332412668802135e+02 -2.5916437715248878e+02
2.7029933333333331e+00 3.4358250474386585e+02 -2.5932001584657030e+02
2.7039900000000001e+00 3.4384103799694884e+02 -2.5947580973788951e+02
2.7049866666666667e+00 3.4409972660202715e+02 -2.5963175898117817e+02
2.7059833333333332e+00 3.4435857071401222e+02 -2.5978786373136563e+02
2.7069800000000002e+00 3.4461757048796994e+02 -2.5994412414349989e+02
2.7079766666666667e+00 3.4487672607912054e+02 -2.6010054037282612e+02
2.7089733333333332e+00 3.4513603764283937e+02 -2.6025711257470113e+02
2.7099700000000002e+00 3.4539550533465666e+02 -2.6041384090462941e+02
2.7109666666666667e+00 3.4565512931025739e+02 -2.6057072551831249e+02
2.7119633333333333e+00 3.4591490972548218e+02 -2.6072776657162103e+02
2.7129599999999998e+00 3.4617484673632691e+02 -2.6088496422057017e+02
2.7139566666666668e+00 3.4643494049894315e+02 -2.6104231862117729e+02
2.7149533333333333e+00 3.4669519116963772e+02 -2.6119982992988508e+02
2.7159499999999999e+00 3.4695559890487380e+02 -2.6135749830313341e+02
2.7169466666666668e+00 3.4721616386127050e+02 -2.6151532389748252e+02
2.7179433333333334e+00 3.4747688619560284e+02 -2.6167330686977476e+02
2.7189399999999999e+00 3.4773776606480243e+02 -2.6183144737690549e+02
2.7199366666666669e+00 3.4799880362595735e+02 -2.6198974557600587e+02
2.7209333333333334e+00 3.4825999903631214e+02 -2.6214820162426042e+02
2.7219300000000000e+00 3.4852135245326826e+02 -2.6230681567905037e+02
2.7229266666666665e+00 3.4878286403438415e+02 -2.6246558789801617e+02
2.7239233333333335e+00 3.4904453393737543e+02 -2.6262451843888704e+02
2.7249200000000000e+00 3.4930636232011472e+02 -2.6278360745941774e+02
2.7259166666666665e+00 3.4956834934063227e+02 -2.6294285511770039e+02
2.7269133333333335e+00 3.4983049515711605e+02 -2.6310226157197940e+02
2.7279100000000001e+00 3.5009279992791136e+02 -2.6326182698055112e+02
2.7289066666666666e+00 3.5035526381152175e+02 -2.6342155150190695e+02
2.7299033333333336e+00 3.5061788696660881e+02 -2.6358143529466196e+02
2.7309000000000001e+00 3.5088066955199196e+02 -2.6374147851771158e+02
2.7318966666666666e+00 3.5114361172664940e+02 -2.6390168133006193e+02
2.7328933333333332e+00 3.5140671364971774e+02 -2.6406204389080767e+02
2.7338900000000002e+00 3.5166997548049238e+02 -2.6422256635919024e+02
2.7348866666666667e+00 3.5193339737842723e+02 -2.6438324889470368e+02
2.7358833333333332e+00 3.5219697950313548e+02 -2.6454409165703640e+02
2.7368800000000002e+00 3.5246072201438955e+02 -2.6470509480585946e+02
2.7378766666666667e+00 3.5272462507212083e+02 -2.6486625850112313e+02
2.7388733333333333e+00 3.5298868883642047e+02 -2.6502758290294531e+02
2.7398699999999998e+00 3.5325291346753920e+02 -2.6518906817156147e+02
2.7408666666666668e+00 3.5351729912588769e+02 -2.6535071446738249e+02
2.7418633333333333e+00 3.5378184597203614e+02 -2.6551252195098630e+02
2.7428599999999999e+00 3.5404655416671528e+02 -2.6567449078314405e+02
2.7438566666666668e+00 3.5431142387081610e+02 -2.6583662112466823e+02
2.7448533333333334e+00 3.5457645524538964e+02 -2.6599891313664978e+02
2.7458499999999999e+00 3.5484164845164787e+02 -2.6616136698031602e+02
2.7468466666666669e+00 3.5510700365096358e+02 -2.6632398281690735e+02
2.7478433333333334e+00 3.5537252100487007e+02 -2.6648676080817074e+02
2.7488400000000000e+00 3.5563820067506208e+02 -2.6664970111570636e+02
2.7498366666666665e+00 3.5590404282339551e+02 -2.6681280390128939e+02
2.7508333333333335e+00 3.5617004761188775e+02 -2.6697606932712807e+02
2.7518300000000000e+00 3.5643621520271739e+02 -2.6713949755516910e+02
2.7528266666666665e+00 3.5670254575822503e+02 -2.6730308874789347e+02
2.7538233333333335e+00 3.5696903944091332e+02 -2.6746684306785437e+02
2.7548200000000000e+00 3.5723569641344642e+02 -2.6763076067754020e+02
2.7558166666666666e+00 3.5750251683865105e+02 -2.6779484173988789e+02
2.7568133333333336e+00 3.5776950087951644e+02 -2.6795908641793574e+02
2.7578100000000001e+00 3.5803664869919390e+02 -2.6812349487474251e+02
2.7588066666666666e+00 3.5830396046099781e+02 -2.6828806727364679e+02
2.7598033333333332e+00 3.5857143632840524e+02 -2.6845280377816374e+02
2.7608000000000001e+00 3.5883907646505645e+02 -2.6861770455187099e+02
2.7617966666666667e+00 3.5910688103475445e+02 -2.6878276975859711e+02
2.7627933333333332e+00 3.5937485020146602e+02 -2.6894799956233373e+02
2.7637900000000002e+00 3.5964298412932141e+02 -2.6911339412720338e+02
2.7647866666666667e+00 3.5991128298261413e+02 -2.6927895361749097e+02
2.7657833333333333e+00 3.6017974692580196e+02 -2.6944467819761530e+02
2.7667800000000002e+00 3.6044837612350659e+02 -2.6961056803224119e+02
2.7677766666666668e+00 3.6071717074051355e+02 -2.6977662328619550e+02
2.7687733333333333e+00 3.6098613094177313e+02 -2.6994284412438441e+02
2.7697699999999998e+00 3.6125525689239981e+02 -2.7010923071183447e+02
2.7707666666666668e+00 3.6152454875767290e+02 -2.7027578321394907e+02
2.7717633333333334e+00 3.6179400670303625e+02 -2.7044250179618263e+02
2.7727599999999999e+00 3.6206363089409894e+02 -2.7060938662403657e+02
2.7737566666666669e+00 3.6233342149663525e+02 -2.7077643786337416e+02
2.7747533333333334e+00 3.6260337867658438e+02 -2.7094365568010591e+02
2.7757499999999999e+00 3.6287350260005138e+02 -2.7111104024033529e+02
2.7767466666666665e+00 3.6314379343330677e+02 -2.7127859171031514e+02
2.7777433333333335e+00 3.6341425134278700e+02 -2.7144631025650420e+02
2.7787400000000000e+00 3.6368487649509410e+02 -2.7161419604546927e+02
2.7797366666666665e+00 3.6395566905699667e+02 -2.7178224924402258e+02
2.7807333333333335e+00 3.6422662919542955e+02 -2.7195047001914065e+02
2.7817300000000000e+00 3.6449775707749370e+02 -2.7211885853778887e+02
2.7827266666666666e+00 3.6476905287045707e+02 -2.7228741496734983e+02
2.7837233333333335e+00 3.6504051674175440e+02 -2.7245613947528494e+02
2.7847200000000001e+00 3.6531214885898703e+02 -2.7262503222904456e+02
2.7857166666666666e+00 3.6558394938992370e+02 -2.7279409339649942e+02
2.7867133333333332e+00 3.6585591850250046e+02 -2.7296332314561323e+02
2.7877100000000001e+00 3.6612805636482091e+02 -2.7313272164441429e+02
2.7887066666666667e+00 3.6640036314515584e+02 -2.7330228906120840e+02
2.7897033333333332e+00 3.6667283901194423e+02 -2.7347202556443267e+02
2.7907000000000002e+00 3.6694548413379312e+02 -2.7364193132274670e+02
2.7916966666666667e+00 3.6721829867947719e+02 -2.7381200650485573e+02
2.7926933333333332e+00 3.6749128281793975e+02 -2.7398225127965270e+02
2.7936900000000002e+00 3.6776443671829270e+02 -2.7415266581636791e+02
2.7946866666666668e+00 3.6803776054981614e+02 -2.7432325028424833e+02
2.7956833333333333e+00 3.6831125448195939e+02 -2.7449400485273259e+02
2.7966799999999998e+00 3.6858491868434055e+02 -2.7466492969140955e+02
2.7976766666666668e+00 3.6885875332674692e+02 -2.7483602497007644e+02
2.7986733333333333e+00 3.6913275857913493e+02 -2.7500729085875008e+02
2.7996699999999999e+00 3.6940693461163067e+02 -2.7517872752746337e+02
2.8006666666666669e+00 3.6968128159452999e+02 -2.7535033514655959e+02
2.8016633333333334e+00 3.6995579969829811e+02 -2.7552211388654052e+02
2.8026599999999999e+00 3.7023048909357067e+02 -2.7569406391798026e+02
2.8036566666666669e+00 3.7050534995115339e+02 -2.7586618541170742e+02
2.8046533333333334e+00 3.7078038244202196e+02 -2.7603847853870843e+02
2.8056500000000000e+00 3.7105558673732298e+02 -2.7621094347010353e+02
2.8066466666666665e+00 3.7133096300837354e+02 -2.7638358037724981e+02
2.8076433333333335e+00 3.7160651142666171e+02 -2.7655638943159914e+02
2.8086400000000000e+00 3.7188223216384614e+02 -2.7672937080479380e+02
2.8096366666666666e+00 3.7215812539175710e+02 -2.7690252466874762e+02
2.8106333333333335e+00 3.7243419128239617e+02 -2.7707585119540204e+02
2.8116300000000001e+00 3.7271043000793600e+02 -2.7724935055688417e+02
2.8126266666666666e+00 3.7298684174072139e+02 -2.7742302292562545e+02
2.8136233333333331e+00 3.7326342665326888e+02 -2.7759686847412365e+02
2.8146200000000001e+00 3.7354018491826713e+02 -2.7777088737502896e+02
2.8156166666666667e+00 3.7381711670857658e+02 -2.7794507980123836e+02
2.8166133333333332e+00 3.7409422219723052e+02 -2.7811944592577703e+02
2.8176100000000002e+00 3.7437150155743467e+02 -2.7829398592178484e+02
2.8186066666666667e+00 3.7464895496256707e+02 -2.7846869996272926e+02
2.8196033333333332e+00 3.7492658258617917e+02 -2.7864358822217685e+02
2.8206000000000002e+00 3.7520438460199540e+02 -2.7881865087375263e+02
2.8215966666666668e+00 3.7548236118391299e+02 -2.7899388809140891e+02
2.8225933333333333e+00 3.7576051250600301e+02 -2.7916930004923034e+02
2.8235899999999998e+00 3.7603883874251005e+02 -2.7934488692148278e+02
2.8245866666666668e+00 3.7631734006785246e+02 -2.7952064888249947e+02
2.8255833333333333e+00 3.7659601665662217e+02 -2.7969658610694552e+02
2.8265799999999999e+00 3.7687486868358559e+02 -2.7987269876955600e+02
2.8275766666666668e+00 3.7715389632368340e+02 -2.8004898704526840e+02
2.8285733333333334e+00 3.7743309975203033e+02 -2.8022545110923295e+02
2.8295699999999999e+00 3.7771247914391614e+02 -2.8040209113666862e+02
2.8305666666666669e+00 3.7799203467480538e+02 -2.8057890730311260e+02
2.8315633333333334e+00 3.7827176652033717e+02 -2.8075589978419941e+02
2.8325600000000000e+00 3.7855167485632620e+02 -2.8093306875572409e+02
2.8335566666666665e+00 3.7883175985876227e+02 -2.8111041439360628e+02
2.8345533333333335e+00 3.7911202170381080e+02 -2.8128793687414782e+02
2.8355500000000000e+00 3.7939246056781258e+02 -2.8146563637361083e+02
2.8365466666666665e+00 3.7967307662728450e+02 -2.8164351306849699e+02
2.8375433333333335e+00 3.7995387005891962e+02 -2.8182156713557038e+02
2.8385400000000001e+00 3.8023484103958668e+02 -2.8199979875157777e+02
2.8395366666666666e+00 3.8051598974633117e+02 -2.8217820809367646e+02
2.8405333333333336e+00 3.8079731635637523e+02 -2.8235679533905858e+02
2.8415300000000001e+00 3.8107882104711729e+02 -2.8253556066512675e+02
2.8425266666666666e+00 3.8136050399613299e+02 -2.8271450424944328e+02
2.8435233333333332e+00 3.8164236538117501e+02 -2.8289362626975276e+02
2.8445200000000002e+00 3.8192440538017337e+02 -2.8307292690398350e+02
2.8455166666666667e+00 3.8220662417123509e+02 -2.8325240633027943e+02
2.8465133333333332e+00 3.8248902193264524e+02 -2.8343206472690935e+02
2.8475100000000002e+00 3.8277159884286664e+02 -2.8361190227232083e+02
2.8485066666666667e+00 3.8305435508053966e+02 -2.8379191914517145e+02
2.8495033333333333e+00 3.8333729082448320e+02 -2.8397211552419185e+02
2.8504999999999998e+00 3.8362040625369434e+02 -2.8415249158852407e+02
2.8514966666666668e+00 3.8390370154734882e+02 -2.8433304751726627e+02
2.8524933333333333e+00 3.8418717688480064e+02 -2.8451378348978847e+02
2.8534899999999999e+00 3.8447083244558303e+02 -2.8469469968567046e+02
2.8544866666666668e+00 3.8475466840940823e+02 -2.8487579628447281e+02
2.8554833333333334e+00 3.8503868495616729e+02 -2.8505707346619323e+02
2.8564799999999999e+00 3.8532288226593101e+02 -2.8523853141098135e+02
2.8574766666666669e+00 3.8560726051894989e+02 -2.8542017029896851e+02
2.8584733333333334e+00 3.8589181989565361e+02 -2.8560199031060847e+02
2.8594700000000000e+00 3.8617656057665226e+02 -2.8578399162651363e+02
2.8604666666666665e+00 3.8646148274273583e+02 -2.8596617442747993e+02
2.8614633333333335e+00 3.8674658657487470e+02 -2.8614853889448813e+02
2.8624600000000000e+00 3.8703187225421942e+02 -2.8633108520867665e+02
2.8634566666666665e+00 3.8731733996210147e+02 -2.8651381355136340e+02
2.8644533333333335e+00 3.8760298988003319e+02 -2.8669672410410629e+02
2.8654500000000001e+00 3.8788882218970758e+02 -2.8687981704855736e+02
2.8664466666666666e+00 3.8817483707299908e+02 -2.8706309256657545e+02
2.8674433333333336e+00 3.8846103471196363e+02 -2.8724655084031815e+02
2.8684400000000001e+00 3.8874741528883823e+02 -2.8743019205189330e+02
2.8694366666666666e+00 3.8903397898604197e+02 -2.8761401638376589e+02
2.8704333333333332e+00 3.8932072598617577e+02 -2.8779802401858547e+02
2.8714300000000001e+00 3.8960765647202277e+02 -2.8798221513907316e+02
2.8724266666666667e+00 3.8989477062654794e+02 -2.8816658992819254e+02
2.8734233333333332e+00 3.9018206863289907e+02 -2.8835114856914220e+02
2.8744200000000002e+00 3.9046955067440666e+02 -2.8853589124524956e+02
2.8754166666666667e+00 3.9075721693458360e+02 -2.8872081813996289e+02
2.8764133333333333e+00 3.9104506759712609e+02 -2.8890592943702228e+02
2.8774100000000002e+00 3.9133310284591357e+02 -2.8909122532032586e+02
2.8784066666666668e+00 3.9162132286500849e+02 -2.8927670597389215e+02
2.8794033333333333e+00 3.9190972783865715e+02 -2.8946237158201029e+02
2.8803999999999998e+00 3.9219831795128948e+02 -2.8964822232906948e+02
2.8813966666666668e+00 3.9248709338751945e+02 -2.8983425839973074e+02
2.8823933333333334e+00 3.9277605433214467e+02 -2.9002047997875422e+02
2.8833899999999999e+00 3.9306520097014749e+02 -2.9020688725107681e+02
2.8843866666666669e+00 3.9335453348669466e+02 -2.9039348040199479e+02
2.8853833333333334e+00 3.9364405206713730e+02 -2.9058025961675298e+02
2.8863799999999999e+00 3.9393375689701162e+02 -2.9076722508092308e+02
2.8873766666666665e+00 3.9422364816203873e+02 -2.9095437698023483e+02
2.8883733333333335e+00 3.9451372604812508e+02 -2.9114171550054726e+02
2.8893700000000000e+00 3.9480399074136210e+02 -2.9132924082801799e+02
2.8903666666666665e+00 3.9509444242802726e+02 -2.9151695314892316e+02
2.8913633333333335e+00 3.9538508129458364e+02 -2.9170485264967232e+02
2.8923600000000000e+00 3.9567590752767995e+02 -2.9189293951690740e+02
2.8933566666666666e+00 3.9596692131415136e+02 -2.9208121393750338e+02
2.8943533333333336e+00 3.9625812284101937e+02 -2.9226967609846878e+02
2.8953500000000001e+00 3.9654951229549164e+02 -2.9245832618704446e+02
2.8963466666666666e+00 3.9684108986496278e+02 -2.9264716439059811e+02
2.8973433333333332e+00 3.9713285573701427e+02 -2.9283619089671265e+02
2.8983400000000001e+00 3.9742481009941463e+02 -2.9302540589313043e+02
2.8993366666666667e+00 3.9771695314011930e+02 -2.9321480956780533e+02
2.9003333333333332e+00 3.9800928504727148e+02 -2.9340440210892325e+02
2.9013300000000002e+00 3.9830180600920210e+02 -2.9359418370483365e+02
2.9023266666666667e+00 3.9859451621442940e+02 -2.9378415454400397e+02
2.9033233333333333e+00 3.9888741585165997e+02 -2.9397431481510426e+02
2.9043200000000002e+00 3.9918050510978861e+02 -2.9416466470711185e+02
2.9053166666666668e+00 3.9947378417789815e+02 -2.9435520440912148e+02
2.9063133333333333e+00 3.9976725324526029e+02 -2.9454593411032488e+02
2.9073099999999998e+00 4.0006091250133534e+02 -2.9473685400018707e+02
2.9083066666666668e+00 4.0035476213577260e+02 -2.9492796426841903e+02
2.9093033333333334e+00 4.0064880233841023e+02 -2.9511926510482812e+02
2.9102999999999999e+00 4.0094303329927595e+02 -2.9531075669942408e+02
2.9112966666666669e+00 4.0123745520858711e+02 -2.9550243924249673e+02
2.9122933333333334e+00 4.0153206825675022e+02 -2.9569431292433865e+02
2.9132899999999999e+00 4.0182687263436202e+02 -2.9588637793558615e+02
2.9142866666666669e+00 4.0212186853220948e+02 -2.9607863446710019e+02
2.9152833333333334e+00 4.0241705614126926e+02 -2.9627108270980040e+02
2.9162800000000000e+00 4.0271243565270890e+02 -2.9646372285484523e+02
2.9172766666666665e+00 4.0300800725788650e+02 -2.9665655509361056e+02
2.9182733333333335e+00 4.0330377114835102e+02 -2.9684957961763314e+02
2.9192700000000000e+00 4.0359972751584206e+02 -2.9704279661860249e+02
2.9202666666666666e+00 4.0389587655229076e+02 -2.9723620628858004e+02
2.9212633333333335e+00 4.0419221844981979e+02 -2.9742980881962546e+02
2.9222600000000001e+00 4.0448875340074284e+02 -2.9762360440399846e+02
2.9232566666666666e+00 4.0478548159756588e+02 -2.9781759323425433e+02
2.9242533333333331e+00 4.0508240323298662e+02 -2.9801177550308074e+02
2.9252500000000001e+00 4.0537951849989508e+02 -2.9820615140338373e+02
2.9262466666666667e+00 4.0567682759137330e+02 -2.9840072112825027e+02
2.9272433333333332e+00 4.0597433070069616e+02 -2.9859548487091018e+02
2.9282400000000002e+00 4.0627202802133132e+02 -2.9879044282484955e+02
2.9292366666666667e+00 4.0656991974693892e+02 -2.9898559518375407e+02
2.9302333333333332e+00 4.0686800607137263e+02 -2.9918094214148067e+02
2.9312300000000002e+00 4.0716628718867941e+02 -2.9937648389202911e+02
2.9322266666666668e+00 4.0746476329309934e+02 -2.9957222062965553e+02
2.9332233333333333e+00 4.0776343457906660e+02 -2.9976815254885332e+02
2.9342199999999998e+00 4.0806230124120907e+02 -2.9996427984419245e+02
2.9352166666666668e+00 4.0836128344066486e+02 -3.0000000000000000e+02
2.9362133333333333e+00 4.0866028344066484e+02 -3.0000000000000000e+02
2.9372099999999999e+00 4.0895928344066482e+02 -3.0000000000000000e+02
2.9382066666666669e+00 4.0925828344066491e+02 -3.0000000000000000e+02
2.9392033333333334e+00 4.0955728344066489e+02 -3.0000000000000000e+02
2.9401999999999999e+00 4.0985628344066487e+02 -3.0000000000000000e+02
2.9411966666666669e+00 4.1015528344066496e+02 -3.0000000000000000e+02
2.9421933333333334e+00 4.1045428344066494e+02 -3.0000000000000000e+02
2.9431900000000000e+00 4.1075328344066492e+02 -3.0000000000000000e+02
2.9441866666666665e+00 4.1105228344066489e+02 -3.0000000000000000e+02
2.9451833333333335e+00 4.1135128344066499e+02 -3.0000000000000000e+02
2.9461800000000000e+00 4.1165028344066496e+02 -3.0000000000000000e+02
2.9471766666666666e+00 4.1194928344066494e+02 -3.0000000000000000e+02
2.9481733333333335e+00 4.1224828344066503e+02 -3.0000000000000000e+02
2.9491700000000001e+00 4.1254728344066501e+02 -3.0000000000000000e+02
2.9501666666666666e+00 4.1284628344066499e+02 -3.0000000000000000e+02
2.9511633333333336e+00 4.1314528344066508e+02 -3.0000000000000000e+02
2.9521600000000001e+00 4.1344428344066506e+02 -3.0000000000000000e+02
2.9531566666666667e+00 4.1374328344066504e+02 -3.0000000000000000e+02
2.9541533333333332e+00 4.1404228344066502e+02 -3.0000000000000000e+02
2.9551500000000002e+00 4.1434128344066511e+02 -3.0000000000000000e+02
2.9561466666666667e+00 4.1464028344066509e+02 -3.0000000000000000e+02
2.9571433333333332e+00 4.1493928344066506e+02 -3.0000000000000000e+02
2.9581400000000002e+00 4.1523828344066516e+02 -3.0000000000000000e+02
2.9591366666666667e+00 4.1553728344066514e+02 -3.0000000000000000e+02
2.9601333333333333e+00 4.1583628344066511e+02 -3.0000000000000000e+02
2.9611299999999998e+00 4.1613528344066509e+02 -3.0000000000000000e+02
2.9621266666666668e+00 4.1643428344066518e+02 -3.0000000000000000e+02
2.9631233333333333e+00 4.1673328344066516e+02 -3.0000000000000000e+02
2.9641199999999999e+00 4.1703228344066514e+02 -3.0000000000000000e+02
2.9651166666666668e+00 4.1733128344066523e+02 -3.0000000000000000e+02
2.9661133333333334e+00 4.1763028344066521e+02 -3.0000000000000000e+02
2.9671099999999999e+00 4.1792928344066519e+02 -3.0000000000000000e+02
2.9681066666666669e+00 4.1822828344066528e+02 -3.0000000000000000e+02
2.9691033333333334e+00 4.1852728344066526e+02 -3.0000000000000000e+02
2.9701000000000000e+00 4.1882628344066524e+02 -3.0000000000000000e+02
2.9710966666666665e+00 4.1912528344066521e+02 -3.0000000000000000e+02
2.9720933333333335e+00 4.1942428344066531e+02 -3.0000000000000000e+02
2.9730900000000000e+00 4.1972328344066528e+02 -3.0000000000000000e+02
2.9740866666666665e+00 4.2002228344066526e+02 -3.0000000000000000e+02
2.9750833333333335e+00 4.2032128344066535e+02 -3.0000000000000000e+02
2.9760800000000001e+00 4.2062028344066533e+02 -3.0000000000000000e+02
2.9770766666666666e+00 4.2091928344066531e+02 -3.0000000000000000e+02
2.9780733333333336e+00 4.2121828344066540e+02 -3.0000000000000000e+02
2.9790700000000001e+00 4.2151728344066538e+02 -3.0000000000000000e+02
2.9800666666666666e+00 4.2181628344066536e+02 -3.0000000000000000e+02
2.9810633333333332e+00 4.2211528344066534e+02 -3.0000000000000000e+02
2.9820600000000002e+00 4.2241428344066543e+02 -3.0000000000000000e+02
2.9830566666666667e+00 4.2271328344066541e+02 -3.0000000000000000e+02
2.9840533333333332e+00 4.2301228344066539e+02 -3.0000000000000000e+02
2.9850500000000002e+00 4.2331128344066548e+02 -3.0000000000000000e+02
2.9860466666666667e+00 4.2361028344066546e+02 -3.0000000000000000e+02
2.9870433333333333e+00 4.2390928344066543e+02 -3.0000000000000000e+02
2.9880400000000003e+00 4.2420828344066553e+02 -3.0000000000000000e+02
2.9890366666666668e+00 4.2450728344066550e+02 -3.0000000000000000e+02
2.9900333333333333e+00 4.2480628344066548e+02 -3.0000000000000000e+02
2.9910299999999999e+00 4.2510528344066546e+02 -3.0000000000000000e+02
2.9920266666666668e+00 4.2540428344066555e+02 -3.0000000000000000e+02
2.9930233333333334e+00 4.2570328344066553e+02 -3.0000000000000000e+02
2.9940199999999999e+00 4.2600228344066551e+02 -3.0000000000000000e+02
2.9950166666666669e+00 4.2630128344066560e+02 -3.0000000000000000e+02
2.9960133333333334e+00 4.2660028344066558e+02 -3.0000000000000000e+02
2.9970100000000000e+00 4.2689928344066556e+02 -3.0000000000000000e+02
2.9980066666666665e+00 4.2719828344066553e+02 -3.0000000000000000e+02
2.9990033333333335e+00 4.2749728344066563e+02 -3.0000000000000000e+02
3.0000000000000000e+00 4.2779628344066560e+02 -3.0000000000000000e+02
