# x energy force
1.0000000000000000e-02 8.1461978431197480e+01 2.2696385540717873e+02
1.0996666666666667e-02 8.1236145796514037e+01 2.2621200014487411e+02
1.1993333333333333e-02 8.1011061081419456e+01 2.2546301342284090e+02
1.2990000000000002e-02 8.0786720631083895e+01 2.2471849226723984e+02
1.3986666666666668e-02 8.0563120008093961e+01 2.2397841005368960e+02
1.4983333333333335e-02 8.0340254801492776e+01 2.2324274031656714e+02
1.5980000000000001e-02 8.0118120626622257e+01 2.2251145674801759e+02
1.6976666666666668e-02 7.9896713124966311e+01 2.2178453319701958e+02
1.7973333333333334e-02 7.9676027963994983e+01 2.2106194366852304e+02
1.8970000000000001e-02 7.9456060837009503e+01 2.2034366232240058e+02
1.9966666666666667e-02 7.9236807462988324e+01 2.1962966347261454e+02
2.0963333333333334e-02 7.9018263586433960e+01 2.1891992158629586e+02
2.1960000000000000e-02 7.8800424977220871e+01 2.1821441128278295e+02
2.2956666666666667e-02 7.8583287430444116e+01 2.1751310733277251e+02
2.3953333333333333e-02 7.8366846766269077e+01 2.1681598465728595e+02
2.4950000000000000e-02 7.8151098829781930e+01 2.1612301832694286e+02
2.5946666666666666e-02 7.7936039490841083e+01 2.1543418356104024e+02
2.6943333333333333e-02 7.7721664643929429e+01 2.1474945572654818e+02
2.7940000000000000e-02 7.7507970208007620e+01 2.1406881033729672e+02
2.8936666666666666e-02 7.7294952126368045e+01 2.1339222305316346e+02
2.9933333333333333e-02 7.7082606366489799e+01 2.1271966967911050e+02
3.0929999999999999e-02 7.6870928919894482e+01 2.1205112616432265e+02
3.1926666666666666e-02 7.6659915802002857e+01 2.1138656860147265e+02
3.2923333333333332e-02 7.6449563051992314e+01 2.1072597322570053e+02
3.3920000000000006e-02 7.6239866732655273e+01 2.1006931641384776e+02
3.4916666666666672e-02 7.6030822930258381e+01 2.0941657468359685e+02
3.5913333333333339e-02 7.5822427754402554e+01 2.0876772469263835e+02
3.6910000000000005e-02 7.5614677337883862e+01 2.0812274323786076e+02
3.7906666666666672e-02 7.5407567836555188e+01 2.0748160725447158e+02
3.8903333333333338e-02 7.5201095429188811e+01 2.0684429381519169e+02
3.9900000000000005e-02 7.4995256317339738e+01 2.0621078012943622e+02
4.0896666666666671e-02 7.4790046725209891e+01 2.0558104354250116e+02
4.1893333333333338e-02 7.4585462899513061e+01 2.0495506153475858e+02
4.2890000000000005e-02 7.4381501109340675e+01 2.0433281172087865e+02
4.3886666666666671e-02 7.4178157646028382e+01 2.0371427184893889e+02
4.4883333333333338e-02 7.3975428823023478e+01 2.0309941979970452e+02
4.5880000000000004e-02 7.3773310975753020e+01 2.0248823358584355e+02
4.6876666666666671e-02 7.3571800461492785e+01 2.0188069135109311e+02
4.7873333333333337e-02 7.3370893659237012e+01 2.0127677136951084e+02
4.8870000000000004e-02 7.3170586969568944e+01 2.0067645204466919e+02
4.9866666666666670e-02 7.2970876814532062e+01 2.0007971190893551e+02
5.0863333333333337e-02 7.2771759637502157e+01 1.9948652962265186e+02
5.1860000000000003e-02 7.2573231903060133e+01 1.9889688397337997e+02
5.2856666666666670e-02 7.2375290096865612e+01 1.9831075387516623e+02
5.3853333333333336e-02 7.2177930725531212e+01 1.9772811836778655e+02
5.4850000000000003e-02 7.1981150316497647e+01 1.9714895661596870e+02
5.5846666666666669e-02 7.1784945417909555e+01 1.9657324790864459e+02
5.6843333333333336e-02 7.1589312598492043e+01 1.9600097165827145e+02
5.7840000000000009e-02 7.1394248447427984e+01 1.9543210740003659e+02
5.8836666666666676e-02 7.1199749574236051e+01 1.9486663479112676e+02
5.9833333333333343e-02 7.1005812608649478e+01 1.9430453361002932e+02
6.0830000000000009e-02 7.0812434200495503e+01 1.9374578375580160e+02
6.1826666666666676e-02 7.0619611019575615e+01 1.9319036524732650e+02
6.2823333333333342e-02 7.0427339755546413e+01 1.9263825822263672e+02
6.3820000000000002e-02 7.0235617117801283e+01 1.9208944293816990e+02
6.4816666666666675e-02 7.0044439835352662e+01 1.9154389976808392e+02
6.5813333333333335e-02 6.9853804656715127e+01 1.9100160920357271e+02
6.6810000000000008e-02 6.9663708349789047e+01 1.9046255185209267e+02
6.7806666666666668e-02 6.9474147701745110e+01 1.8992670843675617e+02
6.8803333333333341e-02 6.9285119518909312e+01 1.8939405979562548e+02
6.9800000000000001e-02 6.9096620626648814e+01 1.8886458688097142e+02
7.0796666666666674e-02 6.8908647869258402e+01 1.8833827075864608e+02
7.1793333333333334e-02 6.8721198109847663e+01 1.8781509260738542e+02
7.2789999999999994e-02 6.8534268230228776e+01 1.8729503371815414e+02
7.3786666666666667e-02 6.8347855130804987e+01 1.8677807549345832e+02
7.4783333333333341e-02 6.8161955730459823e+01 1.8626419944666210e+02
7.5780000000000000e-02 6.7976566966446882e+01 1.8575338720137512e+02
7.6776666666666674e-02 6.7791685794280284e+01 1.8524562049079398e+02
7.7773333333333333e-02 6.7607309187625830e+01 1.8474088115695395e+02
7.8770000000000007e-02 6.7423434138192761e+01 1.8423915115019653e+02
7.9766666666666666e-02 6.7240057655626202e+01 1.8374041252850549e+02
8.0763333333333340e-02 6.7057176767400207e+01 1.8324464745678023e+02
8.1759999999999999e-02 6.6874788518711455e+01 1.8275183820627939e+02
8.2756666666666673e-02 6.6692889972373592e+01 1.8226196715397964e+02
8.3753333333333332e-02 6.6511478208712205e+01 1.8177501678190495e+02
8.4750000000000006e-02 6.6330550325460408e+01 1.8129096967653561e+02
8.5746666666666665e-02 6.6150103437655062e+01 1.8080980852817297e+02
8.6743333333333339e-02 6.5970134677533579e+01 1.8033151613031987e+02
8.7739999999999999e-02 6.5790641194431402e+01 1.7985607537908123e+02
8.8736666666666672e-02 6.5611620154680026e+01 1.7938346927250143e+02
8.9733333333333332e-02 6.5433068741505735e+01 1.7891368091001536e+02
9.0730000000000005e-02 6.5254984154928792e+01 1.7844669349186353e+02
9.1726666666666665e-02 6.5077363611663358e+01 1.7798249031837921e+02
9.2723333333333338e-02 6.4900204345017940e+01 1.7752105478947561e+02
9.3719999999999998e-02 6.4723503604796491e+01 1.7706237040408209e+02
9.4716666666666671e-02 6.4547258657199990e+01 1.7660642075946711e+02
9.5713333333333331e-02 6.4371466784728739e+01 1.7615318955072510e+02
9.6710000000000004e-02 6.4196125286085177e+01 1.7570266057014157e+02
9.7706666666666664e-02 6.4021231476077247e+01 1.7525481770663040e+02
9.8703333333333337e-02 6.3846782685522427e+01 1.7480964494517735e+02
9.9699999999999997e-02 6.3672776261152229e+01 1.7436712636625222e+02
1.0069666666666667e-01 6.3499209565517340e+01 1.7392724614523456e+02
1.0169333333333333e-01 6.3326079976893290e+01 1.7348998855185809e+02
1.0269000000000000e-01 6.3153384889186711e+01 1.7305533794963284e+02
1.0368666666666666e-01 6.2981121711842157e+01 1.7262327879529647e+02
1.0468333333333334e-01 6.2809287869749433e+01 1.7219379563826740e+02
1.0568000000000001e-01 6.2637880803151525e+01 1.7176687312008085e+02
1.0667666666666667e-01 6.2466897967553052e+01 1.7134249597384544e+02
1.0767333333333334e-01 6.2296336833629290e+01 1.7092064902367056e+02
1.0867000000000000e-01 6.2126194887135718e+01 1.7050131718417600e+02
1.0966666666666668e-01 6.1956469628818077e+01 1.7008448545991152e+02
1.1066333333333334e-01 6.1787158574323051e+01 1.6967013894481920e+02
1.1166000000000001e-01 6.1618259254109383e+01 1.6925826282173745e+02
1.1265666666666667e-01 6.1449769213359573e+01 1.6884884236182384e+02
1.1365333333333334e-01 6.1281686011892099e+01 1.6844186292407397e+02
1.1465000000000000e-01 6.1114007224074150e+01 1.6803730995475073e+02
1.1564666666666668e-01 6.0946730438734889e+01 1.6763516898690725e+02
1.1664333333333333e-01 6.0779853259079218e+01 1.6723542563986572e+02
1.1764000000000001e-01 6.0613373302602064e+01 1.6683806561863355e+02
1.1863666666666667e-01 6.0447288201003225e+01 1.6644307471349296e+02
1.1963333333333334e-01 6.0281595600102612e+01 1.6605043879944506e+02
1.2063000000000000e-01 6.0116293159756104e+01 1.6566014383569293e+02
1.2162666666666667e-01 5.9951378553771846e+01 1.6527217586515346e+02
1.2262333333333333e-01 5.9786849469827089e+01 1.6488652101395809e+02
1.2362000000000001e-01 5.9622703609385468e+01 1.6450316549096453e+02
1.2461666666666667e-01 5.9458938687614825e+01 1.6412209558725309e+02
1.2561333333333335e-01 5.9295552433305488e+01 1.6374329767562597e+02
1.2661000000000000e-01 5.9132542588789086e+01 1.6336675821014481e+02
1.2760666666666667e-01 5.8969906909857748e+01 1.6299246372564988e+02
1.2860333333333335e-01 5.8807643165683913e+01 1.6262040083722880e+02
1.2960000000000002e-01 5.8645749138740534e+01 1.6225055623978119e+02
1.3059666666666667e-01 5.8484222624721781e+01 1.6188291670755632e+02
1.3159333333333334e-01 5.8323061432464186e+01 1.6151746909363453e+02
1.3259000000000001e-01 5.8162263383868329e+01 1.6115420032949265e+02
1.3358666666666669e-01 5.8001826313820914e+01 1.6079309742452048e+02
1.3458333333333333e-01 5.7841748070117362e+01 1.6043414746555405e+02
1.3558000000000001e-01 5.7682026513384841e+01 1.6007733761642137e+02
1.3657666666666668e-01 5.7522659517005778e+01 1.5972265511747875e+02
1.3757333333333335e-01 5.7363644967041779e+01 1.5937008728518981e+02
1.3857000000000003e-01 5.7204980762158044e+01 1.5901962151159967e+02
1.3956666666666670e-01 5.7046664813548240e+01 1.5867124526391800e+02
1.4056333333333335e-01 5.6888695044859809e+01 1.5832494608411091e+02
1.4156000000000002e-01 5.6731069392119664e+01 1.5798071158841285e+02
1.4255666666666669e-01 5.6573785803660442e+01 1.5763852946688468e+02
1.4355333333333337e-01 5.6416842240047096e+01 1.5729838748296993e+02
1.4455000000000001e-01 5.6260236674003998e+01 1.5696027347308862e+02
1.4554666666666669e-01 5.6103967090342401e+01 1.5662417534617157e+02
1.4654333333333336e-01 5.5948031485888414e+01 1.5629008108323680e+02
1.4754000000000003e-01 5.5792427869411341e+01 1.5595797873697734e+02
1.4853666666666668e-01 5.5637154261552489e+01 1.5562785643130181e+02
1.4953333333333335e-01 5.5482208694754362e+01 1.5529970236092248e+02
1.5053000000000002e-01 5.5327589213190350e+01 1.5497350479094169e+02
1.5152666666666670e-01 5.5173293872694742e+01 1.5464925205643311e+02
1.5252333333333334e-01 5.5019320740693217e+01 1.5432693256201796e+02
1.5352000000000002e-01 5.4865667896133722e+01 1.5400653478145256e+02
1.5451666666666669e-01 5.4712333429417789e+01 1.5368804725720099e+02
1.5551333333333336e-01 5.4559315442332263e+01 1.5337145860004119e+02
1.5651000000000001e-01 5.4406612047981390e+01 1.5305675748866952e+02
1.5750666666666668e-01 5.4254221370719350e+01 1.5274393266927078e+02
1.5850333333333336e-01 5.4102141546083189e+01 1.5243297295513324e+02
1.5950000000000003e-01 5.3950370720726134e+01 1.5212386722624086e+02
1.6049666666666668e-01 5.3798907052351339e+01 1.5181660442887059e+02
1.6149333333333335e-01 5.3647748709645974e+01 1.5151117357520152e+02
1.6249000000000002e-01 5.3496893872215779e+01 1.5120756374291932e+02
1.6348666666666670e-01 5.3346340730519913e+01 1.5090576407486910e+02
1.6448333333333334e-01 5.3196087485806274e+01 1.5060576377859181e+02
1.6548000000000002e-01 5.3046132350047174e+01 1.5030755212595881e+02
1.6647666666666669e-01 5.2896473545875402e+01 1.5001111845284004e+02
1.6747333333333336e-01 5.2747109306520656e+01 1.4971645215868585e+02
1.6847000000000001e-01 5.2598037875746364e+01 1.4942354270612051e+02
1.6946666666666668e-01 5.2449257507786875e+01 1.4913237962061208e+02
1.7046333333333336e-01 5.2300766467285037e+01 1.4884295249009449e+02
1.7146000000000003e-01 5.2152563029230144e+01 1.4855525096453644e+02
1.7245666666666670e-01 5.2004645478896251e+01 1.4826926475564537e+02
1.7345333333333335e-01 5.1857012111780847e+01 1.4798498363647573e+02
1.7445000000000002e-01 5.1709661233543876e+01 1.4770239744105055e+02
1.7544666666666670e-01 5.1562591159947196e+01 1.4742149606399093e+02
1.7644333333333337e-01 5.1415800216794324e+01 1.4714226946016191e+02
1.7744000000000001e-01 5.1269286739870580e+01 1.4686470764435185e+02
1.7843666666666669e-01 5.1123049074883532e+01 1.4658880069085617e+02
1.7943333333333336e-01 5.0977085577403898e+01 1.4631453873315681e+02
1.8043000000000003e-01 5.0831394612806697e+01 1.4604191196356092e+02
1.8142666666666668e-01 5.0685974556212820e+01 1.4577091063284826e+02
1.8242333333333335e-01 5.0540823792430899e+01 1.4550152504992968e+02
1.8342000000000003e-01 5.0395940715899570e+01 1.4523374558149101e+02
1.8441666666666670e-01 5.0251323730630048e+01 1.4496756265165664e+02
1.8541333333333335e-01 5.0106971250149051e+01 1.4470296674164763e+02
1.8641000000000002e-01 4.9962881697442064e+01 1.4443994838942606e+02
1.8740666666666669e-01 4.9819053504896971e+01 1.4417849818936003e+02
1.8840333333333337e-01 4.9675485114247962e+01 1.4391860679193033e+02
1.8940000000000001e-01 4.9532174976519826e+01 1.4366026490333488e+02
1.9039666666666669e-01 4.9389121551972544e+01 1.4340346328519374e+02
1.9139333333333336e-01 4.9246323310046250e+01 1.4314819275419262e+02
1.9239000000000003e-01 4.9103778729306498e+01 1.4289444418176842e+02
1.9338666666666668e-01 4.8961486297389840e+01 1.4264220849381320e+02
1.9438333333333335e-01 4.8819444510949722e+01 1.4239147667029383e+02
1.9538000000000003e-01 4.8677651875602784e+01 1.4214223974496309e+02
1.9637666666666670e-01 4.8536106905875371e+01 1.4189448880503093e+02
1.9737333333333335e-01 4.8394808125150426e+01 1.4164821499085099e+02
1.9837000000000002e-01 4.8253754065614686e+01 1.4140340949558595e+02
1.9936666666666669e-01 4.8112943268206195e+01 1.4116006356492284e+02
2.0036333333333337e-01 4.7972374282562129e+01 1.4091816849674899e+02
2.0136000000000004e-01 4.7832045666966913e+01 1.4067771564080215e+02
2.0235666666666668e-01 4.7691955988300705e+01 1.4043869639841839e+02
2.0335333333333336e-01 4.7552103821988098e+01 1.4020110222220291e+02
2.0435000000000003e-01 4.7412487751947204e+01 1.3996492461571665e+02
2.0534666666666671e-01 4.7273106370539011e+01 1.3973015513316892e+02
2.0634333333333335e-01 4.7133958278517049e+01 1.3949678537913229e+02
2.0734000000000002e-01 4.6995042084977342e+01 1.3926480700824027e+02
2.0833666666666670e-01 4.6856356407308674e+01 1.3903421172486642e+02
2.0933333333333337e-01 4.6717899871143160e+01 1.3880499128285285e+02
2.1033000000000002e-01 4.6579671110307075e+01 1.3857713748521093e+02
2.1132666666666669e-01 4.6441668766772004e+01 1.3835064218382928e+02
2.1232333333333336e-01 4.6303891490606283e+01 1.3812549727914981e+02
2.1332000000000004e-01 4.6166337939926748e+01 1.3790169471992081e+02
2.1431666666666668e-01 4.6029006780850708e+01 1.3767922650290490e+02
2.1531333333333336e-01 4.5891896687448259e+01 1.3745808467256936e+02
2.1631000000000003e-01 4.5755006341694887e+01 1.3723826132081524e+02
2.1730666666666670e-01 4.5618334433424316e+01 1.3701974858668817e+02
2.1830333333333335e-01 4.5481879660281656e+01 1.3680253865611442e+02
2.1930000000000002e-01 4.5345640727676830e+01 1.3658662376158790e+02
2.2029666666666670e-01 4.5209616348738315e+01 1.3637199618192417e+02
2.2129333333333337e-01 4.5073805244267064e+01 1.3615864824199247e+02
2.2229000000000002e-01 4.4938206142690788e+01 1.3594657231240583e+02
2.2328666666666669e-01 4.4802817780018493e+01 1.3573576080925034e+02
2.2428333333333336e-01 4.4667638899795286e+01 1.3552620619384314e+02
2.2528000000000004e-01 4.4532668253057409e+01 1.3531790097245707e+02
2.2627666666666668e-01 4.4397904598287617e+01 1.3511083769602527e+02
2.2727333333333335e-01 4.4263346701370743e+01 1.3490500895990590e+02
2.2827000000000003e-01 4.4128993335549588e+01 1.3470040740360804e+02
2.2926666666666670e-01 4.3994843281381051e+01 1.3449702571050577e+02
2.3026333333333335e-01 4.3860895326692528e+01 1.3429485660761043e+02
2.3126000000000002e-01 4.3727148266538535e+01 1.3409389286528906e+02
2.3225666666666669e-01 4.3593600903157643e+01 1.3389412729703659e+02
2.3325333333333337e-01 4.3460252045929636e+01 1.3369555275916656e+02
2.3425000000000004e-01 4.3327100511332944e+01 1.3349816215057865e+02
2.3524666666666669e-01 4.3194145122902334e+01 1.3330194841252796e+02
2.3624333333333336e-01 4.3061384711186790e+01 1.3310690452836374e+02
2.3724000000000003e-01 4.2928818113707727e+01 1.3291302352326156e+02
2.3823666666666671e-01 4.2796444174917426e+01 1.3272029846396686e+02
2.3923333333333335e-01 4.2664261746157699e+01 1.3252872245857012e+02
2.4023000000000003e-01 4.2532269685618814e+01 1.3233828865625057e+02
2.4122666666666670e-01 4.2400466858298671e+01 1.3214899024705161e+02
2.4222333333333337e-01 4.2268852135962192e+01 1.3196082046160598e+02
2.4322000000000002e-01 4.2137424397101000e+01 1.3177377257089717e+02
2.4421666666666669e-01 4.2006182526893298e+01 1.3158783988602772e+02
2.4521333333333337e-01 4.1875125417164021e+01 1.3140301575800191e+02
2.4621000000000004e-01 4.1744251966345189e+01 1.3121929357744753e+02
2.4720666666666669e-01 4.1613561079436522e+01 1.3103666677439833e+02
2.4820333333333336e-01 4.1483051667966272e+01 1.3085512881807688e+02
2.4920000000000003e-01 4.1352722649952312e+01 1.3067467321662539e+02
2.5019666666666668e-01 4.1222572949863448e+01 1.3049529351688091e+02
2.5119333333333332e-01 4.1092601498580947e+01 1.3031698330419013e+02
2.5219000000000003e-01 4.0962807233360301e+01 1.3013973620211905e+02
2.5318666666666667e-01 4.0833189097793245e+01 1.2996354587225491e+02
2.5418333333333337e-01 4.0703746041769925e+01 1.2978840601399040e+02
2.5518000000000002e-01 4.0574477021441439e+01 1.2961431036424963e+02
2.5617666666666666e-01 4.0445380999182426e+01 1.2944125269732723e+02
2.5717333333333336e-01 4.0316456943553980e+01 1.2926922682463223e+02
2.5817000000000001e-01 4.0187703829266802e+01 1.2909822659446658e+02
2.5916666666666666e-01 4.0059120637144481e+01 1.2892824589180790e+02
2.6016333333333336e-01 3.9930706354087071e+01 1.2875927863809579e+02
2.6116000000000000e-01 3.9802459973034907e+01 1.2859131879100687e+02
2.6215666666666670e-01 3.9674380492932507e+01 1.2842436034424131e+02
2.6315333333333335e-01 3.9546466918692843e+01 1.2825839732732649e+02
2.6415000000000005e-01 3.9418718261161715e+01 1.2809342380536398e+02
2.6514666666666670e-01 3.9291133537082416e+01 1.2792943387884797e+02
2.6614333333333334e-01 3.9163711769060534e+01 1.2776642168346174e+02
2.6714000000000004e-01 3.9036451985529006e+01 1.2760438138982832e+02
2.6813666666666669e-01 3.8909353220713420e+01 1.2744330720332881e+02
2.6913333333333339e-01 3.8782414514597406e+01 1.2728319336391684e+02
2.7013000000000004e-01 3.8655634912888367e+01 1.2712403414587260e+02
2.7112666666666668e-01 3.8529013466983308e+01 1.2696582385759994e+02
2.7212333333333338e-01 3.8402549233934941e+01 1.2680855684145833e+02
2.7312000000000003e-01 3.8276241276417977e+01 1.2665222747353174e+02
2.7411666666666668e-01 3.8150088662695559e+01 1.2649683016342878e+02
2.7511333333333338e-01 3.8024090466585989e+01 1.2634235935409697e+02
2.7611000000000002e-01 3.7898245767429593e+01 1.2618880952161317e+02
2.7710666666666672e-01 3.7772553650055784e+01 1.2603617517498692e+02
2.7810333333333337e-01 3.7647013204750358e+01 1.2588445085596824e+02
2.7910000000000001e-01 3.7521623527222943e+01 1.2573363113884450e+02
2.8009666666666672e-01 3.7396383718574668e+01 1.2558371063025467e+02
2.8109333333333336e-01 3.7271292885266043e+01 1.2543468396900084e+02
2.8209000000000001e-01 3.7146350139084952e+01 1.2528654582584151e+02
2.8308666666666671e-01 3.7021554597114921e+01 1.2513929090330919e+02
2.8408333333333335e-01 3.6896905381703569e+01 1.2499291393552576e+02
2.8508000000000006e-01 3.6772401620431175e+01 1.2484740968800246e+02
2.8607666666666670e-01 3.6648042446079522e+01 1.2470277295745448e+02
2.8707333333333335e-01 3.6523826996600860e+01 1.2455899857163764e+02
2.8807000000000005e-01 3.6399754415087067e+01 1.2441608138913685e+02
2.8906666666666669e-01 3.6275823849739055e+01 1.2427401629918189e+02
2.9006333333333334e-01 3.6152034453836265e+01 1.2413279822147618e+02
2.9106000000000004e-01 3.6028385385706386e+01 1.2399242210602827e+02
2.9205666666666669e-01 3.5904875808695294e+01 1.2385288293294991e+02
2.9305333333333339e-01 3.5781504891137097e+01 1.2371417571225562e+02
2.9405000000000003e-01 3.5658271806324429e+01 1.2357629548374179e+02
2.9504666666666668e-01 3.5535175732478841e+01 1.2343923731677677e+02
2.9604333333333338e-01 3.5412215852721438e+01 1.2330299631010362e+02
2.9704000000000003e-01 3.5289391355043705e+01 1.2316756759170596e+02
2.9803666666666673e-01 3.5166701432278387e+01 1.2303294631861840e+02
2.9903333333333337e-01 3.5044145282070708e+01 1.2289912767673040e+02
3.0003000000000002e-01 3.4921722106849614e+01 1.2276610688064814e+02
3.0102666666666672e-01 3.4799431113799287e+01 1.2263387917351106e+02
3.0202333333333337e-01 3.4677271514830800e+01 1.2250243982680804e+02
3.0302000000000001e-01 3.4555242526553897e+01 1.2237178414023110e+02
3.0401666666666671e-01 3.4433343370249005e+01 1.2224190744148873e+02
3.0501333333333336e-01 3.4311573271839400e+01 1.2211280508614709e+02
3.0601000000000006e-01 3.4189931461863495e+01 1.2198447245747219e+02
3.0700666666666671e-01 3.4068417175447344e+01 1.2185690496624481e+02
3.0800333333333335e-01 3.3947029652277280e+01 1.2173009805060778e+02
3.0900000000000005e-01 3.3825768136572734e+01 1.2160404717590411e+02
3.0999666666666670e-01 3.3704631877059207e+01 1.2147874783451805e+02
3.1099333333333334e-01 3.3583620126941398e+01 1.2135419554571108e+02
3.1199000000000005e-01 3.3462732143876487e+01 1.2123038585544556e+02
3.1298666666666669e-01 3.3341967189947631e+01 1.2110731433624785e+02
3.1398333333333339e-01 3.3221324531637521e+01 1.2098497658704301e+02
3.1498000000000004e-01 3.3100803439802206e+01 1.2086336823299472e+02
3.1597666666666668e-01 3.2980403189644967e+01 1.2074248492534925e+02
3.1697333333333338e-01 3.2860123060690427e+01 1.2062232234127667e+02
3.1797000000000003e-01 3.2739962336758808e+01 1.2050287618372290e+02
3.1896666666666668e-01 3.2619920305940255e+01 1.2038414218126725e+02
3.1996333333333338e-01 3.2499996260569432e+01 1.2026611608793154e+02
3.2096000000000002e-01 3.2380189497200220e+01 1.2014879368306464e+02
3.2195666666666672e-01 3.2260499316580514e+01 1.2003217077119152e+02
3.2295333333333337e-01 3.2140925023627261e+01 1.1991624318182816e+02
3.2395000000000002e-01 3.2021465927401586e+01 1.1980100676936483e+02
3.2494666666666672e-01 3.1902121341084079e+01 1.1968645741291418e+02
3.2594333333333336e-01 3.1782890581950262e+01 1.1957259101615651e+02
3.2694000000000001e-01 3.1663772971346130e+01 1.1945940350718998e+02
3.2793666666666671e-01 3.1544767834663912e+01 1.1934689083839305e+02
3.2893333333333336e-01 3.1425874501317956e+01 1.1923504898627367e+02
3.2993000000000006e-01 3.1307092304720712e+01 1.1912387395133433e+02
3.3092666666666670e-01 3.1188420582258939e+01 1.1901336175791515e+02
3.3192333333333335e-01 3.1069858675269970e+01 1.1890350845406526e+02
3.3292000000000005e-01 3.0951405929018176e+01 1.1879431011140274e+02
3.3391666666666669e-01 3.0833061692671563e+01 1.1868576282494809e+02
3.3491333333333340e-01 3.0714825319278475e+01 1.1857786271301590e+02
3.3591000000000004e-01 3.0596696165744486e+01 1.1847060591706688e+02
3.3690666666666669e-01 3.0478673592809372e+01 1.1836398860156319e+02
3.3790333333333339e-01 3.0360756965024262e+01 1.1825800695383190e+02
3.3890000000000003e-01 3.0242945650728945e+01 1.1815265718393394e+02
3.3989666666666668e-01 3.0125239022029231e+01 1.1804793552452850e+02
3.4089333333333338e-01 3.0007636454774520e+01 1.1794383823073336e+02
3.4189000000000003e-01 2.9890137328535509e+01 1.1784036157999405e+02
3.4288666666666673e-01 2.9772741026581951e+01 1.1773750187195233e+02
3.4388333333333337e-01 2.9655446935860656e+01 1.1763525542831241e+02
3.4488000000000002e-01 2.9538254446973518e+01 1.1753361859270530e+02
3.4587666666666672e-01 2.9421162954155751e+01 1.1743258773056638e+02
3.4687333333333337e-01 2.9304171855254239e+01 1.1733215922899380e+02
3.4787000000000001e-01 2.9187280551705971e+01 1.1723232949663428e+02
3.4886666666666671e-01 2.9070488448516645e+01 1.1713309496354144e+02
3.4986333333333336e-01 2.8953794954239424e+01 1.1703445208105772e+02
3.5086000000000006e-01 2.8837199480953721e+01 1.1693639732167901e+02
3.5185666666666671e-01 2.8720701444244252e+01 1.1683892717893191e+02
3.5285333333333335e-01 2.8604300263180072e+01 1.1674203816725559e+02
3.5385000000000005e-01 2.8487995360293823e+01 1.1664572682186345e+02
3.5484666666666670e-01 2.8371786161561111e+01 1.1654998969862994e+02
3.5584333333333334e-01 2.8255672096379939e+01 1.1645482337396243e+02
3.5684000000000005e-01 2.8139652597550310e+01 1.1636022444468576e+02
3.5783666666666669e-01 2.8023727101253971e+01 1.1626618952790493e+02
3.5883333333333339e-01 2.7907895047034213e+01 1.1617271526090178e+02
3.5983000000000004e-01 2.7792155877775865e+01 1.1607979830100309e+02
3.6082666666666668e-01 2.7676509039685342e+01 1.1598743532546642e+02
3.6182333333333339e-01 2.7560953982270853e+01 1.1589562303136447e+02
3.6282000000000003e-01 2.7445490158322723e+01 1.1580435813545300e+02
3.6381666666666673e-01 2.7330117023893806e+01 1.1571363737407280e+02
3.6481333333333338e-01 2.7214834038280056e+01 1.1562345750301807e+02
3.6581000000000002e-01 2.7099640664001175e+01 1.1553381529742015e+02
3.6680666666666673e-01 2.6984536366781388e+01 1.1544470755164630e+02
3.6780333333333337e-01 2.6869520615530362e+01 1.1535613107917803e+02
3.6880000000000002e-01 2.6754592882324186e+01 1.1526808271248441e+02
3.6979666666666672e-01 2.6639752642386501e+01 1.1518055930292822e+02
3.7079333333333336e-01 2.6524999374069758e+01 1.1509355772063915e+02
3.7179000000000006e-01 2.6410332558836519e+01 1.1500707485441247e+02
3.7278666666666671e-01 2.6295751681240962e+01 1.1492110761159115e+02
3.7378333333333336e-01 2.6181256228910406e+01 1.1483565291795564e+02
3.7478000000000006e-01 2.6066845692527007e+01 1.1475070771762189e+02
3.7577666666666670e-01 2.5952519565809560e+01 1.1466626897291313e+02
3.7677333333333335e-01 2.5838277345495364e+01 1.1458233366427224e+02
3.7777000000000005e-01 2.5724118531322240e+01 1.1449889879014445e+02
3.7876666666666670e-01 2.5610042626010664e+01 1.1441596136687058e+02
3.7976333333333340e-01 2.5496049135245929e+01 1.1433351842857820e+02
3.8076000000000004e-01 2.5382137567660529e+01 1.1425156702708013e+02
3.8175666666666669e-01 2.5268307434816542e+01 1.1417010423176393e+02
3.8275333333333339e-01 2.5154558251188181e+01 1.1408912712949014e+02
3.8375000000000004e-01 2.5040889534144448e+01 1.1400863282449230e+02
3.8474666666666668e-01 2.4927300803931843e+01 1.1392861843826473e+02
3.8574333333333338e-01 2.4813791583657217e+01 1.1384908110946812e+02
3.8674000000000003e-01 2.4700361399270751e+01 1.1377001799381401e+02
3.8773666666666673e-01 2.4587009779548946e+01 1.1369142626397726e+02
3.8873333333333338e-01 2.4473736256077835e+01 1.1361330310949450e+02
3.8973000000000002e-01 2.4360540363236172e+01 1.1353564573665383e+02
3.9072666666666672e-01 2.4247421638178817e+01 1.1345845136839810e+02
3.9172333333333337e-01 2.4134379620820194e+01 1.1338171724422561e+02
3.9272000000000007e-01 2.4021413853817801e+01 1.1330544062010256e+02
3.9371666666666671e-01 2.3908523882555890e+01 1.1322961876835060e+02
3.9471333333333336e-01 2.3795709255129186e+01 1.1315424897754758e+02
3.9571000000000006e-01 2.3682969522326736e+01 1.1307932855244296e+02
3.9670666666666671e-01 2.3570304237615861e+01 1.1300485481386362e+02
3.9770333333333335e-01 2.3457712957126152e+01 1.1293082509859980e+02
3.9870000000000005e-01 2.3345195239633622e+01 1.1285723675931223e+02
3.9969666666666670e-01 2.3232750646544943e+01 1.1278408716446323e+02
4.0069333333333340e-01 2.3120378741881712e+01 1.1271137369820235e+02
4.0169000000000005e-01 2.3008079092264914e+01 1.1263909376026112e+02
4.0268666666666669e-01 2.2895851266899388e+01 1.1256724476588226e+02
4.0368333333333339e-01 2.2783694837558432e+01 1.1249582414572617e+02
4.0468000000000004e-01 2.2671609378568508e+01 1.1242482934576614e+02
4.0567666666666669e-01 2.2559594466793985e+01 1.1235425782719561e+02
4.0667333333333339e-01 2.2447649681622028e+01 1.1228410706635481e+02
4.0767000000000003e-01 2.2335774604947574e+01 1.1221437455463179e+02
4.0866666666666673e-01 2.2223968821158330e+01 1.1214505779835847e+02
4.0966333333333338e-01 2.2112231917119974e+01 1.1207615431874493e+02
4.1066000000000003e-01 2.2000563482161329e+01 1.1200766165178158e+02
4.1165666666666673e-01 2.1888963108059695e+01 1.1193957734814222e+02
4.1265333333333337e-01 2.1777430389026275e+01 1.1187189897310964e+02
4.1365000000000002e-01 2.1665964921691618e+01 1.1180462410647554e+02
4.1464666666666672e-01 2.1554566305091221e+01 1.1173775034247096e+02
4.1564333333333336e-01 2.1443234140651207e+01 1.1167127528966881e+02
4.1664000000000007e-01 2.1331968032174025e+01 1.1160519657088562e+02
4.1763666666666671e-01 2.1220767585824344e+01 1.1153951182312623e+02
4.1863333333333336e-01 2.1109632410114905e+01 1.1147421869748977e+02
4.1963000000000006e-01 2.0998562115892554e+01 1.1140931485906168e+02
4.2062666666666670e-01 2.0887556316324343e+01 1.1134479798685027e+02
4.2162333333333335e-01 2.0776614626883660e+01 1.1128066577371891e+02
4.2262000000000005e-01 2.0665736665336492e+01 1.1121691592627667e+02
4.2361666666666670e-01 2.0554922051727775e+01 1.1115354616479743e+02
4.2461333333333340e-01 2.0444170408367775e+01 1.1109055422315525e+02
4.2561000000000004e-01 2.0333481359818613e+01 1.1102793784874405e+02
4.2660666666666669e-01 2.0222854532880806e+01 1.1096569480237491e+02
4.2760333333333339e-01 2.0112289556579945e+01 1.1090382285820716e+02
4.2860000000000004e-01 2.0001786062153439e+01 1.1084231980368178e+02
4.2959666666666674e-01 1.9891343683037285e+01 1.1078118343942633e+02
4.3059333333333338e-01 1.9780962054853013e+01 1.1072041157918378e+02
4.3159000000000003e-01 1.9670640815394609e+01 1.1066000204972393e+02
4.3258666666666673e-01 1.9560379604615584e+01 1.1059995269078507e+02
4.3358333333333338e-01 1.9450178064616114e+01 1.1054026135498046e+02
4.3458000000000002e-01 1.9340035839630207e+01 1.1048092590771618e+02
4.3557666666666672e-01 1.9229952576012998e+01 1.1042194422714229e+02
4.3657333333333337e-01 1.9119927922228122e+01 1.1036331420405257e+02
4.3757000000000007e-01 1.9009961528835095e+01 1.1030503374181065e+02
4.3856666666666672e-01 1.8900053048476881e+01 1.1024710075628424e+02
4.3956333333333336e-01 1.8790202135867407e+01 1.1018951317577265e+02
4.4056000000000006e-01 1.8680408447779250e+01 1.1013226894092166e+02
4.4155666666666671e-01 1.8570671643031375e+01 1.1007536600465308e+02
4.4255333333333335e-01 1.8460991382476898e+01 1.1001880233209532e+02
4.4355000000000006e-01 1.8351367328990978e+01 1.0996257590051469e+02
4.4454666666666670e-01 1.8241799147458774e+01 1.0990668469923131e+02
4.4554333333333340e-01 1.8132286504763428e+01 1.0985112672954703e+02
4.4654000000000005e-01 1.8022829069774200e+01 1.0979590000469567e+02
4.4753666666666669e-01 1.7913426513334571e+01 1.0974100254974914e+02
4.4853333333333339e-01 1.7804078508250502e+01 1.0968643240155008e+02
4.4953000000000004e-01 1.7694784729278755e+01 1.0963218760864692e+02
4.5052666666666669e-01 1.7585544853115220e+01 1.0957826623122793e+02
4.5152333333333339e-01 1.7476358558383367e+01 1.0952466634104533e+02
4.5252000000000003e-01 1.7367225525622779e+01 1.0947138602134376e+02
4.5351666666666673e-01 1.7258145437277683e+01 1.0941842336680067e+02
4.5451333333333338e-01 1.7149117977685645e+01 1.0936577648344796e+02
4.5551000000000003e-01 1.7040142833066234e+01 1.0931344348861745e+02
4.5650666666666673e-01 1.6931219691509828e+01 1.0926142251085561e+02
4.5750333333333337e-01 1.6822348242966466e+01 1.0920971168987158e+02
4.5850000000000007e-01 1.6713528179234732e+01 1.0915830917647581e+02
4.5949666666666672e-01 1.6604759193950770e+01 1.0910721313248567e+02
4.6049333333333337e-01 1.6496040982577291e+01 1.0905642173068696e+02
4.6149000000000007e-01 1.6387373242392705e+01 1.0900593315476284e+02
4.6248666666666671e-01 1.6278755672480305e+01 1.0895574559922180e+02
4.6348333333333336e-01 1.6170187973717475e+01 1.0890585726933713e+02
4.6448000000000006e-01 1.6061669848765014e+01 1.0885626638108072e+02
4.6547666666666671e-01 1.5953201002056517e+01 1.0880697116106226e+02
4.6647333333333341e-01 1.5844781139787759e+01 1.0875796984646885e+02
4.6747000000000005e-01 1.5736409969906250e+01 1.0870926068499270e+02
4.6846666666666670e-01 1.5628087202100735e+01 1.0866084193477413e+02
4.6946333333333340e-01 1.5519812547790838e+01 1.0861271186434091e+02
4.7046000000000004e-01 1.5411585720116760e+01 1.0856486875254282e+02
4.7145666666666669e-01 1.5303406433928981e+01 1.0851731088849094e+02
4.7245333333333339e-01 1.5195274405778084e+01 1.0847003657149487e+02
4.7345000000000004e-01 1.5087189353904638e+01 1.0842304411101119e+02
4.7444666666666674e-01 1.4979150998229073e+01 1.0837633182656757e+02
4.7544333333333338e-01 1.4871159060341725e+01 1.0832989804771472e+02
4.7644000000000003e-01 1.4763213263492824e+01 1.0828374111396231e+02
4.7743666666666673e-01 1.4655313332582628e+01 1.0823785937472084e+02
4.7843333333333338e-01 1.4547458994151590e+01 1.0819225118923976e+02
4.7943000000000002e-01 1.4439649976370555e+01 1.0814691492655315e+02
4.8042666666666672e-01 1.4331886009031050e+01 1.0810184896542040e+02
4.8142333333333337e-01 1.4224166823535645e+01 1.0805705169425950e+02
4.8242000000000007e-01 1.4116492152888300e+01 1.0801252151110597e+02
4.8341666666666672e-01 1.4008861731684869e+01 1.0796825682354252e+02
4.8441333333333336e-01 1.3901275296103565e+01 1.0792425604864383e+02
4.8541000000000006e-01 1.3793732583895546e+01 1.0788051761292647e+02
4.8640666666666671e-01 1.3686233334375549e+01 1.0783703995228701e+02
4.8740333333333336e-01 1.3578777288412542e+01 1.0779382151194515e+02
4.8840000000000006e-01 1.3471364188420466e+01 1.0775086074639394e+02
4.8939666666666670e-01 1.3363993778349046e+01 1.0770815611933777e+02
4.9039333333333340e-01 1.3256665803674592e+01 1.0766570610364050e+02
4.9139000000000005e-01 1.3149380011390944e+01 1.0762350918127473e+02
4.9238666666666669e-01 1.3042136150000387e+01 1.0758156384326132e+02
4.9338333333333340e-01 1.2934933969504664e+01 1.0753986858961903e+02
4.9438000000000004e-01 1.2827773221396068e+01 1.0749842192930632e+02
4.9537666666666674e-01 1.2720653658648507e+01 1.0745722238017460e+02
4.9637333333333339e-01 1.2613575035708715e+01 1.0741626846891040e+02
4.9737000000000003e-01 1.2506537108487436e+01 1.0737555873098654e+02
4.9836666666666674e-01 1.2399539634350704e+01 1.0733509171060828e+02
4.9936333333333338e-01 1.2292582372111193e+01 1.0729486596065520e+02
5.0036000000000003e-01 1.2185665082019556e+01 1.0725488004263606e+02
5.0135666666666667e-01 1.2078787525755867e+01 1.0721513252664404e+02
5.0235333333333332e-01 1.1971949466421099e+01 1.0717562199128986e+02
5.0335000000000008e-01 1.1865150668528642e+01 1.0713634702365640e+02
5.0434666666666672e-01 1.1758390897995925e+01 1.0709730621925904e+02
5.0534333333333337e-01 1.1651669922135977e+01 1.0705849818198163e+02
5.0634000000000001e-01 1.1544987509649149e+01 1.0701992152403392e+02
5.0733666666666666e-01 1.1438343430614834e+01 1.0698157486589758e+02
5.0833333333333330e-01 1.1331737456483252e+01 1.0694345683627806e+02
5.0933000000000006e-01 1.1225169360067254e+01 1.0690556607206146e+02
5.1032666666666671e-01 1.1118638915534245e+01 1.0686790121826090e+02
5.1132333333333335e-01 1.1012145898398046e+01 1.0683046092796192e+02
5.1232000000000000e-01 1.0905690085510910e+01 1.0679324386228325e+02
5.1331666666666675e-01 1.0799271255055514e+01 1.0675624869033115e+02
5.1431333333333340e-01 1.0692889186537078e+01 1.0671947408914103e+02
5.1531000000000005e-01 1.0586543660775412e+01 1.0668291874363726e+02
5.1630666666666669e-01 1.0480234459897119e+01 1.0664658134658805e+02
5.1730333333333334e-01 1.0373961367327794e+01 1.0661046059854995e+02
5.1830000000000009e-01 1.0267724167784271e+01 1.0657455520783060e+02
5.1929666666666674e-01 1.0161522647266969e+01 1.0653886389044045e+02
5.2029333333333339e-01 1.0055356593052164e+01 1.0650338537004099e+02
5.2129000000000003e-01 9.9492257936844393e+00 1.0646811837790671e+02
5.2228666666666668e-01 9.8431300389691021e+00 1.0643306165287500e+02
5.2328333333333343e-01 9.7370691199646604e+00 1.0639821394130175e+02
5.2428000000000008e-01 9.6310428289753993e+00 1.0636357399701930e+02
5.2527666666666673e-01 9.5250509595438775e+00 1.0632914058128827e+02
5.2627333333333337e-01 9.4190933064435978e+00 1.0629491246275597e+02
5.2727000000000002e-01 9.3131696656716496e+00 1.0626088841741063e+02
5.2826666666666677e-01 9.2072798344414100e+00 1.0622706722853619e+02
5.2926333333333342e-01 9.1014236111753313e+00 1.0619344768667479e+02
5.3026000000000006e-01 8.9956007954976673e+00 1.0616002858957761e+02
5.3125666666666671e-01 8.8898111882273518e+00 1.0612680874216234e+02
5.3225333333333336e-01 8.7840545913708681e+00 1.0609378695647347e+02
5.3325000000000000e-01 8.6783308081151613e+00 1.0606096205163863e+02
5.3424666666666676e-01 8.5726396428205955e+00 1.0602833285382448e+02
5.3524333333333340e-01 8.4669809010140025e+00 1.0599589819619831e+02
5.3624000000000005e-01 8.3613543893816562e+00 1.0596365691888252e+02
5.3723666666666670e-01 8.2557599157624058e+00 1.0593160786891474e+02
5.3823333333333334e-01 8.1486693045946783e+00 1.0896593962485602e+02
5.3923000000000010e-01 8.0408253827625842e+00 1.0744326806494682e+02
5.4022666666666674e-01 7.9369166413589181e+00 1.0106925649090883e+02
5.4122333333333339e-01 7.8367214875117694e+00 9.9991252901366124e+01
5.4222000000000004e-01 7.7353937230767116e+00 1.0334205365728199e+02
5.4321666666666668e-01 7.6295670796102231e+00 1.0901910380055946e+02
5.4421333333333344e-01 7.5176495647816033e+00 1.1556453799598114e+02
5.4521000000000008e-01 7.3989340007415709e+00 1.2266067412449057e+02
5.4620666666666673e-01 7.2728155748018484e+00 1.3041977926626188e+02
5.4720333333333337e-01 7.1387498882128630e+00 1.3860835435712653e+02
5.4820000000000002e-01 6.9966785770852544e+00 1.4648457767152624e+02
5.4919666666666667e-01 6.8473358456554116e+00 1.5319983322448567e+02
5.5019333333333342e-01 6.6920769532646931e+00 1.5835647257625834e+02
5.5119000000000007e-01 6.5323097394463217e+00 1.6224663207599815e+02
5.5218666666666671e-01 6.3689391837070053e+00 1.6558725903969409e+02
5.5318333333333336e-01 6.2022317169163586e+00 1.6894277465391818e+02
5.5418000000000001e-01 6.0321477522207614e+00 1.7236284011986166e+02
5.5517666666666676e-01 5.8588333798969625e+00 1.7542519798806444e+02
5.5617333333333341e-01 5.6829095242663783e+00 1.7759926147130935e+02
5.5717000000000005e-01 5.5053754500732142e+00 1.7865640580595101e+02
5.5816666666666670e-01 5.3272798635185863e+00 1.7872604212976469e+02
5.5916333333333335e-01 5.1494617554072413e+00 1.7809959287628570e+02
5.6016000000000010e-01 4.9724664578030469e+00 1.7707491736621230e+02
5.6115666666666675e-01 4.7965814567850718e+00 1.7587157297086870e+02
5.6215333333333339e-01 4.6219341090947745e+00 1.7459133209327987e+02
5.6315000000000004e-01 4.4485571368817443e+00 1.7332232452150447e+02
5.6414666666666669e-01 4.2763571868835601e+00 1.7222941460529393e+02
5.6514333333333344e-01 4.1051106634053793e+00 1.7140909404654309e+02
5.6614000000000009e-01 3.9346382011500833e+00 1.7067611449252027e+02
5.6713666666666673e-01 3.7650129338154663e+00 1.6970903734952802e+02
5.6813333333333338e-01 3.5965899955876126e+00 1.6826341394383073e+02
5.6913000000000002e-01 3.4299332229516994e+00 1.6616489234897841e+02
5.7012666666666667e-01 3.2657075546236403e+00 1.6338494376084662e+02
5.7112333333333343e-01 3.1044867968521133e+00 1.6013497149971320e+02
5.7212000000000007e-01 2.9465536880481915e+00 1.5678765486267866e+02
5.7311666666666672e-01 2.7918754157666106e+00 1.5360352697327664e+02
5.7411333333333336e-01 2.6403710634059823e+00 1.5041858478718800e+02
5.7511000000000001e-01 2.4922749232589383e+00 1.4676430513999688e+02
5.7610666666666677e-01 2.3482423545497437e+00 1.4226426083160499e+02
5.7710333333333341e-01 2.2091587170357840e+00 1.3683333953086199e+02
5.7810000000000006e-01 2.0758574709899720e+00 1.3066079969150866e+02
5.7909666666666670e-01 1.9489834855801715e+00 1.2393582654889883e+02
5.8009333333333335e-01 1.8289253188318904e+00 1.1698357160819222e+02
5.8109000000000011e-01 1.7156471257935551e+00 1.1033052813426616e+02
5.8208666666666675e-01 1.6087150907792811e+00 1.0424880634254211e+02
5.8308333333333340e-01 1.5075440973399372e+00 9.8769909589255889e+01
5.8408000000000004e-01 1.4115315701628190e+00 9.3897369027038607e+01
5.8507666666666669e-01 1.3201498461142596e+00 8.9477328060375527e+01
5.8607333333333345e-01 1.2331955804729950e+00 8.5012837106025913e+01
5.8707000000000009e-01 1.1507352386125276e+00 8.0459420807959205e+01
5.8806666666666674e-01 1.0725762768065912e+00 7.6381305224023635e+01
5.8906333333333338e-01 9.9804779346018468e-01 7.3174179752045958e+01
5.9006000000000003e-01 9.2621478063718343e-01 7.0972334274046446e+01
5.9105666666666667e-01 8.5611765403681783e-01 6.9690796027693466e+01
5.9205333333333343e-01 7.8703499981683345e-01 6.8936603744837967e+01
5.9305000000000008e-01 7.1870698385668075e-01 6.8176471760488070e+01
5.9404666666666672e-01 6.5138281297533107e-01 6.6922198904430530e+01
5.9504333333333337e-01 5.8563743092121867e-01 6.5008333645630515e+01
5.9604000000000001e-01 5.2206782686394082e-01 6.2556089211785995e+01
5.9703666666666677e-01 4.6111885090327109e-01 5.9749548167473343e+01
5.9803333333333342e-01 4.0298411285112867e-01 5.6908789060908603e+01
5.9903000000000006e-01 3.4747449089920313e-01 5.4481756662021283e+01
6.0002666666666671e-01 2.9415805133719874e-01 5.2507754164745556e+01
6.0102333333333335e-01 2.4298162444217231e-01 5.0187416862065575e+01
6.0202000000000011e-01 1.9475260044220555e-01 4.6593233305083039e+01
6.0301666666666676e-01 1.5088969022857471e-01 4.1425984514913800e+01
6.0401333333333340e-01 1.1272567713899785e-01 3.5157319343770467e+01
6.0501000000000005e-01 8.0853877438891553e-02 2.8799469352096352e+01
6.0600666666666669e-01 5.4862173060882917e-02 2.3357796958289985e+01
6.0700333333333334e-01 3.3861415085165672e-02 1.8784192290641830e+01
6.0800000000000010e-01 1.7556022804366845e-02 1.3935658440055212e+01
6.0899666666666674e-01 6.6137001313738954e-03 8.0221796997304313e+00
6.0999333333333339e-01 1.3079902905041572e-03 2.6247296799415079e+00
6.1099000000000003e-01 0.0000000000000000e+00 -0.0000000000000000e+00
6.1198666666666668e-01 5.3442433141626295e-04 -1.0724234075242960e+00
6.1298333333333344e-01 3.7410823414012889e-03 -5.3623418299032686e+00
6.1398000000000008e-01 1.2133605566226261e-02 -1.1478841898842848e+01
6.1497666666666673e-01 2.6631460167700342e-02 -1.7613842920169297e+01
6.1597333333333337e-01 4.6633618460890591e-02 -2.2524267367169838e+01
6.1697000000000002e-01 7.0768252209097091e-02 -2.5906435806489700e+01
6.1796666666666678e-01 9.7871935480323510e-02 -2.8482226276233984e+01
6.1896333333333342e-01 1.2774888376390151e-01 -3.1471516098840194e+01
6.1996000000000007e-01 1.6115345153923349e-01 -3.5561061376743780e+01
6.2095666666666671e-01 1.9877117488780938e-01 -3.9926008887958602e+01
6.2195333333333336e-01 2.4010601913973653e-01 -4.3020166868418713e+01
6.2295000000000011e-01 2.8341849321393375e-01 -4.3894496825614667e+01
6.2394666666666676e-01 3.2647113934578620e-01 -4.2498773004191406e+01
6.2494333333333341e-01 3.6745861062631646e-01 -3.9750333244366033e+01
6.2594000000000005e-01 4.0584173977154181e-01 -3.7272668384850377e+01
6.2693666666666670e-01 4.4225136451360170e-01 -3.5790123739686116e+01
6.2793333333333334e-01 4.7743663587788232e-01 -3.4815771974590845e+01
6.2893000000000010e-01 5.1161592426929503e-01 -3.3771428810846444e+01
6.2992666666666675e-01 5.4455273291150952e-01 -3.2322501574869683e+01
6.3092333333333339e-01 5.7573684610651499e-01 -3.0254314201062293e+01
6.3192000000000004e-01 6.0450760810374904e-01 -2.7479656361950454e+01
6.3291666666666668e-01 6.3035644208512798e-01 -2.4390913500349555e+01
6.3391333333333344e-01 6.5332294818574888e-01 -2.1695720815273447e+01
6.3491000000000009e-01 6.7408720699961711e-01 -1.9971688175767259e+01
6.3590666666666673e-01 6.9376217947091656e-01 -1.9509861933864482e+01
6.3690333333333338e-01 7.1362017879115203e-01 -2.0338966133498548e+01
6.3790000000000002e-01 7.3485521401744724e-01 -2.2273144688499475e+01
6.3889666666666678e-01 7.5831387829617447e-01 -2.4801098011283280e+01
6.3989333333333343e-01 7.8419971656530174e-01 -2.7143727946832701e+01
6.4089000000000007e-01 8.1208035175991222e-01 -2.8804034985497218e+01
6.4188666666666672e-01 8.4126775855014913e-01 -2.9766012085213575e+01
6.4288333333333336e-01 8.7112862816463887e-01 -3.0155465402058194e+01
6.4388000000000001e-01 9.0117225670490642e-01 -3.0132752404499978e+01
6.4487666666666676e-01 9.3115107878585912e-01 -3.0025418995399704e+01
6.4587333333333341e-01 9.6127044209992540e-01 -3.0414774945871805e+01
6.4687000000000006e-01 9.9199178985579295e-01 -3.1233414530786874e+01
6.4786666666666670e-01 1.0232942599086257e+00 -3.1580906645467174e+01
6.4886333333333335e-01 1.0543704335484130e+00 -3.0779308016314811e+01
6.4986000000000010e-01 1.0839616039462896e+00 -2.8600967029586112e+01
6.5085666666666675e-01 1.1107322082062812e+00 -2.5119309077421530e+01
6.5185333333333340e-01 1.1336692985973476e+00 -2.0908297058498412e+01
6.5285000000000004e-01 1.1525586013229525e+00 -1.6996658243719825e+01
6.5384666666666669e-01 1.1680082570642649e+00 -1.4005995417777488e+01
6.5484333333333344e-01 1.1809652236489052e+00 -1.1994606424307852e+01
6.5584000000000009e-01 1.1923756255091871e+00 -1.0902521054519269e+01
6.5683666666666674e-01 1.2031177299622837e+00 -1.0653541393166805e+01
6.5783333333333338e-01 1.2139407923052672e+00 -1.1064978358640085e+01
6.5883000000000003e-01 1.2252530057824560e+00 -1.1635115575518475e+01
6.5982666666666678e-01 1.2368938906491740e+00 -1.1724519608529098e+01
6.6082333333333343e-01 1.2484242459440813e+00 -1.1413317103660054e+01
6.6182000000000007e-01 1.2596600707599790e+00 -1.1133488546971268e+01
6.6281666666666672e-01 1.2707142027995195e+00 -1.1048716214649083e+01
6.6381333333333337e-01 1.2818183446002400e+00 -1.1233842582783904e+01
6.6481000000000001e-01 1.2932711684559608e+00 -1.1748412646087610e+01
6.6580666666666677e-01 1.3055440624024206e+00 -1.2879468182926390e+01
6.6680333333333341e-01 1.3191894452540855e+00 -1.4502570984294627e+01
6.6780000000000006e-01 1.3342686777186337e+00 -1.5756758376003226e+01
6.6879666666666671e-01 1.3501745696111298e+00 -1.6161419334692031e+01
6.6979333333333335e-01 1.3660039769202346e+00 -1.5603277606655816e+01
6.7079000000000011e-01 1.3808199034868762e+00 -1.4127678714361517e+01
6.7178666666666675e-01 1.3938517548538878e+00 -1.2023193594023560e+01
6.7278333333333340e-01 1.4049096473092260e+00 -1.0166557152474979e+01
6.7378000000000005e-01 1.4144187393332790e+00 -8.9152328623475796e+00
6.7477666666666669e-01 1.4229467093858761e+00 -8.1977505207905317e+00
6.7577333333333345e-01 1.4310310677402438e+00 -8.0250421635578100e+00
6.7677000000000009e-01 1.4392038251606629e+00 -8.3751399509958286e+00
6.7776666666666674e-01 1.4479367008267197e+00 -9.1490252651720851e+00
6.7876333333333339e-01 1.4575324878701730e+00 -1.0106734688246380e+01
6.7976000000000003e-01 1.4680427051749794e+00 -1.0984002378255168e+01
6.8075666666666679e-01 1.4793737929516002e+00 -1.1753966404259511e+01
6.8175333333333343e-01 1.4915134352028914e+00 -1.2606519718733159e+01
6.8275000000000008e-01 1.5046257400828784e+00 -1.3705797766191141e+01
6.8374666666666672e-01 1.5189848249662137e+00 -1.5108419391004041e+01
6.8474333333333337e-01 1.5348857075844640e+00 -1.6799706264348181e+01
6.8574000000000002e-01 1.5525451663681336e+00 -1.8637334773116784e+01
6.8673666666666677e-01 1.5720665385156236e+00 -2.0535987261976906e+01
6.8773333333333342e-01 1.5935739119687031e+00 -2.2622621673969434e+01
6.8873000000000006e-01 1.6172981226976102e+00 -2.4984490156614221e+01
6.8972666666666671e-01 1.6435261642454295e+00 -2.7647031344027553e+01
6.9072333333333336e-01 1.6725702240127498e+00 -3.0635362837887186e+01
6.9172000000000011e-01 1.7047152764561819e+00 -3.3869759122171601e+01
6.9271666666666676e-01 1.7400547153455745e+00 -3.7045502863233018e+01
6.9371333333333340e-01 1.7786698300505690e+00 -4.0443021628396174e+01
6.9471000000000005e-01 1.8211571274358294e+00 -4.4815769111258447e+01
6.9570666666666670e-01 1.8685671099787684e+00 -5.0321319603671448e+01
6.9670333333333345e-01 1.9220023538835795e+00 -5.6906594586575167e+01
6.9770000000000010e-01 1.9825297215156481e+00 -6.4553006012895949e+01
6.9869666666666674e-01 2.0510989094056087e+00 -7.3044026542212194e+01
6.9969333333333339e-01 2.1282662998423088e+00 -8.1806924166888365e+01
7.0069000000000004e-01 2.2141443574214037e+00 -9.0523626159058480e+01
7.0168666666666668e-01 2.3086240058790999e+00 -9.9067641649031827e+01
7.0268333333333344e-01 2.4113701757762729e+00 -1.0711196349577801e+02
7.0368000000000008e-01 2.5218866916783682e+00 -1.1466030921746129e+02
7.0467666666666673e-01 2.6398840330191273e+00 -1.2212365333925062e+02
7.0567333333333337e-01 2.7655138615661907e+00 -1.2997633705619933e+02
7.0667000000000002e-01 2.8991879681537225e+00 -1.3826601730005748e+02
7.0766666666666678e-01 3.0410872564024753e+00 -1.4648171831614323e+02
7.0866333333333342e-01 3.1907748038024830e+00 -1.5389463098153743e+02
7.0966000000000007e-01 3.3472244681104084e+00 -1.6005118368320225e+02
7.1065666666666671e-01 3.5092540089132935e+00 -1.6509170756005270e+02
7.1165333333333336e-01 3.6760630084534549e+00 -1.6964207078141544e+02
7.1265000000000012e-01 3.8475201826144541e+00 -1.7441914827072577e+02
7.1364666666666676e-01 4.0238725598738183e+00 -1.7946522081161780e+02
7.1464333333333341e-01 4.2050613758905673e+00 -1.8412437654641423e+02
7.1564000000000005e-01 4.3903864636937877e+00 -1.8776543175437070e+02
7.1663666666666670e-01 4.5786972386747111e+00 -1.9011572205351030e+02
7.1763333333333346e-01 4.7688276829002101e+00 -1.9141694194411156e+02
7.1863000000000010e-01 4.9600249802417284e+00 -1.9225656442683609e+02
7.1962666666666675e-01 5.1520842412571328e+00 -1.9314663493518725e+02
7.2062333333333339e-01 5.3450335329850027e+00 -1.9404257923445880e+02
7.2162000000000004e-01 5.5386595754557355e+00 -1.9450466318173486e+02
7.2261666666666668e-01 5.7323493287263618e+00 -1.9417042699344248e+02
7.2361333333333344e-01 5.9252601669625387e+00 -1.9294162297878415e+02
7.2461000000000009e-01 6.1165939233585291e+00 -1.9100571427070363e+02
7.2560666666666673e-01 6.3057447766477743e+00 -1.8856121540671955e+02
7.2660333333333338e-01 6.4924051387259203e+00 -1.8600807304441724e+02
7.2760000000000002e-01 6.6767169303920300e+00 -1.8384836508156388e+02
7.2859666666666678e-01 6.8591001742985069e+00 -1.8213807754009545e+02
7.2959333333333343e-01 7.0398979309097234e+00 -1.8066678522489534e+02
7.3059000000000007e-01 7.2192702902150145e+00 -1.7927774849810484e+02
7.3158666666666672e-01 7.3972455083179742e+00 -1.7786315739412950e+02
7.3258333333333336e-01 7.5736918187579025e+00 -1.7620970636493192e+02
7.3358000000000012e-01 7.7483313690331386e+00 -1.7423755171243261e+02
7.3457666666666677e-01 7.9208312611618297e+00 -1.7191607797725644e+02
7.3557333333333341e-01 8.0907425740263772e+00 -1.6904307827267957e+02
7.3657000000000006e-01 8.2574667098605090e+00 -1.6552040500652109e+02
7.3756666666666670e-01 8.4204146497710717e+00 -1.6146542758993314e+02
7.3856333333333335e-01 8.5791813503886498e+00 -1.5712995826474534e+02
7.3956000000000011e-01 8.7335347000394012e+00 -1.5260920491399341e+02
7.4055666666666675e-01 8.8830048915328614e+00 -1.4733097868493141e+02
7.4155333333333340e-01 9.0264205968230726e+00 -1.4045973427201918e+02
7.4255000000000004e-01 9.1631521646729883e+00 -1.3391799385490847e+02
7.4354666666666669e-01 9.2964485038962898e+00 -1.3356629890088800e+02
7.4454333333333345e-01 9.4344008764149034e+00 -1.4326120448091851e+02
7.4554000000000009e-01 9.5787449816307184e+00 -1.4639251836018704e+02
7.4653666666666674e-01 9.7223165608242166e+00 -1.4171098503814287e+02
7.4753333333333338e-01 9.8635588393592588e+00 -1.4171833643686412e+02
7.4853000000000003e-01 1.0004808448441414e+01 -1.4172569516612978e+02
7.4952666666666679e-01 1.0146065395380454e+01 -1.4173306123325327e+02
7.5052333333333343e-01 1.0287329687493388e+01 -1.4174043464555001e+02
7.5152000000000008e-01 1.0428601332104572e+01 -1.4174781541034372e+02
7.5251666666666672e-01 1.0569880336545648e+01 -1.4175520353496580e+02
7.5351333333333337e-01 1.0711166708155570e+01 -1.4176259902675577e+02
7.5451000000000013e-01 1.0852460454280624e+01 -1.4177000189306102e+02
7.5550666666666677e-01 1.0993761582274379e+01 -1.4177741214123347e+02
7.5650333333333342e-01 1.1135070099497778e+01 -1.4178482977863607e+02
7.5750000000000006e-01 1.1276386013319092e+01 -1.4179225481263575e+02
7.5849666666666671e-01 1.1417709331113938e+01 -1.4179968725060596e+02
7.5949333333333335e-01 1.1559040060265287e+01 -1.4180712709993443e+02
7.6049000000000011e-01 1.1700378208163491e+01 -1.4181457436800758e+02
7.6148666666666676e-01 1.1841723782206220e+01 -1.4182202906222381e+02
7.6248333333333340e-01 1.1983076789798570e+01 -1.4182949118999147e+02
7.6348000000000005e-01 1.2124437238353007e+01 -1.4183696075871762e+02
7.6447666666666669e-01 1.2265805135289385e+01 -1.4184443777582567e+02
7.6547333333333345e-01 1.2407180488034975e+01 -1.4185192224874405e+02
7.6647000000000010e-01 1.2548563304024405e+01 -1.4185941418490310e+02
7.6746666666666674e-01 1.2689953590699767e+01 -1.4186691359174864e+02
7.6846333333333339e-01 1.2831351355510556e+01 -1.4187442047672786e+02
7.6946000000000003e-01 1.2972756605913693e+01 -1.4188193484729800e+02
7.7045666666666679e-01 1.3114169349373554e+01 -1.4188945671092665e+02
7.7145333333333344e-01 1.3255589593361913e+01 -1.4189698607508168e+02
7.7245000000000008e-01 1.3397017345358035e+01 -1.4190452294724273e+02
7.7344666666666673e-01 1.3538452612848634e+01 -1.4191206733489886e+02
7.7444333333333337e-01 1.3679895403327883e+01 -1.4191961924554209e+02
7.7544000000000013e-01 1.3821345724297451e+01 -1.4192717868667478e+02
7.7643666666666677e-01 1.3962803583266435e+01 -1.4193474566580574e+02
7.7743333333333342e-01 1.4104268987751468e+01 -1.4194232019045296e+02
7.7843000000000007e-01 1.4245741945276663e+01 -1.4194990226813846e+02
7.7942666666666671e-01 1.4387222463373636e+01 -1.4195749190639515e+02
7.8042333333333336e-01 1.4528710549581515e+01 -1.4196508911276408e+02
7.8142000000000011e-01 1.4670206211446958e+01 -1.4197269389478762e+02
7.8241666666666676e-01 1.4811709456524103e+01 -1.4198030626002196e+02
7.8341333333333341e-01 1.4953220292374665e+01 -1.4198792621602942e+02
7.8441000000000005e-01 1.5094738726567888e+01 -1.4199555377037859e+02
7.8540666666666670e-01 1.5236264766680563e+01 -1.4200318893064693e+02
7.8640333333333345e-01 1.5377798420297049e+01 -1.4201083170441703e+02
7.8740000000000010e-01 1.5519339695009224e+01 -1.4201848209928326e+02
7.8839666666666675e-01 1.5660888598416580e+01 -1.4202614012284380e+02
7.8939333333333339e-01 1.5802445138126174e+01 -1.4203380578270352e+02
7.9039000000000004e-01 1.5944009321752649e+01 -1.4204147908648193e+02
7.9138666666666679e-01 1.6085581156918256e+01 -1.4204916004179992e+02
7.9238333333333344e-01 1.6227160651252799e+01 -1.4205684865628390e+02
7.9338000000000009e-01 1.6368747812393735e+01 -1.4206454493757124e+02
7.9437666666666673e-01 1.6510342647986125e+01 -1.4207224889331323e+02
7.9537333333333338e-01 1.6651945165682648e+01 -1.4207996053115596e+02
7.9637000000000002e-01 1.6793555373143622e+01 -1.4208767985876253e+02
7.9736666666666678e-01 1.6935173278037013e+01 -1.4209540688380190e+02
7.9836333333333342e-01 1.7076798888038390e+01 -1.4210314161394692e+02
7.9936000000000007e-01 1.7218432210831018e+01 -1.4211088405688480e+02
8.0035666666666672e-01 1.7360073254105814e+01 -1.4211863422030339e+02
8.0135333333333336e-01 1.7501722025561360e+01 -1.4212639211189966e+02
8.0235000000000012e-01 1.7643378532903927e+01 -1.4213415773938362e+02
8.0334666666666676e-01 1.7785042783847434e+01 -1.4214193111046728e+02
8.0434333333333341e-01 1.7926714786113529e+01 -1.4214971223287176e+02
8.0534000000000006e-01 1.8068394547431549e+01 -1.4215750111433121e+02
8.0633666666666670e-01 1.8210082075538537e+01 -1.4216529776257471e+02
8.0733333333333346e-01 1.8351777378179268e+01 -1.4217310218535320e+02
8.0833000000000010e-01 1.8493480463106192e+01 -1.4218091439041615e+02
8.0932666666666675e-01 1.8635191338079533e+01 -1.4218873438552393e+02
8.1032333333333340e-01 1.8776910010867244e+01 -1.4219656217844809e+02
8.1132000000000004e-01 1.8918636489245017e+01 -1.4220439777695867e+02
8.1231666666666680e-01 1.9060370780996323e+01 -1.4221224118884234e+02
8.1331333333333344e-01 1.9202112893912336e+01 -1.4222009242189131e+02
8.1431000000000009e-01 1.9343862835792052e+01 -1.4222795148390327e+02
8.1530666666666674e-01 1.9485620614442229e+01 -1.4223581838268203e+02
8.1630333333333338e-01 1.9627386237677410e+01 -1.4224369312604819e+02
8.1730000000000003e-01 1.9769159713319926e+01 -1.4225157572181817e+02
8.1829666666666678e-01 1.9910941049199927e+01 -1.4225946617782677e+02
8.1929333333333343e-01 2.0052730253155325e+01 -1.4226736450190893e+02
8.2029000000000007e-01 2.0194527333031893e+01 -1.4227527070191056e+02
8.2128666666666672e-01 2.0336332296683210e+01 -1.4228318478569057e+02
8.2228333333333337e-01 2.0478145151970690e+01 -1.4229110676110102e+02
8.2328000000000012e-01 2.0619965906763600e+01 -1.4229903663601584e+02
8.2427666666666677e-01 2.0761794568939003e+01 -1.4230697441831282e+02
8.2527333333333341e-01 2.0903631146381873e+01 -1.4231492011588062e+02
8.2627000000000006e-01 2.1045475646985025e+01 -1.4232287373660486e+02
8.2726666666666671e-01 2.1187328078649145e+01 -1.4233083528838935e+02
8.2826333333333346e-01 2.1329188449282810e+01 -1.4233880477914181e+02
8.2926000000000011e-01 2.1471056766802441e+01 -1.4234678221677930e+02
8.3025666666666675e-01 2.1612933039132397e+01 -1.4235476760922785e+02
8.3125333333333340e-01 2.1754817274204928e+01 -1.4236276096441773e+02
8.3225000000000005e-01 2.1896709479960187e+01 -1.4237076229028906e+02
8.3324666666666669e-01 2.2038609664346247e+01 -1.4237877159478828e+02
8.3424333333333345e-01 2.2180517835319126e+01 -1.4238678888587674e+02
8.3524000000000009e-01 2.2322434000842723e+01 -1.4239481417151245e+02
8.3623666666666674e-01 2.2464358168888928e+01 -1.4240284745967310e+02
8.3723333333333338e-01 2.2606290347437564e+01 -1.4241088875833174e+02
8.3823000000000003e-01 2.2748230544476410e+01 -1.4241893807548112e+02
8.3922666666666679e-01 2.2890178768001231e+01 -1.4242699541911651e+02
8.4022333333333343e-01 2.3032135026015712e+01 -1.4243506079723866e+02
8.4122000000000008e-01 2.3174099326531572e+01 -1.4244313421786623e+02
8.4221666666666672e-01 2.3316071677568495e+01 -1.4245121568900794e+02
8.4321333333333337e-01 2.3458052087154165e+01 -1.4245930521869937e+02
8.4421000000000013e-01 2.3600040563324296e+01 -1.4246740281497841e+02
8.4520666666666677e-01 2.3742037114122553e+01 -1.4247550848587983e+02
8.4620333333333342e-01 2.3884041747600676e+01 -1.4248362223945963e+02
8.4720000000000006e-01 2.4026054471818423e+01 -1.4249174408378184e+02
8.4819666666666671e-01 2.4168075294843579e+01 -1.4249987402690866e+02
8.4919333333333347e-01 2.4310104224751999e+01 -1.4250801207692095e+02
8.5019000000000011e-01 2.4452141269627539e+01 -1.4251615824189608e+02
8.5118666666666676e-01 2.4594186437562161e+01 -1.4252431252992758e+02
8.5218333333333340e-01 2.4736239736655886e+01 -1.4253247494912219e+02
8.5318000000000005e-01 2.4878301175016805e+01 -1.4254064550757866e+02
8.5417666666666670e-01 2.5020370760761100e+01 -1.4254882421341986e+02
8.5517333333333345e-01 2.5162448502013060e+01 -1.4255701107476759e+02
8.5617000000000010e-01 2.5304534406905027e+01 -1.4256520609975627e+02
8.5716666666666674e-01 2.5446628483577506e+01 -1.4257340929652401e+02
8.5816333333333339e-01 2.5588730740179091e+01 -1.4258162067321672e+02
8.5916000000000003e-01 2.5730841184866510e+01 -1.4258984023799650e+02
8.6015666666666679e-01 2.5872959825804639e+01 -1.4259806799902614e+02
8.6115333333333344e-01 2.6015086671166451e+01 -1.4260630396447925e+02
8.6215000000000008e-01 2.6157221729133109e+01 -1.4261454814253671e+02
8.6314666666666673e-01 2.6299365007893929e+01 -1.4262280054138546e+02
8.6414333333333337e-01 2.6441516515646381e+01 -1.4263106116922506e+02
8.6514000000000013e-01 2.6583676260596132e+01 -1.4263933003426274e+02
8.6613666666666678e-01 2.6725844250956982e+01 -1.4264760714470788e+02
8.6713333333333342e-01 2.6868020494950972e+01 -1.4265589250878762e+02
8.6813000000000007e-01 2.7010205000808323e+01 -1.4266418613473169e+02
8.6912666666666671e-01 2.7152397776767462e+01 -1.4267248803077257e+02
8.7012333333333336e-01 2.7294598831075032e+01 -1.4268079820516317e+02
8.7112000000000012e-01 2.7436808171985920e+01 -1.4268911666615722e+02
8.7211666666666676e-01 2.7579025807763188e+01 -1.4269744342201386e+02
8.7311333333333341e-01 2.7721251746678192e+01 -1.4270577848100845e+02
8.7411000000000005e-01 2.7863485997010514e+01 -1.4271412185141884e+02
8.7510666666666670e-01 2.8005728567047999e+01 -1.4272247354153538e+02
8.7610333333333346e-01 2.8147979465086770e+01 -1.4273083355965102e+02
8.7710000000000010e-01 2.8290238699431171e+01 -1.4273920191407126e+02
8.7809666666666675e-01 2.8432506278393880e+01 -1.4274757861311065e+02
8.7909333333333339e-01 2.8574782210295847e+01 -1.4275596366508623e+02
8.8009000000000004e-01 2.8717066503466313e+01 -1.4276435707832940e+02
8.8108666666666680e-01 2.8859359166242847e+01 -1.4277275886117937e+02
8.8208333333333344e-01 2.9001660206971284e+01 -1.4278116902198087e+02
8.8308000000000009e-01 2.9143969634005828e+01 -1.4278958756908591e+02
8.8407666666666673e-01 2.9286287455708997e+01 -1.4279801451085783e+02
8.8507333333333338e-01 2.9428613680451647e+01 -1.4280644985566906e+02
8.8607000000000014e-01 2.9570948316612998e+01 -1.4281489361189983e+02
8.8706666666666678e-01 2.9713291372580578e+01 -1.4282334578793228e+02
8.8806333333333343e-01 2.9855642856750325e+01 -1.4283180639216826e+02
8.8906000000000007e-01 2.9998002777526537e+01 -1.4284027543301394e+02
8.9005666666666672e-01 3.0140371143321889e+01 -1.4284875291887113e+02
8.9105333333333336e-01 3.0282747962557444e+01 -1.4285723885816915e+02
8.9205000000000012e-01 3.0425133243662682e+01 -1.4286573325933824e+02
8.9304666666666677e-01 3.0567526995075436e+01 -1.4287423613081214e+02
8.9404333333333341e-01 3.0709929225242007e+01 -1.4288274748104092e+02
8.9504000000000006e-01 3.0852339942617096e+01 -1.4289126731847352e+02
8.9603666666666670e-01 3.0994759155663836e+01 -1.4289979565157853e+02
8.9703333333333346e-01 3.1137186872853817e+01 -1.4290833248882711e+02
8.9803000000000011e-01 3.1279623102667031e+01 -1.4291687783869770e+02
8.9902666666666675e-01 3.1422067853591969e+01 -1.4292543170968116e+02
9.0002333333333340e-01 3.1564521134125574e+01 -1.4293399411026752e+02
9.0102000000000004e-01 3.1706982952773256e+01 -1.4294256504896816e+02
9.0201666666666680e-01 3.1849453318048930e+01 -1.4295114453429878e+02
9.0301333333333345e-01 3.1991932238474952e+01 -1.4295973257478056e+02
9.0401000000000009e-01 3.2134419722582216e+01 -1.4296832917893474e+02
9.0500666666666674e-01 3.2276915778910109e+01 -1.4297693435531011e+02
9.0600333333333338e-01 3.2419420416006545e+01 -1.4298554811246439e+02
9.0700000000000014e-01 3.2561933642427974e+01 -1.4299417045893293e+02
9.0799666666666679e-01 3.2704455466739311e+01 -1.4300280140328493e+02
9.0899333333333343e-01 3.2846985897514074e+01 -1.4301144095410592e+02
9.0999000000000008e-01 3.2989524943334324e+01 -1.4302008911997669e+02
9.1098666666666672e-01 3.3132072612790665e+01 -1.4302874590948079e+02
9.1198333333333337e-01 3.3274628914482278e+01 -1.4303741133121517e+02
9.1298000000000012e-01 3.3417193857016919e+01 -1.4304608539379001e+02
9.1397666666666677e-01 3.3559767449010891e+01 -1.4305476810582451e+02
9.1497333333333342e-01 3.3702349699089140e+01 -1.4306345947594687e+02
9.1597000000000006e-01 3.3844940615885186e+01 -1.4307215951278422e+02
9.1696666666666671e-01 3.3987540208041167e+01 -1.4308086822497279e+02
9.1796333333333346e-01 3.4130148484207844e+01 -1.4308958562117621e+02
9.1896000000000011e-01 3.4272765453044570e+01 -1.4309831171005999e+02
9.1995666666666676e-01 3.4415391123219386e+01 -1.4310704650027373e+02
9.2095333333333340e-01 3.4558025503408928e+01 -1.4311579000049096e+02
9.2195000000000005e-01 3.4700668602298506e+01 -1.4312454221941198e+02
9.2294666666666680e-01 3.4843320428582118e+01 -1.4313330316573254e+02
9.2394333333333345e-01 3.4985980990962368e+01 -1.4314207284814663e+02
9.2494000000000010e-01 3.5128650298150582e+01 -1.4315085127536452e+02
9.2593666666666674e-01 3.5271328358866761e+01 -1.4315963845610958e+02
9.2693333333333339e-01 3.5414015181839609e+01 -1.4316843439911150e+02
9.2793000000000003e-01 3.5556710775806529e+01 -1.4317723911310983e+02
9.2892666666666679e-01 3.5699415149513655e+01 -1.4318605260684666e+02
9.2992333333333344e-01 3.5842128311715783e+01 -1.4319487488907305e+02
9.3092000000000008e-01 3.5984850271176498e+01 -1.4320370596855625e+02
9.3191666666666673e-01 3.6127581036668104e+01 -1.4321254585407667e+02
9.3291333333333337e-01 3.6270320616971667e+01 -1.4322139455440947e+02
9.3391000000000013e-01 3.6413069020876996e+01 -1.4323025207833243e+02
9.3490666666666677e-01 3.6555826257182630e+01 -1.4323911843465365e+02
9.3590333333333342e-01 3.6698592334695938e+01 -1.4324799363219023e+02
9.3690000000000007e-01 3.6841367262233049e+01 -1.4325687767975117e+02
9.3789666666666671e-01 3.6984151048618891e+01 -1.4326577058615439e+02
9.3889333333333347e-01 3.7126943702687193e+01 -1.4327467236024177e+02
9.3989000000000011e-01 3.7269745233280453e+01 -1.4328358301084998e+02
9.4088666666666676e-01 3.7412555649250031e+01 -1.4329250254683535e+02
9.4188333333333341e-01 3.7555374959456103e+01 -1.4330143097706383e+02
9.4288000000000005e-01 3.7698203172767677e+01 -1.4331036831038196e+02
9.4387666666666681e-01 3.7841040298062616e+01 -1.4331931455568503e+02
9.4487333333333345e-01 3.7983886344227592e+01 -1.4332826972187030e+02
9.4587000000000010e-01 3.8126741320158196e+01 -1.4333723381781198e+02
9.4686666666666675e-01 3.8269605234758856e+01 -1.4334620685242231e+02
9.4786333333333339e-01 3.8412478096942891e+01 -1.4335518883461282e+02
9.4886000000000004e-01 3.8555359915632501e+01 -1.4336417977330839e+02
9.4985666666666679e-01 3.8698250699758809e+01 -1.4337317967744715e+02
9.5085333333333344e-01 3.8841150458261787e+01 -1.4338218855595844e+02
9.5185000000000008e-01 3.8984059200090364e+01 -1.4339120641778774e+02
9.5284666666666673e-01 3.9126976934202389e+01 -1.4340023327190079e+02
9.5384333333333338e-01 3.9269903669564641e+01 -1.4340926912726883e+02
9.5484000000000013e-01 3.9412839415152852e+01 -1.4341831399286210e+02
9.5583666666666678e-01 3.9555784179951658e+01 -1.4342736787765980e+02
9.5683333333333342e-01 3.9698737972954703e+01 -1.4343643079066086e+02
9.5783000000000007e-01 3.9841700803164578e+01 -1.4344550274087027e+02
9.5882666666666672e-01 3.9984672679592862e+01 -1.4345458373729846e+02
9.5982333333333347e-01 4.0127653611260129e+01 -1.4346367378896565e+02
9.6082000000000012e-01 4.0270643607195900e+01 -1.4347277290489367e+02
9.6181666666666676e-01 4.0413642676438748e+01 -1.4348188109413150e+02
9.6281333333333341e-01 4.0556650828036240e+01 -1.4349099836572682e+02
9.6381000000000006e-01 4.0699668071044975e+01 -1.4350012472872660e+02
9.6480666666666670e-01 4.0842694414530570e+01 -1.4350926019220546e+02
9.6580333333333346e-01 4.0985729867567706e+01 -1.4351840476523341e+02
9.6680000000000010e-01 4.1128774439240061e+01 -1.4352755845688955e+02
9.6779666666666675e-01 4.1271828138640423e+01 -1.4353672127628320e+02
9.6879333333333340e-01 4.1414890974870637e+01 -1.4354589323250849e+02
9.6979000000000004e-01 4.1557962957041610e+01 -1.4355507433466147e+02
9.7078666666666680e-01 4.1701044094273350e+01 -1.4356426459187631e+02
9.7178333333333344e-01 4.1844134395694915e+01 -1.4357346401328547e+02
9.7278000000000009e-01 4.1987233870444527e+01 -1.4358267260801625e+02
9.7377666666666673e-01 4.2130342527669491e+01 -1.4359189038522689e+02
9.7477333333333338e-01 4.2273460376526238e+01 -1.4360111735406684e+02
9.7577000000000014e-01 4.2416587426180342e+01 -1.4361035352370246e+02
9.7676666666666678e-01 4.2559723685806468e+01 -1.4361959890330900e+02
9.7776333333333343e-01 4.2702869164588478e+01 -1.4362885350206705e+02
9.7876000000000007e-01 4.2846023871719382e+01 -1.4363811732917773e+02
9.7975666666666672e-01 4.2989187816401348e+01 -1.4364739039383690e+02
9.8075333333333348e-01 4.3132361007845738e+01 -1.4365667270525361e+02
9.8175000000000012e-01 4.3275543455273059e+01 -1.4366596427265657e+02
9.8274666666666677e-01 4.3418735167913056e+01 -1.4367526510527279e+02
9.8374333333333341e-01 4.3561936155004659e+01 -1.4368457521233540e+02
9.8474000000000006e-01 4.3705146425796016e+01 -1.4369389460310177e+02
9.8573666666666671e-01 4.3848365989544490e+01 -1.4370322328682104e+02
9.8673333333333346e-01 4.3991594855516695e+01 -1.4371256127275939e+02
9.8773000000000011e-01 4.4134833032988432e+01 -1.4372190857019902e+02
9.8872666666666675e-01 4.4278080531244811e+01 -1.4373126518842392e+02
9.8972333333333340e-01 4.4421337359580178e+01 -1.4374063113672793e+02
9.9072000000000005e-01 4.4564603527298139e+01 -1.4375000642441009e+02
9.9171666666666680e-01 4.4707879043711607e+01 -1.4375939106079016e+02
9.9271333333333345e-01 4.4851163918142731e+01 -1.4376878505518590e+02
9.9371000000000009e-01 4.4994458159922999e+01 -1.4377818841692766e+02
9.9470666666666674e-01 4.5137761778393184e+01 -1.4378760115535559e+02
9.9570333333333338e-01 4.5281074782903382e+01 -1.4379702327982585e+02
9.9670000000000014e-01 4.5424397182813024e+01 -1.4380645479969726e+02
9.9769666666666679e-01 4.5567728987490831e+01 -1.4381589572433407e+02
9.9869333333333343e-01 4.5711070206314908e+01 -1.4382534606311640e+02
9.9969000000000008e-01 4.5854420848672696e+01 -1.4383480582542731e+02
1.0006866666666667e+00 4.5997780923961002e+01 -1.4384427502067277e+02
1.0016833333333335e+00 4.6141150441586014e+01 -1.4385375365825175e+02
1.0026800000000000e+00 4.6284529410963231e+01 -1.4386324174757922e+02
1.0036766666666668e+00 4.6427917841517669e+01 -1.4387273929808805e+02
1.0046733333333333e+00 4.6571315742683602e+01 -1.4388224631920653e+02
1.0056700000000001e+00 4.6714723123904839e+01 -1.4389176282037374e+02
1.0066666666666666e+00 4.6858139994634477e+01 -1.4390128881105014e+02
1.0076633333333334e+00 4.7001566364335183e+01 -1.4391082430070148e+02
1.0086600000000001e+00 4.7145002242478945e+01 -1.4392036929879350e+02
1.0096566666666666e+00 4.7288447638547204e+01 -1.4392992381480985e+02
1.0106533333333334e+00 4.7431902562030956e+01 -1.4393948785823952e+02
1.0116500000000002e+00 4.7575367022430548e+01 -1.4394906143857676e+02
1.0126466666666667e+00 4.7718841029255813e+01 -1.4395864456534085e+02
1.0136433333333335e+00 4.7862324592026170e+01 -1.4396823724805816e+02
1.0146400000000000e+00 4.8005817720270393e+01 -1.4397783949624255e+02
1.0156366666666667e+00 4.8149320423526888e+01 -1.4398745131943829e+02
1.0166333333333335e+00 4.8292832711343472e+01 -1.4399707272719311e+02
1.0176300000000000e+00 4.8436354593277485e+01 -1.4400670372906197e+02
1.0186266666666668e+00 4.8579886078895903e+01 -1.4401634433462104e+02
1.0196233333333333e+00 4.8723427177775093e+01 -1.4402599455343068e+02
1.0206200000000001e+00 4.8866977899501116e+01 -1.4403565439508847e+02
1.0216166666666668e+00 4.9010538253669495e+01 -1.4404532386919217e+02
1.0226133333333334e+00 4.9154108249885319e+01 -1.4405500298534292e+02
1.0236100000000001e+00 4.9297687897763346e+01 -1.4406469175314919e+02
1.0246066666666667e+00 4.9441277206927801e+01 -1.4407439018224244e+02
1.0256033333333334e+00 4.9584876187012625e+01 -1.4408409828225604e+02
1.0266000000000002e+00 4.9728484847661278e+01 -1.4409381606283392e+02
1.0275966666666667e+00 4.9872103198526830e+01 -1.4410354353362735e+02
1.0285933333333335e+00 5.0015731249272072e+01 -1.4411328070429090e+02
1.0295900000000000e+00 5.0159369009569311e+01 -1.4412302758451679e+02
1.0305866666666668e+00 5.0303016489100621e+01 -1.4413278418397397e+02
1.0315833333333335e+00 5.0446673697557635e+01 -1.4414255051234923e+02
1.0325800000000001e+00 5.0590340644641650e+01 -1.4415232657935073e+02
1.0335766666666668e+00 5.0734017340063730e+01 -1.4416211239469379e+02
1.0345733333333333e+00 5.0877703793544498e+01 -1.4417190796809550e+02
1.0355700000000001e+00 5.1021400014814404e+01 -1.4418171330928178e+02
1.0365666666666669e+00 5.1165106013613496e+01 -1.4419152842799662e+02
1.0375633333333334e+00 5.1308821799691536e+01 -1.4420135333399432e+02
1.0385600000000001e+00 5.1452547382808106e+01 -1.4421118803702245e+02
1.0395566666666667e+00 5.1596282772732387e+01 -1.4422103254685504e+02
1.0405533333333334e+00 5.1740027979243436e+01 -1.4423088687328226e+02
1.0415500000000002e+00 5.1883783012129967e+01 -1.4424075102608359e+02
1.0425466666666667e+00 5.2027547881190451e+01 -1.4425062501505278e+02
1.0435433333333335e+00 5.2171322596233217e+01 -1.4426050885000134e+02
1.0445400000000000e+00 5.2315107167076256e+01 -1.4427040254075328e+02
1.0455366666666668e+00 5.2458901603547481e+01 -1.4428030609713085e+02
1.0465333333333335e+00 5.2602705915484506e+01 -1.4429021952897418e+02
1.0475300000000001e+00 5.2746520112734743e+01 -1.4430014284612685e+02
1.0485266666666668e+00 5.2890344205155536e+01 -1.4431007605844673e+02
1.0495233333333334e+00 5.3034178202613923e+01 -1.4432001917581130e+02
1.0505200000000001e+00 5.3178022114986909e+01 -1.4432997220808744e+02
1.0515166666666667e+00 5.3321875952161228e+01 -1.4433993516515969e+02
1.0525133333333334e+00 5.3465739724033583e+01 -1.4434990805692874e+02
1.0535100000000002e+00 5.3609613440510465e+01 -1.4435989089330960e+02
1.0545066666666667e+00 5.3753497111508239e+01 -1.4436988368420282e+02
1.0555033333333335e+00 5.3897390746953249e+01 -1.4437988643953403e+02
1.0565000000000000e+00 5.4041294356781613e+01 -1.4438989916926269e+02
1.0574966666666668e+00 5.4185207950939493e+01 -1.4439992188331806e+02
1.0584933333333335e+00 5.4329131539382864e+01 -1.4440995459165069e+02
1.0594900000000000e+00 5.4473065132077629e+01 -1.4441999730423248e+02
1.0604866666666668e+00 5.4617008738999722e+01 -1.4443005003104611e+02
1.0614833333333333e+00 5.4760962370134905e+01 -1.4444011278206889e+02
1.0624800000000001e+00 5.4904926035479022e+01 -1.4445018556730122e+02
1.0634766666666668e+00 5.5048899745037787e+01 -1.4446026839674732e+02
1.0644733333333334e+00 5.5192883508826888e+01 -1.4447036128042177e+02
1.0654700000000001e+00 5.5336877336872107e+01 -1.4448046422835000e+02
1.0664666666666667e+00 5.5480881239209083e+01 -1.4449057725056994e+02
1.0674633333333334e+00 5.5624895225883598e+01 -1.4450070035712830e+02
1.0684600000000002e+00 5.5768919306951354e+01 -1.4451083355807216e+02
1.0694566666666667e+00 5.5912953492478074e+01 -1.4452097686348014e+02
1.0704533333333335e+00 5.6056997792539626e+01 -1.4453113028342057e+02
1.0714500000000000e+00 5.6201052217221786e+01 -1.4454129382798124e+02
1.0724466666666668e+00 5.6345116776620529e+01 -1.4455146750725521e+02
1.0734433333333335e+00 5.6489191480841782e+01 -1.4456165133135008e+02
1.0744400000000001e+00 5.6633276340001558e+01 -1.4457184531038379e+02
1.0754366666666668e+00 5.6777371364226063e+01 -1.4458204945447804e+02
1.0764333333333334e+00 5.6921476563651460e+01 -1.4459226377378127e+02
1.0774300000000001e+00 5.7065591948424156e+01 -1.4460248827842574e+02
1.0784266666666669e+00 5.7209717528700573e+01 -1.4461272297856542e+02
1.0794233333333334e+00 5.7353853314647253e+01 -1.4462296788438238e+02
1.0804200000000002e+00 5.7497999316440996e+01 -1.4463322300604472e+02
1.0814166666666667e+00 5.7642155544268597e+01 -1.4464348835373283e+02
1.0824133333333334e+00 5.7786322008327154e+01 -1.4465376393765752e+02
1.0834100000000002e+00 5.7930498718823827e+01 -1.4466404976801905e+02
1.0844066666666667e+00 5.8074685685975965e+01 -1.4467434585503153e+02
1.0854033333333335e+00 5.8218882920011183e+01 -1.4468465220893083e+02
1.0864000000000000e+00 5.8363090431167187e+01 -1.4469496883994728e+02
1.0873966666666668e+00 5.8507308229692008e+01 -1.4470529575832916e+02
1.0883933333333333e+00 5.8651536325843765e+01 -1.4471563297433528e+02
1.0893900000000001e+00 5.8795774729890944e+01 -1.4472598049824057e+02
1.0903866666666668e+00 5.8940023452112172e+01 -1.4473633834032023e+02
1.0913833333333334e+00 5.9084282502796320e+01 -1.4474670651085603e+02
1.0923800000000001e+00 5.9228551892242621e+01 -1.4475708502015516e+02
1.0933766666666667e+00 5.9372831630760444e+01 -1.4476747387852635e+02
1.0943733333333334e+00 5.9517121728669572e+01 -1.4477787309628371e+02
1.0953700000000002e+00 5.9661422196299974e+01 -1.4478828268376662e+02
1.0963666666666667e+00 5.9805733043991928e+01 -1.4479870265130322e+02
1.0973633333333335e+00 5.9950054282096119e+01 -1.4480913300925047e+02
1.0983600000000000e+00 6.0094385920973423e+01 -1.4481957376798141e+02
1.0993566666666668e+00 6.0238727970995171e+01 -1.4483002493784579e+02
1.1003533333333335e+00 6.0383080442542948e+01 -1.4484048652923641e+02
1.1013500000000001e+00 6.0527443346008681e+01 -1.4485095855254198e+02
1.1023466666666668e+00 6.0671816691794767e+01 -1.4486144101816942e+02
1.1033433333333333e+00 6.0816200490313840e+01 -1.4487193393653098e+02
1.1043400000000001e+00 6.0960594751989049e+01 -1.4488243731804408e+02
1.1053366666666669e+00 6.1104999487253842e+01 -1.4489295117314791e+02
1.1063333333333334e+00 6.1249414706552059e+01 -1.4490347551228106e+02
1.1073300000000001e+00 6.1393840420338066e+01 -1.4491401034590041e+02
1.1083266666666667e+00 6.1538276639076514e+01 -1.4492455568447164e+02
1.1093233333333334e+00 6.1682723373242631e+01 -1.4493511153847271e+02
1.1103200000000002e+00 6.1827180633321980e+01 -1.4494567791838207e+02
1.1113166666666667e+00 6.1971648429810578e+01 -1.4495625483470255e+02
1.1123133333333335e+00 6.2116126773215022e+01 -1.4496684229793723e+02
1.1133100000000000e+00 6.2260615674052247e+01 -1.4497744031860177e+02
1.1143066666666668e+00 6.2405115142849795e+01 -1.4498804890722400e+02
1.1153033333333335e+00 6.2549625190145626e+01 -1.4499866807434665e+02
1.1163000000000001e+00 6.2694145826488196e+01 -1.4500929783051157e+02
1.1172966666666668e+00 6.2838677062436581e+01 -1.4501993818628262e+02
1.1182933333333334e+00 6.2983218908560254e+01 -1.4503058915223235e+02
1.1192900000000001e+00 6.3127771375439366e+01 -1.4504125073893150e+02
1.1202866666666669e+00 6.3272334473664507e+01 -1.4505192295697611e+02
1.1212833333333334e+00 6.3416908213836834e+01 -1.4506260581696162e+02
1.1222800000000002e+00 6.3561492606568173e+01 -1.4507329932951245e+02
1.1232766666666667e+00 6.3706087662480805e+01 -1.4508400350524036e+02
1.1242733333333335e+00 6.3850693392207724e+01 -1.4509471835477856e+02
1.1252700000000000e+00 6.3995309806392413e+01 -1.4510544388878517e+02
1.1262666666666667e+00 6.4139936915689091e+01 -1.4511618011789150e+02
1.1272633333333335e+00 6.4284574730762486e+01 -1.4512692705277567e+02
1.1282600000000000e+00 6.4429223262287991e+01 -1.4513768470411500e+02
1.1292566666666668e+00 6.4573882520951699e+01 -1.4514845308257674e+02
1.1302533333333333e+00 6.4718552517450277e+01 -1.4515923219888310e+02
1.1312500000000001e+00 6.4863233262491164e+01 -1.4517002206373314e+02
1.1322466666666668e+00 6.5007924766792371e+01 -1.4518082268783357e+02
1.1332433333333334e+00 6.5152627041082624e+01 -1.4519163408193648e+02
1.1342400000000001e+00 6.5297340096101422e+01 -1.4520245625675906e+02
1.1352366666666667e+00 6.5442063942598836e+01 -1.4521328922305204e+02
1.1362333333333334e+00 6.5586798591335807e+01 -1.4522413299159288e+02
1.1372300000000002e+00 6.5731544053083908e+01 -1.4523498757313820e+02
1.1382266666666667e+00 6.5876300338625441e+01 -1.4524585297846863e+02
1.1392233333333335e+00 6.6021067458753564e+01 -1.4525672921839396e+02
1.1402200000000000e+00 6.6165845424272064e+01 -1.4526761630370783e+02
1.1412166666666668e+00 6.6310634245995629e+01 -1.4527851424522331e+02
1.1422133333333335e+00 6.6455433934749649e+01 -1.4528942305378243e+02
1.1432100000000001e+00 6.6600244501370298e+01 -1.4530034274019451e+02
1.1442066666666668e+00 6.6745065956704636e+01 -1.4531127331530490e+02
1.1452033333333334e+00 6.6889898311610438e+01 -1.4532221479000705e+02
1.1462000000000001e+00 6.7034741576956421e+01 -1.4533316717514253e+02
1.1471966666666669e+00 6.7179595763622032e+01 -1.4534413048158910e+02
1.1481933333333334e+00 6.7324460882497590e+01 -1.4535510472024870e+02
1.1491900000000002e+00 6.7469336944484368e+01 -1.4536608990201663e+02
1.1501866666666667e+00 6.7614223960494371e+01 -1.4537708603781473e+02
1.1511833333333334e+00 6.7759121941450616e+01 -1.4538809313855597e+02
1.1521800000000002e+00 6.7904030898286905e+01 -1.4539911121516806e+02
1.1531766666666667e+00 6.8048950841947956e+01 -1.4541014027860984e+02
1.1541733333333335e+00 6.8193881783389500e+01 -1.4542118033983368e+02
1.1551700000000000e+00 6.8338823733578039e+01 -1.4543223140978296e+02
1.1561666666666668e+00 6.8483776703491159e+01 -1.4544329349947029e+02
1.1571633333333335e+00 6.8628740704117320e+01 -1.4545436661988040e+02
1.1581600000000001e+00 6.8773715746455892e+01 -1.4546545078198653e+02
1.1591566666666668e+00 6.8918701841517333e+01 -1.4547654599681223e+02
1.1601533333333334e+00 6.9063699000322970e+01 -1.4548765227540071e+02
1.1611500000000001e+00 6.9208707233905216e+01 -1.4549876962875030e+02
1.1621466666666669e+00 6.9353726553307396e+01 -1.4550989806791713e+02
1.1631433333333334e+00 6.9498756969583866e+01 -1.4552103760395985e+02
1.1641400000000002e+00 6.9643798493800077e+01 -1.4553218824793063e+02
1.1651366666666667e+00 6.9788851137032395e+01 -1.4554335001092963e+02
1.1661333333333335e+00 6.9933914910368358e+01 -1.4555452290402854e+02
1.1671300000000000e+00 7.0078989824906444e+01 -1.4556570693832739e+02
1.1681266666666668e+00 7.0224075891756314e+01 -1.4557690212494589e+02
1.1691233333333335e+00 7.0369173122038632e+01 -1.4558810847498285e+02
1.1701200000000000e+00 7.0514281526885100e+01 -1.4559932599958248e+02
1.1711166666666668e+00 7.0659401117438676e+01 -1.4561055470989675e+02
1.1721133333333333e+00 7.0804531904853263e+01 -1.4562179461706151e+02
1.1731100000000001e+00 7.0949673900294016e+01 -1.4563304573225332e+02
1.1741066666666669e+00 7.1094827114937146e+01 -1.4564430806664245e+02
1.1751033333333334e+00 7.1239991559969994e+01 -1.4565558163143007e+02
1.1761000000000001e+00 7.1385167246591180e+01 -1.4566686643780383e+02
1.1770966666666667e+00 7.1530354186010314e+01 -1.4567816249696364e+02
1.1780933333333334e+00 7.1675552389448356e+01 -1.4568946982015748e+02
1.1790900000000002e+00 7.1820761868137339e+01 -1.4570078841859112e+02
1.1800866666666667e+00 7.1965982633320507e+01 -1.4571211830351575e+02
1.1810833333333335e+00 7.2111214696252389e+01 -1.4572345948619738e+02
1.1820800000000000e+00 7.2256458068198626e+01 -1.4573481197787169e+02
1.1830766666666668e+00 7.2401712760436212e+01 -1.4574617578984353e+02
1.1840733333333335e+00 7.2546978784253312e+01 -1.4575755093341149e+02
1.1850700000000001e+00 7.2692256150949333e+01 -1.4576893741984088e+02
1.1860666666666668e+00 7.2837544871835036e+01 -1.4578033526046198e+02
1.1870633333333334e+00 7.2982844958232334e+01 -1.4579174446660309e+02
1.1880600000000001e+00 7.3128156421474571e+01 -1.4580316504957622e+02
1.1890566666666669e+00 7.3273479272906286e+01 -1.4581459702073698e+02
1.1900533333333334e+00 7.3418813523883330e+01 -1.4582604039144340e+02
1.1910500000000002e+00 7.3564159185772994e+01 -1.4583749517306134e+02
1.1920466666666667e+00 7.3709516269953738e+01 -1.4584896137696899e+02
1.1930433333333335e+00 7.3854884787815521e+01 -1.4586043901454971e+02
1.1940400000000002e+00 7.4000264750759570e+01 -1.4587192809722330e+02
1.1950366666666667e+00 7.4145656170198478e+01 -1.4588342863639761e+02
1.1960333333333335e+00 7.4291059057556296e+01 -1.4589494064347417e+02
1.1970300000000000e+00 7.4436473424268343e+01 -1.4590646412990256e+02
1.1980266666666668e+00 7.4581899281781489e+01 -1.4591799910714445e+02
1.1990233333333336e+00 7.4727336641553904e+01 -1.4592954558663394e+02
1.2000200000000001e+00 7.4872785515055185e+01 -1.4594110357984297e+02
1.2010166666666668e+00 7.5018245913766464e+01 -1.4595267309827301e+02
1.2020133333333334e+00 7.5163717849180202e+01 -1.4596425415340201e+02
1.2030100000000001e+00 7.5309201332800427e+01 -1.4597584675673653e+02
1.2040066666666667e+00 7.5454696376142550e+01 -1.4598745091979021e+02
1.2050033333333334e+00 7.5600202990733550e+01 -1.4599906665409600e+02
1.2060000000000002e+00 7.5745721188111830e+01 -1.4601069397118076e+02
1.2069966666666667e+00 7.5891250979827277e+01 -1.4602233288260200e+02
1.2079933333333335e+00 7.6036792377441415e+01 -1.4603398339992526e+02
1.2089900000000000e+00 7.6182345392527154e+01 -1.4604564553471405e+02
1.2099866666666668e+00 7.6327910036669081e+01 -1.4605731929855850e+02
1.2109833333333335e+00 7.6473486321463227e+01 -1.4606900470305669e+02
1.2119800000000001e+00 7.6619074258517202e+01 -1.4608070175981601e+02
1.2129766666666668e+00 7.6764673859450284e+01 -1.4609241048044481e+02
1.2139733333333333e+00 7.6910285135893190e+01 -1.4610413087658503e+02
1.2149700000000001e+00 7.7055908099488377e+01 -1.4611586295987667e+02
1.2159666666666669e+00 7.7201542761889812e+01 -1.4612760674197480e+02
1.2169633333333334e+00 7.7347189134763099e+01 -1.4613936223455110e+02
1.2179600000000002e+00 7.7492847229785539e+01 -1.4615112944926372e+02
1.2189566666666667e+00 7.7638517058645974e+01 -1.4616290839780456e+02
1.2199533333333334e+00 7.7784198633045023e+01 -1.4617469909189199e+02
1.2209500000000002e+00 7.7929891964694875e+01 -1.4618650154324533e+02
1.2219466666666667e+00 7.8075597065319414e+01 -1.4619831576355753e+02
1.2229433333333335e+00 7.8221313946654277e+01 -1.4621014176457240e+02
1.2239400000000000e+00 7.8367042620446696e+01 -1.4622197955804592e+02
1.2249366666666668e+00 7.8512783098455742e+01 -1.4623382915573922e+02
1.2259333333333335e+00 7.8658535392452137e+01 -1.4624569056942877e+02
1.2269300000000001e+00 7.8804299514218300e+01 -1.4625756381086447e+02
1.2279266666666668e+00 7.8950075475548502e+01 -1.4626944889186848e+02
1.2289233333333334e+00 7.9095863288248680e+01 -1.4628134582425398e+02
1.2299200000000001e+00 7.9241662964136665e+01 -1.4629325461982481e+02
1.2309166666666669e+00 7.9387474515041944e+01 -1.4630517529040017e+02
1.2319133333333334e+00 7.9533297952805810e+01 -1.4631710784782979e+02
1.2329100000000002e+00 7.9679133289281481e+01 -1.4632905230398580e+02
1.2339066666666667e+00 7.9824980536333854e+01 -1.4634100867070978e+02
1.2349033333333335e+00 7.9970839705839779e+01 -1.4635297695988407e+02
1.2359000000000002e+00 8.0116710809687859e+01 -1.4636495718339910e+02
1.2368966666666668e+00 8.0262593859778562e+01 -1.4637694935315460e+02
1.2378933333333335e+00 8.0408488868024293e+01 -1.4638895348106539e+02
1.2388900000000000e+00 8.0554395846349237e+01 -1.4640096957905862e+02
1.2398866666666668e+00 8.0700314806689576e+01 -1.4641299765906149e+02
1.2408833333333333e+00 8.0846245760993284e+01 -1.4642503773302246e+02
1.2418800000000001e+00 8.0992188721220359e+01 -1.4643708981290939e+02
1.2428766666666669e+00 8.1138143699342635e+01 -1.4644915391069128e+02
1.2438733333333334e+00 8.1284110707343885e+01 -1.4646123003834603e+02
1.2448700000000001e+00 8.1430089757219932e+01 -1.4647331820787423e+02
1.2458666666666667e+00 8.1576080860978436e+01 -1.4648541843129567e+02
1.2468633333333334e+00 8.1722084030639152e+01 -1.4649753072061381e+02
1.2478600000000002e+00 8.1868099278233714e+01 -1.4650965508785461e+02
1.2488566666666667e+00 8.2014126615805765e+01 -1.4652179154506749e+02
1.2498533333333335e+00 8.2160166055411054e+01 -1.4653394010432410e+02
1.2508500000000000e+00 8.2306217609117226e+01 -1.4654610077767995e+02
1.2518466666666668e+00 8.2452281289004091e+01 -1.4655827357721697e+02
1.2528433333333335e+00 8.2598357107163395e+01 -1.4657045851501815e+02
1.2538400000000001e+00 8.2744445075698948e+01 -1.4658265560318981e+02
1.2548366666666668e+00 8.2890545206726728e+01 -1.4659486485386083e+02
1.2558333333333334e+00 8.3036657512374660e+01 -1.4660708627914363e+02
1.2568300000000001e+00 8.3182782004782894e+01 -1.4661931989119853e+02
1.2578266666666669e+00 8.3328918696103599e+01 -1.4663156570215855e+02
1.2588233333333334e+00 8.3475067598501042e+01 -1.4664382372418700e+02
1.2598200000000002e+00 8.3621228724151720e+01 -1.4665609396946968e+02
1.2608166666666667e+00 8.3767402085244171e+01 -1.4666837645019754e+02
1.2618133333333335e+00 8.3913587693979181e+01 -1.4668067117856657e+02
1.2628100000000002e+00 8.4059785562569630e+01 -1.4669297816678105e+02
1.2638066666666667e+00 8.4205995703240546e+01 -1.4670529742708268e+02
1.2648033333333335e+00 8.4352218128229282e+01 -1.4671762897169293e+02
1.2658000000000000e+00 8.4498452849785238e+01 -1.4672997281288116e+02
1.2667966666666668e+00 8.4644699880170180e+01 -1.4674232896289328e+02
1.2677933333333335e+00 8.4790959231657979e+01 -1.4675469743399771e+02
1.2687900000000001e+00 8.4937230916534745e+01 -1.4676707823849318e+02
1.2697866666666668e+00 8.5083514947098962e+01 -1.4677947138867964e+02
1.2707833333333334e+00 8.5229811335661239e+01 -1.4679187689686205e+02
1.2717800000000001e+00 8.5376120094544575e+01 -1.4680429477535759e+02
1.2727766666666669e+00 8.5522441236084177e+01 -1.4681672503651313e+02
1.2737733333333334e+00 8.5668774772627543e+01 -1.4682916769267732e+02
1.2747700000000002e+00 8.5815120716534580e+01 -1.4684162275619286e+02
1.2757666666666667e+00 8.5961479080177384e+01 -1.4685409023943603e+02
1.2767633333333335e+00 8.6107849875940531e+01 -1.4686657015481870e+02
1.2777600000000000e+00 8.6254233116220817e+01 -1.4687906251470298e+02
1.2787566666666668e+00 8.6400628813427531e+01 -1.4689156733152004e+02
1.2797533333333335e+00 8.6547036979982224e+01 -1.4690408461768095e+02
1.2807500000000001e+00 8.6693457628318839e+01 -1.4691661438561272e+02
1.2817466666666668e+00 8.6839890770883827e+01 -1.4692915664778639e+02
1.2827433333333333e+00 8.6986336420135913e+01 -1.4694171141664242e+02
1.2837400000000001e+00 8.7132794588546375e+01 -1.4695427870464769e+02
1.2847366666666669e+00 8.7279265288598808e+01 -1.4696685852429169e+02
1.2857333333333334e+00 8.7425748532789285e+01 -1.4697945088807984e+02
1.2867300000000002e+00 8.7572244333626429e+01 -1.4699205580851171e+02
1.2877266666666667e+00 8.7718752703631210e+01 -1.4700467329811329e+02
1.2887233333333334e+00 8.7865273655337205e+01 -1.4701730336940847e+02
1.2897200000000002e+00 8.8011807201290395e+01 -1.4702994603495094e+02
1.2907166666666667e+00 8.8158353354049268e+01 -1.4704260130729600e+02
1.2917133333333335e+00 8.8304912126184931e+01 -1.4705526919902167e+02
1.2927100000000000e+00 8.8451483530280910e+01 -1.4706794972271098e+02
1.2937066666666668e+00 8.8598067578933396e+01 -1.4708064289093767e+02
1.2947033333333335e+00 8.8744664284751039e+01 -1.4709334871633388e+02
1.2957000000000001e+00 8.8891273660355068e+01 -1.4710606721153334e+02
1.2966966666666668e+00 8.9037895718379417e+01 -1.4711879838913549e+02
1.2976933333333334e+00 8.9184530471470438e+01 -1.4713154226179455e+02
1.2986900000000001e+00 8.9331177932287261e+01 -1.4714429884218416e+02
1.2996866666666669e+00 8.9477838113501548e+01 -1.4715706814297215e+02
1.3006833333333334e+00 8.9624511027797581e+01 -1.4716985017685630e+02
1.3016800000000002e+00 8.9771196687872390e+01 -1.4718264495650732e+02
1.3026766666666667e+00 8.9917895106435523e+01 -1.4719545249462945e+02
1.3036733333333335e+00 9.0064606296209334e+01 -1.4720827280396756e+02
1.3046700000000002e+00 9.0211330269928794e+01 -1.4722110589725364e+02
1.3056666666666668e+00 9.0358067040341552e+01 -1.4723395178724252e+02
1.3066633333333335e+00 9.0504816620208075e+01 -1.4724681048667622e+02
1.3076600000000000e+00 9.0651579022301391e+01 -1.4725968200831599e+02
1.3086566666666668e+00 9.0798354259407432e+01 -1.4727256636499226e+02
1.3096533333333336e+00 9.0945142344324793e+01 -1.4728546356947979e+02
1.3106500000000001e+00 9.1091943289864787e+01 -1.4729837363456903e+02
1.3116466666666668e+00 9.1238757108851630e+01 -1.4731129657310896e+02
1.3126433333333334e+00 9.1385583814122185e+01 -1.4732423239793212e+02
1.3136400000000001e+00 9.1532423418526250e+01 -1.4733718112189246e+02
1.3146366666666667e+00 9.1679275934926309e+01 -1.4735014275785099e+02
1.3156333333333334e+00 9.1826141376197782e+01 -1.4736311731866667e+02
1.3166300000000002e+00 9.1973019755228862e+01 -1.4737610481724263e+02
1.3176266666666667e+00 9.2119911084920560e+01 -1.4738910526648337e+02
1.3186233333333335e+00 9.2266815378186891e+01 -1.4740211867930915e+02
1.3196200000000000e+00 9.2413732647954589e+01 -1.4741514506861668e+02
1.3206166666666668e+00 9.2560662907163390e+01 -1.4742818444735755e+02
1.3216133333333335e+00 9.2707606168765878e+01 -1.4744123682850619e+02
1.3226100000000001e+00 9.2854562445727524e+01 -1.4745430222500991e+02
1.3236066666666668e+00 9.3001531751026846e+01 -1.4746738064985314e+02
1.3246033333333334e+00 9.3148514097655152e+01 -1.4748047211601093e+02
1.3256000000000001e+00 9.3295509498616838e+01 -1.4749357663649900e+02
1.3265966666666669e+00 9.3442517966929174e+01 -1.4750669422434899e+02
1.3275933333333334e+00 9.3589539515622434e+01 -1.4751982489258651e+02
1.3285900000000002e+00 9.3736574157739952e+01 -1.4753296865423164e+02
1.3295866666666667e+00 9.3883621906337936e+01 -1.4754612552235218e+02
1.3305833333333335e+00 9.4030682774485754e+01 -1.4755929551002794e+02
1.3315800000000002e+00 9.4177756775265721e+01 -1.4757247863033339e+02
1.3325766666666667e+00 9.4324843921773166e+01 -1.4758567489636536e+02
1.3335733333333335e+00 9.4471944227116609e+01 -1.4759888432122952e+02
1.3345700000000000e+00 9.4619057704417500e+01 -1.4761210691805070e+02
1.3355666666666668e+00 9.4766184366810492e+01 -1.4762534269996573e+02
1.3365633333333335e+00 9.4913324227443255e+01 -1.4763859168012044e+02
1.3375600000000001e+00 9.5060477299476545e+01 -1.4765185387166144e+02
1.3385566666666668e+00 9.5207643596084353e+01 -1.4766512928778721e+02
1.3395533333333334e+00 9.5354823130453681e+01 -1.4767841794167239e+02
1.3405500000000001e+00 9.5502015915784810e+01 -1.4769171984651098e+02
1.3415466666666669e+00 9.5649221965291076e+01 -1.4770503501553412e+02
1.3425433333333334e+00 9.5796441292199006e+01 -1.4771836346194567e+02
1.3435400000000002e+00 9.5943673909748384e+01 -1.4773170519899392e+02
1.3445366666666667e+00 9.6090919831192110e+01 -1.4774506023995335e+02
1.3455333333333335e+00 9.6238179069796402e+01 -1.4775842859806068e+02
1.3465300000000002e+00 9.6385451638840607e+01 -1.4777181028659703e+02
1.3475266666666668e+00 9.6532737551617316e+01 -1.4778520531887321e+02
1.3485233333333335e+00 9.6680036821432481e+01 -1.4779861370818728e+02
1.3495200000000001e+00 9.6827349461605195e+01 -1.4781203546787088e+02
1.3505166666666668e+00 9.6974675485467955e+01 -1.4782547061122486e+02
1.3515133333333336e+00 9.7122014906366445e+01 -1.4783891915160876e+02
1.3525100000000001e+00 9.7269367737659678e+01 -1.4785238110239754e+02
1.3535066666666669e+00 9.7416733992720069e+01 -1.4786585647694631e+02
1.3545033333333334e+00 9.7564113684933247e+01 -1.4787934528865799e+02
1.3555000000000001e+00 9.7711506827698315e+01 -1.4789284755090694e+02
1.3564966666666667e+00 9.7858913434427592e+01 -1.4790636327711735e+02
1.3574933333333334e+00 9.8006333518546924e+01 -1.4791989248071849e+02
1.3584900000000002e+00 9.8153767093495446e+01 -1.4793343517515549e+02
1.3594866666666667e+00 9.8301214172725693e+01 -1.4794699137386735e+02
1.3604833333333335e+00 9.8448674769703686e+01 -1.4796056109031628e+02
1.3614800000000000e+00 9.8596148897908776e+01 -1.4797414433800483e+02
1.3624766666666668e+00 9.8743636570833885e+01 -1.4798774113041219e+02
1.3634733333333335e+00 9.8891137801985266e+01 -1.4800135148103340e+02
1.3644700000000001e+00 9.9038652604882657e+01 -1.4801497540340011e+02
1.3654666666666668e+00 9.9186180993059367e+01 -1.4802861291104577e+02
1.3664633333333334e+00 9.9333722980062078e+01 -1.4804226401751586e+02
1.3674600000000001e+00 9.9481278579451114e+01 -1.4805592873638210e+02
1.3684566666666669e+00 9.9628847804800216e+01 -1.4806960708119666e+02
1.3694533333333334e+00 9.9776430669696666e+01 -1.4808329906555534e+02
1.3704500000000002e+00 9.9924027187741373e+01 -1.4809700470305569e+02
1.3714466666666667e+00 1.0007163737254869e+02 -1.4811072400732880e+02
1.3724433333333335e+00 1.0021926123774669e+02 -1.4812445699198915e+02
1.3734400000000002e+00 1.0036689879697694e+02 -1.4813820367067444e+02
1.3744366666666668e+00 1.0051455006389457e+02 -1.4815196405705180e+02
1.3754333333333335e+00 1.0066221505216846e+02 -1.4816573816477586e+02
1.3764300000000000e+00 1.0080989377548099e+02 -1.4817952600754171e+02
1.3774266666666668e+00 1.0095758624752828e+02 -1.4819332759904233e+02
1.3784233333333336e+00 1.0110529248202005e+02 -1.4820714295297969e+02
1.3794200000000001e+00 1.0125301249267967e+02 -1.4822097208308494e+02
1.3804166666666668e+00 1.0140074629324431e+02 -1.4823481500310538e+02
1.3814133333333334e+00 1.0154849389746468e+02 -1.4824867172677190e+02
1.3824100000000001e+00 1.0169625531910535e+02 -1.4826254226784869e+02
1.3834066666666669e+00 1.0184403057194450e+02 -1.4827642664013035e+02
1.3844033333333334e+00 1.0199181966977409e+02 -1.4829032485739799e+02
1.3854000000000002e+00 1.0213962262639988e+02 -1.4830423693346307e+02
1.3863966666666667e+00 1.0228743945564131e+02 -1.4831816288214202e+02
1.3873933333333335e+00 1.0243527017133169e+02 -1.4833210271726310e+02
1.3883900000000002e+00 1.0258311478731807e+02 -1.4834605645267811e+02
1.3893866666666668e+00 1.0273097331746126e+02 -1.4836002410226078e+02
1.3903833333333335e+00 1.0287884577563604e+02 -1.4837400567986526e+02
1.3913800000000001e+00 1.0302673217573084e+02 -1.4838800119937935e+02
1.3923766666666668e+00 1.0317463253164811e+02 -1.4840201067472634e+02
1.3933733333333334e+00 1.0332254685730405e+02 -1.4841603411981524e+02
1.3943700000000001e+00 1.0347047516662880e+02 -1.4843007154855991e+02
1.3953666666666669e+00 1.0361841747356634e+02 -1.4844412297491201e+02
1.3963633333333334e+00 1.0376637379207455e+02 -1.4845818841283781e+02
1.3973600000000002e+00 1.0391434413612532e+02 -1.4847226787630569e+02
1.3983566666666667e+00 1.0406232851970435e+02 -1.4848636137931027e+02
1.3993533333333334e+00 1.0421032695681141e+02 -1.4850046893582962e+02
1.4003500000000002e+00 1.0435833946146013e+02 -1.4851459055988659e+02
1.4013466666666667e+00 1.0450636604767810e+02 -1.4852872626551161e+02
1.4023433333333335e+00 1.0465440672950703e+02 -1.4854287606675157e+02
1.4033400000000000e+00 1.0480246152100248e+02 -1.4855703997766520e+02
1.4043366666666668e+00 1.0495053043623416e+02 -1.4857121801229476e+02
1.4053333333333335e+00 1.0509861348928570e+02 -1.4858541018474139e+02
1.4063300000000001e+00 1.0524671069425479e+02 -1.4859961650911413e+02
1.4073266666666668e+00 1.0539482206525327e+02 -1.4861383699952398e+02
1.4083233333333334e+00 1.0554294761640693e+02 -1.4862807167007949e+02
1.4093200000000001e+00 1.0569108736185576e+02 -1.4864232053491563e+02
1.4103166666666669e+00 1.0583924131575377e+02 -1.4865658360820498e+02
1.4113133333333334e+00 1.0598740949226905e+02 -1.4867086090412056e+02
1.4123100000000002e+00 1.0613559190558398e+02 -1.4868515243683041e+02
1.4133066666666667e+00 1.0628378856989487e+02 -1.4869945822052162e+02
1.4143033333333335e+00 1.0643199949941237e+02 -1.4871377826942884e+02
1.4153000000000002e+00 1.0658022470836120e+02 -1.4872811259776751e+02
1.4162966666666668e+00 1.0672846421098025e+02 -1.4874246121977478e+02
1.4172933333333335e+00 1.0687671802152272e+02 -1.4875682414969714e+02
1.4182900000000001e+00 1.0702498615425587e+02 -1.4877120140180719e+02
1.4192866666666668e+00 1.0717326862346133e+02 -1.4878559299039668e+02
1.4202833333333336e+00 1.0732156544343488e+02 -1.4879999892975229e+02
1.4212800000000001e+00 1.0746987662848655e+02 -1.4881441923417535e+02
1.4222766666666669e+00 1.0761820219294073e+02 -1.4882885391799786e+02
1.4232733333333334e+00 1.0776654215113597e+02 -1.4884330299557089e+02
1.4242700000000001e+00 1.0791489651742525e+02 -1.4885776648123604e+02
1.4252666666666669e+00 1.0806326530617577e+02 -1.4887224438935135e+02
1.4262633333333334e+00 1.0821164853176904e+02 -1.4888673673431083e+02
1.4272600000000002e+00 1.0836004620860102e+02 -1.4890124353051056e+02
1.4282566666666667e+00 1.0850845835108190e+02 -1.4891576479235161e+02
1.4292533333333335e+00 1.0865688497363635e+02 -1.4893030053427049e+02
1.4302500000000000e+00 1.0880532609070330e+02 -1.4894485077069675e+02
1.4312466666666668e+00 1.0895378171673623e+02 -1.4895941551608601e+02
1.4322433333333335e+00 1.0910225186620291e+02 -1.4897399478491045e+02
1.4332400000000001e+00 1.0925073655358554e+02 -1.4898858859164955e+02
1.4342366666666668e+00 1.0939923579338087e+02 -1.4900319695079929e+02
1.4352333333333334e+00 1.0954774960009996e+02 -1.4901781987686755e+02
1.4362300000000001e+00 1.0969627798826849e+02 -1.4903245738438133e+02
1.4372266666666669e+00 1.0984482097242652e+02 -1.4904710948788406e+02
1.4382233333333334e+00 1.0999337856712860e+02 -1.4906177620194785e+02
1.4392200000000002e+00 1.1014195078694391e+02 -1.4907645754110442e+02
1.4402166666666667e+00 1.1029053764645597e+02 -1.4909115351994714e+02
1.4412133333333335e+00 1.1043913916026305e+02 -1.4910586415309569e+02
1.4422100000000002e+00 1.1058775534297784e+02 -1.4912058945515057e+02
1.4432066666666667e+00 1.1073638620922762e+02 -1.4913532944074802e+02
1.4442033333333335e+00 1.1088503177365432e+02 -1.4915008412450530e+02
1.4452000000000000e+00 1.1103369205091435e+02 -1.4916485352108711e+02
1.4461966666666668e+00 1.1118236705567890e+02 -1.4917963764519155e+02
1.4471933333333336e+00 1.1133105680263365e+02 -1.4919443651148322e+02
1.4481900000000001e+00 1.1147976130647896e+02 -1.4920925013464839e+02
1.4491866666666668e+00 1.1162848058192991e+02 -1.4922407852942538e+02
1.4501833333333334e+00 1.1177721464371614e+02 -1.4923892171052887e+02
1.4511800000000001e+00 1.1192596350658211e+02 -1.4925377969272108e+02
1.4521766666666669e+00 1.1207472718528689e+02 -1.4926865249075934e+02
1.4531733333333334e+00 1.1222350569460426e+02 -1.4928354011938688e+02
1.4541700000000002e+00 1.1237229904932282e+02 -1.4929844259341343e+02
1.4551666666666667e+00 1.1252110726424580e+02 -1.4931335992765338e+02
1.4561633333333335e+00 1.1266993035419132e+02 -1.4932829213692597e+02
1.4571600000000002e+00 1.1281876833399220e+02 -1.4934323923603853e+02
1.4581566666666668e+00 1.1296762121849599e+02 -1.4935820123984115e+02
1.4591533333333335e+00 1.1311648902256519e+02 -1.4937317816321485e+02
1.4601500000000001e+00 1.1326537176107699e+02 -1.4938817002103823e+02
1.4611466666666668e+00 1.1341426944892353e+02 -1.4940317682818755e+02
1.4621433333333336e+00 1.1356318210101172e+02 -1.4941819859957707e+02
1.4631400000000001e+00 1.1371210973226330e+02 -1.4943323535012817e+02
1.4641366666666669e+00 1.1386105235761502e+02 -1.4944828709477892e+02
1.4651333333333334e+00 1.1401000999201840e+02 -1.4946335384848632e+02
1.4661300000000002e+00 1.1415898265043997e+02 -1.4947843562620025e+02
1.4671266666666667e+00 1.1430797034786106e+02 -1.4949353244291348e+02
1.4681233333333334e+00 1.1445697309927807e+02 -1.4950864431361626e+02
1.4691200000000002e+00 1.1460599091970228e+02 -1.4952377125333700e+02
1.4701166666666667e+00 1.1475502382415992e+02 -1.4953891327708254e+02
1.4711133333333335e+00 1.1490407182769229e+02 -1.4955407039989078e+02
1.4721100000000000e+00 1.1505313494535558e+02 -1.4956924263683996e+02
1.4731066666666668e+00 1.1520221319222111e+02 -1.4958443000299164e+02
1.4741033333333335e+00 1.1535130658337513e+02 -1.4959963251343129e+02
1.4751000000000001e+00 1.1550041513391896e+02 -1.4961485018324413e+02
1.4760966666666668e+00 1.1564953885896904e+02 -1.4963008302756791e+02
1.4770933333333334e+00 1.1579867777365675e+02 -1.4964533106153073e+02
1.4780900000000001e+00 1.1594783189312874e+02 -1.4966059430027971e+02
1.4790866666666669e+00 1.1609700123254660e+02 -1.4967587275897165e+02
1.4800833333333334e+00 1.1624618580708710e+02 -1.4969116645277018e+02
1.4810800000000002e+00 1.1639538563194220e+02 -1.4970647539689858e+02
1.4820766666666667e+00 1.1654460072231890e+02 -1.4972179960654910e+02
1.4830733333333335e+00 1.1669383109343948e+02 -1.4973713909692592e+02
1.4840700000000002e+00 1.1684307676054129e+02 -1.4975249388327850e+02
1.4850666666666668e+00 1.1699233773887691e+02 -1.4976786398087745e+02
1.4860633333333335e+00 1.1714161404371421e+02 -1.4978324940497453e+02
1.4870600000000000e+00 1.1729090569033615e+02 -1.4979865017085470e+02
1.4880566666666668e+00 1.1744021269404105e+02 -1.4981406629381473e+02
1.4890533333333336e+00 1.1758953507014242e+02 -1.4982949778916125e+02
1.4900500000000001e+00 1.1773887283396900e+02 -1.4984494467223604e+02
1.4910466666666669e+00 1.1788822600086493e+02 -1.4986040695837653e+02
1.4920433333333334e+00 1.1803759458618954e+02 -1.4987588466296023e+02
1.4930400000000001e+00 1.1818697860531759e+02 -1.4989137780133390e+02
1.4940366666666669e+00 1.1833637807363907e+02 -1.4990688638888261e+02
1.4950333333333334e+00 1.1848579300655929e+02 -1.4992241044104787e+02
1.4960300000000002e+00 1.1863522341949908e+02 -1.4993794997323127e+02
1.4970266666666667e+00 1.1878466932789449e+02 -1.4995350500086030e+02
1.4980233333333335e+00 1.1893413074719706e+02 -1.4996907553938863e+02
1.4990200000000002e+00 1.1908360769287368e+02 -1.4998466160430110e+02
1.5000166666666668e+00 1.1923310018040667e+02 -1.5000026321107489e+02
1.5010133333333335e+00 1.1938260822529384e+02 -1.5001588037519002e+02
1.5020100000000001e+00 1.1953213184304835e+02 -1.5003151311215953e+02
1.5030066666666668e+00 1.1968167104919895e+02 -1.5004716143753228e+02
1.5040033333333334e+00 1.1983122585928979e+02 -1.5006282536684981e+02
1.5050000000000001e+00 1.1998079628888058e+02 -1.5007850491566549e+02
1.5059966666666669e+00 1.2013038235354652e+02 -1.5009420009955707e+02
1.5069933333333334e+00 1.2027998406887828e+02 -1.5010991093410144e+02
1.5079900000000002e+00 1.2042960145048218e+02 -1.5012563743491395e+02
1.5089866666666667e+00 1.2057923451398001e+02 -1.5014137961762898e+02
1.5099833333333335e+00 1.2072888327500925e+02 -1.5015713749787122e+02
1.5109800000000002e+00 1.2087854774922286e+02 -1.5017291109128956e+02
1.5119766666666667e+00 1.2102822795228943e+02 -1.5018870041356072e+02
1.5129733333333335e+00 1.2117792389989324e+02 -1.5020450548037152e+02
1.5139700000000000e+00 1.2132763560773414e+02 -1.5022032630742032e+02
1.5149666666666668e+00 1.2147736309152771e+02 -1.5023616291041034e+02
1.5159633333333336e+00 1.2162710636700511e+02 -1.5025201530508303e+02
1.5169600000000001e+00 1.2177686544991320e+02 -1.5026788350718658e+02
1.5179566666666668e+00 1.2192664035601466e+02 -1.5028376753249316e+02
1.5189533333333334e+00 1.2207643110108772e+02 -1.5029966739676541e+02
1.5199500000000001e+00 1.2222623770092649e+02 -1.5031558311578496e+02
1.5209466666666669e+00 1.2237606017134073e+02 -1.5033151470538593e+02
1.5219433333333334e+00 1.2252589852815595e+02 -1.5034746218139489e+02
1.5229400000000002e+00 1.2267575278721358e+02 -1.5036342555964114e+02
1.5239366666666667e+00 1.2282562296437068e+02 -1.5037940485597281e+02
1.5249333333333335e+00 1.2297550907550026e+02 -1.5039540008627839e+02
1.5259300000000002e+00 1.2312541113649105e+02 -1.5041141126645633e+02
1.5269266666666668e+00 1.2327532916324766e+02 -1.5042743841239724e+02
1.5279233333333335e+00 1.2342526317169063e+02 -1.5044348154000889e+02
1.5289200000000001e+00 1.2357521317775623e+02 -1.5045954066524635e+02
1.5299166666666668e+00 1.2372517919739677e+02 -1.5047561580405508e+02
1.5309133333333336e+00 1.2387516124658039e+02 -1.5049170697241203e+02
1.5319100000000001e+00 1.2402515934129113e+02 -1.5050781418630049e+02
1.5329066666666669e+00 1.2417517349752906e+02 -1.5052393746169227e+02
1.5339033333333334e+00 1.2432520373131007e+02 -1.5054007681463523e+02
1.5349000000000002e+00 1.2447525005866619e+02 -1.5055623226116040e+02
1.5358966666666669e+00 1.2462531249564530e+02 -1.5057240381729463e+02
1.5368933333333334e+00 1.2477539105831130e+02 -1.5058859149911379e+02
1.5378900000000002e+00 1.2492548576274419e+02 -1.5060479532270386e+02
1.5388866666666667e+00 1.2507559662503988e+02 -1.5062101530414833e+02
1.5398833333333335e+00 1.2522572366131048e+02 -1.5063725145957798e+02
1.5408800000000002e+00 1.2537586688768407e+02 -1.5065350380510526e+02
1.5418766666666668e+00 1.2552602632030477e+02 -1.5066977235686304e+02
1.5428733333333335e+00 1.2567620197533292e+02 -1.5068605713103003e+02
1.5438700000000001e+00 1.2582639386894485e+02 -1.5070235814378941e+02
1.5448666666666668e+00 1.2597660201733316e+02 -1.5071867541133170e+02
1.5458633333333334e+00 1.2612682643670647e+02 -1.5073500894984005e+02
1.5468600000000001e+00 1.2627706714328963e+02 -1.5075135877555229e+02
1.5478566666666669e+00 1.2642732415332364e+02 -1.5076772490472339e+02
1.5488533333333334e+00 1.2657759748306569e+02 -1.5078410735360032e+02
1.5498500000000002e+00 1.2672788714878924e+02 -1.5080050613845447e+02
1.5508466666666667e+00 1.2687819316678387e+02 -1.5081692127557599e+02
1.5518433333333335e+00 1.2702851555335555e+02 -1.5083335278127396e+02
1.5528400000000002e+00 1.2717885432482637e+02 -1.5084980067186754e+02
1.5538366666666668e+00 1.2732920949753475e+02 -1.5086626496370349e+02
1.5548333333333335e+00 1.2747958108783544e+02 -1.5088274567312450e+02
1.5558300000000000e+00 1.2762996911209942e+02 -1.5089924281649914e+02
1.5568266666666668e+00 1.2778037358671408e+02 -1.5091575641022914e+02
1.5578233333333336e+00 1.2793079452808310e+02 -1.5093228647071214e+02
1.5588200000000001e+00 1.2808123195262647e+02 -1.5094883301437329e+02
1.5598166666666669e+00 1.2823168587678069e+02 -1.5096539605763371e+02
1.5608133333333334e+00 1.2838215631699850e+02 -1.5098197561695463e+02
1.5618100000000001e+00 1.2853264328974919e+02 -1.5099857170882333e+02
1.5628066666666669e+00 1.2868314681151836e+02 -1.5101518434970168e+02
1.5638033333333334e+00 1.2883366689880805e+02 -1.5103181355609317e+02
1.5648000000000002e+00 1.2898420356813685e+02 -1.5104845934451160e+02
1.5657966666666667e+00 1.2913475683603971e+02 -1.5106512173149665e+02
1.5667933333333335e+00 1.2928532671906819e+02 -1.5108180073364255e+02
1.5677900000000002e+00 1.2943591323379027e+02 -1.5109849636746824e+02
1.5687866666666668e+00 1.2958651639679039e+02 -1.5111520864953414e+02
1.5697833333333335e+00 1.2973713622466968e+02 -1.5113193759649667e+02
1.5707800000000001e+00 1.2988777273404571e+02 -1.5114868322498114e+02
1.5717766666666668e+00 1.3003842594155270e+02 -1.5116544555158168e+02
1.5727733333333336e+00 1.3018909586384140e+02 -1.5118222459293128e+02
1.5737700000000001e+00 1.3033978251757912e+02 -1.5119902036574732e+02
1.5747666666666669e+00 1.3049048591944995e+02 -1.5121583288671468e+02
1.5757633333333334e+00 1.3064120608615443e+02 -1.5123266217248712e+02
1.5767600000000002e+00 1.3079194303440991e+02 -1.5124950823981567e+02
1.5777566666666669e+00 1.3094269678095031e+02 -1.5126637110543317e+02
1.5787533333333335e+00 1.3109346734252622e+02 -1.5128325078607122e+02
1.5797500000000002e+00 1.3124425473590506e+02 -1.5130014729851447e+02
1.5807466666666667e+00 1.3139505897787080e+02 -1.5131706065955936e+02
1.5817433333333335e+00 1.3154588008522435e+02 -1.5133399088597372e+02
1.5827400000000000e+00 1.3169671807478315e+02 -1.5135093799458235e+02
1.5837366666666668e+00 1.3184757296338159e+02 -1.5136790200225042e+02
1.5847333333333335e+00 1.3199844476787075e+02 -1.5138488292579638e+02
1.5857300000000001e+00 1.3214933350511851e+02 -1.5140188078210849e+02
1.5867266666666668e+00 1.3230023919200966e+02 -1.5141889558804283e+02
1.5877233333333334e+00 1.3245116184544565e+02 -1.5143592736050991e+02
1.5887200000000001e+00 1.3260210148234503e+02 -1.5145297611647445e+02
1.5897166666666669e+00 1.3275305811964304e+02 -1.5147004187282627e+02
1.5907133333333334e+00 1.3290403177429184e+02 -1.5148712464651075e+02
1.5917100000000002e+00 1.3305502246326054e+02 -1.5150422445452651e+02
1.5927066666666667e+00 1.3320603020353508e+02 -1.5152134131384099e+02
1.5937033333333335e+00 1.3335705501211848e+02 -1.5153847524146184e+02
1.5947000000000002e+00 1.3350809690603060e+02 -1.5155562625442144e+02
1.5956966666666668e+00 1.3365915590230827e+02 -1.5157279436970788e+02
1.5966933333333335e+00 1.3381023201800539e+02 -1.5158997960441957e+02
1.5976900000000001e+00 1.3396132527019279e+02 -1.5160718197568087e+02
1.5986866666666668e+00 1.3411243567595841e+02 -1.5162440150047087e+02
1.5996833333333336e+00 1.3426356325240712e+02 -1.5164163819592176e+02
1.6006800000000001e+00 1.3441470801666088e+02 -1.5165889207920702e+02
1.6016766666666669e+00 1.3456586998585880e+02 -1.5167616316742505e+02
1.6026733333333334e+00 1.3471704917715695e+02 -1.5169345147774291e+02
1.6036700000000002e+00 1.3486824560772865e+02 -1.5171075702731088e+02
1.6046666666666669e+00 1.3501945929476423e+02 -1.5172807983336094e+02
1.6056633333333334e+00 1.3517069025547121e+02 -1.5174541991310932e+02
1.6066600000000002e+00 1.3532193850707432e+02 -1.5176277728372574e+02
1.6076566666666667e+00 1.3547320406681530e+02 -1.5178015196244857e+02
1.6086533333333335e+00 1.3562448695195329e+02 -1.5179754396658484e+02
1.6096500000000002e+00 1.3577578717976451e+02 -1.5181495331342367e+02
1.6106466666666668e+00 1.3592710476754240e+02 -1.5183238002020971e+02
1.6116433333333335e+00 1.3607843973259779e+02 -1.5184982410425536e+02
1.6126400000000001e+00 1.3622979209225852e+02 -1.5186728558288445e+02
1.6136366666666668e+00 1.3638116186386998e+02 -1.5188476447350391e+02
1.6146333333333336e+00 1.3653254906479469e+02 -1.5190226079343134e+02
1.6156300000000001e+00 1.3668395371241249e+02 -1.5191977456002544e+02
1.6166266666666669e+00 1.3683537582412063e+02 -1.5193730579072692e+02
1.6176233333333334e+00 1.3698681541733362e+02 -1.5195485450291667e+02
1.6186200000000002e+00 1.3713827250948341e+02 -1.5197242071404710e+02
1.6196166666666667e+00 1.3728974711801928e+02 -1.5199000444158455e+02
1.6206133333333335e+00 1.3744123926040797e+02 -1.5200760570293593e+02
1.6216100000000002e+00 1.3759274895413355e+02 -1.5202522451561853e+02
1.6226066666666668e+00 1.3774427621669759e+02 -1.5204286089719065e+02
1.6236033333333335e+00 1.3789582106561912e+02 -1.5206051486507874e+02
1.6246000000000000e+00 1.3804738351843457e+02 -1.5207818643684899e+02
1.6255966666666668e+00 1.3819896359269794e+02 -1.5209587563007946e+02
1.6265933333333336e+00 1.3835056130598068e+02 -1.5211358246233021e+02
1.6275900000000001e+00 1.3850217667587174e+02 -1.5213130695118804e+02
1.6285866666666668e+00 1.3865380971997769e+02 -1.5214904911425043e+02
1.6295833333333334e+00 1.3880546045592257e+02 -1.5216680896915503e+02
1.6305800000000001e+00 1.3895712890134811e+02 -1.5218458653355103e+02
1.6315766666666669e+00 1.3910881507391352e+02 -1.5220238182506984e+02
1.6325733333333334e+00 1.3926051899129558e+02 -1.5222019486138379e+02
1.6335700000000002e+00 1.3941224067118887e+02 -1.5223802566021874e+02
1.6345666666666667e+00 1.3956398013130544e+02 -1.5225587423929784e+02
1.6355633333333335e+00 1.3971573738937516e+02 -1.5227374061631303e+02
1.6365600000000002e+00 1.3986751246314546e+02 -1.5229162480900990e+02
1.6375566666666668e+00 1.4001930537038146e+02 -1.5230952683518905e+02
1.6385533333333335e+00 1.4017111612886612e+02 -1.5232744671261906e+02
1.6395500000000001e+00 1.4032294475640001e+02 -1.5234538445909445e+02
1.6405466666666668e+00 1.4047479127080152e+02 -1.5236334009240690e+02
1.6415433333333336e+00 1.4062665568990676e+02 -1.5238131363044462e+02
1.6425400000000001e+00 1.4077853803156961e+02 -1.5239930509106517e+02
1.6435366666666669e+00 1.4093043831366188e+02 -1.5241731449208004e+02
1.6445333333333334e+00 1.4108235655407302e+02 -1.5243534185139771e+02
1.6455300000000002e+00 1.4123429277071048e+02 -1.5245338718695254e+02
1.6465266666666669e+00 1.4138624698149945e+02 -1.5247145051666121e+02
1.6475233333333335e+00 1.4153821920438304e+02 -1.5248953185846679e+02
1.6485200000000002e+00 1.4169020945732231e+02 -1.5250763123032340e+02
1.6495166666666667e+00 1.4184221775829610e+02 -1.5252574865021077e+02
1.6505133333333335e+00 1.4199424412530132e+02 -1.5254388413613452e+02
1.6515100000000003e+00 1.4214628857635270e+02 -1.5256203770608275e+02
1.6525066666666668e+00 1.4229835112948297e+02 -1.5258020937809829e+02
1.6535033333333335e+00 1.4245043180274291e+02 -1.5259839917027776e+02
1.6545000000000001e+00 1.4260253061420124e+02 -1.5261660710064379e+02
1.6554966666666668e+00 1.4275464758194474e+02 -1.5263483318726171e+02
1.6564933333333334e+00 1.4290678272407811e+02 -1.5265307744829670e+02
1.6574900000000001e+00 1.4305893605872430e+02 -1.5267133990186846e+02
1.6584866666666669e+00 1.4321110760402416e+02 -1.5268962056605054e+02
1.6594833333333334e+00 1.4336329737813665e+02 -1.5270791945902840e+02
1.6604800000000002e+00 1.4351550539923892e+02 -1.5272623659902703e+02
1.6614766666666667e+00 1.4366773168552618e+02 -1.5274457200419735e+02
1.6624733333333335e+00 1.4381997625521183e+02 -1.5276292569275878e+02
1.6634700000000002e+00 1.4397223912652740e+02 -1.5278129768295611e+02
1.6644666666666668e+00 1.4412452031772258e+02 -1.5279968799303171e+02
1.6654633333333335e+00 1.4427681984706535e+02 -1.5281809664123912e+02
1.6664600000000001e+00 1.4442913773284175e+02 -1.5283652364590037e+02
1.6674566666666668e+00 1.4458147399335624e+02 -1.5285496902529189e+02
1.6684533333333336e+00 1.4473382864693139e+02 -1.5287343279772978e+02
1.6694500000000001e+00 1.4488620171190806e+02 -1.5289191498157055e+02
1.6704466666666669e+00 1.4503859320664546e+02 -1.5291041559515315e+02
1.6714433333333334e+00 1.4519100314952104e+02 -1.5292893465689957e+02
1.6724400000000001e+00 1.4534343155893069e+02 -1.5294747218517168e+02
1.6734366666666669e+00 1.4549587845328850e+02 -1.5296602819837116e+02
1.6744333333333334e+00 1.4564834385102697e+02 -1.5298460271496853e+02
1.6754300000000002e+00 1.4580082777059704e+02 -1.5300319575340268e+02
1.6764266666666667e+00 1.4595333023046797e+02 -1.5302180733212396e+02
1.6774233333333335e+00 1.4610585124912751e+02 -1.5304043746962273e+02
1.6784200000000002e+00 1.4625839084508178e+02 -1.5305908618441458e+02
1.6794166666666668e+00 1.4641094903685536e+02 -1.5307775349502722e+02
1.6804133333333335e+00 1.4656352584299137e+02 -1.5309643941999931e+02
1.6814100000000001e+00 1.4671612128205129e+02 -1.5311514397789512e+02
1.6824066666666668e+00 1.4686873537261528e+02 -1.5313386718729063e+02
1.6834033333333336e+00 1.4702136813328190e+02 -1.5315260906678716e+02
1.6844000000000001e+00 1.4717401958266828e+02 -1.5317136963502625e+02
1.6853966666666669e+00 1.4732668973941020e+02 -1.5319014891060365e+02
1.6863933333333334e+00 1.4747937862216185e+02 -1.5320894691215506e+02
1.6873900000000002e+00 1.4763208624959620e+02 -1.5322776365839889e+02
1.6883866666666669e+00 1.4778481264040471e+02 -1.5324659916803634e+02
1.6893833333333335e+00 1.4793755781329753e+02 -1.5326545345975168e+02
1.6903800000000002e+00 1.4809032178700355e+02 -1.5328432655226905e+02
1.6913766666666668e+00 1.4824310458027014e+02 -1.5330321846433813e+02
1.6923733333333335e+00 1.4839590621186358e+02 -1.5332212921473723e+02
1.6933700000000000e+00 1.4854872670056866e+02 -1.5334105882227323e+02
1.6943666666666668e+00 1.4870156606518913e+02 -1.5336000730570723e+02
1.6953633333333336e+00 1.4885442432454727e+02 -1.5337897468384028e+02
1.6963600000000001e+00 1.4900730149748418e+02 -1.5339796097557056e+02
1.6973566666666668e+00 1.4916019760285991e+02 -1.5341696619976469e+02
1.6983533333333334e+00 1.4931311265955310e+02 -1.5343599037524370e+02
1.6993500000000001e+00 1.4946604668646137e+02 -1.5345503352093996e+02
1.7003466666666669e+00 1.4961899970250110e+02 -1.5347409565576856e+02
1.7013433333333334e+00 1.4977197172660755e+02 -1.5349317679867033e+02
1.7023400000000002e+00 1.4992496277773492e+02 -1.5351227696859758e+02
1.7033366666666667e+00 1.5007797287485619e+02 -1.5353139618448540e+02
1.7043333333333335e+00 1.5023100203696339e+02 -1.5355053446536587e+02
1.7053300000000002e+00 1.5038405028306738e+02 -1.5356969183023972e+02
1.7063266666666668e+00 1.5053711763219800e+02 -1.5358886829814750e+02
1.7073233333333335e+00 1.5069020410340420e+02 -1.5360806388814140e+02
1.7083200000000001e+00 1.5084330971575369e+02 -1.5362727861925629e+02
1.7093166666666668e+00 1.5099643448833342e+02 -1.5364651251059553e+02
1.7103133333333336e+00 1.5114957844024923e+02 -1.5366576558127394e+02
1.7113100000000001e+00 1.5130274159062600e+02 -1.5368503785043194e+02
1.7123066666666669e+00 1.5145592395860783e+02 -1.5370432933717865e+02
1.7133033333333334e+00 1.5160912556335774e+02 -1.5372364006066303e+02
1.7143000000000002e+00 1.5176234642405797e+02 -1.5374297004011680e+02
1.7152966666666669e+00 1.5191558655990985e+02 -1.5376231929472607e+02
1.7162933333333334e+00 1.5206884599013381e+02 -1.5378168784370251e+02
1.7172900000000002e+00 1.5222212473396957e+02 -1.5380107570628360e+02
1.7182866666666667e+00 1.5237542281067587e+02 -1.5382048290173239e+02
1.7192833333333335e+00 1.5252874023953083e+02 -1.5383990944933754e+02
1.7202800000000003e+00 1.5268207703983168e+02 -1.5385935536838502e+02
1.7212766666666668e+00 1.5283543323089486e+02 -1.5387882067817213e+02
1.7222733333333335e+00 1.5298880883205621e+02 -1.5389830539806459e+02
1.7232700000000001e+00 1.5314220386267070e+02 -1.5391780954742524e+02
1.7242666666666668e+00 1.5329561834211273e+02 -1.5393733314558551e+02
1.7252633333333336e+00 1.5344905228977592e+02 -1.5395687621195987e+02
1.7262600000000001e+00 1.5360250572507326e+02 -1.5397643876600225e+02
1.7272566666666669e+00 1.5375597866743718e+02 -1.5399602082709268e+02
1.7282533333333334e+00 1.5390947113631933e+02 -1.5401562241469387e+02
1.7292500000000002e+00 1.5406298315119088e+02 -1.5403524354828272e+02
1.7302466666666667e+00 1.5421651473154233e+02 -1.5405488424733622e+02
1.7312433333333335e+00 1.5437006589688374e+02 -1.5407454453138547e+02
1.7322400000000002e+00 1.5452363666674452e+02 -1.5409422441995886e+02
1.7332366666666668e+00 1.5467722706067352e+02 -1.5411392393259595e+02
1.7342333333333335e+00 1.5483083709823921e+02 -1.5413364308886207e+02
1.7352300000000001e+00 1.5498446679902949e+02 -1.5415338190836255e+02
1.7362266666666668e+00 1.5513811618265183e+02 -1.5417314041067124e+02
1.7372233333333336e+00 1.5529178526873321e+02 -1.5419291861545918e+02
1.7382200000000001e+00 1.5544547407692016e+02 -1.5421271654235136e+02
1.7392166666666669e+00 1.5559918262687893e+02 -1.5423253421098460e+02
1.7402133333333334e+00 1.5575291093829520e+02 -1.5425237164109240e+02
1.7412100000000001e+00 1.5590665903087447e+02 -1.5427222885236270e+02
1.7422066666666669e+00 1.5606042692434173e+02 -1.5429210586449508e+02
1.7432033333333334e+00 1.5621421463844166e+02 -1.5431200269727140e+02
1.7442000000000002e+00 1.5636802219293875e+02 -1.5433191937047098e+02
1.7451966666666667e+00 1.5652184960761710e+02 -1.5435185590382736e+02
1.7461933333333335e+00 1.5667569690228055e+02 -1.5437181231714257e+02
1.7471900000000002e+00 1.5682956409675270e+02 -1.5439178863028732e+02
1.7481866666666668e+00 1.5698345121087689e+02 -1.5441178486310039e+02
1.7491833333333335e+00 1.5713735826451631e+02 -1.5443180103538973e+02
1.7501800000000001e+00 1.5729128527755384e+02 -1.5445183716707419e+02
1.7511766666666668e+00 1.5744523226989236e+02 -1.5447189327809832e+02
1.7521733333333336e+00 1.5759919926145449e+02 -1.5449196938833296e+02
1.7531700000000001e+00 1.5775318627218263e+02 -1.5451206551767390e+02
1.7541666666666669e+00 1.5790719332203923e+02 -1.5453218168617133e+02
1.7551633333333334e+00 1.5806122043100655e+02 -1.5455231791382988e+02
1.7561600000000002e+00 1.5821526761908686e+02 -1.5457247422053695e+02
1.7571566666666669e+00 1.5836933490630224e+02 -1.5459265062637721e+02
1.7581533333333335e+00 1.5852342231269483e+02 -1.5461284715144606e+02
1.7591500000000002e+00 1.5867752985832681e+02 -1.5463306381572258e+02
1.7601466666666667e+00 1.5883165756328020e+02 -1.5465330063928243e+02
1.7611433333333335e+00 1.5898580544765721e+02 -1.5467355764229839e+02
1.7621400000000003e+00 1.5913997353158001e+02 -1.5469383484486931e+02
1.7631366666666668e+00 1.5929416183519078e+02 -1.5471413226707637e+02
1.7641333333333336e+00 1.5944837037865190e+02 -1.5473444992915518e+02
1.7651300000000001e+00 1.5960259918214581e+02 -1.5475478785130986e+02
1.7661266666666668e+00 1.5975684826587513e+02 -1.5477514605364175e+02
1.7671233333333336e+00 1.5991111765006249e+02 -1.5479552455643523e+02
1.7681200000000001e+00 1.6006540735495079e+02 -1.5481592337998529e+02
1.7691166666666669e+00 1.6021971740080315e+02 -1.5483634254444200e+02
1.7701133333333334e+00 1.6037404780790271e+02 -1.5485678207009497e+02
1.7711100000000002e+00 1.6052839859655305e+02 -1.5487724197736225e+02
1.7721066666666667e+00 1.6068276978707786e+02 -1.5489772228651930e+02
1.7731033333333335e+00 1.6083716139982121e+02 -1.5491822301783850e+02
1.7741000000000002e+00 1.6099157345514735e+02 -1.5493874419176103e+02
1.7750966666666668e+00 1.6114600597344085e+02 -1.5495928582868177e+02
1.7760933333333335e+00 1.6130045897510672e+02 -1.5497984794893608e+02
1.7770900000000001e+00 1.6145493248057011e+02 -1.5500043057295625e+02
1.7780866666666668e+00 1.6160942651027676e+02 -1.5502103372128559e+02
1.7790833333333336e+00 1.6176394108469268e+02 -1.5504165741429409e+02
1.7800800000000001e+00 1.6191847622430421e+02 -1.5506230167244775e+02
1.7810766666666669e+00 1.6207303194961830e+02 -1.5508296651633870e+02
1.7820733333333334e+00 1.6222760828116222e+02 -1.5510365196648473e+02
1.7830700000000002e+00 1.6238220523948382e+02 -1.5512435804337213e+02
1.7840666666666669e+00 1.6253682284515131e+02 -1.5514508476759903e+02
1.7850633333333334e+00 1.6269146111875344e+02 -1.5516583215980253e+02
1.7860600000000002e+00 1.6284612008089962e+02 -1.5518660024051772e+02
1.7870566666666667e+00 1.6300079975221959e+02 -1.5520738903036218e+02
1.7880533333333335e+00 1.6315550015336385e+02 -1.5522819855006463e+02
1.7890500000000003e+00 1.6331022130500341e+02 -1.5524902882029448e+02
1.7900466666666668e+00 1.6346496322782988e+02 -1.5526987986164607e+02
1.7910433333333335e+00 1.6361972594255559e+02 -1.5529075169491108e+02
1.7920400000000001e+00 1.6377450946991340e+02 -1.5531164434084974e+02
1.7930366666666668e+00 1.6392931383065695e+02 -1.5533255782011946e+02
1.7940333333333336e+00 1.6408413904556051e+02 -1.5535349215356075e+02
1.7950300000000001e+00 1.6423898513541909e+02 -1.5537444736201030e+02
1.7960266666666669e+00 1.6439385212104847e+02 -1.5539542346617432e+02
1.7970233333333334e+00 1.6454874002328506e+02 -1.5541642048689855e+02
1.7980200000000002e+00 1.6470364886298620e+02 -1.5543743844513972e+02
1.7990166666666669e+00 1.6485857866102998e+02 -1.5545847736172428e+02
1.8000133333333335e+00 1.6501352943831520e+02 -1.5547953725751734e+02
1.8010100000000002e+00 1.6516850121576169e+02 -1.5550061815348172e+02
1.8020066666666668e+00 1.6532349401431000e+02 -1.5552172007057729e+02
1.8030033333333335e+00 1.6547850785492165e+02 -1.5554284302970373e+02
1.8040000000000003e+00 1.6563354275857898e+02 -1.5556398705185856e+02
1.8049966666666668e+00 1.6578859874628526e+02 -1.5558515215812079e+02
1.8059933333333336e+00 1.6594367583906484e+02 -1.5560633836941051e+02
1.8069900000000001e+00 1.6609877405796277e+02 -1.5562754570677305e+02
1.8079866666666669e+00 1.6625389342404534e+02 -1.5564877419135362e+02
1.8089833333333334e+00 1.6640903395839973e+02 -1.5567002384424032e+02
1.8099800000000001e+00 1.6656419568213423e+02 -1.5569129468646125e+02
1.8109766666666669e+00 1.6671937861637801e+02 -1.5571258673917080e+02
1.8119733333333334e+00 1.6687458278228144e+02 -1.5573390002361890e+02
1.8129700000000002e+00 1.6702980820101604e+02 -1.5575523456085418e+02
1.8139666666666667e+00 1.6718505489377424e+02 -1.5577659037205015e+02
1.8149633333333335e+00 1.6734032288176979e+02 -1.5579796747854854e+02
1.8159600000000002e+00 1.6749561218623754e+02 -1.5581936590150391e+02
1.8169566666666668e+00 1.6765092282843341e+02 -1.5584078566215192e+02
1.8179533333333335e+00 1.6780625482963467e+02 -1.5586222678182614e+02
1.8189500000000001e+00 1.6796160821113969e+02 -1.5588368928182862e+02
1.8199466666666668e+00 1.6811698299426823e+02 -1.5590517318342984e+02
1.8209433333333336e+00 1.6827237920036112e+02 -1.5592667850796954e+02
1.8219400000000001e+00 1.6842779685078057e+02 -1.5594820527689731e+02
1.8229366666666669e+00 1.6858323596691014e+02 -1.5596975351148973e+02
1.8239333333333334e+00 1.6873869657015453e+02 -1.5599132323313441e+02
1.8249300000000002e+00 1.6889417868193999e+02 -1.5601291446340116e+02
1.8259266666666669e+00 1.6904968232371405e+02 -1.5603452722364415e+02
1.8269233333333335e+00 1.6920520751694556e+02 -1.5605616153528430e+02
1.8279200000000002e+00 1.6936075428312492e+02 -1.5607781741991192e+02
1.8289166666666667e+00 1.6951632264376383e+02 -1.5609949489902868e+02
1.8299133333333335e+00 1.6967191262039557e+02 -1.5612119399409039e+02
1.8309100000000003e+00 1.6982752423457478e+02 -1.5614291472670769e+02
1.8319066666666668e+00 1.6998315750787762e+02 -1.5616465711847286e+02
1.8329033333333336e+00 1.7013881246190181e+02 -1.5618642119091902e+02
1.8339000000000001e+00 1.7029448911826648e+02 -1.5620820696569049e+02
1.8348966666666668e+00 1.7045018749861254e+02 -1.5623001446447105e+02
1.8358933333333336e+00 1.7060590762460228e+02 -1.5625184370888587e+02
1.8368900000000001e+00 1.7076164951791961e+02 -1.5627369472059820e+02
1.8378866666666669e+00 1.7091741320027020e+02 -1.5629556752136958e+02
1.8388833333333334e+00 1.7107319869338124e+02 -1.5631746213294392e+02
1.8398800000000002e+00 1.7122900601900170e+02 -1.5633937857696239e+02
1.8408766666666669e+00 1.7138483519890207e+02 -1.5636131687523545e+02
1.8418733333333335e+00 1.7154068625487463e+02 -1.5638327704965457e+02
1.8428700000000002e+00 1.7169655920873348e+02 -1.5640525912190984e+02
1.8438666666666668e+00 1.7185245408231427e+02 -1.5642726311385937e+02
1.8448633333333335e+00 1.7200837089747466e+02 -1.5644928904741829e+02
1.8458600000000001e+00 1.7216430967609392e+02 -1.5647133694445895e+02
1.8468566666666668e+00 1.7232027044007330e+02 -1.5649340682682205e+02
1.8478533333333336e+00 1.7247625321133572e+02 -1.5651549871646071e+02
1.8488500000000001e+00 1.7263225801182602e+02 -1.5653761263538038e+02
1.8498466666666669e+00 1.7278828486351105e+02 -1.5655974860544237e+02
1.8508433333333334e+00 1.7294433378837931e+02 -1.5658190664863295e+02
1.8518400000000002e+00 1.7310040480844145e+02 -1.5660408678709237e+02
1.8528366666666669e+00 1.7325649794573002e+02 -1.5662628904278802e+02
1.8538333333333334e+00 1.7341261322229943e+02 -1.5664851343768251e+02
1.8548300000000002e+00 1.7356875066022621e+02 -1.5667075999397929e+02
1.8558266666666667e+00 1.7372491028160886e+02 -1.5669302873376458e+02
1.8568233333333335e+00 1.7388109210856794e+02 -1.5671531967906452e+02
1.8578200000000002e+00 1.7403729616324597e+02 -1.5673763285208884e+02
1.8588166666666668e+00 1.7419352246780764e+02 -1.5675996827504255e+02
1.8598133333333335e+00 1.7434977104443979e+02 -1.5678232597002938e+02
1.8608100000000001e+00 1.7450604191535118e+02 -1.5680470595923535e+02
1.8618066666666668e+00 1.7466233510277294e+02 -1.5682710826502861e+02
1.8628033333333336e+00 1.7481865062895830e+02 -1.5684953290957634e+02
1.8638000000000001e+00 1.7497498851618258e+02 -1.5687197991509777e+02
1.8647966666666669e+00 1.7513134878674344e+02 -1.5689444930401021e+02
1.8657933333333334e+00 1.7528773146296072e+02 -1.5691694109861376e+02
1.8667900000000002e+00 1.7544413656717657e+02 -1.5693945532113412e+02
1.8677866666666669e+00 1.7560056412175530e+02 -1.5696199199400922e+02
1.8687833333333335e+00 1.7575701414908357e+02 -1.5698455113970070e+02
1.8697800000000002e+00 1.7591348667157050e+02 -1.5700713278049767e+02
1.8707766666666668e+00 1.7606998171164730e+02 -1.5702973693887128e+02
1.8717733333333335e+00 1.7622649929176779e+02 -1.5705236363733226e+02
1.8727700000000003e+00 1.7638303943440806e+02 -1.5707501289829028e+02
1.8737666666666668e+00 1.7653960216206656e+02 -1.5709768474422103e+02
1.8747633333333336e+00 1.7669618749726430e+02 -1.5712037919772735e+02
1.8757600000000001e+00 1.7685279546254469e+02 -1.5714309628136598e+02
1.8767566666666669e+00 1.7700942608047367e+02 -1.5716583601757637e+02
1.8777533333333336e+00 1.7716607937363958e+02 -1.5718859842901054e+02
1.8787500000000001e+00 1.7732275536465329e+02 -1.5721138353835809e+02
1.8797466666666669e+00 1.7747945407614839e+02 -1.5723419136813624e+02
1.8807433333333334e+00 1.7763617553078078e+02 -1.5725702194103010e+02
1.8817400000000002e+00 1.7779291975122916e+02 -1.5727987527976754e+02
1.8827366666666667e+00 1.7794968676019474e+02 -1.5730275140703358e+02
1.8837333333333335e+00 1.7810647658040145e+02 -1.5732565034552437e+02
1.8847300000000002e+00 1.7826328923459579e+02 -1.5734857211799172e+02
1.8857266666666668e+00 1.7842012474554693e+02 -1.5737151674722509e+02
1.8867233333333335e+00 1.7857698313604686e+02 -1.5739448425598414e+02
1.8877200000000001e+00 1.7873386442891018e+02 -1.5741747466708213e+02
1.8887166666666668e+00 1.7889076864697432e+02 -1.5744048800342910e+02
1.8897133333333336e+00 1.7904769581309949e+02 -1.5746352428783402e+02
1.8907100000000001e+00 1.7920464595016858e+02 -1.5748658354312903e+02
1.8917066666666669e+00 1.7936161908108744e+02 -1.5750966579231607e+02
1.8927033333333334e+00 1.7951861522878465e+02 -1.5753277105830841e+02
1.8937000000000002e+00 1.7967563441621175e+02 -1.5755589936394469e+02
1.8946966666666669e+00 1.7983267666634308e+02 -1.5757905073230484e+02
1.8956933333333335e+00 1.7998974200217589e+02 -1.5760222518642053e+02
1.8966900000000002e+00 1.8014683044673049e+02 -1.5762542274919400e+02
1.8976866666666667e+00 1.8030394202304993e+02 -1.5764864344372381e+02
1.8986833333333335e+00 1.8046107675420046e+02 -1.5767188729313375e+02
1.8996800000000003e+00 1.8061823466327124e+02 -1.5769515432043258e+02
1.9006766666666668e+00 1.8077541577337436e+02 -1.5771844454873735e+02
1.9016733333333335e+00 1.8093262010764511e+02 -1.5774175800123558e+02
1.9026700000000001e+00 1.8108984768924174e+02 -1.5776509470108283e+02
1.9036666666666668e+00 1.8124709854134571e+02 -1.5778845467140295e+02
1.9046633333333336e+00 1.8140437268716144e+02 -1.5781183793540416e+02
1.9056600000000001e+00 1.8156167014991655e+02 -1.5783524451638905e+02
1.9066566666666669e+00 1.8171899095286193e+02 -1.5785867443754501e+02
1.9076533333333334e+00 1.8187633511927149e+02 -1.5788212772212751e+02
1.9086500000000002e+00 1.8203370267244247e+02 -1.5790560439351688e+02
1.9096466666666669e+00 1.8219109363569530e+02 -1.5792910447500716e+02
1.9106433333333335e+00 1.8234850803237359e+02 -1.5795262798984371e+02
1.9116400000000002e+00 1.8250594588584434e+02 -1.5797617496148487e+02
1.9126366666666668e+00 1.8266340721949777e+02 -1.5799974541335720e+02
1.9136333333333335e+00 1.8282089205674754e+02 -1.5802333936876983e+02
1.9146300000000003e+00 1.8297840042103053e+02 -1.5804695685123050e+02
1.9156266666666668e+00 1.8313593233580701e+02 -1.5807059788421282e+02
1.9166233333333336e+00 1.8329348782456074e+02 -1.5809426249113235e+02
1.9176200000000001e+00 1.8345106691079874e+02 -1.5811795069551547e+02
1.9186166666666669e+00 1.8360866961805164e+02 -1.5814166252094549e+02
1.9196133333333334e+00 1.8376629596987340e+02 -1.5816539799097728e+02
1.9206100000000002e+00 1.8392394598984157e+02 -1.5818915712909103e+02
1.9216066666666669e+00 1.8408161970155712e+02 -1.5821293995893717e+02
1.9226033333333334e+00 1.8423931712864456e+02 -1.5823674650420310e+02
1.9236000000000002e+00 1.8439703829475209e+02 -1.5826057678846129e+02
1.9245966666666667e+00 1.8455478322355128e+02 -1.5828443083538056e+02
1.9255933333333335e+00 1.8471255193873750e+02 -1.5830830866874061e+02
1.9265900000000002e+00 1.8487034446402967e+02 -1.5833221031217766e+02
1.9275866666666668e+00 1.8502816082317028e+02 -1.5835613578942178e+02
1.9285833333333335e+00 1.8518600103992566e+02 -1.5838008512434493e+02
1.9295800000000001e+00 1.8534386513808570e+02 -1.5840405834065871e+02
1.9305766666666668e+00 1.8550175314146412e+02 -1.5842805546212850e+02
1.9315733333333336e+00 1.8565966507389825e+02 -1.5845207651269001e+02
1.9325700000000001e+00 1.8581760095924929e+02 -1.5847612151618736e+02
1.9335666666666669e+00 1.8597556082140227e+02 -1.5850019049644968e+02
1.9345633333333334e+00 1.8613354468426590e+02 -1.5852428347741682e+02
1.9355600000000002e+00 1.8629155257177288e+02 -1.5854840048305365e+02
1.9365566666666669e+00 1.8644958450787971e+02 -1.5857254153729596e+02
1.9375533333333335e+00 1.8660764051656668e+02 -1.5859670666404492e+02
1.9385500000000002e+00 1.8676572062183817e+02 -1.5862089588741475e+02
1.9395466666666668e+00 1.8692382484772239e+02 -1.5864510923143087e+02
1.9405433333333335e+00 1.8708195321827156e+02 -1.5866934672004390e+02
1.9415400000000003e+00 1.8724010575756182e+02 -1.5869360837743210e+02
1.9425366666666668e+00 1.8739828248969334e+02 -1.5871789422768185e+02
1.9435333333333336e+00 1.8755648343879042e+02 -1.5874220429486476e+02
1.9445300000000001e+00 1.8771470862900125e+02 -1.5876653860313445e+02
1.9455266666666668e+00 1.8787295808449824e+02 -1.5879089717672679e+02
1.9465233333333336e+00 1.8803123182947783e+02 -1.5881528003980574e+02
1.9475200000000001e+00 1.8818952988816054e+02 -1.5883968721651470e+02
1.9485166666666669e+00 1.8834785228479117e+02 -1.5886411873121040e+02
1.9495133333333334e+00 1.8850619904363862e+02 -1.5888857460816067e+02
1.9505100000000002e+00 1.8866457018899604e+02 -1.5891305487155850e+02
1.9515066666666669e+00 1.8882296574518071e+02 -1.5893755954579598e+02
1.9525033333333335e+00 1.8898138573653421e+02 -1.5896208865524468e+02
1.9535000000000002e+00 1.8913983018742246e+02 -1.5898664222417588e+02
1.9544966666666668e+00 1.8929829912223553e+02 -1.5901122027699975e+02
1.9554933333333335e+00 1.8945679256538799e+02 -1.5903582283823738e+02
1.9564900000000003e+00 1.8961531054131862e+02 -1.5906044993223816e+02
1.9574866666666668e+00 1.8977385307449055e+02 -1.5908510158338780e+02
1.9584833333333336e+00 1.8993242018939142e+02 -1.5910977781632820e+02
1.9594800000000001e+00 1.9009101191053321e+02 -1.5913447865554107e+02
1.9604766666666669e+00 1.9024962826245243e+02 -1.5915920412547945e+02
1.9614733333333334e+00 1.9040826926970990e+02 -1.5918395425073911e+02
1.9624700000000002e+00 1.9056693495689109e+02 -1.5920872905596931e+02
1.9634666666666669e+00 1.9072562534860592e+02 -1.5923352856571915e+02
1.9644633333333335e+00 1.9088434046948876e+02 -1.5925835280457386e+02
1.9654600000000002e+00 1.9104308034419870e+02 -1.5928320179728951e+02
1.9664566666666667e+00 1.9120184499741933e+02 -1.5930807556854728e+02
1.9674533333333335e+00 1.9136063445385892e+02 -1.5933297414298232e+02
1.9684500000000003e+00 1.9151944873825030e+02 -1.5935789754537174e+02
1.9694466666666668e+00 1.9167828787535097e+02 -1.5938284580050046e+02
1.9704433333333335e+00 1.9183715188994321e+02 -1.5940781893308173e+02
1.9714400000000001e+00 1.9199604080683386e+02 -1.5943281696792516e+02
1.9724366666666668e+00 1.9215495465085465e+02 -1.5945783992996510e+02
1.9734333333333336e+00 1.9231389344686201e+02 -1.5948288784397894e+02
1.9744300000000001e+00 1.9247285721973708e+02 -1.5950796073477991e+02
1.9754266666666669e+00 1.9263184599438591e+02 -1.5953305862740930e+02
1.9764233333333334e+00 1.9279085979573935e+02 -1.5955818154677650e+02
1.9774200000000002e+00 1.9294989864875319e+02 -1.5958332951774460e+02
1.9784166666666669e+00 1.9310896257840795e+02 -1.5960850256534758e+02
1.9794133333333335e+00 1.9326805160970915e+02 -1.5963370071465539e+02
1.9804100000000002e+00 1.9342716576768728e+02 -1.5965892399059521e+02
1.9814066666666668e+00 1.9358630507739767e+02 -1.5968417241823323e+02
1.9824033333333335e+00 1.9374546956392075e+02 -1.5970944602271774e+02
1.9834000000000003e+00 1.9390465925236194e+02 -1.5973474482911135e+02
1.9843966666666668e+00 1.9406387416785159e+02 -1.5976006886252662e+02
1.9853933333333336e+00 1.9422311433554526e+02 -1.5978541814816171e+02
1.9863900000000001e+00 1.9438237978062349e+02 -1.5981079271121118e+02
1.9873866666666669e+00 1.9454167052829203e+02 -1.5983619257680900e+02
1.9883833333333336e+00 1.9470098660378164e+02 -1.5986161777020308e+02
1.9893800000000001e+00 1.9486032803234829e+02 -1.5988706831674853e+02
1.9903766666666669e+00 1.9501969483927323e+02 -1.5991254424160064e+02
1.9913733333333334e+00 1.9517908704986269e+02 -1.5993804557005376e+02
1.9923700000000002e+00 1.9533850468944837e+02 -1.5996357232758407e+02
1.9933666666666670e+00 1.9549794778338713e+02 -1.5998912453945385e+02
1.9943633333333335e+00 1.9565741635706107e+02 -1.6001470223100378e+02
1.9953600000000002e+00 1.9581691043587767e+02 -1.6004030542773145e+02
1.9963566666666668e+00 1.9597643004526975e+02 -1.6006593415505952e+02
1.9973533333333335e+00 1.9613597521069551e+02 -1.6009158843839646e+02
1.9983500000000001e+00 1.9629554595763838e+02 -1.6011726830320765e+02
1.9993466666666668e+00 1.9645514231160740e+02 -1.6014297377505849e+02
2.0003433333333334e+00 1.9661476429813692e+02 -1.6016870487950351e+02
2.0013399999999999e+00 1.9677441194278680e+02 -1.6019446164203654e+02
2.0023366666666669e+00 1.9693408527114244e+02 -1.6022024408825521e+02
2.0033333333333334e+00 1.9709378430881455e+02 -1.6024605224381020e+02
2.0043299999999999e+00 1.9725350908143963e+02 -1.6027188613433086e+02
2.0053266666666669e+00 1.9741325961467970e+02 -1.6029774578543251e+02
2.0063233333333335e+00 1.9757303593422213e+02 -1.6032363122283732e+02
2.0073200000000000e+00 1.9773283806578019e+02 -1.6034954247226725e+02
2.0083166666666665e+00 1.9789266603509265e+02 -1.6037547955945857e+02
2.0093133333333335e+00 1.9805251986792405e+02 -1.6040144251014797e+02
2.0103100000000000e+00 1.9821239959006439e+02 -1.6042743135011452e+02
2.0113066666666666e+00 1.9837230522732963e+02 -1.6045344610523702e+02
2.0123033333333331e+00 1.9853223680556138e+02 -1.6047948680132308e+02
2.0133000000000001e+00 1.9869219435062709e+02 -1.6050555346422345e+02
2.0142966666666666e+00 1.9885217788841982e+02 -1.6053164611985980e+02
2.0152933333333332e+00 1.9901218744485860e+02 -1.6055776479413211e+02
2.0162900000000001e+00 1.9917222304588836e+02 -1.6058390951299816e+02
2.0172866666666667e+00 1.9933228471747969e+02 -1.6061008030242249e+02
2.0182833333333332e+00 1.9949237248562926e+02 -1.6063627718838356e+02
2.0192799999999997e+00 1.9965248637635960e+02 -1.6066250019694567e+02
2.0202766666666667e+00 1.9981262641571928e+02 -1.6068874935413069e+02
2.0212733333333333e+00 1.9997279262978259e+02 -1.6071502468600286e+02
2.0222699999999998e+00 2.0013298504465007e+02 -1.6074132621867605e+02
2.0232666666666668e+00 2.0029320368644827e+02 -1.6076765397827918e+02
2.0242633333333333e+00 2.0045344858132958e+02 -1.6079400799097633e+02
2.0252599999999998e+00 2.0061371975547272e+02 -1.6082038828290982e+02
2.0262566666666668e+00 2.0077401723508243e+02 -1.6084679488030835e+02
2.0272533333333334e+00 2.0093434104638945e+02 -1.6087322780942168e+02
2.0282499999999999e+00 2.0109469121565087e+02 -1.6089968709647059e+02
2.0292466666666664e+00 2.0125506776914986e+02 -1.6092617276774752e+02
2.0302433333333334e+00 2.0141547073319589e+02 -1.6095268484957379e+02
2.0312399999999999e+00 2.0157590013412442e+02 -1.6097922336828469e+02
2.0322366666666665e+00 2.0173635599829746e+02 -1.6100578835022191e+02
2.0332333333333334e+00 2.0189683835210323e+02 -1.6103237982179976e+02
2.0342300000000000e+00 2.0205734722195609e+02 -1.6105899780942477e+02
2.0352266666666665e+00 2.0221788263429698e+02 -1.6108564233953840e+02
2.0362233333333335e+00 2.0237844461559314e+02 -1.6111231343858353e+02
2.0372200000000000e+00 2.0253903319233800e+02 -1.6113901113308077e+02
2.0382166666666666e+00 2.0269964839105165e+02 -1.6116573544955017e+02
2.0392133333333331e+00 2.0286029023828056e+02 -1.6119248641451233e+02
2.0402100000000001e+00 2.0302095876059769e+02 -1.6121926405457393e+02
2.0412066666666666e+00 2.0318165398460238e+02 -1.6124606839632676e+02
2.0422033333333331e+00 2.0334237593692060e+02 -1.6127289946638334e+02
2.0432000000000001e+00 2.0350312464420495e+02 -1.6129975729140057e+02
2.0441966666666667e+00 2.0366390013313435e+02 -1.6132664189805587e+02
2.0451933333333332e+00 2.0382470243041453e+02 -1.6135355331306135e+02
2.0461900000000002e+00 2.0398553156277791e+02 -1.6138049156315961e+02
2.0471866666666667e+00 2.0414638755698329e+02 -1.6140745667507079e+02
2.0481833333333332e+00 2.0430727043981636e+02 -1.6143444867561428e+02
2.0491799999999998e+00 2.0446818023808950e+02 -1.6146146759159589e+02
2.0501766666666668e+00 2.0462911697864186e+02 -1.6148851344985050e+02
2.0511733333333333e+00 2.0479008068833917e+02 -1.6151558627725507e+02
2.0521699999999998e+00 2.0495107139407418e+02 -1.6154268610069292e+02
2.0531666666666668e+00 2.0511208912276638e+02 -1.6156981294709192e+02
2.0541633333333333e+00 2.0527313390136194e+02 -1.6159696684338621e+02
2.0551599999999999e+00 2.0543420575683410e+02 -1.6162414781652336e+02
2.0561566666666664e+00 2.0559530471618294e+02 -1.6165135589355154e+02
2.0571533333333334e+00 2.0575643080643553e+02 -1.6167859110149118e+02
2.0581499999999999e+00 2.0591758405464566e+02 -1.6170585346737604e+02
2.0591466666666665e+00 2.0607876448789432e+02 -1.6173314301828887e+02
2.0601433333333334e+00 2.0623997213328951e+02 -1.6176045978134314e+02
2.0611400000000000e+00 2.0640120701796607e+02 -1.6178780378370095e+02
2.0621366666666665e+00 2.0656246916908609e+02 -1.6181517505250207e+02
2.0631333333333335e+00 2.0672375861383873e+02 -1.6184257361490276e+02
2.0641300000000000e+00 2.0688507537944002e+02 -1.6186999949813645e+02
2.0651266666666666e+00 2.0704641949313344e+02 -1.6189745272947866e+02
2.0661233333333331e+00 2.0720779098218947e+02 -1.6192493333617711e+02
2.0671200000000001e+00 2.0736918987390590e+02 -1.6195244134553747e+02
2.0681166666666666e+00 2.0753061619560754e+02 -1.6197997678489310e+02
2.0691133333333331e+00 2.0769206997464661e+02 -1.6200753968155453e+02
2.0701100000000001e+00 2.0785355123840267e+02 -1.6203513006293488e+02
2.0711066666666667e+00 2.0801506001428231e+02 -1.6206274795645302e+02
2.0721033333333332e+00 2.0817659632971970e+02 -1.6209039338951928e+02
2.0731000000000002e+00 2.0833816021217635e+02 -1.6211806638958956e+02
2.0740966666666667e+00 2.0849975168914091e+02 -1.6214576698415402e+02
2.0750933333333332e+00 2.0866137078812969e+02 -1.6217349520074467e+02
2.0760899999999998e+00 2.0882301753668639e+02 -1.6220125106690867e+02
2.0770866666666667e+00 2.0898469196238221e+02 -1.6222903461022270e+02
2.0780833333333333e+00 2.0914639409281565e+02 -1.6225684585824825e+02
2.0790799999999998e+00 2.0930812395561293e+02 -1.6228468483865211e+02
2.0800766666666668e+00 2.0946988157842782e+02 -1.6231255157906153e+02
2.0810733333333333e+00 2.0963166698894142e+02 -1.6234044610713769e+02
2.0820699999999999e+00 2.0979348021486268e+02 -1.6236836845064718e+02
2.0830666666666668e+00 2.0995532128392821e+02 -1.6239631863728860e+02
2.0840633333333334e+00 2.1011719022390204e+02 -1.6242429669483718e+02
2.0850599999999999e+00 2.1027908706257608e+02 -1.6245230265109578e+02
2.0860566666666664e+00 2.1044101182776990e+02 -1.6248033653385392e+02
2.0870533333333334e+00 2.1060296454733086e+02 -1.6250839837097351e+02
2.0880500000000000e+00 2.1076494524913389e+02 -1.6253648819032981e+02
2.0890466666666665e+00 2.1092695396108195e+02 -1.6256460601984605e+02
2.0900433333333335e+00 2.1108899071110579e+02 -1.6259275188742058e+02
2.0910400000000000e+00 2.1125105552716380e+02 -1.6262092582101394e+02
2.0920366666666665e+00 2.1141314843724248e+02 -1.6264912784864279e+02
2.0930333333333331e+00 2.1157526946935619e+02 -1.6267735799828202e+02
2.0940300000000001e+00 2.1173741865154722e+02 -1.6270561629800761e+02
2.0950266666666666e+00 2.1189959601188568e+02 -1.6273390277589425e+02
2.0960233333333331e+00 2.1206180157846987e+02 -1.6276221745999356e+02
2.0970200000000001e+00 2.1222403537942608e+02 -1.6279056037847471e+02
2.0980166666666666e+00 2.1238629744290847e+02 -1.6281893155948381e+02
2.0990133333333332e+00 2.1254858779709946e+02 -1.6284733103118640e+02
2.1000100000000002e+00 2.1271090647020958e+02 -1.6287575882180883e+02
2.1010066666666667e+00 2.1287325349047728e+02 -1.6290421495958265e+02
2.1020033333333332e+00 2.1303562888616938e+02 -1.6293269947278102e+02
2.1029999999999998e+00 2.1319803268558081e+02 -1.6296121238967828e+02
2.1039966666666667e+00 2.1336046491703479e+02 -1.6298975373862143e+02
2.1049933333333333e+00 2.1352292560888259e+02 -1.6301832354797028e+02
2.1059899999999998e+00 2.1368541478950394e+02 -1.6304692184610420e+02
2.1069866666666668e+00 2.1384793248730688e+02 -1.6307554866137798e+02
2.1079833333333333e+00 2.1401047873072753e+02 -1.6310420402225142e+02
2.1089799999999999e+00 2.1417305354823063e+02 -1.6313288795724625e+02
2.1099766666666668e+00 2.1433565696830928e+02 -1.6316160049478864e+02
2.1109733333333334e+00 2.1449828901948476e+02 -1.6319034166342391e+02
2.1119699999999999e+00 2.1466094973030704e+02 -1.6321911149172448e+02
2.1129666666666664e+00 2.1482363912935449e+02 -1.6324791000823552e+02
2.1139633333333334e+00 2.1498635724523402e+02 -1.6327673724156080e+02
2.1149600000000000e+00 2.1514910410658084e+02 -1.6330559322034549e+02
2.1159566666666665e+00 2.1531187974205898e+02 -1.6333447797328228e+02
2.1169533333333335e+00 2.1547468418036101e+02 -1.6336339152903992e+02
2.1179500000000000e+00 2.1563751745020792e+02 -1.6339233391630623e+02
2.1189466666666665e+00 2.1580037958034953e+02 -1.6342130516387380e+02
2.1199433333333335e+00 2.1596327059956434e+02 -1.6345030530052540e+02
2.1209400000000000e+00 2.1612619053665935e+02 -1.6347933435504871e+02
2.1219366666666666e+00 2.1628913942047049e+02 -1.6350839235628692e+02
2.1229333333333331e+00 2.1645211727986234e+02 -1.6353747933308463e+02
2.1239300000000001e+00 2.1661512414372837e+02 -1.6356659531435952e+02
2.1249266666666666e+00 2.1677816004099066e+02 -1.6359574032905604e+02
2.1259233333333332e+00 2.1694122500060030e+02 -1.6362491440606647e+02
2.1269200000000001e+00 2.1710431905153729e+02 -1.6365411757438753e+02
2.1279166666666667e+00 2.1726744222281027e+02 -1.6368334986306360e+02
2.1289133333333332e+00 2.1743059454345706e+02 -1.6371261130109465e+02
2.1299099999999997e+00 2.1759377604254433e+02 -1.6374190191756765e+02
2.1309066666666667e+00 2.1775698674916785e+02 -1.6377122174158569e+02
2.1319033333333333e+00 2.1792022669245216e+02 -1.6380057080225006e+02
2.1328999999999998e+00 2.1808349590155109e+02 -1.6382994912873806e+02
2.1338966666666668e+00 2.1824679440564748e+02 -1.6385935675020355e+02
2.1348933333333333e+00 2.1841012223395308e+02 -1.6388879369584760e+02
2.1358899999999998e+00 2.1857347941570899e+02 -1.6391825999497570e+02
2.1368866666666668e+00 2.1873686598018548e+02 -1.6394775567682731e+02
2.1378833333333334e+00 2.1890028195668179e+02 -1.6397728077066066e+02
2.1388799999999999e+00 2.1906372737452656e+02 -1.6400683530586048e+02
2.1398766666666664e+00 2.1922720226307766e+02 -1.6403641931175619e+02
2.1408733333333334e+00 2.1939070665172224e+02 -1.6406603281773621e+02
2.1418699999999999e+00 2.1955424056987658e+02 -1.6409567585324399e+02
2.1428666666666665e+00 2.1971780404698654e+02 -1.6412534844769903e+02
2.1438633333333335e+00 2.1988139711252725e+02 -1.6415505063055477e+02
2.1448600000000000e+00 2.2004501979600309e+02 -1.6418478243135453e+02
2.1458566666666665e+00 2.2020867212694804e+02 -1.6421454387961754e+02
2.1468533333333335e+00 2.2037235413492556e+02 -1.6424433500489704e+02
2.1478500000000000e+00 2.2053606584952831e+02 -1.6427415583682202e+02
2.1488466666666666e+00 2.2069980730037881e+02 -1.6430400640499090e+02
2.1498433333333331e+00 2.2086357851712890e+02 -1.6433388673904693e+02
2.1508400000000001e+00 2.2102737952946015e+02 -1.6436379686867792e+02
2.1518366666666666e+00 2.2119121036708344e+02 -1.6439373682359835e+02
2.1528333333333332e+00 2.2135507105973954e+02 -1.6442370663352682e+02
2.1538300000000001e+00 2.2151896163719888e+02 -1.6445370632827357e+02
2.1548266666666667e+00 2.2168288212926137e+02 -1.6448373593763853e+02
2.1558233333333332e+00 2.2184683256575681e+02 -1.6451379549139725e+02
2.1568200000000002e+00 2.2201081297654477e+02 -1.6454388501944555e+02
2.1578166666666667e+00 2.2217482339151437e+02 -1.6457400455169753e+02
2.1588133333333333e+00 2.2233886384058476e+02 -1.6460415411803660e+02
2.1598099999999998e+00 2.2250293435370486e+02 -1.6463433374843399e+02
2.1608066666666668e+00 2.2266703496085350e+02 -1.6466454347283428e+02
2.1618033333333333e+00 2.2283116569203921e+02 -1.6469478332126559e+02
2.1627999999999998e+00 2.2299532657730063e+02 -1.6472505332377446e+02
2.1637966666666668e+00 2.2315951764670638e+02 -1.6475535351041344e+02
2.1647933333333333e+00 2.2332373893035484e+02 -1.6478568391129627e+02
2.1657899999999999e+00 2.2348799045837464e+02 -1.6481604455656310e+02
2.1667866666666664e+00 2.2365227226092435e+02 -1.6484643547634178e+02
2.1677833333333334e+00 2.2381658436819268e+02 -1.6487685670081956e+02
2.1687799999999999e+00 2.2398092681039827e+02 -1.6490730826026686e+02
2.1697766666666665e+00 2.2414529961779007e+02 -1.6493779018488686e+02
2.1707733333333334e+00 2.2430970282064723e+02 -1.6496830250494628e+02
2.1717700000000000e+00 2.2447413644927880e+02 -1.6499884525077260e+02
2.1727666666666665e+00 2.2463860053402436e+02 -1.6502941845272585e+02
2.1737633333333335e+00 2.2480309510525370e+02 -1.6506002214117248e+02
2.1747600000000000e+00 2.2496762019336668e+02 -1.6509065634646862e+02
2.1757566666666666e+00 2.2513217582879369e+02 -1.6512132109908217e+02
2.1767533333333331e+00 2.2529676204199541e+02 -1.6515201642946903e+02
2.1777500000000001e+00 2.2546137886346293e+02 -1.6518274236813014e+02
2.1787466666666666e+00 2.2562602632371758e+02 -1.6521349894557846e+02
2.1797433333333331e+00 2.2579070445331129e+02 -1.6524428619233052e+02
2.1807400000000001e+00 2.2595541328282647e+02 -1.6527510413900978e+02
2.1817366666666667e+00 2.2612015284287580e+02 -1.6530595281621464e+02
2.1827333333333332e+00 2.2628492316410274e+02 -1.6533683225460427e+02
2.1837300000000002e+00 2.2644972427718128e+02 -1.6536774248484483e+02
2.1847266666666667e+00 2.2661455621281578e+02 -1.6539868353762031e+02
2.1857233333333332e+00 2.2677941900174145e+02 -1.6542965544369804e+02
2.1867199999999998e+00 2.2694431267472407e+02 -1.6546065823384748e+02
2.1877166666666668e+00 2.2710923726256016e+02 -1.6549169193881212e+02
2.1887133333333333e+00 2.2727419279607670e+02 -1.6552275658944711e+02
2.1897099999999998e+00 2.2743917930613171e+02 -1.6555385221662533e+02
2.1907066666666668e+00 2.2760419682361390e+02 -1.6558497885124126e+02
2.1917033333333333e+00 2.2776924537944265e+02 -1.6561613652419274e+02
2.1926999999999999e+00 2.2793432500456828e+02 -1.6564732526642388e+02
2.1936966666666669e+00 2.2809943572997204e+02 -1.6567854510894330e+02
2.1946933333333334e+00 2.2826457758666589e+02 -1.6570979608274874e+02
2.1956899999999999e+00 2.2842975060569285e+02 -1.6574107821887807e+02
2.1966866666666665e+00 2.2859495481812687e+02 -1.6577239154841465e+02
2.1976833333333334e+00 2.2876019025507293e+02 -1.6580373610244425e+02
2.1986800000000000e+00 2.2892545694766685e+02 -1.6583511191212148e+02
2.1996766666666665e+00 2.2909075492707566e+02 -1.6586651900861835e+02
2.2006733333333335e+00 2.2925608422449753e+02 -1.6589795742311472e+02
2.2016700000000000e+00 2.2942144487116147e+02 -1.6592942718686496e+02
2.2026666666666666e+00 2.2958683689832790e+02 -1.6596092833110657e+02
2.2036633333333331e+00 2.2975226033728831e+02 -1.6599246088713664e+02
2.2046600000000001e+00 2.2991771521936545e+02 -1.6602402488626933e+02
2.2056566666666666e+00 2.3008320157591308e+02 -1.6605562035985872e+02
2.2066533333333331e+00 2.3024871943831647e+02 -1.6608724733931913e+02
2.2076500000000001e+00 2.3041426883799221e+02 -1.6611890585604456e+02
2.2086466666666666e+00 2.3057984980638795e+02 -1.6615059594147453e+02
2.2096433333333332e+00 2.3074546237498294e+02 -1.6618231762710897e+02
2.2106400000000002e+00 2.3091110657528782e+02 -1.6621407094445587e+02
2.2116366666666667e+00 2.3107678243884442e+02 -1.6624585592504047e+02
2.2126333333333332e+00 2.3124248999722627e+02 -1.6627767260044234e+02
2.2136299999999998e+00 2.3140822928203826e+02 -1.6630952100228654e+02
2.2146266666666667e+00 2.3157400032491694e+02 -1.6634140116218671e+02
2.2156233333333333e+00 2.3173980315753010e+02 -1.6637331311179645e+02
2.2166199999999998e+00 2.3190563781157741e+02 -1.6640525688284353e+02
2.2176166666666668e+00 2.3207150431879009e+02 -1.6643723250706427e+02
2.2186133333333333e+00 2.3223740271093084e+02 -1.6646924001619783e+02
2.2196099999999999e+00 2.3240333301979416e+02 -1.6650127944204314e+02
2.2206066666666668e+00 2.3256929527720635e+02 -1.6653335081645068e+02
2.2216033333333334e+00 2.3273528951502522e+02 -1.6656545417125943e+02
2.2225999999999999e+00 2.3290131576514048e+02 -1.6659758953836240e+02
2.2235966666666664e+00 2.3306737405947365e+02 -1.6662975694966988e+02
2.2245933333333334e+00 2.3323346442997811e+02 -1.6666195643712359e+02
2.2255900000000000e+00 2.3339958690863892e+02 -1.6669418803276210e+02
2.2265866666666665e+00 2.3356574152747322e+02 -1.6672645176855539e+02
2.2275833333333335e+00 2.3373192831853009e+02 -1.6675874767655358e+02
2.2285800000000000e+00 2.3389814731389035e+02 -1.6679107578886664e+02
2.2295766666666665e+00 2.3406439854566702e+02 -1.6682343613759272e+02
2.2305733333333335e+00 2.3423068204600514e+02 -1.6685582875488188e+02
2.2315700000000001e+00 2.3439699784708162e+02 -1.6688825367290107e+02
2.2325666666666666e+00 2.3456334598110564e+02 -1.6692071092384259e+02
2.2335633333333331e+00 2.3472972648031842e+02 -1.6695320053997321e+02
2.2345600000000001e+00 2.3489613937699343e+02 -1.6698572255357695e+02
2.2355566666666666e+00 2.3506258470343607e+02 -1.6701827699693476e+02
2.2365533333333332e+00 2.3522906249198422e+02 -1.6705086390238716e+02
2.2375500000000001e+00 2.3539557277500796e+02 -1.6708348330232670e+02
2.2385466666666667e+00 2.3556211558490946e+02 -1.6711613522914851e+02
2.2395433333333332e+00 2.3572869095412341e+02 -1.6714881971524437e+02
2.2405399999999998e+00 2.3589529891511674e+02 -1.6718153679313764e+02
2.2415366666666667e+00 2.3606193950038886e+02 -1.6721428649531217e+02
2.2425333333333333e+00 2.3622861274247137e+02 -1.6724706885426272e+02
2.2435299999999998e+00 2.3639531867392850e+02 -1.6727988390258633e+02
2.2445266666666668e+00 2.3656205732735700e+02 -1.6731273167288958e+02
2.2455233333333333e+00 2.3672882873538586e+02 -1.6734561219780991e+02
2.2465199999999999e+00 2.3689563293067687e+02 -1.6737852550995854e+02
2.2475166666666668e+00 2.3706246994592433e+02 -1.6741147164205609e+02
2.2485133333333334e+00 2.3722933981385498e+02 -1.6744445062685418e+02
2.2495099999999999e+00 2.3739624256722840e+02 -1.6747746249708672e+02
2.2505066666666664e+00 2.3756317823883671e+02 -1.6751050728553369e+02
2.2515033333333334e+00 2.3773014686150486e+02 -1.6754358502503553e+02
2.2524999999999999e+00 2.3789714846809031e+02 -1.6757669574845767e+02
2.2534966666666665e+00 2.3806418309148344e+02 -1.6760983948866792e+02
2.2544933333333335e+00 2.3823125076460752e+02 -1.6764301627862952e+02
2.2554900000000000e+00 2.3839835152041840e+02 -1.6767622615126501e+02
2.2564866666666665e+00 2.3856548539190499e+02 -1.6770946913957044e+02
2.2574833333333335e+00 2.3873265241208910e+02 -1.6774274527658031e+02
2.2584800000000000e+00 2.3889985261402524e+02 -1.6777605459531713e+02
2.2594766666666666e+00 2.3906708603080111e+02 -1.6780939712888542e+02
2.2604733333333331e+00 2.3923435269553735e+02 -1.6784277291042162e+02
2.2614700000000001e+00 2.3940165264138767e+02 -1.6787618197306566e+02
2.2624666666666666e+00 2.3956898590153864e+02 -1.6790962434999688e+02
2.2634633333333332e+00 2.3973635250921012e+02 -1.6794310007443903e+02
2.2644600000000001e+00 2.3990375249765515e+02 -1.6797660917966940e+02
2.2654566666666667e+00 2.4007118590015963e+02 -1.6801015169896704e+02
2.2664533333333332e+00 2.4023865275004297e+02 -1.6804372766561278e+02
2.2674500000000002e+00 2.4040615308065770e+02 -1.6807733711299804e+02
2.2684466666666667e+00 2.4057368692538944e+02 -1.6811098007448743e+02
2.2694433333333333e+00 2.4074125431765731e+02 -1.6814465658349889e+02
2.2704399999999998e+00 2.4090885529091369e+02 -1.6817836667349687e+02
2.2714366666666668e+00 2.4107648987864440e+02 -1.6821211037796371e+02
2.2724333333333333e+00 2.4124415811436839e+02 -1.6824588773043513e+02
2.2734299999999998e+00 2.4141186003163830e+02 -1.6827969876443419e+02
2.2744266666666668e+00 2.4157959566404023e+02 -1.6831354351356620e+02
2.2754233333333334e+00 2.4174736504519350e+02 -1.6834742201146685e+02
2.2764199999999999e+00 2.4191516820875125e+02 -1.6838133429173030e+02
2.2774166666666669e+00 2.4208300518840008e+02 -1.6841528038809037e+02
2.2784133333333334e+00 2.4225087601786004e+02 -1.6844926033426816e+02
2.2794099999999999e+00 2.4241878073088498e+02 -1.6848327416398095e+02
2.2804066666666665e+00 2.4258671936126234e+02 -1.6851732191104963e+02
2.2814033333333334e+00 2.4275469194281337e+02 -1.6855140360929886e+02
2.2824000000000000e+00 2.4292269850939277e+02 -1.6858551929257806e+02
2.2833966666666665e+00 2.4309073909488927e+02 -1.6861966899476644e+02
2.2843933333333335e+00 2.4325881373322537e+02 -1.6865385274978343e+02
2.2853900000000000e+00 2.4342692245835713e+02 -1.6868807059157814e+02
2.2863866666666666e+00 2.4359506530427473e+02 -1.6872232255416728e+02
2.2873833333333331e+00 2.4376324230500219e+02 -1.6875660867155705e+02
2.2883800000000001e+00 2.4393145349459752e+02 -1.6879092897780032e+02
2.2893766666666666e+00 2.4409969890715243e+02 -1.6882528350701739e+02
2.2903733333333332e+00 2.4426797857679290e+02 -1.6885967229330132e+02
2.2913700000000001e+00 2.4443629253767892e+02 -1.6889409537082821e+02
2.2923666666666667e+00 2.4460464082400432e+02 -1.6892855277380394e+02
2.2933633333333332e+00 2.4477302346999724e+02 -1.6896304453643549e+02
2.2943600000000002e+00 2.4494144050991994e+02 -1.6899757069298468e+02
2.2953566666666667e+00 2.4510989197806867e+02 -1.6903213127775706e+02
2.2963533333333332e+00 2.4527837790877408e+02 -1.6906672632508287e+02
2.2973499999999998e+00 2.4544689833640092e+02 -1.6910135586931051e+02
2.2983466666666668e+00 2.4561545329534837e+02 -1.6913601994486373e+02
2.2993433333333333e+00 2.4578404282004965e+02 -1.6917071858617658e+02
2.3003399999999998e+00 2.4595266694497255e+02 -1.6920545182769823e+02
2.3013366666666668e+00 2.4612132570461921e+02 -1.6924021970393309e+02
2.3023333333333333e+00 2.4629001913352596e+02 -1.6927502224944328e+02
2.3033299999999999e+00 2.4645874726626380e+02 -1.6930985949876379e+02
2.3043266666666669e+00 2.4662751013743818e+02 -1.6934473148649863e+02
2.3053233333333334e+00 2.4679630778168885e+02 -1.6937963824732418e+02
2.3063199999999999e+00 2.4696514023369033e+02 -1.6941457981589841e+02
2.3073166666666665e+00 2.4713400752815164e+02 -1.6944955622691194e+02
2.3083133333333334e+00 2.4730290969981647e+02 -1.6948456751513095e+02
2.3093100000000000e+00 2.4747184678346298e+02 -1.6951961371534583e+02
2.3103066666666665e+00 2.4764081881390416e+02 -1.6955469486234784e+02
2.3113033333333335e+00 2.4780982582598779e+02 -1.6958981099095519e+02
2.3123000000000000e+00 2.4797886785459607e+02 -1.6962496213610083e+02
2.3132966666666666e+00 2.4814794493464635e+02 -1.6966014833269011e+02
2.3142933333333335e+00 2.4831705710109065e+02 -1.6969536961564103e+02
2.3152900000000001e+00 2.4848620438891572e+02 -1.6973062601998646e+02
2.3162866666666666e+00 2.4865538683314341e+02 -1.6976591758074062e+02
2.3172833333333331e+00 2.4882460446883036e+02 -1.6980124433293639e+02
2.3182800000000001e+00 2.4899385733106831e+02 -1.6983660631168223e+02
2.3192766666666667e+00 2.4916314545498375e+02 -1.6987200355209649e+02
2.3202733333333332e+00 2.4933246887573839e+02 -1.6990743608935517e+02
2.3212700000000002e+00 2.4950182762852901e+02 -1.6994290395863325e+02
2.3222666666666667e+00 2.4967122174858730e+02 -1.6997840719516307e+02
2.3232633333333332e+00 2.4984065127118026e+02 -1.7001394583424400e+02
2.3242599999999998e+00 2.5001011623161003e+02 -1.7004951991113700e+02
2.3252566666666667e+00 2.5017961666521398e+02 -1.7008512946122153e+02
2.3262533333333333e+00 2.5034915260736452e+02 -1.7012077451982995e+02
2.3272499999999998e+00 2.5051872409346953e+02 -1.7015645512238038e+02
2.3282466666666668e+00 2.5068833115897223e+02 -1.7019217130436158e+02
2.3292433333333333e+00 2.5085797383935099e+02 -1.7022792310120559e+02
2.3302399999999999e+00 2.5102765217011969e+02 -1.7026371054838765e+02
2.3312366666666668e+00 2.5119736618682765e+02 -1.7029953368152485e+02
2.3322333333333334e+00 2.5136711592505947e+02 -1.7033539253620614e+02
2.3332299999999999e+00 2.5153690142043541e+02 -1.7037128714800156e+02
2.3342266666666664e+00 2.5170672270861118e+02 -1.7040721755258556e+02
2.3352233333333334e+00 2.5187657982527813e+02 -1.7044318378567999e+02
2.3362200000000000e+00 2.5204647280616300e+02 -1.7047918588297361e+02
2.3372166666666665e+00 2.5221640168702831e+02 -1.7051522388025512e+02
2.3382133333333335e+00 2.5238636650367232e+02 -1.7055129781331289e+02
2.3392100000000000e+00 2.5255636729192869e+02 -1.7058740771793541e+02
2.3402066666666665e+00 2.5272640408766708e+02 -1.7062355363005400e+02
2.3412033333333335e+00 2.5289647692679293e+02 -1.7065973558558531e+02
2.3422000000000001e+00 2.5306658584524723e+02 -1.7069595362041778e+02
2.3431966666666666e+00 2.5323673087900704e+02 -1.7073220777053479e+02
2.3441933333333331e+00 2.5340691206408522e+02 -1.7076849807199577e+02
2.3451900000000001e+00 2.5357712943653061e+02 -1.7080482456079366e+02
2.3461866666666666e+00 2.5374738303242779e+02 -1.7084118727304491e+02
2.3471833333333332e+00 2.5391767288789754e+02 -1.7087758624489442e+02
2.3481800000000002e+00 2.5408799903909667e+02 -1.7091402151243031e+02
2.3491766666666667e+00 2.5425836152221777e+02 -1.7095049311188311e+02
2.3501733333333332e+00 2.5442876037348978e+02 -1.7098700107949739e+02
2.3511700000000002e+00 2.5459919562917779e+02 -1.7102354545150396e+02
2.3521666666666667e+00 2.5476966732558276e+02 -1.7106012626423316e+02
2.3531633333333333e+00 2.5494017549904217e+02 -1.7109674355401043e+02
2.3541599999999998e+00 2.5511072018592958e+02 -1.7113339735722303e+02
2.3551566666666668e+00 2.5528130142265493e+02 -1.7117008771027773e+02
2.3561533333333333e+00 2.5545191924566424e+02 -1.7120681464957605e+02
2.3571499999999999e+00 2.5562257369144007e+02 -1.7124357821163341e+02
2.3581466666666668e+00 2.5579326479650135e+02 -1.7128037843298014e+02
2.3591433333333334e+00 2.5596399259740326e+02 -1.7131721535016044e+02
2.3601399999999999e+00 2.5613475713073763e+02 -1.7135408899979907e+02
2.3611366666666664e+00 2.5630555843313272e+02 -1.7139099941848303e+02
2.3621333333333334e+00 2.5647639654125334e+02 -1.7142794664286146e+02
2.3631300000000000e+00 2.5664727149180067e+02 -1.7146493070967813e+02
2.3641266666666665e+00 2.5681818332151272e+02 -1.7150195165566214e+02
2.3651233333333335e+00 2.5698913206716406e+02 -1.7153900951754366e+02
2.3661200000000000e+00 2.5716011776556581e+02 -1.7157610433219472e+02
2.3671166666666665e+00 2.5733114045356598e+02 -1.7161323613643003e+02
2.3681133333333335e+00 2.5750220016804934e+02 -1.7165040496715082e+02
2.3691100000000000e+00 2.5767329694593718e+02 -1.7168761086128626e+02
2.3701066666666666e+00 2.5784443082418784e+02 -1.7172485385574618e+02
2.3711033333333331e+00 2.5801560183979643e+02 -1.7176213398760223e+02
2.3721000000000001e+00 2.5818681002979503e+02 -1.7179945129380326e+02
2.3730966666666666e+00 2.5835805543125247e+02 -1.7183680581147797e+02
2.3740933333333332e+00 2.5852933808127472e+02 -1.7187419757772602e+02
2.3750900000000001e+00 2.5870065801700474e+02 -1.7191162662961983e+02
2.3760866666666667e+00 2.5887201527562235e+02 -1.7194909300443084e+02
2.3770833333333332e+00 2.5904340989434462e+02 -1.7198659673934418e+02
2.3780800000000002e+00 2.5921484191042578e+02 -1.7202413787160350e+02
2.3790766666666667e+00 2.5938631136115697e+02 -1.7206171643850871e+02
2.3800733333333333e+00 2.5955781828386671e+02 -1.7209933247739721e+02
2.3810699999999998e+00 2.5972936271592067e+02 -1.7213698602562596e+02
2.3820666666666668e+00 2.5990094469472189e+02 -1.7217467712057146e+02
2.3830633333333333e+00 2.6007256425771050e+02 -1.7221240579973335e+02
2.3840599999999998e+00 2.6024422144236411e+02 -1.7225017210052457e+02
2.3850566666666668e+00 2.6041591628619773e+02 -1.7228797606047414e+02
2.3860533333333334e+00 2.6058764882676360e+02 -1.7232581771719575e+02
2.3870499999999999e+00 2.6075941910165159e+02 -1.7236369710821634e+02
2.3880466666666669e+00 2.6093122714848903e+02 -1.7240161427117926e+02
2.3890433333333334e+00 2.6110307300494060e+02 -1.7243956924375493e+02
2.3900399999999999e+00 2.6127495670870877e+02 -1.7247756206365136e+02
2.3910366666666665e+00 2.6144687829753349e+02 -1.7251559276859624e+02
2.3920333333333335e+00 2.6161883780919243e+02 -1.7255366139633696e+02
2.3930300000000000e+00 2.6179083528150062e+02 -1.7259176798471537e+02
2.3940266666666665e+00 2.6196287075231118e+02 -1.7262991257162889e+02
2.3950233333333335e+00 2.6213494425951490e+02 -1.7266809519494910e+02
2.3960200000000000e+00 2.6230705584104015e+02 -1.7270631589254631e+02
2.3970166666666666e+00 2.6247920553485329e+02 -1.7274457470241344e+02
2.3980133333333331e+00 2.6265139337895852e+02 -1.7278287166259170e+02
2.3990100000000001e+00 2.6282361941139794e+02 -1.7282120681111402e+02
2.4000066666666666e+00 2.6299588367025149e+02 -1.7285958018602173e+02
2.4010033333333332e+00 2.6316818619363715e+02 -1.7289799182544024e+02
2.4020000000000001e+00 2.6334052701971109e+02 -1.7293644176758352e+02
2.4029966666666667e+00 2.6351290618666712e+02 -1.7297493005057845e+02
2.4039933333333332e+00 2.6368532373273746e+02 -1.7301345671266449e+02
2.4049900000000002e+00 2.6385777969619238e+02 -1.7305202179214123e+02
2.4059866666666667e+00 2.6403027411534021e+02 -1.7309062532730664e+02
2.4069833333333333e+00 2.6420280702852762e+02 -1.7312926735655270e+02
2.4079799999999998e+00 2.6437537847413950e+02 -1.7316794791817745e+02
2.4089766666666668e+00 2.6454798849059898e+02 -1.7320666705061305e+02
2.4099733333333333e+00 2.6472063711636741e+02 -1.7324542479238568e+02
2.4109699999999998e+00 2.6489332438994461e+02 -1.7328422118196266e+02
2.4119666666666668e+00 2.6506605034986887e+02 -1.7332305625787191e+02
2.4129633333333333e+00 2.6523881503471659e+02 -1.7336193005869666e+02
2.4139599999999999e+00 2.6541161848310298e+02 -1.7340084262307525e+02
2.4149566666666669e+00 2.6558446073368168e+02 -1.7343979398962119e+02
2.4159533333333334e+00 2.6575734182514469e+02 -1.7347878419703181e+02
2.4169499999999999e+00 2.6593026179622274e+02 -1.7351781328406952e+02
2.4179466666666665e+00 2.6610322068568524e+02 -1.7355688128951721e+02
2.4189433333333334e+00 2.6627621853234024e+02 -1.7359598825212086e+02
2.4199400000000000e+00 2.6644925537503417e+02 -1.7363513421072031e+02
2.4209366666666665e+00 2.6662233125265266e+02 -1.7367431920429604e+02
2.4219333333333335e+00 2.6679544620411991e+02 -1.7371354327168982e+02
2.4229300000000000e+00 2.6696860026839880e+02 -1.7375280645188411e+02
2.4239266666666666e+00 2.6714179348449130e+02 -1.7379210878391623e+02
2.4249233333333335e+00 2.6731502589143821e+02 -1.7383145030674223e+02
2.4259200000000001e+00 2.6748829752831904e+02 -1.7387083105954403e+02
2.4269166666666666e+00 2.6766160843425257e+02 -1.7391025108142634e+02
2.4279133333333331e+00 2.6783495864839648e+02 -1.7394971041142850e+02
2.4289100000000001e+00 2.6800834820994748e+02 -1.7398920908883846e+02
2.4299066666666667e+00 2.6818177715814130e+02 -1.7402874715292401e+02
2.4309033333333332e+00 2.6835524553225287e+02 -1.7406832464292188e+02
2.4319000000000002e+00 2.6852875337159639e+02 -1.7410794159815887e+02
2.4328966666666667e+00 2.6870230071552498e+02 -1.7414759805793116e+02
2.4338933333333332e+00 2.6887588760343124e+02 -1.7418729406168538e+02
2.4348899999999998e+00 2.6904951407474698e+02 -1.7422702964888867e+02
2.4358866666666668e+00 2.6922318016894343e+02 -1.7426680485894329e+02
2.4368833333333333e+00 2.6939688592553091e+02 -1.7430661973134497e+02
2.4378799999999998e+00 2.6957063138405937e+02 -1.7434647430570104e+02
2.4388766666666668e+00 2.6974441658411820e+02 -1.7438636862159527e+02
2.4398733333333333e+00 2.6991824156533607e+02 -1.7442630271863732e+02
2.4408699999999999e+00 2.7009210636738135e+02 -1.7446627663649159e+02
2.4418666666666669e+00 2.7026601102996199e+02 -1.7450629041488440e+02
2.4428633333333334e+00 2.7043995559282536e+02 -1.7454634409356819e+02
2.4438599999999999e+00 2.7061394009575855e+02 -1.7458643771227455e+02
2.4448566666666665e+00 2.7078796457858840e+02 -1.7462657131092686e+02
2.4458533333333334e+00 2.7096202908118153e+02 -1.7466674492932691e+02
2.4468500000000000e+00 2.7113613364344394e+02 -1.7470695860734102e+02
2.4478466666666665e+00 2.7131027830532173e+02 -1.7474721238497548e+02
2.4488433333333335e+00 2.7148446310680089e+02 -1.7478750630224212e+02
2.4498400000000000e+00 2.7165868808790702e+02 -1.7482784039912141e+02
2.4508366666666666e+00 2.7183295328870588e+02 -1.7486821471564809e+02
2.4518333333333335e+00 2.7200725874930311e+02 -1.7490862929200506e+02
2.4528300000000001e+00 2.7218160450984414e+02 -1.7494908416831541e+02
2.4538266666666666e+00 2.7235599061051471e+02 -1.7498957938473839e+02
2.4548233333333331e+00 2.7253041709154053e+02 -1.7503011498148254e+02
2.4558200000000001e+00 2.7270488399318742e+02 -1.7507069099883452e+02
2.4568166666666666e+00 2.7287939135576124e+02 -1.7511130747711698e+02
2.4578133333333332e+00 2.7305393921960825e+02 -1.7515196445670674e+02
2.4588100000000002e+00 2.7322852762511491e+02 -1.7519266197792948e+02
2.4598066666666667e+00 2.7340315661270768e+02 -1.7523340008119339e+02
2.4608033333333332e+00 2.7357782622285362e+02 -1.7527417880704635e+02
2.4618000000000002e+00 2.7375253649606015e+02 -1.7531499819595666e+02
2.4627966666666667e+00 2.7392728747287487e+02 -1.7535585828844663e+02
2.4637933333333333e+00 2.7410207919388597e+02 -1.7539675912513155e+02
2.4647899999999998e+00 2.7427691169972206e+02 -1.7543770074664778e+02
2.4657866666666668e+00 2.7445178503105240e+02 -1.7547868319365287e+02
2.4667833333333333e+00 2.7462669922858646e+02 -1.7551970650684018e+02
2.4677799999999999e+00 2.7480165433307462e+02 -1.7556077072695700e+02
2.4687766666666668e+00 2.7497665038530789e+02 -1.7560187589484255e+02
2.4697733333333334e+00 2.7515168742611769e+02 -1.7564302205130423e+02
2.4707699999999999e+00 2.7532676549637642e+02 -1.7568420923718548e+02
2.4717666666666664e+00 2.7550188463699715e+02 -1.7572543749346480e+02
2.4727633333333334e+00 2.7567704488893384e+02 -1.7576670686102796e+02
2.4737600000000000e+00 2.7585224629318100e+02 -1.7580801738085353e+02
2.4747566666666665e+00 2.7602748889077429e+02 -1.7584936909405928e+02
2.4757533333333335e+00 2.7620277272279031e+02 -1.7589076204168435e+02
2.4767500000000000e+00 2.7637809783034641e+02 -1.7593219626484972e+02
2.4777466666666665e+00 2.7655346425460107e+02 -1.7597367180470170e+02
2.4787433333333335e+00 2.7672887203675384e+02 -1.7601518870245047e+02
2.4797400000000001e+00 2.7690432121804520e+02 -1.7605674699930285e+02
2.4807366666666666e+00 2.7707981183975687e+02 -1.7609834673655817e+02
2.4817333333333331e+00 2.7725534394321176e+02 -1.7613998795559417e+02
2.4827300000000001e+00 2.7743091756977407e+02 -1.7618167069772463e+02
2.4837266666666666e+00 2.7760653276084889e+02 -1.7622339500435587e+02
2.4847233333333332e+00 2.7778218955788299e+02 -1.7626516091691903e+02
2.4857200000000002e+00 2.7795788800236431e+02 -1.7630696847693824e+02
2.4867166666666667e+00 2.7813362813582205e+02 -1.7634881772596239e+02
2.4877133333333332e+00 2.7830940999982704e+02 -1.7639070870547965e+02
2.4887100000000002e+00 2.7848523363599145e+02 -1.7643264145715676e+02
2.4897066666666667e+00 2.7866109908596889e+02 -1.7647461602265670e+02
2.4907033333333333e+00 2.7883700639145457e+02 -1.7651663244364943e+02
2.4916999999999998e+00 2.7901295559418531e+02 -1.7655869076191198e+02
2.4926966666666668e+00 2.7918894673593962e+02 -1.7660079101915741e+02
2.4936933333333333e+00 2.7936497985853731e+02 -1.7664293325721988e+02
2.4946899999999999e+00 2.7954105500384026e+02 -1.7668511751798650e+02
2.4956866666666668e+00 2.7971717221375206e+02 -1.7672734384338094e+02
2.4966833333333334e+00 2.7989333153021784e+02 -1.7676961227532277e+02
2.4976799999999999e+00 2.8006953299522485e+02 -1.7681192285581315e+02
2.4986766666666669e+00 2.8024577665080210e+02 -1.7685427562688994e+02
2.4996733333333334e+00 2.8042206253902037e+02 -1.7689667063052968e+02
2.5006699999999999e+00 2.8059839070199251e+02 -1.7693910790891550e+02
2.5016666666666665e+00 2.8077476118187337e+02 -1.7698158750425216e+02
2.5026633333333335e+00 2.8095117402085992e+02 -1.7702410945865213e+02
2.5036600000000000e+00 2.8112762926119098e+02 -1.7706667381440587e+02
2.5046566666666665e+00 2.8130412694514769e+02 -1.7710928061379946e+02
2.5056533333333335e+00 2.8148066711505334e+02 -1.7715192989912754e+02
2.5066500000000000e+00 2.8165724981327327e+02 -1.7719462171276598e+02
2.5076466666666666e+00 2.8183387508221517e+02 -1.7723735609709729e+02
2.5086433333333331e+00 2.8201054296432903e+02 -1.7728013309461147e+02
2.5096400000000001e+00 2.8218725350210718e+02 -1.7732295274776342e+02
2.5106366666666666e+00 2.8236400673808419e+02 -1.7736581509912850e+02
2.5116333333333332e+00 2.8254080271483718e+02 -1.7740872019122097e+02
2.5126300000000001e+00 2.8271764147498578e+02 -1.7745166806673470e+02
2.5136266666666667e+00 2.8289452306119188e+02 -1.7749465876833094e+02
2.5146233333333332e+00 2.8307144751616016e+02 -1.7753769233866612e+02
2.5156200000000002e+00 2.8324841488263786e+02 -1.7758076882049144e+02
2.5166166666666667e+00 2.8342542520341459e+02 -1.7762388825658201e+02
2.5176133333333333e+00 2.8360247852132289e+02 -1.7766705068986201e+02
2.5186099999999998e+00 2.8377957487923794e+02 -1.7771025616310655e+02
2.5196066666666668e+00 2.8395671432007771e+02 -1.7775350471922701e+02
2.5206033333333333e+00 2.8413389688680275e+02 -1.7779679640128367e+02
2.5215999999999998e+00 2.8431112262241669e+02 -1.7784013125221804e+02
2.5225966666666668e+00 2.8448839156996610e+02 -1.7788350931503811e+02
2.5235933333333334e+00 2.8466570377254016e+02 -1.7792693063291827e+02
2.5245899999999999e+00 2.8484305927327125e+02 -1.7797039524897104e+02
2.5255866666666669e+00 2.8502045811533486e+02 -1.7801390320631864e+02
2.5265833333333334e+00 2.8519790034194915e+02 -1.7805745454819251e+02
2.5275799999999999e+00 2.8537538599637571e+02 -1.7810104931788726e+02
2.5285766666666665e+00 2.8555291512191917e+02 -1.7814468755866278e+02
2.5295733333333335e+00 2.8573048776192741e+02 -1.7818836931391536e+02
2.5305700000000000e+00 2.8590810395979133e+02 -1.7823209462707618e+02
2.5315666666666665e+00 2.8608576375894529e+02 -1.7827586354148553e+02
2.5325633333333335e+00 2.8626346720286699e+02 -1.7831967610063657e+02
2.5335600000000000e+00 2.8644121433507723e+02 -1.7836353234807441e+02
2.5345566666666666e+00 2.8661900519914047e+02 -1.7840743232733902e+02
2.5355533333333335e+00 2.8679683983866454e+02 -1.7845137608206619e+02
2.5365500000000001e+00 2.8697471829730063e+02 -1.7849536365594352e+02
2.5375466666666666e+00 2.8715264061874359e+02 -1.7853939509257930e+02
2.5385433333333332e+00 2.8733060684673183e+02 -1.7858347043574662e+02
2.5395400000000001e+00 2.8750861702504744e+02 -1.7862758972926986e+02
2.5405366666666667e+00 2.8768667119751592e+02 -1.7867175301692211e+02
2.5415333333333332e+00 2.8786476940800674e+02 -1.7871596034261393e+02
2.5425300000000002e+00 2.8804291170043302e+02 -1.7876021175020944e+02
2.5435266666666667e+00 2.8822109811875157e+02 -1.7880450728365304e+02
2.5445233333333332e+00 2.8839932870696310e+02 -1.7884884698700890e+02
2.5455199999999998e+00 2.8857760350911224e+02 -1.7889323090430690e+02
2.5465166666666668e+00 2.8875592256928763e+02 -1.7893765907962822e+02
2.5475133333333333e+00 2.8893428593162162e+02 -1.7898213155711665e+02
2.5485099999999998e+00 2.8911269364029073e+02 -1.7902664838093915e+02
2.5495066666666668e+00 2.8929114573951557e+02 -1.7907120959527381e+02
2.5505033333333333e+00 2.8946964227356068e+02 -1.7911581524440703e+02
2.5514999999999999e+00 2.8964818328673488e+02 -1.7916046537270540e+02
2.5524966666666669e+00 2.8982676882339121e+02 -1.7920516002446107e+02
2.5534933333333334e+00 2.9000539892792671e+02 -1.7924989924410309e+02
2.5544899999999999e+00 2.9018407364478287e+02 -1.7929468307603778e+02
2.5554866666666665e+00 2.9036279301844553e+02 -1.7933951156475129e+02
2.5564833333333334e+00 2.9054155709344485e+02 -1.7938438475486663e+02
2.5574800000000000e+00 2.9072036591435528e+02 -1.7942930269084152e+02
2.5584766666666665e+00 2.9089921952579584e+02 -1.7947426541732730e+02
2.5594733333333335e+00 2.9107811797243005e+02 -1.7951927297901562e+02
2.5604700000000000e+00 2.9125706129896582e+02 -1.7956432542059224e+02
2.5614666666666666e+00 2.9143604955015581e+02 -1.7960942278682253e+02
2.5624633333333335e+00 2.9161508277079736e+02 -1.7965456512251225e+02
2.5634600000000001e+00 2.9179416100573218e+02 -1.7969975247251836e+02
2.5644566666666666e+00 2.9197328429984697e+02 -1.7974498488161760e+02
2.5654533333333331e+00 2.9215245269807303e+02 -1.7979026239483784e+02
2.5664500000000001e+00 2.9233166624538666e+02 -1.7983558505717323e+02
2.5674466666666667e+00 2.9251092498680873e+02 -1.7988095291356609e+02
2.5684433333333332e+00 2.9269022896740518e+02 -1.7992636600915230e+02
2.5694400000000002e+00 2.9286957823228698e+02 -1.7997182438905156e+02
2.5704366666666667e+00 2.9304897282660983e+02 -1.8001732809834891e+02
2.5714333333333332e+00 2.9322841279557463e+02 -1.8006287718226562e+02
2.5724300000000002e+00 2.9340789818442744e+02 -1.8010847168609257e+02
2.5734266666666668e+00 2.9358742903845911e+02 -1.8015411165505748e+02
2.5744233333333333e+00 2.9376700540300590e+02 -1.8019979713456408e+02
2.5754199999999998e+00 2.9394662732344932e+02 -1.8024552816998275e+02
2.5764166666666668e+00 2.9412629484521608e+02 -1.8029130480664972e+02
2.5774133333333333e+00 2.9430600801377796e+02 -1.8033712709013486e+02
2.5784099999999999e+00 2.9448576687465237e+02 -1.8038299506597298e+02
2.5794066666666668e+00 2.9466557147340217e+02 -1.8042890877962623e+02
2.5804033333333334e+00 2.9484542185563527e+02 -1.8047486827674999e+02
2.5813999999999999e+00 2.9502531806700534e+02 -1.8052087360303321e+02
2.5823966666666665e+00 2.9520526015321155e+02 -1.8056692480415973e+02
2.5833933333333334e+00 2.9538524815999875e+02 -1.8061302192583688e+02
2.5843900000000000e+00 2.9556528213315698e+02 -1.8065916501383398e+02
2.5853866666666665e+00 2.9574536211852239e+02 -1.8070535411408491e+02
2.5863833333333335e+00 2.9592548816197672e+02 -1.8075158927239426e+02
2.5873800000000000e+00 2.9610566030944722e+02 -1.8079787053473098e+02
2.5883766666666665e+00 2.9628587860690726e+02 -1.8084419794705738e+02
2.5893733333333335e+00 2.9646614310037603e+02 -1.8089057155534931e+02
2.5903700000000001e+00 2.9664645383591829e+02 -1.8093699140574685e+02
2.5913666666666666e+00 2.9682681085964504e+02 -1.8098345754430946e+02
2.5923633333333331e+00 2.9700721421771317e+02 -1.8102997001717733e+02
2.5933600000000001e+00 2.9718766395632565e+02 -1.8107652887059967e+02
2.5943566666666666e+00 2.9736816012173131e+02 -1.8112313415083068e+02
2.5953533333333332e+00 2.9754870276022535e+02 -1.8116978590411762e+02
2.5963500000000002e+00 2.9772929191814910e+02 -1.8121648417683571e+02
2.5973466666666667e+00 2.9790992764188985e+02 -1.8126322901538165e+02
2.5983433333333332e+00 2.9809060997788146e+02 -1.8131002046617371e+02
2.5993400000000002e+00 2.9827133897260404e+02 -1.8135685857567279e+02
2.6003366666666667e+00 2.9845211467258378e+02 -1.8140374339038982e+02
2.6013333333333333e+00 2.9863293712439349e+02 -1.8145067495695423e+02
2.6023299999999998e+00 2.9881380637465247e+02 -1.8149765332196253e+02
2.6033266666666668e+00 2.9899472247002649e+02 -1.8154467853209192e+02
2.6043233333333333e+00 2.9917568545722759e+02 -1.8159175063405289e+02
2.6053199999999999e+00 2.9935669538301471e+02 -1.8163886967454849e+02
2.6063166666666668e+00 2.9953775229419330e+02 -1.8168603570043922e+02
2.6073133333333334e+00 2.9971885623761534e+02 -1.8173324875857807e+02
2.6083099999999999e+00 2.9990000726017979e+02 -1.8178050889583915e+02
2.6093066666666669e+00 3.0008120540883226e+02 -1.8182781615919703e+02
2.6103033333333334e+00 3.0026245073056509e+02 -1.8187517059564726e+02
2.6113000000000000e+00 3.0044374327241758e+02 -1.8192257225219009e+02
2.6122966666666665e+00 3.0062508308147591e+02 -1.8197002117590660e+02
2.6132933333333335e+00 3.0080647020487328e+02 -1.8201751741398755e+02
2.6142900000000000e+00 3.0098790468978967e+02 -1.8206506101357115e+02
2.6152866666666665e+00 3.0116938658345231e+02 -1.8211265202187354e+02
2.6162833333333335e+00 3.0135091593313558e+02 -1.8216029048626874e+02
2.6172800000000001e+00 3.0153249278616073e+02 -1.8220797645392344e+02
2.6182766666666666e+00 3.0171411718989640e+02 -1.8225570997226532e+02
2.6192733333333331e+00 3.0189578919175847e+02 -1.8230349108874637e+02
2.6202700000000001e+00 3.0207750883921005e+02 -1.8235131985081406e+02
2.6212666666666666e+00 3.0225927617976151e+02 -1.8239919630600590e+02
2.6222633333333332e+00 3.0244109126097072e+02 -1.8244712050179439e+02
2.6232600000000001e+00 3.0262295413044296e+02 -1.8249509248586733e+02
2.6242566666666667e+00 3.0280486483583081e+02 -1.8254311230587652e+02
2.6252533333333332e+00 3.0298682342483460e+02 -1.8259118000946521e+02
2.6262500000000002e+00 3.0316882994520216e+02 -1.8263929564437859e+02
2.6272466666666667e+00 3.0335088444472876e+02 -1.8268745925849620e+02
2.6282433333333333e+00 3.0353298697125751e+02 -1.8273567089958794e+02
2.6292399999999998e+00 3.0371513757267917e+02 -1.8278393061553328e+02
2.6302366666666668e+00 3.0389733629693239e+02 -1.8283223845435035e+02
2.6312333333333333e+00 3.0407958319200333e+02 -1.8288059446397577e+02
2.6322299999999998e+00 3.0426187830592625e+02 -1.8292899869242376e+02
2.6332266666666668e+00 3.0444422168678329e+02 -1.8297745118781017e+02
2.6342233333333334e+00 3.0462661338270431e+02 -1.8302595199824279e+02
2.6352199999999999e+00 3.0480905344186743e+02 -1.8307450117196370e+02
2.6362166666666669e+00 3.0499154191249880e+02 -1.8312309875708905e+02
2.6372133333333334e+00 3.0517407884287235e+02 -1.8317174480192605e+02
2.6382099999999999e+00 3.0535666428131049e+02 -1.8322043935487181e+02
2.6392066666666665e+00 3.0553929827618362e+02 -1.8326918246417645e+02
2.6402033333333335e+00 3.0572198087591056e+02 -1.8331797417840025e+02
2.6412000000000000e+00 3.0590471212895818e+02 -1.8336681454593611e+02
2.6421966666666665e+00 3.0608749208384182e+02 -1.8341570361525407e+02
2.6431933333333335e+00 3.0627032078912526e+02 -1.8346464143498369e+02
2.6441900000000000e+00 3.0645319829342043e+02 -1.8351362805371750e+02
2.6451866666666666e+00 3.0663612464538807e+02 -1.8356266352015356e+02
2.6461833333333336e+00 3.0681909989373730e+02 -1.8361174788292163e+02
2.6471800000000001e+00 3.0700212408722570e+02 -1.8366088119081374e+02
2.6481766666666666e+00 3.0718519727465963e+02 -1.8371006349268291e+02
2.6491733333333332e+00 3.0736831950489403e+02 -1.8375929483732131e+02
2.6501700000000001e+00 3.0755149082683272e+02 -1.8380857527363148e+02
2.6511666666666667e+00 3.0773471128942793e+02 -1.8385790485060517e+02
2.6521633333333332e+00 3.0791798094168109e+02 -1.8390728361731098e+02
2.6531600000000002e+00 3.0810129983264238e+02 -1.8395671162263551e+02
2.6541566666666667e+00 3.0828466801141064e+02 -1.8400618891574149e+02
2.6551533333333333e+00 3.0846808552713395e+02 -1.8405571554582406e+02
2.6561499999999998e+00 3.0865155242900937e+02 -1.8410529156204598e+02
2.6571466666666668e+00 3.0883506876628297e+02 -1.8415491701368080e+02
2.6581433333333333e+00 3.0901863458824982e+02 -1.8420459194997687e+02
2.6591399999999998e+00 3.0920224994425433e+02 -1.8425431642031626e+02
2.6601366666666668e+00 3.0938591488369008e+02 -1.8430409047404197e+02
2.6611333333333334e+00 3.0956962945599969e+02 -1.8435391416068754e+02
2.6621299999999999e+00 3.0975339371067537e+02 -1.8440378752969207e+02
2.6631266666666669e+00 3.0993720769725860e+02 -1.8445371063054117e+02
2.6641233333333334e+00 3.1012107146534004e+02 -1.8450368351291107e+02
2.6651199999999999e+00 3.1030498506456013e+02 -1.8455370622642428e+02
2.6661166666666665e+00 3.1048894854460860e+02 -1.8460377882075699e+02
2.6671133333333334e+00 3.1067296195522493e+02 -1.8465390134563913e+02
2.6681100000000000e+00 3.1085702534619782e+02 -1.8470407385086091e+02
2.6691066666666665e+00 3.1104113876736596e+02 -1.8475429638631729e+02
2.6701033333333335e+00 3.1122530226861778e+02 -1.8480456900183651e+02
2.6711000000000000e+00 3.1140951589989106e+02 -1.8485489174729440e+02
2.6720966666666666e+00 3.1159377971117374e+02 -1.8490526467278534e+02
2.6730933333333335e+00 3.1177809375250354e+02 -1.8495568782836574e+02
2.6740900000000001e+00 3.1196245807396792e+02 -1.8500616126405410e+02
2.6750866666666666e+00 3.1214687272570444e+02 -1.8505668502998600e+02
2.6760833333333331e+00 3.1233133775790060e+02 -1.8510725917637930e+02
2.6770800000000001e+00 3.1251585322079404e+02 -1.8515788375347753e+02
2.6780766666666667e+00 3.1270041916467227e+02 -1.8520855881152724e+02
2.6790733333333332e+00 3.1288503563987308e+02 -1.8525928440087930e+02
2.6800700000000002e+00 3.1306970269678459e+02 -1.8531006057196109e+02
2.6810666666666667e+00 3.1325442038584487e+02 -1.8536088737519026e+02
2.6820633333333332e+00 3.1343918875754258e+02 -1.8541176486106013e+02
2.6830600000000002e+00 3.1362400786241665e+02 -1.8546269308008371e+02
2.6840566666666668e+00 3.1380887775105612e+02 -1.8551367208282127e+02
2.6850533333333333e+00 3.1399379847410086e+02 -1.8556470192000697e+02
2.6860499999999998e+00 3.1417877008224104e+02 -1.8561578264228663e+02
2.6870466666666668e+00 3.1436379262621750e+02 -1.8566691430036013e+02
2.6880433333333333e+00 3.1454886615682148e+02 -1.8571809694510134e+02
2.6890399999999999e+00 3.1473399072489502e+02 -1.8576933062726016e+02
2.6900366666666669e+00 3.1491916638133085e+02 -1.8582061539774895e+02
2.6910333333333334e+00 3.1510439317707232e+02 -1.8587195130758423e+02
2.6920299999999999e+00 3.1528967116311372e+02 -1.8592333840768688e+02
2.6930266666666669e+00 3.1547500039050027e+02 -1.8597477674914049e+02
2.6940233333333334e+00 3.1566038091032777e+02 -1.8602626638304704e+02
2.6950200000000000e+00 3.1584581277374326e+02 -1.8607780736048295e+02
2.6960166666666665e+00 3.1603129603194469e+02 -1.8612939973272105e+02
2.6970133333333335e+00 3.1621683073618118e+02 -1.8618104355103199e+02
2.6980100000000000e+00 3.1640241693775261e+02 -1.8623273886660343e+02
2.6990066666666666e+00 3.1658805468801035e+02 -1.8628448573086905e+02
2.7000033333333335e+00 3.1677374403835694e+02 -1.8633628419525508e+02
2.7010000000000001e+00 3.1695948504024591e+02 -1.8638813431112018e+02
2.7019966666666666e+00 3.1714527774518240e+02 -1.8644003613005370e+02
2.7029933333333331e+00 3.1733112220472282e+02 -1.8649198970358540e+02
2.7039900000000001e+00 3.1751701847047502e+02 -1.8654399508329959e+02
2.7049866666666667e+00 3.1770296659409809e+02 -1.8659605232089720e+02
2.7059833333333332e+00 3.1788896662730292e+02 -1.8664816146809696e+02
2.7069800000000002e+00 3.1807501862185194e+02 -1.8670032257658201e+02
2.7079766666666667e+00 3.1826112262955888e+02 -1.8675253569822419e+02
2.7089733333333332e+00 3.1844727870228945e+02 -1.8680480088488483e+02
2.7099700000000002e+00 3.1863348689196107e+02 -1.8685711818847514e+02
2.7109666666666667e+00 3.1881974725054272e+02 -1.8690948766100971e+02
2.7119633333333333e+00 3.1900605983005539e+02 -1.8696190935441987e+02
2.7129599999999998e+00 3.1919242468257187e+02 -1.8701438332083427e+02
2.7139566666666668e+00 3.1937884186021699e+02 -1.8706690961237916e+02
2.7149533333333333e+00 3.1956531141516729e+02 -1.8711948828121189e+02
2.7159499999999999e+00 3.1975183339965156e+02 -1.8717211937956407e+02
2.7169466666666668e+00 3.1993840786595069e+02 -1.8722480295974646e+02
2.7179433333333334e+00 3.2012503486639753e+02 -1.8727753907405875e+02
2.7189399999999999e+00 3.2031171445337725e+02 -1.8733032777490374e+02
2.7199366666666669e+00 3.2049844667932729e+02 -1.8738316911470633e+02
2.7209333333333334e+00 3.2068523159673714e+02 -1.8743606314593728e+02
2.7219300000000000e+00 3.2087206925814888e+02 -1.8748900992118362e+02
2.7229266666666665e+00 3.2105895971615695e+02 -1.8754200949303024e+02
2.7239233333333335e+00 3.2124590302340823e+02 -1.8759506191408852e+02
2.7249200000000000e+00 3.2143289923260187e+02 -1.8764816723708594e+02
2.7259166666666665e+00 3.2161994839648986e+02 -1.8770132551476726e+02
2.7269133333333335e+00 3.2180705056787673e+02 -1.8775453679992825e+02
2.7279100000000001e+00 3.2199420579961946e+02 -1.8780780114546752e+02
2.7289066666666666e+00 3.2218141414462804e+02 -1.8786111860427232e+02
2.7299033333333336e+00 3.2236867565586516e+02 -1.8791448922925264e+02
2.7309000000000001e+00 3.2255599038634602e+02 -1.8796791307347806e+02
2.7318966666666666e+00 3.2274335838913902e+02 -1.8802139019004875e+02
2.7328933333333332e+00 3.2293077971736534e+02 -1.8807492063200581e+02
2.7338900000000002e+00 3.2311825442419922e+02 -1.8812850445255975e+02
2.7348866666666667e+00 3.2330578256286771e+02 -1.8818214170495133e+02
2.7358833333333332e+00 3.2349336418665115e+02 -1.8823583244243829e+02
2.7368800000000002e+00 3.2368099934888301e+02 -1.8828957671838702e+02
2.7378766666666667e+00 3.2386868810294976e+02 -1.8834337458618103e+02
2.7388733333333333e+00 3.2405643050229128e+02 -1.8839722609920531e+02
2.7398699999999998e+00 3.2424422660040068e+02 -1.8845113131098574e+02
2.7408666666666668e+00 3.2443207645082447e+02 -1.8850509027510378e+02
2.7418633333333333e+00 3.2461998010716235e+02 -1.8855910304511380e+02
2.7428599999999999e+00 3.2480793762306769e+02 -1.8861316967464407e+02
2.7438566666666668e+00 3.2499594905224728e+02 -1.8866729021746050e+02
2.7448533333333334e+00 3.2518401444846143e+02 -1.8872146472734576e+02
2.7458499999999999e+00 3.2537213386552412e+02 -1.8877569325804183e+02
2.7468466666666669e+00 3.2556030735730303e+02 -1.8882997586340048e+02
2.7478433333333334e+00 3.2574853497771932e+02 -1.8888431259746102e+02
2.7488400000000000e+00 3.2593681678074825e+02 -1.8893870351412144e+02
2.7498366666666665e+00 3.2612515282041863e+02 -1.8899314866736398e+02
2.7508333333333335e+00 3.2631354315081342e+02 -1.8904764811134058e+02
2.7518300000000000e+00 3.2650198782606913e+02 -1.8910220190017608e+02
2.7528266666666665e+00 3.2669048690037658e+02 -1.8915681008806854e+02
2.7538233333333335e+00 3.2687904042798061e+02 -1.8921147272924065e+02
2.7548200000000000e+00 3.2706764846317986e+02 -1.8926618987798832e+02
2.7558166666666666e+00 3.2725631106032739e+02 -1.8932096158868060e+02
2.7568133333333336e+00 3.2744502827383047e+02 -1.8937578791573989e+02
2.7578100000000001e+00 3.2763380015815039e+02 -1.8943066891357614e+02
2.7588066666666666e+00 3.2782262676780294e+02 -1.8948560463674312e+02
2.7598033333333332e+00 3.2801150815735826e+02 -1.8954059513985035e+02
2.7608000000000001e+00 3.2820044438144095e+02 -1.8959564047744945e+02
2.7617966666666667e+00 3.2838943549472975e+02 -1.8965074070420678e+02
2.7627933333333332e+00 3.2857848155195830e+02 -1.8970589587491912e+02
2.7637900000000002e+00 3.2876758260791479e+02 -1.8976110604435115e+02
2.7647866666666667e+00 3.2895673871744174e+02 -1.8981637126734071e+02
2.7657833333333333e+00 3.2914594993543665e+02 -1.8987169159879835e+02
2.7667800000000002e+00 3.2933521631685176e+02 -1.8992706709366004e+02
2.7677766666666668e+00 3.2952453791669387e+02 -1.8998249780696315e+02
2.7687733333333333e+00 3.2971391479002489e+02 -1.9003798379374598e+02
2.7697699999999998e+00 3.2990334699196143e+02 -1.9009352510910287e+02
2.7707666666666668e+00 3.3009283457767526e+02 -1.9014912180821290e+02
2.7717633333333334e+00 3.3028237760239290e+02 -1.9020477394634150e+02
2.7727599999999999e+00 3.3047197612139621e+02 -1.9026048157876971e+02
2.7737566666666669e+00 3.3066163019002215e+02 -1.9031624476077604e+02
2.7747533333333334e+00 3.3085133986366259e+02 -1.9037206354779701e+02
2.7757499999999999e+00 3.3104110519776486e+02 -1.9042793799529849e+02
2.7767466666666665e+00 3.3123092624783158e+02 -1.9048386815874565e+02
2.7777433333333335e+00 3.3142080306942074e+02 -1.9053985409368838e+02
2.7787400000000000e+00 3.3161073571814552e+02 -1.9059589585573428e+02
2.7797366666666665e+00 3.3180072424967477e+02 -1.9065199350062045e+02
2.7807333333333335e+00 3.3199076871973284e+02 -1.9070814708399629e+02
2.7817300000000000e+00 3.3218086918409938e+02 -1.9076435666166918e+02
2.7827266666666666e+00 3.3237102569861003e+02 -1.9082062228954709e+02
2.7837233333333335e+00 3.3256123831915602e+02 -1.9087694402339366e+02
2.7847200000000001e+00 3.3275150710168407e+02 -1.9093332191918734e+02
2.7857166666666666e+00 3.3294183210219688e+02 -1.9098975603299252e+02
2.7867133333333332e+00 3.3313221337675299e+02 -1.9104624642081615e+02
2.7877100000000001e+00 3.3332265098146695e+02 -1.9110279313880721e+02
2.7887066666666667e+00 3.3351314497250894e+02 -1.9115939624314385e+02
2.7897033333333332e+00 3.3370369540610545e+02 -1.9121605578999026e+02
2.7907000000000002e+00 3.3389430233853898e+02 -1.9127277183565235e+02
2.7916966666666667e+00 3.3408496582614794e+02 -1.9132954443650763e+02
2.7926933333333332e+00 3.3427568592532714e+02 -1.9138637364892008e+02
2.7936900000000002e+00 3.3446646269252767e+02 -1.9144325952933804e+02
2.7946866666666668e+00 3.3465729618425667e+02 -1.9150020213428184e+02
2.7956833333333333e+00 3.3484818645707782e+02 -1.9155720152030042e+02
2.7966799999999998e+00 3.3503913356761120e+02 -1.9161425774402804e+02
2.7976766666666668e+00 3.3523013757253335e+02 -1.9167137086212733e+02
2.7986733333333333e+00 3.3542119852857707e+02 -1.9172854093131804e+02
2.7996699999999999e+00 3.3561231649253205e+02 -1.9178576800844863e+02
2.8006666666666669e+00 3.3580349152124455e+02 -1.9184305215033856e+02
2.8016633333333334e+00 3.3599472367161735e+02 -1.9190039341385022e+02
2.8026599999999999e+00 3.3618601300061010e+02 -1.9195779185597442e+02
2.8036566666666669e+00 3.3637735956523937e+02 -1.9201524753373045e+02
2.8046533333333334e+00 3.3656876342257823e+02 -1.9207276050420870e+02
2.8056500000000000e+00 3.3676022462975703e+02 -1.9213033082449988e+02
2.8066466666666665e+00 3.3695174324396288e+02 -1.9218795855178001e+02
2.8076433333333335e+00 3.3714331932244005e+02 -1.9224564374336776e+02
2.8086400000000000e+00 3.3733495292248966e+02 -1.9230338645652489e+02
2.8096366666666666e+00 3.3752664410147020e+02 -1.9236118674855564e+02
2.8106333333333335e+00 3.3771839291679731e+02 -1.9241904467693570e+02
2.8116300000000001e+00 3.3791019942594374e+02 -1.9247696029918336e+02
2.8126266666666666e+00 3.3810206368643975e+02 -1.9253493367275982e+02
2.8136233333333331e+00 3.3829398575587282e+02 -1.9259296485518317e+02
2.8146200000000001e+00 3.3848596569188800e+02 -1.9265105390420024e+02
2.8156166666666667e+00 3.3867800355218753e+02 -1.9270920087755744e+02
2.8166133333333332e+00 3.3887009939453156e+02 -1.9276740583292943e+02
2.8176100000000002e+00 3.3906225327673769e+02 -1.9282566882810593e+02
2.8186066666666667e+00 3.3925446525668099e+02 -1.9288398992106147e+02
2.8196033333333332e+00 3.3944673539229450e+02 -1.9294236916967031e+02
2.8206000000000002e+00 3.3963906374156903e+02 -1.9300080663189334e+02
2.8215966666666668e+00 3.3983145036255286e+02 -1.9305930236584769e+02
2.8225933333333333e+00 3.4002389531335257e+02 -1.9311785642962155e+02
2.8235899999999998e+00 3.4021639865213251e+02 -1.9317646888136059e+02
2.8245866666666668e+00 3.4040896043711513e+02 -1.9323513977926797e+02
2.8255833333333333e+00 3.4060158072658061e+02 -1.9329386918166057e+02
2.8265799999999999e+00 3.4079425957886764e+02 -1.9335265714686849e+02
2.8275766666666668e+00 3.4098699705237300e+02 -1.9341150373328065e+02
2.8285733333333334e+00 3.4117979320555139e+02 -1.9347040899938500e+02
2.8295699999999999e+00 3.4137264809691624e+02 -1.9352937300368271e+02
2.8305666666666669e+00 3.4156556178503911e+02 -1.9358839580467682e+02
2.8315633333333334e+00 3.4175853432854984e+02 -1.9364747746102640e+02
2.8325600000000000e+00 3.4195156578613694e+02 -1.9370661803147513e+02
2.8335566666666665e+00 3.4214465621654733e+02 -1.9376581757476762e+02
2.8345533333333335e+00 3.4233780567858673e+02 -1.9382507614964919e+02
2.8355500000000000e+00 3.4253101423111912e+02 -1.9388439381500686e+02
2.8365466666666665e+00 3.4272428193306740e+02 -1.9394377062979777e+02
2.8375433333333335e+00 3.4291760884341335e+02 -1.9400320665295317e+02
2.8385400000000001e+00 3.4311099502119725e+02 -1.9406270194355974e+02
2.8395366666666666e+00 3.4330444052551849e+02 -1.9412225656068864e+02
2.8405333333333336e+00 3.4349794541553541e+02 -1.9418187056347060e+02
2.8415300000000001e+00 3.4369150975046512e+02 -1.9424154401119213e+02
2.8425266666666666e+00 3.4388513358958397e+02 -1.9430127696311010e+02
2.8435233333333332e+00 3.4407881699222736e+02 -1.9436106947851061e+02
2.8445200000000002e+00 3.4427256001778994e+02 -1.9442092161682376e+02
2.8455166666666667e+00 3.4446636272572533e+02 -1.9448083343753555e+02
2.8465133333333332e+00 3.4466022517554671e+02 -1.9454080500011599e+02
2.8475100000000002e+00 3.4485414742682661e+02 -1.9460083636409553e+02
2.8485066666666667e+00 3.4504812953919662e+02 -1.9466092758915966e+02
2.8495033333333333e+00 3.4524217157234813e+02 -1.9472107873502142e+02
2.8504999999999998e+00 3.4543627358603197e+02 -1.9478128986139475e+02
2.8514966666666668e+00 3.4563043564005864e+02 -1.9484156102813768e+02
2.8524933333333333e+00 3.4582465779429799e+02 -1.9490189229507828e+02
2.8534899999999999e+00 3.4601894010867983e+02 -1.9496228372208557e+02
2.8544866666666668e+00 3.4621328264319374e+02 -1.9502273536926066e+02
2.8554833333333334e+00 3.4640768545788887e+02 -1.9508324729663124e+02
2.8564799999999999e+00 3.4660214861287454e+02 -1.9514381956426590e+02
2.8574766666666669e+00 3.4679667216831990e+02 -1.9520445223235123e+02
2.8584733333333334e+00 3.4699125618445396e+02 -1.9526514536111463e+02
2.8594700000000000e+00 3.4718590072156593e+02 -1.9532589901081067e+02
2.8604666666666665e+00 3.4738060584000516e+02 -1.9538671324186626e+02
2.8614633333333335e+00 3.4757537160018120e+02 -1.9544758811465297e+02
2.8624600000000000e+00 3.4777019806256362e+02 -1.9550852368959767e+02
2.8634566666666665e+00 3.4796508528768254e+02 -1.9556952002731049e+02
2.8644533333333335e+00 3.4816003333612838e+02 -1.9563057718832061e+02
2.8654500000000001e+00 3.4835504226855181e+02 -1.9569169523334023e+02
2.8664466666666666e+00 3.4855011214566417e+02 -1.9575287422300775e+02
2.8674433333333336e+00 3.4874524302823738e+02 -1.9581411421808062e+02
2.8684400000000001e+00 3.4894043497710362e+02 -1.9587541527947059e+02
2.8694366666666666e+00 3.4913568805315612e+02 -1.9593677746805932e+02
2.8704333333333332e+00 3.4933100231734863e+02 -1.9599820084475851e+02
2.8714300000000001e+00 3.4952637783069582e+02 -1.9605968547059581e+02
2.8724266666666667e+00 3.4972181465427298e+02 -1.9612123140668265e+02
2.8734233333333332e+00 3.4991731284921650e+02 -1.9618283871411347e+02
2.8744200000000002e+00 3.5011287247672368e+02 -1.9624450745407373e+02
2.8754166666666667e+00 3.5030849359805273e+02 -1.9630623768784591e+02
2.8764133333333333e+00 3.5050417627452310e+02 -1.9636802947678098e+02
2.8774100000000002e+00 3.5069992056751539e+02 -1.9642988288223560e+02
2.8784066666666668e+00 3.5089572653847119e+02 -1.9649179796563496e+02
2.8794033333333333e+00 3.5109159424889361e+02 -1.9655377478845918e+02
2.8803999999999998e+00 3.5128752376034697e+02 -1.9661581341233287e+02
2.8813966666666668e+00 3.5148351513445709e+02 -1.9667791389885437e+02
2.8823933333333334e+00 3.5167956843291103e+02 -1.9674007630970539e+02
2.8833899999999999e+00 3.5187568371745749e+02 -1.9680230070666431e+02
2.8843866666666669e+00 3.5207186104990689e+02 -1.9686458715148746e+02
2.8853833333333334e+00 3.5226810049213088e+02 -1.9692693570605607e+02
2.8863799999999999e+00 3.5246440210606318e+02 -1.9698934643233497e+02
2.8873766666666665e+00 3.5266076595369913e+02 -1.9705181939231954e+02
2.8883733333333335e+00 3.5285719209709600e+02 -1.9711435464806445e+02
2.8893700000000000e+00 3.5305368059837264e+02 -1.9717695226165077e+02
2.8903666666666665e+00 3.5325023151971016e+02 -1.9723961229528430e+02
2.8913633333333335e+00 3.5344684492335165e+02 -1.9730233481126342e+02
2.8923600000000000e+00 3.5364352087160205e+02 -1.9736511987184016e+02
2.8933566666666666e+00 3.5384025942682860e+02 -1.9742796753933442e+02
2.8943533333333336e+00 3.5403706065146076e+02 -1.9749087787621562e+02
2.8953500000000001e+00 3.5423392460798999e+02 -1.9755385094504965e+02
2.8963466666666666e+00 3.5443085135897036e+02 -1.9761688680828570e+02
2.8973433333333332e+00 3.5462784096701819e+02 -1.9767998552857509e+02
2.8983400000000001e+00 3.5482489349481233e+02 -1.9774314716860019e+02
2.8993366666666667e+00 3.5502200900509388e+02 -1.9780637179112634e+02
2.9003333333333332e+00 3.5521918756066680e+02 -1.9786965945895784e+02
2.9013300000000002e+00 3.5541642922439763e+02 -1.9793301023484977e+02
2.9023266666666667e+00 3.5561373405921529e+02 -1.9799642418185260e+02
2.9033233333333333e+00 3.5581110212811177e+02 -1.9805990136297018e+02
2.9043200000000002e+00 3.5600853349414189e+02 -1.9812344184118584e+02
2.9053166666666668e+00 3.5620602822042304e+02 -1.9818704567960705e+02
2.9063133333333333e+00 3.5640358637013583e+02 -1.9825071294148131e+02
2.9073099999999998e+00 3.5660120800652385e+02 -1.9831444369003023e+02
2.9083066666666668e+00 3.5679889319289373e+02 -1.9837823798853535e+02
2.9093033333333334e+00 3.5699664199261503e+02 -1.9844209590038935e+02
2.9102999999999999e+00 3.5719445446912073e+02 -1.9850601748902352e+02
2.9112966666666669e+00 3.5739233068590710e+02 -1.9857000281793478e+02
2.9122933333333334e+00 3.5759027070653343e+02 -1.9863405195065837e+02
2.9132899999999999e+00 3.5778827459462264e+02 -1.9869816495082509e+02
2.9142866666666669e+00 3.5798634241386111e+02 -1.9876234188213155e+02
2.9152833333333334e+00 3.5818447422799852e+02 -1.9882658280834119e+02
2.9162800000000000e+00 3.5838267010084826e+02 -1.9889088779324305e+02
2.9172766666666665e+00 3.5858093009628743e+02 -1.9895525690077167e+02
2.9182733333333335e+00 3.5877925427825681e+02 -1.9901969019480762e+02
2.9192700000000000e+00 3.5897764271076062e+02 -1.9908418773931402e+02
2.9202666666666666e+00 3.5917609545786723e+02 -1.9914874959840606e+02
2.9212633333333335e+00 3.5937461258370888e+02 -1.9921337583626550e+02
2.9222600000000001e+00 3.5957319415248162e+02 -1.9927806651705501e+02
2.9232566666666666e+00 3.5977184022844557e+02 -1.9934282170499117e+02
2.9242533333333331e+00 3.5997055087592497e+02 -1.9940764146446472e+02
2.9252500000000001e+00 3.6016932615930830e+02 -1.9947252585981281e+02
2.9262466666666667e+00 3.6036816614304792e+02 -1.9953747495551178e+02
2.9272433333333332e+00 3.6056707089166076e+02 -1.9960248881610434e+02
2.9282400000000002e+00 3.6076604046972807e+02 -1.9966756750608624e+02
2.9292366666666667e+00 3.6096507494189518e+02 -1.9973271109016187e+02
2.9302333333333332e+00 3.6116417437287225e+02 -1.9979791963307346e+02
2.9312300000000002e+00 3.6136333882743389e+02 -1.9986319319954501e+02
2.9322266666666668e+00 3.6156256837041911e+02 -1.9992853185445205e+02
2.9332233333333333e+00 3.6176186306673179e+02 -1.9999393566263831e+02
2.9342199999999998e+00 3.6196122298134037e+02 -2.0005940468912189e+02
2.9352166666666668e+00 3.6216064817927833e+02 -2.0012493899895307e+02
2.9362133333333333e+00 3.6236013872564359e+02 -2.0019053865717862e+02
2.9372099999999999e+00 3.6255969468559931e+02 -2.0025620372896816e+02
2.9382066666666669e+00 3.6275931612437364e+02 -2.0032193427955923e+02
2.9392033333333334e+00 3.6295900310725943e+02 -2.0038773037428368e+02
2.9401999999999999e+00 3.6315875569961503e+02 -2.0045359207845368e+02
2.9411966666666669e+00 3.6335857396686384e+02 -2.0051951945750648e+02
2.9421933333333334e+00 3.6355845797449433e+02 -2.0058551257694506e+02
2.9431900000000000e+00 3.6375840778806048e+02 -2.0065157150229712e+02
2.9441866666666665e+00 3.6395842347318154e+02 -2.0071769629917975e+02
2.9451833333333335e+00 3.6415850509554230e+02 -2.0078388703332786e+02
2.9461800000000000e+00 3.6435865272089279e+02 -2.0085014377041568e+02
2.9471766666666666e+00 3.6455886641504890e+02 -2.0091646657629667e+02
2.9481733333333335e+00 3.6475914624389208e+02 -2.0098285551692183e+02
2.9491700000000001e+00 3.6495949227336928e+02 -2.0104931065810777e+02
2.9501666666666666e+00 3.6515990456949339e+02 -2.0111583206593608e+02
2.9511633333333336e+00 3.6536038319834324e+02 -2.0118241980650043e+02
2.9521600000000001e+00 3.6556092822606314e+02 -2.0124907394590261e+02
2.9531566666666667e+00 3.6576153971886379e+02 -2.0131579455038303e+02
2.9541533333333332e+00 3.6596221774302165e+02 -2.0138258168624307e+02
2.9551500000000002e+00 3.6616296236487955e+02 -2.0144943541978841e+02
2.9561466666666667e+00 3.6636377365084604e+02 -2.0151635581737750e+02
2.9571433333333332e+00 3.6656465166739622e+02 -2.0158334294554786e+02
2.9581400000000002e+00 3.6676559648107144e+02 -2.0165039687084979e+02
2.9591366666666667e+00 3.6696660815847923e+02 -2.0171751765986983e+02
2.9601333333333333e+00 3.6716768676629374e+02 -2.0178470537930437e+02
2.9611299999999998e+00 3.6736883237125551e+02 -2.0185196009588270e+02
2.9621266666666668e+00 3.6757004504017175e+02 -2.0191928187639536e+02
2.9631233333333333e+00 3.6777132483991602e+02 -2.0198667078771419e+02
2.9641199999999999e+00 3.6797267183742878e+02 -2.0205412689677559e+02
2.9651166666666668e+00 3.6817408609971727e+02 -2.0212165027061491e+02
2.9661133333333334e+00 3.6837556769385532e+02 -2.0218924097630358e+02
2.9671099999999999e+00 3.6857711668698386e+02 -2.0225689908097755e+02
2.9681066666666669e+00 3.6877873314631080e+02 -2.0232462465184327e+02
2.9691033333333334e+00 3.6898041713911073e+02 -2.0239241775614337e+02
2.9701000000000000e+00 3.6918216873272570e+02 -2.0246027846125830e+02
2.9710966666666665e+00 3.6938398799456479e+02 -2.0252820683463020e+02
2.9720933333333335e+00 3.6958587499210438e+02 -2.0259620294364879e+02
2.9730900000000000e+00 3.6978782979288781e+02 -2.0266426685589883e+02
2.9740866666666665e+00 3.6998985246452605e+02 -2.0273239863900068e+02
2.9750833333333335e+00 3.7019194307469758e+02 -2.0280059836058899e+02
2.9760800000000001e+00 3.7039410169114802e+02 -2.0286886608847666e+02
2.9770766666666666e+00 3.7059632838169085e+02 -2.0293720189048346e+02
2.9780733333333336e+00 3.7079862321420717e+02 -2.0300560583441538e+02
2.9790700000000001e+00 3.7100098625664543e+02 -2.0307407798822774e+02
2.9800666666666666e+00 3.7120341757702221e+02 -2.0314261842001369e+02
2.9810633333333332e+00 3.7140591724342175e+02 -2.0321122719781422e+02
2.9820600000000002e+00 3.7160848532399632e+02 -2.0327990438976082e+02
2.9830566666666667e+00 3.7181112188696579e+02 -2.0334865006412258e+02
2.9840533333333332e+00 3.7201382700061845e+02 -2.0341746428911839e+02
2.9850500000000002e+00 3.7221660073331060e+02 -2.0348634713315317e+02
2.9860466666666667e+00 3.7241944315346649e+02 -2.0355529866463874e+02
2.9870433333333333e+00 3.7262235432957880e+02 -2.0362431895205026e+02
2.9880400000000003e+00 3.7282533433020853e+02 -2.0369340806402118e+02
2.9890366666666668e+00 3.7302838322398486e+02 -2.0376256606913421e+02
2.9900333333333333e+00 3.7323150107960561e+02 -2.0383179303605255e+02
2.9910299999999999e+00 3.7343468796583693e+02 -2.0390108903350148e+02
2.9920266666666668e+00 3.7363794395151371e+02 -2.0397045413043986e+02
2.9930233333333334e+00 3.7384126910553925e+02 -2.0403988839576425e+02
2.9940199999999999e+00 3.7404466349688579e+02 -2.0410939189834878e+02
2.9950166666666669e+00 3.7424812719459430e+02 -2.0417896470728337e+02
2.9960133333333334e+00 3.7445166026777446e+02 -2.0424860689169259e+02
2.9970100000000000e+00 3.7465526278560498e+02 -2.0431831852075277e+02
2.9980066666666665e+00 3.7485893481733353e+02 -2.0438809966367404e+02
2.9990033333333335e+00 3.7506267643227693e+02 -2.0445795038981453e+02
3.0000000000000000e+00 3.7526648768543799e+02 -2.0452784190668035e+02
