# q  U_kJmol  dU_dq   # conservative spline pchip_hermite_v1
0 36.951632843493627 -505.65965456865376
0.0015707963267948967 36.163513018239492 -497.77469446714423
0.0031415926535897933 35.387730198486722 -489.92021624479554
0.0047123889803846897 34.624284384235303 -482.06572184233841
0.0062831853071795866 33.873175575485256 -474.21121045589388
0.0078539816339744835 33.134403772236567 -466.35668122744011
0.0094247779607693795 32.407968974489236 -458.50213324015488
0.010995574287564277 31.693871182243271 -450.64756551331425
0.012566370614359173 30.992110395498671 -442.79297699662271
0.014137166941154069 30.302686614255428 -434.93836656391971
0.015707963267948967 29.625599838513548 -427.08373300621571
0.017278759594743863 28.960850068273022 -419.22907502392331
0.018849555921538759 28.308437303533871 -411.37439121823076
0.020420352248333655 27.668361544296069 -403.51968008142256
0.021991148575128554 27.040622790559638 -395.66493998608263
0.02356194490192345 26.425221042324562 -387.81016917297939
0.025132741228718346 25.822156299590851 -379.95536573742902
0.026703537555513242 25.231428562358502 -372.10052761396344
0.028274333882308138 24.653037830627518 -364.24565255898852
0.029845130209103038 24.086984104397892 -356.39073813116028
0.031415926535897934 23.533267383669628 -348.53578166910467
0.03298672286269283 22.991887668442725 -340.68078026606435
0.034557519189487726 22.462844958717184 -332.82573074094626
0.036128315516282622 21.946139254493005 -324.97062960517508
0.037699111843077518 21.441770555770191 -317.1154730246264
0.039269908169872414 20.949738862548735 -309.26025677574984
0.04084070449666731 20.47004417482864 -301.40497619483943
0.042411500823462213 20.002686492609907 -293.54962611917051
0.043982297150257109 19.547665815892536 -285.69420081841042
0.045553093477052005 19.10498214467653 -277.83869391441533
0.047123889803846901 18.674635478961882 -269.98309828702025
0.048694686130641797 18.256625818748596 -262.12740596289717
0.050265482457436693 17.850953164036675 -254.27160798383457
0.051836278784231589 17.457617514826111 -246.41569424980889
0.053407075111026485 17.076618871116914 -238.55965333108634
0.054977871437821381 16.707957232909074 -230.70347224194492
0.056548667764616277 16.351632600202599 -222.84713616656663
0.058119464091411173 16.007644972997483 -214.99062812486451
0.059690260418206076 15.675994351293728 -207.1339285623113
0.061261056745000972 15.356680735091336 -199.27701484281729
0.062831853071795868 15.049704124390306 -191.41986061680629
0.064402649398590764 14.755064519190638 -183.56243502714688
0.06597344572538566 14.472761919492331 -175.70470170221896
0.067544242052180556 14.202796325295386 -167.84661746643243
0.069115038378975452 13.945167736599803 -159.98813067116208
0.070685834705770348 13.699876153405583 -152.12917900901647
0.072256631032565244 13.466921575712723 -144.26968661468649
0.07382742735936014 13.246304003521225 -136.40956016509054
0.075398223686155036 13.038023436831088 -128.54868355122716
0.076969020012949932 12.842079875642314 -120.68691047177498
0.078539816339744828 12.658473319954901 -112.82405393695183
0.080110612666539724 12.48720376976885 -104.95987106650234
0.08168140899333462 12.32827122508416 -97.094040521523056
0.083252205320129516 12.181675685900831 -89.226128040129879
0.084823001646924426 12.047417152218864 -81.355532056515656
0.086393797973719322 11.925495624038261 -73.481394544339565
0.087964594300514218 11.815911101359017 -65.602448044533361
0.089535390627309114 11.718663584181137 -57.716738369059108
0.09110618695410401 11.633753072504618 -49.821086630184539
0.092676983280898906 11.561179566329461 -41.909951590748726
0.094247779607693802 11.500943065655665 -33.972734510006319
0.095818575934488698 11.453043570483231 -25.986303350945004
0.097389372261283594 11.417481080812159 -17.8886909136124
0.09896016858807849 11.394255596642449 -9.846186730808304
0.10053096491487339 11.382662308622033 -6.4065376772917642
0.10210176124166828 11.373772144014664 -5.6596545686533863
0.10367255756846318 11.364881979407295 -5.6596545686533863
0.10524335389525807 11.355991814799927 -5.6596545686533863
0.10681415022205297 11.347101650192558 -5.6596545686533863
0.10838494654884787 11.338211485585189 -5.6596545686533863
0.10995574287564276 11.329321320977821 -5.6596545686533863
0.11152653920243766 11.320431156370452 -5.6596545686533863
0.11309733552923255 11.311540991763083 -5.6596545686533863
0.11466813185602745 11.302650827155714 -5.6596545686533863
0.11623892818282235 11.293760662548346 -5.6596545686533606
0.11780972450961726 11.284870497940977 -5.6596545686533606
0.11938052083641215 11.275980333333608 -5.6596545686533863
0.12095131716320705 11.26709016872624 -5.6596545686533863
0.12252211349000194 11.258200004118871 -5.6596545686533863
0.12409290981679684 11.249309839511502 -5.6596545686533863
0.12566370614359174 11.240419674904134 -5.6596545686534103
0.12723450247038662 11.231529510296765 -5.6596545686533855
0.12880529879718153 11.222639345689396 -5.6596545686528188
0.13037609512397641 11.213749181082029 -5.6596545686528188
0.13194689145077132 11.204859016474661 -5.6596545686533855
0.1335176877775662 11.195968851867292 -5.6596545686533855
0.13508848410436111 11.187078687259923 -5.6596545686533348
0.13665928043115602 11.178188522652555 -5.6596545686533855
0.1382300767579509 11.169298358045186 -5.6596545686533855
0.13980087308474581 11.160408193437817 -5.6596545686533855
0.1413716694115407 11.151518028830449 -5.6596545686533855
0.14294246573833561 11.14262786422308 -5.6596545686533855
0.14451326206513049 11.133737699615711 -5.6596545686533855
0.1460840583919254 11.124847535008342 -5.6596545686533855
0.14765485471872028 11.115957370400974 -5.6596545686533855
0.14922565104551519 11.107067205793605 -5.6596545686533855
0.15079644737231007 11.098177041186236 -5.6596545686533855
0.15236724369910498 11.089286876578868 -5.6596545686533855
0.15393804002589986 11.080396711971499 -5.6596545686533855
0.15550883635269477 11.07150654736413 -5.6596545686533855
0.15707963267948966 11.062616382756762 -5.6596545686533855
0.15865042900628457 11.053726218149393 -5.6596545686533855
0.16022122533307945 11.044836053542024 -5.6596545686533855
0.16179202165987436 11.035945888934656 -5.6596545686533855
0.16336281798666924 11.027055724327287 -5.6596545686533855
0.16493361431346415 11.018165559719918 -5.6596545686533855
0.16650441064025903 11.009275395112549 -5.6596545686533855
0.16807520696705394 11.000385230505181 -5.6596545686533348
0.16964600329384885 10.991495065897812 -5.6596545686528188
0.17121679962064373 10.982604901290445 -5.6596545686528188
0.17278759594743864 10.973714736683077 -5.6596545686533855
0.17435839227423353 10.964824572075708 -5.6596545686533855
0.17592918860102844 10.955934407468339 -5.6596545686533855
0.17749998492782332 10.94704424286097 -5.6596545686533855
0.17907078125461823 10.938154078253602 -5.6596545686533855
0.18064157758141311 10.929263913646233 -5.6596545686533855
0.18221237390820802 10.920373749038864 -5.6596545686533855
0.1837831702350029 10.911483584431496 -5.6596545686533855
0.18535396656179781 10.902593419824127 -5.6596545686533855
0.18692476288859269 10.893703255216758 -5.6596545686533855
0.1884955592153876 10.88481309060939 -5.6596545686533855
0.19006635554218249 10.875922926002021 -5.6596545686533855
0.1916371518689774 10.867032761394652 -5.6596545686533855
0.19320794819577228 10.858142596787284 -5.6596545686533855
0.19477874452256719 10.849252432179915 -5.6596545686533855
0.19634954084936207 10.840362267572546 -5.6596545686533855
0.19792033717615698 10.831472102965177 -5.6596545686533855
0.19949113350295186 10.822581938357809 -5.6596545686533855
0.20106192982974677 10.81369177375044 -5.6596545686533348
0.20263272615654168 10.804801609143071 -5.6596545686533855
0.20420352248333656 10.795911444535703 -5.6596545686533855
0.20577431881013147 10.787021279928334 -5.6596545686533855
0.20734511513692636 10.778131115320965 -5.6596545686533855
0.20891591146372127 10.769240950713597 -5.6596545686533855
0.21048670779051615 10.760350786106228 -5.6596545686533855
0.21205750411731106 10.751460621498859 -5.6596545686533855
0.21362830044410594 10.742570456891491 -5.6596545686533855
0.21519909677090085 10.733680292284122 -5.6596545686533855
0.21676989309769573 10.724790127676753 -5.6596545686533855
0.21834068942449064 10.715899963069385 -5.6596545686533855
0.21991148575128552 10.707009798462016 -5.6596545686533855
0.22148228207808043 10.698119633854647 -5.6596545686533855
0.22305307840487532 10.689229469247278 -5.6596545686533855
0.22462387473167023 10.68033930463991 -5.6596545686533855
0.22619467105846511 10.671449140032541 -5.6596545686533855
0.22776546738526002 10.662558975425172 -5.6596545686533855
0.2293362637120549 10.653668810817804 -5.6596545686533855
0.23090706003884981 10.644778646210435 -5.6596545686533855
0.23247785636564469 10.635888481603066 -5.6596545686533855
0.2340486526924396 10.626998316995698 -5.6596545686533348
0.23561944901923451 10.618108152388329 -5.6596545686533855
0.23719024534602939 10.60921798778096 -5.6596545686533855
0.2387610416728243 10.600327823173592 -5.6596545686533855
0.24033183799961919 10.591437658566223 -5.6596545686533855
0.2419026343264141 10.582547493958854 -5.6596545686528188
0.24347343065320898 10.573657329351487 -5.6596545686528188
0.24504422698000389 10.564767164744119 -5.6596545686533855
0.24661502330679877 10.55587700013675 -5.6596545686533855
0.24818581963359368 10.546986835529381 -5.6596545686533855
0.24975661596038856 10.538096670922013 -5.6596545686533855
0.25132741228718347 10.529206506314644 -5.6596545686533348
0.25289820861397838 10.520316341707275 -5.6596545686534352
0.25446900494077324 10.511426177099906 -5.6596545686534352
0.25603980126756815 10.502536012492538 -5.6596545686533348
0.25761059759436306 10.493645847885169 -5.6596545686533348
0.25918139392115797 10.4847556832778 -5.6596545686534352
0.26075219024795282 10.475865518670432 -5.6596545686534352
0.26232298657474773 10.466975354063063 -5.6596545686533348
0.26389378290154264 10.458085189455694 -5.6596545686533348
0.26546457922833755 10.449195024848326 -5.6596545686534352
0.2670353755551324 10.440304860240957 -5.6596545686534352
0.26860617188192731 10.431414695633588 -5.6596545686533348
0.27017696820872222 10.42252453102622 -5.6596545686533348
0.27174776453551713 10.413634366418851 -5.6596545686533348
0.27331856086231204 10.404744201811482 -5.6596545686534352
0.2748893571891069 10.395854037204113 -5.6596545686534352
0.27646015351590181 10.386963872596745 -5.6596545686533348
0.27803094984269672 10.378073707989376 -5.6596545686533348
0.27960174616949163 10.369183543382007 -5.6596545686528694
0.28117254249628648 10.360293378774641 -5.6596545686528694
0.28274333882308139 10.351403214167272 -5.6596545686533348
0.2843141351498763 10.342513049559903 -5.6596545686533348
0.28588493147667121 10.333622884952534 -5.6596545686528694
0.28745572780346607 10.324732720345168 -5.6596545686528694
0.28902652413026098 10.315842555737799 -5.6596545686533348
0.29059732045705589 10.30695239113043 -5.6596545686533348
0.2921681167838508 10.298062226523061 -5.6596545686534352
0.29373891311064565 10.289172061915693 -5.6596545686534352
0.29530970943744056 10.280281897308324 -5.6596545686533348
0.29688050576423547 10.271391732700955 -5.6596545686533348
0.29845130209103038 10.262501568093587 -5.6596545686534352
0.30002209841782523 10.253611403486218 -5.6596545686534352
0.30159289474462014 10.244721238878849 -5.6596545686533348
0.30316369107141505 10.235831074271481 -5.6596545686533348
0.30473448739820996 10.226940909664112 -5.6596545686533348
0.30630528372500487 10.218050745056743 -5.6596545686534352
0.30787608005179973 10.209160580449375 -5.6596545686534352
0.30944687637859464 10.200270415842006 -5.6596545686533348
0.31101767270538955 10.191380251234637 -5.6596545686533348
0.31258846903218446 10.182490086627269 -5.6596545686534352
0.31415926535897931 10.1735999220199 -5.6596545686534352
0.31573006168577422 10.164709757412531 -5.6596545686533348
0.31730085801256913 10.155819592805162 -5.6596545686533348
0.31887165433936404 10.146929428197794 -5.6596545686534352
0.3204424506661589 10.138039263590425 -5.6596545686534352
0.32201324699295381 10.129149098983056 -5.6596545686533348
0.32358404331974872 10.120258934375688 -5.6596545686533348
0.32515483964654363 10.111368769768319 -5.6596545686534352
0.32672563597333848 10.10247860516095 -5.6596545686534352
0.32829643230013339 10.093588440553582 -5.6596545686533348
0.3298672286269283 10.084698275946213 -5.6596545686533348
0.33143802495372321 10.075808111338844 -5.6596545686534352
0.33300882128051806 10.066917946731476 -5.6596545686534352
0.33457961760731297 10.058027782124107 -5.6596545686533348
0.33615041393410788 10.049137617516738 -5.6596545686533348
0.33772121026090279 10.040247452909369 -5.6596545686533348
0.3392920065876977 10.031357288302001 -5.6596545686534352
0.34086280291449256 10.022467123694632 -5.6596545686534352
0.34243359924128747 10.013576959087263 -5.6596545686533348
0.34400439556808238 10.004686794479895 -5.6596545686533348
0.34557519189487729 9.995796629872526 -5.6596545686534352
0.34714598822167214 9.9869064652651574 -5.6596545686534352
0.34871678454846705 9.9780163006577887 -5.6596545686533348
0.35028758087526196 9.96912613605042 -5.6596545686533348
0.35185837720205687 9.9602359714430513 -5.6596545686534352
0.35342917352885173 9.9513458068356826 -5.6596545686534352
0.35499996985564664 9.9424556422283139 -5.6596545686533348
0.35657076618244155 9.9335654776209452 -5.6596545686533348
0.35814156250923646 9.9246753130135765 -5.6596545686534352
0.35971235883603131 9.9157851484062078 -5.6596545686534352
0.36128315516282622 9.9068949837988391 -5.6596545686533348
0.36285395148962113 9.8980048191914705 -5.6596545686533348
0.36442474781641604 9.8891146545841018 -5.6596545686534352
0.36599554414321089 9.8802244899767331 -5.6596545686534352
0.3675663404700058 9.8713343253693644 -5.6596545686533348
0.36913713679680071 9.8624441607619957 -5.6596545686533348
0.37070793312359562 9.853553996154627 -5.6596545686533348
0.37227872945039053 9.8446638315472583 -5.6596545686534352
0.37384952577718539 9.8357736669398896 -5.6596545686534352
0.3754203221039803 9.8268835023325209 -5.6596545686533348
0.37699111843077521 9.8179933377251523 -5.6596545686533348
0.37856191475757012 9.8091031731177836 -5.6596545686534352
0.38013271108436497 9.8002130085104149 -5.6596545686534352
0.38170350741115988 9.7913228439030462 -5.6596545686533348
0.38327430373795479 9.7824326792956775 -5.6596545686533348
0.3848451000647497 9.7735425146883088 -5.6596545686534352
0.38641589639154456 9.7646523500809401 -5.6596545686534352
0.38798669271833947 9.7557621854735714 -5.6596545686533348
0.38955748904513438 9.7468720208662027 -5.6596545686533348
0.39112828537192929 9.7379818562588341 -5.6596545686528694
0.39269908169872414 9.7290916916514671 -5.6596545686528694
0.39426987802551905 9.7202015270440985 -5.6596545686533348
0.39584067435231396 9.7113113624367298 -5.6596545686533348
0.39741147067910887 9.7024211978293611 -5.6596545686534352
0.39898226700590372 9.6935310332219924 -5.6596545686534352
0.40055306333269863 9.6846408686146237 -5.6596545686533348
0.40212385965949354 9.675750704007255 -5.6596545686533348
0.40369465598628845 9.6668605393998863 -5.6596545686533348
0.40526545231308336 9.6579703747925176 -5.6596545686534352
0.40683624863987822 9.6490802101851489 -5.6596545686534352
0.40840704496667313 9.6401900455777803 -5.6596545686533348
0.40997784129346804 9.6312998809704116 -5.6596545686533348
0.41154863762026295 9.6224097163630429 -5.6596545686534352
0.4131194339470578 9.6135195517556742 -5.6596545686534352
0.41469023027385271 9.6046293871483055 -5.6596545686533348
0.41626102660064762 9.5957392225409368 -5.6596545686533348
0.41783182292744253 9.5868490579335681 -5.6596545686534352
0.41940261925423739 9.5779588933261994 -5.6596545686534352
0.4209734155810323 9.5690687287188307 -5.6596545686533348
0.42254421190782721 9.5601785641114621 -5.6596545686533348
0.42411500823462212 9.5512883995040934 -5.6596545686534352
0.42568580456141697 9.5423982348967247 -5.6596545686534352
0.42725660088821188 9.533508070289356 -5.6596545686533348
0.42882739721500679 9.5246179056819873 -5.6596545686533348
0.4303981935418017 9.5157277410746186 -5.6596545686534352
0.43196898986859655 9.5068375764672499 -5.6596545686534352
0.43353978619539146 9.4979474118598812 -5.6596545686533348
0.43511058252218637 9.4890572472525125 -5.6596545686533348
0.43668137884898128 9.4801670826451439 -5.6596545686533348
0.43825217517577619 9.4712769180377752 -5.6596545686534352
0.43982297150257105 9.4623867534304065 -5.6596545686534352
0.44139376782936596 9.4534965888230378 -5.6596545686533348
0.44296456415616087 9.4446064242156691 -5.6596545686533348
0.44453536048295578 9.4357162596083004 -5.6596545686534352
0.44610615680975063 9.4268260950009317 -5.6596545686534352
0.44767695313654554 9.417935930393563 -5.6596545686533348
0.44924774946334045 9.4090457657861943 -5.6596545686533348
0.45081854579013536 9.4001556011788256 -5.6596545686534352
0.45238934211693022 9.391265436571457 -5.6596545686534352
0.45396013844372513 9.3823752719640883 -5.6596545686533348
0.45553093477052004 9.3734851073567196 -5.6596545686533348
0.45710173109731495 9.3645949427493509 -5.6596545686534352
0.4586725274241098 9.3557047781419822 -5.6596545686534352
0.46024332375090471 9.3468146135346135 -5.6596545686533348
0.46181412007769962 9.3379244489272448 -5.6596545686533348
0.46338491640449453 9.3290342843198761 -5.6596545686534352
0.46495571273128938 9.3201441197125074 -5.6596545686534352
0.46652650905808429 9.3112539551051388 -5.6596545686533348
0.4680973053848792 9.3023637904977701 -5.6596545686533348
0.46966810171167411 9.2934736258904014 -5.6596545686533348
0.47123889803846902 9.2845834612830327 -5.6596545686534352
0.47280969436526388 9.275693296675664 -5.6596545686534352
0.47438049069205879 9.2668031320682953 -5.6596545686533348
0.4759512870188537 9.2579129674609266 -5.6596545686533348
0.47752208334564861 9.2490228028535579 -5.6596545686534352
0.47909287967244346 9.2401326382461892 -5.6596545686534352
0.48066367599923837 9.2312424736388206 -5.6596545686533348
0.48223447232603328 9.2223523090314519 -5.6596545686533348
0.48380526865282819 9.2134621444240832 -5.6596545686534352
0.48537606497962305 9.2045719798167145 -5.6596545686534352
0.48694686130641796 9.1956818152093458 -5.6596545686533348
0.48851765763321287 9.1867916506019771 -5.6596545686533348
0.49008845396000777 9.1779014859946084 -5.6596545686534352
0.49165925028680263 9.1690113213872397 -5.6596545686534352
0.49323004661359754 9.160121156779871 -5.6596545686533348
0.49480084294039245 9.1512309921725024 -5.6596545686533348
0.49637163926718736 9.1423408275651337 -5.6596545686534352
0.49794243559398221 9.133450662957765 -5.6596545686534352
0.49951323192077712 9.1245604983503963 -5.6596545686533348
0.50108402824757203 9.1156703337430276 -5.6596545686533348
0.50265482457436694 9.1067801691356589 -5.6596545686533348
0.50422562090116185 9.0978900045282902 -5.6596545686533348
0.50579641722795676 9.0889998399209215 -5.6596545686533348
0.50736721355475167 9.0801096753135528 -5.6596545686529698
0.50893800988154647 9.0712195107061859 -5.6596545686529698
0.51050880620834138 9.0623293460988172 -5.6596545686533348
0.51207960253513629 9.0534391814914486 -5.6596545686533348
0.5136503988619312 9.0445490168840799 -5.6596545686533348
0.51522119518872611 9.0356588522767112 -5.6596545686533348
0.51679199151552102 9.0267686876693425 -5.6596545686533348
0.51836278784231593 9.0178785230619738 -5.6596545686533348
0.51993358416911084 9.0089883584546051 -5.6596545686529698
0.52150438049590564 9.0000981938472382 -5.6596545686529698
0.52307517682270055 8.9912080292398695 -5.6596545686533348
0.52464597314949546 8.9823178646325008 -5.6596545686533348
0.52621676947629037 8.9734277000251321 -5.6596545686533348
0.52778756580308528 8.9645375354177634 -5.6596545686533348
0.52935836212988019 8.9556473708103947 -5.6596545686533348
0.5309291584566751 8.9467572062030261 -5.6596545686533348
0.53249995478347001 8.9378670415956574 -5.6596545686535347
0.53407075111026481 8.9289768769882887 -5.6596545686535347
0.53564154743705972 8.92008671238092 -5.6596545686533348
0.53721234376385463 8.9111965477735513 -5.6596545686533348
0.53878314009064954 8.9023063831661826 -5.6596545686533348
0.54035393641744445 8.8934162185588139 -5.6596545686533348
0.54192473274423936 8.8845260539514452 -5.6596545686533348
0.54349552907103427 8.8756358893440765 -5.6596545686533348
0.54506632539782918 8.8667457247367079 -5.6596545686533348
0.54663712172462409 8.8578555601293392 -5.6596545686535347
0.54820791805141889 8.8489653955219705 -5.6596545686535347
0.5497787143782138 8.8400752309146018 -5.6596545686533348
0.55134951070500871 8.8311850663072331 -5.6596545686533348
0.55292030703180362 8.8222949016998644 -5.6596545686533348
0.55449110335859852 8.8134047370924957 -5.6596545686533348
0.55606189968539343 8.804514572485127 -5.6596545686533348
0.55763269601218834 8.7956244078777583 -5.6596545686533348
0.55920349233898325 8.7867342432703897 -5.6596545686529698
0.56077428866577805 8.7778440786630227 -5.6596545686529698
0.56234508499257296 8.7689539140556541 -5.6596545686533348
0.56391588131936787 8.7600637494482854 -5.6596545686533348
0.56548667764616278 8.7511735848409167 -5.6596545686533348
0.56705747397295769 8.742283420233548 -5.6596545686533348
0.5686282702997526 8.7333932556261793 -5.6596545686533348
0.57019906662654751 8.7245030910188106 -5.6596545686533348
0.57176986295334242 8.7156129264114419 -5.6596545686533348
0.57334065928013733 8.7067227618040732 -5.6596545686535347
0.57491145560693213 8.6978325971967045 -5.6596545686535347
0.57648225193372704 8.6889424325893359 -5.6596545686533348
0.57805304826052195 8.6800522679819672 -5.6596545686533348
0.57962384458731686 8.6711621033745985 -5.6596545686533348
0.58119464091411177 8.6622719387672298 -5.6596545686533348
0.58276543724090668 8.6533817741598611 -5.6596545686533348
0.58433623356770159 8.6444916095524924 -5.6596545686533348
0.5859070298944965 8.6356014449451237 -5.6596545686535347
0.5874778262212913 8.626711280337755 -5.6596545686535347
0.58904862254808621 8.6178211157303863 -5.6596545686533348
0.59061941887488112 8.6089309511230176 -5.6596545686533348
0.59219021520167603 8.600040786515649 -5.6596545686533348
0.59376101152847094 8.5911506219082803 -5.6596545686533348
0.59533180785526585 8.5822604573009116 -5.6596545686533348
0.59690260418206076 8.5733702926935429 -5.6596545686533348
0.59847340050885567 8.5644801280861742 -5.6596545686535347
0.60004419683565047 8.5555899634788055 -5.6596545686535347
0.60161499316244538 8.5466997988714368 -5.6596545686533348
0.60318578948924029 8.5378096342640681 -5.6596545686533348
0.6047565858160352 8.5289194696566994 -5.6596545686533348
0.60632738214283011 8.5200293050493308 -5.6596545686533348
0.60789817846962502 8.5111391404419621 -5.6596545686533348
0.60946897479641993 8.5022489758345934 -5.6596545686533348
0.61103977112321484 8.4933588112272247 -5.6596545686533348
0.61261056745000975 8.484468646619856 -5.6596545686535347
0.61418136377680455 8.4755784820124873 -5.6596545686535347
0.61575216010359946 8.4666883174051186 -5.6596545686533348
0.61732295643039437 8.4577981527977499 -5.6596545686533348
0.61889375275718927 8.4489079881903812 -5.6596545686533348
0.62046454908398418 8.4400178235830126 -5.6596545686533348
0.62203534541077909 8.4311276589756439 -5.6596545686533348
0.623606141737574 8.4222374943682752 -5.6596545686533348
0.62517693806436891 8.4133473297609065 -5.6596545686535347
0.62674773439116371 8.4044571651535378 -5.6596545686535347
0.62831853071795862 8.3955670005461691 -5.6596545686533348
0.62988932704475353 8.3866768359388004 -5.6596545686533348
0.63146012337154844 8.3777866713314317 -5.6596545686533348
0.63303091969834335 8.368896506724063 -5.6596545686533348
0.63460171602513826 8.3600063421166944 -5.6596545686533348
0.63617251235193317 8.3511161775093257 -5.6596545686533348
0.63774330867872808 8.342226012901957 -5.6596545686533348
0.63931410500552299 8.3333358482945883 -5.6596545686535347
0.64088490133231779 8.3244456836872196 -5.6596545686535347
0.6424556976591127 8.3155555190798509 -5.6596545686533348
0.64402649398590761 8.3066653544724822 -5.6596545686533348
0.64559729031270252 8.2977751898651135 -5.6596545686533348
0.64716808663949743 8.2888850252577448 -5.6596545686533348
0.64873888296629234 8.2799948606503762 -5.6596545686533348
0.65030967929308725 8.2711046960430075 -5.6596545686533348
0.65188047561988216 8.2622145314356388 -5.6596545686535347
0.65345127194667696 8.2533243668282701 -5.6596545686535347
0.65502206827347187 8.2444342022209014 -5.6596545686533348
0.65659286460026678 8.2355440376135327 -5.6596545686533348
0.65816366092706169 8.226653873006164 -5.6596545686533348
0.6597344572538566 8.2177637083987953 -5.6596545686533348
0.66130525358065151 8.2088735437914266 -5.6596545686533348
0.66287604990744642 8.199983379184058 -5.6596545686533348
0.66444684623424133 8.1910932145766893 -5.6596545686535347
0.66601764256103613 8.1822030499693206 -5.6596545686535347
0.66758843888783104 8.1733128853619519 -5.6596545686533348
0.66915923521462595 8.1644227207545832 -5.6596545686533348
0.67073003154142086 8.1555325561472145 -5.6596545686533348
0.67230082786821577 8.1466423915398458 -5.6596545686533348
0.67387162419501068 8.1377522269324771 -5.6596545686533348
0.67544242052180559 8.1288620623251084 -5.6596545686533348
0.6770132168486005 8.1199718977177398 -5.6596545686533348
0.67858401317539541 8.1110817331103711 -5.6596545686535347
0.68015480950219021 8.1021915685030024 -5.6596545686535347
0.68172560582898512 8.0933014038956337 -5.6596545686533348
0.68329640215578002 8.084411239288265 -5.6596545686533348
0.68486719848257493 8.0755210746808963 -5.6596545686533348
0.68643799480936984 8.0666309100735276 -5.6596545686533348
0.68800879113616475 8.0577407454661589 -5.6596545686533348
0.68957958746295966 8.0488505808587902 -5.6596545686533348
0.69115038378975457 8.0399604162514215 -5.6596545686529698
0.69272118011654937 8.0310702516440546 -5.6596545686529698
0.69429197644334428 8.0221800870366859 -5.6596545686533348
0.69586277277013919 8.0132899224293173 -5.6596545686533348
0.6974335690969341 8.0043997578219486 -5.6596545686533348
0.69900436542372901 7.9955095932145799 -5.6596545686533348
0.70057516175052392 7.9866194286072112 -5.6596545686533348
0.70214595807731883 7.9777292639998425 -5.6596545686533348
0.70371675440411374 7.9688390993924738 -5.6596545686533348
0.70528755073090865 7.9599489347851051 -5.6596545686532531
0.70685834705770345 7.9510587701777373 -5.6596545686532531
0.70842914338449836 7.9421686055703686 -5.6596545686533348
0.70999993971129327 7.9332784409629999 -5.6596545686533348
0.71157073603808818 7.9243882763556313 -5.6596545686533348
0.71314153236488309 7.9154981117482626 -5.6596545686533348
0.714712328691678 7.9066079471408939 -5.6596545686533348
0.71628312501847291 7.8977177825335252 -5.6596545686533348
0.71785392134526782 7.8888276179261565 -5.6596545686532531
0.71942471767206262 7.8799374533187887 -5.6596545686532531
0.72099551399885753 7.87104728871142 -5.6596545686533348
0.72256631032565244 7.8621571241040513 -5.6596545686533348
0.72413710665244735 7.8532669594966826 -5.6596545686533348
0.72570790297924226 7.8443767948893139 -5.6596545686533348
0.72727869930603717 7.8354866302819453 -5.6596545686533348
0.72884949563283208 7.8265964656745766 -5.6596545686533348
0.73042029195962699 7.8177063010672079 -5.6596545686532531
0.73199108828642179 7.8088161364598401 -5.6596545686532531
0.7335618846132167 7.7999259718524714 -5.6596545686533348
0.73513268094001161 7.7910358072451027 -5.6596545686533348
0.73670347726680652 7.782145642637734 -5.6596545686533348
0.73827427359360143 7.7732554780303653 -5.6596545686533348
0.73984506992039634 7.7643653134229966 -5.6596545686533348
0.74141586624719125 7.7554751488156279 -5.6596545686533348
0.74298666257398616 7.7465849842082593 -5.6596545686533348
0.74455745890078107 7.7376948196008906 -5.6596545686532531
0.74612825522757587 7.7288046549935228 -5.6596545686532531
0.74769905155437077 7.7199144903861541 -5.6596545686533348
0.74926984788116568 7.7110243257787854 -5.6596545686533348
0.75084064420796059 7.7021341611714167 -5.6596545686533348
0.7524114405347555 7.693243996564048 -5.6596545686533348
0.75398223686155041 7.6843538319566793 -5.6596545686533348
0.75555303318834532 7.6754636673493106 -5.6596545686533348
0.75712382951514023 7.6665735027419419 -5.6596545686535347
0.75869462584193503 7.6576833381345732 -5.6596545686535347
0.76026542216872994 7.6487931735272046 -5.6596545686533348
0.76183621849552485 7.6399030089198359 -5.6596545686533348
0.76340701482231976 7.6310128443124672 -5.6596545686533348
0.76497781114911467 7.6221226797050985 -5.6596545686533348
0.76654860747590958 7.6132325150977298 -5.6596545686533348
0.76811940380270449 7.6043423504903611 -5.6596545686533348
0.7696902001294994 7.5954521858829924 -5.6596545686533348
0.77126099645629431 7.5865620212756237 -5.6596545686532531
0.77283179278308911 7.5776718566682559 -5.6596545686532531
0.77440258910988402 7.5687816920608872 -5.6596545686533348
0.77597338543667893 7.5598915274535186 -5.6596545686533348
0.77754418176347384 7.5510013628461499 -5.6596545686533348
0.77911497809026875 7.5421111982387812 -5.6596545686533348
0.78068577441706366 7.5332210336314125 -5.6596545686533348
0.78225657074385857 7.5243308690240438 -5.6596545686533348
0.78382736707065348 7.5154407044166751 -5.6596545686532531
0.78539816339744828 7.5065505398093073 -5.6596545686532531
0.78696895972424319 7.4976603752019386 -5.6596545686533348
0.7885397560510381 7.4887702105945699 -5.6596545686533348
0.79011055237783301 7.4798800459872012 -5.6596545686533348
0.79168134870462792 7.4709898813798326 -5.6596545686533348
0.79325214503142283 7.4620997167724639 -5.6596545686533348
0.79482294135821774 7.4532095521650952 -5.6596545686533348
0.79639373768501265 7.4443193875577265 -5.6596545686535347
0.79796453401180745 7.4354292229503578 -5.6596545686535347
0.79953533033860236 7.4265390583429891 -5.6596545686533348
0.80110612666539727 7.4176488937356204 -5.6596545686533348
0.80267692299219218 7.4087587291282517 -5.6596545686533348
0.80424771931898709 7.399868564520883 -5.6596545686530524
0.805818515645782 7.3909783999135152 -5.6596545686530524
0.80738931197257691 7.3820882353061466 -5.6596545686533348
0.80896010829937182 7.3731980706987779 -5.6596545686533348
0.81053090462616673 7.3643079060914092 -5.6596545686532531
0.81210170095296152 7.3554177414840414 -5.6596545686532531
0.81367249727975643 7.3465275768766727 -5.6596545686533348
0.81524329360655134 7.337637412269304 -5.6596545686533348
0.81681408993334625 7.3287472476619353 -5.6596545686533348
0.81838488626014116 7.3198570830545666 -5.6596545686533348
0.81995568258693607 7.3109669184471979 -5.6596545686533348
0.82152647891373098 7.3020767538398292 -5.6596545686533348
0.82309727524052589 7.2931865892324605 -5.6596545686532531
0.82466807156732069 7.2842964246250927 -5.6596545686529698
0.8262388678941156 7.2754062600177249 -5.6596545686530524
0.82780966422091051 7.2665160954103563 -5.6596545686533348
0.82938046054770542 7.2576259308029876 -5.6596545686533348
0.83095125687450033 7.2487357661956189 -5.6596545686533348
0.83252205320129524 7.2398456015882502 -5.6596545686533348
0.83409284952809015 7.2309554369808815 -5.6596545686533348
0.83566364585488506 7.2220652723735128 -5.6596545686535347
0.83723444218167986 7.2131751077661441 -5.6596545686535347
0.83880523850847477 7.2042849431587754 -5.6596545686533348
0.84037603483526968 7.1953947785514067 -5.6596545686533348
0.84194683116206459 7.1865046139440381 -5.6596545686533348
0.8435176274888595 7.1776144493366694 -5.6596545686533348
0.84508842381565441 7.1687242847293007 -5.6596545686533348
0.84665922014244932 7.159834120121932 -5.6596545686533348
0.84823001646924423 7.1509439555145633 -5.6596545686533348
0.84980081279603914 7.1420537909071946 -5.6596545686532531
0.85137160912283394 7.1331636262998268 -5.6596545686532531
0.85294240544962885 7.1242734616924581 -5.6596545686533348
0.85451320177642376 7.1153832970850894 -5.6596545686533348
0.85608399810321867 7.1064931324777207 -5.6596545686533348
0.85765479443001358 7.0976029678703521 -5.6596545686533348
0.85922559075680849 7.0887128032629834 -5.6596545686533348
0.8607963870836034 7.0798226386556147 -5.6596545686533348
0.86236718341039831 7.070932474048246 -5.6596545686532531
0.86393797973719311 7.0620423094408782 -5.6596545686529698
0.86550877606398802 7.0531521448335104 -5.6596545686530524
0.86707957239078293 7.0442619802261417 -5.6596545686533348
0.86865036871757784 7.035371815618773 -5.6596545686533348
0.87022116504437275 7.0264816510114043 -5.6596545686533348
0.87179196137116766 7.0175914864040356 -5.6596545686533348
0.87336275769796257 7.0087013217966669 -5.6596545686533348
0.87493355402475748 6.9998111571892982 -5.6596545686533348
0.87650435035155239 6.9909209925819296 -5.6596545686532531
0.87807514667834718 6.9820308279745618 -5.6596545686532531
0.87964594300514209 6.9731406633671931 -5.6596545686533348
0.881216739331937 6.9642504987598244 -5.6596545686533348
0.88278753565873191 6.9553603341524557 -5.6596545686533348
0.88435833198552682 6.946470169545087 -5.6596545686533348
0.88592912831232173 6.9375800049377183 -5.6596545686533348
0.88749992463911664 6.9286898403303496 -5.6596545686533348
0.88907072096591155 6.9197996757229809 -5.6596545686532531
0.89064151729270635 6.9109095111156131 -5.6596545686532531
0.89221231361950126 6.9020193465082444 -5.6596545686533348
0.89378310994629617 6.8931291819008758 -5.6596545686533348
0.89535390627309108 6.8842390172935071 -5.6596545686533348
0.89692470259988599 6.8753488526861384 -5.6596545686533348
0.8984954989266809 6.8664586880787697 -5.6596545686533348
0.90006629525347581 6.857568523471401 -5.6596545686530524
0.90163709158027072 6.8486783588640332 -5.6596545686529698
0.90320788790706552 6.8397881942566654 -5.6596545686532531
0.90477868423386043 6.8308980296492967 -5.6596545686533348
0.90634948056065534 6.822007865041928 -5.6596545686533348
0.90792027688745025 6.8131177004345593 -5.6596545686533348
0.90949107321424516 6.8042275358271906 -5.6596545686533348
0.91106186954104007 6.795337371219822 -5.6596545686533348
0.91263266586783498 6.7864472066124533 -5.6596545686533348
0.91420346219462989 6.7775570420050846 -5.6596545686533348
0.9157742585214248 6.7686668773977159 -5.6596545686532531
0.9173450548482196 6.7597767127903481 -5.6596545686532531
0.91891585117501451 6.7508865481829794 -5.6596545686533348
0.92048664750180942 6.7419963835756107 -5.6596545686533348
0.92205744382860433 6.733106218968242 -5.6596545686533348
0.92362824015539924 6.7242160543608733 -5.6596545686533348
0.92519903648219415 6.7153258897535046 -5.6596545686533348
0.92676983280898906 6.706435725146136 -5.6596545686533348
0.92834062913578397 6.6975455605387673 -5.6596545686535347
0.92991142546257877 6.6886553959313986 -5.6596545686535347
0.93148222178937368 6.6797652313240299 -5.6596545686533348
0.93305301811616859 6.6708750667166612 -5.6596545686533348
0.9346238144429635 6.6619849021092925 -5.6596545686533348
0.93619461076975841 6.6530947375019238 -5.6596545686533348
0.93776540709655332 6.6442045728945551 -5.6596545686533348
0.93933620342334823 6.6353144082871864 -5.6596545686533348
0.94090699975014314 6.6264242436798177 -5.6596545686533348
0.94247779607693805 6.6175340790724491 -5.6596545686532531
0.94404859240373284 6.6086439144650813 -5.6596545686532531
0.94561938873052775 6.5997537498577126 -5.6596545686533348
0.94719018505732266 6.5908635852503439 -5.6596545686533348
0.94876098138411757 6.5819734206429752 -5.6596545686533348
0.95033177771091248 6.5730832560356065 -5.6596545686533348
0.95190257403770739 6.5641930914282378 -5.6596545686533348
0.9534733703645023 6.5553029268208691 -5.6596545686533348
0.95504416669129721 6.5464127622135004 -5.6596545686532531
0.95661496301809201 6.5375225976061326 -5.6596545686532531
0.95818575934488692 6.5286324329987639 -5.6596545686533348
0.95975655567168183 6.5197422683913953 -5.6596545686533348
0.96132735199847674 6.5108521037840266 -5.6596545686533348
0.96289814832527165 6.5019619391766579 -5.6596545686533348
0.96446894465206656 6.4930717745692892 -5.6596545686533348
0.96603974097886147 6.4841816099619205 -5.6596545686533348
0.96761053730565638 6.4752914453545518 -5.6596545686535347
0.96918133363245118 6.4664012807471831 -5.6596545686535347
0.97075212995924609 6.4575111161398144 -5.6596545686533348
0.972322926286041 6.4486209515324457 -5.6596545686533348
0.97389372261283591 6.4397307869250771 -5.6596545686533348
0.97546451893963082 6.4308406223177084 -5.6596545686533348
0.97703531526642573 6.4219504577103397 -5.6596545686533348
0.97860611159322064 6.413060293102971 -5.6596545686533348
0.98017690792001555 6.4041701284956023 -5.6596545686533348
0.98174770424681046 6.3952799638882336 -5.6596545686532531
0.98331850057360526 6.3863897992808658 -5.6596545686532531
0.98488929690040017 6.3774996346734971 -5.6596545686533348
0.98646009322719508 6.3686094700661284 -5.6596545686533348
0.98803088955398999 6.3597193054587597 -5.6596545686533348
0.9896016858807849 6.3508291408513911 -5.6596545686533348
0.99117248220757981 6.3419389762440224 -5.6596545686533348
0.99274327853437472 6.3330488116366537 -5.6596545686533348
0.99431407486116963 6.324158647029285 -5.6596545686532531
0.99588487118796443 6.3152684824219172 -5.6596545686532531
0.99745566751475934 6.3063783178145485 -5.6596545686533348
0.99902646384155425 6.2974881532071798 -5.659654568653135
1.0005972601683493 6.2885979885998111 -5.6596545686530524
1.0021680564951441 6.2797078239924433 -5.6596545686531696
1.0037388528219389 6.2708176593850755 -5.6596545686533348
1.0053096491487339 6.2619274947777059 -5.6596545686533348
1.0068804454755287 6.2530373301703381 -5.6596545686530524
1.0084512418023237 6.2441471655629694 -5.6596545686530524
1.0100220381291185 6.2352570009556016 -5.6596545686533348
1.0115928344559135 6.2263668363482321 -5.6596545686533348
1.0131636307827083 6.2174766717408643 -5.6596545686533348
1.0147344271095033 6.2085865071334947 -5.6596545686533348
1.0163052234362981 6.1996963425261269 -5.6596545686531696
1.0178760197630929 6.1908061779187591 -5.6596545686533348
1.019446816089888 6.1819160133113895 -5.6596545686533348
1.0210176124166828 6.1730258487040217 -5.6596545686533348
1.0225884087434778 6.1641356840966521 -5.6596545686533348
1.0241592050702726 6.1552455194892843 -5.6596545686533348
1.0257300013970676 6.1463553548819148 -5.6596545686533348
1.0273007977238624 6.137465190274547 -5.6596545686531696
1.0288715940506572 6.1285750256671792 -5.6596545686533348
1.0304423903774522 6.1196848610598096 -5.6596545686533348
1.032013186704247 6.1107946964524418 -5.6596545686533348
1.033583983031042 6.1019045318450722 -5.6596545686533348
1.0351547793578368 6.0930143672377044 -5.6596545686530524
1.0367255756846319 6.0841242026303357 -5.6596545686530524
1.0382963720114267 6.0752340380229679 -5.6596545686533348
1.0398671683382217 6.0663438734155983 -5.6596545686533348
1.0414379646650165 6.0574537088082305 -5.6596545686531696
1.0430087609918113 6.0485635442008627 -5.6596545686530524
1.0445795573186063 6.039673379593494 -5.6596545686530524
1.0461503536454011 6.0307832149861262 -5.6596545686533348
1.0477211499721961 6.0218930503787567 -5.6596545686533348
1.0492919462989909 6.0130028857713889 -5.6596545686533348
1.0508627426257859 6.0041127211640193 -5.6596545686533348
1.0524335389525807 5.9952225565566515 -5.6596545686533348
1.0540043352793758 5.9863323919492819 -5.6596545686533348
1.0555751316061706 5.9774422273419141 -5.6596545686531696
1.0571459279329654 5.9685520627345463 -5.6596545686533348
1.0587167242597604 5.9596618981271767 -5.6596545686533348
1.0602875205865552 5.9507717335198089 -5.6596545686533348
1.0618583169133502 5.9418815689124393 -5.6596545686533348
1.063429113240145 5.9329914043050715 -5.6596545686530524
1.06499990956694 5.9241012396977029 -5.6596545686530524
1.0665707058937348 5.9152110750903351 -5.6596545686531696
1.0681415022205296 5.9063209104829673 -5.6596545686533348
1.0697122985473246 5.8974307458755977 -5.6596545686533348
1.0712830948741194 5.8885405812682299 -5.6596545686530524
1.0728538912009145 5.8796504166608612 -5.6596545686530524
1.0744246875277093 5.8707602520534934 -5.6596545686533348
1.0759954838545043 5.8618700874461238 -5.6596545686533348
1.0775662801812991 5.852979922838756 -5.6596545686533348
1.0791370765080941 5.8440897582313864 -5.6596545686533348
1.0807078728348889 5.8351995936240186 -5.6596545686531696
1.0822786691616837 5.8263094290166508 -5.6596545686533348
1.0838494654884787 5.8174192644092813 -5.6596545686533348
1.0854202618152735 5.8085290998019135 -5.6596545686533348
1.0869910581420685 5.7996389351945439 -5.6596545686533348
1.0885618544688633 5.7907487705871761 -5.6596545686533348
1.0901326507956584 5.7818586059798065 -5.6596545686533348
1.0917034471224532 5.7729684413724387 -5.6596545686533348
1.0932742434492482 5.7640782767650691 -5.6596545686533348
1.094845039776043 5.7551881121577013 -5.6596545686531696
1.0964158361028378 5.7462979475503335 -5.6596545686533348
1.0979866324296328 5.7374077829429639 -5.6596545686533348
1.0995574287564276 5.7285176183355961 -5.6596545686530524
1.1011282250832226 5.7196274537282275 -5.6596545686530524
1.1026990214100174 5.7107372891208596 -5.6596545686533348
1.1042698177368124 5.7018471245134901 -5.6596545686533348
1.1058406140636072 5.6929569599061223 -5.6596545686530524
1.1074114103904023 5.6840667952987536 -5.6596545686530524
1.108982206717197 5.6751766306913858 -5.6596545686531696
1.1105530030439918 5.666286466084018 -5.6596545686530524
1.1121237993707869 5.6573963014766493 -5.6596545686530524
1.1136945956975817 5.6485061368692815 -5.6596545686533348
1.1152653920243767 5.6396159722619119 -5.6596545686533348
1.1168361883511715 5.6307258076545441 -5.6596545686533348
1.1184069846779665 5.6218356430471745 -5.6596545686533348
1.1199777810047613 5.6129454784398067 -5.6596545686531696
1.1215485773315561 5.6040553138324389 -5.6596545686533348
1.1231193736583511 5.5951651492250694 -5.6596545686533348
1.1246901699851459 5.5862749846177016 -5.6596545686533348
1.1262609663119409 5.577384820010332 -5.6596545686533348
1.1278317626387357 5.5684946554029642 -5.6596545686533348
1.1294025589655308 5.5596044907955946 -5.6596545686533348
1.1309733552923256 5.5507143261882268 -5.6596545686530524
1.1325441516191206 5.5418241615808581 -5.6596545686530524
1.1341149479459154 5.5329339969734903 -5.6596545686531696
1.1356857442727102 5.5240438323661225 -5.6596545686530524
1.1372565405995052 5.5151536677587538 -5.6596545686530524
1.1388273369263 5.506263503151386 -5.6596545686533348
1.140398133253095 5.4973733385440164 -5.6596545686533348
1.1419689295798898 5.4884831739366486 -5.6596545686530524
1.1435397259066848 5.47959300932928 -5.6596545686530524
1.1451105222334796 5.4707028447219122 -5.6596545686533348
1.1466813185602747 5.4618126801145426 -5.6596545686533348
1.1482521148870695 5.4529225155071748 -5.6596545686531696
1.1498229112138643 5.444032350899807 -5.6596545686533348
1.1513937075406593 5.4351421862924374 -5.6596545686533348
1.1529645038674541 5.4262520216850696 -5.6596545686533348
1.1545353001942491 5.4173618570777 -5.6596545686533348
1.1561060965210439 5.4084716924703322 -5.6596545686533348
1.1576768928478389 5.3995815278629626 -5.6596545686533348
1.1592476891746337 5.3906913632555948 -5.6596545686531696
1.1608184855014285 5.381801198648227 -5.6596545686533348
1.1623892818282235 5.3729110340408575 -5.6596545686533348
1.1639600781550183 5.3640208694334897 -5.6596545686533348
1.1655308744818134 5.3551307048261201 -5.6596545686533348
1.1671016708086082 5.3462405402187523 -5.6596545686530524
1.1686724671354032 5.3373503756113836 -5.6596545686530524
1.170243263462198 5.3284602110040158 -5.6596545686530524
1.171814059788993 5.3195700463966471 -5.6596545686530524
1.1733848561157878 5.3106798817892793 -5.6596545686531696
1.1749556524425826 5.3017897171819115 -5.6596545686533348
1.1765264487693776 5.2928995525745419 -5.6596545686533348
1.1780972450961724 5.2840093879671741 -5.6596545686530524
1.1796680414229674 5.2751192233598054 -5.8805390033114531
1.1812388377497622 5.2655069473430789 -6.0556455136575389
1.1828096340765573 5.2560927889508156 -5.2495356918874316
1.1843804304033521 5.248757123487044 -4.3243633586935069
1.1859512267301471 5.2424325609609541 -4.3086214919238461
1.1875220230569419 5.2351543297786973 -5.1802558148117051
1.1890928193837367 5.2259284699510458 -6.5455826123006702
1.1906636157105317 5.2143178332587397 -8.1059541353818609
1.1922344120373265 5.2002227418108147 -9.692142435386728
1.1938052083641215 5.1836723528167221 -11.249336887571252
1.1953760046909163 5.1647193109884366 -12.770599475415574
1.1969468010177113 5.1434150036100945 -14.257663888529137
1.1985175973445061 5.1198096384955161 -15.7111975583713
1.2000883936713009 5.0939544857339083 -17.130503415182083
1.201659189998096 5.0659030967389675 -18.514163066081643
1.2032299863248908 5.0357119123237188 -19.860388180205373
1.2048007826516858 5.0034405728772215 -21.167197951562436
1.2063715789784806 4.9691520663430424 -22.432518415052673
1.2079423753052756 4.9329127797645498 -23.654242701143204
1.2095131716320704 4.8947924892692409 -24.830270082142455
1.2110839679588654 4.8548643082750802 -25.958532754501778
1.2126547642856602 4.8132046057738567 -27.037015154032105
1.214225560612455 4.7698929021377587 -28.063768517156053
1.21579635693925 4.7250117473302282 -29.036922290190422
1.2173671532660448 4.6786465848521415 -29.954693366803507
1.2189379495928399 4.6308856037884487 -30.815393771416598
1.2205087459196347 4.5818195807027662 -31.617437187786695
1.2220795422464297 4.5315417127230644 -32.35934459627169
1.2236503385732245 4.4801474428930916 -33.039749196765605
1.2252211349000195 4.427734278682057 -33.657400737911757
1.2267919312268143 4.3744016044214229 -34.21116933573105
1.2283627275536091 4.3202504883516584 -34.7000488394767
1.2299335238804041 4.2653834849029835 -35.123159785143002
1.2315043202071989 4.2099044327927713 -35.47975196498512
1.2330751165339939 4.1539182494938043 -35.769206632932182
1.2346459128607887 4.0975307226082505 -35.991038359774315
1.2362167091875838 4.040848298668446 -36.144896547719433
1.2377875055143785 3.9839778698771657 -36.230566610839453
1.2393583018411733 3.9270265592937972 -36.247970825699831
1.2409290981679684 3.8701015049697527 -36.19716885482601
1.2424998944947632 3.8133096435342697 -36.078357944430756
1.2440706908215582 3.7567574937310044 -35.891872796856873
1.245641487148353 3.7005509404062975 -35.638185117364728
1.247212283475148 3.644795019450505 -35.317902834109255
1.2487830798019428 3.5895937041960591 -34.931768989307081
1.2503538761287378 3.5350496937780758 -34.480660298590195
1.2519246724555326 3.481264203967664 -33.965585374247254
1.2534954687823274 3.4283367609930147 -33.387682606306193
1.2550662651091224 3.3763649988714568 -32.748217693013842
1.2566370614359172 3.3254444607862164 -32.04858080892253
1.2582078577627123 3.2756684050569751 -31.290283394082216
1.2597786540895071 3.2271276162753737 -30.474954541175823
1.2613494504163021 3.1799102222072131 -29.604336947919574
1.2629202467430969 3.1341015171078515 -28.680282388345095
1.2644910430698919 3.0897837921604241 -27.704746636612221
1.2660618393966867 3.0470361738387619 -26.679783747521604
1.2676326357234815 3.0059344711302844 -25.607539553670687
1.2692034320502765 2.9665510327516689 -24.490244171657903
1.2707742283770713 2.9289546157844373 -23.330203204387534
1.2723450247038663 2.8932102676051668 -22.129787158233707
1.2739158210306611 2.859379223678979 -20.891418317454384
1.2754866173574562 2.8275188248862717 -19.617553849787495
1.277057413684251 2.7976824598525503 -18.310663093264921
1.278628210011046 2.7699195407919484 -16.973195460930857
1.2801990063378408 2.7442755267269847 -15.607532472065843
1.2817698026646356 2.72079201784085 -14.215911380078806
1.2833405989914306 2.6995069641655771 -12.800294365758155
1.2849113953182254 2.6804550731553749 -11.362123637628262
1.2864821916450204 2.6636685984271526 -9.9018048325236236
1.2880529879718152 2.6491789618742994 -8.4173877571261393
1.2896237842986102 2.6370206385155415 -6.8988461049760641
1.291194580625405 2.6272464373731075 -5.3197329260054218
1.2927653769521998 2.6199489040818382 -3.6535521150950752
1.2943361732789949 2.6152198996520601 -1.8085929673377907
1.2959069696057897 2.6131895810051442 -0.34844769782264118
1.2974777659325847 2.6128732754468578 0
1.2990485622593795 2.6139149585946799 0.96857241206372557
1.3006193585861745 2.6167352924191243 2.2061120890243715
1.3021901549129693 2.621228182940861 3.4124154991526643
1.3037609512397643 2.6278706768888878 4.8682192285372947
1.3053317475665591 2.6368800704753399 6.3452150937311016
1.3069025438933539 2.6480325564704517 7.609156655052085
1.3084733402201489 2.6609085666552401 8.5487026782507893
1.3100441365469437 2.6749385945854662 9.1200672626672112
1.3116149328737388 2.6895728393082301 9.3785245413096465
1.3131857292005336 2.7044034064717124 9.4091420932207797
1.3147565255273286 2.7191328767416056 9.3091512666225054
1.3163273218541234 2.7336505021533872 9.3619641663748219
1.3178981181809184 2.7485492935848201 10.252136709871065
1.3194689145077132 2.7660706936017045 12.628263152128374
1.321039710834508 2.7889270359670926 15.584062791969124
1.322610507161303 2.8152775979715532 16.126163859681352
1.3241813034880978 2.8396648449539383 12.501128810961005
1.3257520998148928 2.8561000687208833 5.1568272636445318
1.3273228961416876 2.8614747155695843 0
1.3288936924684827 2.8528816029415691 -8.0011828634972471
1.3304644887952775 2.8294947939848667 -16.905171177780918
1.3320352851220723 2.7987798344116177 -19.873496384154368
1.3336060814488673 2.7670436647655863 -20.073079498706893
1.3351768777756621 2.7357157523928124 -19.800360467583516
1.3367476741024571 2.7048357724128582 -19.638151079849024
1.3383184704292519 2.674020613125681 -19.739814612435698
1.3398892667560469 2.6428189065174639 -20.124760573370441
1.3414600630828417 2.610785884258132 -20.792202586069671
1.3430308594096367 2.5774732167062995 -21.752520526884332
1.3446016557364315 2.5424031619770981 -23.033935383962241
1.3461724520632263 2.5050372045101024 -24.675178487674625
1.3477432483900214 2.4647758046797894 -26.709527755778147
1.3493140447168162 2.4209779676823726 -29.225101571858428
1.3508848410436112 2.3727490876481228 -32.316312684897113
1.352455637370406 2.3191723541801657 -35.701565053814051
1.354026433697201 2.2603439503305274 -38.684327304831506
1.3555972300239958 2.197510084720272 -40.72407067005112
1.3571680263507908 2.1323637242556144 -41.689609763200828
1.3587388226775856 2.0665347553846236 -41.838476464847183
1.3603096190043804 2.0009239119752515 -41.806229816926169
1.3618804153311754 1.935196507470929 -42.0685311479088
1.3634512116579702 1.86875789645747 -42.321462456695237
1.3650220079847653 1.8022396642466487 -41.851136520872146
1.36659280431156 1.7372606562264721 -40.280522538160398
1.3681636006383551 1.6756073298451055 -37.644352781454721
1.3697343969651499 1.6187992558488937 -34.510231988784639
1.3713051932919447 1.5669627408150211 -31.918565296530353
1.3728759896187397 1.5184162931269616 -30.382737144940624
1.3744467859455345 1.4714852264257055 -29.41420634300782
1.3760175822723295 1.4259866379673589 -28.208838907795254
1.3775883785991243 1.3828040600696196 -26.312116955876434
1.3791591749259193 1.3431724257455522 -23.525974377478423
1.3807299712527141 1.3085562379664433 -19.485941096929594
1.3823007675795091 1.2811238237670339 -14.181171698838927
1.3838715639063039 1.2623728550850792 -9.0134038779516494
1.3854423602330987 1.2510001852147949 -5.5962617252901188
1.3870131565598938 1.2438361420759843 -4.1817165761099284
1.3885839528866886 1.2377715569618333 -4.3289974279042776
1.3901547492134836 1.2300332397569698 -5.997663959613857
1.3917255455402784 1.2179940663772046 -9.0279407282650954
1.3932963418670734 1.2007440734267001 -12.064672758129406
1.3948671381938682 1.1797195438068728 -14.076081549112308
1.3964379345206632 1.1564044272804423 -15.390281610553295
1.398008730847458 1.1313036930658655 -16.491505617887572
1.3995795271742528 1.104541615896498 -17.620210587301493
1.4011503235010478 1.0758832872379342 -18.973709110607452
1.4027211198278426 1.0448385640108102 -20.542387311803399
1.4042919161546377 1.0112471321102534 -21.821464964898556
1.4058627124814325 0.97625583694420937 -21.668865389134321
1.4074335088082275 0.94312175311664237 -18.607632645750865
1.4090043051350223 0.91697472009254244 -12.024185771389142
1.4105751014618173 0.90219157827552121 -4.1520825722346091
1.4121458977886121 0.89800758648955492 0
1.4137166941154069 0.89814361133551335 0.16654877618468322
1.4152874904422019 0.9015537095206555 3.2685451818839457
1.4168582867689967 0.91193830184677527 8.4592689128337231
1.4184290830957917 0.93038248856112604 13.826242349835475
1.4199998794225865 0.95678792271889346 18.71241127811523
1.4215706757493816 0.9899317578204202 22.885011994519214
1.4231414720761764 1.0292015431977124 27.1650684574577
1.4247122684029712 1.0759182898626414 32.432099139965302
1.4262830647297662 1.1319312140480009 38.045740355771152
1.427853861056561 1.1959804103936169 41.564349217596607
1.429424657383356 1.2625584236603677 40.797173197857497
1.4309954537101508 1.3243286077481036 35.585285611372292
1.4325662500369458 1.3753727039978672 27.967845013643426
1.4341370463637406 1.4139318008631285 20.859632090567825
1.4357078426905356 1.4424183967790805 15.703955854131699
1.4372786390173304 1.4641701044508619 12.004466055897446
1.4388494353441252 1.4808116923757824 8.5921750448167398
1.4404202316709203 1.4921630072058636 4.2583550630873059
1.4419910279977151 1.4969045357136845 0.58028079798512366
1.4435618243245101 1.4974087520049459 0
1.4451326206513049 1.4948847162458696 -2.6185129687804078
1.4467034169780999 1.4837803133438749 -10.00449825201224
1.4482742133048947 1.4569075052826197 -21.458342474960091
1.4498450096316897 1.4117058271252181 -32.382167590007541
1.4514158059584845 1.3535530556425845 -38.419257471719156
1.4529866022852793 1.2908357987713373 -39.454729318702988
1.4545573986120743 1.2295850201796437 -38.050138706200237
1.4561281949388691 1.1712277633330377 -36.512453872283302
1.4576989912656642 1.1148438261672995 -34.86768108329489
1.459269787592459 1.0615978916323148 -31.315029557338423
1.460840583919254 1.0158904585091766 -24.417414125584166
1.4624113802460488 0.9828505783703696 -14.644735090569634
1.4639821765728436 0.96520622035855175 -4.8592058445223083
1.4655529728996386 0.96033650761425471 0
1.4671237692264334 0.96253358877750239 2.3193254128442211
1.4686945655532284 0.97319224564307172 9.371898799145745
1.4702653618800232 0.99698097844267797 18.138769160404642
1.4718361582068182 1.0324952849790801 24.782371060754869
1.473406954533613 1.0755631676642714 28.61968021217168
1.4749777508604081 1.1225797463138858 30.674187946578801
1.4765485471872029 1.1719883082277778 32.331059239042602
1.4781193435139977 1.2242297118181913 34.277024067199626
1.4796901398407927 1.2797739635512455 36.128448900192275
1.4812609361675875 1.3377841305802651 37.122599604017751
1.4828317324943825 1.3964012080186778 36.759212794301916
1.4844025288211773 1.453292391304591 34.899050999267509
1.4859733251479723 1.5061854165151367 31.990101370637323
1.4875441214747671 1.5540438403597492 29.03478323206798
1.4891149178015621 1.5976030617412307 26.836813418459915
1.4906857141283569 1.6384418640738536 25.730961322644863
1.4922565104551517 1.6784478401997549 25.861492234144659
1.4938273067819468 1.719707477971212 27.288418261656521
1.4953981031087415 1.7643068425865249 29.939173197817489
1.4969688994355366 1.8140439787905682 33.481733049855258
1.4985396957623314 1.8698407459533442 37.293539154704483
1.5001104920891264 1.9314974486893672 40.755138130577187
1.5016812884159212 1.9980648579533957 43.47870044913121
1.503252084742716 2.0681820021891433 45.32365523703259
1.504822881069511 2.1404869273275895 46.531225928341854
1.5063936773963058 2.2143814429537594 47.783704424899909
1.5079644737231008 2.2906411169763312 49.743482984963265
1.5095352700498956 2.3707499545830446 52.216053613900058
1.5111060663766906 2.454776183292807 53.867942858861483
1.5126768627034854 2.5399894134511833 53.09424716596763
1.5142476590302805 2.6216522183620188 49.209778499643392
1.5158184553570753 2.6950293018540279 42.911561057066216
1.5173892516838701 2.7573617278279521 35.8967581283258
1.5189600480106651 2.8088378803749907 29.768769268703302
1.5205308443374599 2.8516745001082859 25.120306844012688
1.5221016406642549 2.8882493982847137 21.723191738458866
1.5236724369910497 2.9202280763240465 19.209272539349872
1.5252432333178447 2.9487899467050571 17.432336338935531
1.5268140296446395 2.9750868871951806 16.457941775476911
1.5283848259714345 3.0005088969060667 16.292449102291119
1.5299556222982293 3.0262734174900419 16.369690407186823
1.5315264186250241 3.0519359980985703 15.44880992995795
1.5330972149518192 3.0749512584706351 13.054344092543662
1.534668011278614 3.0934408957932567 9.5372998377143094
1.536238807605409 3.1060327056509784 4.2447140188024415
1.5378096039322038 3.110566986265237 0
1.5393804002589988 3.1059360405864251 -4.5046637469195145
1.5409511965857936 3.0909459125399326 -11.957121090066796
1.5425219929125886 3.0658033649048702 -18.141775240380522
1.5440927892393834 3.0329189324330175 -22.479885585347049
1.5456635855661782 2.9947939672989401 -25.157097169809685
1.5472343818929732 2.953780125453124 -26.67044831749369
1.548805178219768 2.9109676918876621 -27.620023956462919
1.5503759745465631 2.8669937150862346 -27.874711725100173
1.5519467708733579 2.8233950934573784 -26.950676602507677
1.5535175672001529 2.782254374868788 -24.29031908666061
1.5550883635269477 2.7466807989158983 -18.856512163969139
1.5566591598537425 2.7213076772866001 -10.490834364172565
1.5582299561805375 2.7091058693196644 -3.0341860923514545
1.5598007525073323 2.7061444529786822 -0.29649246530995332
1.5613715488341273 2.7058917148163295 0
1.5629423451609221 2.7084401109834939 2.7652451323796141
1.5645131414877171 2.7231373528340397 12.948586960364384
1.5660839378145119 2.7561511041244517 24.528440989386915
1.567654734141307 2.8024082225070002 31.190129155390188
1.5692255304681018 2.8544818452314256 33.52735832055955
1.5707963267948966 2.907751095309842 33.664850708352553
1.5723671231216916 2.9602487222835685 33.002717427506575
1.5739379194484864 3.0114484351009483 32.293681205375819
1.5755087157752814 3.0617109703549854 31.811392431341186
1.5770795121020762 3.1113902754177687 31.419189310792198
1.5786503084288712 3.160421519369748 30.900379685906362
1.580221104755666 3.208476498212721 30.128844355542434
1.581791901082461 3.2550958452328329 29.049064679138159
1.5833626974092558 3.2997779317614517 27.647354495650813
1.5849334937360506 3.342021006633829 25.931342589389715
1.5865042900628457 3.3813479024219317 23.918957832437741
1.5880750863896405 3.4173145886154956 21.623199059017761
1.5896458827164355 3.4494901111248266 19.010988319601861
1.5912166790432303 3.4773496503964965 15.824713102157549
1.5927874753700253 3.4997889928176935 11.541999242903081
1.5943582716968201 3.5149983451792841 5.1729684546732075
1.5959290680236149 3.5205420669784391 0
1.5974998643504099 3.5200037593111517 -0.63044933204026932
1.5990706606772047 3.5138271463852329 -5.4121784966626487
1.6006414570039997 3.5001945327999353 -10.22946716162514
1.6022122533307945 3.4806305439790797 -15.027664740176062
1.6037830496575896 3.4508793118907719 -22.610185641859967
1.6053538459843844 3.406827612700277 -31.89735575807487
1.6069246423111794 3.3487426984969817 -39.73286269820035
1.6084954386379742 3.281306471207202 -43.679078768500759
1.610066234964769 3.2114791741463997 -43.339748075799186
1.611637031291564 3.1450651251022972 -40.394321363266606
1.6132078276183588 3.0843236133209513 -37.024524594656079
1.6147786239451538 3.0285383462033972 -34.197072127814145
1.6163494202719486 2.9767424101910445 -31.46232649580601
1.6179202165987436 2.9294882746078406 -27.797653837648689
1.6194910129255384 2.888906626407862 -22.320931771711145
1.6210618092523335 2.8580431155901311 -14.617040947254855
1.6226326055791283 2.8397635173105478 -5.6140102517647321
1.624203401905923 2.8339526381770832 -0.1537419828688415
1.6257741982327181 2.8338293271322432 0
1.6273449945595129 2.8361127762122975 2.0810053858546884
1.6289157908863079 2.8418630535893108 3.9679625926350259
1.6304865872131027 2.8486669192080449 3.7881861901230187
1.6320573835398977 2.8539542124489565 1.8535674716099801
1.6336281798666925 2.8559631309101645 0.072572281061739533
1.6351989761934873 2.8560217934522378 0
1.6367697725202823 2.8550591172146311 -0.91163325487561409
1.6383405688470771 2.8522649375872038 -2.2374037820488479
1.6399113651738721 2.8475297142293488 -3.6381361869966202
1.6414821615006669 2.840324428501348 -5.4008864903511302
1.643052957827462 2.8300108331409222 -7.5824855604889665
1.6446237541542568 2.8159182068098971 -10.171679927027071
1.6461945504810518 2.7974734187929222 -12.904241010718312
1.6477653468078466 2.7749774678855528 -15.07160174527519
1.6493361431346414 2.749994290409564 -16.016802217211801
1.6509069394614364 2.7246567035996749 -15.659536374849923
1.6524777357882312 2.7007564479844333 -14.480340927638498
1.6540485321150262 2.6790589582559825 -13.254020054977572
1.655619328441821 2.6590494031873986 -12.53487375390352
1.657190124768616 2.6396694281063517 -12.250692020271336
1.6587609210954108 2.6205608060371537 -11.839213417601158
1.6603317174222059 2.6024487591302434 -10.674372937873176
1.6619025137490007 2.5868403822401276 -8.3981851848051559
1.6634733100757955 2.575417128240904 -5.3943585687811373
1.6650441064025905 2.568682711315061 -2.5197723403147201
1.6666149027293853 2.5658800873574554 -0.57677313310512601
1.6681856990561803 2.5653397552983455 0
1.6697564953829751 2.5680308132065863 2.505201427480821
1.6713272917097701 2.5753494578610363 5.2185176851355148
1.6728980880365649 2.5846649911835731 5.4899470442289395
1.6744688843633597 2.5926923210954929 3.5459677803653831
1.6760396806901547 2.596956850831083 0.96794676457505702
1.6776104770169495 2.5978819972310814 0
1.6791812733437446 2.5968408687564644 -0.83184681632192781
1.6807520696705394 2.5950868568169696 -0.6453725204409041
1.6823228659973344 2.5943739733520919 0
1.6838936623241292 2.5972065115502705 2.8521799939357466
1.6854644586509242 2.6079167041853566 9.169572771376961
1.687035254977719 2.6299015699294279 17.135780643162718
1.6886060513045138 2.6646031367295215 25.32432250280285
1.6901768476313088 2.711201033027705 32.285793777310531
1.6917476439581036 2.7668297412424181 36.998928170141859
1.6933184402848986 2.8276697713423498 39.19870837934608
1.6948892366116934 2.889994000967353 39.296329837715859
1.6964600329384885 2.9511341876298016 38.190717497813608
1.6980308292652833 3.0100161664993634 36.830067733203528
1.6996016255920783 3.0668746352273053 35.767035698535786
1.7011724219188731 3.1223974962602377 35.127897744115138
1.7027432182456679 3.1772364192419644 34.854040622782996
1.7043140145724629 3.2318949912808099 34.852708384928583
1.7058848108992577 3.2867297152535788 35.055235722514745
1.7074556072260527 3.3420261983644837 35.431915015872057
1.7090264035528475 3.398047073109101 35.977338299358458
1.7105971998796425 3.4550610655348803 36.70973696875204
1.7121679962064373 3.5133890830156131 37.698305384302557
1.7137387925332324 3.5735212623673944 39.124049513970938
1.7153095888600272 3.6363605020587131 41.336860785499212
1.716880385186822 3.7035290051929302 44.801478530794739
1.718451181513617 3.7774297834812081 49.567713939204161
1.7200219778404118 3.85969899734588 54.129023667793831
1.7215927741672068 3.9476722420541757 54.957355994316863
1.7231635704940016 4.0324131174495896 48.439415117107671
1.7247343668207966 4.1014523593092038 34.563267740906149
1.7263051631475914 4.1461882372523542 18.948566149527398
1.7278759594743862 4.168489215021121 8.6195587555078568
1.7294467558011812 4.1782098364024458 4.3499444160339857
1.731017552127976 4.1834777519414494 2.819597372430668
1.7325883484547711 4.1872983452332955 2.2670361318334464
1.7341591447815659 4.1906328753348507 2.0682111230881759
1.7357299411083609 4.1938001259151267 1.9944874475652958
1.7373007374351557 4.1968994781237354 1.9599064154640371
1.7388715337619507 4.1999576291970389 1.935638423984668
1.7404423300887455 4.2029806683082089 1.9136810589206896
1.7420131264155403 4.2059698264845409 1.8922220983373579
1.7435839227423353 4.2089254485377037 1.8709475797421871
1.7451547190691301 4.2118477703121728 1.8498210983338392
1.7467255153959251 4.2147370211024322 1.828840592752121
1.7482963117227199 4.2175934302031752 1.8080060631787604
1.749867108049515 4.220417226909313 1.7873175098003986
1.7514379043763098 4.2232086405159786 1.7667749328077615
1.7530087007031048 4.2259679003185324 1.7463783323945434
1.7545794970298996 4.2286952356125633 1.7261277087592826
1.7561502933566944 4.2313908756938989 1.7060230621049906
1.7577210896834894 4.2340550498586076 1.6860643926381691
1.7592918860102842 4.2366879874030019 1.6662517005704467
1.7608626823370792 4.2392899176236494 1.6465849861177362
1.762433478663874 4.2418610698173715 1.6270642494999163
1.764004274990669 4.2444016732812537 1.607689490942217
1.7655750713174638 4.2469119573126486 1.5884607106739466
1.7671458676442586 4.2493921512091815 1.5693779089296664
1.7687166639710536 4.2518424842687592 1.5504410859488669
1.7702874602978484 4.2542631857895712 1.5316502419752025
1.7718582566246435 4.2566544850700989 1.5130053772578727
1.7734290529514383 4.2590166114091197 1.4945064920509854
1.7749998492782333 4.2613497941057146 1.4761535866141242
1.7765706456050281 4.2636542624592737 1.4579466612117968
1.7781414419318231 4.2659302457695025 1.4398857161137411
1.7797122382586179 4.268177973336428 1.4219707515953106
1.7812830345854127 4.2703976744604057 1.4042017679367014
1.7828538309122077 4.2725895784421253 1.3865787654242616
1.7844246272390025 4.2747539145826181 1.3691017443494713
1.7859954235657975 4.276890912183263 1.3517707050089101
1.7875662198925923 4.2790008005457922 1.3345856477058617
1.7891370162193874 4.2810838089723022 1.3175465727491478
1.7907078125461822 4.2831401667652562 1.3006534804526113
1.7922786088729772 4.2851701032274931 1.283906371135936
1.793849405199772 4.287173847662233 1.2673052451244642
1.7954202015265668 4.2891516293730847 1.2508501027495922
1.7969909978533618 4.2911036776640543 1.2345409443485074
1.7985617941801566 4.2930302218395493 1.2183777702638821
1.8001325905069516 4.2949314912043883 1.2023605808439839
1.8017033868337464 4.2968077150638049 1.1864893764431836
1.8032741831605414 4.2986591227234587 1.1707641574215923
1.8048449794873362 4.3004859434894387 1.1551849241443208
1.806415775814131 4.3022884066682714 1.1397516769824321
1.8079865721409261 4.3040667415669285 1.1244644163117259
1.8095573684677209 4.3058211774928292 1.1093231425139269
1.8111281647945159 4.3075519437538539 1.0943278559766758
1.8126989611213107 4.3092592696583454 1.0794785570909053
1.8142697574481057 4.3109433845151148 1.0647752462533437
1.8158405537749005 4.3126045176334511 1.0502179238658256
1.8174113501016955 4.3142428983231245 1.0358065903338534
1.8189821464284903 4.3158587558943919 1.0215412460674216
1.8205529427552851 4.3174523196580035 1.0074218914802815
1.8221237390820801 4.3190238189252064 0.99344852699000519
1.8236945354088749 4.3205734830077498 0.97962115301715036
1.82526533173567 4.3221015412178891 0.96593976998551379
1.8268361280624648 4.3236082228683905 0.95240437832077152
1.8284069243892598 4.3250937572725316 0.93901497845066773
1.8299777207160546 4.3265583737441071 0.9257715708048101
1.8315485170428496 4.3280023015974294 0.91267415581311884
1.8331193133696444 4.3294257701473295 0.89972273390598745
1.8346901096964392 4.3308290087091592 0.88691730551319392
1.8362609060232342 4.3322122465987896 0.87425787106377195
1.837831702350029 4.3335757131326114 0.86174443098427422
1.839402498676824 4.3349196376275314 0.84937698569831044
1.8409732950036188 4.3362442494009708 0.83715553562619172
1.8425440913304139 4.3375497777708611 0.82508008118323761
1.8441148876572087 4.3388364520556388 0.81315062277891015
1.8456856839840037 4.3401045015742392 0.80136716081562664
1.8472564803107985 4.341354155646088 0.78972969568734108
1.8488272766375933 4.3425856435910921 0.77823822777803542
1.8503980729643883 4.3437991947296286 0.76689275746075214
1.8519688692911831 4.3449950383825318 0.7556932850960415
1.8535396656179781 4.34617340387108 0.74463981102979282
1.8551104619447729 4.3473345205169771 0.73373233559159079
1.8566812582715679 4.3484786176423356 0.72297085909362147
1.8582520545983627 4.3496059245696559 0.7123553818273376
1.8598228509251575 4.350716670621801 0.70188590406182738
1.8613936472519526 4.3518110851219731 0.69156242604225249
1.8629644435787474 4.3528893973936835 0.68138494798676064
1.8645352399055424 4.3539518367607233 0.67135347008376789
1.8661060362323372 4.3549986325471259 0.66146799248897548
1.8676768325591322 4.3560300140771311 0.65172851532376619
1.869247628885927 4.3570462106751444 0.64213503867158628
1.870818425212722 4.3580474516656924 0.63268756257403669
1.8723892215395168 4.3590339663733726 0.62338608702895859
1.8739600178663116 4.3600059841228047 0.61423061198588857
1.8755308141931066 4.3609637342385703 0.60522113734253635
1.8771016105199014 4.3619074460451541 0.59635766294194525
1.8786724068466965 4.3628373488668792 0.58764018856778399
1.8802432031734913 4.363753672027836 0.57906871393961812
1.8818139995002863 4.3646566448518058 0.57064323870992639
1.8833847958270811 4.3655464966621835 0.56236376245988928
1.8849555921538761 4.3664234567818916 0.55423028469409652
1.8865263884806709 4.3672877545332893 0.54624280483579657
1.8880971848074657 4.3681396192380753 0.53840132222279757
1.8896679811342607 4.3689792802171876 0.53070583610302113
1.8912387774610555 4.3698069667906951 0.52315634562878444
1.8928095737878505 4.3706229082776842 0.51575284985247305
1.8943803701146453 4.3714273339961389 0.5084953477211569
1.8959511664414403 4.3722204732628152 0.50138383807241305
1.8975219627682351 4.3730025553931107 0.4944183196296037
1.8990927590950299 4.3737738097009276 0.487598790995311
1.900663555421825 4.3745344654985256 0.48092525064878539
1.9022343517486198 4.3752847520963787 0.47439769694093276
1.9038051480754148 4.3760248988030161 0.46801612808861748
1.9053759444022096 4.3767551349248635 0.46178054217158787
1.9069467407290046 4.3774756897660767 0.45569093712928738
1.9085175370557994 4.3781867926283748 0.44974731075659913
1.9100883333825944 4.3788886728108629 0.44394966070121095
1.9116591297093892 4.3795815596098571 0.43829798446076734
1.913229926036184 4.3802656823186998 0.43279227938095538
1.914800722362979 4.3809412702275798 0.42743254265410624
1.9163715186897738 4.3816085526233417 0.42221877131891161
1.9179423150165689 4.3822677587893049 0.41715096226037873
1.9195131113433637 4.3829191180050717 0.41222911220996444
1.9210839076701587 4.3835628595463447 0.40745321774869142
1.9226547039969535 4.3841992126847416 0.40282327530858331
1.9242255003237485 4.3848284066876131 0.39833928117719414
1.9257962966505433 4.3854506708178684 0.39400123150268124
1.9273670929773381 4.3860662343338035 0.38980912229988174
1.9289378893041331 4.3866753264889393 0.38576294945733292
1.9305086856309279 4.3872781765318649 0.38186270874492095
1.9320794819577229 4.3878750137060925 0.37810839582533323
1.9336502782845177 4.3884660672499267 0.37450000626447827
1.9352210746113128 4.3890515663963434 0.37103753554340496
1.9367918709381076 4.3896317403728853 0.3677209790724652
1.9383626672649024 4.3902068184015732 0.36455033220589739
1.9399334635916974 4.3907770296988362 0.36152559025902653
1.9415042599184922 4.3913426034754623 0.35864674852544987
1.9430750562452872 4.3919037689365696 0.35591380229426656
1.944645852572082 4.3924607552815962 0.35332674687074861
1.946216648898877 4.3930137917043206 0.3508855775971414
1.9477874452256718 4.393563107392902 0.34859028987362695
1.9493582415524668 4.3941089315299502 0.34644087917932154
1.9509290378792616 4.3946514932926153 0.34443734109536384
1.9524998342060564 4.3951910218527139 0.34257967132721551
1.9540706305328515 4.3957277463768731 0.34086786572733746
1.9556414268596463 4.3962618960267106 0.33930192031891238
1.9572122231864413 4.396793699959038 0.33788183131556387
1.9587830195132361 4.3973233873260877 0.33660759514412703
1.9603538158400311 4.3978511872757728 0.33547920846631019
1.9619246121668259 4.3983773289519679 0.33449666819753338
1.9634954084936209 4.3989020414948152 0.33365997152540822
1.9650662048204157 4.3994255540410521 0.33296911592615847
1.9666370011472105 4.3999480957243575 0.33242409918131921
1.9682077974740055 4.4004698956757231 0.33202491939063866
1.9697785938008003 4.400991183023832 0.33177157498374876
1.9713493901275954 4.4015121868954603 0.33166406472967591
1.9729201864543902 4.4020331364158816 0.33170238774314276
1.9744909827811852 4.4025542607092847 0.33188654349033858
1.97606177910798 4.4030757888991952 0.33221653179131255
1.977632575434775 4.4035979501089013 0.3326923528206861
1.9792033717615698 4.4041209734618798 0.33331400710445591
1.9807741680883646 4.4046450880822157 0.33408149551499489
1.9823449644151596 4.405170523095018 0.33499481926561836
1.9839157607419544 4.4056975076268294 0.33605397990053348
1.9854865570687494 4.4062262708060196 0.33725897928383342
1.9870573533955442 4.4067570417631696 0.33860981958710923
1.9886281497223393 4.4072900496314382 0.34010650327472397
1.9901989460491341 4.4078255235469124 0.34174903308711002
1.9917697423759289 4.4083636926489342 0.3435374120224931
1.9933405387027239 4.4089047860804094 0.34547164331989172
1.9949113350295187 4.4094490329880944 0.34755173043835935
1.9964821313563137 4.4099966625228566 0.3497776770364307
1.9980529276831085 4.4105479038399125 0.35214948695193815
1.9996237240099035 4.4111029860990403 0.35466716417980299
2.0011945203366985 4.4116621384647656 0.357330712851118
2.0027653166634933 4.4122255901065239 0.36014013721223193
2.0043361129902881 4.4127935701987973 0.36309544160345308
2.0059069093170829 4.4133663079212253 0.36619663043860967
2.0074777056438777 4.4139440324586934 0.3694437081849169
2.009048501970673 4.4145269730013954 0.37283667934339532
2.0106192982974678 4.4151153587448739 0.37637554843015414
2.0121900946242626 4.4157094188900388 0.38006031995929929
2.0137608909510574 4.4163093826431661 0.38389099842661756
2.0153316872778526 4.4169154792158771 0.38786758829304036
2.0169024836046474 4.4175279378250965 0.39199009397013646
2.0184732799314422 4.418146987692996 0.3962585198072584
2.020044076258237 4.4187728580469221 0.40067287007925495
2.0216148725850318 4.4194057781193088 0.40523314897477608
2.0231856689118271 4.4200459771475762 0.4099393605865454
2.0247564652386218 4.4206936843740188 0.41479150890305683
2.0263272615654166 4.4213491290456846 0.41978959779971026
2.0278980578922114 4.4220125404142401 0.42493363103293436
2.0294688542190067 4.4226841477358345 0.43022361223443123
2.0310396505458015 4.4233641802709496 0.435659544905598
2.0326104468725963 4.4240528672842494 0.44124143241446157
2.0341812431993911 4.4247504380444225 0.4469692779933645
2.0357520395261859 4.4254571218240244 0.45284308473601736
2.0373228358529811 4.4261731478993118 0.45886285559583317
2.0388936321797759 4.426898745550079 0.46502859338612629
2.0404644285065707 4.4276341440594926 0.47134030078016242
2.0420352248333655 4.4283795727139275 0.47779798031087434
2.0436060211601603 4.4291352608027976 0.48440163437249684
2.0451768174869556 4.4299014376183967 0.49115126522336561
2.0467476138137504 4.4306783324557344 0.49804687498635603
2.0483184101405452 4.4314661746123765 0.50508846565144949
2.04988920646734 4.4322651933882868 0.51227603907976704
2.0514600027941352 4.4330756180856765 0.51960959700602727
2.05303079912093 4.4338976780088499 0.52708914104095284
2.0546015954477248 4.4347316024640593 0.53471467267601913
2.0561723917745196 4.4355776207593625 0.54248619328690972
2.0577431881013144 4.4364359622044836 0.55040370413678319
2.0593139844281096 4.4373068561106788 0.55846720638032865
2.0608847807549044 4.438190531790605 0.56667670106843004
2.0624555770816992 4.439087218558198 0.57503218915130105
2.064026373408494 4.4399971457285474 0.58353367148266189
2.0655971697352893 4.4409205426177838 0.59218114882457151
2.0671679660620841 4.4418576385429649 0.60097462185011419
2.0687387623888789 4.4428086628219692 0.60991409114727524
2.0703095587156737 4.443773844773391 0.61899955722374911
2.0718803550424685 4.4447534137164446 0.6282310205098145
2.0734511513692637 4.4457475989708666 0.63760848136194093
2.0750219476960585 4.4467566298568268 0.6471319400667116
2.0765927440228533 4.4477807356948418 0.65680139684310557
2.0781635403496481 4.4488201458056897 0.66661685184681818
2.0797343366764434 4.4498750895103338 0.67657830517144102
2.0813051330032382 4.4509457961298384 0.68668575685189215
2.082875929330033 4.4520324949853016 0.69693920686780819
2.0844467256568278 4.4531354153977798 0.70733865514412486
2.0860175219836226 4.4542547866882183 0.71788410155300841
2.0875883183104178 4.4553908381773812 0.72857554591583318
2.0891591146372126 4.456543799185785 0.73941298800445865
2.0907299109640074 4.4577138990336316 0.75039642754179225
2.0923007072908022 4.4589013670407418 0.76152586420165436
2.0938715036175974 4.4601064325264854 0.77280129760788752
2.0954422999443922 4.4613293248097099 0.78422272733442433
2.097013096271187 4.4625702732086703 0.79579015290267341
2.0985838925979818 4.4638295070409484 0.80750357377935489
2.1001546889247766 4.4651072556233729 0.81936298937218621
2.1017254852515719 4.466403748271925 0.83136839902429627
2.1032962815783667 4.4677192143016384 0.84351980200839516
2.1048670779051615 4.4690538830264872 0.85581719751750363
2.1064378742319563 4.4704079837592552 0.86826058465220501
2.1080086705587515 4.4717817458113815 0.8808499624062387
2.1095794668855463 4.473175398492784 0.89358532964714321
2.1111502632123411 4.4745891711116439 0.90646668509077044
2.1127210595391359 4.4760232929741486 0.91949402726860974
2.1142918558659307 4.4774779933841709 0.93266735448415361
2.115862652192726 4.4789535016428754 0.94598666475678317
2.1174334485195208 4.4804500470482189 0.95945195574453501
2.1190042448463156 4.4819678588943148 0.97306322463988337
2.1205750411731104 4.4835071664706048 0.98682046802737111
2.1221458374999056 4.4850681990607733 1.0007236816843685
2.1237166338267004 4.486651185941291 1.0147728602932522
2.1252874301534952 4.4882563563794244 1.0289679970210377
2.12685822648029 4.4898839396304551 1.0433090828850102
2.1284290228070848 4.4915341649336877 1.0577961057596152
2.12999981913388 4.4932072615065426 1.0724290487539256
2.1315706154606748 4.4949034585354468 1.087207887402319
2.1331414117874696 4.4966229851610704 1.102132584379325
2.1347122081142644 4.4983660704525432 1.1172030737413383
2.1362830044410592 4.5001329433428099 1.1324191965286627
2.1378538007678545 4.5019238323988517 1.1477805248216746
2.1394245970946493 4.5037389652013333 1.1632861067778615
2.1409953934214441 4.5055785673137132 1.1789318326285707
2.1425661897482389 4.5074428532867161 1.1949433996908878
2.1441369860750341 4.5093327676745103 1.2148893980543767
2.1457077824018289 4.5112599038612862 1.2537239852745286
2.1472785787286237 4.5132733480866172 1.3459788205193444
2.1488493750554185 4.5154990488479836 1.5319020247910859
2.1504201713822133 4.5181178592620048 1.8068592126056227
2.1519909677090086 4.5212155869721089 2.0832178226264548
2.1535617640358033 4.5246833348392403 2.2561856863646272
2.1551325603625981 4.5283070328986952 2.2962397210843202
2.1567033566893929 4.5318973392393165 2.2360301822291508
2.1582741530161882 4.535335042450102 2.1119101473138326
2.159844949342983 4.53854023858666 1.9333485017519914
2.1614157456697778 4.5414256283881453 1.6843310879086879
2.1629865419965726 4.5438684764699921 1.3646364738328356
2.1645573383233674 4.5457780889270705 1.0054306393113486
2.1661281346501626 4.5471245349844809 0.52191334018187441
2.1676989309769574 4.5477138569554771 0.069247324132999083
2.1692697273037522 4.5477737731598067 0
2.170840523630547 4.5472548959781038 -0.497475916088224
2.1724113199573423 4.5456730205343794 -1.2782648233175726
2.1739821162841371 4.5429250705928981 -2.0819877052261089
2.1755529126109319 4.5388869888089216 -2.9433403254245101
2.1771237089377267 4.5334798547171697 -3.8335737977328104
2.1786945052645215 4.5266858113992239 -4.6812176623878479
2.1802653015913167 4.5186730683864882 -5.3427890155661846
2.1818360979181115 4.5098631708630945 -5.7129904415899828
2.1834068942449063 4.500718954315019 -5.8475633469434634
2.1849776905717011 4.4914921374209893 -5.8862883043196472
2.1865484868984963 4.4822265529486778 -5.92542042902957
2.1881192832252911 4.4728764968271797 -6.0003604525934247
2.1896900795520859 4.4633746423289056 -6.1188515725913977
2.1912608758788807 4.4536509990840649 -6.2818885232809762
2.1928316722056755 4.443635182905818 -6.4896785738357039
2.1944024685324708 4.4332566205392618 -6.7423710957665763
2.1959732648592656 4.4224445300873585 -7.0401361203830612
2.1975440611860604 4.4111278759245423 -7.3831656432474366
2.1991148575128552 4.3992353420856851 -7.771660510445451
2.2006856538396504 4.3866953255334158 -8.205818051627233
2.2022564501664452 4.37343594644872 -8.6858220880761987
2.20382724649324 4.3593850718451659 -9.2118357371632982
2.2053980428200348 4.3444703481597013 -9.7839971486052306
2.2069688391468296 4.3286192385276738 -10.402417917937173
2.2085396354736249 4.3117590610295933 -11.067185463137108
2.2101104318004197 4.2938170190584879 -11.778414361763229
2.2116812281272145 4.274720070020595 -12.536773899164919
2.2132520244540093 4.2543932127107036 -13.346519440531148
2.2148228207808045 4.2327494204401495 -14.226263413439343
2.2163936171075993 4.209652918873366 -15.234673041504426
2.2179644134343941 4.1848257865437706 -16.523509387225609
2.2195352097611889 4.1576354176301376 -18.444960916506201
2.2211060060879837 4.1266290102124676 -21.64131659433016
2.2226768024147789 4.0890100486474958 -26.802417656305522
2.2242475987415737 4.0412141870733871 -33.771628488525444
2.2258183950683685 3.9816163836195697 -40.55608797258941
2.2273891913951633 3.9131953732651712 -44.091533821662843
2.2289599877219581 3.8430779727373801 -42.370534865370885
2.2305307840487534 3.7797400204806575 -35.639810753135841
2.2321015803755482 3.7295817277997867 -26.156220104344488
2.233672376702343 3.694788696036972 -16.868509710223623
2.2352431730291378 3.6733932304826395 -9.923345435229777
2.236813969355933 3.6611336131501933 -5.8735956333040642
2.2383847656827278 3.6537374275596424 -4.1362783031094521
2.2399555620095226 3.6479442780841191 -3.9181231330005355
2.2415263583363174 3.6413801828180405 -4.8514903610076212
2.2430971546631122 3.6322974524574207 -6.5559561356612752
2.2446679509899075 3.6204085512378863 -8.0868927497207128
2.2462387473167023 3.6067720845034508 -8.9989390371367541
2.2478095436434971 3.5920996382552146 -9.7169230849664885
2.2493803399702919 3.5761958854907299 -10.695608950399064
2.2509511362970871 3.5583911907139041 -12.138031178951977
2.2525219326238819 3.5378706877401322 -14.055139599966978
2.2540927289506767 3.5139799037181279 -16.28616375468016
2.2556635252774715 3.4864484357195558 -18.576959574481531
2.2572343216042663 3.4554085049131289 -20.709492259834196
2.2588051179310615 3.4212372901784529 -22.580043792444734
2.2603759142578563 3.3843687930275843 -24.187018125884254
2.2619467105846511 3.3451807936408087 -25.549759447988645
2.2635175069114459 3.304055106847517 -26.656991468875233
2.2650883032382412 3.2614077449802918 -27.550053416265737
2.266659099565036 3.2174852802035301 -28.406323403502292
2.2682298958918308 3.1721440996366947 -29.479534897086776
2.2698006922186256 3.124830605880569 -31.004874636883521
2.2713714885454204 3.0746554103039019 -33.21018977646019
2.2729422848722156 3.0203331370845445 -36.393022919718447
2.2745130811990104 2.9600091701233531 -40.826221955894681
2.2760838775258052 2.8915612552854952 -46.231104115332258
2.2776546738526 2.8142283548354659 -51.209921246942748
2.2792254701793953 2.7304203550083002 -53.731791268744715
2.2807962665061901 2.6454164824927373 -52.483447042705784
2.2823670628329848 2.5653887024521111 -47.61339179287593
2.2839378591597796 2.495191321287074 -40.688074568256162
2.2855086554865744 2.4365304902184941 -33.801660332685863
2.2870794518133697 2.3880357863108754 -28.154260181625538
2.2886502481401645 2.34739014147921 -23.672680747261165
2.2902210444669593 2.3131227996709383 -19.448254086170767
2.2917918407937541 2.285563779020694 -13.615751722573849
2.2933626371205493 2.2680893534845716 -5.3678669129965719
2.2949334334473441 2.262532873953409 0
2.2965042297741389 2.2646812620460866 2.3159007977936783
2.2980750261009337 2.2765413640932453 10.417589849557633
2.2996458224277285 2.3029239028425095 19.341385430014906
2.3012166187545238 2.3387329000072157 22.441216683904855
2.3027874150813186 2.3734422131229134 17.360658825823112
2.3043582114081134 2.3958990861609588 6.7098199106861065
2.3059290077349082 2.4027848184532195 0
2.307499804061703 2.4015778364139049 -1.305345443938009
2.3090706003884982 2.3947700927013451 -6.0458627450120836
2.310641396715293 2.3790728082911472 -11.928184031464294
2.3122121930420878 2.3558368932556637 -16.393180419431712
2.3137829893688826 2.3269618893004336 -20.032742924427836
2.3153537856956778 2.2923907880859069 -24.194602248676578
2.3169245820224726 2.2501950011240819 -29.905396183548532
2.3184953783492674 2.1972191631703786 -37.226805450987214
2.3200661746760622 2.1319692634560319 -44.357735110462521
2.321636971002857 2.0572207688478192 -48.671766017495536
2.3232077673296523 1.9789828097848254 -48.738190814106908
2.3247785636564471 1.9040345785631918 -44.800765441649453
2.3263493599832419 1.8377105724233151 -38.691270373943077
2.3279201563100367 1.7816258661652951 -32.719377646078861
2.3294909526368319 1.7341959880028703 -27.77484599029253
2.3310617489636267 1.6938045227429588 -23.381296997235104
2.3326325452904215 1.6601319559412602 -18.764551634889834
2.3342033416172163 1.6339235403748822 -13.113041942931822
2.3357741379440111 1.6169575680442754 -6.0659773488390316
2.3373449342708064 1.6103331646884622 -0.84852603967437024
2.3389157305976012 1.6095921900807133 0
2.340486526924396 1.614276751000888 4.4247481958774664
2.3420573232511908 1.627738066119315 9.90767125285576
2.343628119577986 1.6461802446745522 11.316039847084394
2.3451989159047808 1.6633350145355381 8.8864629814391147
2.3467697122315756 1.6751016963290286 4.2337075148918615
2.3483405085583704 1.679736627413108 0.42269222869041284
2.3499113048851652 1.6800942222077033 0
2.3514821012119604 1.6754231747613784 -4.2866546107224881
2.3530528975387552 1.6633661662265997 -8.8500893453482377
2.35462369386555 1.6469533807553995 -11.34505336729622
2.3561944901923448 1.6274603924860371 -13.371611367934479
2.3577652865191401 1.6046912590694657 -15.811605070015245
2.3593360828459349 1.5773737275823445 -19.145082206176667
2.3609068791727297 1.5439269591829856 -23.130916608731035
2.3624776754995245 1.5041602612162632 -26.443282448849267
2.3640484718263193 1.4606879738210992 -27.270164823996048
2.3656192681531145 1.4184701470634113 -24.697444977394913
2.3671900644799093 1.3825851720691911 -19.520811037345737
2.3687608608067041 1.3558170789836475 -13.668306941687471
2.3703316571334989 1.3378942551835467 -8.812207888062316
2.3719024534602942 1.3266191658171971 -5.5558665420114011
2.373473249787089 1.3195006740827813 -3.6656137984427009
2.3750440461138838 1.3146666664408033 -2.6458511574466144
2.3766148424406786 1.311021733392681 -1.9573873982775225
2.3781856387674734 1.3083630471336145 -0.95491544513594961
2.3797564350942686 1.3073183634704901 0
2.3813272314210634 1.3079004358484911 0.58657496782539276
2.3828980277478582 1.3101097236600456 1.7532190798624054
2.384468824074653 1.3137647609345806 2.2593967060364193
2.3860396204014482 1.3172138010589547 1.3007680236836885
2.387610416728243 1.3186653884209241 0.037874723744428386
2.3891812130550378 1.3186957574995017 0
2.3907520093818326 1.3151949559179619 -3.480723134139811
2.3923228057086274 1.3027181246541018 -10.288801145109773
2.3938936020354227 1.2797831254235521 -16.873454098519804
2.3954643983622175 1.2483925161045148 -21.681403606779611
2.3970351946890123 1.2111739327532676 -24.897135695582602
2.3986059910158071 1.1699736917980823 -27.109458194218849
2.4001767873426019 1.1259109568779861 -28.827135883197602
2.4017475836693971 1.0793412272216834 -30.446312239841109
2.4033183799961919 1.0301915057319369 -31.963397079405308
2.4048891763229867 0.97887867895961234 -32.944250705332053
2.4064599726497815 0.92668662103332 -32.932046014773974
2.4080307689765768 0.87541147950670195 -31.743554551985994
2.4096015653033716 0.82688556982580996 -29.477277643115634
2.4111723616301663 0.78261110959797975 -26.490000531454747
2.4127431579569611 0.74336237297899233 -23.465572058241477
2.4143139542837559 0.70861767626901373 -21.217398528540659
2.4158847506105512 0.67659497815719216 -20.258153695514068
2.417455546937346 0.64497229532236966 -20.729641032033101
2.4190263432641408 0.6114133736310392 -22.539295439653579
2.4205971395909356 0.57394816699647344 -25.274283786448709
2.4221679359177308 0.5317281502738328 -28.067030238680481
2.4237387322445256 0.48560012302931688 -30.012114692577168
2.4253095285713204 0.43739664798040673 -30.825310730892493
2.4268803248981152 0.38875759414418587 -30.755764092394056
2.42845112122491 0.34077017097831402 -30.177236645452705
2.4300219175517053 0.29393891160523988 -29.556452902563631
2.4315927138785001 0.24790892177887147 -29.503080843344744
2.4331635102052949 0.20124795429832096 -30.304230648878814
2.4347343065320897 0.15266665449541067 -31.122028202888998
2.4363051028588849 0.10347136355488933 -29.965788557260019
2.4378758991856797 0.05835035238775442 -24.86901550923519
2.4394466955124745 0.023909401222233888 -15.47890761413049
2.4410174918392693 0.0051199028088361439 -5.1229288271431557
2.4425882881660641 0 0
2.4441590844928593 0.00056804371951401104 0.62148246706866184
2.4457298808196541 0.0040368253332360828 3.1687641185292721
2.4473006771464489 0.01284554741315571 6.8973572987975365
2.4488714734732437 0.026915325500521239 9.9343688116175421
2.450442269800039 0.044431285304527099 11.704938086989694
2.4520130661268338 0.06377843843776361 12.806031704557753
2.4535838624536286 0.08472620037573457 14.116297793908831
2.4551546587804234 0.10827854117217259 15.93650109566609
2.4567254551072182 0.13499085183755594 17.5552847590724
2.4582962514340134 0.16348778200764014 17.686149448669948
2.4598670477608082 0.190588587359274 15.374571748425449
2.461437844087603 0.21236779040442347 10.526102930032547
2.4630086404143978 0.22569315687568176 4.7563713634383653
2.4645794367411931 0.23088401095333408 1.0005988977964957
2.4661502330679879 0.23181008184729182 0
2.4677210293947827 0.2309732099002246 -0.82803198433518377
2.4692918257215775 0.2280555768289089 -2.3928788276925377
2.4708626220483723 0.22277439921140393 -3.9295369706648424
2.4724334183751675 0.2153486196454566 -5.432514930057633
2.4740042147019623 0.20531932141550258 -7.572951085356018
2.4755750110287571 0.1907041458245759 -11.075023312790982
2.4771458073555519 0.16921860213040685 -15.291085838114359
2.4787166036823467 0.14198835019375136 -17.369995262810985
2.4802874000091419 0.11464893424246791 -14.648678609494651
2.4818581963359367 0.094784474530501733 -7.5572832298716257
2.4834289926627315 0.086319748261495452 -1.5142837673975573
2.4849997889895263 0.084936014429327508 0
2.4865705853163216 0.090018536399174842 5.0121092756049732
2.4881413816431164 0.10747664825399468 14.06504265519655
2.4897121779699112 0.13755622570698117 21.69753885806178
2.491282974296706 0.17687036541869344 27.19124976435829
2.4928537706235008 0.22362293189383342 32.102442239872069
2.494424566950296 0.27834978408649791 38.225205525467132
2.4959953632770908 0.34485535542924495 47.284370994434191
2.4975661596038856 0.42895294838539172 58.968262346965759
2.4991369559306804 0.5320351113601508 69.273378413966526
2.5007077522574757 0.64725673785532178 73.465383176162831
2.5022785485842705 0.76283396733431408 69.851586254216542
2.5038493449110653 0.86726650713202902 60.386645621081463
2.5054201412378601 0.95415331373715984 49.540389462525539
2.5069909375646549 1.0246164741897255 40.755352218236411
2.5085617338914501 1.0832701636734658 33.903055925314099
2.5101325302182449 1.1320361945302255 26.856996924550579
2.5117033265450397 1.1692081027389911 18.198355235224106
2.5132741228718345 1.192430161592503 8.9501974769681087
2.5148449191986297 1.2025112377511544 2.2743989853370636
2.5164157155254245 1.2046822347308754 0
2.5179865118522193 1.2012462134973598 -3.4584084894703939
2.5195573081790141 1.1882799735653113 -10.741626386085189
2.5211281045058089 1.1641311341160758 -17.492902490544843
2.5226989008326042 1.1322598511796407 -21.182777116854325
2.524269697159399 1.0974543523950335 -21.857356623415516
2.5258404934861938 1.0635803075094603 -20.733321362720091
2.5274112898129886 1.032221704167952 -19.346770116297147
2.5289820861397838 1.0027425736921274 -18.512899675518842
2.5305528824665786 0.97405105066008635 -18.179683244311093
2.5321236787933734 0.94562815096484309 -18.040271126544877
2.5336944751201682 0.9173753568677151 -17.908409573123212
2.535265271446963 0.88936616823937242 -17.741186713854479
2.5368360677737583 0.86163835456717619 -17.634554280717605
2.5384068641005531 0.8339655274860992 -17.630596327414271
2.5399776604273478 0.80625017000915922 -17.366099538917815
2.5415484567541426 0.77939476519988637 -16.175129778614632
2.5431192530809379 0.75528642764899634 -13.613136772980491
2.5446900494077327 0.73607442130936895 -9.6947215289018196
2.5462608457345275 0.72346129612212651 -4.7151009900634158
2.5478316420613223 0.71821888504915909 -0.83299657453586806
2.5494024383881171 0.71747136301805359 0
2.5509732347149123 0.71947250097542248 1.8611776953814789
2.5525440310417071 0.72489583083102616 4.0934131179420037
2.5541148273685019 0.7327911465178446 5.4993123350736131
2.5556856236952967 0.74232679234270071 6.3638347666402222
2.557256420022092 0.75283048701179411 7.0557982611568226
2.5588272163488868 0.76456091997163345 8.2178188602128497
2.5603980126756816 0.77891057466214142 10.217741136605392
2.5619688090024764 0.79711802245772578 12.582362793106324
2.5635396053292712 0.81873038001792442 14.113430368720248
2.5651104016560664 0.84148613792446025 13.809954570676707
2.5666811979828612 0.86221053548020776 11.499120431328345
2.568251994309656 0.87821754180115696 7.9459138916603704
2.5698227906364508 0.88844608503151679 4.4698457978631279
2.5713935869632456 0.89379124169893043 2.0523091888331964
2.5729643832900408 0.89609906693762109 0.62077733625922626
2.5745351796168356 0.8967172161956265 0
2.5761059759436304 0.89630310251578282 -0.34231799651195521
2.5776767722704252 0.89553662421337021 -0.30734996125392738
2.5792475685972205 0.89518425959080117 0
2.5808183649240153 0.8955124536936625 0.31275542734015088
2.5823891612508101 0.89648895740166712 0.69295915267947272
2.5839599575776049 0.89771846587577198 0.52151138988895718
2.5855307539043997 0.89833267561562136 0.03988700803622261
2.5871015502311949 0.89836568648650905 0
2.5886723465579897 0.89741257351604997 -0.9002171805831839
2.5902431428847845 0.89467416591120641 -2.116538069517901
2.5918139392115793 0.8904438919660399 -3.0868845326090142
2.5933847355383746 0.88476453234996977 -4.1059942358926538
2.5949555318651694 0.87730277473985363 -5.3348238642123382
2.5965263281919642 0.86774702454932351 -6.7468292135841885
2.598097124518759 0.85585184936813152 -8.3763404370159229
2.5996679208455538 0.84113223779598933 -10.459469229120549
2.601238717172349 0.82254288127793473 -13.268777740278146
2.6028095134991438 0.79882559349668314 -16.59516243840952
2.6043803098259386 0.76989057493134561 -19.464283389441039
2.6059511061527334 0.73747981448844169 -20.853860284735372
2.6075219024795286 0.70436875586440495 -20.475967636466933
2.6090926988063234 0.6730999483625475 -18.910935529618705
2.6106634951331182 0.64480937479056721 -17.179165309780583
2.612234291459913 0.61901481819112614 -15.824298756452581
2.6138050877867078 0.59503007513117423 -14.45745565287625
2.6153758841135031 0.57346666412588765 -12.277795412689608
2.6169466804402979 0.55602311015118167 -8.7123578808000435
2.6185174767670927 0.54476362648248078 -3.7098704717281206
2.6200882730938875 0.54083264222261529 -0.14607050646379086
2.6216590694206827 0.54071446992478356 0
2.6232298657474775 0.54749535878626254 6.6607213568695283
2.6248006620742723 0.57038750031504037 18.517063454466449
2.6263714584010671 0.61026432021058552 28.855891835953358
2.6279422547278619 0.66276644015769004 35.716130686100719
2.6295130510546572 0.72300008989383302 39.697107551556662
2.631083847381452 0.78763361776977869 42.241361712139238
2.6326546437082468 0.85579918256576759 44.722179003901395
2.6342254400350416 0.92826391540005693 47.420596765839782
2.6357962363618368 1.0048916198383036 49.362824874842687
2.6373670326886316 1.0833637367284599 49.373253102742716
2.6389378290154264 1.1600234435154342 47.049842490822449
2.6405086253422212 1.2313661872503152 42.987595633532202
2.642079421669016 1.2954608474204845 38.413101529480386
2.6436502179958112 1.3524602382608413 34.205135991960553
2.645221014322606 1.4032743069680182 30.136189087145446
2.6467918106494008 1.4475810432049743 25.168089065075403
2.6483626069761956 1.4832704622388813 18.179900588628239
2.6499334033029909 1.5070708895342411 8.4069348977751712
2.6515041996297857 1.5162087298728717 0.79079873341464446
2.6530749959565805 1.5168751154532887 0
2.6546457922833753 1.5112350085650323 -5.4758610253727751
2.6562165886101701 1.4931246428949796 -14.718592042487726
2.6577873849369653 1.4611640482644728 -23.132342531615851
2.6593581812637601 1.4190641058002009 -27.424178116683819
2.6609289775905549 1.3749619462458909 -26.620680200688749
2.6624997739173497 1.3352073703548319 -23.342497270239111
2.6640705702441445 1.3011841014273227 -20.387264835155833
2.6656413665709398 1.2709370200181489 -18.358584741010748
2.6672121628977346 1.2433833941244998 -16.153848780292705
2.6687829592245293 1.2198687627994884 -12.566581517541362
2.6703537555513241 1.2028598684567708 -7.456043619947577
2.6719245518781194 1.1939291710480324 -2.3836481241693308
2.6734953482049142 1.1915605271166763 0
2.675066144531709 1.1964665453469427 5.1106672261292543
2.6766369408585038 1.2185404133243309 18.915708024069048
2.6782077371852986 1.2639768005600456 33.513175588736765
2.6797785335120938 1.3265416485577086 41.96029791604527
2.6813493298388886 1.3961771318462459 43.865085514266447
2.6829201261656834 1.4643631235056291 41.345130501092719
2.6844909224924782 1.5263608485646969 37.23466913284976
2.6860617188192735 1.5817153540646132 33.424058782769755
2.6876325151460683 1.6316451327703489 29.915035352057863
2.6892033114728631 1.6760230460091341 25.734362029663703
2.6907741077996579 1.7131391115249304 20.190877214737913
2.6923449041264527 1.7408264216822438 12.963357247267366
2.6939157004532479 1.7569292946303032 4.7682733847854308
2.6954864967800427 1.7618091890830601 0
2.6970572931068375 1.7609776147599925 -0.88473151217396306
2.6986280894336323 1.7567508400921068 -3.5031482951395683
2.7001988857604275 1.7488686802301094 -5.0921067139517842
2.7017696820872223 1.7407500194343231 -4.1344344818053722
2.7033404784140171 1.7353383762724131 -1.7053772784680696
2.7049112747408119 1.7335584343891124 0
2.7064820710676067 1.7362547752057071 2.7182758330044146
2.708052867394402 1.7465083787989766 8.2505428958656459
2.7096236637211968 1.764115493507654 11.81351089351022
2.7111944600479916 1.7837298637825996 11.298419666670851
2.7127652563747864 1.7999350085801753 7.4264965199994544
2.7143360527015816 1.8090477284952196 2.4759050440461614
2.7159068490283764 1.8115198219556259 0
2.7174776453551712 1.8101337208066415 -1.3656254494170648
2.719048441681966 1.8053921583783219 -3.7918699836472043
2.7206192380087608 1.7973845023817627 -5.5905695833676292
2.7221900343355561 1.7876632347332679 -6.3183474604786136
2.7237608306623509 1.777526120329842 -6.5099267931371134
2.7253316269891457 1.7672101321944926 -6.9861709566108567
2.7269024233159405 1.75548879617311 -8.4956763264638724
2.7284732196427357 1.7399980367965053 -11.10354765451695
2.7300440159695305 1.7200439317956557 -13.180593141344522
2.7316148122963253 1.6985314133643705 -12.679603449845915
2.7331856086231201 1.6799894741606278 -9.2809826988051558
2.7347564049499149 1.6679783592927737 -3.8527268048782242
2.7363272012767101 1.6639334001798161 0
2.7378979976035049 1.6649633240564548 1.0991845992516216
2.7394687939302997 1.670299400749224 4.5312761596644888
2.7410395902570945 1.6809848087064743 7.7167276438955179
2.7426103865838893 1.694988102410915 9.5618011612481553
2.7441811829106846 1.7111831702976867 10.835541596232908
2.7457519792374794 1.7291176049013559 11.867924349270938
2.7473227755642742 1.7485254938450541 12.746579624426371
2.748893571891069 1.7692023368221399 13.504811939924927
2.7504643682178642 1.7909806908102921 14.172829221776288
2.752035164544659 1.8137496198965304 14.807369194362659
2.7536059608714538 1.8375210055342519 15.524688637904886
2.7551767571982486 1.8625545065158782 16.525151051336415
2.7567475535250434 1.8895071462838169 18.076198046066022
2.7583183498518387 1.9195054340747064 20.370766212692811
2.7598891461786335 1.9537895384589075 23.211293591868632
2.7614599425054283 1.992720834043006 25.792440569717343
2.7630307388322231 2.0349531355328767 27.045053723825422
2.7646015351590183 2.0776883528556334 26.365741316269293
2.7661723314858131 2.1178626564021079 24.005806502793032
2.7677431278126079 2.153390064556147 20.818043116009644
2.7693139241394027 2.1836810675492226 17.655458581365583
2.7708847204661975 2.2092546760818301 14.944694079156895
2.7724555167929927 2.2309494970774399 12.694292564247213
2.7740263131197875 2.2493975687890906 10.733103884553477
2.7755971094465823 2.2649204257468405 8.9138783909748636
2.7771679057733771 2.277672802451304 7.201982083404606
2.7787387021001724 2.2878381518017554 5.6724108674095017
2.7803094984269672 2.2957690957250261 4.4744354372017998
2.781880294753762 2.3020794261609665 3.7319323928478356
2.7834510910805568 2.3075527592938943 3.4519106650888123
2.7850218874073516 2.3129248681093513 3.5674798703375679
2.7865926837341468 2.3187812107235302 3.9845010719883209
2.7881634800609416 2.3255019564442709 4.5587393104066658
2.7897342763877364 2.3331645919095534 5.0995364758049373
2.7913050727145312 2.3415556766950711 5.4884629349455993
2.7928758690413265 2.350420090451157 5.7668071603195994
2.7944466653681213 2.3596813231332443 6.0483745034782261
2.7960174616949161 2.369434338792483 6.4166288299242158
2.7975882580217108 2.379862332581387 6.9072786946941065
2.7991590543485056 2.3911697789295516 7.5187321145900281
2.8007298506753009 2.4035299509503552 8.2164548427549509
2.8023006470020957 2.4170330394180066 8.9288672407201268
2.8038714433288905 2.4316228527315609 9.5443695804625985
2.8054422396556853 2.4470403929036877 9.9295044879739951
2.8070130359824805 2.4628215489708039 10.00034872669171
2.8085838323092753 2.4784580807423824 9.8256092842885199
2.8101546286360701 2.4936947888292993 9.636649571789988
2.8117254249628649 2.5087337991907472 9.6100270031646957
2.8132962212896597 2.5238860034535615 9.6774195393951619
2.814867017616455 2.5391366279278929 9.7088490813102428
2.8164378139432498 2.5543872524022202 9.7088490813102037
2.8180086102700446 2.5696378768765471 9.7088490813100616
2.8195794065968394 2.584888501350874 9.7088490813101025
2.8211502029236346 2.6001391258252053 9.7088490813101025
2.8227209992504294 2.6153897502995322 9.7088490813100616
2.8242917955772242 2.6306403747738591 9.7088490813102037
2.825862591904019 2.6458909992481865 9.7088490813102037
2.8274333882308138 2.6611416237225134 9.7088490813101025
2.829004184557609 2.6763922481968447 9.7088490813101025
2.8305749808844038 2.6916428726711716 9.7088490813100616
2.8321457772111986 2.7068934971454985 9.7088490813102037
2.8337165735379934 2.7221441216198259 9.7088490813102037
2.8352873698647882 2.7373947460941528 9.7088490813101025
2.8368581661915835 2.7526453705684841 9.7088490813101025
2.8384289625183783 2.767895995042811 9.7088490813100616
2.8399997588451731 2.7831466195171379 9.7088490813100616
2.8415705551719679 2.7983972439914648 9.7088490813101025
2.8431413514987631 2.8136478684657962 9.7088490813102428
2.8447121478255579 2.8288984929401235 9.7088490813102037
2.8462829441523527 2.8441491174144504 9.7088490813100616
2.8478537404791475 2.8593997418887773 9.7088490813100616
2.8494245368059423 2.8746503663631042 9.7088490813101025
2.8509953331327376 2.8899009908374356 9.7088490813101025
2.8525661294595324 2.9051516153117625 9.7088490813102037
2.8541369257863272 2.9204022397860898 9.7088490813102037
2.855707722113122 2.9356528642604167 9.7088490813101025
2.8572785184399172 2.9509034887347481 9.7088490813101025
2.858849314766712 2.966154113209075 9.7088490813100616
2.8604201110935068 2.9814047376834019 9.7088490813100616
2.8619909074203016 2.9966553621577288 9.7088490813102037
2.8635617037470964 3.0119059866320561 9.7088490813102428
2.8651325000738916 3.0271566111063875 9.7088490813101025
2.8667032964006864 3.0424072355807144 9.7088490813100616
2.8682740927274812 3.0576578600550413 9.7088490813100616
2.869844889054276 3.0729084845293682 9.7088490813101025
2.8714156853810713 3.0881591090036995 9.7088490813101025
2.8729864817078661 3.1034097334780264 9.7088490813102037
2.8745572780346609 3.1186603579523537 9.7088490813102037
2.8761280743614557 3.1339109824266806 9.7088490813100616
2.8776988706882505 3.1491616069010075 9.7088490813101025
2.8792696670150457 3.1644122313753389 9.7088490813101025
2.8808404633418405 3.1796628558496658 9.7088490813102037
2.8824112596686353 3.1949134803239931 9.7088490813102037
2.8839820559954301 3.21016410479832 9.7088490813101025
2.8855528523222254 3.2254147292726514 9.7088490813101025
2.8871236486490202 3.2406653537469783 9.7088490813100616
2.888694444975815 3.2559159782213052 9.7088490813102037
2.8902652413026098 3.2711666026956325 9.7088490813102037
2.8918360376294046 3.2864172271699594 9.7088490813101025
2.8934068339561998 3.3016678516442908 9.7088490813101025
2.8949776302829946 3.3169184761186177 9.7088490813100616
2.8965484266097894 3.3321691005929446 9.7088490813100616
2.8981192229365842 3.3474197250672715 9.7088490813101025
2.8996900192633794 3.3626703495416028 9.7088490813102428
2.9012608155901742 3.3779209740159302 9.7088490813102037
2.902831611916969 3.3931715984902571 9.7088490813100616
2.9044024082437638 3.408422222964584 9.7088490813100616
2.9059732045705586 3.4236728474389109 9.7088490813101025
2.9075440008973539 3.4389234719132422 9.7088490813101025
2.9091147972241487 3.4541740963875691 9.7088490813100616
2.9106855935509435 3.469424720861896 9.7088490813102037
2.9122563898777383 3.4846753453362234 9.7088490813102037
2.9138271862045331 3.4999259698105503 9.7088490813101025
2.9153979825313283 3.5151765942848816 9.7088490813101025
2.9169687788581231 3.5304272187592085 9.7088490813100616
2.9185395751849179 3.5456778432335354 9.7088490813100616
2.9201103715117127 3.5609284677078623 9.7088490813101025
2.921681167838508 3.5761790921821937 9.7088490813101025
2.9232519641653028 3.5914297166565206 9.7088490813100616
2.9248227604920976 3.6066803411308475 9.7088490813100616
2.9263935568188923 3.6219309656051744 9.7088490813100616
2.9279643531456871 3.6371815900795013 9.7088490813101025
2.9295351494724824 3.6524322145538326 9.7088490813101025
2.9311059457992772 3.6676828390281595 9.7088490813100616
2.932676742126072 3.6829334635024864 9.7088490813100616
2.9342475384528668 3.6981840879768133 9.7088490813101025
2.935818334779662 3.7134347124511446 9.7088490813101025
2.9373891311064568 3.7286853369254715 9.7088490813100616
2.9389599274332516 3.7439359613997985 9.7088490813100616
2.9405307237600464 3.7591865858741254 9.7088490813100616
2.9421015200868412 3.7744372103484523 9.7088490813101025
2.9436723164136365 3.7896878348227836 9.7088490813101025
2.9452431127404313 3.8049384592971105 9.7088490813100616
2.9468139090672261 3.8201890837714374 9.7088490813100616
2.9483847053940209 3.8354397082457643 9.7088490813101025
2.9499555017208161 3.8506903327200956 9.7088490813101025
2.9515262980476109 3.8659409571944225 9.7088490813100616
2.9530970943744057 3.8811915816687494 9.7088490813100616
2.9546678907012005 3.8964422061430763 9.7088490813100616
2.9562386870279953 3.9116928306174032 9.7088490813101025
2.9578094833547905 3.9269434550917346 9.7088490813101025
2.9593802796815853 3.9421940795660615 9.7088490813100616
2.9609510760083801 3.9574447040403884 9.7088490813102037
2.9625218723351749 3.9726953285147157 9.7088490813102428
2.9640926686619702 3.9879459529890471 9.7088490813101025
2.965663464988765 4.003196577463374 9.7088490813099213
2.9672342613155598 4.0184472019377004 9.7088490813100616
2.9688050576423546 4.0336978264120278 9.7088490813103441
2.9703758539691494 4.0489484508863551 9.7088490813101025
2.9719466502959446 4.064199075360686 9.7088490813101025
2.9735174466227394 4.0794496998350134 9.7088490813100616
2.9750882429495342 4.0947003243093398 9.7088490813100616
2.976659039276329 4.1099509487836672 9.7088490813101025
2.9782298356031243 4.1252015732579981 9.7088490813101025
2.9798006319299191 4.1404521977323254 9.7088490813103441
2.9813714282567139 4.1557028222066528 9.7088490813100616
2.9829422245835087 4.1709534466809792 9.7088490813100616
2.9845130209103035 4.1862040711553066 9.7088490813101025
2.9860838172370987 4.2014546956296375 9.7088490813101025
2.9876546135638935 4.2167053201039648 9.7088490813103441
2.9892254098906883 4.2319559445782922 9.7088490813103441
2.9907962062174831 4.2472065690526195 9.7088490813103832
2.9923670025442783 4.2624571935269513 9.7088490813103832
2.9939377988710731 4.2777078180012786 9.7088490813100616
2.9955085951978679 4.2929584424756051 9.7088490813097792
2.9970793915246627 4.3082090669499316 9.7088490813100616
2.9986501878514575 4.3234596914242589 9.7088490813101025
3.0002209841782528 4.3387103158985898 9.7088490813101025
3.0017917805050476 4.3539609403729171 9.7088490813103441
3.0033625768318424 4.3692115648472445 9.7088490813103441
3.0049333731586372 4.3844621893215718 9.7088490813103441
3.006504169485432 4.3997128137958992 9.7088490813101025
3.0080749658122272 4.4149634382702301 9.7088490813101025
3.009645762139022 4.4302140627445574 9.7088490813100616
3.0112165584658168 4.4454646872188839 9.7088490813100616
3.0127873547926116 4.4607153116932112 9.7088490813101025
3.0143581511194069 4.4759659361675421 9.7088490813101025
3.0159289474462017 4.4912165606418695 9.7088490813103441
3.0174997437729965 4.5064671851161968 9.7088490813100616
3.0190705400997913 4.5217178095905233 9.7088490813100616
3.0206413364265861 4.5369684340648506 9.7088490813101025
3.0222121327533813 4.5522190585391815 9.7088490813101025
3.0237829290801761 4.5674696830135089 9.7088490813103441
3.0253537254069709 4.5827203074878362 9.7088490813103441
3.0269245217337657 4.5979709319621636 9.7088490813101025
3.0284953180605609 4.6132215564364945 9.7088490813101025
3.0300661143873557 4.6284721809108218 9.7088490813103441
3.0316369107141505 4.6437228053851491 9.7088490813103441
3.0332077070409453 4.6589734298594765 9.7088490813103441
3.0347785033677401 4.6742240543338038 9.7088490813101025
3.0363492996945354 4.6894746788081347 9.7088490813101025
3.0379200960213302 4.7047253032824621 9.7088490813103441
3.039490892348125 4.7199759277567894 9.7088490813103441
3.0410616886749198 4.7352265522311168 10.499233461401904
3.042632485001715 4.7531803001184967 14.226376871857411
3.0442032813285098 4.7827662441551686 22.08448732857071
3.0457740776553046 4.8246891936932004 30.112269634715677
3.0473448739820994 4.878949148732592 38.069086044092025
3.0489156703088942 4.9455461092733444 45.991032251796589
3.0504864666356895 5.0244800753154806 53.893273289208167
3.0520572629624843 5.1157510468589571 61.783293888649361
3.0536280592892791 5.2193590239037926 69.665214157016152
3.0551988556160738 5.3353040064499888 77.541489199790973
3.0567696519428691 5.4635859944975831 85.413673013068461
3.0583404482696639 5.6042049880465035 93.282797159931249
3.0599112445964587 5.7571609870967837 101.14957329297155
3.0614820409232535 5.9224539916484238 109.01450824535468
3.0630528372500483 6.1000840017014246 116.87797277072092
3.0646236335768435 6.2900510172558404 124.74024434048009
3.0661944299036383 6.4923550383115654 132.60153474512845
3.0677652262304331 6.7069960648686502 140.46200844277701
3.0693360225572279 6.9339740969270949 148.32179508217439
3.0709068188840232 7.1732891344869687 156.18099824959205
3.072477615210818 7.4249411775481384 164.03970170441499
3.0740484115376128 7.6889302261106671 171.897973906218
3.0756192078644076 7.9652562801745557 179.75587135560531
3.0771900041912024 8.2539193397398058 187.613441096277
3.0787608005179976 8.5549194048065011 195.47072261415093
3.0803315968447924 8.8682564753744728 203.32774929649634
3.0819023931715872 9.1939305514438061 211.18454956559071
3.083473189498382 9.5319416330144993 219.04114776856275
3.0850439858251772 9.8822897200866535 226.89756488248165
3.086614782151972 10.244974812660072 234.75381907794096
3.0881855784787668 10.619996910734848 242.60992617321654
3.0897563748055616 11.007356014310984 250.46590000298727
3.0913271711323564 11.407052123388482 258.32175271980725
3.0928979674591517 11.819085237967458 266.17749504222257
3.0944687637859465 12.243455358047679 274.0331364602261
3.0960395601127413 12.68016248362926 281.88868540637833
3.0976103564395361 13.129206614712203 289.74414939909275
3.0991811527663309 13.590587751296503 297.59953516324543
3.1007519490931261 14.064305893382301 305.45484873217674
3.1023227454199209 14.550361040969326 313.31009553434836
3.1038935417467157 15.048753194057714 321.16528046729934
3.1054643380735105 15.559482352647459 329.02040796100385
3.1070351344003058 16.082548516738715 336.87548203236679
3.1086059307271006 16.617951686331182 344.73050633227103
3.1101767270538954 17.165691861425014 352.5854841863412
3.1117475233806902 17.725769042020204 360.44041863037398
3.113318319707485 18.298183228116756 368.29531244124217
3.1148891160342802 18.882934419714832 376.15016816391955
3.116459912361075 19.480022616814107 384.00498813519147
3.1180307086878698 20.08944781941474 391.85977450452134
3.1196015050146646 20.711210027516735 399.7145292524504
3.1211723013414598 21.345309241120269 407.56925420687213
3.1227430976682546 21.99174546022499 415.42395105745453
3.1243138939950494 22.650518684831066 423.27862136847398
3.1258846903218442 23.321628914938508 431.13326659022948
3.127455486648639 24.005076150547303 438.98788806923812
3.1290262829754343 24.700860391657663 446.84248705735683
3.1305970793022291 25.408981638269186 454.69706471994846
3.1321678756290239 26.129439890382066 462.55162214324116
3.1337386719558187 26.862235147996309 470.40616034092056
3.1353094682826139 27.607367411112122 478.26068026009136
3.1368802646094087 28.364836679729091 486.11518278665091
3.1384510609362035 29.134642953847422 493.96966875015534
3.1400218572629983 29.916786233467104 501.82413892824098
3.1415926535897931 30.71126651858815 509.70884908131205
