# q  U_kJmol  dU_dq   # conservative spline pchip_hermite_v1
0 42.425627084816291 -505.43412235639562
0.0015707963267948967 41.637861524732742 -497.54914821365026
0.0031415926535897933 40.86243297015055 -489.69466953742267
0.0047123889803846897 40.099341421069717 -481.84017465871841
0.0062831853071795866 39.348586877490249 -473.98566277216185
0.0078539816339744835 38.610169339412153 -466.13113301811245
0.0094247779607693795 37.884088806835408 -458.27658447799541
0.010995574287564277 37.170345279760014 -450.42201616915474
0.012566370614359173 36.468938758185999 -442.56742703920781
0.014137166941154069 35.77986924211335 -434.71281595973068
0.015707963267948967 35.103136731542051 -426.85818171923751
0.017278759594743863 34.438741226472111 -419.0035230154113
0.018849555921538759 33.78668272690355 -411.14883844645959
0.020420352248333655 33.146961232836333 -403.29412650138732
0.021991148575128554 32.519576744270481 -395.43938554916065
0.02356194490192345 31.904529261205994 -387.58461382657441
0.025132741228718346 31.301818783642865 -379.72980942455189
0.026703537555513242 30.711445311581102 -371.87497027276027
0.028274333882308138 30.133408845020696 -364.02009412221076
0.029845130209103038 29.567709383961656 -356.16517852556478
0.031415926535897934 29.014346928403977 -348.31022081477687
0.03298672286269283 28.473321478347657 -340.45521807562835
0.034557519189487726 27.944633033792705 -332.60016711868332
0.036128315516282622 27.428281594739111 -324.74506444600433
0.037699111843077518 26.924267161186876 -316.88990621291828
0.039269908169872414 26.432589733136005 -309.03468818397999
0.04084070449666731 25.953249310586497 -301.1794056820217
0.042411500823462213 25.486245893538349 -293.32405352902435
0.043982297150257109 25.031579481991564 -285.46862597723361
0.045553093477052005 24.58925007594614 -277.6131166285839
0.047123889803846901 24.159257675402074 -269.7575183400478
0.048694686130641797 23.741602280359373 -261.90182311196384
0.050265482457436693 23.336283890818038 -254.04602195565622
0.051836278784231589 22.943302506778057 -246.19010473569918
0.053407075111026485 22.562658128239445 -238.33405998103768
0.054977871437821381 22.194350755202191 -230.47787465747871
0.056548667764616277 21.838380387666298 -222.62153389203408
0.058119464091411173 21.494747025631767 -214.76502063681923
0.059690260418206076 21.163450669098598 -206.90831525641724
0.061261056745000972 20.844491318066787 -199.05139501758714
0.062831853071795868 20.537868972536344 -191.19423345327451
0.064402649398590764 20.24358363250726 -183.33679956320589
0.06597344572538566 19.961635297979537 -175.47905679991538
0.067544242052180556 19.692023968953176 -167.62096176988283
0.069115038378975452 19.434749645428177 -159.762462551769
0.070685834705770348 19.189812327404542 -151.9034964932932
0.072256631032565244 18.957212014882263 -144.04398728787405
0.07382742735936014 18.736948707861352 -136.18384104056349
0.075398223686155036 18.529022406341802 -128.32294089061705
0.076969020012949932 18.333433110323607 -120.46113953264138
0.078539816339744828 18.150180819806781 -112.59824861159053
0.080110612666539724 17.979265534791317 -104.73402335281531
0.08168140899333462 17.820687255277207 -96.868139727254899
0.083252205320129516 17.674445981264466 -89.000159549532185
0.084823001646924426 17.540541712753082 -81.129475350581913
0.086393797973719322 17.418974449743061 -73.255219889070645
0.087964594300514218 17.309744192234401 -65.376110671235693
0.089535390627309114 17.212850940227106 -57.490167614942436
0.09110618695410401 17.128294693721173 -49.594164102154686
0.092676983280898906 17.056075452716598 -41.682462834462918
0.094247779607693802 16.996193217213388 -33.744247399826236
0.095818575934488698 16.94864798721154 -25.755801174543898
0.097389372261283594 16.913439762711047 -17.653105204233047
0.09896016858807849 16.890568543711922 -9.5949603976962514
0.10053096491487339 16.879329520862093 -6.1769370768833038
0.10210176124166828 16.870793621425307 -5.4341223563996319
0.10367255756846318 16.86225772198852 -5.4341223563996319
0.10524335389525807 16.853721822551734 -5.4341223563985004
0.10681415022205297 16.845185923114951 -5.4341223563973697
0.10838494654884787 16.836650023678168 -5.4341223563985004
0.10995574287564276 16.828114124241381 -5.4341223563996319
0.11152653920243766 16.819578224804594 -5.4341223563996319
0.11309733552923255 16.811042325367808 -5.4341223563985004
0.11466813185602745 16.802506425931025 -5.4341223563973697
0.11623892818282235 16.793970526494242 -5.4341223563984755
0.11780972450961726 16.785434627057455 -5.4341223563984755
0.11938052083641215 16.776898727620672 -5.4341223563973697
0.12095131716320705 16.768362828183889 -5.4341223563985004
0.12252211349000194 16.759826928747103 -5.4341223563985004
0.12409290981679684 16.75129102931032 -5.4341223563973697
0.12566370614359174 16.742755129873537 -5.4341223563973928
0.12723450247038662 16.734219230436754 -5.4341223563973697
0.12880529879718153 16.725683330999971 -5.4341223563973697
0.13037609512397641 16.717147431563188 -5.4341223563985004
0.13194689145077132 16.708611532126401 -5.434122356399631
0.1335176877775662 16.700075632689614 -5.4341223563985004
0.13508848410436111 16.691539733252831 -5.4341223563973209
0.13665928043115602 16.683003833816048 -5.4341223563973697
0.1382300767579509 16.674467934379265 -5.4341223563973697
0.13980087308474581 16.665932034942482 -5.4341223563973697
0.1413716694115407 16.657396135505699 -5.4341223563985004
0.14294246573833561 16.648860236068913 -5.4341223563985004
0.14451326206513049 16.64032433663213 -5.4341223563973697
0.1460840583919254 16.631788437195347 -5.4341223563985004
0.14765485471872028 16.62325253775856 -5.434122356399631
0.14922565104551519 16.614716638321774 -5.4341223563985004
0.15079644737231007 16.606180738884991 -5.4341223563985004
0.15236724369910498 16.597644839448204 -5.434122356399631
0.15393804002589986 16.589108940011418 -5.4341223563985004
0.15550883635269477 16.580573040574635 -5.4341223563973697
0.15707963267948966 16.572037141137852 -5.4341223563985004
0.15865042900628457 16.563501241701065 -5.4341223563985004
0.16022122533307945 16.554965342264282 -5.4341223563973697
0.16179202165987436 16.546429442827499 -5.4341223563973697
0.16336281798666924 16.537893543390716 -5.4341223563973697
0.16493361431346415 16.529357643953933 -5.4341223563973697
0.16650441064025903 16.52082174451715 -5.4341223563985004
0.16807520696705394 16.512285845080363 -5.4341223563995831
0.16964600329384885 16.503749945643577 -5.4341223563985004
0.17121679962064373 16.495214046206794 -5.4341223563985004
0.17278759594743864 16.486678146770007 -5.4341223563985004
0.17435839227423353 16.478142247333224 -5.4341223563973697
0.17592918860102844 16.469606347896441 -5.4341223563973697
0.17749998492782332 16.461070448459658 -5.4341223563985004
0.17907078125461823 16.452534549022872 -5.4341223563985004
0.18064157758141311 16.443998649586089 -5.4341223563973697
0.18221237390820802 16.435462750149306 -5.4341223563973697
0.1837831702350029 16.426926850712523 -5.4341223563973697
0.18535396656179781 16.41839095127574 -5.4341223563973697
0.18692476288859269 16.409855051838957 -5.4341223563985004
0.1884955592153876 16.40131915240217 -5.4341223563985004
0.19006635554218249 16.392783252965387 -5.4341223563973697
0.1916371518689774 16.384247353528604 -5.4341223563985004
0.19320794819577228 16.375711454091817 -5.434122356399631
0.19477874452256719 16.367175554655031 -5.4341223563985004
0.19634954084936207 16.358639655218248 -5.4341223563985004
0.19792033717615698 16.350103755781461 -5.4341223563985004
0.19949113350295186 16.341567856344678 -5.4341223563973697
0.20106192982974677 16.333031956907895 -5.4341223563984524
0.20263272615654168 16.324496057471109 -5.434122356399631
0.20420352248333656 16.315960158034322 -5.4341223563985004
0.20577431881013147 16.307424258597539 -5.4341223563973697
0.20734511513692636 16.298888359160756 -5.4341223563985004
0.20891591146372127 16.29035245972397 -5.4341223563985004
0.21048670779051615 16.281816560287186 -5.4341223563973697
0.21205750411731106 16.273280660850403 -5.4341223563973697
0.21362830044410594 16.26474476141362 -5.4341223563973697
0.21519909677090085 16.256208861976837 -5.4341223563973697
0.21676989309769573 16.247672962540054 -5.4341223563985004
0.21834068942449064 16.239137063103268 -5.4341223563985004
0.21991148575128552 16.230601163666485 -5.4341223563973697
0.22148228207808043 16.222065264229702 -5.4341223563973697
0.22305307840487532 16.213529364792919 -5.4341223563985004
0.22462387473167023 16.204993465356132 -5.4341223563985004
0.22619467105846511 16.196457565919349 -5.4341223563985004
0.22776546738526002 16.187921666482563 -5.434122356399631
0.2293362637120549 16.179385767045776 -5.4341223563985004
0.23090706003884981 16.170849867608993 -5.4341223563973697
0.23247785636564469 16.16231396817221 -5.4341223563985004
0.2340486526924396 16.153778068735424 -5.4341223563984524
0.23561944901923451 16.145242169298641 -5.4341223563973697
0.23719024534602939 16.136706269861858 -5.4341223563985004
0.2387610416728243 16.128170370425071 -5.4341223563985004
0.24033183799961919 16.119634470988288 -5.4341223563973697
0.2419026343264141 16.111098571551505 -5.4341223563985004
0.24347343065320898 16.102562672114718 -5.434122356399631
0.24504422698000389 16.094026772677932 -5.4341223563985004
0.24661502330679877 16.085490873241149 -5.4341223563985004
0.24818581963359368 16.076954973804362 -5.4341223563985004
0.24975661596038856 16.068419074367579 -5.4341223563973697
0.25132741228718347 16.059883174930796 -5.4341223563984524
0.25289820861397838 16.05134727549401 -5.434122356399679
0.25446900494077324 16.042811376057223 -5.434122356399679
0.25603980126756815 16.034275476620437 -5.4341223563995831
0.25761059759436306 16.02573957718365 -5.4341223563984524
0.25918139392115797 16.017203677746867 -5.4341223563974168
0.26075219024795282 16.008667778310084 -5.4341223563985483
0.26232298657474773 16.000131878873297 -5.4341223563984524
0.26389378290154264 15.991595979436514 -5.4341223563978867
0.26546457922833755 15.98306007999973 -5.4341223563985483
0.2670353755551324 15.974524180562945 -5.4341223563985483
0.26860617188192731 15.96598828112616 -5.4341223563984524
0.27017696820872222 15.957452381689375 -5.4341223563984524
0.27174776453551713 15.94891648225259 -5.4341223563984524
0.27331856086231204 15.940380582815806 -5.4341223563985483
0.2748893571891069 15.931844683379021 -5.4341223563985483
0.27646015351590181 15.923308783942236 -5.4341223563984524
0.27803094984269672 15.914772884505451 -5.4341223563984524
0.27960174616949163 15.906236985068666 -5.4341223563985483
0.28117254249628648 15.897701085631882 -5.4341223563985483
0.28274333882308139 15.889165186195097 -5.4341223563984524
0.2843141351498763 15.880629286758312 -5.4341223563984524
0.28588493147667121 15.872093387321527 -5.4341223563985483
0.28745572780346607 15.863557487884743 -5.4341223563985483
0.28902652413026098 15.855021588447958 -5.4341223563984524
0.29059732045705589 15.846485689011173 -5.4341223563984524
0.2921681167838508 15.837949789574388 -5.4341223563985483
0.29373891311064565 15.829413890137603 -5.4341223563985483
0.29530970943744056 15.820877990700819 -5.4341223563984524
0.29688050576423547 15.812342091264034 -5.4341223563984524
0.29845130209103038 15.803806191827249 -5.4341223563979817
0.30002209841782523 15.795270292390466 -5.4341223563979817
0.30159289474462014 15.786734392953681 -5.4341223563984524
0.30316369107141505 15.778198493516896 -5.4341223563984524
0.30473448739820996 15.769662594080112 -5.4341223563984524
0.30630528372500487 15.761126694643327 -5.4341223563985483
0.30787608005179973 15.752590795206542 -5.4341223563985483
0.30944687637859464 15.744054895769757 -5.4341223563984524
0.31101767270538955 15.735518996332972 -5.4341223563984524
0.31258846903218446 15.726983096896188 -5.4341223563985483
0.31415926535897931 15.718447197459403 -5.4341223563985483
0.31573006168577422 15.709911298022618 -5.4341223563984524
0.31730085801256913 15.701375398585833 -5.4341223563984524
0.31887165433936404 15.692839499149049 -5.4341223563985483
0.3204424506661589 15.684303599712264 -5.4341223563985483
0.32201324699295381 15.675767700275479 -5.4341223563984524
0.32358404331974872 15.667231800838694 -5.4341223563984524
0.32515483964654363 15.658695901401909 -5.4341223563985483
0.32672563597333848 15.650160001965125 -5.4341223563985483
0.32829643230013339 15.64162410252834 -5.4341223563978867
0.3298672286269283 15.633088203091557 -5.4341223563978867
0.33143802495372321 15.624552303654772 -5.4341223563985483
0.33300882128051806 15.616016404217987 -5.4341223563985483
0.33457961760731297 15.607480504781202 -5.4341223563984524
0.33615041393410788 15.598944605344418 -5.4341223563984524
0.33772121026090279 15.590408705907633 -5.4341223563984524
0.3392920065876977 15.581872806470848 -5.4341223563985483
0.34086280291449256 15.573336907034063 -5.4341223563985483
0.34243359924128747 15.564801007597278 -5.4341223563984524
0.34400439556808238 15.556265108160494 -5.4341223563984524
0.34557519189487729 15.547729208723709 -5.4341223563985483
0.34714598822167214 15.539193309286924 -5.4341223563985483
0.34871678454846705 15.530657409850139 -5.4341223563984524
0.35028758087526196 15.522121510413355 -5.4341223563984524
0.35185837720205687 15.51358561097657 -5.4341223563985483
0.35342917352885173 15.505049711539785 -5.4341223563985483
0.35499996985564664 15.496513812103 -5.4341223563978867
0.35657076618244155 15.487977912666217 -5.4341223563978867
0.35814156250923646 15.479442013229432 -5.4341223563985483
0.35971235883603131 15.470906113792648 -5.4341223563985483
0.36128315516282622 15.462370214355863 -5.4341223563984524
0.36285395148962113 15.453834314919078 -5.4341223563984524
0.36442474781641604 15.445298415482293 -5.4341223563985483
0.36599554414321089 15.436762516045508 -5.4341223563985483
0.3675663404700058 15.428226616608724 -5.4341223563984524
0.36913713679680071 15.419690717171939 -5.4341223563978867
0.37070793312359562 15.411154817735156 -5.4341223563978867
0.37227872945039053 15.402618918298371 -5.4341223563985483
0.37384952577718539 15.394083018861586 -5.4341223563985483
0.3754203221039803 15.385547119424801 -5.4341223563984524
0.37699111843077521 15.377011219988017 -5.4341223563984524
0.37856191475757012 15.368475320551232 -5.4341223563979817
0.38013271108436497 15.359939421114449 -5.4341223563979817
0.38170350741115988 15.351403521677664 -5.4341223563984524
0.38327430373795479 15.342867622240879 -5.4341223563984524
0.3848451000647497 15.334331722804095 -5.4341223563985483
0.38641589639154456 15.32579582336731 -5.4341223563985483
0.38798669271833947 15.317259923930525 -5.4341223563978867
0.38955748904513438 15.308724024493742 -5.4341223563978867
0.39112828537192929 15.300188125056957 -5.4341223563985483
0.39269908169872414 15.291652225620172 -5.4341223563985483
0.39426987802551905 15.283116326183388 -5.4341223563984524
0.39584067435231396 15.274580426746603 -5.4341223563984524
0.39741147067910887 15.266044527309818 -5.4341223563985483
0.39898226700590372 15.257508627873033 -5.4341223563985483
0.40055306333269863 15.248972728436248 -5.4341223563984524
0.40212385965949354 15.240436828999464 -5.4341223563984524
0.40369465598628845 15.231900929562679 -5.4341223563984524
0.40526545231308336 15.223365030125894 -5.4341223563985483
0.40683624863987822 15.214829130689109 -5.4341223563985483
0.40840704496667313 15.206293231252324 -5.4341223563984524
0.40997784129346804 15.19775733181554 -5.4341223563984524
0.41154863762026295 15.189221432378755 -5.4341223563985483
0.4131194339470578 15.18068553294197 -5.4341223563985483
0.41469023027385271 15.172149633505185 -5.4341223563984524
0.41626102660064762 15.163613734068401 -5.4341223563984524
0.41783182292744253 15.155077834631616 -5.4341223563985483
0.41940261925423739 15.146541935194831 -5.4341223563985483
0.4209734155810323 15.138006035758046 -5.4341223563984524
0.42254421190782721 15.129470136321261 -5.4341223563984524
0.42411500823462212 15.120934236884477 -5.4341223563985483
0.42568580456141697 15.112398337447692 -5.4341223563985483
0.42725660088821188 15.103862438010907 -5.4341223563984524
0.42882739721500679 15.095326538574122 -5.4341223563984524
0.4303981935418017 15.086790639137337 -5.4341223563985483
0.43196898986859655 15.078254739700553 -5.4341223563985483
0.43353978619539146 15.069718840263768 -5.4341223563984524
0.43511058252218637 15.061182940826983 -5.4341223563984524
0.43668137884898128 15.052647041390198 -5.4341223563984524
0.43825217517577619 15.044111141953413 -5.4341223563979817
0.43982297150257105 15.03557524251663 -5.4341223563979817
0.44139376782936596 15.027039343079846 -5.4341223563984524
0.44296456415616087 15.018503443643061 -5.4341223563984524
0.44453536048295578 15.009967544206276 -5.4341223563985483
0.44610615680975063 15.001431644769491 -5.4341223563985483
0.44767695313654554 14.992895745332707 -5.4341223563984524
0.44924774946334045 14.984359845895922 -5.4341223563984524
0.45081854579013536 14.975823946459137 -5.4341223563985483
0.45238934211693022 14.967288047022352 -5.4341223563985483
0.45396013844372513 14.958752147585567 -5.4341223563984524
0.45553093477052004 14.950216248148783 -5.4341223563984524
0.45710173109731495 14.941680348711998 -5.4341223563979817
0.4586725274241098 14.933144449275215 -5.4341223563979817
0.46024332375090471 14.92460854983843 -5.4341223563984524
0.46181412007769962 14.916072650401645 -5.4341223563984524
0.46338491640449453 14.90753675096486 -5.4341223563985483
0.46495571273128938 14.899000851528076 -5.4341223563985483
0.46652650905808429 14.890464952091291 -5.4341223563984524
0.4680973053848792 14.881929052654506 -5.4341223563984524
0.46966810171167411 14.873393153217721 -5.4341223563984524
0.47123889803846902 14.864857253780936 -5.4341223563979817
0.47280969436526388 14.856321354344153 -5.4341223563979817
0.47438049069205879 14.847785454907369 -5.4341223563984524
0.4759512870188537 14.839249555470584 -5.4341223563984524
0.47752208334564861 14.830713656033799 -5.4341223563979817
0.47909287967244346 14.822177756597016 -5.4341223563979817
0.48066367599923837 14.813641857160231 -5.4341223563984524
0.48223447232603328 14.805105957723447 -5.4341223563984524
0.48380526865282819 14.796570058286662 -5.4341223563979817
0.48537606497962305 14.788034158849879 -5.4341223563979817
0.48694686130641796 14.779498259413094 -5.4341223563984524
0.48851765763321287 14.770962359976309 -5.4341223563984524
0.49008845396000777 14.762426460539524 -5.4341223563985483
0.49165925028680263 14.75389056110274 -5.4341223563985483
0.49323004661359754 14.745354661665955 -5.4341223563984524
0.49480084294039245 14.73681876222917 -5.4341223563984524
0.49637163926718736 14.728282862792385 -5.4341223563985483
0.49794243559398221 14.7197469633556 -5.4341223563985483
0.49951323192077712 14.711211063918816 -5.4341223563984524
0.50108402824757203 14.702675164482031 -5.4341223563984524
0.50265482457436694 14.694139265045246 -5.4341223563984524
0.50422562090116185 14.685603365608461 -5.4341223563978867
0.50579641722795676 14.677067466171678 -5.4341223563978867
0.50736721355475167 14.668531566734893 -5.4341223563986443
0.50893800988154647 14.659995667298109 -5.4341223563986443
0.51050880620834138 14.651459767861324 -5.4341223563984524
0.51207960253513629 14.642923868424539 -5.4341223563978867
0.5136503988619312 14.634387968987756 -5.4341223563978867
0.51522119518872611 14.625852069550971 -5.4341223563984524
0.51679199151552102 14.617316170114186 -5.4341223563984524
0.51836278784231593 14.608780270677402 -5.4341223563984524
0.51993358416911084 14.600244371240617 -5.4341223563980794
0.52150438049590564 14.591708471803834 -5.4341223563980794
0.52307517682270055 14.583172572367049 -5.4341223563984524
0.52464597314949546 14.574636672930264 -5.4341223563984524
0.52621676947629037 14.56610077349348 -5.4341223563984524
0.52778756580308528 14.557564874056695 -5.4341223563984524
0.52935836212988019 14.54902897461991 -5.4341223563984524
0.5309291584566751 14.540493075183125 -5.4341223563984524
0.53249995478347001 14.53195717574634 -5.4341223563980794
0.53407075111026481 14.523421276309557 -5.4341223563980794
0.53564154743705972 14.514885376872773 -5.4341223563984524
0.53721234376385463 14.506349477435988 -5.4341223563984524
0.53878314009064954 14.497813577999203 -5.4341223563984524
0.54035393641744445 14.489277678562418 -5.4341223563984524
0.54192473274423936 14.480741779125633 -5.4341223563978867
0.54349552907103427 14.47220587968885 -5.4341223563978867
0.54506632539782918 14.463669980252066 -5.4341223563984524
0.54663712172462409 14.455134080815281 -5.4341223563980794
0.54820791805141889 14.446598181378498 -5.4341223563975127
0.5497787143782138 14.438062281941715 -5.4341223563978867
0.55134951070500871 14.42952638250493 -5.4341223563984524
0.55292030703180362 14.420990483068145 -5.4341223563984524
0.55449110335859852 14.41245458363136 -5.4341223563984524
0.55606189968539343 14.403918684194576 -5.4341223563984524
0.55763269601218834 14.395382784757791 -5.4341223563984524
0.55920349233898325 14.386846885321006 -5.4341223563986443
0.56077428866577805 14.378310985884221 -5.4341223563986443
0.56234508499257296 14.369775086447437 -5.4341223563984524
0.56391588131936787 14.361239187010652 -5.4341223563984524
0.56548667764616278 14.352703287573867 -5.4341223563984524
0.56705747397295769 14.344167388137082 -5.4341223563984524
0.5686282702997526 14.335631488700297 -5.4341223563978867
0.57019906662654751 14.327095589263514 -5.4341223563978867
0.57176986295334242 14.31855968982673 -5.4341223563984524
0.57334065928013733 14.310023790389945 -5.4341223563986443
0.57491145560693213 14.30148789095316 -5.4341223563986443
0.57648225193372704 14.292951991516375 -5.4341223563984524
0.57805304826052195 14.28441609207959 -5.4341223563984524
0.57962384458731686 14.275880192642806 -5.4341223563984524
0.58119464091411177 14.267344293206021 -5.4341223563984524
0.58276543724090668 14.258808393769236 -5.4341223563984524
0.58433623356770159 14.250272494332451 -5.4341223563984524
0.5859070298944965 14.241736594895666 -5.4341223563980794
0.5874778262212913 14.233200695458883 -5.4341223563980794
0.58904862254808621 14.224664796022099 -5.4341223563984524
0.59061941887488112 14.216128896585314 -5.4341223563978867
0.59219021520167603 14.207592997148531 -5.4341223563973209
0.59376101152847094 14.199057097711748 -5.4341223563978867
0.59533180785526585 14.190521198274963 -5.4341223563984524
0.59690260418206076 14.181985298838178 -5.4341223563984524
0.59847340050885567 14.173449399401393 -5.4341223563986443
0.60004419683565047 14.164913499964609 -5.4341223563986443
0.60161499316244538 14.156377600527824 -5.4341223563984524
0.60318578948924029 14.147841701091039 -5.4341223563984524
0.6047565858160352 14.139305801654254 -5.4341223563984524
0.60632738214283011 14.13076990221747 -5.4341223563984524
0.60789817846962502 14.122234002780685 -5.4341223563984524
0.60946897479641993 14.1136981033439 -5.4341223563984524
0.61103977112321484 14.105162203907115 -5.4341223563984524
0.61261056745000975 14.09662630447033 -5.4341223563980794
0.61418136377680455 14.088090405033547 -5.4341223563980794
0.61575216010359946 14.079554505596763 -5.4341223563984524
0.61732295643039437 14.071018606159978 -5.4341223563984524
0.61889375275718927 14.062482706723193 -5.4341223563984524
0.62046454908398418 14.053946807286408 -5.4341223563978867
0.62203534541077909 14.045410907849625 -5.4341223563978867
0.623606141737574 14.03687500841284 -5.4341223563984524
0.62517693806436891 14.028339108976056 -5.4341223563986443
0.62674773439116371 14.019803209539271 -5.4341223563986443
0.62831853071795862 14.011267310102486 -5.4341223563978867
0.62988932704475353 14.002731410665703 -5.4341223563978867
0.63146012337154844 13.994195511228918 -5.4341223563984524
0.63303091969834335 13.985659611792133 -5.4341223563978867
0.63460171602513826 13.97712371235535 -5.4341223563978867
0.63617251235193317 13.968587812918566 -5.4341223563984524
0.63774330867872808 13.960051913481781 -5.4341223563984524
0.63931410500552299 13.951516014044996 -5.4341223563986443
0.64088490133231779 13.942980114608211 -5.4341223563980785
0.6424556976591127 13.934444215171428 -5.4341223563978867
0.64402649398590761 13.925908315734643 -5.4341223563984524
0.64559729031270252 13.917372416297859 -5.4341223563984524
0.64716808663949743 13.908836516861074 -5.4341223563984524
0.64873888296629234 13.900300617424289 -5.4341223563984524
0.65030967929308725 13.891764717987504 -5.4341223563984524
0.65188047561988216 13.88322881855072 -5.4341223563986443
0.65345127194667696 13.874692919113935 -5.4341223563986443
0.65502206827347187 13.86615701967715 -5.4341223563984524
0.65659286460026678 13.857621120240365 -5.4341223563984524
0.65816366092706169 13.84908522080358 -5.4341223563984524
0.6597344572538566 13.840549321366796 -5.4341223563984524
0.66130525358065151 13.832013421930011 -5.4341223563984524
0.66287604990744642 13.823477522493226 -5.4341223563978867
0.66444684623424133 13.814941623056443 -5.4341223563980785
0.66601764256103613 13.806405723619658 -5.4341223563986443
0.66758843888783104 13.797869824182873 -5.4341223563984524
0.66915923521462595 13.789333924746089 -5.4341223563978867
0.67073003154142086 13.780798025309306 -5.4341223563973209
0.67230082786821577 13.772262125872523 -5.4341223563978867
0.67387162419501068 13.763726226435738 -5.4341223563984524
0.67544242052180559 13.755190326998953 -5.4341223563984524
0.6770132168486005 13.746654427562168 -5.4341223563984524
0.67858401317539541 13.738118528125383 -5.4341223563980794
0.68015480950219021 13.7295826286886 -5.4341223563980794
0.68172560582898512 13.721046729251816 -5.4341223563984524
0.68329640215578002 13.712510829815031 -5.4341223563978867
0.68486719848257493 13.703974930378248 -5.4341223563978867
0.68643799480936984 13.695439030941463 -5.4341223563984524
0.68800879113616475 13.686903131504678 -5.4341223563984524
0.68957958746295966 13.678367232067894 -5.4341223563984524
0.69115038378975457 13.669831332631109 -5.4341223563980794
0.69272118011654937 13.661295433194326 -5.4341223563980794
0.69429197644334428 13.652759533757541 -5.4341223563984524
0.69586277277013919 13.644223634320756 -5.4341223563984524
0.6974335690969341 13.635687734883971 -5.4341223563984524
0.69900436542372901 13.627151835447187 -5.4341223563978867
0.70057516175052392 13.618615936010404 -5.4341223563978867
0.70214595807731883 13.610080036573619 -5.4341223563984524
0.70371675440411374 13.601544137136834 -5.4341223563984524
0.70528755073090865 13.593008237700049 -5.4341223563986443
0.70685834705770345 13.584472338263264 -5.4341223563986443
0.70842914338449836 13.57593643882648 -5.4341223563984524
0.70999993971129327 13.567400539389695 -5.4341223563984524
0.71157073603808818 13.55886463995291 -5.4341223563984524
0.71314153236488309 13.550328740516125 -5.4341223563984524
0.714712328691678 13.54179284107934 -5.4341223563984524
0.71628312501847291 13.533256941642556 -5.4341223563984524
0.71785392134526782 13.524721042205771 -5.4341223563986443
0.71942471767206262 13.516185142768986 -5.4341223563980785
0.72099551399885753 13.507649243332203 -5.4341223563973209
0.72256631032565244 13.49911334389542 -5.4341223563978867
0.72413710665244735 13.490577444458635 -5.4341223563984524
0.72570790297924226 13.48204154502185 -5.4341223563984524
0.72727869930603717 13.473505645585066 -5.4341223563984524
0.72884949563283208 13.464969746148281 -5.4341223563984524
0.73042029195962699 13.456433846711496 -5.4341223563980794
0.73199108828642179 13.447897947274713 -5.4341223563980794
0.7335618846132167 13.439362047837928 -5.4341223563984524
0.73513268094001161 13.430826148401144 -5.4341223563984524
0.73670347726680652 13.422290248964359 -5.4341223563984524
0.73827427359360143 13.413754349527574 -5.4341223563984524
0.73984506992039634 13.405218450090789 -5.4341223563978867
0.74141586624719125 13.396682550654006 -5.4341223563978867
0.74298666257398616 13.388146651217221 -5.4341223563984524
0.74455745890078107 13.379610751780437 -5.4341223563986443
0.74612825522757587 13.371074852343652 -5.4341223563986443
0.74769905155437077 13.362538952906867 -5.4341223563984524
0.74926984788116568 13.354003053470082 -5.4341223563984524
0.75084064420796059 13.345467154033297 -5.4341223563984524
0.7524114405347555 13.336931254596513 -5.4341223563984524
0.75398223686155041 13.328395355159728 -5.4341223563984524
0.75555303318834532 13.319859455722943 -5.4341223563984524
0.75712382951514023 13.311323556286158 -5.4341223563980794
0.75869462584193503 13.302787656849375 -5.4341223563980794
0.76026542216872994 13.29425175741259 -5.4341223563984524
0.76183621849552485 13.285715857975806 -5.4341223563984524
0.76340701482231976 13.277179958539021 -5.4341223563984524
0.76497781114911467 13.268644059102236 -5.4341223563984524
0.76654860747590958 13.260108159665451 -5.4341223563984524
0.76811940380270449 13.251572260228667 -5.4341223563984524
0.7696902001294994 13.243036360791882 -5.4341223563978867
0.77126099645629431 13.234500461355099 -5.4341223563975127
0.77283179278308911 13.225964561918316 -5.4341223563980794
0.77440258910988402 13.217428662481531 -5.4341223563984524
0.77597338543667893 13.208892763044746 -5.4341223563984524
0.77754418176347384 13.200356863607961 -5.4341223563984524
0.77911497809026875 13.191820964171177 -5.4341223563984524
0.78068577441706366 13.183285064734392 -5.4341223563984524
0.78225657074385857 13.174749165297607 -5.4341223563984524
0.78382736707065348 13.166213265860822 -5.4341223563986443
0.78539816339744828 13.157677366424037 -5.4341223563986443
0.78696895972424319 13.149141466987253 -5.4341223563984524
0.7885397560510381 13.140605567550468 -5.4341223563984524
0.79011055237783301 13.132069668113683 -5.4341223563978867
0.79168134870462792 13.1235337686769 -5.4341223563978867
0.79325214503142283 13.114997869240115 -5.4341223563984524
0.79482294135821774 13.10646196980333 -5.4341223563984524
0.79639373768501265 13.097926070366546 -5.4341223563986443
0.79796453401180745 13.089390170929761 -5.4341223563980785
0.79953533033860236 13.080854271492978 -5.4341223563978867
0.80110612666539727 13.072318372056193 -5.4341223563984524
0.80267692299219218 13.063782472619408 -5.4341223563984524
0.80424771931898709 13.055246573182623 -5.4341223563984524
0.805818515645782 13.046710673745839 -5.4341223563984524
0.80738931197257691 13.038174774309054 -5.4341223563984524
0.80896010829937182 13.029638874872269 -5.4341223563984524
0.81053090462616673 13.021102975435484 -5.4341223563980794
0.81210170095296152 13.012567075998701 -5.4341223563975127
0.81367249727975643 13.004031176561918 -5.4341223563978867
0.81524329360655134 12.995495277125134 -5.4341223563984524
0.81681408993334625 12.986959377688349 -5.4341223563984524
0.81838488626014116 12.978423478251564 -5.4341223563978867
0.81995568258693607 12.969887578814781 -5.4341223563973209
0.82152647891373098 12.961351679377998 -5.4341223563978867
0.82309727524052589 12.952815779941213 -5.4341223563986443
0.82466807156732069 12.944279880504428 -5.4341223563986443
0.8262388678941156 12.935743981067644 -5.4341223563984524
0.82780966422091051 12.927208081630859 -5.4341223563978867
0.82938046054770542 12.918672182194076 -5.4341223563978867
0.83095125687450033 12.910136282757291 -5.4341223563984524
0.83252205320129524 12.901600383320506 -5.4341223563978867
0.83409284952809015 12.893064483883723 -5.4341223563978867
0.83566364585488506 12.884528584446938 -5.4341223563986443
0.83723444218167986 12.875992685010154 -5.4341223563986443
0.83880523850847477 12.867456785573369 -5.4341223563984524
0.84037603483526968 12.858920886136584 -5.4341223563984524
0.84194683116206459 12.850384986699799 -5.4341223563984524
0.8435176274888595 12.841849087263014 -5.4341223563984524
0.84508842381565441 12.83331318782623 -5.4341223563984524
0.84665922014244932 12.824777288389445 -5.4341223563984524
0.84823001646924423 12.81624138895266 -5.4341223563978867
0.84980081279603914 12.807705489515877 -5.4341223563975127
0.85137160912283394 12.799169590079094 -5.4341223563980794
0.85294240544962885 12.790633690642309 -5.4341223563984524
0.85451320177642376 12.782097791205524 -5.4341223563984524
0.85608399810321867 12.77356189176874 -5.4341223563984524
0.85765479443001358 12.765025992331955 -5.4341223563984524
0.85922559075680849 12.75649009289517 -5.4341223563984524
0.8607963870836034 12.747954193458385 -5.4341223563984524
0.86236718341039831 12.739418294021601 -5.4341223563986443
0.86393797973719311 12.730882394584816 -5.4341223563986443
0.86550877606398802 12.722346495148031 -5.4341223563984524
0.86707957239078293 12.713810595711246 -5.4341223563984524
0.86865036871757784 12.705274696274461 -5.4341223563978867
0.87022116504437275 12.696738796837678 -5.4341223563978867
0.87179196137116766 12.688202897400894 -5.4341223563984524
0.87336275769796257 12.679666997964109 -5.4341223563984524
0.87493355402475748 12.671131098527324 -5.4341223563984524
0.87650435035155239 12.662595199090539 -5.4341223563980794
0.87807514667834718 12.654059299653756 -5.4341223563980794
0.87964594300514209 12.645523400216971 -5.4341223563984524
0.881216739331937 12.636987500780187 -5.4341223563984524
0.88278753565873191 12.628451601343402 -5.4341223563984524
0.88435833198552682 12.619915701906617 -5.4341223563984524
0.88592912831232173 12.611379802469832 -5.4341223563984524
0.88749992463911664 12.602843903033047 -5.4341223563984524
0.88907072096591155 12.594308003596263 -5.4341223563980794
0.89064151729270635 12.58577210415948 -5.4341223563975127
0.89221231361950126 12.577236204722697 -5.4341223563978867
0.89378310994629617 12.568700305285912 -5.4341223563984524
0.89535390627309108 12.560164405849127 -5.4341223563984524
0.89692470259988599 12.551628506412342 -5.4341223563978867
0.8984954989266809 12.543092606975559 -5.4341223563973209
0.90006629525347581 12.534556707538776 -5.4341223563978867
0.90163709158027072 12.526020808101991 -5.4341223563986443
0.90320788790706552 12.517484908665207 -5.4341223563986443
0.90477868423386043 12.508949009228422 -5.4341223563984524
0.90634948056065534 12.500413109791637 -5.4341223563978867
0.90792027688745025 12.491877210354854 -5.4341223563978867
0.90949107321424516 12.483341310918069 -5.4341223563984524
0.91106186954104007 12.474805411481285 -5.4341223563978867
0.91263266586783498 12.466269512044502 -5.4341223563978867
0.91420346219462989 12.457733612607717 -5.4341223563984524
0.9157742585214248 12.449197713170932 -5.4341223563986443
0.9173450548482196 12.440661813734147 -5.4341223563986443
0.91891585117501451 12.432125914297362 -5.4341223563978867
0.92048664750180942 12.423590014860579 -5.4341223563978867
0.92205744382860433 12.415054115423795 -5.4341223563984524
0.92362824015539924 12.40651821598701 -5.4341223563984524
0.92519903648219415 12.397982316550225 -5.4341223563984524
0.92676983280898906 12.38944641711344 -5.4341223563978867
0.92834062913578397 12.380910517676657 -5.4341223563975127
0.92991142546257877 12.372374618239874 -5.4341223563980794
0.93148222178937368 12.363838718803089 -5.4341223563984524
0.93305301811616859 12.355302819366305 -5.4341223563984524
0.9346238144429635 12.34676691992952 -5.4341223563984524
0.93619461076975841 12.338231020492735 -5.4341223563984524
0.93776540709655332 12.32969512105595 -5.4341223563984524
0.93933620342334823 12.321159221619165 -5.4341223563984524
0.94090699975014314 12.312623322182381 -5.4341223563978867
0.94247779607693805 12.304087422745598 -5.4341223563980785
0.94404859240373284 12.295551523308813 -5.4341223563986443
0.94561938873052775 12.287015623872028 -5.4341223563984524
0.94719018505732266 12.278479724435243 -5.4341223563978867
0.94876098138411757 12.26994382499846 -5.4341223563978867
0.95033177771091248 12.261407925561675 -5.4341223563984524
0.95190257403770739 12.252872026124891 -5.4341223563984524
0.9534733703645023 12.244336126688106 -5.4341223563984524
0.95504416669129721 12.235800227251321 -5.4341223563986443
0.95661496301809201 12.227264327814536 -5.4341223563986443
0.95818575934488692 12.218728428377752 -5.4341223563984524
0.95975655567168183 12.210192528940967 -5.4341223563984524
0.96132735199847674 12.201656629504182 -5.4341223563984524
0.96289814832527165 12.193120730067397 -5.4341223563984524
0.96446894465206656 12.184584830630612 -5.4341223563984524
0.96603974097886147 12.176048931193828 -5.4341223563984524
0.96761053730565638 12.167513031757043 -5.4341223563980794
0.96918133363245118 12.15897713232026 -5.4341223563975127
0.97075212995924609 12.150441232883477 -5.4341223563978867
0.972322926286041 12.141905333446692 -5.4341223563984524
0.97389372261283591 12.133369434009907 -5.4341223563984524
0.97546451893963082 12.124833534573122 -5.4341223563984524
0.97703531526642573 12.116297635136338 -5.4341223563984524
0.97860611159322064 12.107761735699553 -5.4341223563984524
0.98017690792001555 12.099225836262768 -5.4341223563984524
0.98174770424681046 12.090689936825983 -5.4341223563986443
0.98331850057360526 12.082154037389198 -5.4341223563986443
0.98488929690040017 12.073618137952414 -5.4341223563984524
0.98646009322719508 12.065082238515629 -5.4341223563984524
0.98803088955398999 12.056546339078844 -5.4341223563984524
0.9896016858807849 12.048010439642059 -5.4341223563984524
0.99117248220757981 12.039474540205275 -5.4341223563984524
0.99274327853437472 12.03093864076849 -5.4341223563984524
0.99431407486116963 12.022402741331705 -5.4341223563986443
0.99588487118796443 12.01386684189492 -5.4341223563986443
0.99745566751475934 12.005330942458135 -5.4341223563984524
0.99902646384155425 11.996795043021351 -5.4341223563982606
1.0005972601683493 11.988259143584566 -5.4341223563984524
1.0021680564951441 11.979723244147781 -5.4341223563982712
1.0037388528219389 11.971187344710998 -5.4341223563978867
1.0053096491487339 11.962651445274213 -5.4341223563984524
1.0068804454755287 11.954115545837428 -5.4341223563984524
1.0084512418023237 11.945579646400644 -5.4341223563978867
1.0100220381291185 11.937043746963861 -5.4341223563978867
1.0115928344559135 11.928507847527076 -5.4341223563978867
1.0131636307827083 11.919971948090293 -5.4341223563978867
1.0147344271095033 11.911436048653508 -5.4341223563978867
1.0163052234362981 11.902900149216725 -5.4341223563982712
1.0178760197630929 11.89436424977994 -5.4341223563984524
1.019446816089888 11.885828350343155 -5.4341223563978867
1.0210176124166828 11.877292450906372 -5.4341223563978867
1.0225884087434778 11.868756551469588 -5.4341223563984524
1.0241592050702726 11.860220652032803 -5.4341223563984524
1.0257300013970676 11.851684752596018 -5.4341223563978867
1.0273007977238624 11.843148853159235 -5.4341223563977055
1.0288715940506572 11.834612953722452 -5.4341223563978867
1.0304423903774522 11.826077054285667 -5.4341223563978867
1.032013186704247 11.817541154848884 -5.4341223563978867
1.033583983031042 11.809005255412099 -5.4341223563978867
1.0351547793578368 11.800469355975316 -5.4341223563978867
1.0367255756846319 11.791933456538532 -5.4341223563978867
1.0382963720114267 11.783397557101749 -5.4341223563978867
1.0398671683382217 11.774861657664964 -5.4341223563978867
1.0414379646650165 11.766325758228181 -5.4341223563982712
1.0430087609918113 11.757789858791396 -5.4341223563984524
1.0445795573186063 11.749253959354611 -5.4341223563978867
1.0461503536454011 11.740718059917828 -5.4341223563978867
1.0477211499721961 11.732182160481043 -5.4341223563984524
1.0492919462989909 11.723646261044259 -5.4341223563984524
1.0508627426257859 11.715110361607474 -5.4341223563978867
1.0524335389525807 11.706574462170691 -5.4341223563978867
1.0540043352793758 11.698038562733906 -5.4341223563984524
1.0555751316061706 11.689502663297121 -5.4341223563982712
1.0571459279329654 11.680966763860338 -5.4341223563978867
1.0587167242597604 11.672430864423553 -5.4341223563978867
1.0602875205865552 11.66389496498677 -5.4341223563978867
1.0618583169133502 11.655359065549986 -5.4341223563978867
1.063429113240145 11.646823166113203 -5.4341223563978867
1.06499990956694 11.638287266676418 -5.4341223563978867
1.0665707058937348 11.629751367239635 -5.4341223563982712
1.0681415022205296 11.62121546780285 -5.4341223563984524
1.0697122985473246 11.612679568366065 -5.4341223563978867
1.0712830948741194 11.604143668929282 -5.4341223563978867
1.0728538912009145 11.595607769492497 -5.4341223563984524
1.0744246875277093 11.587071870055713 -5.4341223563984524
1.0759954838545043 11.578535970618928 -5.4341223563978867
1.0775662801812991 11.570000071182145 -5.4341223563978867
1.0791370765080941 11.56146417174536 -5.4341223563984524
1.0807078728348889 11.552928272308575 -5.4341223563982712
1.0822786691616837 11.544392372871792 -5.4341223563978867
1.0838494654884787 11.535856473435008 -5.4341223563978867
1.0854202618152735 11.527320573998225 -5.4341223563978867
1.0869910581420685 11.51878467456144 -5.4341223563978867
1.0885618544688633 11.510248775124657 -5.4341223563978867
1.0901326507956584 11.501712875687872 -5.4341223563978867
1.0917034471224532 11.493176976251089 -5.4341223563978867
1.0932742434492482 11.484641076814304 -5.4341223563984524
1.094845039776043 11.476105177377519 -5.4341223563988352
1.0964158361028378 11.467569277940735 -5.4341223563984524
1.0979866324296328 11.45903337850395 -5.4341223563978867
1.0995574287564276 11.450497479067167 -5.4341223563978867
1.1011282250832226 11.441961579630382 -5.4341223563978867
1.1026990214100174 11.433425680193599 -5.4341223563978867
1.1042698177368124 11.424889780756814 -5.4341223563978867
1.1058406140636072 11.416353881320031 -5.4341223563978867
1.1074114103904023 11.407817981883246 -5.4341223563984524
1.108982206717197 11.399282082446462 -5.4341223563988352
1.1105530030439918 11.390746183009677 -5.4341223563984524
1.1121237993707869 11.382210283572892 -5.4341223563978867
1.1136945956975817 11.373674384136109 -5.4341223563978867
1.1152653920243767 11.365138484699324 -5.4341223563984524
1.1168361883511715 11.356602585262539 -5.4341223563984524
1.1184069846779665 11.348066685825755 -5.4341223563978867
1.1199777810047613 11.339530786388972 -5.4341223563982712
1.1215485773315561 11.330994886952187 -5.4341223563984524
1.1231193736583511 11.322458987515402 -5.4341223563978867
1.1246901699851459 11.313923088078619 -5.4341223563978867
1.1262609663119409 11.305387188641834 -5.4341223563978867
1.1278317626387357 11.296851289205051 -5.4341223563978867
1.1294025589655308 11.288315389768266 -5.4341223563984524
1.1309733552923256 11.279779490331482 -5.4341223563984524
1.1325441516191206 11.271243590894697 -5.4341223563984524
1.1341149479459154 11.262707691457912 -5.4341223563982712
1.1356857442727102 11.254171792021129 -5.4341223563978867
1.1372565405995052 11.245635892584344 -5.4341223563978867
1.1388273369263 11.237099993147561 -5.4341223563978867
1.140398133253095 11.228564093710776 -5.4341223563978867
1.1419689295798898 11.220028194273993 -5.4341223563978867
1.1435397259066848 11.211492294837209 -5.4341223563978867
1.1451105222334796 11.202956395400426 -5.4341223563978867
1.1466813185602747 11.194420495963641 -5.4341223563978867
1.1482521148870695 11.185884596526858 -5.4341223563977055
1.1498229112138643 11.177348697090075 -5.4341223563978867
1.1513937075406593 11.16881279765329 -5.4341223563984524
1.1529645038674541 11.160276898216505 -5.4341223563984524
1.1545353001942491 11.15174099877972 -5.4341223563978867
1.1561060965210439 11.143205099342937 -5.4341223563978867
1.1576768928478389 11.134669199906153 -5.4341223563984524
1.1592476891746337 11.126133300469368 -5.4341223563982712
1.1608184855014285 11.117597401032585 -5.4341223563978867
1.1623892818282235 11.1090615015958 -5.4341223563978867
1.1639600781550183 11.100525602159017 -5.4341223563978867
1.1655308744818134 11.091989702722232 -5.4341223563978867
1.1671016708086082 11.083453803285449 -5.4341223563978867
1.1686724671354032 11.074917903848664 -5.4341223563978867
1.170243263462198 11.066382004411881 -5.4341223563978867
1.171814059788993 11.057846104975097 -5.4341223563978867
1.1733848561157878 11.049310205538314 -5.4341223563977055
1.1749556524425826 11.040774306101531 -5.4341223563978867
1.1765264487693776 11.032238406664746 -5.4341223563984524
1.1780972450961724 11.023702507227961 -5.4341223563984524
1.1796680414229674 11.015166607791176 -5.4341223563978867
1.1812388377497622 11.006630708354393 -5.4341223563978867
1.1828096340765573 10.998094808917608 -5.4341223563978867
1.1843804304033521 10.989558909480825 -5.4341223563978867
1.1859512267301471 10.981023010044041 -5.4341223563984524
1.1875220230569419 10.972487110607256 -5.4341223563988352
1.1890928193837367 10.963951211170471 -5.4341223563984524
1.1906636157105317 10.955415311733686 -5.4341223563978867
1.1922344120373265 10.946879412296903 -5.4341223563978867
1.1938052083641215 10.938343512860119 -5.4341223563978867
1.1953760046909163 10.929807613423336 -5.4341223563978867
1.1969468010177113 10.921271713986551 -5.4341223563978867
1.1985175973445061 10.912735814549768 -5.4341223563977055
1.2000883936713009 10.904199915112985 -5.4341223563978867
1.201659189998096 10.8956640156762 -5.4341223563984524
1.2032299863248908 10.887128116239415 -5.4341223563984524
1.2048007826516858 10.87859221680263 -5.4341223563978867
1.2063715789784806 10.870056317365847 -5.4341223563978867
1.2079423753052756 10.861520417929063 -5.4341223563978867
1.2095131716320704 10.85298451849228 -5.4341223563978867
1.2110839679588654 10.844448619055495 -5.4341223563984524
1.2126547642856602 10.83591271961871 -5.4341223563988352
1.214225560612455 10.827376820181925 -5.4341223563984524
1.21579635693925 10.81884092074514 -5.4341223563978867
1.2173671532660448 10.810305021308357 -5.4341223563978867
1.2189379495928399 10.801769121871573 -5.4341223563984524
1.2205087459196347 10.793233222434788 -5.4341223563984524
1.2220795422464297 10.784697322998003 -5.4341223563978867
1.2236503385732245 10.77616142356122 -5.4341223563978867
1.2252211349000195 10.767625524124435 -5.4341223563978867
1.2267919312268143 10.759089624687652 -5.4341223563977055
1.2283627275536091 10.750553725250869 -5.4341223563978867
1.2299335238804041 10.742017825814084 -5.4341223563978867
1.2315043202071989 10.733481926377301 -5.4341223563978867
1.2330751165339939 10.724946026940517 -5.4341223563978867
1.2346459128607887 10.716410127503734 -5.4341223563978867
1.2362167091875838 10.707874228066949 -5.4341223563984524
1.2377875055143785 10.699338328630164 -5.4341223563988352
1.2393583018411733 10.690802429193379 -5.4341223563984524
1.2409290981679684 10.682266529756594 -5.4341223563978867
1.2424998944947632 10.673730630319811 -5.4341223563978867
1.2440706908215582 10.665194730883027 -5.4341223563978867
1.245641487148353 10.656658831446244 -5.4341223563978867
1.247212283475148 10.648122932009459 -5.4341223563978867
1.2487830798019428 10.639587032572676 -5.4341223563978867
1.2503538761287378 10.631051133135891 -5.4341223563978867
1.2519246724555326 10.622515233699108 -5.4341223563977055
1.2534954687823274 10.613979334262325 -5.4341223563978867
1.2550662651091224 10.60544343482554 -5.4341223563978867
1.2566370614359172 10.596907535388757 -5.4341223563978867
1.2582078577627123 10.588371635951972 -5.4341223563984524
1.2597786540895071 10.579835736515188 -5.4341223563984524
1.2613494504163021 10.571299837078403 -5.4341223563978867
1.2629202467430969 10.56276393764162 -5.4341223563978867
1.2644910430698919 10.554228038204835 -5.4341223563984524
1.2660618393966867 10.54569213876805 -5.4341223563988352
1.2676326357234815 10.537156239331265 -5.4341223563984524
1.2692034320502765 10.528620339894481 -5.4341223563978867
1.2707742283770713 10.520084440457698 -5.4341223563978867
1.2723450247038663 10.511548541020913 -5.4341223563978867
1.2739158210306611 10.50301264158413 -5.4341223563978867
1.2754866173574562 10.494476742147345 -5.4341223563984524
1.277057413684251 10.48594084271056 -5.4341223563984524
1.278628210011046 10.477404943273775 -5.4341223563978867
1.2801990063378408 10.468869043836992 -5.4341223563977055
1.2817698026646356 10.460333144400209 -5.4341223563978867
1.2833405989914306 10.451797244963425 -5.4341223563978867
1.2849113953182254 10.443261345526642 -5.4341223563978867
1.2864821916450204 10.434725446089857 -5.4341223563978867
1.2880529879718152 10.426189546653074 -5.4341223563978867
1.2896237842986102 10.417653647216289 -5.4341223563984524
1.291194580625405 10.409117747779504 -5.4341223563988352
1.2927653769521998 10.400581848342719 -5.4341223563984524
1.2943361732789949 10.392045948905935 -5.4341223563978867
1.2959069696057897 10.383510049469152 -5.4341223563978867
1.2974777659325847 10.374974150032367 -5.4341223563978867
1.2990485622593795 10.366438250595584 -5.4341223563978867
1.3006193585861745 10.357902351158799 -5.4341223563984524
1.3021901549129693 10.349366451722014 -5.4341223563984524
1.3037609512397643 10.34083055228523 -5.4341223563978867
1.3053317475665591 10.332294652848447 -5.4341223563977055
1.3069025438933539 10.323758753411663 -5.4341223563978867
1.3084733402201489 10.315222853974879 -5.4341223563978867
1.3100441365469437 10.306686954538096 -5.4341223563978867
1.3116149328737388 10.298151055101311 -5.4341223563978867
1.3131857292005336 10.289615155664528 -5.4341223563978867
1.3147565255273286 10.281079256227743 -5.4341223563978867
1.3163273218541234 10.27254335679096 -5.4341223563978867
1.3178981181809184 10.264007457354175 -5.4341223563984524
1.3194689145077132 10.255471557917391 -5.4341223563982712
1.321039710834508 10.246935658480608 -5.4341223563978867
1.322610507161303 10.238399759043823 -5.4341223563984524
1.3241813034880978 10.229863859607038 -5.4341223563984524
1.3257520998148928 10.221327960170253 -5.4341223563978867
1.3273228961416876 10.21279206073347 -5.4341223563978867
1.3288936924684827 10.204256161296685 -5.4341223563978867
1.3304644887952775 10.195720261859902 -5.4341223563977055
1.3320352851220723 10.187184362423119 -5.4341223563978867
1.3336060814488673 10.178648462986335 -5.4341223563978867
1.3351768777756621 10.170112563549552 -5.4341223563978867
1.3367476741024571 10.161576664112767 -5.4341223563984524
1.3383184704292519 10.153040764675982 -5.4341223563984524
1.3398892667560469 10.144504865239197 -5.4341223563978867
1.3414600630828417 10.135968965802414 -5.4341223563978867
1.3430308594096367 10.127433066365629 -5.4341223563984524
1.3446016557364315 10.118897166928845 -5.4341223563982712
1.3461724520632263 10.110361267492062 -5.4341223563978867
1.3477432483900214 10.101825368055277 -5.4341223563984524
1.3493140447168162 10.093289468618492 -5.4341223563984524
1.3508848410436112 10.084753569181707 -5.4341223563978867
1.352455637370406 10.076217669744924 -5.4341223563978867
1.354026433697201 10.067681770308139 -5.4341223563978867
1.3555972300239958 10.059145870871356 -5.4341223563978867
1.3571680263507908 10.050609971434572 -5.4341223563984524
1.3587388226775856 10.042074071997787 -5.4341223563982712
1.3603096190043804 10.033538172561004 -5.4341223563978867
1.3618804153311754 10.025002273124219 -5.4341223563984524
1.3634512116579702 10.016466373687434 -5.4341223563984524
1.3650220079847653 10.007930474250649 -5.4341223563978867
1.36659280431156 9.9993945748138664 -5.4341223563978867
1.3681636006383551 9.9908586753770816 -5.4341223563984524
1.3697343969651499 9.9823227759402968 -5.4341223563982712
1.3713051932919447 9.9737868765035138 -5.4341223563978867
1.3728759896187397 9.965250977066729 -5.4341223563984524
1.3744467859455345 9.9567150776299442 -5.4341223563984524
1.3760175822723295 9.9481791781931594 -5.4341223563978867
1.3775883785991243 9.9396432787563764 -5.4341223563978867
1.3791591749259193 9.9311073793195916 -5.4341223563978867
1.3807299712527141 9.9225714798828086 -5.4341223563978867
1.3823007675795091 9.9140355804460238 -5.4341223563984524
1.3838715639063039 9.9054996810092391 -5.4341223563982712
1.3854423602330987 9.896963781572456 -5.4341223563978867
1.3870131565598938 9.8884278821356713 -5.4341223563984524
1.3885839528866886 9.8798919826988865 -5.4341223563984524
1.3901547492134836 9.8713560832621017 -5.4341223563978867
1.3917255455402784 9.8628201838253187 -5.4341223563978867
1.3932963418670734 9.8542842843885339 -5.4341223563984524
1.3948671381938682 9.8457483849517491 -5.4341223563984524
1.3964379345206632 9.8372124855149643 -5.4341223563978867
1.398008730847458 9.8286765860781813 -5.4341223563982712
1.3995795271742528 9.8201406866413965 -5.4341223563984524
1.4011503235010478 9.8116047872046117 -5.4341223563978867
1.4027211198278426 9.8030688877678287 -5.4341223563978867
1.4042919161546377 9.7945329883310439 -5.4341223563978867
1.4058627124814325 9.7859970888942609 -5.4341223563978867
1.4074335088082275 9.7774611894574761 -5.4341223563984524
1.4090043051350223 9.7689252900206913 -5.4341223563984524
1.4105751014618173 9.7603893905839065 -5.4341223563978867
1.4121458977886121 9.7518534911471235 -5.4341223563982712
1.4137166941154069 9.7433175917103387 -5.4341223563984524
1.4152874904422019 9.7347816922735539 -5.4341223563978867
1.4168582867689967 9.7262457928367709 -5.4341223563978867
1.4184290830957917 9.7177098933999861 -5.4341223563978867
1.4199998794225865 9.7091739939632031 -5.4341223563978867
1.4215706757493816 9.7006380945264183 -5.4341223563978867
1.4231414720761764 9.6921021950896353 -5.4341223563982712
1.4247122684029712 9.6835662956528505 -5.4341223563984524
1.4262830647297662 9.6750303962160658 -5.4341223563984524
1.427853861056561 9.666494496779281 -5.4341223563984524
1.429424657383356 9.6579585973424962 -5.4341223563978867
1.4309954537101508 9.6494226979057132 -5.4341223563978867
1.4325662500369458 9.6408867984689284 -5.4341223563978867
1.4341370463637406 9.6323508990321454 -5.4341223563978867
1.4357078426905356 9.6238149995953606 -5.4341223563984524
1.4372786390173304 9.6152791001585758 -5.4341223563982712
1.4388494353441252 9.6067432007217928 -5.4341223563978867
1.4404202316709203 9.598207301285008 -5.4341223563978867
1.4419910279977151 9.589671401848225 -5.4341223563978867
1.4435618243245101 9.5811355024114402 -5.4341223563978867
1.4451326206513049 9.5725996029746572 -5.4341223563978867
1.4467034169780999 9.5640637035378724 -5.4341223563984524
1.4482742133048947 9.5555278041010876 -5.4341223563984524
1.4498450096316897 9.5469919046643028 -5.4341223563978867
1.4514158059584845 9.5384560052275198 -5.4341223563982712
1.4529866022852793 9.529920105790735 -5.4341223563984524
1.4545573986120743 9.5213842063539502 -5.4341223563978867
1.4561281949388691 9.5128483069171672 -5.4341223563978867
1.4576989912656642 9.5043124074803824 -5.4341223563978867
1.459269787592459 9.4957765080435994 -5.4341223563978867
1.460840583919254 9.4872406086068146 -5.4341223563984524
1.4624113802460488 9.4787047091700298 -5.4341223563982712
1.4639821765728436 9.4701688097332468 -5.4341223563978867
1.4655529728996386 9.461632910296462 -5.4341223563984524
1.4671237692264334 9.4530970108596772 -5.4341223563984524
1.4686945655532284 9.4445611114228925 -5.4341223563978867
1.4702653618800232 9.4360252119861094 -5.4341223563978867
1.4718361582068182 9.4274893125493247 -5.4341223563984524
1.473406954533613 9.4189534131125399 -5.4341223563984524
1.4749777508604081 9.4104175136757551 -5.4341223563978867
1.4765485471872029 9.4018816142389721 -5.4341223563982712
1.4781193435139977 9.3933457148021873 -5.4341223563984524
1.4796901398407927 9.3848098153654025 -5.4341223563978867
1.4812609361675875 9.3762739159286195 -5.4341223563978867
1.4828317324943825 9.3677380164918347 -5.4341223563978867
1.4844025288211773 9.3592021170550517 -5.4341223563978867
1.4859733251479723 9.3506662176182669 -5.4341223563984524
1.4875441214747671 9.3421303181814821 -5.4341223563984524
1.4891149178015621 9.3335944187446973 -5.4341223563978867
1.4906857141283569 9.3250585193079143 -5.4341223563982712
1.4922565104551517 9.3165226198711295 -5.4341223563984524
1.4938273067819468 9.3079867204343447 -5.4341223563978867
1.4953981031087415 9.2994508209975617 -5.4341223563978867
1.4969688994355366 9.2909149215607769 -5.4341223563984524
1.4985396957623314 9.2823790221239921 -5.4341223563984524
1.5001104920891264 9.2738431226872073 -5.4341223563978867
1.5016812884159212 9.2653072232504243 -5.4341223563982712
1.503252084742716 9.2567713238136395 -5.4341223563984524
1.504822881069511 9.2482354243768548 -5.4341223563978867
1.5063936773963058 9.2396995249400717 -5.4341223563978867
1.5079644737231008 9.231163625503287 -5.4341223563978867
1.5095352700498956 9.2226277260665039 -5.4341223563978867
1.5111060663766906 9.2140918266297192 -5.4341223563984524
1.5126768627034854 9.2055559271929344 -5.4341223563984524
1.5142476590302805 9.1970200277561496 -5.4341223563978867
1.5158184553570753 9.1884841283193666 -5.4341223563982712
1.5173892516838701 9.1799482288825818 -5.4341223563984524
1.5189600480106651 9.171412329445797 -5.4341223563978867
1.5205308443374599 9.162876430009014 -5.4341223563978867
1.5221016406642549 9.1543405305722292 -5.4341223563984524
1.5236724369910497 9.1458046311354444 -5.4341223563984524
1.5252432333178447 9.1372687316986596 -5.4341223563978867
1.5268140296446395 9.1287328322618766 -5.4341223563978867
1.5283848259714345 9.1201969328250918 -5.4341223563978867
1.5299556222982293 9.1116610333883088 -5.4341223563977055
1.5315264186250241 9.1031251339515258 -5.4341223563978867
1.5330972149518192 9.094589234514741 -5.4341223563978867
1.534668011278614 9.086053335077958 -5.4341223563978867
1.536238807605409 9.0775174356411732 -5.4341223563984524
1.5378096039322038 9.0689815362043884 -5.4341223563984524
1.5393804002589988 9.0604456367676036 -5.4341223563978867
1.5409511965857936 9.0519097373308206 -5.4341223563978867
1.5425219929125886 9.0433738378940358 -5.4341223563984524
1.5440927892393834 9.034837938457251 -5.4341223563988352
1.5456635855661782 9.0263020390204662 -5.4341223563984524
1.5472343818929732 9.0177661395836815 -5.4341223563978867
1.548805178219768 9.0092302401468984 -5.4341223563978867
1.5503759745465631 9.0006943407101137 -5.4341223563978867
1.5519467708733579 8.9921584412733306 -5.4341223563978867
1.5535175672001529 8.9836225418365458 -5.4341223563984524
1.5550883635269477 8.9750866423997611 -5.4341223563988352
1.5566591598537425 8.9665507429629763 -5.4341223563984524
1.5582299561805375 8.9580148435261915 -5.4341223563978867
1.5598007525073323 8.9494789440894085 -5.4341223563978867
1.5613715488341273 8.9409430446526237 -5.4341223563978867
1.5629423451609221 8.9324071452158407 -5.4341223563978867
1.5645131414877171 8.9238712457790559 -5.4341223563978867
1.5660839378145119 8.9153353463422729 -5.4341223563978867
1.567654734141307 8.9067994469054881 -5.4341223563984524
1.5692255304681018 8.8982635474687033 -5.4341223563988352
1.5707963267948966 8.8897276480319185 -5.4341223563984524
1.5723671231216916 8.8811917485951337 -5.4341223563978867
1.5739379194484864 8.8726558491583507 -5.4341223563978867
1.5755087157752814 8.8641199497215659 -5.4341223563984524
1.5770795121020762 8.8555840502847811 -5.4341223563984524
1.5786503084288712 8.8470481508479963 -5.4341223563978867
1.580221104755666 8.8385122514112133 -5.4341223563978867
1.581791901082461 8.8299763519744285 -5.4341223563978867
1.5833626974092558 8.8214404525376455 -5.4341223563977055
1.5849334937360506 8.8129045531008625 -5.4341223563978867
1.5865042900628457 8.8043686536640777 -5.4341223563978867
1.5880750863896405 8.7958327542272947 -5.4341223563978867
1.5896458827164355 8.7872968547905099 -5.4341223563984524
1.5912166790432303 8.7787609553537251 -5.4341223563984524
1.5927874753700253 8.7702250559169403 -5.4341223563978867
1.5943582716968201 8.7616891564801573 -5.4341223563982712
1.5959290680236149 8.7531532570433725 -5.4341223563984524
1.5974998643504099 8.7446173576065878 -5.4341223563978867
1.5990706606772047 8.7360814581698047 -5.4341223563978867
1.6006414570039997 8.72754555873302 -5.4341223563984524
1.6022122533307945 8.7190096592962352 -5.4341223563984524
1.6037830496575896 8.7104737598594504 -5.4341223563978867
1.6053538459843844 8.7019378604226674 -5.4341223563978867
1.6069246423111794 8.6934019609858826 -5.4341223563978867
1.6084954386379742 8.6848660615490996 -5.4341223563977055
1.610066234964769 8.6763301621123166 -5.4341223563978867
1.611637031291564 8.6677942626755318 -5.4341223563978867
1.6132078276183588 8.6592583632387488 -5.4341223563978867
1.6147786239451538 8.650722463801964 -5.4341223563984524
1.6163494202719486 8.6421865643651792 -5.4341223563984524
1.6179202165987436 8.6336506649283944 -5.4341223563978867
1.6194910129255384 8.6251147654916114 -5.4341223563978867
1.6210618092523335 8.6165788660548266 -5.4341223563984524
1.6226326055791283 8.6080429666180418 -5.4341223563982712
1.624203401905923 8.5995070671812588 -5.4341223563978867
1.6257741982327181 8.590971167744474 -5.4341223563984524
1.6273449945595129 8.5824352683076892 -5.4341223563984524
1.6289157908863079 8.5738993688709044 -5.4341223563978867
1.6304865872131027 8.5653634694341214 -5.4341223563978867
1.6320573835398977 8.5568275699973366 -5.4341223563978867
1.6336281798666925 8.5482916705605536 -5.4341223563977055
1.6351989761934873 8.5397557711237706 -5.4341223563978867
1.6367697725202823 8.5312198716869858 -5.4341223563978867
1.6383405688470771 8.5226839722502028 -5.4341223563978867
1.6399113651738721 8.514148072813418 -5.4341223563984524
1.6414821615006669 8.5056121733766332 -5.4341223563984524
1.643052957827462 8.4970762739398484 -5.4341223563978867
1.6446237541542568 8.4885403745030654 -5.4341223563978867
1.6461945504810518 8.4800044750662806 -5.4341223563984524
1.6477653468078466 8.4714685756294958 -5.4341223563982712
1.6493361431346414 8.4629326761927128 -5.4341223563978867
1.6509069394614364 8.454396776755928 -5.4341223563984524
1.6524777357882312 8.4458608773191433 -5.4341223563984524
1.6540485321150262 8.4373249778823585 -5.4341223563978867
1.655619328441821 8.4287890784455755 -5.4341223563978867
1.657190124768616 8.4202531790087907 -5.4341223563978867
1.6587609210954108 8.4117172795720077 -5.4341223563978867
1.6603317174222059 8.4031813801352229 -5.4341223563984524
1.6619025137490007 8.3946454806984381 -5.4341223563982712
1.6634733100757955 8.3861095812616551 -5.4341223563978867
1.6650441064025905 8.3775736818248703 -5.4341223563984524
1.6666149027293853 8.3690377823880855 -5.4341223563984524
1.6681856990561803 8.3605018829513007 -5.4341223563978867
1.6697564953829751 8.3519659835145177 -5.4341223563978867
1.6713272917097701 8.3434300840777329 -5.4341223563984524
1.6728980880365649 8.3348941846409481 -5.4341223563988352
1.6744688843633597 8.3263582852041633 -5.4341223563984524
1.6760396806901547 8.3178223857673785 -5.4341223563978867
1.6776104770169495 8.3092864863305955 -5.4341223563978867
1.6791812733437446 8.3007505868938107 -5.4341223563984524
1.6807520696705394 8.2922146874570259 -5.4341223563984524
1.6823228659973344 8.2836787880202412 -5.4341223563978867
1.6838936623241292 8.2751428885834581 -5.4341223563978867
1.6854644586509242 8.2666069891466734 -5.4341223563984524
1.687035254977719 8.2580710897098886 -5.4341223563982712
1.6886060513045138 8.2495351902731056 -5.4341223563978867
1.6901768476313088 8.2409992908363208 -5.4341223563984524
1.6917476439581036 8.232463391399536 -5.4341223563984524
1.6933184402848986 8.2239274919627512 -5.4341223563984524
1.6948892366116934 8.2153915925259664 -5.4341223563984524
1.6964600329384885 8.2068556930891816 -5.4341223563978867
1.6980308292652833 8.1983197936523986 -5.4341223563978867
1.6996016255920783 8.1897838942156138 -5.4341223563984524
1.7011724219188731 8.181247994778829 -5.4341223563982712
1.7027432182456679 8.172712095342046 -5.4341223563978867
1.7043140145724629 8.1641761959052612 -5.4341223563984524
1.7058848108992577 8.1556402964684764 -5.4341223563984524
1.7074556072260527 8.1471043970316916 -5.4341223563978867
1.7090264035528475 8.1385684975949086 -5.4341223563978867
1.7105971998796425 8.1300325981581238 -5.4341223563978867
1.7121679962064373 8.1214966987213408 -5.4341223563978867
1.7137387925332324 8.112960799284556 -5.4341223563984524
1.7153095888600272 8.1044248998477713 -5.4341223563982712
1.716880385186822 8.0958890004109882 -5.4341223563978867
1.718451181513617 8.0873531009742035 -5.4341223563984524
1.7200219778404118 8.0788172015374187 -5.4341223563984524
1.7215927741672068 8.0702813021006339 -5.4341223563978867
1.7231635704940016 8.0617454026638509 -5.4341223563978867
1.7247343668207966 8.0532095032270661 -5.4341223563984524
1.7263051631475914 8.0446736037902813 -5.4341223563982712
1.7278759594743862 8.0361377043534983 -5.4341223563978867
1.7294467558011812 8.0276018049167135 -5.4341223563984524
1.731017552127976 8.0190659054799287 -5.4341223563984524
1.7325883484547711 8.0105300060431439 -5.4341223563978867
1.7341591447815659 8.0019941066063609 -5.4341223563978867
1.7357299411083609 7.9934582071695761 -5.4341223563981691
1.7373007374351557 7.9849223077327922 -5.4341223563981691
1.7388715337619507 7.9763864082960074 -5.4341223563981691
1.7404423300887455 7.9678505088592235 -5.4341223563982703
1.7420131264155403 7.9593146094224396 -5.4341223563981691
1.7435839227423353 7.9507787099856548 -5.4341223563981691
1.7451547190691301 7.9422428105488709 -5.4341223563981691
1.7467255153959251 7.9337069111120861 -5.4341223563981691
1.7482963117227199 7.9251710116753022 -5.4341223563981691
1.749867108049515 7.9166351122385175 -5.4341223563981691
1.7514379043763098 7.9080992128017336 -5.4341223563981691
1.7530087007031048 7.8995633133649488 -5.4341223563981691
1.7545794970298996 7.8910274139281649 -5.4341223563982703
1.7561502933566944 7.882491514491381 -5.4341223563981691
1.7577210896834894 7.8739556150545962 -5.4341223563981691
1.7592918860102842 7.8654197156178123 -5.4341223563981691
1.7608626823370792 7.8568838161810275 -5.4341223563981691
1.762433478663874 7.8483479167442436 -5.4341223563981691
1.764004274990669 7.8398120173074588 -5.4341223563981691
1.7655750713174638 7.8312761178706749 -5.4341223563982703
1.7671458676442586 7.822740218433891 -5.4341223563981691
1.7687166639710536 7.8142043189971062 -5.4341223563981691
1.7702874602978484 7.8056684195603223 -5.4341223563981691
1.7718582566246435 7.7971325201235375 -5.4341223563981691
1.7734290529514383 7.7885966206867536 -5.4341223563981691
1.7749998492782333 7.7800607212499688 -5.4341223563981691
1.7765706456050281 7.7715248218131849 -5.4341223563981691
1.7781414419318231 7.7629889223764001 -5.4341223563981691
1.7797122382586179 7.7544530229396162 -5.4341223563982703
1.7812830345854127 7.7459171235028323 -5.4341223563981691
1.7828538309122077 7.7373812240660476 -5.4341223563981691
1.7844246272390025 7.7288453246292637 -5.4341223563981691
1.7859954235657975 7.7203094251924789 -5.4341223563981691
1.7875662198925923 7.711773525755695 -5.4341223563981691
1.7891370162193874 7.7032376263189102 -5.4341223563981691
1.7907078125461822 7.6947017268821263 -5.4341223563981691
1.7922786088729772 7.6861658274453415 -5.4341223563981691
1.793849405199772 7.6776299280085576 -5.4341223563982703
1.7954202015265668 7.6690940285717737 -5.4341223563981691
1.7969909978533618 7.6605581291349889 -5.4341223563981691
1.7985617941801566 7.652022229698205 -5.4341223563981691
1.8001325905069516 7.6434863302614202 -5.4341223563981691
1.8017033868337464 7.6349504308246363 -5.4341223563981691
1.8032741831605414 7.6264145313878515 -5.4341223563981691
1.8048449794873362 7.6178786319510676 -5.4341223563982703
1.806415775814131 7.6093427325142837 -5.4341223563981691
1.8079865721409261 7.6008068330774989 -5.4341223563981691
1.8095573684677209 7.592270933640715 -5.4341223563981691
1.8111281647945159 7.5837350342039302 -5.4341223563981691
1.8126989611213107 7.5751991347671463 -5.4341223563981691
1.8142697574481057 7.5666632353303616 -5.4341223563981691
1.8158405537749005 7.5581273358935777 -5.4341223563981691
1.8174113501016955 7.5495914364567929 -5.4341223563981691
1.8189821464284903 7.541055537020009 -5.4341223563982703
1.8205529427552851 7.5325196375832251 -5.4341223563981691
1.8221237390820801 7.5239837381464403 -5.4341223563981691
1.8236945354088749 7.5154478387096564 -5.4341223563981691
1.82526533173567 7.5069119392728716 -5.4341223563981691
1.8268361280624648 7.4983760398360877 -5.4341223563981691
1.8284069243892598 7.4898401403993029 -5.4341223563981691
1.8299777207160546 7.481304240962519 -5.4341223563981691
1.8315485170428496 7.4727683415257342 -5.4341223563981691
1.8331193133696444 7.4642324420889503 -5.4341223563982703
1.8346901096964392 7.4556965426521664 -5.4341223563981691
1.8362609060232342 7.4471606432153816 -5.4341223563981691
1.837831702350029 7.4386247437785977 -5.4341223563981691
1.839402498676824 7.4300888443418129 -5.4341223563981691
1.8409732950036188 7.421552944905029 -5.4341223563981691
1.8425440913304139 7.4130170454682442 -5.4341223563981691
1.8441148876572087 7.4044811460314603 -5.4341223563981691
1.8456856839840037 7.3959452465946756 -5.4341223563981691
1.8472564803107985 7.3874093471578917 -5.4341223563982703
1.8488272766375933 7.3788734477211078 -5.4341223563981691
1.8503980729643883 7.370337548284323 -5.4341223563981691
1.8519688692911831 7.3618016488475391 -5.4341223563981691
1.8535396656179781 7.3532657494107543 -5.4341223563981691
1.8551104619447729 7.3447298499739704 -5.4341223563981691
1.8566812582715679 7.3361939505371856 -5.4341223563981691
1.8582520545983627 7.3276580511004017 -5.4341223563982703
1.8598228509251575 7.3191221516636178 -5.4341223563981691
1.8613936472519526 7.310586252226833 -5.4341223563981691
1.8629644435787474 7.3020503527900491 -5.4341223563981691
1.8645352399055424 7.2935144533532643 -5.4341223563981691
1.8661060362323372 7.2849785539164804 -5.4341223563981691
1.8676768325591322 7.2764426544796956 -5.4341223563981691
1.869247628885927 7.2679067550429117 -5.4341223563981691
1.870818425212722 7.2593708556061269 -5.4341223563981691
1.8723892215395168 7.250834956169343 -5.4341223563982703
1.8739600178663116 7.2422990567325591 -5.4341223563981691
1.8755308141931066 7.2337631572957743 -5.4341223563981691
1.8771016105199014 7.2252272578589904 -5.4341223563981691
1.8786724068466965 7.2166913584222057 -5.4341223563981691
1.8802432031734913 7.2081554589854218 -5.4341223563981691
1.8818139995002863 7.199619559548637 -5.4341223563981691
1.8833847958270811 7.1910836601118531 -5.4341223563981691
1.8849555921538761 7.1825477606750683 -5.4341223563981691
1.8865263884806709 7.1740118612382844 -5.4341223563982703
1.8880971848074657 7.1654759618015005 -5.4341223563981691
1.8896679811342607 7.1569400623647157 -5.4341223563981691
1.8912387774610555 7.1484041629279318 -5.4341223563981691
1.8928095737878505 7.139868263491147 -5.4341223563981691
1.8943803701146453 7.1313323640543631 -5.4341223563984524
1.8959511664414403 7.1227964646175774 -5.4341223563984524
1.8975219627682351 7.1142605651807935 -5.4341223563982703
1.8990927590950299 7.1057246657440096 -5.4341223563981691
1.900663555421825 7.0971887663072248 -5.4341223563981691
1.9022343517486198 7.0886528668704409 -5.4341223563981691
1.9038051480754148 7.0801169674336561 -5.4341223563981691
1.9053759444022096 7.0715810679968722 -5.4341223563981691
1.9069467407290046 7.0630451685600875 -5.4341223563981691
1.9085175370557994 7.0545092691233036 -5.4341223563981691
1.9100883333825944 7.0459733696865188 -5.4341223563981691
1.9116591297093892 7.0374374702497349 -5.4341223563982703
1.913229926036184 7.028901570812951 -5.4341223563981691
1.914800722362979 7.0203656713761662 -5.4341223563981691
1.9163715186897738 7.0118297719393823 -5.4341223563981691
1.9179423150165689 7.0032938725025975 -5.4341223563981691
1.9195131113433637 6.9947579730658136 -5.4341223563981691
1.9210839076701587 6.9862220736290288 -5.4341223563981691
1.9226547039969535 6.9776861741922449 -5.4341223563981691
1.9242255003237485 6.9691502747554601 -5.4341223563981691
1.9257962966505433 6.9606143753186762 -5.4341223563982703
1.9273670929773381 6.9520784758818923 -5.4341223563981691
1.9289378893041331 6.9435425764451075 -5.4341223563981691
1.9305086856309279 6.9350066770083236 -5.4341223563981691
1.9320794819577229 6.9264707775715388 -5.4341223563981691
1.9336502782845177 6.9179348781347549 -5.4341223563981691
1.9352210746113128 6.9093989786979702 -5.4341223563981691
1.9367918709381076 6.9008630792611863 -5.4341223563982703
1.9383626672649024 6.8923271798244024 -5.4341223563981691
1.9399334635916974 6.8837912803876176 -5.4341223563981691
1.9415042599184922 6.8752553809508337 -5.4341223563981691
1.9430750562452872 6.8667194815140489 -5.4341223563981691
1.944645852572082 6.858183582077265 -5.4341223563981691
1.946216648898877 6.8496476826404802 -5.4341223563981691
1.9477874452256718 6.8411117832036963 -5.4341223563981691
1.9493582415524668 6.8325758837669115 -5.4341223563981691
1.9509290378792616 6.8240399843301276 -5.4341223563982703
1.9524998342060564 6.8155040848933437 -5.4341223563981691
1.9540706305328515 6.8069681854565589 -5.4341223563981691
1.9556414268596463 6.798432286019775 -5.4341223563981691
1.9572122231864413 6.7898963865829902 -5.4341223563981691
1.9587830195132361 6.7813604871462063 -5.4341223563984524
1.9603538158400311 6.7728245877094206 -5.4341223563984524
1.9619246121668259 6.7642886882726367 -5.4341223563981691
1.9634954084936209 6.755752788835852 -5.4341223563981691
1.9650662048204157 6.7472168893990681 -5.4341223563982703
1.9666370011472105 6.7386809899622842 -5.4341223563981691
1.9682077974740055 6.7301450905254994 -5.4341223563981691
1.9697785938008003 6.7216091910887155 -5.4341223563981691
1.9713493901275954 6.7130732916519307 -5.4341223563981691
1.9729201864543902 6.7045373922151468 -5.4341223563981691
1.9744909827811852 6.696001492778362 -5.4341223563981691
1.97606177910798 6.6874655933415781 -5.4341223563984524
1.977632575434775 6.6789296939047924 -5.4341223563984524
1.9792033717615698 6.6703937944680085 -5.4341223563982703
1.9807741680883646 6.6618578950312246 -5.4341223563981691
1.9823449644151596 6.6533219955944398 -5.4341223563981691
1.9839157607419544 6.6447860961576559 -5.4341223563981691
1.9854865570687494 6.6362501967208711 -5.4341223563981691
1.9870573533955442 6.6277142972840872 -5.4341223563981691
1.9886281497223393 6.6191783978473024 -5.4341223563981691
1.9901989460491341 6.6106424984105185 -5.4341223563982703
1.9917697423759289 6.6021065989737346 -5.4341223563981691
1.9933405387027239 6.5935706995369499 -5.4341223563981691
1.9949113350295187 6.585034800100166 -5.4341223563981691
1.9964821313563137 6.5764989006633812 -5.4341223563981691
1.9980529276831085 6.5679630012265973 -5.4341223563984524
1.9996237240099035 6.5594271017898116 -5.4341223563983503
2.0011945203366985 6.5508912023530268 -5.4341223563981691
2.0027653166634933 6.5423553029162429 -5.4341223563982703
2.0043361129902881 6.533819403479459 -5.4341223563982703
2.0059069093170829 6.5252835040426751 -5.4341223563982703
2.0074777056438777 6.5167476046058912 -5.4341223563980678
2.009048501970673 6.5082117051691055 -5.4341223563980678
2.0106192982974678 6.4996758057323216 -5.4341223563982703
2.0121900946242626 6.4911399062955377 -5.4341223563982703
2.0137608909510574 6.4826040068587538 -5.4341223563983503
2.0153316872778526 6.4740681074219673 -5.4341223563983503
2.0169024836046474 6.4655322079851834 -5.4341223563982703
2.0184732799314422 6.4569963085483995 -5.4341223563982703
2.020044076258237 6.4484604091116156 -5.4341223563982703
2.0216148725850318 6.4399245096748317 -5.4341223563983503
2.0231856689118271 6.4313886102380451 -5.4341223563983503
2.0247564652386218 6.4228527108012612 -5.4341223563982703
2.0263272615654166 6.4143168113644773 -5.4341223563982703
2.0278980578922114 6.4057809119276934 -5.4341223563980678
2.0294688542190067 6.3972450124909077 -5.4341223563980678
2.0310396505458015 6.3887091130541238 -5.4341223563982703
2.0326104468725963 6.3801732136173399 -5.4341223563982703
2.0341812431993911 6.371637314180556 -5.4341223563982703
2.0357520395261859 6.3631014147437721 -5.4341223563980678
2.0373228358529811 6.3545655153069864 -5.4341223563980678
2.0388936321797759 6.3460296158702025 -5.4341223563982703
2.0404644285065707 6.3374937164334186 -5.4341223563982703
2.0420352248333655 6.3289578169966347 -5.4341223563982703
2.0436060211601603 6.3204219175598508 -5.4341223563983503
2.0451768174869556 6.3118860181230643 -5.4341223563983503
2.0467476138137504 6.3033501186862804 -5.4341223563982703
2.0483184101405452 6.2948142192494965 -5.4341223563982703
2.04988920646734 6.2862783198127126 -5.4341223563980678
2.0514600027941352 6.2777424203759269 -5.5888125983407546
2.05303079912093 6.268706307916057 -5.7596169143004028
2.0546015954477248 6.2596480230209064 -5.2864403883886508
2.0561723917745196 6.2519824796820131 -4.5801792013357812
2.0577431881013144 6.2452044328463225 -4.4938168506734586
2.0593139844281096 6.2378404620086352 -5.0883915778315894
2.0608847807549044 6.2291013470045087 -6.0612051992394367
2.0624555770816992 6.2186450002099365 -7.1844087989842356
2.064026373408494 6.206388129891268 -8.3293777136924128
2.0655971697352893 6.1923578487068536 -9.4471782207832629
2.0671679660620841 6.1766098613913067 -10.526843520242304
2.0687387623888789 6.1592038799442959 -11.567146833049891
2.0703095587156737 6.1402005161335378 -12.567670579300115
2.0718803550424685 6.1196617602062213 -13.527607725272309
2.0734511513692637 6.0976513851491143 -14.445895003828026
2.0750219476960585 6.0742351330801903 -15.321349329149729
2.0765927440228533 6.0494807761757929 -16.15274666524547
2.0781635403496481 6.0234581026080116 -16.938869881025237
2.0797343366764434 5.9962388548461849 -17.678539484115213
2.0813051330032382 5.9678966361045944 -18.370634325204183
2.082875929330033 5.9385067945386618 -19.014106122457409
2.0844467256568278 5.9081462913159593 -19.607990001896567
2.0860175219836226 5.8768935566464977 -20.151412358979101
2.0875883183104178 5.8448283366137668 -20.643596844627009
2.0891591146372126 5.8120315328672305 -21.083868985008493
2.0907299109640074 5.7785850367330447 -21.471659766467557
2.0923007072908022 5.7445715589673725 -21.806508406204482
2.0938715036175974 5.7100744561518821 -22.088064458581442
2.0954422999443922 5.6751775545769663 -22.316089360749054
2.097013096271187 5.6399649723499783 -22.49045749055778
2.0985838925979818 5.6045209403893184 -22.611156788879267
2.1001546889247766 5.5689296229093648 -22.678288984105762
2.1017254852515719 5.5332749379606998 -22.692069446513269
2.1032962815783667 5.4976403785598338 -22.652826680298762
2.1048670779051615 5.4621088349593148 -22.561000828744984
2.1064378742319563 5.4267624205517029 -22.41713553546159
2.1080086705587515 5.3916823195989343 -22.221846102636935
2.1095794668855463 5.3569487123966884 -21.975773329876922
2.1111502632123411 5.3226407672139517 -21.679663511231311
2.1127210595391359 5.2888363188549876 -21.334904570050703
2.1142918558659307 5.2556101980467966 -20.944605839492304
2.115862652192726 5.2230305481362604 -20.512925680649744
2.1174334485195208 5.1911591582719909 -20.043167136650805
2.1190042448463156 5.1600537645775022 -19.539040855933766
2.1205750411731104 5.1297645994624395 -19.005383536945988
2.1221458374999056 5.1003342410638179 -18.445544541026205
2.1237166338267004 5.0718022871474648 -17.860895704247813
2.1252874301534952 5.0442069525772579 -17.252261379383633
2.12685822648029 5.0175852258868563 -16.620214482835529
2.1284290228070848 4.9919734799776636 -15.964993405720193
2.12999981913388 4.9674079076593065 -15.286665752263442
2.1315706154606748 4.9439246248289415 -14.585298054790485
2.1331414117874696 4.9215595692137732 -13.861042815673393
2.1347122081142644 4.9003483240312207 -13.114167285435288
2.1362830044410592 4.8803259210938572 -12.345061004402536
2.1378538007678545 4.8615266354981772 -11.554237668336688
2.1394245970946493 4.8439837755940198 -10.742333241747431
2.1409953934214441 4.8277294725474809 -9.9100985316247243
2.1425661897482389 4.8127944762050543 -9.05838255598686
2.1441369860750341 4.7992079683132243 -8.188099679950616
2.1457077824018289 4.7869974124964143 -7.3001722003464122
2.1472785787286237 4.7761884605805136 -6.3955032897036679
2.1488493750554185 4.7668047497921 -5.4752775224839594
2.1504201713822133 4.7588667129225293 -4.5411900862975498
2.1519909677090086 4.7523900294757766 -3.5846539729157869
2.1535617640358033 4.7474097450723596 -2.4485110954557467
2.1551325603625981 4.7442770492143422 -0.9824520755880255
2.1567033566893929 4.7432532640717628 0
2.1582741530161882 4.7441288643181929 0.93139625229173795
2.159844949342983 4.7485743219329208 4.0668357255297432
2.1614157456697778 4.7599212015182939 9.1010603953436835
2.1629865419965726 4.7792373424358008 13.766658374897133
2.1645573383233674 4.803797099893151 15.589203672560846
2.1661281346501626 4.8282126945235335 13.413458462724758
2.1676989309769574 4.8467431857560159 8.4542698940097818
2.1692697273037522 4.85709107943382 4.1998294306588111
2.170840523630547 4.8619330716610003 2.1287093489100157
2.1724113199573423 4.8644866918554248 0.86387620485606909
2.1739821162841371 4.8654106781414477 0
2.1755529126109319 4.8645702070061017 -0.94426337339596433
2.1771237089377267 4.8582644662232832 -5.9235441991272237
2.1786945052645215 4.8405213587750264 -14.700719607625544
2.1802653015913167 4.807464361802424 -25.596950417143464
2.1818360979181115 4.756158797975707 -37.601105779406623
2.1834068942449063 4.6865727389219147 -48.297441833587236
2.1849776905717011 4.6031822058496141 -55.218154436295841
2.1865484868984963 4.512820063475675 -57.666781173249198
2.1881192832252911 4.4220155897757971 -56.496947800816073
2.1896900795520859 4.3352383374659444 -53.645024084461362
2.1912608758788807 4.2533434517238851 -51.138454482871872
2.1928316722056755 4.1745233192557452 -49.487248006829539
2.1944024685324708 4.0978451711655506 -47.558133033721319
2.1959732648592656 4.025015950842735 -43.798356574789814
2.1975440611860604 3.9598257732165729 -36.873007451065739
2.1991148575128552 3.9077170956392893 -25.076562755817129
2.2006856538396504 3.8760549173935384 -9.4266865986897059
2.2022564501664452 3.8663916003681105 0
2.20382724649324 3.8669134190603174 0.60897554863688153
2.2053980428200348 3.8726468761121611 5.1012130481233262
2.2069688391468296 3.8859481790588983 9.0533150519636578
2.2085396354736249 3.9012253065910669 8.3932750805218497
2.2101104318004197 3.9128208200491295 5.6125473002292727
2.2116812281272145 3.9199324034092866 3.7190554559290856
2.2132520244540093 3.9248892795651527 2.9033009109143699
2.2148228207808045 3.9291120923610654 2.3072289629901728
2.2163936171075993 3.9322863029873334 1.111909495752937
2.2179644134343941 3.9334910441263973 0
2.2195352097611889 3.9319183322010343 -1.6445680761868313
2.2211060060879837 3.9246910568376512 -6.3011136539644328
2.2226768024147789 3.9089927325071265 -12.034357032441498
2.2242475987415737 3.8852393760197224 -17.068419296531275
2.2258183950683685 3.8544672153751343 -21.531948941993022
2.2273891913951633 3.8169235720394656 -26.004738249934977
2.2289599877219581 3.7721330690319492 -30.999968039684955
2.2305307840487534 3.718788709229619 -37.147786100366673
2.2321015803755482 3.6543924549213735 -45.173230312921461
2.233672376702343 3.5753838919202021 -55.348432964808971
2.2352431730291378 3.4787395741082441 -66.706512336312585
2.236813969355933 3.3643226430048347 -77.075738721619473
2.2383847656827278 3.2357774390701652 -84.405815951716363
2.2399555620095226 3.0988918814659319 -88.172413432134164
2.2415263583363174 2.9587370530956356 -89.712797885589666
2.2430971546631122 2.8170424022146827 -91.238848557725291
2.2446679509899075 2.6720641457055985 -93.513062052574313
2.2462387473167023 2.5232113630294162 -94.246244903070405
2.2478095436434971 2.3759720430221023 -89.565207406579191
2.2493803399702919 2.2412759232289026 -77.15190916232531
2.2509511362970871 2.1311304421938502 -58.153666913848738
2.2525219326238819 2.0530999111529362 -37.929496814884075
2.2540927289506767 2.0049143125220019 -22.113788415115348
2.2556635252774715 1.9777578428817277 -11.405461168763377
2.2572343216042663 1.9643907466306725 -4.3659610443646644
2.2588051179310615 1.959778586347577 -0.80467838255941748
2.2603759142578563 1.9590462421019323 0
2.2619467105846511 1.9606240218953044 1.6584971617465634
2.2635175069114459 1.9680920146222918 6.9426986793975027
2.2650883032382412 1.9882990121765172 17.423258606730585
2.266659099565036 2.0306912986226426 33.643703286127547
2.2682298958918308 2.1008391088231932 51.077604721596927
2.2698006922186256 2.1945428061717265 63.550428866827218
2.2713714885454204 2.3013442650174487 68.717688793096997
2.2729422848722156 2.4104503932635719 68.227464921722358
2.2745130811990104 2.5157545837953701 65.860631856559266
2.2760838775258052 2.6174215881669354 64.16527681156613
2.2776546738526 2.7173507273574176 62.269909550089345
2.2792254701793953 2.8131360160606742 57.138935703144554
2.2807962665061901 2.8975726215401845 46.795356088115916
2.2823670628329848 2.9626536183619279 32.030511617272388
2.2839378591597796 3.0036618207147718 16.143546019004383
2.2855086554865744 3.0220156594050986 4.3053224602632714
2.2870794518133697 3.0261607088112039 0
2.2886502481401645 3.025414339166836 -0.83949279959108858
2.2902210444669593 3.0197601000668377 -5.2311408101937467
2.2917918407937541 3.0047310253451842 -11.675735830776432
2.2933626371205493 2.9812084498734803 -16.638190866763082
2.2949334334473441 2.9518077259009807 -20.441337691805614
2.2965042297741389 2.9164404419742618 -24.654808744598764
2.2980750261009337 2.8736467440608608 -29.274944385863289
2.2996458224277285 2.8239561671302171 -32.447965348887443
2.3012166187545238 2.7716409201894923 -31.69134790678007
2.3027874150813186 2.7241606157610159 -25.063506466850047
2.3043582114081134 2.6905349303505859 -13.173156612393303
2.3059290077349082 2.6755905813097356 -2.955895890012886
2.307499804061703 2.6728420510144124 0
2.3090706003884982 2.6751132631090591 2.2219445230090256
2.310641396715293 2.6826470217282332 6.1106150962413874
2.3122121930420878 2.6958694048206566 9.6372988572751623
2.3137829893688826 2.7135727567456205 12.074303107869667
2.3153537856956778 2.7339959762651795 13.576680775737525
2.3169245820224726 2.7563086987553911 14.908308739091575
2.3184953783492674 2.7809470000844083 16.369293314040188
2.3200661746760622 2.8078323484905185 17.006448486753523
2.321636971002857 2.8343765124135376 15.102725429642252
2.3232077673296523 2.8558209134693464 9.9019363059411134
2.3247785636564471 2.8680230759412417 3.4026423076921892
2.3263493599832419 2.8714449358755334 0
2.3279201563100367 2.8694215244987986 -2.2054301902595421
2.3294909526368319 2.857388610861137 -10.786143352885706
2.3310617489636267 2.8287669815805887 -21.879720452853348
2.3326325452904215 2.7857637508825746 -29.970239555023337
2.3342033416172163 2.7337600362266929 -34.606999136737642
2.3357741379440111 2.6768188899401486 -37.212093180355637
2.3373449342708064 2.6167723670667082 -39.361458773240152
2.3389157305976012 2.553052177778353 -42.138341070257951
2.340486526924396 2.484191559374064 -45.268402683053935
2.3420573232511908 2.410685729961842 -47.311249082762878
2.343628119577986 2.335540813545812 -47.068543442905209
2.3451989159047808 2.2627772010499729 -44.350998929869426
2.3467697122315756 2.1959551356549434 -40.055783195711129
2.3483405085583704 2.1365075569764378 -35.764881762105865
2.3499113048851652 2.0832558187747265 -32.46153420632394
2.3514821012119604 2.0343424166730353 -29.943082715610238
2.3530528975387552 1.9890478396267204 -27.55165110847885
2.35462369386555 1.9476144493537908 -24.941087943284884
2.3561944901923448 1.9104601094816844 -22.151721257521178
2.3577652865191401 1.8777412099946444 -19.496664221031754
2.3593360828459349 1.8489577144868112 -17.316422187329479
2.3609068791727297 1.8231750378567526 -15.548990558887898
2.3624776754995245 1.7999731492516631 -13.727801615009787
2.3640484718263193 1.7798317714637619 -11.331378466441366
2.3656192681531145 1.7638866255052648 -7.929081900333145
2.3671900644799093 1.7536683030780083 -3.4273775121514842
2.3687608608067041 1.7500136993077584 -0.22546643160320215
2.3703316571334989 1.7498276011480367 0
2.3719024534602942 1.7522252078471627 2.2237807678723445
2.373473249787089 1.7586571659181742 4.8223040693643737
2.3750440461138838 1.7678688554505215 6.3835228168798697
2.3766148424406786 1.7788700191278712 7.2635091286470583
2.3781856387674734 1.7907193227469174 7.6816891978516795
2.3797564350942686 1.8030108586639306 8.1254962298396816
2.3813272314210634 1.8162840136861276 8.9640305057636009
2.3828980277478582 1.8312768104792672 9.9633830152619183
2.384468824074653 1.8476452460125601 10.32752906323838
2.3860396204014482 1.8637242810898142 9.3353725789422022
2.387610416728243 1.8772021081897989 6.7299344470088007
2.3891812130550378 1.885898172768925 2.7793784246773243
2.3907520093818326 1.888812709377818 0
2.3923228057086274 1.8887294871183571 -0.10222146962076537
2.3938936020354227 1.8864551055469945 -2.1849437852757205
2.3954643983622175 1.8794647069346939 -5.7387371690733744
2.3970351946890123 1.8667766363257823 -9.6456842481473863
2.3986059910158071 1.8479749670663705 -13.635461347352575
2.4001767873426019 1.8230933485950318 -17.682767183641616
2.4017475836693971 1.7916608732018779 -22.104492823077358
2.4033183799961919 1.7528812059526981 -26.778497452887965
2.4048891763229867 1.7069261213322398 -30.914530157293068
2.4064599726497815 1.655447179372441 -33.72422174976063
2.4080307689765768 1.6008889313942802 -34.9456629458873
2.4096015653033716 1.5456580200693575 -34.847103546597587
2.4111723616301663 1.4914047961969243 -34.057488657022283
2.4127431579569611 1.4386424926805832 -33.21688513434534
2.4143139542837559 1.387038028867897 -32.618794849905029
2.4158847506105512 1.3361623437644468 -32.202939188831486
2.417455546937346 1.2858661920006624 -31.82629779935019
2.4190263432641408 1.2361734391011443 -31.464831222793066
2.4205971395909356 1.1870136360593897 -31.191244477101769
2.4221679359177308 1.1381821545484585 -30.978196631315278
2.4237387322445256 1.0896915670375957 -30.567817925230155
2.4253095285713204 1.0421413154878589 -29.555813264548494
2.4268803248981152 0.99678732165055328 -27.595432768323338
2.42845112122491 0.95527757535205604 -24.625383032072396
2.4300219175517053 0.91906357145374362 -21.004024817196257
2.4315927138785001 0.88876532397078722 -17.363729441223057
2.4331635102052949 0.86396516951226965 -14.106650504959434
2.4347343065320897 0.84393944673138432 -11.006118984034522
2.4363051028588849 0.82873007184499481 -7.49421335040984
2.4378758991856797 0.81912829912035001 -3.7494857406775526
2.4394466955124745 0.81488074627879714 -1.0044664202136031
2.4410174918392693 0.81391189328473734 0
2.4425882881660641 0.81530341436263254 1.4860088902923585
2.4441590844928593 0.822540341166344 6.5534597506791856
2.4457298808196541 0.84036409846790816 14.002592561111308
2.4473006771464489 0.86907996779075014 19.927736272734531
2.4488714734732437 0.90348101341058629 21.3103180291615
2.450442269800039 0.93607694209287995 18.104045585615431
2.4520130661268338 0.96129741391872703 12.227520623778188
2.4535838624536286 0.97680641740951846 4.9732939360715331
2.4551546587804234 0.9820273498840032 0
2.4567254551072182 0.98161293548470752 -0.47173787713537141
2.4582962514340134 0.97811639214134449 -3.0832689347652069
2.4598670477608082 0.97023955060638412 -5.8872706899045646
2.461437844087603 0.95904328292039154 -8.0570743183646218
2.4630086404143978 0.94448979504480979 -10.774596617831424
2.4645794367411931 0.92427080561631625 -15.619319443758078
2.4661502330679879 0.8930778407477451 -23.287591259741781
2.4677210293947827 0.84886151515803243 -30.390127096340514
2.4692918257215775 0.79699538572922723 -32.559970916512896
2.4708626220483723 0.74655157652615267 -28.611970762163303
2.4724334183751675 0.70602670007040358 -20.338965560231774
2.4740042147019623 0.67965872771392544 -12.041297411483333
2.4755750110287571 0.66491264089251234 -6.4869457325028907
2.4771458073555519 0.65712827399407736 -2.9781833243711531
2.4787166036823467 0.65378445914842243 -0.81724598780734636
2.4802874000091419 0.65299011742394519 0
2.4818581963359367 0.65339498146787522 0.43376040753601308
2.4834289926627315 0.65554372988863718 1.986287265466083
2.4849997889895263 0.66123759543472316 4.9608661110954104
2.4865705853163216 0.67357884173053217 9.9861789587634782
2.4881413816431164 0.69509760159135592 15.654944376207053
2.4897121779699112 0.7237834584582522 18.754484141380789
2.491282974296706 0.75405943450960899 17.580360666572101
2.4928537706235008 0.77944369937287084 12.371328879174008
2.494424566950296 0.79518575828566573 5.9439773042003186
2.4959953632770908 0.80182222587651142 1.6091025389363984
2.4975661596038856 0.80338328549909588 0
2.4991369559306804 0.80233624236817991 -1.0451502310456184
2.5007077522574757 0.79853635100269316 -2.9447601366036387
2.5022785485842705 0.79262650691904946 -3.6105635913173981
2.5038493449110653 0.78717494531133569 -2.1633600592739581
2.5054201412378601 0.78470650152344912 -0.20681991674281872
2.5069909375646549 0.78453262349420227 0
2.5085617338914501 0.78606051531320043 1.3856716571965775
2.5101325302182449 0.78984317391203596 2.7046582486603303
2.5117033265450397 0.79468828338686692 3.1150095496055341
2.5132741228718345 0.79963022303813458 2.8690694247047763
2.5148449191986297 0.80377218178372067 2.1771384856878115
2.5164157155254245 0.80668431553104936 1.1430665374528535
2.5179865118522193 0.80798219142351491 0.19743348132534091
2.5195573081790141 0.80815829535796213 0
2.5211281045058089 0.80752341315606613 -0.59894070559447354
2.5226989008326042 0.80570762051775813 -1.434830928853535
2.524269697159399 0.80273722776126122 -2.259140816482021
2.5258404934861938 0.7983307529156467 -3.3073884346254654
2.5274112898129886 0.79200281958827679 -4.6331616824896411
2.5289820861397838 0.78343975380728337 -6.0141850885516703
2.5305528824665786 0.7729051738625059 -6.9982886443779835
2.5321236787933734 0.76141229070108563 -7.1110744189928043
2.5336944751201682 0.75054743354046527 -6.0822385397863998
2.535265271446963 0.74202209963792676 -3.7977174867351846
2.5368360677737583 0.73743424834019833 -1.1436984267072052
2.5384068641005531 0.7363173019801823 0
2.5399776604273478 0.73720944163510072 0.85913709386249026
2.5415484567541426 0.73997877783034194 2.2848135881893659
2.5431192530809379 0.74507653941920227 3.9684443079687122
2.5446900494077327 0.7530973005405881 5.9623903756965522
2.5462608457345275 0.76434985596660032 8.1313129723831636
2.5478316420613223 0.77911740594721179 10.573889202818885
2.5494024383881171 0.79809363419873469 13.390787902918285
2.5509732347149123 0.82168647897007685 16.038833002843933
2.5525440310417071 0.84871418718679004 17.451047168568017
2.5541148273685019 0.87652164860132709 17.008427166831275
2.5556856236952967 0.90223006735365785 14.982962420027825
2.557256420022092 0.92393079922004551 12.377618538850486
2.5588272163488868 0.94154112007623358 10.164029226019011
2.5603980126756816 0.95614300875634495 8.4373028031158466
2.5619688090024764 0.96827573593655691 6.6081155079851923
2.5635396053292712 0.97734549919316172 4.3824976337021493
2.5651104016560664 0.98289267761068977 1.8123204895692269
2.5666811979828612 0.98480737866876378 0
2.568251994309656 0.98312076998656861 -1.8208593135931757
2.5698227906364508 0.97371752412367996 -8.3327116561940766
2.5713935869632456 0.95219080048019367 -16.568605674228607
2.5729643832900408 0.91928808020335173 -23.400028282196164
2.5745351796168356 0.87765481863055106 -27.955041090267503
2.5761059759436304 0.83120091489891601 -29.914994428988962
2.5776767722704252 0.78366155684113781 -29.893946585907379
2.5792475685972205 0.73727223129071517 -29.113525970537612
2.5808183649240153 0.69218031729229923 -28.526682050562965
2.5823891612508101 0.64764950365244967 -28.152072326637089
2.5839599575776049 0.60373369727844139 -27.408708283894377
2.5855307539043997 0.56150929551649575 -25.79243356466808
2.5871015502311949 0.52257130478853653 -23.092931999482328
2.5886723465579897 0.48861960428293005 -19.555826141048158
2.5902431428847845 0.46057252291687834 -15.955586804359633
2.5918139392115793 0.43791971910296162 -13.030215867234327
2.5933847355383746 0.41925246417421996 -11.083550972624881
2.5949555318651694 0.40294104918549772 -10.1575492992317
2.5965263281919642 0.38732637648944301 -10.219102455049427
2.598097124518759 0.3708115742314142 -11.168369915949814
2.5996679208455538 0.35210331359131097 -12.727965027501705
2.601238717172349 0.33063601747930738 -14.392517597312748
2.6028095134991438 0.30675992222692772 -15.683360389553384
2.6043803098259386 0.28131541143736932 -16.466759045903011
2.6059511061527334 0.2550138789239117 -16.897179740259162
2.6075219024795286 0.2282269170409349 -17.18396895565504
2.6090926988063234 0.20102566921318965 -17.518202074793898
2.6106634951331182 0.17318442055645109 -18.027106442219388
2.612234291459913 0.14437530823042088 -18.61300037703451
2.6138050877867078 0.11469703913156179 -18.847809080178497
2.6153758841135031 0.085162819252036628 -18.129706395489482
2.6169466804402979 0.057667959202657479 -16.028841397860944
2.6185174767670927 0.034446626253000975 -12.570925425669682
2.6200882730938875 0.017270581651946362 -8.3714989439866692
2.6216590694206827 0.0066177279533202555 -4.417180899639316
2.6232298657474775 0.001473047461854445 -1.4312322594731506
2.6248006620742723 3.4685262492338572e-05 -0.043122767527746839
2.6263714584010671 0 0
2.6279422547278619 0.00083744004583642185 0.79137238727324188
2.6295130510546572 0.0032483258031205092 1.8993529190715108
2.631083847381452 0.0071611624145167833 2.9826632561719286
2.6326546437082468 0.012998498551644413 4.44969061752602
2.6342254400350416 0.021707015017808518 6.4847131749614189
2.6357962363618368 0.033974747997952692 8.727885838978084
2.6373670326886316 0.049510628029636392 10.509125479924066
2.6389378290154264 0.067119832002659099 11.368730483270536
2.6405086253422212 0.085233676999066296 11.288546365995547
2.642079421669016 0.10259961219094074 10.684232656207417
2.6436502179958112 0.11883707994597993 10.095210326572863
2.645221014322606 0.13433202543138167 9.8301178276089143
2.6467918106494008 0.14971967865169744 9.969864258343339
2.6483626069761956 0.16566313759045828 10.524110521643856
2.6499334033029909 0.18282714393237326 11.459689141341752
2.6515041996297857 0.20175059452809629 12.654421130362742
2.6530749959565805 0.22268349105379603 13.92368562587794
2.6546457922833753 0.2455812224130505 15.146004926369059
2.6562165886101701 0.2703386410102861 16.363166787057441
2.6577873849369653 0.29706275888875006 17.735175154676984
2.6593581812637601 0.32615588279202912 19.424268833707018
2.6609289775905549 0.35823130209538506 21.548261172515907
2.6624997739173497 0.39405910091644269 24.207494901138908
2.6640705702441445 0.4345685033651292 27.407036311065806
2.6656413665709398 0.48050108287555476 30.818134961144747
2.6672121628977346 0.53166877861584161 33.760422344317504
2.6687829592245293 0.58670337422953789 35.631189510889172
2.6703537555513241 0.643639763207982 36.296914856172108
2.6719245518781194 0.70073371299848264 36.155673577937165
2.6734953482049142 0.75722931359593082 35.964951917466458
2.675066144531709 0.81372094186875454 36.262592569083679
2.6766369408585038 0.87115947804784244 36.759482456822269
2.6782077371852986 0.92920747826606487 36.527334080947711
2.6797785335120938 0.98592881780664876 34.725085523126253
2.6813493298388886 1.0384602381510535 30.912186326621729
2.6829201261656834 1.0836014767354929 25.222556308221872
2.6844909224924782 1.1189028606180542 18.601342056251958
2.6860617188192735 1.1438272780835941 12.254399465944177
2.6876325151460683 1.1595063443132052 7.0045884009203707
2.6892033114728631 1.167981430091418 2.9578138914158019
2.6907741077996579 1.171181701373563 0.5138894433352108
2.6923449041264527 1.171643556920837 0
2.6939157004532479 1.1706311511042902 -0.97105138148132697
2.6954864967800427 1.1675394896613842 -2.5168598266834628
2.6970572931068375 1.1620580399212288 -4.0549617602948498
2.6986280894336323 1.1544570587007479 -4.946321494213878
2.7001988857604275 1.1465110558677905 -4.1925130924121934
2.7017696820872223 1.1408881566218472 -1.7908152891072193
2.7033404784140171 1.139012473102174 0
2.7049112747408119 1.1391498633401422 0.16805246938884724
2.7064820710676067 1.1425066601145559 3.2130954398645053
2.708052867394402 1.1526731197384095 7.8914912693235051
2.7096236637211968 1.1685510050020715 10.898791562856056
2.7111944600479916 1.1871234386530845 12.042193241594173
2.7127652563747864 1.2063956087602024 12.074268510417653
2.7143360527015816 1.2250654343650755 11.331819632468081
2.7159068490283764 1.2420730156164093 10.075617005834209
2.7174776453551712 1.2568722449551335 8.7338938516201949
2.719048441681966 1.2696582772909268 7.6849811899702827
2.7206192380087608 1.281090951944633 7.1153625554888684
2.7221900343355561 1.2920230520215756 7.09138022711603
2.7237608306623509 1.3033771714711913 7.6273345504530168
2.7253316269891457 1.3160582951323181 8.6680353166843656
2.7269024233159405 1.3307573266454762 10.012093712252295
2.7284732196427357 1.3476667948168581 11.329622346440141
2.7300440159695305 1.3664486070729782 12.347269053996202
2.7316148122963253 1.3864982806771859 12.943107176978756
2.7331856086231201 1.4071185838455589 13.074277376617673
2.7347564049499149 1.4275730043612695 12.742233737651306
2.7363272012767101 1.4471679369742232 12.04473306632325
2.7378979976035049 1.4654576194554665 11.177770188115794
2.7394687939302997 1.4823402279361702 10.300804512422141
2.7410395902570945 1.4978746230256466 9.4809904386994575
2.7426103865838893 1.512176548339065 8.7396513799237869
2.7441811829106846 1.5253753007069615 8.0583387331917393
2.7457519792374794 1.5375351300403122 7.3341046856768388
2.7473227755642742 1.5484799627069632 6.3919001448074511
2.748893571891069 1.5577539517974146 5.3206211799039185
2.7504643682178642 1.5653599989801983 4.5975050582380854
2.752035164544659 1.572234406725963 4.5899106230554647
2.7536059608714538 1.5798140367457245 5.4824615181654153
2.7551767571982486 1.5897835197449561 7.4774652721898507
2.7567475535250434 1.6040751982325683 10.739852312460499
2.7583183498518387 1.6246589490115366 15.17471910797895
2.7598891461786335 1.6529688735065959 20.290305311835212
2.7614599425054283 1.6894281971779692 25.397311605928468
2.7630307388322231 1.7334713189056394 29.947593251253302
2.7646015351590183 1.7839494289688387 33.74531817178039
2.7661723314858131 1.8397521196749129 37.037252037841668
2.7677431278126079 1.9005165902382997 40.504173451675967
2.7693139241394027 1.9672821195871777 44.803964045057242
2.7708847204661975 2.0416856513828945 49.622969022606696
2.7724555167929927 2.1235317862536225 53.503240410761421
2.7740263131197875 2.2098921908305096 55.021952578686012
2.7755971094465823 2.2963884550421652 53.696601452608085
2.7771679057733771 2.3786893150474211 50.061981999785345
2.7787387021001724 2.4539750914589042 45.497539469791946
2.7803094984269672 2.5219926847434051 41.450318550006628
2.781880294753762 2.584433501224531 38.56741346942708
2.7834510910805568 2.6432633104973582 36.76377754474187
2.7850218874073516 2.699969353495971 35.826263106478898
2.7865926837341468 2.7558213161652989 35.682154275558439
2.7881634800609416 2.8120695480262636 36.164275682705721
2.7897342763877364 2.8694459402936006 36.714654368268434
2.7913050727145312 2.9274150825558989 36.509448285166116
2.7928758690413265 2.9841568865946866 34.79207074331287
2.7944466653681213 3.0368661672911226 30.99933262677045
2.7960174616949161 3.0821127090692406 25.152237352475101
2.7975882580217108 3.1171755928350033 18.404669610652007
2.7991590543485056 3.1417697537571354 12.488026236075347
2.8007298506753009 3.1580838269360241 8.3405065720276994
2.8023006470020957 3.1690294680308901 5.7727623543505704
2.8038714433288905 3.1767694497554624 4.1553438542218473
2.8054422396556853 3.1824124440979613 2.9190739185923888
2.8070130359824805 3.1862739191848934 1.4255438267034171
2.8085838323092753 3.1878507282790114 0.10951492605101686
2.8101546286360701 3.1879417036873341 0
2.8117254249628649 3.1868889787986774 -1.0081914892183965
2.8132962212896597 3.1836938738235334 -2.5702275184446721
2.814867017616455 3.1782114576573757 -4.0756546285463493
2.8164378139432498 3.1705191444248046 -5.5154898933740935
2.8180086102700446 3.1606032358287139 -7.0820437414188353
2.8195794065968394 3.1479347691790638 -9.1019686618808802
2.8211502029236346 3.1315278835938627 -11.878975505772477
2.8227209992504294 3.1098989054869381 -15.368997401107695
2.8242917955772242 3.0825842644244918 -18.401874963100358
2.825862591904019 3.0518909155665699 -19.203801112097491
2.8274333882308138 3.0222358794364084 -16.961080745502976
2.829004184557609 2.9980504551497953 -12.403116404022029
2.8305749808844038 2.9817392614195093 -7.577245364424809
2.8321457772111986 2.972369563661168 -3.9900895398559166
2.8337165735379934 2.9676608774979765 -1.4708598650000846
2.8352873698647882 2.9661301157692583 -0.1379553738982546
2.8368581661915835 2.9660135124955662 0
2.8384289625183783 2.9671272843995657 1.1079732190284133
2.8399997588451731 2.9711064173116051 3.401331718125157
2.8415705551719679 2.9792348751516333 6.5868237184489837
2.8431413514987631 2.9934643983502127 11.062762239235232
2.8447121478255579 3.0157778836239086 16.141836307342732
2.8462829441523527 3.0451358662217967 19.377769626783842
2.8478537404791475 3.0767375227479112 18.890549621154946
2.8494245368059423 3.1047041039449725 15.168166972379792
2.8509953331327376 3.1254576253686053 10.558493249804229
2.8525661294595324 3.1392689141898913 7.0425781611642657
2.8541369257863272 3.1484951008108339 4.9030099671526619
2.855707722113122 3.1551045672268128 3.5850545704232073
2.8572785184399172 3.1600100406118741 2.6355137118605274
2.858849314766712 3.1635910002456744 1.8785270730005073
2.8604201110935068 3.1661002131360627 1.2283575125012138
2.8619909074203016 3.1676675943065478 0.51876386497671534
2.8635617037470964 3.1682181443898059 0
2.8651325000738916 3.1681006124421063 -0.12827430034739945
2.8667032964006864 3.1673951888986749 -0.61230869389039033
2.8682740927274812 3.1658842036840174 -1.1243768380013612
2.869844889054276 3.1637591479730589 -1.5021943888382046
2.8714156853810713 3.1611067020156569 -1.8302769500620624
2.8729864817078661 3.1579683988050391 -2.1356459512354551
2.8745572780346609 3.1543653304409762 -2.4291066593654929
2.8761280743614557 3.1503104823707941 -2.7196189567301783
2.8776988706882505 3.1457968284577209 -3.0143375713058322
2.8792696670150457 3.1408178517721392 -3.3051687577620257
2.8808404633418405 3.1353943378333282 -3.5767423866557735
2.8824112596686353 3.1295666662853461 -3.8203361861603069
2.8839820559954301 3.1233817750310062 -4.0341966028052241
2.8855528523222254 3.1168852035135535 -4.2203030011941083
2.8871236486490202 3.1101177709375691 -4.3820102573638264
2.888694444975815 3.1031146793804392 -4.5229789229537687
2.8902652413026098 3.0959054229450547 -4.646862222785292
2.8918360376294046 3.088513854741028 -4.757220403371166
2.8934068339561998 3.0809583768362252 -4.8571558586886221
2.8949776302829946 3.0732531807347532 -4.9476956417776625
2.8965484266097894 3.0654135702887979 -5.0241526849674685
2.8981192229365842 3.0574686367966049 -5.0730177474231937
2.8996900192633794 3.0494760726534595 -5.0790424883130232
2.9012608155901742 3.0415123022687145 -5.0417179686906657
2.902831611916969 3.0336365593128187 -5.0090050983645646
2.9044024082437638 3.025776033933917 -5.0299715583814866
2.9059732045705586 3.0178340173803226 -5.0606690667684084
2.9075440008973539 3.0098774598722415 -5.0563878517079468
2.9091147972241487 3.001948857256346 -5.047505192524758
2.9106855935509435 2.9940202546404504 -5.047505192524758
2.9122563898777383 2.9860916520245548 -5.047505192524758
2.9138271862045331 2.9781630494086593 -5.0475051925247509
2.9153979825313283 2.9702344467927615 -5.0475051925247509
2.9169687788581231 2.9623058441768659 -5.047505192524758
2.9185395751849179 2.9543772415609704 -5.047505192524758
2.9201103715117127 2.9464486389450748 -5.0475051925247509
2.921681167838508 2.938520036329177 -5.0475051925247509
2.9232519641653028 2.9305914337132815 -5.047505192524758
2.9248227604920976 2.9226628310973859 -5.047505192524758
2.9263935568188923 2.9147342284814903 -5.047505192524758
2.9279643531456871 2.9068056258655948 -5.047505192524893
2.9295351494724824 2.8988770232496965 -5.047505192524893
2.9311059457992772 2.890948420633801 -5.047505192524758
2.932676742126072 2.8830198180179054 -5.047505192524758
2.9342475384528668 2.8750912154020098 -5.0475051925247509
2.935818334779662 2.8671626127861121 -5.0475051925247509
2.9373891311064568 2.8592340101702165 -5.047505192524758
2.9389599274332516 2.8513054075543209 -5.047505192524758
2.9405307237600464 2.8433768049384254 -5.047505192524758
2.9421015200868412 2.8354482023225298 -5.0475051925247509
2.9436723164136365 2.827519599706632 -5.0475051925247509
2.9452431127404313 2.8195909970907365 -5.047505192524758
2.9468139090672261 2.8116623944748409 -5.047505192524758
2.9483847053940209 2.8037337918589453 -5.047505192524893
2.9499555017208161 2.7958051892430471 -5.047505192524893
2.9515262980476109 2.7878765866271515 -5.047505192524758
2.9530970943744057 2.779947984011256 -5.047505192524758
2.9546678907012005 2.7720193813953604 -5.047505192524758
2.9562386870279953 2.7640907787794649 -5.047505192524893
2.9578094833547905 2.7561621761635666 -5.047505192524893
2.9593802796815853 2.7482335735476711 -5.047505192524758
2.9609510760083801 2.7403049709317755 -5.047505192524758
2.9625218723351749 2.7323763683158799 -5.0475051925247509
2.9640926686619702 2.7244477656999821 -5.0475051925247509
2.965663464988765 2.7165191630840866 -5.047505192524758
2.9672342613155598 2.708590560468191 -5.047505192524758
2.9688050576423546 2.7006619578522955 -5.047505192524758
2.9703758539691494 2.6927333552363999 -5.0475051925247509
2.9719466502959446 2.6848047526205021 -5.0475051925247509
2.9735174466227394 2.6768761500046065 -5.047505192524758
2.9750882429495342 2.668947547388711 -5.047505192524758
2.976659039276329 2.6610189447728154 -5.0475051925247509
2.9782298356031243 2.6530903421569176 -5.0475051925247509
2.9798006319299191 2.6451617395410221 -5.047505192524758
2.9813714282567139 2.6372331369251265 -5.047505192524758
2.9829422245835087 2.6293045343092309 -5.047505192524758
2.9845130209103035 2.6213759316933354 -5.0475051925247509
2.9860838172370987 2.6134473290774376 -5.0475051925247509
2.9876546135638935 2.605518726461542 -5.047505192524758
2.9892254098906883 2.5975901238456465 -5.047505192524758
2.9907962062174831 2.5896615212297509 -5.0475051925247509
2.9923670025442783 2.5817329186138531 -5.0475051925247509
2.9939377988710731 2.5738043159979576 -5.047505192524758
2.9955085951978679 2.565875713382062 -5.047505192524758
2.9970793915246627 2.5579471107661664 -5.047505192524758
2.9986501878514575 2.5500185081502709 -5.0475051925247509
3.0002209841782528 2.5420899055343731 -5.0475051925247509
3.0017917805050476 2.5341613029184775 -5.047505192524758
3.0033625768318424 2.526232700302582 -5.047505192524758
3.0049333731586372 2.5183040976866864 -5.047505192524758
3.006504169485432 2.5103754950707908 -5.047505192524893
3.0080749658122272 2.5024468924548926 -5.047505192524893
3.009645762139022 2.494518289838997 -5.047505192524758
3.0112165584658168 2.4865896872231015 -5.047505192524758
3.0127873547926116 2.4786610846072059 -5.047505192524893
3.0143581511194069 2.4707324819913077 -5.047505192524893
3.0159289474462017 2.4628038793754121 -5.047505192524758
3.0174997437729965 2.4548752767595166 -5.047505192524758
3.0190705400997913 2.446946674143621 -5.047505192524758
3.0206413364265861 2.4390180715277254 -5.0475051925247509
3.0222121327533813 2.4310894689118276 -5.0475051925247509
3.0237829290801761 2.4231608662959321 -5.047505192524758
3.0253537254069709 2.4152322636800365 -5.047505192524758
3.0269245217337657 2.407303661064141 -5.0475051925247509
3.0284953180605609 2.3993750584482432 -5.0475051925247509
3.0300661143873557 2.3914464558323476 -5.047505192524758
3.0316369107141505 2.383517853216452 -5.047505192524758
3.0332077070409453 2.3755892506005565 -5.047505192524758
3.0347785033677401 2.3676606479846609 -5.0475051925247509
3.0363492996945354 2.3597320453687631 -5.0475051925247509
3.0379200960213302 2.3518034427528676 -5.047505192524758
3.039490892348125 2.343874840136972 -5.047505192524758
3.0410616886749198 2.3359462375210764 -4.0102583780831065
3.042632485001715 2.3307207583182277 0
3.0442032813285098 2.3371274752646767 6.0793328685533128
3.0457740776553046 2.355871197712486 14.887255040201154
3.0473448739820994 2.3869519256616551 23.063283911496743
3.0489156703088942 2.4303696591121846 31.079062727821281
3.0504864666356895 2.4861243980640917 39.030371639992318
3.0520572629624843 2.5542161425173453 46.949342195861597
3.0536280592892791 2.6346448924719588 54.849795566440982
3.0551988556160738 2.7274106479279325 62.738658976565013
3.0567696519428691 2.8325134088852972 70.619787475628485
3.0583404482696639 2.9499531753439947 78.495497065000492
3.0599112445964587 3.0797299473040525 86.367263039474679
3.0614820409232535 3.2218437247654701 94.236069718930366
3.0630528372500483 3.3762945077282485 102.10259900477377
3.0646236335768435 3.5430822961924351 109.96733823777808
3.0661944299036383 3.7222070901579363 117.83064496824936
3.0677652262304331 3.9136688896247986 125.69278746666178
3.0693360225572279 4.1174676945930209 133.55397095263956
3.0709068188840232 4.3336035050626656 141.41435509031544
3.072477615210818 4.5620763210336115 149.2740659644426
3.0740484115376128 4.8028861425059182 157.13320446714721
3.0756192078644076 5.0560329694795838 164.99185229066228
3.0771900041912024 5.3215168019546102 172.85007628711264
3.0787608005179976 5.5993376399310772 180.7079316919185
3.0803315968447924 5.8894954834088278 188.56546454199486
3.0819023931715872 6.1919903323879382 196.42271351403755
3.083473189498382 6.5068221868684084 204.27971133889787
3.0850439858251772 6.8339910468503335 212.13648590187688
3.086614782151972 7.1734969123335279 219.99306110740378
3.0881855784787668 7.5253397833180831 227.8494575649411
3.0897563748055616 7.8895196598039972 235.70569313779146
3.0913271711323564 8.2660365417912729 243.56178338574912
3.0928979674591517 8.6548904292800195 251.41774192480693
3.0944687637859465 9.0560813222700176 259.27358072149815
3.0960395601127413 9.4696092207613756 267.12931033532976
3.0976103564395361 9.8954741247540952 274.9849401196725
3.0991811527663309 10.333676034248175 282.84047838919054
3.1007519490931261 10.784214949243744 290.69593256013565
3.1023227454199209 11.247090869740546 298.55130926849472
3.1038935417467157 11.722303795738709 306.40661446998109
3.1054643380735105 12.209853727238233 314.26185352502222
3.1070351344003058 12.709740664239259 322.11703127132404
3.1086059307271006 13.221964606741505 329.97215208606923
3.1101767270538954 13.746525554745112 337.82721993944421
3.1117475233806902 14.283423508250079 345.68223844086754
3.113318319707485 14.832658467256408 353.53721087905848
3.1148891160342802 15.394230431764257 361.39214025688045
3.116459912361075 15.968139401773307 369.24702932173824
3.1180307086878698 16.554385377283719 377.10188059218007
3.1196015050146646 17.152968358295492 384.95669638123684
3.1211723013414598 17.763888344808798 392.81147881697069
3.1227430976682546 18.387145336823291 400.66622986059929
3.1243138939950494 19.022739334339146 408.52095132253515
3.1258846903218442 19.670670337356366 416.37564487659989
3.127455486648639 20.330938345874941 424.23031207267792
3.1290262829754343 21.003543359895069 432.08495434797726
3.1305970793022291 21.68848537941637 439.93957303707276
3.1321678756290239 22.385764404439026 447.79416938092731
3.1337386719558187 23.095380434963047 455.64874453494525
3.1353094682826139 23.817333470988633 463.50329957622199
3.1368802646094087 24.551623512515377 471.35783551007222
3.1384510609362035 25.298250559543487 479.21235327590216
3.1400218572629983 26.057214612072944 487.06685375254148
3.1415926535897931 26.828515670103769 494.95249480747924
